frame,time_seconds,left_elbow,right_elbow,left_shoulder,right_shoulder,left_hip,right_hip,left_knee,right_knee
0,0.0,,,,,,,,
1,0.03333333333333333,,,,,,,,
2,0.06666666666666667,,,,,,,,
3,0.1,,,,,,,,
4,0.13333333333333333,,,,,,,,
5,0.16666666666666666,,,,,,,,
6,0.2,,,,,,,,
7,0.23333333333333334,,,,,,,,
8,0.26666666666666666,,,,,,,,
9,0.3,,,,,,,,
10,0.3333333333333333,,,,,,,,
11,0.36666666666666664,,,,,,,,
12,0.4,,,,,,,,
13,0.43333333333333335,,,,,,,,
14,0.4666666666666667,,,,,,,,
15,0.5,,,,,,,,
16,0.5333333333333333,,,,,,,,
17,0.5666666666666667,,,,,,,,
18,0.6,,,,,,,,
19,0.6333333333333333,,,,,,,,
20,0.6666666666666666,,,,,,,,
21,0.7,,,,,,,,
22,0.7333333333333333,,,,,,,,
23,0.7666666666666667,,,,,,,,
24,0.8,123.17480679913925,128.4081549350818,89.79157170075509,96.89273426508814,149.2309042126597,155.66195738482762,134.5131935105249,144.04749212584133
25,0.8333333333333334,112.6895425323238,127.49348591223283,85.65100716203796,94.95586281816293,155.42000408820215,155.5808076466456,137.7841599539522,145.512863959793
26,0.8666666666666667,124.04320808933574,129.05364550753626,91.7108184315411,95.05300424369189,159.7126714695444,159.71542398455227,138.59238793670087,145.3952285876073
27,0.9,130.28389505869364,127.71043149579282,94.90372224346322,93.39001058713431,159.87280262459038,157.86317023109962,139.3269844567352,146.28961150801348
28,0.9333333333333333,118.62012415159239,127.56517397067547,91.53116752805336,93.48057177108771,160.30063046086488,159.5898863729228,138.47008378560955,147.06315324759382
29,0.9666666666666667,120.00488462863217,127.44776168730561,92.56290056381273,93.57671974157957,158.57391719955893,159.57958574208834,137.9385107608173,146.09664750521443
30,1.0,120.43741429659529,125.86824011289482,92.00750760098583,93.43390345984878,158.40812635220544,158.3385446116991,139.53262952995303,146.31494154539337
31,1.0333333333333334,117.31419746210679,126.81255783909442,90.66575724062305,93.0180593902228,157.8510593044433,159.12502609718132,139.0698194153427,146.0352978330295
32,1.0666666666666667,120.4745653066202,127.72204515834255,92.18748099777113,93.60757095343342,159.55294951908238,160.0101027992929,138.62777846495058,145.761084970184
33,1.1,121.26458495047538,128.40072047867616,92.66274721752576,93.98755294917852,160.8252305801048,160.980038869897,137.876753706554,146.03692643391463
34,1.1333333333333333,122.12185725365364,129.32970340408332,93.17435208228389,94.41189594821306,161.70015544162771,161.5640258251093,137.96931377249916,145.99220196731125
35,1.1666666666666667,121.38628571682254,129.4246263798365,93.12451634914757,94.68942242304475,161.25028615990288,161.59129587457315,137.77614802032565,145.96943571901258
36,1.2,119.61049600428328,128.69849641349276,93.15228416678906,94.17128390772505,162.06213816863007,160.45856065311597,138.9349909236931,146.78650920972223
37,1.2333333333333334,119.7100127586646,128.292314209235,93.28547033955957,93.74948361594437,161.3805561862933,160.16570626302408,139.51351977539244,146.59495797725558
38,1.2666666666666666,118.89547551643707,128.39160139084848,93.13259402661119,93.8763780102417,161.34200296093883,160.01646206315607,139.0125313806691,146.3935713114045
39,1.3,119.36649818194651,129.0787101941122,92.99177317815918,94.08759169770865,161.3697449553891,160.45201002042015,138.8113414951326,146.06626151817787
40,1.3333333333333333,118.11076516860213,128.78753400375388,92.47251868781788,93.84266777225267,162.9186889274821,161.12832508679932,140.72987436939147,147.20998910945332
41,1.3666666666666667,119.87346646486591,130.3807581726011,93.24930972772647,94.46756137503684,163.1931410885511,161.30911705702437,141.66283039020263,146.49938580799162
42,1.4,118.16345810040163,128.41226516062977,92.71504776378018,93.66131086571886,160.60291803014974,159.82846097652728,141.49502639962722,146.52145036934024
43,1.4333333333333333,119.1218550646752,127.70463645004976,93.34443230385234,92.6549456223443,160.82439780430266,160.01919410009984,141.20990305031918,146.1197660543298
44,1.4666666666666666,119.67397276988831,128.02240725325632,93.62977936603704,92.8287061399398,160.67651563858507,159.8588411109278,140.75438659588932,146.1366791583574
45,1.5,119.82643538589461,128.15470583564596,92.85973109008603,92.88519096810799,159.92308800484375,159.6354551446559,139.97320869490738,146.78238438106368
46,1.5333333333333334,120.02887747842105,126.56760800643734,92.36859535501944,91.80949055721312,157.98267981638895,159.27081453220427,139.21499318778794,146.42433020798592
47,1.5666666666666667,121.88464967137925,126.60666635780943,92.9523269550513,91.88051929562225,158.64644431242195,158.30109248579421,140.39076612704264,147.6434933966238
48,1.6,119.04927178612897,126.69718584078929,92.15868518357684,91.98175320324646,158.4305983523854,157.68612266950055,139.76357862698,147.293803711068
49,1.6333333333333333,118.09169177149842,127.56452466733737,91.0742374184682,92.22574304246119,159.03337084724245,158.33810076631585,140.36669390099271,147.48434786907308
50,1.6666666666666667,116.10386127923086,128.19349467643715,90.54225399396489,92.39278982605668,159.8387798383097,158.49884995622776,140.06823021549152,147.27243798267878
51,1.7,116.16811589566049,128.03332989772832,91.0732625938408,92.27562286972037,160.32864593032394,159.58773090128656,139.63150581590452,146.530362025034
52,1.7333333333333334,116.52135491930217,129.39196110035286,91.2506076719294,91.91738750182685,161.01030193768892,159.6227098532419,140.73704769559717,147.04482494444596
53,1.7666666666666666,114.76501510174342,131.178360896101,90.71609782591094,92.91430456677392,161.24887957938722,159.46157375264832,140.50330550484225,146.89922605382574
54,1.8,115.06176702326233,131.4615344801795,91.10605575655813,92.9339533878442,163.11575388845006,160.32988187061892,141.2473883309754,147.36329576579362
55,1.8333333333333333,111.74678483088121,132.59100036076367,90.2242329008177,93.26092018834345,163.85162516382485,160.89054400845822,141.2269241855332,147.85165659626045
56,1.8666666666666667,112.97743914830627,133.30271689985963,91.56555628085786,93.3776829493758,164.1209007457375,160.87376942865913,141.47035554740285,147.55213666377534
57,1.9,112.23379283532292,133.84067767441573,91.1858111213776,93.63912791639179,163.71668125986878,161.13841409935682,141.6809368612326,147.49019372117797
58,1.9333333333333333,113.59374844600012,135.4607535203852,92.43262955838463,94.29878773133477,166.30738403221727,162.3060680844213,141.45142923330243,147.71198595389808
59,1.9666666666666666,114.58154715360685,135.26994491472323,92.32098324849846,94.29418796647299,164.51622196997238,161.84417393200187,141.4012447651995,147.92275841112024
60,2.0,119.27989423657414,135.64627677477012,93.86482258542031,94.08136144121802,164.95321840840165,161.7130415591756,141.86456802285437,147.16879311379333
61,2.033333333333333,121.31780970004726,135.5732285674797,94.50947262322639,94.00681747615008,165.20129160826752,161.9040502710996,141.81743802679054,146.40759039903438
62,2.066666666666667,118.56690366353195,135.41396505565058,93.40811999458717,94.0536833198577,164.39390154291883,160.96944655594018,142.30891339695197,147.02164213408213
63,2.1,114.97597355323795,132.67883708309319,92.2835966956251,92.64700067573885,161.72037868638384,160.2812753857539,140.682709347606,146.8086411861991
64,2.1333333333333333,115.59956230224283,133.3526030663967,93.27192078480532,93.26938467680229,161.84978913067476,160.43153531641394,140.92556921841484,146.8171213875067
65,2.1666666666666665,112.81246929247037,133.40501500657282,92.16055585274589,93.3687489577639,162.91247968838283,160.47818462869517,140.5036832289803,146.7156403822701
66,2.2,113.31495911733984,133.69545148502195,92.13958512280651,93.52407288344402,164.25223395073382,160.94487443864733,141.04518719224714,147.0769106489913
67,2.2333333333333334,113.42936358159255,134.07963096986333,92.35129589960773,93.86987498383166,165.34955944384976,161.69011766778905,141.44951432725117,147.334661133838
68,2.2666666666666666,114.0970682045658,134.37863364806677,92.61471848977013,94.06967010281699,165.89058256918867,162.92365288101598,141.6795784089301,147.12783791786836
69,2.3,111.15418494226292,134.96131924310473,91.62437687250059,94.07593694131766,166.05898840259258,163.3575654836062,141.657321104305,147.51548719319968
70,2.3333333333333335,122.30315261433444,134.49138041045015,94.85328317098234,93.886147164168,164.56833207428107,162.62075920286858,140.72883548210373,146.21710137827804
71,2.3666666666666667,109.98266807378297,131.86894016882894,90.0920473264577,92.33788543466123,163.16123751305693,159.5336576238544,142.60637851240352,147.9926741840821
72,2.4,113.03903254763284,133.79900016171007,90.76757972382556,93.13888639858253,163.51765448180925,159.2331538945993,143.18309401395814,147.89429709902825
73,2.433333333333333,110.1947904390215,133.05526925731743,89.39189710921345,92.30555435322958,163.2191979548581,158.25908758569204,143.00487862567292,147.81007033142473
74,2.466666666666667,108.51330574670094,132.33689050404848,88.59551173929351,92.51425084129731,160.34964012036158,157.9687419983297,140.52425513846103,147.21104574394204
75,2.5,110.4767621048556,130.65484175399482,89.71795177555522,92.38959942408142,161.32143219840134,158.0058093876718,140.61157549574725,147.13898992626898
76,2.533333333333333,107.5637343555962,132.3181887496922,88.60162234194888,93.12517781304152,164.31458775444293,159.08876276919167,142.97080355498974,147.6244335930547
77,2.566666666666667,115.00997029466124,132.2532350667003,91.3353686918406,93.54613568391758,160.91299552448024,158.0995482467363,140.28746176197268,146.70816958786168
78,2.6,117.13103931126926,133.38116041820803,91.88138968301347,93.99765539646896,161.36471859527316,158.22887671920094,141.0272956693231,147.5069262325614
79,2.6333333333333333,116.05024483510634,133.25422629185238,92.36441397316817,94.04159550551125,161.689501808577,158.8076077061204,141.2591478621192,148.02467599776548
80,2.6666666666666665,116.41015500663353,132.92493125566412,92.05435224065575,94.00370551335403,161.3949451486723,158.5417058162312,141.02324108678343,148.06820744940129
81,2.7,118.2460477710984,132.47309424665755,93.45685840561501,94.50603497555682,161.45741764611031,160.30873335199996,140.96392288676182,148.0914908507165
82,2.7333333333333334,119.24386582797322,132.46276157655595,94.03207556275187,94.77576992936955,161.54200512962154,161.2700566390325,140.48816675129802,147.9350820941962
83,2.7666666666666666,114.44269863021955,131.98788174399252,92.57495077286549,94.78082936302766,161.7626132361049,161.2323076281898,140.1294962497432,147.98030759231068
84,2.8,114.14037476971436,131.69530189530337,92.64036718344093,95.09523560475851,162.90070127243825,161.41636467031609,140.09214906570818,148.04069634961996
85,2.8333333333333335,110.35978031397588,133.0094948805915,91.71216386106713,96.98853005751823,163.7730874197269,161.6689406843803,140.34076129102917,148.29362686203328
86,2.8666666666666667,116.14396360837118,130.97618192456244,92.99002273498907,96.70373672893307,162.5550497041236,160.88611674219536,138.46678003979272,146.1792653432859
87,2.9,118.5318768138852,129.6602635570504,93.52554136359625,96.43758226205676,163.1788241252279,162.76776162930057,137.67592014999758,145.6280351295633
88,2.933333333333333,117.42148256034466,126.5760632602704,93.27863908730016,95.8813442326748,163.40198277737693,161.98435404533882,138.15827280534336,145.89440366823467
89,2.966666666666667,114.18808606240118,126.0476610225606,92.93406982982277,96.17191038722567,164.97814642886027,162.23229130446654,138.87633073770763,146.70074624459252
90,3.0,114.20636581997655,125.17915119746934,93.44944025232118,96.10397882361593,167.4049538308917,164.29496765179846,139.3820289299789,146.42006995528337
91,3.033333333333333,116.0093616641286,125.94770245491725,93.6526579144973,97.84795471061904,168.19291835860736,165.24641983659404,140.46036605740602,146.52212787768366
92,3.066666666666667,118.94318147772015,124.81737486583759,94.27741322684098,97.75734215811529,169.19623889367816,166.21099725216177,140.20336065174442,146.2013249630577
93,3.1,113.23278542012704,119.03321267101568,93.39498118325653,96.53792375242296,168.3670044794003,166.4006858784161,140.25953051470353,145.93532874507218
94,3.1333333333333333,122.64352220933438,117.16461825365973,95.6743852761981,96.36277346761771,168.04095618074587,167.01369416042533,140.10766297938127,145.6604706501851
95,3.1666666666666665,124.83689700505839,118.44499608534962,94.41724081931658,96.697754716042,171.4282353093942,169.01545687752562,140.3669334688688,145.11497394644144
96,3.2,122.85526733365971,117.35533412034069,94.96626993334077,97.38611740756369,170.61318638329607,169.1666874197678,140.40190251851402,144.44190772008795
97,3.2333333333333334,117.26589357320027,118.31543056030819,94.18504839898772,98.52415065040174,171.81711323404,168.78072874112632,141.66593151759918,144.5056478659867
98,3.2666666666666666,113.45885982503479,120.66888467501094,93.97399847260924,100.81944860306199,171.48531202113733,169.3784433658874,141.24103943973597,143.05610057315607
99,3.3,115.40213683626133,117.50502801939628,94.74250052468717,100.78496362722633,171.5783828116986,168.95454909326182,142.0738355955724,143.1692228362244
100,3.3333333333333335,115.81998040731693,117.61143091259001,95.29492816876223,101.72300930357554,171.994094317238,169.18474492377874,144.942200227284,144.13242976604053
101,3.3666666666666667,118.53307985909682,120.22964486364866,95.44958209815414,103.74695961822653,172.04625556675538,169.5347201353814,145.044765184146,144.18943291762517
102,3.4,117.08905207120148,122.96250758153091,95.28183724583705,104.42406639769293,172.02923898769438,170.04567357832005,144.91099141540036,144.0350129370426
103,3.433333333333333,120.96203957044983,123.91672669056723,96.75315395801634,105.63680877918063,172.0294944630206,170.51693809567197,146.54868187826708,145.57310451790957
104,3.466666666666667,122.3335716984001,125.21135293195901,96.72865912852883,105.09498116800323,171.9075418054006,170.6967536707968,145.63849586492756,145.0708201131335
105,3.5,125.29901265490571,127.48289437420979,97.61442239010157,106.40674413382584,171.83798510694604,170.13677800407203,145.78569598635696,145.01335369131988
106,3.533333333333333,124.20490849176483,127.63815978761026,97.21851239022432,106.39791099603704,171.70517318923453,169.3202154924546,145.66486780307457,143.24116579193083
107,3.566666666666667,126.34256160763768,129.99776268283563,96.90894059245068,106.19319714362945,171.68999032335122,169.31656183646578,144.92696065290156,143.26391599141576
108,3.6,125.16523719151732,129.36494006350338,95.70158663202221,105.39872020294682,171.92690594670947,169.83009957597508,144.34719019720632,143.60061779449182
109,3.6333333333333333,124.96970051243893,129.30096181609485,95.58938308550292,105.86082627375855,171.8946183257022,169.71921868048324,143.52745432175928,142.71546712404893
110,3.6666666666666665,126.16455354136964,129.51671109161862,95.14758638621541,105.3211474083862,172.07206559272143,169.8798777166104,143.96752762644982,143.08625504514873
111,3.7,126.86480797710482,129.06470204269286,94.52937920817814,104.20148044685166,172.1083275030169,170.15825285294622,143.81258768249404,143.0036851062862
112,3.7333333333333334,127.2941872363411,126.94948630686142,94.74788385780208,104.09518940099493,170.37980871269528,168.83010986030106,141.76937962010004,142.20540581998276
113,3.7666666666666666,126.84044952717957,128.65221230087883,94.20447172332047,103.64750135829239,169.41935949068383,167.9901289528378,139.50181368199154,141.2669942609187
114,3.8,125.37965330751477,127.54004738510753,93.4061178013877,103.88789459980438,169.57385758753477,167.47546328644458,139.47005133835796,141.45132070053495
115,3.8333333333333335,125.59257576500083,127.56236613237567,93.1610407642165,103.94262270871351,169.09391607342172,167.1191069195841,139.32897673808378,141.44185206428318
116,3.8666666666666667,126.00292805413505,129.24737324411853,93.05504647728552,103.8835838173552,168.80541524359487,166.4764272365052,138.55470501233148,140.58716833931223
117,3.9,126.68306070224367,128.56017079386726,93.8966549288206,104.0889902500317,168.26889161841447,165.80594636009192,138.8290844060933,140.27418682591303
118,3.933333333333333,126.33436350173561,129.64283710878013,93.38954039717247,104.22995705000336,168.39217803388846,165.41864699171742,138.5854389871388,139.90010839226105
119,3.966666666666667,126.05525774544374,128.01873525568806,93.47436645049997,104.04045587308758,168.55961881477498,165.5858246697483,138.66285306195354,140.1577457933227
120,4.0,127.61729889540179,129.27303039119843,93.89038018473015,104.11002688564116,167.7921818356845,164.90383501883454,137.8377695080318,139.8392636398998
121,4.033333333333333,126.68019533019852,128.41940037749578,93.54519195536227,103.95170261908567,168.05858607837158,164.99707819315623,137.8474825813133,139.83785122916197
122,4.066666666666666,126.1270214662858,128.09788114366702,93.4965625989862,104.28510537404296,168.46781873798338,165.01094721818023,138.80445562186867,140.25860244480165
123,4.1,126.17276171043551,129.47728437553758,93.67209107154792,105.04843033480778,168.332043311681,164.5028319686254,139.04036530542427,140.46340729792323
124,4.133333333333334,125.8267235374315,128.2437403707685,93.82247859317539,105.19940788880666,168.9168715036967,164.4925450648246,140.1362705171181,140.74984282855183
125,4.166666666666667,126.87781021831283,128.25525129823987,93.32742669882127,103.68708932548557,169.2761549153397,165.84432604805224,140.03028608390457,140.85009454367787
126,4.2,126.68207480679142,128.3887388325351,93.27425087232687,103.65939416827338,169.24179747930384,165.9529556144535,139.81585761889087,140.78522960652904
127,4.233333333333333,126.74809458505428,128.12273022476083,93.43634625931558,104.51656381094998,169.5280859701203,165.32163075219177,140.47095268865488,140.96667246541122
128,4.266666666666667,125.34977485428234,126.98844102657034,93.18260460318993,103.24685839025311,168.8848091185304,166.31386357913541,139.01216751545886,140.65189314508586
129,4.3,126.55985283146059,127.14698230632213,93.81253891608748,103.08698009347441,169.16554351578168,166.18203241436422,139.34392386216558,140.99165420597728
130,4.333333333333333,127.01979090842413,127.78565511785516,93.28510476897159,101.98277080404563,168.12446348613926,166.2529355185972,138.46056677390436,140.52601916541144
131,4.366666666666666,127.31421420938166,127.64286586587569,93.65206908016432,101.67338643803238,167.50489960337805,166.22852273381326,137.23791948396448,139.81586194386497
132,4.4,128.00326334299828,128.01766405529025,94.17905725752186,101.66620305358822,168.0404489328944,166.7610003211334,138.4947277656602,140.45617863106295
133,4.433333333333334,128.18143548254858,128.08746963966817,95.50622531885223,103.718074185365,167.80302984820858,165.58537098824436,138.84562554225334,140.6222316398755
134,4.466666666666667,127.62744376626655,127.05297253196062,95.43824370923635,101.77187606425048,168.27605959504382,167.4596129877721,138.81625303617565,140.758336695449
135,4.5,128.92704126312188,128.07299921981232,96.84345827115735,103.32501842962405,168.3869517213034,166.20381741275796,139.4234723959731,140.77340405483238
136,4.533333333333333,128.72889978892536,129.31443743824,96.97807162050047,104.63598461399572,170.30608816576887,165.2342907169719,140.39867829963958,140.47930834902786
137,4.566666666666666,129.29742242053115,131.47853875123187,96.7301984602253,104.56757302160577,171.97980542666934,166.32212327090886,140.26696427713648,140.4245201890772
138,4.6,131.80552804641135,133.47168089575578,98.50723555002168,106.45925151579947,172.78746873852765,167.14548300426318,142.7841514079256,141.4001379618273
139,4.633333333333334,131.59287372493478,132.16483332532272,101.0452670553251,107.64855809937484,172.69685551247127,166.4703339195256,144.0786136183322,143.07616399907997
140,4.666666666666667,131.83567149714762,133.67563385035524,102.8132700745339,108.27119420545574,172.68895872497276,167.56091358103245,144.08706776455622,143.4833246932393
141,4.7,133.93472328003386,135.21622611415503,104.75614413272105,110.35294318434433,172.62282561454748,168.0445229124722,144.4665225165518,144.52581760989213
142,4.733333333333333,136.414652292063,135.50022401954544,108.77251245152051,112.97697336937797,172.3918464670927,168.696092198747,144.1436796025567,144.3348866322186
143,4.766666666666667,139.48992237238969,137.28560465973482,112.92725109244108,116.22248558088745,172.72037762056777,168.12067216348828,145.1251081199954,144.57630874151255
144,4.8,139.98499167733098,135.46907166290737,116.69178463505057,118.55442403802405,172.43616298102557,169.94184472017164,145.79208048901947,144.7307200207245
145,4.833333333333333,143.59503484543035,138.41964653747925,121.76261881755347,122.64389130517249,172.35598359880473,171.27372322042788,145.49480058169712,145.84977767762288
146,4.866666666666666,146.98586321351686,139.138280867497,123.92482313650986,122.26333303977663,171.99447056181182,171.53975047748244,147.305490503775,145.24034765279
147,4.9,146.97858311400066,142.6542544794676,127.72541128889222,127.1157636007685,171.61471702694334,170.93355032868203,145.577057021384,144.40803778078757
148,4.933333333333334,146.9448983840615,143.39520010689054,131.02440515403876,130.52927756985275,171.5599084454988,170.6538852008799,145.7117530581759,144.1510087549386
149,4.966666666666667,146.7048433023573,146.81696306271255,138.44546201313264,135.61829988203442,171.84355815819282,170.1859762065915,145.49974837403389,145.2758445599029
150,5.0,148.18790517533267,148.73025954438882,142.82647025393126,138.41269163740836,171.56242288466342,170.71479524097072,144.51877834133128,148.66236952934003
151,5.033333333333333,147.82581434484095,150.39713291262126,145.8894371087497,141.6545043116171,171.3749512771155,169.11664750259837,143.93346317139338,149.35046045207122
152,5.066666666666666,150.16398462255424,151.4998354792482,147.23713624788877,142.74149563048059,171.38334522130185,170.4609456875887,145.21952961236667,150.70435609087784
153,5.1,139.8621320099906,156.41452116356987,150.13641904463145,145.31513031350278,169.93520888814945,168.1078272510585,145.3173364253551,150.79787300221167
154,5.133333333333334,155.35150165095334,159.4136161365237,152.2369573756189,146.65799019019997,168.7523145343496,168.9117600752212,144.61831862984985,149.10171719354517
155,5.166666666666667,163.67076711546906,163.04240520886108,152.42991128863875,148.16013517188202,167.42655741426017,168.58575258981972,142.31819662898758,148.0754950982967
156,5.2,164.07310136541193,165.83178023261678,151.87336022615148,152.7101242606491,168.37174994711333,165.98020751645018,142.43193374540564,148.24374577332813
157,5.233333333333333,155.204788963397,167.00237858446548,154.28723347262124,152.13145066857498,169.35584543060958,165.33671717678652,143.95998507836765,148.56032178729325
158,5.266666666666667,161.9554591987167,168.90408049742058,153.46221377123024,153.61260008882888,169.66960755584998,165.0573952793507,144.97915140250817,147.41363656255044
159,5.3,157.58346459793813,169.36338374052474,153.91474553037636,152.14770544857961,170.267828595906,166.81539042079288,145.2129818498619,148.5376178282263
160,5.333333333333333,162.6600494448325,169.12867594809205,153.41692525412972,153.66061712976847,169.68331123773714,166.83963464526826,144.89997743643346,147.82493581408292
161,5.366666666666666,159.8407245277262,169.8177947659155,153.61037075094535,152.76313733617792,169.92022493495003,166.70728627459243,144.6743228766874,147.96396033113268
162,5.4,164.7552202509516,169.85284333599324,153.5663089876766,153.1274388254607,166.89608443892797,165.11452369158621,141.96673779790908,146.4473808279392
163,5.433333333333334,166.28319053861125,169.68975758528794,152.5480497086253,151.42603382048154,168.30249819310347,165.91676433581395,143.0095813151164,145.38976534770282
164,5.466666666666667,164.61183857419934,169.88166158907745,153.28324245096803,152.9064138899714,168.09420204344426,164.4091269760894,142.61171193518746,146.0451163061091
165,5.5,162.51020351483376,169.1680699298892,154.13401372628726,153.01940002853055,167.7895061142187,163.48115785553742,141.71584452650347,146.14995740798335
166,5.533333333333333,162.04563721973418,169.5130979027521,153.92533086551762,152.71712396398578,169.32930145691785,164.03529826934258,142.9261016587767,145.52157298988013
167,5.566666666666666,159.51184860091854,169.171162986184,152.30586829317593,151.34683820634208,172.15645088159505,165.83267396929662,145.36318578978222,147.24410626202587
168,5.6,160.03926177822922,169.56901862493936,152.2295013380424,151.49160307833924,171.80576867468739,165.93197150953506,144.21722558371513,147.08948175812003
169,5.633333333333334,161.19674557939246,169.3443910215825,151.48547881622895,149.72543299012722,170.26623873887823,166.26189760532037,142.2203084588299,147.17606919378557
170,5.666666666666667,165.61672011285364,170.0965191309652,148.758847764486,149.2497135090926,170.85537662349648,169.40922833598566,143.1399422354372,148.19551410022677
171,5.7,163.87916755860664,169.7331335134018,150.5738478226657,150.45225431711881,169.89907864270612,167.99928469550116,142.98104336200038,148.08216577792274
172,5.733333333333333,163.02848497963436,169.45015911269115,151.57845634106644,149.35291040365013,168.9131424045093,165.3020064940711,141.92316663078392,145.29063191061977
173,5.766666666666667,160.11347246542786,168.6705956477369,152.04974218321428,148.92511880942857,169.73892848453218,165.50875710891478,141.94314493339752,146.15331019877416
174,5.8,159.18659833907031,172.31783095940816,152.14434616175518,151.7556263572254,169.11645506335412,163.14648181673746,141.5387633188283,145.45861539860923
175,5.833333333333333,166.7227005458751,171.93954533950145,149.7971356245624,150.90563679097482,169.0351237598884,167.14150528224812,141.83860989512408,145.30586741129136
176,5.866666666666666,164.42629824413586,170.81398848695085,151.29145124667497,149.45413644067224,168.6141157558901,166.95977737136042,142.05082759348304,146.2170110099415
177,5.9,164.35083475188267,175.31759906113518,151.42833849351956,151.98759474953218,167.95677815829524,165.22456741502347,141.19989149959474,144.94221008659758
178,5.933333333333334,164.06398993513858,173.09923521537712,151.69608881503856,151.36773994772537,168.65681466818145,165.60663380319505,141.7040839691266,144.6231693926771
179,5.966666666666667,162.86004998047295,174.88826729439978,151.86986538919749,152.98469754288246,167.25181629200682,163.07446420913394,140.1887775503564,144.77271135927387
180,6.0,163.23326053933462,171.68106232555607,152.38817094221326,152.2729096845242,167.16154621986408,164.06224767182354,140.26355768881683,144.07214749869647
181,6.033333333333333,162.54936451543173,169.8677840854181,152.56734853821058,151.16712117309817,165.91238607197164,163.78894407158944,140.12602810137432,144.28656451425599
182,6.066666666666666,163.56920699901616,169.6311924922751,151.4722511948424,150.47249483508241,165.96208225478665,164.23337489301557,140.07511883886167,144.31598537625874
183,6.1,163.4415289522701,168.99468552788957,152.56855685623856,150.822257994009,166.00873209922597,164.53872904498718,139.04434296935108,143.27190884790227
184,6.133333333333334,164.17126853264244,168.96598840653763,151.42403380765626,150.23012822728063,168.84456979481314,165.61497153347253,140.74318075595446,144.63102623977406
185,6.166666666666667,160.21330217147514,168.03398631633044,152.99661379206998,149.87577443636732,169.83518325103617,165.85256189529716,142.77436056548376,146.55785145011077
186,6.2,159.02212467372763,166.98131014116973,153.52264315842564,150.40745549855404,169.94424747607493,164.49062300547783,142.82589514254917,146.2314541008029
187,6.233333333333333,166.1280276911178,168.18343370130947,151.09038180137918,149.58949556074356,169.79143906018044,167.27751277851627,142.9063449817893,145.40811092465358
188,6.266666666666667,167.03738283677447,168.28954810047742,151.44173288146183,150.1700556913479,165.86395725802336,166.77024007583054,138.9731460201174,144.57645967569212
189,6.3,163.73331574880467,168.17226261102422,152.49916386904928,150.0962105883836,166.0539490852594,164.47095481108582,139.19264860881,144.34057382208587
190,6.333333333333333,164.33985647708764,168.54623381008295,151.53565936541227,148.71353991302942,166.30985173539918,165.17162437896013,138.89568015574002,143.6559317084751
191,6.366666666666666,165.34596933341805,168.34765361889578,150.59573651147957,149.41288502863577,165.47089478737618,164.94047961823375,138.17478381247906,143.8123673992648
192,6.4,165.59222851788758,168.77678810982607,151.01827082116884,149.51869278495926,165.9099863555128,166.29173163541154,138.771844739572,144.62136373826505
193,6.433333333333334,165.31127345971794,168.75214797950048,153.174929105329,152.12681621051982,164.27245596079905,164.95260077145517,139.07814449099214,144.11254113031413
194,6.466666666666667,162.28668441672644,168.92884855199495,154.15339355510287,151.8315196488662,165.56911011871006,165.0025108219847,140.1446329597673,145.12681630781944
195,6.5,163.0227434631674,168.63978381821084,154.57032254185535,152.29594322981734,165.7874329630502,165.53579032446595,140.07742898369736,144.05187723891723
196,6.533333333333333,162.8891716661002,169.01480090078275,153.81257913939243,151.2781067100837,166.00405862161574,166.36184280348735,140.1960662848898,143.98012387772573
197,6.566666666666666,162.4983045591842,168.60308362509582,153.6837241201938,150.68430135803433,166.6038690566753,164.64492882147027,140.93338882437365,144.23575208793991
198,6.6,161.04618126618954,167.09092044982964,154.01026700282452,149.85253206111267,167.03620689438102,164.0608707675029,141.5526390343719,144.74770509791665
199,6.633333333333334,158.2460919286087,166.08828151006725,153.99755714060896,149.3072279874079,170.08481978401417,165.60535067521377,143.36679018070967,146.52820918281702
200,6.666666666666667,160.4762066868385,165.75098753428895,153.31382254316932,148.4422461669134,169.51232287638607,166.20725309753857,143.192624784767,146.60124639914602
201,6.7,160.1321922675784,165.98866735296798,152.9744109496264,148.45002125639246,168.4269861704812,165.7258016818245,142.22426276569786,145.38533854241385
202,6.733333333333333,161.76238532621997,165.7542716212521,153.12431003116427,148.66108826073963,168.16622836862555,165.04023585290474,142.0076367183334,145.0580243817099
203,6.766666666666667,164.88209629745617,165.6851614944275,151.89994594287026,148.9200213222968,168.23365358813916,165.37788855334063,142.50397491271227,144.29917585072818
204,6.8,164.1162719146643,165.95762727140982,151.73495126998486,148.861704114401,168.52567510528695,165.51746542482056,142.93273506914147,145.16995807650605
205,6.833333333333333,162.87295912444776,165.77935686717854,152.2373220278761,148.41926910422373,170.1938543429933,167.06293086916918,144.31466319388602,146.3324307088397
206,6.866666666666666,164.93929026831506,165.66502977336015,151.87459868445063,149.27477526948877,168.46809825637226,166.33872152971685,142.75895320907537,145.533963683448
207,6.9,165.2533179781653,165.5471144519185,152.00475556040246,149.0401831494764,169.23140367925183,168.05061441505683,142.6871924348016,146.30350537229126
208,6.933333333333334,165.3655651862043,165.8001962556306,150.95347464263816,148.79026836218947,167.6877156092465,168.10988119895325,142.15851077012076,146.71493398956028
209,6.966666666666667,165.45045533224328,165.80491640486002,150.71593404746517,148.62245132371595,168.70789104782193,168.15174521285155,142.46663046907415,146.23837826827932
210,7.0,164.74400011407778,165.95811769048066,151.0532265036728,148.4810883630755,168.36930889892744,167.5457740915192,142.1629188190983,146.7025961081045
211,7.033333333333333,163.76677152810262,165.59630598738764,151.84942037367836,148.53936905016334,168.69369033700727,167.6876779395593,142.31038151446165,147.35788241336405
212,7.066666666666666,164.04808995452615,165.54715186292609,150.26120579962344,147.58775646401307,169.10688056955576,167.02911519772567,142.69521458214928,146.4319810029768
213,7.1,164.06621910591406,165.29873815121897,152.35563946166639,148.6803700217997,166.02404584139487,165.81689652184585,141.43797912515848,145.52772798575444
214,7.133333333333334,163.20841006349866,164.78842853424277,150.82583163081952,147.12491109149448,168.1464402193375,166.43022492236503,141.26027629511887,145.38511907549722
215,7.166666666666667,162.31345008929836,164.30728486874008,152.04716857830928,147.57409604290035,169.42050494838296,166.82500306056065,142.1692258002042,144.83179690365012
216,7.2,160.59102624395263,163.6193054019047,152.56860242455184,147.39473560722402,169.92918771999572,166.9108260776189,142.99479762294868,145.17951900605365
217,7.233333333333333,163.89116923233675,163.37459637596274,152.32611777359082,148.75269113521938,165.49499045877184,165.55321574985135,141.0948200429289,144.47440098982486
218,7.266666666666667,158.6041625013121,162.355055069184,152.28788641529218,147.9164393644305,168.57050874659114,166.44439200514935,142.94628979445974,144.8503700150101
219,7.3,159.19972145530835,161.99777874971923,151.9364277364709,147.48140884797112,169.2453229885698,167.3341170079989,143.9824397257711,145.84431472774023
220,7.333333333333333,157.65896464641645,161.9833050651437,151.46625902127542,147.22497308528966,168.9516003178053,166.94563760918683,143.73932150166496,145.56351247356616
221,7.366666666666666,157.22675716680723,161.4766765948485,151.00049629988993,146.42629870337166,168.71673486493296,166.46828142313623,144.41468806190514,145.3950080435826
222,7.4,161.00134879630022,161.29698323829112,149.5823876187354,145.3233851842883,168.92547120989263,169.4944347607099,144.2147647021584,146.50718841439095
223,7.433333333333334,158.46377424503038,161.19115347120177,148.0480431096806,144.0383448498376,170.19548051474,168.833991898643,145.0385139884868,147.53775281552
224,7.466666666666667,156.89499496253137,160.4791033606978,147.69611419561838,142.7526338600745,170.1625478171388,169.4089228207443,144.77052049219128,147.82212830572828
225,7.5,155.59396258295916,158.67466276085625,147.73238739018953,140.43693698218559,170.06722885131842,170.13549024417492,144.53135348471307,148.32702099543417
226,7.533333333333333,153.5038730368911,156.81149621295918,147.48205742263252,141.839327493623,169.7493604005298,167.91214896297853,143.68022186909772,147.70830163664596
227,7.566666666666666,153.75815252584133,156.4616573525169,147.12275105427992,139.9508794759809,170.03063588432488,169.04318928113653,144.17124917048884,147.7640264235475
228,7.6,151.1716993516301,156.34539226444036,146.39085360843825,140.45954249379452,170.37371368512478,169.50492227506197,144.0735387403169,147.30048213059212
229,7.633333333333334,149.83389851612054,155.72237405716294,146.40094480469406,140.24902446970532,170.42905364515124,169.67151755273073,145.6480056929769,147.7174181691747
230,7.666666666666667,148.15166593655636,154.2672743306505,145.83787459617815,138.85555450266466,170.37339389248143,170.2071843783467,145.13107457966817,147.91310820502966
231,7.7,149.89342275694426,153.26731490347808,144.5982313790602,137.29933757537833,170.38692908557294,171.4788442307401,144.63737825991086,147.7131977300001
232,7.733333333333333,148.87010575254905,151.71001438127382,143.5594072097834,134.94514197698197,170.25605009091058,172.665983503678,145.47352103637667,147.79973004109706
233,7.766666666666667,144.83583825765947,150.9040991987497,142.52403064794117,133.95605049845017,170.5425428203169,172.53710393444842,144.9866449803454,147.45818467834914
234,7.8,145.71248782680482,150.70842868362027,142.04900742202818,134.6226900058933,170.78841906421277,173.11396616707847,145.48343453104613,148.3799093342339
235,7.833333333333333,145.09476799389031,149.46122970815293,140.73870971510945,132.36049332157845,170.72812258783932,173.22860676082146,145.34605356810067,148.5954462285131
236,7.866666666666666,144.8730034458318,147.62454195298582,139.0070451983878,131.99760350469992,170.86658240968657,172.90178865747214,145.46937183167464,149.20283287515178
237,7.9,144.97598785457228,146.95940656322267,137.99899231447102,131.66980650662757,170.53907310694413,173.1045135781906,145.6808112086961,148.21735922920004
238,7.933333333333334,143.47564085542112,145.80078304434596,137.32577909870105,131.1837048482807,170.68857211715596,172.51395779655357,145.56938362799494,148.58510438170146
239,7.966666666666667,139.528463175825,145.5120659178894,137.9943582186245,129.1673341860888,169.64232462875293,172.78320948818254,147.37798676853072,148.69489998774392
240,8.0,138.1234374001947,146.7489258626065,137.5927784174254,127.75909609096409,170.06278927634537,172.71833045372108,146.05604508540017,147.71577577051747
241,8.033333333333333,135.40008239090153,146.69122705087653,135.59344039006558,125.44981461074208,169.88493475191052,172.55307005304397,146.07887210833817,147.5514438468801
242,8.066666666666666,138.7742553244984,146.75435478995007,132.46253507085711,122.5476331026642,170.09887898829854,173.18889512257925,146.53373174015871,147.00759884963102
243,8.1,142.205677289331,144.59494869537238,130.23008013237555,122.0009781969494,170.58435591113272,172.68344980132417,144.7180092097285,145.82303487693972
244,8.133333333333333,142.56203118708174,143.01052482874883,128.32880692191816,122.25310161454304,170.63501767604495,172.18297414159403,144.92043530261773,145.10979121513662
245,8.166666666666666,139.01714222814982,139.5392832521857,129.44756325904254,125.78940386250841,170.94460098875348,168.3824671250888,142.41752584560197,143.2345167607274
246,8.2,140.39706721640295,138.59443674887464,126.68034213614182,124.390012363913,170.95521600304804,169.2532365380715,145.1725396091993,142.7635579629758
247,8.233333333333333,139.86506516705114,138.37867039115736,125.70143834780524,122.08030428975496,171.14428680506148,169.27578893043145,144.74336824248428,143.13479332924896
248,8.266666666666667,135.9745265583321,139.0130456310755,123.69182629634079,119.45498884827671,170.28048859240428,170.7111426576585,147.67648828997574,144.53632593231225
249,8.3,132.4609550108225,139.38057216867654,121.77405171198357,119.24399720054627,170.30885475692975,170.6868979380961,147.67900306566983,144.6012951086324
250,8.333333333333334,130.45942822884464,137.17943878998645,119.56999671896713,118.58550478479542,170.60427596030854,169.6411163625996,147.36897738151188,143.69531298927913
251,8.366666666666667,128.1450645482604,136.81273120137826,115.63451114041727,117.55300235652385,170.35849319051303,169.87342701000694,148.07801011801538,144.5587064899512
252,8.4,127.4540797149797,135.5396193899352,114.05256251345573,116.7039598798202,171.0773616483671,169.3967433695776,146.73104846398851,143.84222193132692
253,8.433333333333334,125.96678057856508,136.46374469031852,110.96796329459171,115.42519038071718,171.29244279952954,169.20501342436364,147.20011339586085,144.13669081860724
254,8.466666666666667,125.89191359187595,138.74515053786374,109.18983999513965,113.63295792986618,171.27325435615796,169.62038137063033,147.42439428315015,144.09212903243207
255,8.5,124.92198231460334,137.16666475879094,108.44671887132542,112.75825024508916,171.38197157738534,169.68660054869028,147.60887727857565,144.85065735984278
256,8.533333333333333,125.4127127366684,135.6389873461414,104.88306488139357,112.3758713104446,171.56911984772665,169.7353658142277,147.25192932343708,144.83927129844375
257,8.566666666666666,129.12094688729087,132.2836171231188,104.52397909225262,110.15690466546484,172.40793412839307,169.20830548955053,146.29304600286937,144.1664475837289
258,8.6,127.87349926216679,130.83328002468147,103.63570897751983,109.3309174615831,172.57277334047043,169.04589643674268,145.3691504458744,143.35833690809076
259,8.633333333333333,127.04352589689859,128.79892589246106,102.19511332066625,107.72131716812835,172.45191184891172,169.68092021272508,146.82165496666354,143.89046097018013
260,8.666666666666666,127.47914367407088,129.10035485323874,100.85923421916733,107.13813608836392,172.27196555727895,170.2706347674076,147.6259123125609,145.58964648305542
261,8.7,128.39282374320675,129.0764955048279,99.53436998429413,105.4964435535603,172.36959128169437,170.6828805669671,147.35813845771466,145.67328147372098
262,8.733333333333333,128.4063394666911,129.44089879624585,97.75120963843014,104.05104985027114,171.7256359068324,171.56069559936722,149.1948095152857,147.64678740901726
263,8.766666666666667,127.59254302242971,128.24520415383253,96.65712431856672,103.2674088004811,171.81893272512144,171.19891682989123,148.87211254253526,147.4508912987583
264,8.8,127.65955485503352,127.6595349217824,95.76048738113852,102.28378740043463,171.86648064120848,171.22356523685664,149.56737820947245,147.64402179205555
265,8.833333333333334,128.57207014942108,128.07570565773372,94.12108251187783,100.57035208931268,172.68771686486767,171.42011582531816,147.7693207259764,146.8697339670241
266,8.866666666666667,124.75501278783983,127.18728307879142,93.05182360150835,100.43088449853873,173.077057556386,170.7148377434619,145.94416417319505,145.89286968479036
267,8.9,123.81199762461152,127.09287446626361,90.83038145845846,98.86665153238002,173.05801705486027,170.7810593067527,147.22221554400326,146.60267860508176
268,8.933333333333334,124.04170429359449,127.1503888940849,89.72022942216537,97.67628022425934,173.2061378571181,170.5548211499837,146.32258677355094,146.3431357624524
269,8.966666666666667,122.86703628249303,125.9113589332429,89.52369940406687,96.99746564863419,172.75462957032877,170.7386579513687,144.3736120009854,144.67223135574875
270,9.0,123.6495001264783,125.72026251066323,88.18997335533791,96.48143776721045,173.07681422462457,170.09380228872843,145.24760034537834,145.5246002163296
271,9.033333333333333,123.96081734449875,125.90966495720465,86.85188434743723,96.05724951465031,172.68417831126933,170.12118770906798,144.5746922526865,144.46020933993657
272,9.066666666666666,124.64950865027176,124.9997670544151,87.54164836305782,96.54299201943144,172.52848108130596,169.3245226860278,144.6794982780319,144.6239005339092
273,9.1,124.66514779821742,125.28710699865091,85.89208356320849,95.94708723766135,172.77478239313623,169.46278527241057,144.82398030584847,144.6520555487553
274,9.133333333333333,124.79133001967269,125.69373439488564,84.70086927628078,95.55059960683286,172.89669728302735,169.78501346092074,145.01988353293953,144.87280409365638
275,9.166666666666666,125.25064676079155,126.2247966216173,83.80383596098125,95.019546337707,172.63499947357124,169.27376072797352,144.36555381721865,144.30786651530485
276,9.2,124.14553232222457,126.46028523899291,82.28674399810498,94.13657749131173,172.82069970824392,169.68376328522217,144.78314060320395,144.25006729417296
277,9.233333333333333,123.51707467037544,124.63673790507517,80.97253406972257,91.13816211440316,172.77643371114343,170.1978716903662,144.39477183451982,144.1508679675668
278,9.266666666666667,123.60792392508957,123.96885548385437,79.99649941681315,90.13285181261337,173.05640851895808,170.15978156759678,144.80250695231177,144.28959997228637
279,9.3,123.29830775745613,122.6050656078189,79.39615060963304,87.75748903243523,173.1746403285012,170.69080713348822,144.71923899019455,144.63785495910045
280,9.333333333333334,123.08584262712462,122.24719889336875,76.53685708784096,86.58858357381871,173.31953625974373,170.91451372824505,144.14825780909894,144.28731689772547
281,9.366666666666667,121.83799006238411,121.68827218866807,76.03258762249021,86.10464353977665,173.3540064681143,171.02692011327954,143.01750039153427,143.98724376367846
282,9.4,124.00802339896897,123.58227871949057,74.7848363446134,85.28433376594211,173.09145034496407,171.1094642180443,144.2755616356704,144.61268129980704
283,9.433333333333334,122.74758167863703,123.29836145523846,74.09146448152977,84.68820806121124,173.26879932656038,170.9730941950337,144.23399512464908,144.30800480284944
284,9.466666666666667,122.36486658064456,124.15808944244509,73.59609842953815,84.47653256229964,173.33150626491562,170.94362574723155,143.86655112874476,143.85357749774423
285,9.5,123.16319164744638,124.71683378284354,73.38063025104388,84.39614587315904,173.210912741391,171.1540187627647,144.0874905529279,144.98745822959924
286,9.533333333333333,123.88782797778265,124.77737109327435,73.00285771691422,83.4374087552504,173.2825204115211,171.18091880928978,142.6401038626805,143.55485010232812
287,9.566666666666666,123.64849133920042,124.87905119064825,70.59221571146178,79.59056274563389,173.11786412126102,172.27169628106319,144.10497613868077,144.7002747060105
288,9.6,121.96876703220022,123.46603971736184,69.73109489742845,79.29616050300233,173.15610909828388,172.14539007002517,144.67677985845435,145.82627082334236
289,9.633333333333333,121.41226300213957,122.6418719175988,69.82137892050747,78.27106013728343,173.40592656061,172.12319838544965,142.76583621165273,144.85290823660083
290,9.666666666666666,121.70162830045126,121.8095091742995,69.84012941696594,77.29566112192157,173.4477318700387,172.0589156011469,141.97974060534415,143.93902839592138
291,9.7,121.87818585061702,122.2619679601616,68.52892839282804,76.07941385712547,173.2365824322842,172.55862015137225,142.35193250626634,144.713099818456
292,9.733333333333333,121.4134509909623,122.32553551679278,68.32476197994485,75.93199019167334,173.1242556452197,172.57333848765703,141.86218748261444,144.12811956309105
293,9.766666666666667,121.35117390134113,123.85699407800493,67.30410462461255,74.48487266439984,173.4682055494275,172.53479723986018,141.05701219630848,143.83907709713995
294,9.8,121.39035529234907,124.09204009865512,66.41623429746119,72.96340837345643,173.3963150414737,172.59266895607388,138.6709550675779,142.48258702266043
295,9.833333333333334,121.01355615825628,122.86627111627638,66.34796972014445,72.85911201297574,173.4757208978229,172.3052438008757,138.57412158177155,142.5680393284519
296,9.866666666666667,121.17746315266528,122.88340712285387,65.82881924915806,72.4892449841824,173.54955386623587,171.90690337843765,137.75162079106656,141.42207048194842
297,9.9,122.32296517351362,123.21977853893131,66.42202697156532,72.93740681434298,173.5176079800582,171.93620983002936,138.72922493776315,141.71956291952597
298,9.933333333333334,123.00890324348352,127.29272253390765,66.05964481692995,75.07433470972965,173.4932740501242,171.91281077113533,138.16677485440522,141.71488751516875
299,9.966666666666667,122.51320997353416,126.91343002212452,66.01847507207879,74.6848189153093,173.52332923420403,172.12695191408136,137.9092985221333,143.15710826704307
300,10.0,122.47274036693123,125.8403226672907,65.47406291665506,73.57741818911217,173.46765662471702,172.1233580793828,138.1198445350015,142.34077963514255
301,10.033333333333333,122.23661767538087,125.61079954335406,65.58462483099072,73.67911489415809,173.5043363156726,172.0807271914084,138.5916169573167,142.7594011566999
302,10.066666666666666,122.33296487476008,125.44321765667384,65.70045001533224,73.63127835506556,173.50014872246382,172.12033344160454,138.57951643544592,143.04815519044254
303,10.1,121.44346925929162,123.51585772606268,65.22932385982399,71.7647359146776,173.50035641239597,172.29497372932462,136.865562698582,142.72913119991523
304,10.133333333333333,120.23447915063674,123.93286430073658,64.51211117671015,71.78873832816524,173.48039097552433,172.4007157279872,138.19887616651337,142.9788880982839
305,10.166666666666666,120.75601652357655,124.59714826121873,64.85635249199414,72.08695909044971,173.5291996979179,172.40145044587686,138.442326041877,143.30848401831344
306,10.2,119.85414337759973,124.02527539437544,63.91152869575754,71.39031327833054,173.50275249660868,172.45872137010835,137.91368818945392,142.78783004062174
307,10.233333333333333,120.34971723158766,124.1896034170434,63.967031343838336,71.48761084216507,173.47657883823007,172.48461736526755,138.04558939283737,143.3168794628256
308,10.266666666666667,120.19742940284871,124.24079708780486,64.09197228737202,71.62060381231777,173.46964295786273,172.4802640970654,138.03231482547835,143.233868130161
309,10.3,122.4954373929185,124.23201851394641,65.67608106307232,71.84216118459246,173.4670162979635,172.4083308184074,138.16348110608718,142.9554670166826
310,10.333333333333334,121.99936923725545,124.03665606656972,65.76113218311639,72.00054991780172,173.47281574049657,172.36697627941822,138.16766643102844,142.66839908538296
311,10.366666666666667,122.44952493115686,124.36872037519016,66.66437145410553,72.34059259993118,173.27791661231456,172.30248986079522,138.13296656790038,142.60895334950962
312,10.4,121.9101205066404,123.69535436067805,66.5841737454526,71.98921818155954,173.27134020403358,172.36780539097677,138.3307852068186,142.53958741917265
313,10.433333333333334,122.6418364697269,123.60451669198956,67.0619344264914,72.33653579843119,173.20223526203623,172.23222338412452,138.2975169963046,142.05423404126608
314,10.466666666666667,122.254186307896,123.6457647957523,66.87874301782483,72.3909018605931,173.26836789222415,172.3609278858755,138.6330887688603,142.60513754630645
315,10.5,122.7437037142114,123.75794926952867,67.94313427131407,73.77121337427081,173.24091551630883,172.03409760309484,138.6344292826444,142.8722115212952
316,10.533333333333333,122.71443761920376,123.57870518446026,67.79292854232804,72.14430341781264,173.2966604852322,172.46869148413106,138.83102522035122,142.7419368002144
317,10.566666666666666,124.27516039068766,124.48562043789984,71.01550273227677,74.29626724139055,172.19948389228358,171.72735549322576,138.31117899266417,141.54887449279437
318,10.6,123.09521041680453,123.65299974583603,69.57717600033045,72.83898184566253,172.29508276687858,172.01769930668917,138.4628107870528,141.33270260321837
319,10.633333333333333,123.11628879704065,124.11181841627588,69.57408234847682,75.40240168042465,172.69095796166746,171.03948647812558,139.37930760795206,142.57301605618932
320,10.666666666666666,122.6134651975661,124.05730324095606,69.00011563488691,74.98942050022687,172.91596844899647,171.26656774079936,139.71782099280162,143.24353949333582
321,10.7,122.75118639130243,124.1519079923041,68.70005159462337,74.90657883938024,173.3342400079364,171.42409450130768,140.33313024410216,143.02903952088263
322,10.733333333333333,123.1278088523731,124.86741714925556,66.97375922792226,73.52190009508094,173.7035552236172,172.16535036786445,140.63118448888795,143.4324124750369
323,10.766666666666667,122.32461414957413,124.75860434121897,66.50551849099575,73.4514110905272,173.64139413513453,172.3100375493277,140.48006415651693,143.64781307069634
324,10.8,123.4578561406441,124.50520151834644,67.26683786194128,73.5922069892387,173.68352940003035,172.16983483552627,140.04630233399797,143.11921531158578
325,10.833333333333334,123.23833668208326,124.2301972145167,67.4501004501483,73.98063014864336,173.67477845301198,172.30950745351774,140.39849546117563,143.40898776007342
326,10.866666666666667,122.85815174710895,122.8066983238323,68.0296166930389,73.44918747738645,173.653668290002,172.23202039573624,140.2343123048427,142.3935107222741
327,10.9,122.56692618762834,124.87242365429188,68.56555711211422,76.44528289678482,173.68071187747196,171.54096429269057,141.63925167669197,143.03987701734354
328,10.933333333333334,123.2034420115211,124.9431039041347,69.02575447561946,76.037269715774,173.67487505122105,171.65180873390273,141.641697531388,143.0543946544071
329,10.966666666666667,123.15808026198744,125.27011405110488,69.83787588480114,78.02417008807146,173.66869655210093,171.1414842389119,142.55565305502626,144.12738892274638
330,11.0,123.01069926102842,124.97020782026209,70.85855208980813,78.9897516241279,173.6622211307909,170.75827392076374,142.5019203753578,143.28879200617695
331,11.033333333333333,123.27954793605723,125.04348279594532,70.73420671368517,78.4158789068097,173.52975557302955,170.807225435453,141.2191481293975,142.97539238829535
332,11.066666666666666,122.0676314368907,121.65455792525111,69.56391453318116,73.80798550347141,172.92841568141696,171.86196792528204,138.42462746018313,141.56708420717328
333,11.1,122.72068948491216,122.92880423525341,70.75457032427924,75.67652943298957,172.56324196048416,171.22572615063567,138.70833273202612,141.718970496507
334,11.133333333333333,122.98867576991897,123.04922546272986,70.86224669718496,75.83849783776219,172.73389389526903,171.45943096443943,138.03098508320943,141.4056567119964
335,11.166666666666666,122.87274070515748,122.58365823707287,71.5240814246062,76.34924407248977,172.44103628501182,170.8195057141367,138.2606359830133,140.91501438742102
336,11.2,123.58616462147903,123.59042333259377,71.02057338800918,75.41183361612778,173.0107647523864,171.52912135155444,139.85958623414905,140.9454023767935
337,11.233333333333333,121.4613482265395,121.08499505240876,69.93314689357003,73.89778199610993,173.03709766324724,171.62860578457233,140.30625905680608,140.9017913291346
338,11.266666666666667,121.63064040982557,123.1741940145421,70.0337331141421,75.41563933976309,173.36581355208733,171.37159212230378,140.53431801331706,141.06279587534542
339,11.3,121.4041303044673,123.10399117851298,69.78232226975699,76.05270137928524,173.60763464357711,171.29035428840106,139.89572613688765,141.10454798991933
340,11.333333333333334,121.10126227026379,122.09267280410475,69.7149611129269,75.46972258801452,173.73819046514345,171.4740512467503,139.96258911880054,140.96240239759535
341,11.366666666666667,120.24919334746238,120.54302932780712,68.29644743837665,73.49289409629107,173.79179010203256,172.03665050157588,139.3392028409894,140.9880771993437
342,11.4,121.47103672638659,120.13925611044995,69.9972445069462,75.76617532526012,173.76929794249475,171.12488792868436,139.28664393884551,140.5581278563173
343,11.433333333333334,122.311321175873,120.51191189751684,71.07642134239164,76.98323969790387,173.73497860023699,171.06797866009316,141.4921576107144,141.44816886509773
344,11.466666666666667,120.55718700801076,121.20909422239194,69.87650798107316,76.63307170116691,173.68567978139384,171.26410762297073,140.6625766535757,141.4294280629413
345,11.5,121.45120969859146,122.60114026187922,70.37266386173232,77.6810691092237,173.45407013985036,171.78848555125424,141.2548913103063,142.63614478638965
346,11.533333333333333,121.18266639943973,124.6115217183234,73.97307066046352,84.71985226514995,173.6777216133516,169.05431421188302,142.4419473973388,142.7835550715178
347,11.566666666666666,122.56516642078434,125.80249179979268,76.57092022937229,86.52758348228332,173.4438171544051,168.85196840028993,141.36020806587428,142.59709784445198
348,11.6,123.9955902843857,125.09839865981098,80.01507025993976,86.51963216098913,172.3582689442027,169.54964123085784,140.56732270578033,141.00429854041556
349,11.633333333333333,124.11103804769438,125.04315789612232,80.49688662467389,87.2164902142067,172.70903176495827,170.27522999804282,138.9028928506386,140.79838351254475
350,11.666666666666666,123.25921017007423,124.89630364096571,81.98884433798845,89.36137725085742,173.28835245532463,171.17022495646324,140.74348328901075,142.06377967260732
351,11.7,124.12305996151092,125.22108861458669,84.35227707960073,92.97303072077119,173.2450751621317,170.24622718866632,142.01232876213243,142.7201437309244
352,11.733333333333333,124.58706491343167,126.92264684660108,86.52917479973874,95.34921763940963,173.50961890093527,169.49919461201253,143.5454498158551,143.3097028959722
353,11.766666666666667,125.40846354076334,127.00505443886243,89.27427187295754,95.25653251675159,172.8076742825516,169.56229572113733,142.0800568758643,142.94390883358983
354,11.8,126.8297322422452,127.21397832280338,90.64950276756565,95.7779019723829,172.0420814829961,169.25994164671843,139.33570199927098,142.587393161816
355,11.833333333333334,127.58526976414949,127.76631023853326,94.10755992438342,98.15857945511058,171.3424971092601,168.52732083844563,139.82489169499644,142.0353040209624
356,11.866666666666667,127.6792755199511,126.60468292090478,95.39298955663311,98.8372650443332,171.36601127167575,168.53635415412595,139.77276638525584,142.07146146412703
357,11.9,128.0330458627604,127.38632523902379,95.98367433311286,99.85972252521736,171.61780502630518,168.68634163070462,140.1098518367841,142.20965781501812
358,11.933333333333334,127.37765992754345,128.30619051022975,96.2687767670709,101.53728913803764,172.40708659450627,168.91930142821997,140.96249486490473,142.77581127920214
359,11.966666666666667,128.03491638796868,131.28653962580898,98.45050828836143,104.13742230660608,172.72529207466417,167.9770235107474,142.26812599110482,143.48425464218278
360,12.0,128.82606806960501,132.31025529437943,99.5655632421784,105.05959589601947,173.17102489253713,167.97674300258234,143.8966600445629,144.11728829571987
361,12.033333333333333,132.78579234686035,134.2585050215023,101.02605513899879,106.57401634577676,173.21337877852193,168.12402053475384,145.08249656391183,144.74307701183307
362,12.066666666666666,133.1674396335019,136.69825076933807,103.94723878717558,109.50803759280186,172.9418500349532,167.61294687524511,144.49514393955954,143.61790451852352
363,12.1,134.2219757589837,138.18167120344958,105.58182560528509,111.57629809498717,173.04320631642383,167.33707325039526,145.48603566590967,143.70029548752456
364,12.133333333333333,136.26338548834022,140.94770103481025,106.80077009281547,113.3352661667821,173.14170213798997,167.56269736525613,145.58949873401363,143.58454168773144
365,12.166666666666666,137.71612019778857,141.40794464179612,109.6723840807575,115.67645761892008,172.52247975775606,166.64170081572465,143.00207119145387,143.0316503632622
366,12.2,139.36973887384877,140.87860789019012,111.23100675023004,116.3428240799084,173.09882281598954,166.6697879657768,144.88916634278232,142.8460216823828
367,12.233333333333333,139.82914047863792,141.05607243569622,113.10687028798617,118.04349880330591,173.04841397920114,167.7022933285088,144.81731761859595,143.3301041735342
368,12.266666666666667,140.93589909756352,140.61242637887642,114.68227224311477,119.13950091930498,172.7916799561302,169.33284284669318,145.4303726798772,144.2283565718618
369,12.3,141.62722319706958,140.00459055006317,117.56054669626107,121.8485913720688,172.61271816383243,170.3481851436327,144.648569452339,144.20210699936447
370,12.333333333333334,141.78944440615126,141.37331370726616,118.79997049958534,124.86896082039456,172.06326863076623,170.61591833383125,145.4659984903798,144.04899654526784
371,12.366666666666667,143.30023239722044,143.25145074929887,120.5723442727323,126.38468367914768,171.7385585262555,171.44234634809231,145.47171449843844,144.31303442978623
372,12.4,141.0688498399454,141.97232787023157,124.24233216958744,128.6977689108719,171.79327977550557,170.8062107846553,144.67176718330896,145.28892558371578
373,12.433333333333334,144.57027903947264,142.59266048122592,126.23526756281724,128.01228923746808,171.5882661998873,171.74928200829686,146.76173518560012,145.5089195510894
374,12.466666666666667,146.00859346788934,144.88611473605013,128.78274168004253,128.95319281185772,171.29958474069096,171.66538008474396,146.66523974749097,145.31157758374044
375,12.5,146.72351131675535,145.21240900089964,131.87845522868926,130.64768123649418,170.7012193463392,170.3038525072181,141.8248484909046,143.2635344771883
376,12.533333333333333,147.20887558696694,144.46591388077647,135.5768423211306,133.95982597894465,169.2334898511872,167.74340763220832,140.85541133285807,143.64244349040038
377,12.566666666666666,149.91575316629272,145.50494331249027,138.08868116764395,137.0979432527289,169.0262565751439,167.85268982785124,141.5152943725798,144.22556901537087
378,12.6,149.18947508719629,144.7893070675387,138.37816890435641,137.23754360119645,169.44153280369073,168.22054548257717,139.69947051951905,144.64719166985822
379,12.633333333333333,150.33936977236473,147.4392720615541,141.34568881254248,139.54660323939098,168.9099499479424,168.95035499589054,139.11711239492413,144.81066510466465
380,12.666666666666666,151.45332121916863,149.0650589127631,141.95408911453495,142.11559115903634,169.46874818268947,168.69872865755394,139.98515806532558,145.58842320278742
381,12.7,152.53824604354998,149.8264564988976,142.98666546739048,142.7410299743351,168.79889929526394,167.94250528315874,140.04096238680566,146.57697949990745
382,12.733333333333333,153.64274225161478,150.0248748812786,144.66801191165786,142.69172535539252,168.89133237060875,168.4010121395005,139.94946508855628,146.95175534528016
383,12.766666666666667,154.07989244352794,151.14391045082783,145.37042875981626,143.1934610557946,168.33632166965137,168.73605530467026,139.6155278173642,146.0457192864595
384,12.8,154.92763509606473,151.48152798643022,146.47769246157608,144.08017983915752,168.4197512244519,168.9160205811588,139.6003172721432,145.84726687485482
385,12.833333333333334,157.3176448247214,152.93531128464892,148.00791459566065,145.06867442741876,168.46764195701397,168.9463506363902,139.7609602488268,145.8832553051745
386,12.866666666666667,158.4094791051166,154.9553686698751,149.3049772383222,147.34504203784462,166.85159469408535,169.85323498794537,140.3500134348439,145.6295548445643
387,12.9,155.35835437821535,154.90465885189056,152.02178744550338,147.68473420283033,166.37419046021142,168.3164000633651,140.31116019971464,145.9910962648169
388,12.933333333333334,158.51618273072705,156.7113779890701,151.65909226610387,148.03484947267555,167.36688421628705,168.32426229986405,140.56237367325238,145.75209958216442
389,12.966666666666667,155.24005989363556,155.63263076070038,152.6562602122066,147.58337953822468,168.88354971605713,167.39826029040037,141.71282380052548,147.23712938950314
390,13.0,159.52560144829525,155.06467548000455,152.5083613824303,147.48958829496686,167.55906660587735,166.7461668639264,139.92608587380823,145.81228553718
391,13.033333333333333,157.7259014515758,155.89226504859218,153.35513071108326,148.379326525919,167.27337527839163,164.8657274691452,139.51434231753043,145.95009039772324
392,13.066666666666666,160.66484368206127,156.99517168420476,154.02930533901747,149.13389199773346,167.16275312519272,165.93971472664924,140.63879766816763,144.20690583730757
393,13.1,160.93658652763847,157.6341326020429,155.00045339527884,149.92336927505784,166.63589642452254,165.7805821854799,140.27478183237108,144.5314386758513
394,13.133333333333333,160.9638305897396,158.2178187929687,155.80359049774538,149.782105083217,166.67535675193125,164.16746083638412,140.70049004599105,144.05482801638337
395,13.166666666666666,160.36581265821115,157.90071326747182,155.61105449565775,149.22264346833288,167.44851040342934,163.26096589144683,141.77213493853432,144.28048102276318
396,13.2,156.7393208692315,156.38450890211035,156.9845805030653,150.2862392178741,166.96050702776193,160.37216078237836,140.5910095458419,144.81644885478815
397,13.233333333333333,155.660250195703,158.70757277877337,158.3840348008655,152.79314630411884,166.8484464894634,160.06016867865546,139.57719736988625,146.21803377042818
398,13.266666666666667,159.22881102967537,161.1879757337079,159.30302580840527,154.86157536918654,163.2503450448927,159.85321523449073,140.318265813911,146.59207277224607
399,13.3,164.54823695511618,162.77680599858135,159.69333503924406,157.7578393828144,162.34638468501927,158.5495393081694,139.77922218159097,142.87968410375913
400,13.333333333333334,168.03690929727205,163.46951441843655,160.90205070942406,158.27347992516926,160.57746579811288,158.79205261459333,139.63132670883803,141.90586779478048
401,13.366666666666667,165.6620456130672,164.1414775587338,161.79388375521606,160.19738336994865,161.112499733935,157.89898595494202,140.24438534713246,142.29968730338587
402,13.4,173.11417939376673,165.19266229002477,162.08766331456576,158.18247766665166,156.41744160832638,157.39549653531947,137.16949678496914,140.18756836122728
403,13.433333333333334,170.94966525904175,164.98056212727118,162.9790736346205,160.2014361415549,157.17402977563256,152.36154944680598,136.9800215891728,140.7507075063906
404,13.466666666666667,170.17893974007202,165.35414582941016,162.78491714171722,160.65994082458195,155.925451519758,151.905085566299,136.84629497852004,138.78477394838924
405,13.5,171.0073483993516,166.26438391689211,164.27612873200206,160.39334861051003,157.59212930565522,156.06457969623622,137.727974859532,139.59608994089032
406,13.533333333333333,171.6352272307763,166.30137824799323,163.61061179214485,160.34108409584942,158.45480858138072,158.24329434253085,137.21431884958358,140.16895492495217
407,13.566666666666666,169.84135304102665,166.63273764356887,164.61386631535018,160.96859574182795,159.26915832741878,161.14957928534517,137.65461247995003,143.38956499967085
408,13.6,165.39587117201935,167.33980546756052,165.9771253779143,161.02998041408412,159.64635101929818,158.88005601552865,138.88239877043625,142.8936499679185
409,13.633333333333333,167.31484291792066,166.833543764805,165.7586447933689,160.6730475606483,157.32355506935022,157.97156619007336,139.44162582356557,142.90447253885773
410,13.666666666666666,168.87164431148693,166.65617655882156,165.4197521406972,160.8602323742589,157.33326872492387,158.02389422927826,138.33456244694875,142.70111683497547
411,13.7,171.78632737542236,166.83931671194188,165.90074289951414,161.48422042385567,156.10932156100324,158.8088752510132,138.7707011975606,142.9418913470492
412,13.733333333333333,171.48778716691257,166.86967413519915,165.5062444757255,160.67075227037452,156.08843436394906,159.1300903507004,137.66773576703335,142.50687040077375
413,13.766666666666667,171.26367976347524,167.00395894411687,166.24798624863368,160.61895681917815,156.74621746187546,159.18610758493472,136.47520613929134,142.47907841555048
414,13.8,173.01450861273992,165.70494453485802,165.9904861547969,161.5700487823891,155.94958340625362,158.69232904340274,137.38171686703114,141.86099889861322
415,13.833333333333334,171.78572102935536,166.33947968908595,166.65813055210705,162.23824841614672,156.53623882203004,157.6340087299668,138.26270697227582,141.93861541361136
416,13.866666666666667,168.24929216979803,167.58428634532538,167.23055476538755,162.0325603235147,156.9080747970839,156.97432259704854,136.66942225272606,141.39758309219414
417,13.9,170.9089530010291,166.6832717098057,166.6358829790404,161.77137717960923,156.94161905204862,157.63258360083813,137.06657747736668,141.08360099794328
418,13.933333333333334,172.52296136457431,166.75918219492493,166.75055645732033,162.93154592138055,156.53366938581553,159.18026084877368,137.9767343799668,142.4469069680566
419,13.966666666666667,173.15160309572465,166.01574433234586,166.65016322702047,161.6763310344491,157.3697919884827,160.97570178955766,137.2029825900441,142.35756917138104
420,14.0,175.32043612149212,166.34362799950432,165.7772146158313,161.16199217108436,157.74132176344344,159.12006229985323,138.60328821790702,141.9365256231314
421,14.033333333333333,174.88679954447306,166.205836136599,166.01304115060398,161.0344721444688,157.56527747564908,158.8999280076882,138.3697638114364,141.80385493611652
422,14.066666666666666,173.33567652715172,166.7577914384235,165.5785172307684,160.43579117146433,157.59259260089027,158.62209580793393,138.54214916744053,141.98867689571873
423,14.1,167.04188297259418,166.97811110989366,167.23177705171207,160.80297282488502,157.84074572409307,156.66198763161754,137.57297409842073,142.34007366628765
424,14.133333333333333,169.2648636126765,166.12424719214698,166.93834665238398,161.24287132625705,158.11360927071328,158.46083473020002,137.4310168171907,142.2495826166415
425,14.166666666666666,170.20171735730682,166.44526311825095,166.04716714821518,160.4279097619655,158.63523488518013,160.1021814239294,137.73987072967776,143.0470927713645
426,14.2,172.37433023346998,166.24149881865722,165.44217978982604,159.91726610438343,157.07299351914702,160.3199907715003,135.2956627191219,142.70371928580434
427,14.233333333333333,171.77166709903753,166.32260257041492,164.99648520791712,159.35547541731964,158.24381497680574,161.03916978578206,134.9690331405934,142.392551920467
428,14.266666666666667,170.56599460207778,166.05091920264033,164.63490402587226,159.23396323895236,159.57977370520564,160.88835248419267,135.57716082199414,142.92844516900732
429,14.3,174.4642056898473,165.30901753750072,163.8915450993921,158.5720169951316,159.08082435709417,161.26096264370534,135.8451728094479,142.08447255374122
430,14.333333333333334,173.72701256159775,165.7662243394621,164.29654406796578,159.2474850930813,159.47340375850902,161.384103403005,137.10457698194432,141.81459203504957
431,14.366666666666667,173.29307344831278,176.94919494476218,161.64984875557067,164.15062250767582,157.04655575779515,160.7203688009982,136.2228191762111,143.2148876249206
432,14.4,172.57756425520606,172.31176286488574,161.4643958788552,161.30088893491643,158.68843966280264,160.6701137895287,136.43294610284977,142.75552532844495
433,14.433333333333334,169.77752918649085,169.06243590793875,160.66723952809858,161.0436223621655,159.27938225591245,159.4634874894063,136.225991313433,142.58230185069002
434,14.466666666666667,168.83146881032812,167.99051248206027,161.4453672565527,158.68990734808423,162.74702147390525,160.87158012866826,138.1472010545995,143.76155529642773
435,14.5,168.00662523472113,165.91288433262324,162.57492216628944,157.74411006279985,162.43638861833077,159.28878890277142,138.1870151224926,142.7522437652282
436,14.533333333333333,167.72850045929792,164.90304559810966,160.50787909488673,156.39652972656216,163.48807677214342,159.50377148655454,138.24334197081376,142.42750790725682
437,14.566666666666666,163.43933825422891,163.13266251770065,161.81401431641993,156.61416519581252,163.17883646847687,157.52821355945443,138.36580960287233,142.9711196604336
438,14.6,165.26995041457815,163.24159789683011,160.5454198522066,156.35985454310605,163.49243315520062,158.51351125402547,139.0571689026807,142.3309930691307
439,14.633333333333333,166.31024525794516,161.8644496843184,160.2889260819461,154.89812824537705,163.08848733997263,159.02157131268086,139.00742581457934,142.49719813459458
440,14.666666666666666,164.84358019255296,162.27308064456346,158.0403117061856,154.60761611325225,163.77667146615465,159.06155085128876,138.7008424109528,142.9051166471891
441,14.7,163.1333738238939,159.98704478362828,159.06998261315795,154.117476117427,164.62475035231665,158.52431866914552,138.72514138846208,142.51472711958777
442,14.733333333333333,162.779187530203,159.8627617330201,157.8906379138276,153.44755516083077,164.2090466529719,157.4978724558903,138.45674614524827,141.84923802254573
443,14.766666666666667,163.78786862549038,160.10417939552912,157.22228493803036,152.36627536647168,164.86635782128974,158.93008701747038,137.43429765675916,140.84419490275727
444,14.8,164.1202000722042,159.81508947978082,156.34521535925964,150.15580229968648,162.44122832313428,161.58782219537713,136.82108987850538,142.87011055097506
445,14.833333333333334,163.5923257291436,159.57414269616004,156.1801056244739,150.23271558344356,166.3064366970851,164.45766108859152,140.1264900651584,143.6942727640522
446,14.866666666666667,163.23905242117704,158.68338042304353,156.34890762286616,150.41321242574475,165.9455431176732,164.4005540436245,139.46807392052688,143.14542003210116
447,14.9,162.293335555257,158.32583413381388,154.476236135169,149.25712597541815,166.8931702648627,165.0539266173185,140.22432367499636,144.99650596408046
448,14.933333333333334,160.75706124016136,159.1301309649681,153.72302612481167,149.08097293021186,168.72897995844502,165.25631533245468,141.32542672919223,145.2881134667694
449,14.966666666666667,159.02160038811718,158.68470221124545,153.96991327965856,148.64374075993584,167.86811553501605,165.45151238617484,140.88371031610367,144.8393649322553
450,15.0,159.00312391518412,156.3367738656312,151.81963936006957,146.288283637777,168.13477361061737,165.04047810103185,140.4644615607096,144.50164145293604
451,15.033333333333333,160.98315364425508,156.6926037510937,151.13073247390298,146.3573622476176,168.38671633125594,166.68175015181396,140.57937347878087,144.1825588212857
452,15.066666666666666,161.5651010148361,155.99452722280378,151.07074255520067,144.9474945551205,168.09880530159953,166.66867595658266,140.6506428072399,144.23976287556917
453,15.1,161.1191507794496,154.5701009256339,149.23688684021727,143.31500320463496,169.69409510602108,168.17066901808505,142.4869489324375,145.04993407538473
454,15.133333333333333,160.08285656321772,154.31276957517508,148.4931606799269,142.89233117217907,169.18469382184895,165.90432557909506,142.21823894795563,144.77479836455908
455,15.166666666666666,160.78172557750952,153.7246197416892,147.40122766717047,142.8095366863185,169.32469454339892,167.78956025975364,141.9144162623163,144.44754451701115
456,15.2,160.63657482651467,153.64754079009833,147.2295542666872,142.99412610870198,168.06829636328817,167.35754363310872,140.7550553177698,144.57549225638127
457,15.233333333333333,159.25278436862618,153.8337344634262,148.0006158501886,142.66224090308324,168.83886336021448,167.7181335212833,141.7308916607347,145.9780834400144
458,15.266666666666667,161.49821761757966,153.00207728590686,146.94313369021896,142.2691032561726,169.83208240685676,169.32626729688005,142.75319892216524,145.3748172977125
459,15.3,158.05639967238454,152.85811855247084,146.98113279206757,142.7439131412742,169.1021082678484,168.58875821003124,142.06580400131207,144.7090769503363
460,15.333333333333334,157.6930504239923,151.75794816122894,145.86322138133409,141.3212925403804,168.2568541236983,167.87449189698333,140.31586669378407,143.3664450981357
461,15.366666666666667,156.1995305526397,150.55595249960348,144.91813361166928,139.86271385632827,168.67438034142353,168.0538731654481,140.27913844752734,144.45054065129602
462,15.4,155.75663510702057,149.09717465350042,143.88295037898246,138.57616105872464,168.50433519335886,167.84445328408262,139.4281950474911,144.0975134725455
463,15.433333333333334,155.2400969823981,148.1695957578665,142.61824643143834,137.07434865132691,168.24280101406143,166.10528649185264,140.40064578685914,146.11579890654818
464,15.466666666666667,153.3209232737265,147.7321119993947,142.34999877019627,135.14271611720133,169.71998033156785,166.92964993167857,141.60775149065017,146.0831793090146
465,15.5,153.04451627597274,147.86616517737107,140.57130924956826,134.62997114459728,169.11151452743442,166.98962793202202,140.3456117945191,145.24434635458698
466,15.533333333333333,152.58105548838168,148.0299216607101,137.38969340971127,132.91994971461313,169.2421640512347,168.53387311629584,141.22094147981022,144.71168620435458
467,15.566666666666666,152.65579890913105,146.50017475289428,135.19563021293143,130.6933221076615,170.26867570542274,170.14529945057774,143.67720099192636,144.57589781904454
468,15.6,150.5014077074605,145.79176423908353,134.09074331222024,128.99370701207633,169.94506696311294,169.80750956539262,142.9469264086753,144.75350443437634
469,15.633333333333333,149.58587505620557,143.99850856736552,132.53167725189348,127.26741292725089,169.73585444557915,169.9459915280369,142.8456573020906,144.40878499279177
470,15.666666666666666,148.582402474383,142.37613471055977,130.60751034412905,125.01411674735692,169.68366492865286,170.57599491975114,142.17784176507593,143.4723452904715
471,15.7,147.5997288432496,141.49855936645795,130.12038419857305,124.04651439258487,169.3149358018645,169.66067197995716,141.37722140273524,142.70736228891516
472,15.733333333333333,146.28538141084687,143.97368410262726,128.06518461152265,119.79461447185427,169.39883169715725,169.60837468937405,141.49716986143574,142.77132196188512
473,15.766666666666667,145.04838871022037,144.34503314278157,124.35016029163639,117.81304116981728,169.7730198797095,168.39821891599127,141.04674905577073,140.8950613955759
474,15.8,145.77239897460063,142.1622370845846,118.62850483923046,114.98680688681836,169.53642446070927,170.0483332425332,147.0847373491506,142.74053369736862
475,15.833333333333334,146.12882911357238,142.82509585789364,117.0974939520147,112.93156062784264,170.36563472072018,169.94662245038924,145.44151589694658,142.25819578612078
476,15.866666666666667,143.15141444033532,140.21116385659556,116.04786506920762,114.09961047196036,170.31630516741706,169.2461240861756,146.72682764908254,142.6723094293825
477,15.9,141.30281349085843,138.41886205249793,113.14552094956974,112.722872532848,170.244440421993,169.6711846256709,144.7393924217373,142.97670834424517
478,15.933333333333334,138.54044321921478,137.09416316857457,110.91172221920719,112.01585721459078,169.8013368506692,170.2425992166724,146.10686421688783,143.7536319839995
479,15.966666666666667,136.86860698124883,137.57996858191567,108.62297875000907,109.5575602523493,170.28067282936277,170.13822079055163,145.05445641904188,143.5251899746193
480,16.0,129.78203952035082,137.8257346451891,107.34326438768976,109.60911471863922,170.43859909274255,168.99465484672663,144.42802806455225,143.9875085950787
481,16.033333333333335,131.5912955198192,138.35650495448849,104.79225339636618,107.63546662611539,170.70127004481634,169.04747033236498,144.17009583251604,143.36416693187937
482,16.066666666666666,130.1564832441149,137.84336998777687,102.20378428435893,107.21512261429082,170.96334976704884,167.41711721320067,140.90403880194475,141.55764544562658
483,16.1,128.5951162870108,133.11925518028448,102.56673650674607,105.45013974475307,170.32930210087795,166.79784546307408,140.4447097365016,140.7996412423028
484,16.133333333333333,128.19818124016263,129.803074196988,100.79982951135001,103.81786911964352,170.79348843588775,166.6957611305204,140.46316866929868,140.8945506930699
485,16.166666666666668,123.46021168801965,126.73245969811519,99.52984197133524,103.34574033897796,170.71517379756068,165.80898919796348,141.05406729812174,140.50027675240713
486,16.2,122.43282826607933,125.95553451215184,96.96263628400224,101.04417659131232,170.32654708314004,166.66847367263128,140.33926944077496,139.70696423870626
487,16.233333333333334,123.40612465818592,125.75944185794823,95.55925954955421,100.30958500216211,169.08870306690775,166.27555145084887,139.0505331721017,139.63505754051695
488,16.266666666666666,120.96539940803288,122.85643751137172,94.65336337712986,100.59866753281219,169.3433572492536,165.58990543619254,139.33454185359383,139.67937833749252
489,16.3,122.97362861711318,125.3403929249968,93.75994798817784,100.17854066941021,169.66965039247268,165.93364137377918,139.443855834301,139.989782390656
490,16.333333333333332,122.3461204446512,125.93497662925023,92.45074671753237,101.01755684899557,170.61720275014352,165.34658667013503,141.27138301162893,140.04764525560603
491,16.366666666666667,121.1759302104088,124.57064577859235,91.51087145350081,100.8505578365911,170.67952463452227,164.52703674478735,141.97421387577853,140.3010387359169
492,16.4,123.33601679784528,124.64913357108308,90.25055320732612,98.60153521943066,171.43205867559516,165.940190492109,143.32941336775363,140.9797289058922
493,16.433333333333334,126.78781259451168,124.50204813265867,89.87519980309669,97.55632679566494,171.47209388802452,166.2880960348956,142.7323530386543,140.7573780001954
494,16.466666666666665,126.35604410826151,125.69358897107413,88.42704927071809,97.791851256474,171.4746641988385,166.30329657373207,142.5742075249863,140.96934198921957
495,16.5,125.87864572607347,125.433948573484,87.46528660975545,96.1710572043194,171.15467159918347,166.30673514500702,140.71482961625946,140.13045898651094
496,16.533333333333335,125.91758254338392,125.10295400393825,86.68805442991066,95.43610475920494,171.30800670951035,166.47078979637433,140.79154821208695,140.23295632651954
497,16.566666666666666,124.80153733318083,125.26031119512395,85.8521721618574,95.03682190890574,171.07761301604063,166.46077976135282,140.59337066995036,140.24348350141275
498,16.6,124.36522892746567,124.82648028316173,85.2775061718778,94.41044018318877,170.8375287859415,166.45240031531884,140.66512258197585,140.31731305150421
499,16.633333333333333,125.68470100030669,124.98345678303357,84.8634518800836,93.81231184142825,170.10448770782978,166.48562643520725,139.61388119948163,140.29024631487735
500,16.666666666666668,124.9297488007749,126.55786049580418,83.29698652778022,92.50023468312872,169.34542402249377,167.1406979757031,137.25057359055162,139.48056064521768
501,16.7,125.43723703079792,126.25989533409188,82.78477883369345,91.58346431302199,169.6242918988659,166.78668274934108,137.75209025844558,138.79925360169034
502,16.733333333333334,125.20026087789086,124.96269147048211,82.57065096052273,90.23949876061481,169.08604916352888,166.51508728203268,137.2843462273552,138.5172899145857
503,16.766666666666666,124.18912598300224,124.52586466544528,82.04593512654203,89.81791202312252,169.13348398612467,166.15248364397866,137.3446102542694,138.44995465001696
504,16.8,123.66604677040478,124.7192100533888,81.79529668753646,89.41296621731557,168.87810643021,165.96493425450186,137.30235209277643,138.49291961228468
505,16.833333333333332,123.69362110860033,125.10941193355256,81.72428767621705,89.48316246180927,169.02595844861867,166.09438337684225,137.44602190958588,138.99814877383096
506,16.866666666666667,123.39224954280184,125.15079004755619,81.2882548640535,88.86162036578396,169.3907416630767,166.1368444175182,137.6230675003766,138.89239118530546
507,16.9,124.48765280504243,125.44271497055901,81.52204382728011,87.9800597148728,169.2421758619512,166.38928434525909,137.48149375948103,138.9794236796855
508,16.933333333333334,124.20390018222035,124.76406955336289,81.27707364400295,87.45784189952346,169.33067318115354,166.7911662668193,137.63823169544077,139.6142516075115
509,16.966666666666665,125.21374192537905,124.63150920630699,81.4806613354697,87.47398271749817,169.34528356504825,166.47589521938562,138.01924008225274,139.5996568535793
510,17.0,125.639832868838,125.7151217715621,81.36403171861477,86.99525482391627,168.10658358453287,166.29860165710264,136.6327804323673,139.341353559221
511,17.033333333333335,124.3779861806102,124.5933575172314,80.35941161621804,86.15956029072265,168.37203662058792,166.0625527396803,136.67830033960215,139.0757314545173
512,17.066666666666666,124.3376060781795,124.19090195813511,79.78172023764675,85.6762147433987,168.67213198442326,165.8276747690232,136.72537339607905,138.8074377219291
513,17.1,124.37254849927808,123.12622362710503,79.21224133083442,83.78379485456112,168.38518814461756,165.87521161747563,136.39691278027504,138.32117343223769
514,17.133333333333333,125.11711155745422,123.36275847490798,78.73727896192712,83.09007253505443,168.59009580644087,165.8681760461158,136.37993864807703,137.73902075235662
515,17.166666666666668,124.8551796700964,121.88997712519489,78.1512136420494,82.39179271981357,168.06972391053074,165.27531570266473,135.0649113814699,136.91135532019675
516,17.2,125.00800181473006,122.1077954446808,77.64534016707299,82.50658633461742,167.84181226576226,164.7491870276315,134.54540616628833,136.4686555949456
517,17.233333333333334,124.13260774628796,121.56104339953436,76.75453803898112,82.2464638338371,168.03606383561072,164.80778155140257,134.60902454046283,136.47358546710893
518,17.266666666666666,124.69911153389822,122.63105521827082,75.73122400840613,80.62250117296081,168.69216647190217,165.92129662580552,134.7895059933678,136.15378551402608
519,17.3,123.42305207134828,122.62976380634129,73.89570330132317,80.62341941221456,169.27929488583968,165.78670581945303,134.74473653992067,136.3421462336758
520,17.333333333333332,124.43505310889532,122.74664105767043,74.59821355375404,82.57448562521189,169.18588632797315,164.2768825754824,134.40694972540132,135.98203505542594
521,17.366666666666667,124.54885789036402,123.39859947532915,74.30077448339094,82.49715112384483,170.30670873315765,165.33534353019354,136.09321584443788,137.30658650389938
522,17.4,124.1687607022709,123.56485356884855,73.75848194784759,82.05651751170429,170.51598063404592,165.8279223344058,136.64639308363385,137.45432744694034
523,17.433333333333334,123.85064957458191,123.53336182243733,71.84478546411839,81.50850849482308,170.79912626258502,166.22358026495607,136.34108504028512,138.17210146898205
524,17.466666666666665,121.82518502874495,123.34484172878935,68.17325297897204,78.65462147718227,171.41368161619536,167.9371965807758,136.43755677025638,138.6516780878847
525,17.5,121.30400983036908,123.71688751965505,68.12244021943056,78.88526061333538,171.19444535522746,167.77956510205067,136.29809554979974,138.41795113431897
526,17.533333333333335,122.13611349152326,123.5500454877988,69.09582348299493,78.54733412815831,170.87903548724532,168.15125129916225,136.1608523396311,138.87909293286648
527,17.566666666666666,125.64873237175111,124.85788115528574,71.35230412999587,81.38064971213332,171.3407352156176,167.27922172905838,138.20191559216244,138.93302906583628
528,17.6,124.94283703340113,124.03192323824982,71.45112540590483,80.90499223520487,171.2500515197222,167.46240569088127,138.56020755723074,139.22399248178863
529,17.633333333333333,122.86634965226284,122.53762265021471,70.70856768261963,79.63820129068944,170.4822548908667,167.62333006695692,136.52024109488377,138.98339974157358
530,17.666666666666668,122.35863722354149,122.63449382683953,70.88961088857675,79.84150754949485,170.24542102910917,167.46181489415792,136.43563406603266,138.92781623533648
531,17.7,122.86504587127902,122.53425822826398,71.77310103406967,79.69964547352845,169.42152752507582,167.41936784918633,135.99871144210232,138.60950811119932
532,17.733333333333334,123.30294573928862,122.86673008966044,71.85325061636723,79.77085976064939,169.60958607856554,167.36219133162112,135.99194542900983,138.50126148090575
533,17.766666666666666,124.1350830808163,122.97130218723815,72.34452198480531,79.92692156038399,169.2225919648936,167.1876670830803,134.9833748792463,137.85491936762799
534,17.8,124.71247954563661,123.85197985420167,71.36416010198556,79.82308959713258,170.41355189879224,168.0365685212377,136.22856932672232,138.10263947154695
535,17.833333333333332,125.05319272833968,124.67641315133939,72.0281634256792,81.10724768725463,170.6030915603624,167.96381797442626,136.57397909272441,138.38056789485879
536,17.866666666666667,124.23688396200056,124.11047726323804,73.12502399046325,81.18457442065032,169.58459052862534,167.37510826660093,135.75724512133334,137.8939176121159
537,17.9,124.86564648698563,124.2468104648508,73.76398755951888,81.54818721665364,169.40822209844094,167.1405278576806,135.35854543150154,137.35818452196273
538,17.933333333333334,124.5772388549319,124.23371302585586,73.93207715893355,82.07119665735247,169.19294439544285,166.66792136674752,135.21695484768236,137.3238948600008
539,17.966666666666665,125.5260008713304,125.19851278818062,74.21892457642656,82.00366447515955,168.68275123804008,166.73526640884657,134.71277580246192,136.9418132639585
540,18.0,125.78996335683861,125.01120704545896,74.52885707052664,82.06153631001276,168.3469061851452,166.02654634360886,135.20284498191816,136.53540501714104
541,18.033333333333335,124.82899836353478,124.49020548987495,73.70459878291115,81.86297286848458,168.74778315365344,166.21403335605385,134.9069116822032,136.413985035917
542,18.066666666666666,123.85922768518236,125.32077891581305,72.18868385220051,82.40680210644152,170.4637102039533,166.5265829246711,136.46263978982577,136.9798574334192
543,18.1,123.56900607668037,124.10949562273849,72.64321962044131,83.6938215252263,170.2591471623533,165.7255339937956,136.16565409713596,137.6598377837458
544,18.133333333333333,123.1433026090997,124.65234744078239,72.76122061374924,83.72158763403965,170.06450211783374,166.01024649089902,136.21013687785188,137.43947424422498
545,18.166666666666668,125.08900871236527,124.8790500629509,74.85649880754148,83.88421286351712,169.29813813525362,165.83446786694955,135.75379885240343,136.99981402418675
546,18.2,124.41715828723817,124.39063350353135,74.58936242793695,82.85280909973291,168.46819001455955,166.0925627620939,134.57475432557277,136.64804000261935
547,18.233333333333334,124.20239005101492,124.30079709999555,74.46480153264332,82.83025654922173,168.5250073751918,166.01857722963473,134.75108279486574,136.9142155265933
548,18.266666666666666,124.25474640246354,124.71441913127718,74.44247631587355,83.05911485820957,168.58323790363056,165.94275181028547,134.75066318311755,137.0072085966829
549,18.3,124.48365371322683,123.27030939591086,74.49258845024293,82.67206473320987,168.83508317568783,166.10175914030916,134.6002169686136,136.8877299770983
550,18.333333333333332,124.40679070774853,124.10700548506411,74.5160329038336,83.90401603714878,169.30807916620162,165.90510669516664,135.57493505439427,137.0512458740317
551,18.366666666666667,123.8432831168627,123.58987372675843,74.28947441846387,84.2038037376994,169.11957934194055,164.94271904458768,134.95315637085002,136.973726275208
552,18.4,123.60328970956918,122.59727348652231,74.64642797682806,84.44605201897066,170.30899118797103,165.05999465130137,137.35028901079343,136.8962839984808
553,18.433333333333334,123.21023707332671,122.34603506593706,75.62387165812504,86.01801403040218,170.92466923970431,165.33765062598263,140.18988625279655,138.43209317055002
554,18.466666666666665,123.07698945093126,120.9876515671665,76.15136301373518,86.44007757614564,170.69418439588503,165.4765027105347,139.82068940107584,138.78279963304018
555,18.5,121.82935631317828,120.3660691851729,77.0346458998443,87.00466452714343,170.64701559078975,166.21434078860727,139.55317535816604,139.55988572261012
556,18.533333333333335,122.30850432788034,121.652366332787,77.89698046368324,89.01469785255686,170.49259955669106,166.5067561784746,139.32682190647833,139.80858598900213
557,18.566666666666666,122.44714104464047,122.47570150415412,78.95325842187808,90.20125399264688,170.31003518280644,166.76727268769076,139.23410376646834,139.97244900037953
558,18.6,120.99255474310498,122.4658542946303,78.95605008921508,91.69830880505394,171.25452653109986,167.3311184520217,140.69402183053396,140.87703078812558
559,18.633333333333333,121.2805787897683,120.56315823284729,81.17381718636345,94.07227173224105,170.74717332095898,165.9736642430192,141.68692003955076,142.10293987665887
560,18.666666666666668,122.41658961545951,123.46316135562688,82.59030601662023,94.47196258755113,171.24868039621822,166.40207368078214,142.3866839051078,142.4285621615078
561,18.7,124.3713343689961,124.44669980606231,85.35173134993671,96.79505512153574,171.2996670886386,166.36036327558716,141.87596272928383,141.98696227525627
562,18.733333333333334,125.24836391169023,124.7344309869176,87.82987670388648,98.38092707533632,170.92842642249556,165.45004126499802,141.1916462118051,141.84721521204187
563,18.766666666666666,122.34995694253504,123.11590900951649,87.99544102549648,98.26767256081264,171.22778524494433,165.68062942267522,141.61334797466313,141.6963014192479
564,18.8,124.49030194432001,124.41330272874451,89.31396165666875,98.7894795677707,170.9310208341103,165.57627711866456,141.49512079218974,141.20520089564545
565,18.833333333333332,122.76375046063433,123.89655380744934,92.5026352259637,100.30823012308213,169.31558971681193,164.67194905799653,140.46410372280351,141.0393254314502
566,18.866666666666667,122.52040441319825,123.1951256187686,94.27099095512878,101.40044046468596,169.49927193621596,164.48294621876013,140.51980375845903,141.17989908418028
567,18.9,122.02517028511426,125.51158506833033,96.38900304981155,104.24171899740195,169.5267594297373,164.19127358732857,140.44436400638656,141.2407420748037
568,18.933333333333334,123.59459390794909,125.19529151343268,98.64523577799203,104.48246743964307,170.1593714576625,164.3019091697029,142.1588961025261,141.31815483384705
569,18.966666666666665,123.28408444035786,126.89615268378002,100.0899060332012,107.42846134973996,170.68352446165673,164.54987411660088,142.29549989023485,141.12555358576515
570,19.0,124.74692207541507,131.5330982420235,101.23429461923396,107.9552164917866,169.68550512473095,165.31169006464867,140.44952629482407,140.16295750323508
571,19.033333333333335,125.71279316467525,132.94570330574777,102.92814431254294,109.22165818940536,170.42116411823568,165.61359915830587,140.5524748905702,141.0615771719377
572,19.066666666666666,129.69069648706798,135.51972400164422,103.60799988643092,108.90276240493186,170.65203888379938,166.3387459248888,140.93470641680042,140.54467661085667
573,19.1,130.05553867784667,135.62899054783125,105.63093400190778,111.87111609495618,170.5065542190812,165.6475524235247,140.7600986412387,140.48623270342617
574,19.133333333333333,130.64553406243323,137.04513575933208,107.16702405522663,114.24258453308481,170.53719342213475,165.50514572106803,140.26928800798532,140.11291437846728
575,19.166666666666668,132.63386929789516,137.55319435877223,109.06744228947765,115.1834456998373,170.15071190031287,165.58110974917628,139.71174000766868,140.22275558354343
576,19.2,133.48815507582114,137.08160383865612,109.88367706210245,116.78767634506477,170.74758387826176,166.10779335003718,140.71493145584142,140.57321201434402
577,19.233333333333334,134.68606944262203,137.77278899991924,111.8711094104345,119.5883616656389,170.7557847622303,166.29033077091833,140.92112021461486,140.40202524014515
578,19.266666666666666,136.1610151018685,136.89704236156743,115.23860896211053,122.29881588756399,170.81857030311835,166.16744079484837,141.50338312311794,141.23827849546365
579,19.3,135.76176046566297,138.8969032413501,117.37958001214038,124.05319869216747,171.043571309106,165.1527879849803,142.23060131301966,141.28669482071797
580,19.333333333333332,137.86036397177088,139.13491827652655,119.8954157458583,125.85169217536001,170.8267332819771,165.50382300266838,141.84272552741567,141.52721774294523
581,19.366666666666667,141.34074042142302,140.75702978756468,120.77720141298408,124.81098557721258,170.86877077934543,167.21586599470996,142.054585093656,142.7360960653229
582,19.4,140.17305162735545,140.92274888216812,122.94420110117109,127.09495283204411,170.90253791463377,166.9016176358684,142.16603533761628,142.777539795939
583,19.433333333333334,142.74242314201112,141.56460206357838,124.57331824269126,128.733150682374,170.81637604510252,167.42816163778483,142.71372525125568,143.00081000476715
584,19.466666666666665,144.20425401199557,142.48167297012878,125.91756140239711,129.48081837348548,170.78361481888342,168.45400741775728,141.6106637827227,143.2065528976058
585,19.5,145.39161409348813,143.97141658297588,128.36701639114594,132.9335409706475,170.56803642128074,167.50492044752602,141.4245655331538,142.9957062920734
586,19.533333333333335,145.13602300561115,143.40806854409263,129.74649933123933,133.35075684669442,170.63765061177077,167.51596536802336,141.37401359582648,143.21139860510885
587,19.566666666666666,147.9882247757156,143.27678105313376,132.53425656877818,134.40757952407003,170.41626593749604,169.18689139744706,141.62387687062102,143.6642950677362
588,19.6,148.60035589904155,145.64270002582583,133.4903911303204,136.04174084582638,169.41093122772858,167.2049205356033,139.80780696505715,141.93702912168158
589,19.633333333333333,149.35307176339768,143.60539218371557,138.08656465389674,137.90980503616635,165.00864971967263,161.00929199708452,133.36902184062592,138.22920665706522
590,19.666666666666668,149.52147464676335,141.9315815368179,140.04265579300014,138.84729986455866,165.09959021044588,160.98319178456057,134.8573359736036,139.09420038454414
591,19.7,149.35839122014724,143.3321069669451,141.94290946026427,139.99811722880966,164.5864894557612,161.0651227872185,133.485397734444,139.614808665455
592,19.733333333333334,150.64886440871916,143.92849556427373,142.68643272655933,140.3730522447658,165.3895514438912,161.5627415473575,134.14874393516791,139.1716728599894
593,19.766666666666666,151.3830902418578,145.13699557143795,143.11461164983683,140.70685053762935,166.75895241472,164.32960440653525,135.24533625973362,140.49694409872023
594,19.8,151.32345588454507,145.83266924032455,143.94470126548214,142.0836742894325,166.11078675559216,163.14810402792023,134.9174103029094,140.28512860972617
595,19.833333333333332,151.65723468439407,147.77456141824962,146.09791495168943,143.65520061888446,166.70342274281916,164.80321437120867,136.25698702323828,141.32916067663342
596,19.866666666666667,151.76454998757555,150.18976111233695,146.48029451569116,145.05793249863478,166.0566638050557,166.03373660034293,136.55760256658854,142.6798984726015
597,19.9,155.47082702075988,150.58016197900037,147.79307805369376,144.3390595893976,165.12669589043804,166.12405974133532,135.8345032082599,142.10476892665582
598,19.933333333333334,154.68875288637935,151.01007392711253,149.25301415696708,145.40471071142295,165.46380312140752,165.9077946808259,136.18269761279544,143.1000774944931
599,19.966666666666665,157.34336982589423,151.599146541814,150.62293522970347,145.91506372137974,165.60397919596173,165.89172939400376,136.27377097750252,143.01021512671807
600,20.0,159.89826687158126,153.1986394869955,149.66008628077245,146.24615586041566,162.3441708616474,163.3300465343319,133.7033846134401,140.82653600785866
601,20.033333333333335,160.29637770225563,152.65940685014465,150.9192995328663,145.99971800091078,163.42310850839243,162.99540014229805,134.21506111566165,140.9104656967003
602,20.066666666666666,160.56049705022824,153.6475806218177,153.17219008730515,147.09307702088475,163.300828320997,163.28361542149,135.42880971918282,141.0258862033029
603,20.1,162.28508931713125,155.57719565472215,153.7055483621915,148.20704408157107,163.75236242049013,163.36658811256342,135.59576364244987,141.30994862575596
604,20.133333333333333,163.93866023737837,156.12436376123037,154.2943739536506,149.82752974577184,161.49444855623372,161.947198517138,134.64781057253037,139.52966033058405
605,20.166666666666668,163.46534837679286,157.2488391781237,155.34704427247297,149.90926991017807,163.02838928928523,162.12666506618896,134.61264986670568,139.9302876921561
606,20.2,163.30220848211687,157.89620397510592,155.41275296220496,150.64999943315397,163.75857896796606,162.3540401561679,134.27549688640494,139.89578391576205
607,20.233333333333334,163.18680162169264,158.6735877297766,155.8874517331233,151.03250181842586,162.41168463601136,162.05900096788454,134.05703907995726,140.82279703213499
608,20.266666666666666,164.15689212581765,159.3630190534596,155.96940850099207,151.80898909069157,161.57053615659953,161.54758337129098,133.9908053455805,140.57058215447134
609,20.3,168.83833559498552,160.5251598234549,158.49605172271174,152.6545539224383,157.32685057209343,159.2602301359859,131.3483580599737,138.69482433946257
610,20.333333333333332,168.9582533257972,161.13021558790598,160.08651811529495,153.7702821378949,156.62548915368944,153.9151211503201,132.08088314718074,136.69251667499162
611,20.366666666666667,167.86608202957075,161.11150281745577,162.06245684885747,155.23707049635692,154.6465836891366,152.79464156647288,132.80362086582653,132.84686217469346
612,20.4,170.28803061775102,161.9565637791945,162.01138795276214,156.88666655660487,155.7786437216283,153.14975516776386,132.48293592541663,132.858267672442
613,20.433333333333334,170.01166864797432,162.3107253092537,163.31965053728453,158.25528814727122,156.1959382619367,152.71113941649375,132.54429204426145,134.62975289657612
614,20.466666666666665,171.28635519529388,162.87284709651493,163.19994074518607,158.71454498174353,153.70064136563033,152.07624127033665,132.40088037464915,133.9263186308368
615,20.5,171.3412058503843,163.9527069932809,164.24275936007575,159.53602667128186,154.0715796446036,152.37866005666834,132.29763982431461,133.70071502596616
616,20.533333333333335,170.85974786277237,164.20644679090375,164.4409547044972,159.6050859458885,153.37643293728019,150.97391358734356,131.5253543092545,133.9815073913888
617,20.566666666666666,172.8267929128656,164.90567526542594,162.64777214422102,160.24352471805963,149.30391071036607,150.04373923352134,129.99047208049632,133.33128586572832
618,20.6,172.90199288840782,165.6214340428535,163.87260780158152,160.81264428195922,150.5758014789596,150.4220342058743,130.5731813492957,133.44595811911975
619,20.633333333333333,172.8953358405326,165.85369082346773,166.61565447688443,162.3161996936503,148.19991874127174,149.87414077284714,130.2117830256117,133.57390006747295
620,20.666666666666668,172.52669021408562,166.24530516033943,166.24230516136822,162.86900657325955,147.35812922172875,148.02493962268233,130.53325255171373,133.56985909224835
621,20.7,173.52965428770173,165.92444278989962,165.95438633393474,163.9751619638834,150.93302410306237,152.71198752889515,129.55227420522525,134.95631627695465
622,20.733333333333334,173.64709878339707,165.42759477014337,165.48724696554754,164.21521768023675,150.83734524538875,153.0400069740348,131.17538100181324,136.96758744343236
623,20.766666666666666,173.30351359641688,165.15793544955304,165.11510720174743,164.2965154709499,147.52879442993572,152.10571663622426,131.51494588791718,137.75570892140323
624,20.8,172.49021054968873,165.7108168010617,165.18822939307722,164.19467269131636,148.64074413737094,152.2375281549144,131.55681720075023,137.43166590174826
625,20.833333333333332,173.67632597766354,165.4790304504213,164.84461451891974,163.3671603956709,149.76389892400886,154.44164276834647,131.41124194262073,136.64216725303416
626,20.866666666666667,174.06833765351962,166.25009730393077,165.81114352977684,163.9166510687195,147.88311604942422,153.16545102199174,131.2785429013597,137.01919044584878
627,20.9,172.95230829453675,165.99963647771528,166.26958148828817,164.2955509916813,148.3524808653824,153.5257801372561,131.52071075196272,137.0406536056407
628,20.933333333333334,173.1775670254732,165.8379785633045,166.32589623816946,164.85410172694696,148.75527051244148,152.64041444274386,131.71273220608617,136.87794578197588
629,20.966666666666665,172.21363073374602,165.88561713362293,167.42115724421004,165.41782821909854,149.58637231221837,152.5389247356554,132.4413618369973,137.34201077246993
630,21.0,172.11624234869464,167.1671261451619,167.32316501931794,165.4858944184524,143.55730651551778,145.09281038363247,130.411467574291,133.60530638920133
631,21.033333333333335,172.39537210024022,166.80783768229836,167.0760841040417,165.5873498879024,148.0266629219586,148.59847998611565,131.48653378712066,134.4293957511166
632,21.066666666666666,173.2763121837147,166.38695657738305,167.27876180064902,165.67058561830618,145.93296485385525,148.22291746657996,131.93612192144343,134.8316524252184
633,21.1,174.17754662624876,167.44855432975444,166.90768687878224,165.22126977151314,146.4755159640108,148.81393966634442,130.53168215534495,135.0355661530647
634,21.133333333333333,173.53299818151578,167.001742337215,168.2184216508382,165.63463334628162,143.921336966376,145.9117586809629,132.12239707229142,135.31769008799887
635,21.166666666666668,173.18956999813167,166.9499358969034,168.39213060558606,165.69158373448937,148.11221642006808,150.24198498517197,132.42199672262512,136.23154954196718
636,21.2,173.17454850232537,167.93110460256344,167.62527766620954,165.08355326563634,149.7825914854911,148.97261939734761,131.35923764637624,134.598655957134
637,21.233333333333334,172.8422208741014,167.85499096580688,166.72308348777673,164.51816576167062,149.03110116738705,147.6201628010855,132.2317822518313,134.85540029418445
638,21.266666666666666,172.17991479441218,167.93733176975294,166.4165768240276,164.20522225548575,149.92419853450275,149.36463138228476,131.48811418284026,134.8327307415837
639,21.3,172.11965659513996,167.230689292692,164.86901713770894,162.4724988826966,153.06877431079974,151.39590293268517,132.07872130428652,135.21992039242406
640,21.333333333333332,172.84147644257413,167.00145280095924,165.58383347504204,162.6136400227348,152.19137552342,151.140750616616,131.93467180494795,135.01361656743552
641,21.366666666666667,171.37758129643595,166.74928082930856,165.51387301135796,161.91272553395683,152.00632365867787,149.94574711382074,132.7407304361692,135.87513466205834
642,21.4,169.92133690640924,165.841408830577,165.7950328218035,160.96400657218786,155.42116810390274,151.97672107432552,132.93630176591614,136.8748229603311
643,21.433333333333334,171.01093090803118,164.64768003880127,166.14155702709678,160.58611945172476,154.93961170183871,154.707752342456,133.51289019812458,137.86369527352622
644,21.466666666666665,168.93725020028597,164.40248307292475,165.81074506976455,160.15668813113484,155.30406970069555,154.77789811215118,133.90391475683694,138.80542150762605
645,21.5,170.3719050180137,163.88879874123117,165.33815594525703,160.15595502842135,154.91815374747085,153.1968599129558,132.99411827472483,137.68134661487878
646,21.533333333333335,167.9043253304311,162.87572256857928,165.84642590224365,159.30058759207495,155.87231860335515,153.29298162810844,133.53938378628962,137.82034731465293
647,21.566666666666666,166.96175795002915,162.71926781224832,163.2295841128085,158.62359203685358,156.4513178376716,153.34618228283796,134.67994377092248,137.96504397187937
648,21.6,169.52258158146586,163.12598549013703,159.67502988059897,152.4176662062519,157.82933054048584,159.9385699216544,135.0791941849023,138.1486078459237
649,21.633333333333333,165.52973461830226,162.30053092692037,158.60910233785808,155.17048588363565,163.62406211972979,160.61120124204442,135.96527033487396,139.37728651552413
650,21.666666666666668,165.45291759126204,162.49619778406623,158.2248017932554,154.73430919148322,160.44018072312664,159.53062534752047,135.39689245387186,139.5001929898273
651,21.7,162.68109405821167,161.74214761785447,155.824241867333,152.70093447716778,162.16637391154168,160.29065476110864,135.3151661315412,139.96054651543943
652,21.733333333333334,161.25517837063134,159.9562538134267,156.19264285356797,151.12776214486706,163.30042461345414,160.9163578598948,136.4148270505044,141.01437686851398
653,21.766666666666666,160.25026583097645,157.89015594857395,153.15303202210322,147.96866225366725,166.41414339373063,163.0871591726416,136.6847230377232,141.17800547738895
654,21.8,157.7064095471085,154.9322909836585,152.4476283563803,146.19360272138226,167.7506919198831,163.7464603117924,137.31607056388364,140.7968176447383
655,21.833333333333332,155.99267114716235,155.22296429973315,150.48486193382695,148.02563834943118,167.13529375745046,163.27653228928708,137.6715228985072,141.5970251301253
656,21.866666666666667,154.64011862510839,152.14165896444067,151.6257961671813,147.09340772221267,167.84383709842572,163.6459221991046,138.10857065345658,141.5607097562242
657,21.9,150.67116233917494,149.0046109560297,148.9847243630522,144.96116381480934,169.61198170097776,164.71448104560352,139.93207503055635,144.24133071059953
658,21.933333333333334,151.52975303188808,150.42773997136044,147.56215869670066,143.4898034242845,169.20570221016558,165.28954576782513,138.14506498969504,144.33394135169135
659,21.966666666666665,151.35078554053516,151.73330228761156,146.142739101072,141.63697906064928,168.53047020360538,168.56811057901652,138.31591844313195,144.8710023381048
660,22.0,150.2944207126015,151.19504402460163,145.67971223037046,141.00469929483006,169.38888475623028,168.97801299201257,139.54473696049396,144.34263223313917
661,22.033333333333335,150.33643233720724,148.59306991469222,145.42277623531376,140.586010103115,169.2442658590771,168.1581837247765,139.38655182740857,144.2821464022887
662,22.066666666666666,149.95662605676188,148.05103748692582,144.21712805860446,140.76373407488984,169.05053765484513,167.39942636640544,139.0771496626077,143.06814636235893
663,22.1,149.05386350874855,147.2611669530635,143.41642255020489,140.70957951144814,168.72460191758856,167.21080833009077,138.4452047921311,142.40926277475322
664,22.133333333333333,147.59956548841984,147.14532850083575,141.52000404379672,138.99530338405424,167.28493286019196,167.9604683098927,137.0808279651594,141.84368111149607
665,22.166666666666668,147.59040994195405,147.321384644469,141.87945364550075,138.44297490696653,167.1920358991047,167.77275258834416,137.50548137946603,141.8133459190763
666,22.2,145.95016235112794,146.99344831422104,140.94461764964382,137.81934163417964,168.01255352223177,167.91747392777881,137.86052222801698,141.96852945588478
667,22.233333333333334,143.58221421249533,143.50055441279548,139.9824828919434,135.50691858574834,169.05845114583846,169.17279264533823,139.22905993450576,144.78727891922028
668,22.266666666666666,145.00087180331477,145.0308195717295,138.01535273646994,135.2474476972282,168.78851774676613,168.54803281550232,138.49944674567158,143.6814687375621
669,22.3,144.08783061883395,143.48355238029262,137.89142664293058,133.5718951689412,168.51299700305162,168.82333578769283,139.0219490779989,144.21334993485243
670,22.333333333333332,143.25100601081613,141.92283697378065,136.16791604486895,132.57881812336925,167.6016505101544,166.3567684080567,138.48492444782605,144.07873958449252
671,22.366666666666667,143.04673545831017,141.6516568682542,136.3925849008869,132.04401428940164,167.76512872052484,165.99442828147778,138.5946116398423,143.37162846965657
672,22.4,143.1925227936133,141.1312312080461,135.17448571879288,130.42866410923344,168.13061395816155,166.61391776158607,139.45886481864338,142.73669992116984
673,22.433333333333334,142.33247502780733,139.67183785247133,133.34662192241,129.15273931188244,168.54578501560437,167.67201472819517,139.99028195197798,143.83429375397708
674,22.466666666666665,140.3863612038811,138.24950615192063,132.3486719842036,126.43075216267336,168.4666339397667,168.2110697992427,140.06408427634796,144.91240606301113
675,22.5,135.9929062755123,136.34846006927103,132.02549455886682,124.97480463680705,168.64683744573122,168.63511468980295,140.5202731411183,144.95304787110797
676,22.533333333333335,141.11401436826907,137.63421454459055,127.56138539311142,121.47261582143484,168.9801170647588,169.90144646218982,140.9313138009355,144.24419428793797
677,22.566666666666666,142.01709078343896,139.25552654661504,124.77300311245425,119.5742541554125,169.33403371517818,169.61006246477135,141.9492997535912,143.8571528389334
678,22.6,141.63523833669473,138.16390090358294,123.00940785086163,120.41552704546204,169.53119084254712,168.61997754294825,144.518922696924,145.62193371571828
679,22.633333333333333,141.8406955970376,137.58217410931786,121.55168751441335,119.37286867288634,169.65278854147405,169.38269393118753,144.9663324070631,146.80455808419813
680,22.666666666666668,139.07986241618875,137.43062637700987,119.72577564024016,118.44664105168786,169.4637192383365,169.42675160176935,146.39869940051702,146.50028252781345
681,22.7,142.18330469766514,137.79408956118675,116.63393596493336,116.40605682486995,169.8207930588114,169.5685367617434,146.4921780462974,144.6018244760799
682,22.733333333333334,140.66097038676938,136.32746109800894,114.66542449238511,115.33256481917697,169.8180372017072,170.26034123855132,145.67090325925173,145.16374576748487
683,22.766666666666666,138.62517580773905,135.645688234588,111.62463981002942,113.54668792655373,169.92542162944355,170.93311436420782,145.10562723751164,145.1939939788635
684,22.8,137.83585111910395,135.64596112269226,110.43362730962399,113.24560421338676,170.24449237242328,170.90625296711676,145.06598273254036,145.06892280360464
685,22.833333333333332,135.55973933979706,136.4780136072394,107.22549348146167,112.24122982563748,170.93085087403372,169.4822220451852,142.04971506408185,142.7316828991246
686,22.866666666666667,134.2572991452728,136.0663455718548,105.6466466657591,111.44493356522571,170.9408414157424,168.2167561057697,140.91694224312045,141.65703264670984
687,22.9,133.6060210794685,136.02928504512434,104.13093874429731,109.95538158696667,170.8909778778918,167.40780120829265,140.96135947561297,140.76790740025027
688,22.933333333333334,133.37591823017246,135.4157223514749,102.71951440728061,108.894742841176,170.7991247221892,167.0429836730516,140.74578126909853,140.93057022536817
689,22.966666666666665,131.86491085670312,135.3373527685835,102.28145752628014,108.73318330735324,170.62049242103933,166.56283704793296,140.89418959427766,141.03797226110314
690,23.0,131.63075910254835,134.7473494266649,101.42899215781267,108.16109109345416,170.65520308156403,166.52635336426582,141.33044099555437,141.10025820691968
691,23.033333333333335,130.75675440513874,133.99548063829786,100.92133123479002,109.10942574891902,170.22825632012558,163.79321902813143,140.5816563098741,139.90435186589605
692,23.066666666666666,129.8541840291664,132.9408659441542,99.72459210514147,107.44191004101761,170.12046843879756,163.85738782758273,140.7708832995551,140.06096266840032
693,23.1,127.79440908897375,130.0485730443075,100.02089765280775,106.15252722311104,168.9179893141485,162.8359634065738,139.8952295717546,139.0473369955324
694,23.133333333333333,126.83260827657107,128.2337588431443,99.05601576979352,104.92545305543044,168.7175153438475,162.4747631455296,139.638403296733,138.1152695722299
695,23.166666666666668,124.51939793024444,127.54450242663775,96.9573712185542,103.91203617088289,168.20872677664923,162.25941336730907,139.87245999555827,138.41285587995168
696,23.2,122.83235926123562,124.85208388272004,94.37130758773387,102.44210726649054,168.24328296081566,162.68880590025404,139.15269632812888,138.29866299031545
697,23.233333333333334,123.00562828280505,126.12346446023095,93.09356345487888,100.45335082218718,168.78451791739366,164.97900046342144,139.19906235636165,139.35122071348744
698,23.266666666666666,123.15393588214944,125.78362910147867,92.6660427412288,100.28746539143148,167.5111523621941,164.33579122048917,138.10222819414585,139.15837170722705
699,23.3,121.77183730198138,124.69313460245327,91.55998798165638,98.48782741549853,167.92771763208023,163.97782613228833,138.26311746968153,139.04091544223917
700,23.333333333333332,120.95492890642093,123.63629685984185,90.60519758991721,97.20740502943212,167.90146482764317,165.38917201588586,138.11804981507697,138.78341368872907
701,23.366666666666667,121.74659377826244,123.80625335878482,89.80065141774921,95.67564536085148,168.64642226320444,166.21190440436493,138.81015549070955,139.30669537540373
702,23.4,121.59709932507357,123.73624330117494,88.45101807416171,94.83756133319245,168.98293508406078,166.3380690447027,138.91097704252064,139.30656641684874
703,23.433333333333334,121.25982124120372,123.99453171782321,86.74740257234515,94.05228230866419,168.94979202637086,167.1528792311798,138.1439324273685,139.0861336286698
704,23.466666666666665,120.34535463768646,124.5203833552551,85.72250745115034,93.38706652056457,169.7344277677981,167.20252869884754,139.27812291261196,139.3620561413168
705,23.5,118.97478863080667,123.3533077656003,84.96352204119339,92.79684052521498,169.48445921005515,166.93255292961933,138.71138880077584,139.18019942900008
706,23.533333333333335,115.96795942352914,122.51178035124921,83.08091063261413,92.56742698777741,169.60493135442982,166.66868788957058,138.72795655932455,139.1471223654906
707,23.566666666666666,120.65343648960919,123.0939602858331,83.99189312661572,92.71016998116873,168.45866990741942,165.73956797881883,137.71555729063243,138.49071983852156
708,23.6,119.33513028523478,124.13051787355496,82.20463725227083,91.70924762467199,169.21206149887368,167.34882859953606,138.04805753421627,139.5459570927407
709,23.633333333333333,119.96730349093342,123.82655414709834,81.55874507234559,91.25707898511399,168.66842268761056,166.52236482352424,136.35279571487624,138.26949327656772
710,23.666666666666668,119.09685467743203,123.32857220773165,81.19031762451966,90.90556628988284,169.19651702812268,166.41112966556022,136.7765361009228,138.59332956210432
711,23.7,118.82205851368435,124.78024217245616,80.63957938606298,91.2459980828755,169.07343645142174,165.4452613314245,138.06975207120766,139.3275389928424
712,23.733333333333334,123.09474243648147,124.61792109716941,81.58933824726017,88.91570634137813,166.40724068873195,164.94697834982668,135.60922992757236,137.8431839477957
713,23.766666666666666,121.79558223086903,123.82380505033693,80.90357147029242,87.4133086095296,166.7594485622692,164.96116788049827,134.79992699709948,137.38299691590552
714,23.8,121.24658144684314,122.94626541211963,79.91626536728285,86.77669985708216,167.16788099257298,165.45721686117122,135.3014456704948,138.7919141649526
715,23.833333333333332,123.03006089374563,124.34963075796051,79.5820242433424,86.71329217867802,168.60445027762628,164.86334896286493,136.72579765590697,138.48000971591156
716,23.866666666666667,124.35199882313808,125.232738406193,79.93034342340282,86.13045946023999,167.0868799974422,164.38542497627785,134.81238857386973,136.42951549356093
717,23.9,124.48899497868689,125.32591524900091,80.06453259320045,86.03599813423614,167.7115206109908,165.48124279809335,134.0109567627117,136.90500914802007
718,23.933333333333334,124.57471745458163,125.21248956862551,80.30087332396576,86.06177268264113,167.74123904565485,165.35869901969645,134.8443820043165,137.19904174178478
719,23.966666666666665,124.11534226015846,125.04419917318883,79.77338889049999,85.89629304837874,168.02145522572317,165.44618042723798,135.2035746373422,137.19433223748064
720,24.0,123.88816471884485,125.42681096817728,79.12667823971634,85.03146454173852,168.71132128519903,166.09974788029848,135.76561334863658,136.54857397028545
721,24.033333333333335,123.69244405653943,124.77417092226239,78.68467769143473,84.35013505244241,168.97859196548265,167.2582744093995,135.35936276148544,137.5865606956993
722,24.066666666666666,124.51607091453255,126.68957678144741,78.6810871635127,85.13184505715937,170.8573662087183,167.8841944015754,138.13161958563123,139.08778138182703
723,24.1,123.44977362622974,127.0819040149322,78.42923526182277,87.8637262741395,170.2141769833588,165.3834815658743,137.51751395323694,138.37826986914882
724,24.133333333333333,124.33524021349471,126.22963924557506,77.34877179659465,87.12885059304185,171.78676250335124,166.30286199724162,139.21978384977885,139.4799419987299
725,24.166666666666668,123.7681227919623,126.14436334042261,77.83160828003194,87.13580161561482,169.31409543610232,164.8883459671903,135.69690631502888,137.971051007566
726,24.2,123.17797034143098,124.42898545797242,77.4736312354135,84.30719453442441,169.47034660967296,166.51395077063322,136.1984607039549,138.2146300158995
727,24.233333333333334,123.74672639290597,127.07249747827335,78.177416715974,86.03360202181587,169.01283719041143,165.8876331851372,136.04929268976397,138.21422292152775
728,24.266666666666666,123.64330905314236,125.33714512612349,78.1017598300965,84.14055609611218,168.5883334252987,166.30254551207466,135.55384297077003,137.39824492142498
729,24.3,122.9950476314789,125.92359134891963,78.07456776256558,86.18761152332824,167.80313809878405,165.07288891215478,134.5082338344867,137.28442623480692
730,24.333333333333332,122.83894028859649,125.84456671820072,77.85076266810763,85.73612001404479,168.30383481345999,165.85014938425738,134.7256718381132,137.87005193865826
731,24.366666666666667,122.77727319584712,126.27686943035337,78.03749882324551,86.72605290575994,167.98482145540308,164.98350731226415,134.55201939449725,137.4851117835221
732,24.4,123.7919773286548,126.35484032312915,77.53281931450992,84.82383843507782,168.96149293849356,166.68766491769122,135.83083472270135,137.54812210312406
733,24.433333333333334,123.93569591363492,126.58427784065458,77.13438742932118,83.48951022421252,167.81825041549564,166.92790758301075,133.7473919773253,136.6570726946317
734,24.466666666666665,124.29794139246223,126.52232095026713,77.06392845792979,83.85268862458616,169.4162907686774,167.61622602177758,134.75919192337557,136.91806861048576
735,24.5,123.65983379406836,125.95855182274296,76.87206037746567,84.52922990300517,170.1013881740968,167.29200830038417,135.85493108875593,137.39064813546435
736,24.533333333333335,123.82778413017097,126.01155896570363,77.68577603689378,84.75212027552028,169.6663642889076,167.1328174511753,135.7988741989035,137.13584656199168
737,24.566666666666666,122.76222184129048,125.19249135347899,76.85558390608129,84.80817304481737,169.62817746910005,167.17842425543438,135.02552010023092,137.22447280898575
738,24.6,122.7307563885555,125.07313890797907,77.74958802521432,85.93896131729178,169.0453626980883,166.05280905609231,135.2192382678118,137.03655728435888
739,24.633333333333333,122.77748706222754,125.48706272375584,77.71907291648219,86.26041097344356,169.18665550387414,165.95204275436018,136.34966950484372,138.24592060644372
740,24.666666666666668,121.55353585531942,124.29886202050182,78.14597428658922,87.18804584171347,168.9539743044222,164.75684449622287,137.01346112393227,138.4993643419193
741,24.7,123.63961878340808,124.30611848345161,79.01235973763494,87.26624271487607,167.57118688717648,163.6989426341051,136.23801274885574,137.36931248593254
742,24.733333333333334,124.84732724814491,126.18917122217364,80.25216030754324,88.7426051185059,166.5053653827562,162.37897379216744,135.63263326011676,136.35278092922564
743,24.766666666666666,124.95910749363686,125.94247508508168,80.47510206144328,88.42249759530452,166.46655438027324,162.7677340876281,134.4055092452629,136.61447170310564
744,24.8,124.48906395234818,125.32934051333639,80.50904415957552,88.22910487944677,168.32089675735475,164.5335011952484,136.0436049519137,136.80415675472855
745,24.833333333333332,123.16680546023622,124.98181775200398,79.88910194925185,88.39979125431007,169.08021993205196,164.92049757716882,137.70005491913932,137.46498327209613
746,24.866666666666667,123.34979120702945,124.741280045523,79.93900418935291,88.23321712748722,169.3953619872341,164.72688998425025,138.11521785325462,137.48638473154696
747,24.9,123.51244151969615,124.58444776711268,80.1013973007914,88.26492297646769,169.3124875665582,164.4705612861442,138.0065449689004,137.07666457204166
748,24.933333333333334,123.60590037013957,124.68798913505805,80.24447732579156,88.28778678270199,169.08574303439403,164.53926454074895,137.56940520245587,137.10681694500536
749,24.966666666666665,123.55452309191126,123.72750906852193,80.37233498595042,87.91238422767582,167.27499791048473,163.9739583113398,134.0620189332156,136.12079138589445
750,25.0,122.6778654496709,123.04253287744274,80.53258679856718,88.4770459175901,168.09311062583157,164.1534384475724,135.12967161171048,136.22066624868373
751,25.033333333333335,122.72496795380577,123.87095444862199,80.76190727713691,89.88092388744818,169.2674588931499,164.1535164277959,137.9493251401467,136.78022301682333
752,25.066666666666666,122.36952614276505,125.29667209152493,81.39879116119711,91.59790531677838,169.26120727978778,164.37885886594054,138.12768597938495,137.3987388451762
753,25.1,123.20361206257643,125.50884408790357,82.24960453141057,91.713435492144,169.1398122307931,164.36919083616738,138.2990140245721,138.074637536197
754,25.133333333333333,121.63690549279897,125.08024037362608,82.60809910067732,92.55076901853437,169.13388119782195,164.42582603771268,138.24027641666115,138.13375684267723
755,25.166666666666668,121.03486617503252,124.33513776333778,82.9671507176053,93.58205021010363,169.7539584340877,164.54544827164227,139.51922178003605,138.72202125311
756,25.2,119.87265688434707,122.27335291996333,83.7392770484455,94.8188689402422,170.77996744841016,163.84621704792355,142.39311131801867,139.87365995308718
757,25.233333333333334,120.14652895265253,121.30166523982246,84.4919999623978,92.67351084215393,169.04401283130323,164.5518054187269,139.08027683239632,138.50510922645427
758,25.266666666666666,122.70779856220018,122.75065752100389,86.72660384399016,94.03516854436218,170.49037793032846,164.9350189613482,141.38892750415005,139.0971069701739
759,25.3,123.02427743408366,125.3773034587722,88.23794049102295,96.89366084018486,169.63486993225092,163.66616925315748,139.79916743395194,137.96984975858643
760,25.333333333333332,120.13326784161215,124.9117566332414,89.25492899728403,98.29292132445352,169.50631849193928,164.16981676542528,139.34908636586647,138.58040253259838
761,25.366666666666667,122.89117086143449,125.65873984675007,89.72013625605975,96.46016219618504,170.5208593222363,166.4476200668121,139.00202145249466,138.07779518197322
762,25.4,121.44268851263648,123.85720120478918,92.99122538671214,99.56019623948728,168.75401006963781,164.03984832966228,138.6088448499655,138.21260379659702
763,25.433333333333334,123.61969614759353,126.15426858569838,94.66203248070622,104.59625648617319,168.66526657348552,162.9322229647366,138.00928525886374,138.27486168621823
764,25.466666666666665,124.59001941600086,128.26727898773427,97.72915173991687,107.08343933721973,168.27559582533243,162.1654594775578,137.6398096454602,138.1708821009631
765,25.5,125.64906677133952,129.83420993455152,99.58801775172508,109.19856719522181,168.40590334394162,161.0635009864023,139.36669221520597,137.8994501945393
766,25.533333333333335,128.00125661188187,131.95388745152826,100.27646868304691,110.44213592281244,169.55281957329086,161.7140984205691,140.455132166517,138.01693775598383
767,25.566666666666666,127.05349616707694,132.93227488549846,101.36678994246793,111.47030582900965,170.29780158974427,162.3400189400278,141.573303886309,139.17011543775993
768,25.6,129.05464055277912,133.83056239333027,103.20127225035475,111.95840283194936,169.69998395247393,162.8676106332467,141.33778025315902,139.64194073081262
769,25.633333333333333,130.52751580706345,134.0427486805394,105.83759382528635,112.5860359010325,170.02916923925818,164.27347166589843,141.6384907761498,140.1715715800798
770,25.666666666666668,129.13986678655536,135.37017319281506,106.97981830031347,114.25294005887291,170.47515698036003,164.77673165877994,142.7952811612744,140.42026234194032
771,25.7,132.82526150707125,136.8880499348067,110.20640642966494,114.86779187394936,170.75464462850903,167.71875333234215,141.71853606097855,141.7831490817875
772,25.733333333333334,134.78387624166945,139.01265893858033,110.58347336659853,116.7327827269057,171.3045029931771,167.59155548499746,141.89207492523136,141.58217843429557
773,25.766666666666666,137.38126643479936,139.62204329794895,112.95193201233462,117.22303494940522,171.41261528121026,167.57086420078346,141.71073273389655,142.49333787895824
774,25.8,138.2567016385269,138.6073978864701,116.2003217785793,119.49805212379913,171.45982718117835,167.21048798067753,140.9925896314529,142.4767606596264
775,25.833333333333332,139.89658333696886,137.07831334104668,119.36013649444536,121.98016391114709,171.4839413807323,167.03533244631083,140.50724458552386,142.34559663577247
776,25.866666666666667,140.39190016270493,137.76019647309636,122.3075765060863,125.46071665592133,171.35563042169787,164.53746733098106,140.6118941945763,142.83141328908212
777,25.9,141.9302345634099,139.60593221659985,123.40315263497642,125.58435572811405,171.21170497632795,165.3775617346995,141.74568974158635,141.37005788061109
778,25.933333333333334,140.9153486164891,140.57271201485113,127.49519337208663,127.21770946639603,171.57833189207997,165.5052865534884,141.3401471165349,141.5599894944622
779,25.966666666666665,141.85721923219478,141.40250095861552,130.6020366688138,129.54858598366954,171.4313744504926,166.72851580453863,142.3466888272563,143.60511689239345
780,26.0,141.12337498758478,140.63566383565177,132.28720962478835,131.01055710099163,170.43751037156827,166.36114677966765,138.62402832370702,142.76505975221437
781,26.033333333333335,143.09607839981052,142.81524464972068,135.91211301307155,134.60210345341991,169.3729697221825,165.57337919946121,138.35826662905677,141.8484915738999
782,26.066666666666666,141.267653326679,142.16939681560308,139.17609749537175,135.3566499939205,169.9202628081539,165.89033611378375,138.78821138422424,142.84315744213444
783,26.1,142.4003157583594,142.77450933471505,140.63910111637603,135.19867435072558,169.7186728733337,166.28462604381482,139.63279192936037,142.82267106474785
784,26.133333333333333,143.99023286104006,141.07612488783377,141.17204132175587,136.49656253255682,168.6807943684151,164.638886847121,138.5699953142771,142.39844901735106
785,26.166666666666668,147.72420856237525,143.00060644574657,141.58887309703476,138.36317368612634,163.69762075415488,161.4201818405481,133.9778887615469,141.67326122126343
786,26.2,150.37917833687965,143.53361273879324,145.0342210380996,139.43491176432622,162.84412493513688,162.44357186612,132.21932067318986,140.837775320667
787,26.233333333333334,149.97664931840933,143.5230118273205,144.12247731051556,139.49900566695595,164.20830852721363,163.21287276557624,132.30220293050238,141.20540608879958
788,26.266666666666666,150.99835215082138,145.0935618046704,145.02159187460663,140.4401369641018,164.91037139934576,164.8382010098752,133.69945560309785,142.45096508177681
789,26.3,154.5432233093151,147.11375785451304,145.37906723632537,139.2859066434497,164.11915838717945,166.2158913820357,134.38418732033003,142.13904371995974
790,26.333333333333332,154.13177437865764,146.01086095799977,145.83818780801087,141.7922995003251,164.43297754509385,164.8600410130886,133.53439386513915,142.52699843830194
791,26.366666666666667,152.8185671379467,145.24541702419683,149.02717975537058,143.7189530310185,165.1985112656938,162.97559893357217,133.38423899275787,142.61424264048702
792,26.4,153.6862010316153,147.50342577600645,148.61764894385493,143.70596982887926,163.68209144435772,162.33346670937814,132.63756494229008,141.31395559785904
793,26.433333333333334,155.54457903987642,149.20364947939726,148.44917015597684,145.33984464600118,164.19972108307314,162.550138984775,134.16201507571438,140.3254226735995
794,26.466666666666665,157.05810944855912,149.41222779419385,149.05926422075083,146.03697605892464,164.5220273835916,161.0916460658321,133.93183115045352,140.84622018299578
795,26.5,156.88932522213722,150.1041832956967,152.076164190003,147.10996057940227,163.1779210679188,160.1745957347059,134.82875801493245,139.59168802807062
796,26.533333333333335,155.31827444345572,150.87219270524378,153.30228710297453,147.36431498587896,163.23527233066852,159.0657345174356,133.33181351187034,139.89266821989267
797,26.566666666666666,158.46945367853488,152.55753427905753,154.50159221112227,148.77231472672358,161.72614361558806,161.6028759239793,134.04389464066097,140.23601848573483
798,26.6,158.16596079361602,153.70309322446204,154.75694508437144,148.55067090478315,162.36888451109246,161.69823171318978,133.39528947739007,140.65286367199224
799,26.633333333333333,158.50077495577486,155.80786088577486,155.84785039511644,150.28543738198726,161.5545665000372,160.81300064995918,133.61784511873697,140.58889167088057
800,26.666666666666668,163.29640557953425,158.2598040301403,158.75824505674908,152.66150248538185,157.71230863279354,158.8769851395457,132.33763206588443,139.7239370250223
801,26.7,164.05276862079958,159.4405028557186,159.4060121390752,153.4818567920198,156.5771829406864,157.63032257099553,131.87570064831922,137.625073829037
802,26.733333333333334,166.65205838450697,159.8577972929025,161.16696640733565,153.98999240893167,153.29777615862616,153.32453105423085,128.4446514201688,136.0938395800804
803,26.766666666666666,166.8086631674234,161.31590401454574,162.1946296991786,155.6085648089913,151.5389703841666,151.3314282123896,129.62518222526037,135.69151957535468
804,26.8,168.49705837900146,162.25835032223597,162.02172817795335,156.8912452329158,153.20125202851258,151.70463476660797,131.71469206198748,135.345520261452
805,26.833333333333332,167.8919675473811,162.78334566732272,162.32827440402303,157.49343043065372,155.72587095309777,153.13162952304603,132.6284264062543,136.2029319495789
806,26.866666666666667,168.63252765742817,163.89483495715487,163.5762854180801,158.24363301047495,150.4177169364582,149.95443040443206,129.03627582543353,134.3773659821655
807,26.9,170.5252049454964,164.35050945284752,164.76510290160346,161.20330387122502,152.08171143774956,153.36543771422086,130.99802324448453,136.12790263620042
808,26.933333333333334,169.8383643454096,164.61520904945522,165.32963706165555,161.87372277913832,151.70618417766568,151.19796685544128,131.03838379573156,135.60613420063476
809,26.966666666666665,171.6774619604968,164.0456163956468,164.8544230908325,161.5833444749474,150.93869198653465,152.8281210273767,131.22755216128988,135.79317578918088
810,27.0,172.00796950654734,164.2340980362506,163.57216057683362,160.90843333059146,151.22739519989432,154.79935466620665,130.5555136191045,136.6449089366329
811,27.033333333333335,172.77405951446454,163.0900578275636,163.04768905821035,160.72676270411347,150.7567418379862,156.33002080570566,131.0603036190628,136.47637130377487
812,27.066666666666666,172.61312044673554,164.42025829396366,164.59513127774798,161.3297931710394,147.86040570638994,149.412376656847,130.76290097297283,134.60473167222216
813,27.1,172.84521330648988,164.50816775255203,166.64208141650064,162.53919706649543,146.8284995928042,149.15847902910735,131.13344873853748,133.79074484709724
814,27.133333333333333,172.13261398775043,164.63963772730136,163.78832499556077,162.36807402112512,153.28220712778585,152.78408338593314,133.81311115638985,135.69719777122015
815,27.166666666666668,172.66796742704872,164.58186244584704,165.37990085664313,162.6584343987116,148.82309519195,152.13615091819375,130.8138762868042,135.7818606526965
816,27.2,172.421378071334,164.69053272943492,165.60723552255428,162.79600549880269,149.2839693254712,151.80431271576458,130.98018927424215,136.2312946174929
817,27.233333333333334,172.60274703193932,165.36414720098534,164.76210421218062,162.45395459639943,149.20691678083023,151.743102680116,130.65383175879822,136.47274284868212
818,27.266666666666666,172.65011220419984,165.82944192625234,164.86801637089425,162.08647800939104,150.24992395285315,151.55088094849796,131.39034377983688,136.00320712811046
819,27.3,172.82682121161403,165.3852501868562,163.28552980813095,161.726992364768,148.53991041268654,152.03125844995225,129.86485092485657,134.94156927764237
820,27.333333333333332,172.79062882698537,165.42277837171176,163.56336234487506,161.82353389134164,148.70462514132572,151.48988455148105,129.8454184125573,135.5037639437131
821,27.366666666666667,173.39496557920535,165.4502607668348,164.36071126772094,161.75871911374082,150.9488112845318,152.37840964618442,131.63232092314956,135.32671754950562
822,27.4,173.76760446266192,165.2043738770764,163.97875179433245,160.52128487632677,149.7140036163332,153.6170739626464,131.65283689157286,135.21768555894408
823,27.433333333333334,173.3569660670149,165.76426670581975,166.03151948504302,162.19527653981794,147.8494784067881,149.7709047795715,130.3916206426521,134.22136947000993
824,27.466666666666665,173.65320017996535,166.13195726729379,163.91498861126595,161.43260497896628,149.5396646232903,153.85580697230031,130.40282484058352,135.80187675078412
825,27.5,172.06892547456812,166.266086041108,166.2618703292469,161.68792611367914,153.05022403408705,154.89235333000295,133.2801694508192,137.05362055786438
826,27.533333333333335,171.40965367558493,166.3191700813049,166.58698953584107,162.44563591399796,151.8116277045134,151.5272686934671,132.80773303995105,135.80577845896676
827,27.566666666666666,172.7597719931384,165.97127861693926,167.02981880877948,162.84293480699418,150.73169305797498,153.30409506038444,131.70842807115,136.03667298311092
828,27.6,173.00275702910378,165.57751648706733,164.4863786741782,160.73900499812754,151.65070865717112,155.03098881748846,132.16372225592966,136.53243959632397
829,27.633333333333333,172.0366796044685,165.59138923815485,165.29191674092618,160.9552708921827,153.79114753740916,154.41550392476512,133.3264758964365,137.360123156797
830,27.666666666666668,172.0864091084728,165.53993061666958,165.16329233647838,161.57630217825073,153.39265684606337,155.05202839815388,132.94212030607193,137.34149423702738
831,27.7,172.98731591086474,165.28382241293767,165.30731234992535,160.9071850408124,146.80707658238472,151.35439791456076,128.19003888107764,134.63212641248026
832,27.733333333333334,173.1606653346987,165.21211098049986,163.90632798245278,160.2731131291535,151.066545661763,153.30472350239086,130.67683511213147,134.74682777742623
833,27.766666666666666,172.86378206340189,163.7685233053641,163.7046913654053,159.22743315303615,153.13860439975056,157.89224395356723,132.10419333064053,137.6147856014275
834,27.8,172.82487571097653,163.70780474764092,163.66887522408376,158.99037514749213,153.3599845154862,157.51734207916215,132.10652264161635,137.9829475070212
835,27.833333333333332,172.77294073265767,163.7267173828679,164.78366541307537,159.85830334629094,153.36792716356894,155.15160412988428,132.2961096199859,137.45970625545988
836,27.866666666666667,170.26395727229692,163.81608090096228,164.26981258134134,159.0462379261995,154.96098899992438,153.68149891979635,131.84985563357134,136.65299602977205
837,27.9,169.78208072389035,163.62029639226193,165.6081267475535,158.56600642525993,152.52871410752198,149.49599254600633,130.59979644772687,134.58626241687804
838,27.933333333333334,170.92033269748902,163.4902847990304,164.80267518337874,158.83810929833967,152.67395099772216,149.76053281256424,131.00015743603433,134.75625982439107
839,27.966666666666665,170.48648186130595,163.12090981132428,164.08268604115327,158.086272979491,153.1459410298062,150.30961709653562,131.19273816575966,135.3192767169072
840,28.0,171.11824269313163,163.10530471135587,162.99456429114213,158.09529251042414,154.43462272434473,151.16288003686324,131.6044626137472,134.24855175381177
841,28.033333333333335,168.2230711792508,162.3571919680689,164.2086174727093,157.33739112033552,155.35385036471388,150.89523216104013,132.6051310838051,135.49697076446142
842,28.066666666666666,168.1726409707961,162.5722204663624,164.0920915665491,157.160056274822,154.5491547427313,150.17009355797046,132.0947236248223,135.71606020055683
843,28.1,168.76328934118206,162.6384073489791,163.25187742324013,155.4814882128033,158.15497921920763,155.11376187359244,134.2702066394447,137.94963202176052
844,28.133333333333333,168.13688300914689,161.93488614400187,162.92072372044166,155.64252437126322,157.9615131609065,155.45516137305657,134.06832724129166,138.2333553430966
845,28.166666666666668,166.86624397825898,160.8971656340719,161.74501681202943,153.99566592769688,160.2639218767391,156.10243133695525,135.5421026317441,138.96834687865777
846,28.2,167.10075955166965,160.22823511578812,160.5612083133066,153.05212065319756,155.2124673760015,154.0348860876999,131.5947429168055,136.94526473376212
847,28.233333333333334,163.84535019499555,159.34738927341274,157.847430814856,151.7213362776965,155.9691652616811,154.77009585564218,131.53180152969725,136.93183612400216
848,28.266666666666666,162.3858981329115,158.4217043928455,158.0110867070412,151.50756117650192,155.98941090710426,154.75096432605497,131.67693587631663,137.3412282359645
849,28.3,161.22964018003552,156.34086970389976,156.00826969725486,147.2318706440859,164.37864253275094,159.20699630576917,135.43430720551288,138.82148685047014
850,28.333333333333332,160.5696825160824,156.10547350268493,154.53327988601418,148.0400366962329,164.8099112968342,162.23426059744196,135.1889941795868,140.4406230256252
851,28.366666666666667,160.17871866720833,154.93186701038644,153.9778736720984,146.38701311410665,162.2504033204381,161.30625277395671,132.27852981736888,139.2842086195841
852,28.4,158.24612138746429,153.93876811621786,152.44031144722578,144.57012441691225,164.75586774833664,162.15894075117458,133.87212737725062,141.71976092274224
853,28.433333333333334,157.0948424628806,153.6784810429646,150.26413094122958,144.18798904804908,163.64715255073702,161.1571593808872,133.36229796760657,141.06782411747716
854,28.466666666666665,157.24374598133053,152.6786805264628,148.8415795706246,142.7578674203258,163.06281519588822,162.54190334546192,133.69503753898348,140.8246886592662
855,28.5,155.2881230724802,151.86685051495047,148.27834220593655,142.81038897910392,164.61984012397792,163.8369893747532,134.7176913795949,141.9209411969473
856,28.533333333333335,153.5715611543487,151.0557436842239,145.58057117590172,141.78170165024693,170.01085389480662,166.12637212121808,139.7329645768843,141.7770539745637
857,28.566666666666666,152.69308468217682,149.8826278151131,143.97889425427636,140.8950206461749,168.42267117508257,166.6520429428931,138.29662304153265,142.362247718382
858,28.6,151.2759943678004,148.92300566936197,142.25562729475516,139.9120128679818,168.3082787845545,166.98687968394165,137.89975460212463,142.57458921808936
859,28.633333333333333,150.01417953119284,146.83382381747867,140.6930353470242,136.55904468656013,167.90193205734198,166.39965105634428,138.23276272196833,142.86831206070698
860,28.666666666666668,148.5584042508593,143.83941613767283,138.74261793697784,134.3476423918186,168.32157235524758,166.6176038702574,137.26668666342562,143.4640160086004
861,28.7,146.917990338378,144.48884175948837,137.56429832336823,134.43690006234056,168.5987402807287,167.2736810652044,136.73640695647308,141.5840274134542
862,28.733333333333334,147.04282965282874,144.71354329633866,135.73130552064288,129.7833157146229,168.83987694937002,169.4991421925828,136.62537040146353,142.55652696179908
863,28.766666666666666,146.16789819078576,143.7112537911864,133.20527148890505,127.18389316535368,167.3312360147554,168.72937468476658,135.80426795295,142.24537808349322
864,28.8,145.4169170110037,142.57752751176983,132.14686391457417,125.24643731700942,168.60622602782277,169.40680458164186,138.50927467325982,143.4114419091513
865,28.833333333333332,144.12270720328038,141.42768375795876,132.83288630745946,126.01334083546703,169.90517976236285,168.198668699107,140.98971576151672,143.2290111237686
866,28.866666666666667,143.38333095267276,139.9731216404716,132.1326865322022,124.37570102495448,168.32738109414424,166.81612685423485,137.99249760276834,141.24296387260347
867,28.9,143.43409814057003,138.57482882047117,131.3379330792957,123.1020625197404,169.662704364716,167.5459636983105,139.9893584621324,141.71203963444793
868,28.933333333333334,142.9066477503813,138.01117853202706,129.93670883024947,121.69280141263165,169.35399773658742,167.21092366782239,138.6507397847276,140.62725446558832
869,28.966666666666665,142.7837841835558,136.8051480743041,128.23529446331932,121.21839113049187,169.45558528008084,166.5128996679247,138.44463015595625,139.94049054582297
870,29.0,142.0847724180601,137.68218328342655,125.56421927245752,117.97334360170879,170.13097825747826,166.25428025567507,138.26069001386998,141.083775214061
871,29.033333333333335,143.8140136411459,136.60849823322897,124.3910840077512,118.64613445328258,170.16950138518104,165.85951201136996,138.33819910006326,140.95742013538785
872,29.066666666666666,137.6674457463337,135.80467733048772,127.03101087828463,119.95758337824343,170.5697922776348,165.64237607707884,140.70997776117568,142.23616218538427
873,29.1,135.5718662644178,134.40703161094893,126.3510663886211,118.92954016284831,170.50134431988934,165.5794328163642,140.4030189475109,142.01758659197344
874,29.133333333333333,138.72010530169842,135.40297304554522,123.21893080237027,117.42492354215982,171.03953789735246,165.9565319121395,142.59650420425402,142.4455150275121
875,29.166666666666668,137.91243212451076,134.36636144654673,121.77483292657726,116.48090517395359,171.06960567018356,165.8985121239729,141.17650060000886,141.75892423283676
876,29.2,137.58832904062243,132.50248989301906,119.81919535840969,116.0633111346601,171.28263497116143,165.98185085426312,141.85206636540454,141.44791062538152
877,29.233333333333334,137.3081502395813,132.22183953356537,118.04102488383354,115.27626994804379,171.3625913437327,166.0991387209496,141.32229080565577,140.81505654575952
878,29.266666666666666,136.86230297677213,130.84942940360338,116.22941958034559,114.86219429768964,171.50454403265266,166.0393032944602,142.11910599288058,141.37262122525246
879,29.3,136.8424686405222,132.13693637475805,114.3074833037152,113.80841995884757,171.76323508300334,165.71416332588504,142.10004856642854,141.1185206130067
880,29.333333333333332,136.9386070313804,133.88974374273045,110.944671893403,112.00018959401608,171.93178909594593,164.08013689796732,141.5808842462124,139.41352785493896
881,29.366666666666667,136.36436808938402,131.73370282212406,108.78775947317547,110.27978538832842,171.94751289326823,164.860337411759,141.0999753304281,139.55812315992753
882,29.4,133.82852757545504,131.08146717346946,107.07756505662296,109.56521078426229,171.81456087164028,164.12988062418302,141.39564540379118,138.6687101003908
883,29.433333333333334,133.6251006816505,130.09726440202394,105.11247540492666,108.14650574200354,171.8325321663054,165.00202729106536,141.78297668322688,139.4144382402032
884,29.466666666666665,131.09349113087958,129.0209331219231,103.39254883083501,106.05438649340019,171.87066609310352,165.83468085736283,141.8115997141207,139.5141556802882
885,29.5,131.59636944578133,129.31876968365506,102.86313561384458,103.8941102137594,171.88950226217906,166.53166699803248,141.47913142889465,139.06829016626295
886,29.533333333333335,130.1043985263421,127.72001485515523,101.74026319165155,103.40339140940804,171.92452191721216,166.34381762830677,142.2395377833649,139.6261730780182
887,29.566666666666666,129.63872407564665,127.15698330150072,100.96407256288853,103.03727769883795,171.81141720784083,165.8190099258998,141.48684935942964,139.97561620139672
888,29.6,129.77326044800836,127.06085242202657,99.9596886399135,101.55364835723668,171.92044704308867,166.60662363455228,141.33026803904312,139.4668366530153
889,29.633333333333333,130.65219838323677,126.61555474352788,99.27343830979333,100.15422788974828,172.03422620141797,167.24863281948691,141.81149980841988,139.79811987261067
890,29.666666666666668,129.02892479220895,125.26684256263539,98.84500431439601,99.68481993682616,171.6642782571492,166.45885502285662,140.3200214191944,138.86377455481244
891,29.7,129.30357068630772,125.64490378826014,96.62160564969525,98.5142549851079,172.19986214935182,166.70393878017418,141.70272435507104,140.3245260796139
892,29.733333333333334,129.29428153408665,123.97087710391084,96.75378462136943,98.80931499570275,172.13208756914432,165.68756006058774,140.77804147702716,140.5657326699454
893,29.766666666666666,127.76506855651141,124.14555870158298,95.0014000991856,99.92897097241902,172.16053879184886,164.68430687319125,141.53377515930507,140.88504245986826
894,29.8,127.51968270107005,124.68798192302029,92.85031866879659,99.29913229892905,172.06745991494014,164.43380824174622,141.32269826933205,140.3031695289131
895,29.833333333333332,129.90248979369244,127.06705733805559,92.91573151647668,97.59653940690345,171.59622768904467,165.24533808941882,141.87892213284474,140.1167572697828
896,29.866666666666667,130.99523610019702,128.89125121829895,92.07358791651168,97.17310556723385,168.66031106785238,164.45273209616835,136.41263639880327,138.1310381845249
897,29.9,127.7066194492656,128.56127597494762,90.39026072256439,96.99959981396427,171.127828900261,164.50817454447946,139.73289364557635,138.4398821861235
898,29.933333333333334,124.71770706292182,127.24337581628879,88.92408456222019,95.917347304206,170.96101748827195,164.78105186754354,139.35184119774135,137.47810994817195
899,29.966666666666665,124.04387459366222,125.47762672119492,88.2726047170732,95.07509361086998,171.37289122618284,164.37858578196193,139.71194339361762,137.4906645416344
900,30.0,123.02766818288676,124.20856092630939,86.89234664114886,94.32219728430367,171.53771916336026,164.4922923276927,140.22779396186584,137.90622221175556
901,30.033333333333335,124.84060209699507,124.9551147329642,85.99030742405341,94.23552093351731,171.52174195175775,164.52637762912065,140.442439711044,138.44422880743193
902,30.066666666666666,126.44433844191029,126.56038544829103,85.04405749024242,93.69078635208848,171.0770849072462,164.20081758683003,141.78047327550146,139.66484954358108
903,30.1,124.49189676506371,126.40298783552312,84.13254562738787,93.52572480942672,170.98376145789442,164.0398645211155,141.32281106019502,139.53413582831422
904,30.133333333333333,125.38756938350359,128.0181304131343,83.76398700782158,93.08968378594872,170.74690585770387,164.4462909848766,140.92143626024475,139.44134034381702
905,30.166666666666668,124.99710178939911,127.75298224542522,82.7766844582604,91.55012674801765,170.96749393171575,164.88545151412052,140.66392804233087,139.32163249798126
906,30.2,124.4290760019892,128.18493008294507,81.6466674459871,90.50712118221423,171.01863495909566,164.8909679399266,140.55717326428058,139.35166657711454
907,30.233333333333334,123.84157705568093,127.82444017389074,81.39621337934908,89.70030835060336,170.7897292528384,164.8435536496448,140.0413263863549,138.9581262892892
908,30.266666666666666,124.3781377584263,127.76086231203526,80.9093670728593,88.86683124082609,171.31796306151452,165.13606222313092,140.11334458505772,138.88453573319478
909,30.3,124.032765230058,127.76008477253609,80.47412733591395,89.00503491854907,171.47081271117588,165.4548337991401,139.8687329747432,138.42980906640497
910,30.333333333333332,123.19046047810104,127.57533259236365,78.98050141094708,88.58682394377304,171.92747802248263,165.8186742986021,139.93267333176465,138.82809208059072
911,30.366666666666667,123.84301207877303,128.07486088301278,79.25577821648672,88.70123280481253,171.9409050571437,165.84496774080148,139.8718953479229,138.89388733391485
912,30.4,124.6185008011691,127.60180066839035,79.59976434720453,88.57824048702072,171.89908592657787,165.91732502191562,139.36250148539415,138.77740523808905
913,30.433333333333334,125.43827012217766,127.27510155134179,81.20437822220906,89.50934593367644,171.12307366521244,165.38093660631137,139.39055402361797,138.77468035409674
914,30.466666666666665,124.55770253151856,127.22110868804451,80.77431516495558,89.41418555192726,170.7286964567515,164.8081631640284,140.62776098084618,139.28212173623123
915,30.5,124.2575522584536,126.82977822668488,79.58590727921414,87.13596992756754,170.94723811232956,166.18064973214715,140.44407690359864,139.65308415916206
916,30.533333333333335,124.27518936950165,127.13574062304023,79.19428531265336,87.3284745257626,170.56068850460733,165.19827667533522,140.83464108714287,139.87309979032764
917,30.566666666666666,124.52619839223884,127.33928837524869,78.56635544169232,87.3486176979235,171.05624596624736,165.14557163775646,140.96282531875508,139.33909368643793
918,30.6,123.68199280752533,126.97945535522827,78.48683012341712,87.23150503207074,170.87598552483246,165.22544057861668,140.67517656472592,139.3982844577756
919,30.633333333333333,123.47317670037411,127.32593483747982,78.15834974121353,87.31353642451151,171.0814404801808,165.54134895373463,139.13934869642068,138.9994355622879
920,30.666666666666668,123.5729011223613,126.24404327843976,77.43874720243335,85.89718983052273,170.85662124784653,165.73461198884837,137.81871605342897,137.75157786770572
921,30.7,123.2283285394921,126.47736056838237,77.15487035585748,85.82122520759205,170.0911375211757,166.00550310213515,137.87204053116514,138.3742767219329
922,30.733333333333334,123.48169947166703,126.43304933990134,77.22050115779338,86.0158093094772,170.34060016466867,166.13628380045256,138.58193533908317,138.74831673155845
923,30.766666666666666,123.25025103570508,125.86681023381895,77.2920192538494,86.28569941752039,170.55871132379008,166.25327664574598,138.35085525276287,138.547675752943
924,30.8,122.81472470962947,124.9869223839661,77.59711421601122,86.15712064585085,170.61118010767942,166.82314464898116,137.33843265277,139.0365839298085
925,30.833333333333332,122.80752647609263,124.33384776550241,77.70415473000932,86.1110151343189,170.01081794676543,166.06339832273525,136.8573470190789,138.31988683094673
926,30.866666666666667,122.54948025716115,123.71016924061773,78.10474345925141,86.74820785506476,169.86134570541594,165.36732224755255,137.49845947924717,138.71183799455798
927,30.9,119.5304185449841,122.98756033573524,76.94017727107777,86.79071973222247,170.01569633631584,165.5003413213119,138.47352897338303,139.44505688778236
928,30.933333333333334,119.95251167836543,124.06093156574744,77.34509776803297,87.02711210686385,169.9880544984081,165.41439388444314,138.26890823247,138.85219268639878
929,30.966666666666665,120.33352638502777,123.54901325762744,77.274849343847,86.70326491945369,170.10094552842813,165.56878892564743,138.077518262645,138.91150893076343
930,31.0,120.90897062065258,123.81322299361088,77.1243259219731,86.5862439719454,170.22325830638027,165.70939512085397,138.10741253082054,139.14380866457503
931,31.033333333333335,120.4373095636342,123.16134393261834,76.17007636845356,86.34749904398831,170.9448343675238,166.025352973644,138.70217446521653,139.40195636515745
932,31.066666666666666,121.49322381953853,124.10757269116621,76.5293560693785,86.44136326542228,170.96049516770034,166.04464429458847,138.85167832591276,139.36075089114044
933,31.1,122.53592758423224,123.53079449271154,77.32909836882887,86.05953956820828,169.9675927720033,165.64560680499284,137.52402447638775,139.00293450131437
934,31.133333333333333,122.92374431740468,124.2305393002732,76.7654608333688,85.8314077201985,170.48753694204999,165.92764521322678,137.40634286097605,139.06972623875757
935,31.166666666666668,122.27112161830279,124.40066541105949,75.48631568334693,85.47353678395623,171.0331624574271,165.8872402346091,137.83993884806853,139.86288885590707
936,31.2,123.12213841582303,125.01072297142035,76.01197421501753,86.07189959813574,170.98877601903132,165.82611538594392,138.60675745499657,140.9670012248662
937,31.233333333333334,123.4345808736055,125.88965029923824,76.1164692835906,85.73412537360225,171.1673980065518,166.29595109389052,140.62091066978545,140.95183417771906
938,31.266666666666666,124.36147267401418,126.09277917235511,76.65236988836259,86.00137368070968,171.2834649542254,166.16371970837892,140.52178082919497,140.7048295867713
939,31.3,124.04853260563294,125.92544755332116,76.65481473703184,85.99149453645973,171.15048835378593,166.12376654200665,140.26338921163645,140.4595843155672
940,31.333333333333332,124.64050589066011,125.83247270048935,77.17252623064394,86.19311454024421,171.0242887191179,166.02973065865206,139.18514114480544,139.583958547218
941,31.366666666666667,122.99240476271072,124.99478539491979,78.0795352386239,86.57022321370333,169.71419051776306,165.55021895493675,137.81098371072835,138.37915961418344
942,31.4,121.89620887807432,124.62375413832993,77.09959089395691,86.69824542066411,170.3181699768415,165.4165620351523,137.42575455761218,138.3243673805649
943,31.433333333333334,120.40515381679685,123.33013617640523,76.34976242949755,86.09572417055024,170.67508500845224,165.85251980256203,137.8753393789693,138.96916542105185
944,31.466666666666665,121.144016961128,123.45994001463765,76.5073055508385,86.22629604710619,170.70769584263374,165.78314349478504,137.79287275144068,139.09393651942818
945,31.5,122.33762484701671,124.90494845090646,77.78225303721193,86.89054849447544,170.50760601547054,166.03879083354244,137.79429914236178,139.31648309191422
946,31.533333333333335,123.12214154714745,124.79504373441584,79.27616457814037,88.09933826005567,169.95734593080132,165.36975473168843,137.74746376320616,139.3102170008285
947,31.566666666666666,123.09661992423669,125.5563386370938,80.43654407440994,90.10128371833949,169.97878526784413,164.35717855857476,138.71414334200102,139.42348341472527
948,31.6,123.3397224611349,125.08940915160925,80.82873507465362,90.02554613324898,170.18198669952153,164.28488844331818,138.59725359666334,138.95017545175403
949,31.633333333333333,123.1645555014269,125.96442498241582,81.79938827511198,92.93695383474325,171.521933379123,164.03480410394596,140.93394745101887,139.28149648978172
950,31.666666666666668,122.37711838247712,125.26485721805821,81.80637140180207,93.33903290664907,171.18588233787185,164.4372998633212,140.66709300094587,139.3972141506526
951,31.7,122.4147373716529,126.20498794045741,82.61024758278327,93.76891363736179,170.7566285751558,164.51467944581037,139.7643957416979,139.25369553448553
952,31.733333333333334,120.17134966573047,124.42477114021229,82.46419875657898,93.97486542321235,171.4051995854129,164.98517944808435,140.8081783139477,139.6424171091313
953,31.766666666666666,119.78883544820624,123.31292039827319,84.58970043410687,94.50414026647545,171.21255849880788,165.11357433043506,140.64091994730262,139.73040999540206
954,31.8,120.55454179638198,123.74031176172376,85.57786722514894,95.11242638727416,171.27717618834254,164.83509271761778,140.2243251145985,140.826673803958
955,31.833333333333332,122.66439562279892,124.47643936828516,86.75397146588091,95.47497585521394,171.72878162582003,165.181140595704,140.06608767467927,141.29946739486303
956,31.866666666666667,123.76047031351018,126.07456264165909,88.61446602648792,97.47065879311131,171.21884419829524,164.97685335933232,139.85037820542294,140.81407470066313
957,31.9,125.27526198933221,125.66180700970692,90.1675242906467,98.44052357478948,171.23025465596152,165.28638176596417,139.96754305262445,140.9139057837219
958,31.933333333333334,126.74808698082451,127.13833958081493,91.92397580151751,99.46116604128422,171.04307509427753,165.39724434180548,139.98385085563277,140.46600664018277
959,31.966666666666665,126.04376453250316,126.03009726854899,94.4287377814978,100.8938355081536,169.3273627345447,164.4186380275252,139.19618525762039,139.58650299951947
960,32.0,127.21085534418789,124.6195115120534,97.30516872892129,103.24218427261252,170.5107314088436,163.24292001762961,142.8889281616875,140.6735816596993
961,32.03333333333333,127.98247958047477,125.197246758637,98.69449020973293,103.58357615838099,169.2010467020997,162.83473545828605,141.37688568153905,140.11980559154017
962,32.06666666666667,127.54017360241299,127.5868265283901,98.62577399328738,106.07636222083613,169.82403435231777,163.0552167924034,141.14683343968403,139.85920319383058
963,32.1,128.53691728264593,128.4524382992436,99.41353830309866,105.15554639663583,170.71244358481474,164.65966806816166,140.9896972122764,139.75101638043057
964,32.13333333333333,129.1741807406901,130.82297413020214,100.54840879853664,108.01418685663015,172.05495530214495,164.46120514397012,142.92216933736995,140.10540131681205
965,32.166666666666664,130.8783469650619,132.88847058791748,101.94111268949344,108.22897327255981,171.8749024618166,164.72798508546097,141.65450444527312,139.83767487530235
966,32.2,132.1098541714774,133.7551456515276,102.83273701494387,110.27560752504158,172.94368328634113,164.69381330029162,144.21471090999754,141.8672174784284
967,32.233333333333334,132.88505040730382,134.31263633410452,104.4160602157262,111.19253225609204,172.96221787486104,165.14475116010536,144.10780110267697,142.11977773729814
968,32.266666666666666,133.74829152954172,135.63401777177546,105.67735664097309,111.4806001021638,172.64870070987214,165.58027695295863,142.20146044841823,140.51535384118435
969,32.3,130.80397626330753,136.03165645070018,105.56020345162992,112.27822640756384,173.15551997814615,166.7482935834931,142.73983385594425,141.60564585952326
970,32.333333333333336,133.6836908639291,136.09022350035826,107.16368236011918,112.54194526113986,173.12323197961823,166.7919147783776,142.9775187026348,141.50000083862653
971,32.36666666666667,134.6910379431969,136.77399012651284,109.67495965047124,115.14262528985839,173.10423032741002,166.25872966860868,142.56042824111296,141.22338183325792
972,32.4,134.32954657143287,136.75876256385087,113.36554155381292,118.5039604153637,172.63326466146648,164.29718826960553,141.79240068271773,140.84703268917832
973,32.43333333333333,135.3976852908272,137.52515435859877,115.21715553700514,120.52346501464191,172.53262081609896,163.9048047273786,140.9885536915361,139.89575311381765
974,32.46666666666667,136.93706854179877,136.56641913629718,117.73101922541234,122.22497231637054,172.01404578055593,163.5978946329098,139.47362637858942,139.3786082437701
975,32.5,137.75192868351132,132.82507745136922,120.5919974785895,124.97945889731079,171.53580761046024,163.4992225713888,139.03750182201534,140.06827714038167
976,32.53333333333333,138.61741232150703,136.13832578264078,123.76672009474119,127.05877465484977,171.3118824746413,163.2892095374992,139.5900359004187,140.18826193772412
977,32.56666666666667,140.69270520555932,137.34741746537063,125.0951254484638,127.52365777375752,170.97446941219357,163.35122164413954,138.82470143369247,138.6962552306148
978,32.6,140.17082054621335,138.86115109359824,127.81499080415864,129.86530618400803,170.93188634692802,163.29864280828872,138.80562368274502,139.89644736407567
979,32.63333333333333,140.2574168038833,140.7071917593399,130.79287213935743,130.95747009720716,170.5872064349332,167.07096561725567,138.7980587339183,141.97319385515476
980,32.666666666666664,139.2093128872291,141.5326800647256,133.80154591529862,133.23984443903598,171.6253271287803,166.1746106094141,141.62497447898303,142.47239399248443
981,32.7,140.56300741415797,142.28386853285755,134.90215363917582,134.79671700010732,171.6680089762786,165.14443933056165,142.05432300903817,141.75024442212074
982,32.733333333333334,142.00918017333447,141.50023180054697,137.56649352851906,136.71097441065902,169.3429632252502,164.5962338606559,139.6669504783399,140.56694433575228
983,32.766666666666666,143.4714829856082,141.98709894905843,138.7966648129744,137.04103035483294,169.59115022423546,164.5982515474801,139.19132907752171,140.9113116828262
984,32.8,144.35689669594336,142.5230098061399,140.38513003976374,138.15492188077474,169.0822199230944,164.74271537878795,138.75967436398676,139.72523472871404
985,32.833333333333336,145.76292928075148,143.33859122661954,140.0425792996924,138.69527351718702,166.68432598405636,163.86721713622407,135.3223469205464,139.4792827970226
986,32.86666666666667,147.25375345828294,143.85572468820928,140.86816268973652,138.74527682703115,166.81894131799785,164.45517698110132,134.81789798416685,140.18201411323366
987,32.9,147.72858629139233,142.3706064862058,142.38369947144406,140.52428967173873,166.52164133052938,163.35380397045395,134.59593780150595,140.23712497506367
988,32.93333333333333,149.18451098621455,143.7930872830903,146.0383544025721,142.2404188971016,166.18673914112853,163.64872846248247,135.15445062960694,140.05944990225763
989,32.96666666666667,148.01446227723102,144.40798788585548,146.96946377489883,143.72022663758588,165.3018025988094,162.79243263670202,134.284006002206,140.26711329328134
990,33.0,151.3614457612974,143.58717759692024,150.15338353001408,144.96786181999047,165.080885560981,161.27619048816626,134.1226431853749,140.1307124655164
991,33.03333333333333,151.06445099370166,144.87535623150734,150.3542168622591,145.66680585132022,165.44327952633645,161.81513666995713,134.5545696733086,140.19686538705693
992,33.06666666666667,151.27194704185482,145.3481028181784,150.93671738745948,146.06897472488743,165.67379558088498,162.0250686336811,134.35569846007382,140.47056348290107
993,33.1,154.4189417923846,147.01606319975232,152.2428591635249,146.71459580148075,164.73172221725002,164.4518386408759,134.79107505378795,140.49464387989366
994,33.13333333333333,155.23715445412853,148.92731704846062,153.13003172049068,147.63345249678827,166.02694873327863,164.783080157358,135.9382533749567,141.287873550921
995,33.166666666666664,156.33611856648048,149.8485751979644,153.74877993755658,147.79918979900637,166.76405001114944,164.63466931300874,136.59491376838395,141.26089217681988
996,33.2,157.40438631035815,151.12009429543855,154.23248803167564,148.38273387362955,160.69099522946422,159.4205447246269,132.63897119876674,138.7969934475046
997,33.233333333333334,158.7280361058776,152.7071542861081,153.58134885876726,147.72385301468583,163.4023659194114,161.2350523066525,134.1690279390093,139.0193056281233
998,33.266666666666666,158.4091283933281,153.4592440838359,156.35265853509722,149.20049926096732,162.24624762252236,161.7043441328537,132.76430997040205,139.6460788950475
999,33.3,158.8082150768591,154.2453297562731,157.1557165259133,150.54981212077388,164.36279910818917,160.7930912617061,135.10608293667835,141.00162790516072
1000,33.333333333333336,159.18096054698245,155.03076133958695,157.03688972232095,150.17670709580295,164.33058949760886,160.86297016269856,135.47781778538015,141.0349049927239
1001,33.36666666666667,163.30214946296414,159.08622869898858,155.46057518548628,151.82259524109838,157.64627459631808,158.7911608292717,132.58616035063756,137.7051908717253
1002,33.4,166.18557816860914,159.60409836748994,155.32983320652914,150.66627578501158,158.53647316953743,159.9671456932774,133.41105869676315,137.60355941312332
1003,33.43333333333333,165.82576041375765,159.54196324636405,158.04485044474492,152.81254525789842,157.1752430359226,157.28143593225147,132.95494709858497,137.48467903843766
1004,33.46666666666667,166.89832612856787,159.922237307266,161.04259301748462,156.17273168529738,156.76574099103522,154.9894823429476,133.36076190848885,135.77665799655
1005,33.5,167.70227721386468,160.40008057758087,161.28808177591313,157.18394365524955,157.24601127755216,157.17514846286815,134.5240381611945,136.77639096003273
1006,33.53333333333333,168.74329931835067,160.71882581131808,162.10008546222042,157.4236840036947,157.04571239836233,157.13989305274373,133.74881252129003,136.88417311142157
1007,33.56666666666667,168.2700831969054,161.02280593471306,161.6806954065735,158.02354297872222,159.52737749653542,156.2444927029498,136.14498139914218,137.22826290151562
1008,33.6,169.1590617714029,161.4090376656177,162.14231997687565,158.61548639840166,157.18122555267897,156.17185218773142,133.68067463155813,136.83839311088693
1009,33.63333333333333,169.0433143733438,161.84312197059575,161.8397032626237,158.32043742661162,156.5875167227892,155.87608567709495,132.77563496007403,136.70010370531946
1010,33.666666666666664,168.55427833385562,162.20701258462555,162.2992847325589,158.69330328191919,153.4280663375898,150.37820044067306,133.14636616006734,134.71815994272384
1011,33.7,168.94849985292797,162.01235117006146,162.3421296919242,159.70139408809047,154.14235833602564,151.1150656265811,133.39637024106824,135.0897781037515
1012,33.733333333333334,169.4463167914516,161.88647394121134,160.67631135938902,158.68795998292498,154.42289946312022,152.21524389373727,133.1586394294262,135.45273077374512
1013,33.766666666666666,169.81788553339408,161.6967475239126,162.92730900240747,159.71605331603737,153.7311030639927,151.84382865914358,134.07650097188747,134.9974378443298
1014,33.8,170.38260001240596,162.08204007156215,161.89608595947507,159.74490086149567,154.367725534532,155.0170586159749,132.72989990868382,136.61213116790327
1015,33.833333333333336,170.40006682559377,162.2240723899391,162.22691610160862,159.6545961689823,153.02024299923428,154.68295260179025,132.66761731104788,138.23883782044237
1016,33.86666666666667,170.70152577484154,162.55283966497194,161.41588609144844,159.39196743860415,151.1748295684719,152.78485082949538,130.97033343880136,136.59904378612444
1017,33.9,170.68316700524963,162.47473313243623,162.7190607901774,159.71105621073707,151.62836755483877,153.58196260143077,132.02901401475407,136.62276250381694
1018,33.93333333333333,170.75083042623285,163.17799597955297,162.00866997732123,159.0613721741443,151.1410940035615,152.19633308747336,131.34754875065525,135.96968014208878
1019,33.96666666666667,170.8758253235812,163.95740520302132,163.52947315591229,160.66911698532195,150.49367488339772,153.26440935414055,131.50290770971245,135.8593368254915
1020,34.0,170.74361204265753,164.72654136741082,163.54596523047147,161.0975118129353,151.34215480218597,154.14645328344557,132.1947645833388,136.71563464478183
1021,34.03333333333333,169.87017098034627,164.6861546905326,164.801573405844,161.053500109842,150.96626290323297,150.45245813622986,133.54534712344943,136.5346901922849
1022,34.06666666666667,170.06547046710457,164.81166142220434,164.28625831338852,161.61503036227748,154.6707025971532,154.5329230767612,134.77008885945037,137.56838607725757
1023,34.1,170.16965294577298,164.56602037435354,164.07189495889978,161.57505153057232,152.41896152510188,151.56155514853975,133.07811088707834,136.5957973787464
1024,34.13333333333333,170.22632181481796,164.55980426797905,164.63338788889607,161.89639579678465,153.8244216517961,153.2826501008398,133.54969920151265,136.21472882041053
1025,34.166666666666664,170.53654714300978,164.15475058935115,164.15402542765165,161.93437380289714,150.50899804938797,151.98388568117252,132.2269281456939,136.94279732176156
1026,34.2,169.27003831002236,163.9500203596891,164.98840982768522,160.99996510016675,157.14781503281145,152.50791041136253,135.51233216888923,136.43627482557145
1027,34.233333333333334,169.38483767775097,164.28025656238748,164.56311450882802,161.60650642651262,156.30929157893044,151.85237530712976,135.0791745311059,137.6472648214275
1028,34.266666666666666,167.98326047974166,164.49899944942098,164.37254124179,161.73431812920765,155.12032459640145,151.49647233748064,136.26335300155407,139.06039790225066
1029,34.3,169.54433369896194,164.98638695228712,166.16418149524642,162.50503671590016,153.99654047614163,154.26062865864506,135.22267103387742,138.56109027447707
1030,34.333333333333336,172.33159874165054,164.42820776349612,165.7552800167834,163.64642211989258,151.70478842070608,153.15518707785233,132.9046509878994,137.7096612513864
1031,34.36666666666667,172.55512349305857,163.89248547365037,164.77346551413478,162.90790786140485,153.07525619036997,156.87957233177053,132.96410265625357,138.62701170881115
1032,34.4,172.58924351167343,163.99439321831088,164.37366302811165,163.1297468347176,150.38461331382223,154.31869964138946,132.05542113146578,136.87941156818786
1033,34.43333333333333,172.06034973657833,164.8855483803661,164.95577005871604,162.84384280323266,150.52010643914917,154.0326034867489,133.83621562251562,137.57798217652163
1034,34.46666666666667,171.7665598238698,163.96055130469534,164.95815536953887,162.02558613881814,153.93351596850772,154.73412270273553,132.6786200119486,137.6025699955762
1035,34.5,171.34541998822172,163.74240134979848,164.5394369220088,162.4567541376812,152.1424047064234,150.28253826778607,135.0078306197257,135.20302267010172
1036,34.53333333333333,171.23181520618022,164.10684404375962,165.5668117065278,163.35691305364992,150.4460641024076,151.9795186857136,134.6997787950083,135.51521234045177
1037,34.56666666666667,170.1672615352613,163.6918007084518,166.27534719749278,163.50467183986655,152.899891594841,153.3231194413493,134.7048109852788,136.37833664495355
1038,34.6,170.11123143095443,164.5575607856637,165.5525574984166,163.2192324252991,153.71971470129964,152.3591825821699,134.8282916351652,136.4715485755676
1039,34.63333333333333,169.73299161838622,164.6519063407449,164.94510144202627,163.30509371759035,154.46349783264023,153.11721174102087,135.39076769966837,136.80417153049612
1040,34.666666666666664,169.7416545700659,164.71855744971322,163.86985343669426,163.0619145031062,155.4376452110521,154.40549977749504,134.22881554996817,136.64508041098608
1041,34.7,168.97351481772438,164.8900994444243,165.01675356068458,162.56035427018747,156.60395827013465,154.68718135018625,135.08158181225244,137.23430427538685
1042,34.733333333333334,167.4671675923243,164.24241590968643,164.2056542851401,162.19192135092015,155.54347043703422,150.87758212413215,133.06136966422073,136.3283942242573
1043,34.766666666666666,167.63050272983685,164.53788365565063,164.06215750182784,159.8020090677618,156.18024679250868,156.36405115595417,133.52136415915618,137.7518764332334
1044,34.8,168.85495256346837,164.43903796752164,163.59428343764404,160.02262056964,157.32287366942919,158.58993163030001,133.52281225543953,138.22566206809333
1045,34.833333333333336,170.16147122527434,163.85468198544734,162.74999869459901,160.1043147688028,152.78477921871198,156.27314156621458,132.14205364621174,136.95930100746364
1046,34.86666666666667,169.30790752519835,163.89144509836981,162.6089226590122,159.7165854736203,154.99871850118953,156.93468216732458,133.12828984118764,138.61431406810772
1047,34.9,170.71196729049214,164.4701094819674,161.26548163531837,159.01724397895745,155.11837599420335,156.30615404503789,134.25628928512245,137.96012974047204
1048,34.93333333333333,171.03870415229784,164.22661903484592,161.71365302614737,158.90925506957944,151.51532483519958,153.23402902879192,132.08143018093574,135.53949957266508
1049,34.96666666666667,170.52366450935867,163.71992929947268,160.53380315967678,157.03867669937028,154.14497456306103,156.90383772172038,131.67779891920642,135.5702506560087
1050,35.0,170.30170292602304,163.27666072986054,159.9321858451949,155.88854674129732,148.59879788920168,150.94206789562566,127.7394932494284,133.88272430427014
1051,35.03333333333333,168.67669523485944,162.6409254177277,159.8243469100371,155.89105386899408,150.85821813131582,152.4712198239477,128.22132603447528,134.95327345530785
1052,35.06666666666667,169.06255120441412,162.1065666421767,158.0399420624378,154.89301576020006,154.6649061382395,157.53796930527392,131.53313324847198,137.5326887192004
1053,35.1,168.74288885485123,161.9540951622607,157.08864064331377,153.17736336076396,154.96761018385735,159.015357883325,131.63815771791442,137.79393574763483
1054,35.13333333333333,167.63031688100486,161.641420777261,158.83189378017966,151.60070514990332,159.9746034456083,160.30017006618053,135.32781402503963,138.67347825762894
1055,35.166666666666664,161.3243787816441,159.0195051324375,159.1039798677648,152.33603497632046,165.1125458158944,161.25310044627685,138.87905699687153,142.28740878091384
1056,35.2,161.20407570337127,157.5589488230083,159.47476308427622,152.5598906903226,163.90772357407536,158.9358278107689,138.81687247826665,142.23972173983717
1057,35.233333333333334,161.2249263911423,158.52173163956004,157.66412380614582,152.7426435564815,164.05219078407742,159.11474611385353,137.61098481758333,140.97300056067218
1058,35.266666666666666,157.3547335611207,155.38769112594,156.59958850305895,149.51218641873942,167.7194833962202,161.5479110993341,137.8189139877741,142.49334284047723
1059,35.3,159.58426484569392,156.01167870488212,154.72888331347252,146.0314373482641,165.913682495078,164.70409766937635,137.43280548503253,142.232064157131
1060,35.333333333333336,155.6849632149394,152.73502099539752,153.50943141322014,145.05542538846638,169.00064005280146,164.47615072915104,139.24294895648634,143.04017475024298
1061,35.36666666666667,156.33419018330645,152.49250175181731,153.74870294187446,145.78105648180644,169.91878267536518,164.1746004895308,141.53591285017026,142.31749527601
1062,35.4,154.77284521358072,151.9550248230575,153.67702764856529,145.99961732443901,169.05052588142064,163.7701158491239,140.39846144924218,142.82845834866785
1063,35.43333333333333,154.85542356767422,150.32554078916237,151.529795555647,143.68944601233426,169.38863805269656,164.76662543300833,139.48990843751523,142.6030119703119
1064,35.46666666666667,152.25688393730056,149.36336354199082,150.22798081523953,142.72830723209577,167.47622251677197,163.09298697780022,137.64048759803563,141.44194620676456
1065,35.5,152.60095744536753,149.9293994898527,149.48310340006358,141.6550545443433,167.1174838388023,164.0559223236081,137.93017828474805,141.8045722714871
1066,35.53333333333333,151.06181736949048,146.74131738564145,146.59703570088928,139.16472145055255,168.190272785072,165.26219551258006,137.71009408501854,142.14364169987314
1067,35.56666666666667,150.64643660054787,146.42769791458045,146.011514236785,138.57556263904547,168.7388603020424,165.43999416790632,139.12684848055903,143.14268988594912
1068,35.6,150.0288705552957,145.59851177409686,144.42557004866978,137.45065598098176,169.1544441394048,166.5826395474837,139.48538615551814,143.34820593152574
1069,35.63333333333333,148.20126298836,144.59846717164027,142.16530962937603,136.48047836960313,168.56735754144046,166.33700618029397,138.6070772366953,143.30919068038057
1070,35.666666666666664,147.3574906018206,142.6880930288471,137.58778451732124,132.6775733627283,170.82775519357858,166.48520161186596,138.3947199414068,142.89845815512064
1071,35.7,148.9935921371928,142.41640032810673,134.24117728126765,133.0707942910435,170.9010230288271,166.04148137752148,139.6163181579584,142.3663307956718
1072,35.733333333333334,148.5050197019857,141.29679254558084,134.5912671139174,132.86278407189286,170.94273224336172,166.52143898636137,140.2469445825486,143.02001690239427
1073,35.766666666666666,146.4739497838063,141.74956718030194,133.11303606087353,128.31627343418359,172.49308034121557,166.82972416001743,142.8459634975798,143.78699836915803
1074,35.8,144.632713381326,142.01337372439124,132.52953314738915,127.38204341506125,172.52711743790096,167.3284396755113,144.14463635422842,143.95033399005897
1075,35.833333333333336,143.94732865506904,138.87494663250854,130.14308838941216,124.57173636521068,171.94134033072132,170.42951635088775,147.17494981221841,145.48796791969403
1076,35.86666666666667,141.41948841658933,134.73258409897102,127.0757085372131,122.06878616005508,171.386210646128,171.29130385078835,147.05343599803535,146.38971931670187
1077,35.9,141.56703868768713,135.9811666894175,123.88380272294503,117.91030457593803,169.56295247133764,171.94070654259798,150.9764134232186,147.59328384127411
1078,35.93333333333333,140.34650799669228,138.0815461231466,123.79400617969459,119.01072306909515,170.88766501048565,170.44712868331035,148.93803450239278,147.50444088600383
1079,35.96666666666667,140.23027042900867,136.93160225201717,120.63182281850959,117.53118636358028,170.61720884001963,168.95315803484246,148.24807210467765,147.83745258836015
1080,36.0,139.34239937267583,133.45001107410448,119.36783681548913,115.92297280204433,171.2620586067273,169.17709951543944,149.48929711820622,146.37774650165372
1081,36.03333333333333,138.97531431940246,136.09385995651547,117.22473698972595,115.16836188061322,171.45209842153588,168.59304830968532,147.95570064597848,145.96360564465755
1082,36.06666666666667,136.87700676571646,134.96657802229362,114.97551169465997,115.50580158697198,171.60508423579486,166.79419768258654,147.0155329567844,145.51328036866605
1083,36.1,136.20339593655467,133.89926577682738,111.28519596337492,114.13256787742692,171.3810227593056,167.58163786023934,146.4595687562702,144.9781522581545
1084,36.13333333333333,134.34028727158162,132.3262578983732,109.11254547652209,113.63571387754355,171.0592833924635,167.73723963323914,146.5800331531551,144.78125115264825
1085,36.166666666666664,135.95567800580037,132.62999205241442,106.47998666422882,109.45794844234317,169.5129133146702,170.10572807531568,146.8792880462066,144.95184598196593
1086,36.2,134.50794952408947,132.72918466033593,105.43210880928186,108.97495532908792,170.05165723976137,169.9194613607731,146.49473393880973,144.03952040308525
1087,36.233333333333334,132.18942227075453,131.14917809220273,103.28166707598112,106.79460543160353,170.2948931894252,169.58082060216896,146.19153343722715,143.77155908935464
1088,36.266666666666666,130.28819760608326,132.34422729636015,102.16454495568601,106.52867297214503,169.45150740440454,169.74604063141211,148.0733288897481,145.0758252488584
1089,36.3,129.57948830899576,131.15420628917258,101.7217886281217,105.61480436156195,170.56825579792627,167.57846604921224,146.83670577145162,143.5943300875726
1090,36.333333333333336,131.1263106125638,131.59175443256837,100.49792166187065,105.40552718412418,170.72617649836073,166.5621445565455,146.1562350177957,143.09469555793868
1091,36.36666666666667,131.64307620704938,130.10191511533787,98.75966479930437,103.85223675751554,171.1963083639809,166.81940668851865,145.99215186076776,143.25318999606498
1092,36.4,130.2131094559227,127.96956054564066,99.66302701701518,104.1781543949717,171.74609675719617,165.4338092197939,145.76420758707255,143.35353285739876
1093,36.43333333333333,133.1707933810343,128.59989498490842,99.26514032193813,103.55429731031637,172.08656667163388,165.10514763575947,144.79945449525346,141.54937861719444
1094,36.46666666666667,127.76450067237384,126.26882370007661,100.47209990348048,102.87112345030333,171.39953638151368,164.1424885084318,143.1751298439997,140.96170045273342
1095,36.5,125.25092182267007,124.6061918962248,99.25296930992863,102.87632237351674,171.65599562024744,163.84500279521683,142.83592702258431,140.71682956972637
1096,36.53333333333333,123.45173213497766,123.15937828591969,96.72155812503094,102.07829481095986,172.32513884528026,163.98780110598673,144.2694657529908,141.0345706870394
1097,36.56666666666667,124.19589693551755,125.8298182061134,94.28760906252904,100.94318665029444,172.02578987044234,164.91231596217597,142.447743107127,140.75917361447392
1098,36.6,122.89221112433593,124.26538265100174,93.08657784242054,98.21698512290676,171.95914616689927,165.84448696814167,141.36209814218662,139.85119371682467
1099,36.63333333333333,125.4023026916947,124.06465657614741,92.16768738683405,97.00953569471426,171.95161906559974,165.9492538069206,141.17348910007294,139.9438638627226
1100,36.666666666666664,124.11502260396354,123.91737393884938,91.01005365021982,96.03234620653271,172.26511574448438,165.7193723946163,142.34284225406302,140.36215226015395
1101,36.7,124.17415563417062,123.88245959573085,90.091196536608,95.84191491651853,171.8184082011438,165.50470425929095,141.69626517430498,140.5942763645021
1102,36.733333333333334,122.93490519708011,124.65341768038829,89.50334406080381,95.77198567911749,172.01306622059158,165.39294025520823,142.00246071508064,140.78555915094822
1103,36.766666666666666,121.95044511420812,123.78058470130055,88.3839253254542,93.75832901132871,171.26725626378874,166.0718981779229,139.66111421617808,140.0729700428104
1104,36.8,122.80635649647786,126.50792622525455,86.19748776403914,92.19876176528926,172.2311055631142,166.8307129999074,141.75483338499245,140.351810085998
1105,36.833333333333336,123.16717988976299,128.03386878030904,84.70057633202752,92.56473760816507,172.47704578630518,166.6626768728483,142.3871033766519,140.33955721493533
1106,36.86666666666667,125.98020035972814,126.95459987259422,85.16223821857626,91.13370764013473,171.62937883743407,166.37836838265045,140.64748023719227,139.9490040622214
1107,36.9,124.79251278996419,128.46233443538446,84.64608419983553,92.16942508544237,171.32943625361182,166.11149603568546,139.9073640983095,139.88697234663414
1108,36.93333333333333,122.93942518703338,124.21853671605132,83.99197813004105,89.95451641029797,171.1932033967817,165.66552385852756,139.57743111159752,139.63436091653682
1109,36.96666666666667,121.43904666871006,123.74521876322197,82.44798671650148,88.82708770278637,170.89346869819414,165.8487528429378,139.14796528470316,140.0008877200834
1110,37.0,120.1569735617071,123.71586888843117,79.99790207864524,87.5034371363578,171.988616535387,166.23838132695488,138.98821569709517,140.04736851996086
1111,37.03333333333333,121.53185501112823,126.28718843558316,80.54414025734471,89.05624206204274,173.08405294580595,167.4020040787285,141.71070401750478,141.23959046354523
1112,37.06666666666667,123.60287702536691,125.1699434074074,81.21317944316158,88.14647614183737,172.9285090413683,167.4863231207719,142.08910485808264,141.55001732493454
1113,37.1,123.95057558960035,126.32318756744338,81.77214748779215,88.85053010244071,172.61313791133347,166.25410538708937,142.32533267641278,142.05351676425607
1114,37.13333333333333,126.08443623546123,128.22729667328258,84.22459300574324,89.301949079697,170.35308736481562,165.16726184899255,140.63326635539235,140.95860230578407
1115,37.166666666666664,124.89027496423944,127.84215414403086,83.33759188782474,89.58863540268463,170.23447134136052,164.99405623249444,139.69303842591688,140.76619958957275
1116,37.2,125.38336220610717,128.29141871762067,82.7247294128114,88.11102715961465,169.5158867324592,165.4221437485902,137.07443742060235,138.98167228892677
1117,37.233333333333334,124.3945543524876,128.57819021938505,81.9656811971966,87.63688643921238,169.60817241114276,165.64003131601734,137.6352621860127,139.37676455293106
1118,37.266666666666666,125.26556273607333,127.55581442443318,81.56629468010173,86.25362615945026,167.6017893831647,164.5063982308354,136.93239704964822,138.73487371118142
1119,37.3,124.58995996970917,126.80933596482632,80.9145116066457,85.09338936777269,168.17501828234933,165.6102652420331,136.6437361651859,139.81675807277506
1120,37.333333333333336,125.4282286033501,127.08224212953762,80.25148825804122,83.91898571500602,169.59646537333253,166.22033880307154,138.9377328907999,139.85980020965852
1121,37.36666666666667,125.92449749657008,128.48054937410254,80.08709778516807,84.33697179643401,170.11454014455674,166.49836921319422,140.12321071492627,140.37262734059794
1122,37.4,125.86763244379486,127.65996321334622,80.42147392263443,83.89967018723975,169.72859565330126,166.18756373776807,139.6314270287474,139.54516063698662
1123,37.43333333333333,125.53012297429092,127.15632639204198,80.556327336448,83.90606656957618,169.7118345538608,166.2657865982009,139.98651212485305,139.45603100916577
1124,37.46666666666667,125.19471667311396,127.1358229947958,80.54991212036006,83.92986743546774,169.43095423983718,166.05832952589793,139.79808344184005,139.4771057642331
1125,37.5,125.84957242176684,127.39712924568536,81.27686090379186,84.18917516124647,168.56330203984348,165.6118269676608,139.12578675656522,138.97419598501227
1126,37.53333333333333,125.88681885809464,125.71161125362072,80.97047826793192,83.24505628744147,168.88755269016454,165.86887016783427,138.87654341318412,138.44187108855016
1127,37.56666666666667,125.34590840294446,125.55486557588115,79.37813154843187,83.14243489135465,169.51850596935938,166.0207011854737,137.80258193177485,138.54531241918448
1128,37.6,125.38132169102501,125.60373621382115,79.09393919669832,82.23176760598648,169.60935257743648,166.47668412257622,137.85646267478555,138.42451159848457
1129,37.63333333333333,124.30999521788091,125.6311684336253,78.3192097182032,82.61240296975771,170.55205765109858,166.74522928953425,138.1350141849873,139.12774547565812
1130,37.666666666666664,124.40886650788603,125.78958380825311,78.31515534526147,82.81366595927177,170.68988065016956,166.6136208596366,138.22006586763484,139.0942563414812
1131,37.7,124.49004204574251,125.37434798406066,78.82646810692667,83.1911417574434,170.9681016748953,166.5293822603307,139.0267430844337,139.729210571348
1132,37.733333333333334,124.54486446909608,125.21868897918908,78.5606385125128,81.88858765359136,170.43504598873383,167.0514105262083,139.25877451832304,139.46503517836703
1133,37.766666666666666,124.81968137211857,125.48303809239319,78.52273511901316,81.8822511277457,170.01584230590248,166.53332677972261,139.0681978397808,138.81940310457568
1134,37.8,125.0474357107056,125.33781472307076,78.88803206308684,82.00468370152525,170.01056848922477,166.25623951502297,138.8104662846535,138.77342948695986
1135,37.833333333333336,124.99397234114906,125.1957173814522,78.9973132928861,81.95259258899009,170.14103713059637,166.40333595925412,139.06585455738477,138.74685905871766
1136,37.86666666666667,125.23475691834977,125.1742435271769,78.92220306299357,81.96306727581222,170.1703975007128,166.49663303491093,138.78519336167614,139.04294655608396
1137,37.9,124.06206891365301,124.91855425030955,78.12949806988466,81.6064311892516,170.46067135749834,166.63138491213655,139.20091541600516,139.91845961950438
1138,37.93333333333333,124.1559401750437,124.59813889143297,79.00676468689305,82.2317815380358,170.25573468536206,166.42689615335095,139.16863668182287,139.62900708271872
1139,37.96666666666667,123.38653747028832,124.56956853706096,77.8974583711792,81.93930873320261,171.04828897109724,166.68436193999176,140.13659967329497,140.60154241493996
1140,38.0,123.34626863114127,124.52456473848052,77.97306310653381,82.00336258970694,171.14684382977813,166.61182917016538,140.42100273688817,140.65702306695582
1141,38.03333333333333,122.87779697981654,124.35338724107463,78.23265046587052,82.02426932478421,171.93799353016203,167.13082217936403,142.54617295147833,141.70213935578303
1142,38.06666666666667,122.33902028376656,124.45449269367978,78.89923175222184,83.07010987377129,171.38113810160567,166.43966966527933,142.3030012619361,141.39259361372086
1143,38.1,122.0694150007558,125.07237348974421,79.35961579367974,84.07550476700611,170.75308549318484,165.81487728208637,141.62310601549953,141.1739407577221
1144,38.13333333333333,122.09902506416866,125.84795880583643,79.7462203081494,84.98060197907145,169.83422970704976,165.46750809274857,139.62957054670312,140.7008005543735
1145,38.166666666666664,122.35894528048604,125.2877823421554,80.338338508963,85.41503588848732,169.83415560518836,165.7799386576391,139.26611167155303,140.3624228872652
1146,38.2,123.91500622115701,125.91684990601719,80.30054855688543,86.158003661095,170.3972735294904,164.37802585096784,138.85462816458127,139.36843163300384
1147,38.233333333333334,123.55849660552589,125.1792496770393,81.02501648479645,86.1998078702771,170.19903853386495,165.3274168420477,139.2906658661982,139.74439998463436
1148,38.266666666666666,122.30879223984829,123.32885508746712,81.90945427021288,85.50782071105937,167.95470036137922,164.85714273228493,134.63818285088843,138.29753488914764
1149,38.3,117.43975211908385,124.38921306431509,80.455908435959,88.1775802722549,168.98707969495186,165.14417266633407,133.89385693903802,137.74655768325582
1150,38.333333333333336,120.46661224889507,124.17290422993715,82.21233755001157,88.22127712905298,170.31771811934655,165.5510281615375,136.32538985726293,138.22485212986837
1151,38.36666666666667,122.45746140141638,125.85898250296832,84.49343343727291,90.12939705088698,170.37861354808294,165.45725362970867,136.7678203034428,138.17468291272246
1152,38.4,123.92978321009407,126.53675424620232,86.22237779947542,91.5896441655001,170.38301940954065,164.89282801999977,138.43678303291492,138.4738703486746
1153,38.43333333333333,125.63773001464656,125.53750600736556,89.46278626240132,91.54960438521984,169.6388001751496,165.10631388941223,137.20885552461996,137.84003967352342
1154,38.46666666666667,126.88871703235839,124.40639642200546,90.93567096447724,92.03812182474286,171.50996715066944,165.38694035513709,138.83307464492805,138.13245629743471
1155,38.5,128.41328186517848,126.0722053406193,93.96018450343779,95.46609985854353,172.05932261587725,165.05737801716916,140.19668735384846,138.78605250957312
1156,38.53333333333333,128.95705530032137,126.58091728367711,94.90187685344003,96.9071901925175,173.1267464926688,165.5300589107734,142.8845909911626,139.21151162476713
1157,38.56666666666667,129.57712911711286,122.74676796876193,97.77989460247801,98.35557690567035,172.59731733728418,165.07790061359762,142.264517684577,138.95674670644334
1158,38.6,130.6863580060352,124.62607902431269,100.30821346991526,100.36100444215334,172.93761863177534,165.48504101833387,143.82572379797523,139.4130800787461
1159,38.63333333333333,131.16564037756118,125.39208592228303,102.32199578861916,102.9883760310222,172.79935823412487,165.6220600694134,143.82166452024143,140.34089200495458
1160,38.666666666666664,132.48666642439045,127.15382551671689,104.04015875276646,104.69212731749558,172.3858730876858,165.74262171179228,142.329214461876,139.98008234767198
1161,38.7,133.41671404210143,129.2105725390205,105.62328462247827,108.26568785083155,172.01795135506845,166.19792674549748,142.37782476484537,140.33564614382712
1162,38.733333333333334,135.24491816481108,131.80500770495746,107.97601057530183,110.19512134325745,172.01403916812762,166.40468215529478,142.10377990745985,140.77891607113074
1163,38.766666666666666,136.35821763694133,132.85258725423725,111.11543763955245,113.01612382851927,171.7754567300081,166.78582609753025,141.58565368216384,140.51677232134728
1164,38.8,136.58994135900926,134.3913527073971,114.04127214232925,115.32885884085226,171.91762498694948,166.61696225692535,142.08656601408308,141.71024504844956
1165,38.833333333333336,136.68996817851578,132.23678308367795,117.60703643671947,117.32808166640783,171.83657853948816,165.09484288835947,142.27868319284119,141.9123843945069
1166,38.86666666666667,137.32627057774238,133.35321362145663,120.81796584464549,119.54933427732516,171.7843147532227,164.7312554896695,142.19781833354358,142.70591804465838
1167,38.9,138.55061968506308,133.3261494112988,123.45364871993334,120.8032410466148,171.44148963389765,164.50885087283888,141.53716145525692,143.48300673420877
1168,38.93333333333333,138.9616659509913,133.47803188135393,124.73552300140236,123.37441842678598,171.47263380748555,165.14733579256165,141.5108492205496,143.0250040425953
1169,38.96666666666667,139.07981769291027,135.84727205048833,126.68147079750443,125.42628118887305,171.8657836717036,165.91955672940375,142.5423244496938,144.7011924019827
1170,39.0,137.13845207584913,133.49471840027678,128.28503227629332,125.11804931225026,171.9610570375653,168.47700172737245,142.81246870718252,144.87782628015393
1171,39.03333333333333,139.1234090252194,135.63060556060208,129.87097170118142,126.84033114845634,171.82446130855448,167.86954664987474,142.45692972181757,144.74514533322588
1172,39.06666666666667,141.22653447663228,138.93619168391675,133.91396832119244,129.37660225143517,171.25063190252368,168.32824306737504,141.88336401540383,144.13728443821176
1173,39.1,145.13293674526375,140.35000854804377,134.64235547540784,129.5474127402331,168.85292071716012,168.68479212488188,136.90697599696773,143.14948392717238
1174,39.13333333333333,147.38123528693345,142.13531668930307,135.95231686151322,131.1844352926798,167.49880175647817,167.5409647578167,136.259015892324,142.46628914992206
1175,39.166666666666664,148.83381762053577,142.79597966923717,138.44348017187258,133.34909659166996,166.48928206843334,166.64847546564982,135.88174736824723,142.3104984478476
1176,39.2,149.32535421416657,143.56277818852698,142.6440925483004,137.12502506559258,167.1074612620761,167.13143698626777,138.34715309995553,141.62616720633787
1177,39.233333333333334,150.10685666389895,142.56559176842595,144.85707940897993,139.9072760009528,166.6378278265802,162.89140178064056,137.99788881015735,140.98593302920713
1178,39.266666666666666,153.38764744186787,142.4274734138257,149.72389171844407,142.6288114742661,166.4410555558722,161.74217633744945,136.99565625582278,141.1790785764403
1179,39.3,152.6603253080213,144.85004857117278,150.9338244091163,145.15938968218728,167.86498906986517,163.01782134252633,138.09052489834696,140.81317769741827
1180,39.333333333333336,155.07214177476934,146.65591101797565,152.34206872991922,146.32632291815997,166.82035041520186,163.64482694749057,137.77934320271632,141.43992610904894
1181,39.36666666666667,157.97055699211384,150.11139422837348,152.20076830301534,146.49015246872656,163.0031389930588,162.53176335903478,135.70210195281066,139.747955718071
1182,39.4,159.11671157846902,150.3549758742745,152.53545866227373,147.44374848880997,163.9832142557933,161.19537717137493,133.365480900366,139.9909157338406
1183,39.43333333333333,159.75703755261588,152.12880097424863,153.90491994303025,148.28019077247316,164.62893026851188,162.48725376673994,135.9061184400528,139.4085967002944
1184,39.46666666666667,161.70983574998397,156.05727817904696,153.9132546028827,149.69046081970944,161.876710126916,161.96277718430565,134.7085822328324,138.76296372798257
1185,39.5,164.2498857702882,157.41320083559077,156.7082684818981,150.61938587181305,155.6979654674404,158.37982262556142,133.3231256308857,136.99314566848076
1186,39.53333333333333,168.1682714834534,159.8779066010138,157.80751785123277,153.53002622461648,158.0794339206136,158.3987533297248,134.98458118479624,136.96977017984213
1187,39.56666666666667,170.8863182238876,161.1287742764422,161.2848571713173,156.78633154422786,156.895770211282,157.8963173150649,135.89739192502572,136.69247982225426
1188,39.6,171.86146111753237,162.30515229589355,162.4810175718609,159.38235203607726,154.0618579534189,156.82623844355305,133.9358624851343,136.4665283487986
1189,39.63333333333333,171.6113995809241,164.10669201501352,160.53705009856714,159.54245141547065,152.2107853552793,155.6867489601382,132.61424934356714,136.66113897738427
1190,39.666666666666664,171.3261851030878,166.198348603538,164.88605039353786,163.73450575765236,149.2418513723958,153.24185548066248,132.84924350293792,136.2918192995547
1191,39.7,170.57636041335425,166.98340686986668,164.4804678526666,163.8451313083539,148.43121719458867,152.8041681999911,131.439482969593,135.44720088935864
1192,39.733333333333334,173.03894312365063,167.5115333506705,164.95400792010648,164.54270306376455,150.4046409882619,153.0868124267178,132.81284832462563,136.34676962870466
1193,39.766666666666666,171.41377428525234,166.7736778694676,164.5782754965457,164.0296957086213,148.9772875832095,152.993670193843,131.85287939886615,136.0510716461344
1194,39.8,171.63078631472638,163.68579798797327,165.78331644522734,163.98151298863937,149.3240082159348,157.5880219702401,134.95599869651605,138.4417821060986
1195,39.833333333333336,172.22098829461717,165.4959110949622,164.39985502865144,163.69656108766256,149.97203254645052,152.1322310963719,135.33771595928113,136.3875396481076
1196,39.86666666666667,171.39829226471846,165.68052087952756,161.24690812943402,163.15281330661531,149.54631197854874,146.2544455841199,134.3217782530066,132.62384668433555
1197,39.9,165.50545689309757,162.03520427745775,153.8218315801194,157.41325244016312,150.210797146789,145.99556962195257,130.67199961274147,129.53658904056135
1198,39.93333333333333,157.02539883169476,151.57803168097703,147.57560085557242,146.20987059850484,161.16695366097247,152.88035784673377,133.3457388888825,131.4106562156103
1199,39.96666666666667,149.23033981999913,142.26276087127974,138.09111703381393,137.11647211640084,162.17046913315156,157.34661217839334,132.44957113829668,133.9330734236085
1200,40.0,140.95261715174718,133.15501330593645,123.61459664147432,125.65797580214742,169.11086776782977,159.0589307148054,137.39033186615237,134.60179059862023
1201,40.03333333333333,133.2684070775371,129.93787126318165,108.03553506948872,113.67489708060523,170.74491221960275,161.7410282488534,137.21702493259076,137.27499298924326
1202,40.06666666666667,128.37984403304273,121.1997871713469,96.30981063804306,104.36700965458004,172.58177943295576,161.59889539324928,141.64670748364153,138.41030609059362
1203,40.1,126.93330376827565,128.694290248817,84.50455891958265,94.95305150524109,169.10370505045975,160.82261877210615,138.3923407350969,136.60103283218018
1204,40.13333333333333,127.92130038385558,126.16196100968622,75.58928885229433,80.26001263157869,164.61031745380137,163.1135986555977,134.44143808890362,135.87637709731825
1205,40.166666666666664,127.15724900492921,124.45846995112429,68.71306392213053,72.31562188671273,160.46554435311037,158.22946254533522,129.41455843773466,131.7987352154539
1206,40.2,131.60929961968506,131.23570056557472,50.95317167193324,52.53452051381536,168.80188384750437,168.94967123884777,131.92423999586998,136.7733636591084
1207,40.233333333333334,125.59000949268872,126.84746624199273,37.35599632474995,41.686112861613076,168.33482356686346,168.15917028128482,131.4473884545254,135.2601864862304
1208,40.266666666666666,123.9883036601221,118.7953808595857,25.96077887295581,22.6138020080687,169.80234912546084,169.95931028586995,134.96008384334885,138.14164274211717
1209,40.3,123.8442876800274,116.68032453962937,18.968138806265827,18.345527123585118,162.99306837059348,166.35900214700268,128.84414191064795,138.40274575019433
1210,40.333333333333336,113.63289703149717,113.36436034633878,15.387384473921607,18.606154726961126,150.12162792743527,156.2876219310902,126.34060770757267,138.50425292595526
1211,40.36666666666667,112.52244183557946,112.07370051578349,15.581858831465809,15.142644391791187,145.9343536521193,151.94240985457913,125.78608384991965,137.66117423266826
1212,40.4,111.76330031373601,110.11332718101956,14.715037865201355,14.311000465403756,142.4378904483842,145.6070001864768,126.50545875786466,137.37620548426906
1213,40.43333333333333,114.13939487991198,112.97706628860959,15.384545340626925,12.45910278084511,143.83380676997697,147.65606132058525,125.8618791899666,137.2962529958063
1214,40.46666666666667,115.22157031141876,113.12650763747918,16.81020233159226,11.469284475524521,145.89394253509704,148.98971317792422,126.81158599454206,137.03756860724562
1215,40.5,124.7797543762914,104.09843229646094,20.77601992574944,11.246684843040875,143.2344767884103,147.51788928528674,127.38665405824358,134.5561720931201
1216,40.53333333333333,124.28483192019114,116.94668497463434,28.14625507768419,18.180559097557758,137.05470918373413,144.2491367045878,127.44368845840316,135.16748750530985
1217,40.56666666666667,123.6135932600031,121.23428203723475,26.941430908094503,22.647498032245515,140.15315836562203,143.1406289429616,130.19960911891195,135.38406099436355
1218,40.6,124.05904876524018,120.88539052999018,27.95775910231038,28.259087247245763,139.86878813394554,142.00244069241737,129.39529353190903,134.95196244614283
1219,40.63333333333333,125.13979597154031,120.78264381686533,28.060365548997247,27.52982215304843,144.1159208002113,146.34182651950164,130.783917190388,135.46986074349152
1220,40.666666666666664,126.51276962072639,120.78982900969787,29.459567851811702,28.70971133124989,143.79245901644103,147.10522744459502,130.88317622972784,136.01022261055311
1221,40.7,124.48960749185385,121.001592779759,28.186694571571465,28.921697644654817,144.75704807444174,147.33658243887825,130.55093008423768,135.20828792716108
1222,40.733333333333334,123.06278633391975,122.57110599475469,27.14228472027693,30.297945451926214,143.13842573467235,148.2832785727277,127.38771418146116,134.0966133200146
1223,40.766666666666666,125.1132867703084,120.12309954794715,28.020037293315813,27.657418792551226,145.75846168834815,149.1408501754209,125.65740380298594,131.0718592616211
1224,40.8,123.95092607121617,118.231663544668,27.707103978429974,26.607270564888502,144.98815015931922,148.81803449866516,125.95457392379355,131.18035528263323
1225,40.833333333333336,123.82925957980156,119.96765629586783,25.822202790277117,25.456909256950212,148.97973323193295,153.91408749599393,125.22948538589061,131.51288903195308
1226,40.86666666666667,121.4486971148167,118.02489556244468,24.83917377636753,24.794133533765898,148.08129040722113,152.6780295801537,125.04982589364707,131.33755191301336
1227,40.9,121.2058750647567,118.29758121089016,24.541821934709827,24.943683503311078,148.8613208971317,153.07234938278006,125.33802845239016,131.53405125533578
1228,40.93333333333333,121.62853348202013,117.70641019387095,24.96832239392505,23.74566014708005,148.00321075423386,153.4835602812532,126.14019808504337,131.6224901763124
1229,40.96666666666667,121.72631897432953,117.08493092828783,25.25753844157515,24.497733245348382,144.2943429910715,151.2819432929961,124.19423047680634,132.00198841997243
1230,41.0,124.23473230084915,117.15570797539927,25.08027307760667,24.712831850635254,143.86877675930182,151.21313134524146,124.57559890157515,133.7986138059901
1231,41.03333333333333,128.64870969446505,119.62384053260442,29.968807613000003,28.141470700991224,140.6242463212791,147.7733036117333,125.42221092731343,133.53901012409332
1232,41.06666666666667,129.64380354415843,119.14476821982619,29.229264491046212,26.531327292577668,142.01834282312885,148.44999712941825,128.42834155212142,132.76566719529944
1233,41.1,132.4303702816371,120.54972623149186,26.683781465714848,22.37307426330581,146.85004885163633,151.87167634137964,131.5818142931728,133.8693401757675
1234,41.13333333333333,133.32002929806788,116.04496713893272,26.755965920603323,20.40427761781351,140.68033468785592,146.4937277869705,129.3121002533468,133.01883926408814
1235,41.166666666666664,126.93075155412696,113.72324493992271,21.316705402516035,17.287665570274868,141.60963837322475,147.8484400166533,129.19235561625524,132.35689048582753
1236,41.2,130.97704465033942,114.86467314759095,23.038015475274726,17.014234353581752,143.68462419577517,150.0295271356224,128.86200371232087,132.98247972710337
1237,41.233333333333334,128.27699300161996,111.9175177106093,21.264730315478342,16.254079422282917,143.6257629878984,147.9587880902322,128.13717017305822,132.9150617586164
1238,41.266666666666666,126.91888641152354,114.03847499663677,20.61235659402433,14.403296288796598,143.36706444565152,148.20111741658135,129.1667977185451,133.52348805808904
1239,41.3,125.23017412550482,110.78529473282916,19.015763996935846,12.056356870772825,141.0527308094254,149.69109046843752,127.06827631312089,134.35115826225964
1240,41.333333333333336,125.8295439145611,111.41263525228071,19.364170740755196,11.987050337824352,143.82108691796537,152.81020389258225,127.02242448676557,135.53880263204252
1241,41.36666666666667,126.12662955887228,109.01232200960963,17.699942781721397,13.025651101861447,145.53831796135506,157.27774496434876,126.98444201654043,138.7754995110146
1242,41.4,124.73832375852683,109.84600162977816,17.199185730524135,12.704752943434992,148.7720576614288,158.4666454831351,126.88749715034092,138.9320590615482
1243,41.43333333333333,125.67138072511464,110.10954223127428,16.898638956089076,12.878457981413423,152.0279643368895,161.87829567636538,128.5882550678105,139.75858177805176
1244,41.46666666666667,125.507431263819,112.22772041524114,17.77768380155124,10.169220156819504,150.62532472358055,159.03001057180384,126.19150643113461,138.33851639032795
1245,41.5,127.13022206576588,110.80442261878581,19.052742379297207,11.994858184558694,150.84926225668042,161.40627090394415,126.9801076982161,140.3699511066376
1246,41.53333333333333,121.30027046429184,111.8486202070902,17.510555951519315,10.361923859636843,156.26363963735585,160.47561733729927,129.40847189664677,141.51137967804456
1247,41.56666666666667,125.03930384581567,111.97485462052266,17.65561450090952,11.569904364306579,155.27316460296856,161.65630299361752,129.50895498123646,142.01194099163405
1248,41.6,123.53821428999187,111.63537761055662,17.518510452795798,11.846918255453115,156.23614173765085,160.1401702757177,129.26432327609865,140.55774775632983
1249,41.63333333333333,123.8041442680119,112.22102909608945,17.51078307690925,12.267565355468355,157.54764595824363,159.38175954669143,130.00333364289872,139.63509437664118
1250,41.666666666666664,124.28591964735564,113.02127616441338,17.431180534761275,12.91470763622045,156.7291842816018,160.55274722698553,130.84781495488508,138.88048955996996
1251,41.7,124.69580721439566,115.58079726472724,17.635082359842375,12.241445235718379,156.88950724758993,161.37501707329469,129.9666389147963,139.61651089569463
1252,41.733333333333334,124.19560602401422,114.16486966077615,17.727693601404475,12.272076521752341,156.77795604016555,161.56473368327755,129.37223198116425,139.76997133838864
1253,41.766666666666666,124.36697332563044,114.08484741977229,17.790889883255645,12.249097117048356,155.4490937924014,162.10709268660517,127.91796181025651,138.60827736536427
1254,41.8,124.17854668995047,113.86113907465315,17.827804982963798,12.035807410993675,153.44534220796197,160.03302130506762,126.94598725522066,137.57027758147464
1255,41.833333333333336,125.81628066614134,114.52740221045761,17.883622815864793,12.391811618422658,151.81990482666475,159.67458706507026,125.25190388168951,136.70206672864214
1256,41.86666666666667,125.40718867848433,114.45781696808041,17.99392678348915,12.308633970839196,150.05821133155726,157.6118840152273,122.70769810245707,134.7468897366784
1257,41.9,128.31388850917094,114.00627626637659,18.61256643562621,12.487347787391798,151.02751180574373,156.00781258431454,123.70236778965017,130.5805424975106
1258,41.93333333333333,127.64079491854397,111.2727124352448,18.473639287499104,12.539831144302642,149.78320236941036,155.53391313520444,122.73065811376087,130.78867185682142
1259,41.96666666666667,129.2228383879137,110.95804883079003,19.127973164673396,12.370898408213668,150.80467947358304,157.11788325777397,124.08535758263294,130.18395252878196
1260,42.0,129.7556724179869,110.24084649618676,19.218003674129193,12.461992168709443,151.34405924244763,158.08060839007507,125.21720364701078,130.16959531676295
1261,42.03333333333333,129.9344005891465,109.83749709719339,20.11141460628053,12.297114028240347,149.37559981531876,161.65332781787498,125.00274000999522,132.589872185263
1262,42.06666666666667,128.88987036204827,111.9908706618562,19.548794243558334,12.56330435731811,151.70440145069395,163.57185461123854,126.60509185695865,132.0550746682977
1263,42.1,129.23301657258503,111.3924056790364,19.742618745220014,12.23454589240803,151.770234356193,164.0302736037343,126.69794367672509,132.8036833919842
1264,42.13333333333333,129.82921082765702,111.37360161918623,19.8524525843403,11.838425036553941,150.67065578643124,162.59177175570738,126.8375499326809,133.1447827470477
1265,42.166666666666664,127.51129988706472,111.68342060153682,19.52637750162102,11.703401782490552,150.82935524318074,163.7193709566236,126.80494260135424,134.04820970090438
1266,42.2,129.277474582094,110.80729539866036,19.007355913596015,11.316368467883928,151.53756947300707,160.9051723495372,127.73403203088253,132.88827754173124
1267,42.233333333333334,130.99072130934513,110.88533125131812,19.21070185781913,11.554069145341339,152.48990268224088,161.20587112579963,127.94707749325126,134.12651697050057
1268,42.266666666666666,128.92916185633024,110.99424447505963,17.6307637126978,12.092558560385834,156.2094192645719,162.80449017125662,128.9878399127425,134.68597916793746
1269,42.3,129.33798293603402,109.10418787045349,17.329277625219866,14.13366914725702,157.09091520040425,163.4385104510059,129.59930195536015,135.15147117674513
1270,42.333333333333336,127.94548615205376,109.21946871949316,17.202273591376432,13.434022999613925,158.57826448180026,163.8205320458675,129.84432539343112,134.44490664501805
1271,42.36666666666667,128.08422877726085,109.4162174478135,17.052898069337694,12.24713469199566,158.28886620776612,163.5668664045929,129.51361222154608,134.20638146590144
1272,42.4,128.47671657892843,107.73899089236437,16.27945818782038,13.455539130104771,158.77142664058033,164.5874480533859,130.11753773353337,134.20982614602343
1273,42.43333333333333,128.18760813905953,105.6693693102774,16.440718737128783,14.609654284715962,158.74971577377113,166.99154079355955,130.25819933641958,134.55560802413646
1274,42.46666666666667,129.97328954541837,104.87617054065976,15.932480770057937,14.601058155759414,159.42917455761372,168.06716980113887,131.0493800993506,133.65835553789898
1275,42.5,135.71221540919123,104.3514211178168,18.068196491804386,10.670238276531261,157.5602287628297,169.3490201453211,131.99170557350135,135.20149946125272
1276,42.53333333333333,137.11625982354255,102.81610769838757,18.647187760692045,12.531091965647024,158.46135818186175,171.21290565028877,133.14074311991968,135.8666485728338
1277,42.56666666666667,143.09895247977556,103.27819771799334,24.076132997676346,9.554812184321538,156.19108084768644,171.7112737752184,134.14170795282521,136.61504456436805
1278,42.6,141.9166666327249,101.99567539858302,25.603866722939774,8.896318787502558,154.55842076978968,171.3255242479805,132.6094855667305,136.46705533256596
1279,42.63333333333333,141.657680428762,106.12412981231508,26.734384999869608,8.09154183589489,152.99009592938145,171.46112934581296,131.00464322631893,136.53984140910703
1280,42.666666666666664,142.6001577009997,104.98166273648015,28.688740556682188,7.664666600855634,153.9534670873012,173.9476538087975,131.5213482980311,137.72169642469237
1281,42.7,146.72446792154668,101.19572945191416,33.313857712629435,8.706877437866433,152.64043196435614,173.64901427774745,134.11132716701536,138.2094027838624
1282,42.733333333333334,146.83665072148435,99.63869648070992,34.364463119576556,9.968613379373425,149.74810297327755,172.26885833331406,133.77934797206504,137.63531383998713
1283,42.766666666666666,142.48241621696246,101.40279716709092,29.59282758738083,10.592133580662072,152.2169399083025,172.750978786268,135.17674058663374,140.84697107824735
1284,42.8,149.6521118789395,101.47626650461096,36.981793607899654,9.414482018570693,149.96885754228836,171.4009855576883,134.6637552719699,138.76725844672262
1285,42.833333333333336,150.25050033229323,106.56220637057261,39.94708113719461,11.372794306900502,148.56927884603414,170.4043386788763,134.1949053018164,137.5462663309678
1286,42.86666666666667,149.0316484387442,106.21729030931144,36.83769322208286,11.76314950910232,151.09599751627994,170.95594838619377,134.60197558856314,138.01542622998284
1287,42.9,148.36977088367095,105.50011676190216,38.43030537461055,11.590231097278881,150.48547406340288,171.59636886855245,134.91621391047838,138.00234119293273
1288,42.93333333333333,144.49288451867997,105.640641105851,34.07203966096734,11.61878284585208,151.65464260223436,175.1363398762358,137.27532078140902,137.77246843974052
1289,42.96666666666667,147.10821074346194,105.38742706906218,33.801129910587676,13.329603785491283,156.44668429350656,177.4092099817933,139.1550744038181,138.28594229845191
1290,43.0,151.82182981904407,105.49607434062399,36.21381994448072,13.733247194472767,159.083611334318,177.2896704518931,141.90200778856837,139.63100019736623
1291,43.03333333333333,155.47670078252497,102.92099537494981,38.680445275783,15.626468128499106,160.66126256680556,176.4135020417445,144.80994864378403,142.07721174758558
1292,43.06666666666667,154.9487741747514,102.95460147006075,38.96525806665809,13.99606664975626,160.24661076532004,177.67733479567693,143.7139627966261,141.70608051568954
1293,43.1,153.37506356946596,97.20262872963158,36.671309382700514,19.268245862863623,160.3953287096749,178.12144722143617,144.20738595712342,140.77271555298424
1294,43.13333333333333,154.38806631064898,98.50087189351171,38.52323602640808,16.536874997510964,160.43121832633378,178.19139958101331,146.55886545950924,142.82216743225916
1295,43.166666666666664,155.05104382376217,96.47822598407235,36.87421795672641,20.5863050961376,161.55477990070727,178.0833417366496,152.3242082702414,143.30099552788258
1296,43.2,153.98182569577628,94.73201569739027,36.252972733026,20.50602724313595,156.8301780986227,175.55158464268135,146.4956089476056,142.35721944075308
1297,43.233333333333334,154.5599753567593,95.57819245005858,36.440070505800385,19.56031938293791,156.9711860183708,174.79189402094107,146.82530812731028,141.29514825234605
1298,43.266666666666666,153.05130998314672,96.94060928702972,35.83252789548997,17.74893443624031,156.65783638487054,174.60433240952955,146.0488967180761,140.4075932786966
1299,43.3,152.08731316424598,95.68453135275216,36.311611932991106,17.546632249070303,151.59099717752986,176.3997104081302,142.52677135925052,144.0608110057032
1300,43.333333333333336,151.96823917240906,94.31994236418126,36.322417056827625,16.774749925949134,151.5299230364442,177.94641334751438,141.0805324143108,144.56331691418487
1301,43.36666666666667,153.3825231412999,94.45168817233147,36.43184083631797,17.358449302156714,149.77637043029154,178.18859561515612,142.3211114340073,144.0517637471738
1302,43.4,152.77288804932056,94.53413166072048,35.89388349733031,17.003728443941664,149.84243083547508,177.89185587385776,141.5521611517477,143.87537562888622
1303,43.43333333333333,152.88648144710766,92.13404415242536,37.064459344415155,16.91267397385941,149.26785977065387,176.31183977592568,142.1763401951346,142.56795625205356
1304,43.46666666666667,152.92898904978708,89.18651053994414,36.27472451154995,19.539585008632358,146.5297621233594,177.35860442362218,138.59633525219206,142.85087382843474
1305,43.5,154.0768490629815,89.94863331062054,37.12844771255564,18.474110881756246,147.22456779649386,177.85442330124738,140.773140091665,143.67670633293102
1306,43.53333333333333,152.87393813569832,89.40921791374058,34.81876954736255,21.0937703578065,145.53673764857464,177.97121392176658,141.54833932473792,144.96026704285967
1307,43.56666666666667,153.79650193123135,90.38791771620973,35.80480347535011,19.861312214183556,144.1090937694399,178.30246832227746,139.9584182708826,144.51463218475814
1308,43.6,153.51048792917726,89.94301727158992,37.706439800481924,16.924302318652963,143.76803469889882,177.36924553217972,136.24421886424702,145.95743172560134
1309,43.63333333333333,154.18567342126104,91.23824166571245,36.82422683178899,16.60249061150219,151.0288775669038,177.72304432861412,138.98841015421385,145.47537056122707
1310,43.666666666666664,155.43533872394002,91.09614186826389,37.341220269307186,16.477066869878687,155.714809347318,178.8243343787092,140.80975516093005,144.2588584442485
1311,43.7,155.37511586891668,89.85578182998685,36.68641798301696,18.233037809547472,157.64094361368174,178.3837289683783,142.40448215864294,143.33005019560753
1312,43.733333333333334,155.17035916110714,89.84167559110409,36.28438413982959,18.32825796978888,159.5936901019474,176.16897464000206,142.45352507825234,139.51287803262898
1313,43.766666666666666,157.39470810918547,91.76859159611763,36.291860700829105,19.93786172286022,160.20511702362842,177.9883008829024,144.00834883783284,140.0072206997954
1314,43.8,157.2911014644802,92.50765498696745,32.353854710367244,21.04528837736704,158.27236794455825,176.60404515826178,140.65549360632937,138.26768337303605
1315,43.833333333333336,157.62900013571098,95.22391024767096,32.863032509322494,16.654615203299873,156.77912749574037,175.38742589896106,139.33189292177684,135.66723549533754
1316,43.86666666666667,157.6811705793012,93.96669761038004,33.29551051114308,17.04811930043102,156.65148780407273,174.8133797515358,139.34300819320703,135.42315627023672
1317,43.9,157.19397443253223,97.37170978519958,33.71696141134852,13.258740883306315,156.99705294521473,174.84243900394205,140.75402691558236,135.9219376379705
1318,43.93333333333333,157.77085890856384,97.0239589824617,38.090781255939746,13.262477865909778,155.1816274740493,176.19973436983085,141.08538507709912,136.51827398284794
1319,43.96666666666667,158.55413746571782,95.38074438326622,39.46098435734394,14.853258093955404,154.92048154891228,174.50453261821676,142.0305894214632,136.25186217246053
1320,44.0,158.9733370518654,94.95039678978092,39.31141663547005,15.355526430243332,155.54154818121995,173.95189104200642,142.1901130364585,136.28586963455052
1321,44.03333333333333,158.13641555565107,95.09804889166995,39.169491708448675,14.259061385895139,154.68742750720597,171.6938502445943,141.7781800367647,135.55489740168392
1322,44.06666666666667,157.75859202951685,95.7173123376858,39.387590198175594,12.227320604227664,153.9193597449309,170.32938053800862,141.61220094590615,135.92505541649913
1323,44.1,158.47214393522742,95.43218886153048,39.40032297863375,12.797633145549762,153.97416518216477,169.98440873818234,141.41868661657966,135.63025144615509
1324,44.13333333333333,157.16543771276656,94.87409688294812,38.368765449292376,13.239713452776176,154.12366292101095,169.6918091184483,140.68189259986192,134.81119385798146
1325,44.166666666666664,156.14049202707866,94.63609253999624,35.97218019018497,14.717733231110683,154.7364126375367,170.09918894893963,140.55359069959573,134.9091846160208
1326,44.2,156.76221854007838,96.4246178903248,35.12267564593894,14.400392952264845,154.8015039587455,170.9491208785963,141.37239096246714,135.53136464871267
1327,44.233333333333334,157.6891319778181,97.12919750261422,35.91928850129137,14.326825434143865,156.28520799486913,172.02836544529887,144.24375650793675,137.0852418658253
1328,44.266666666666666,156.69204287201075,94.65289459635154,35.75150934875207,18.86855874398197,153.8011813305906,171.33801230224978,145.29057173714918,138.922365922113
1329,44.3,157.13283862206734,90.14154783560338,36.4203099581406,25.78050493000536,151.61383751189743,171.61621509907857,146.01084081071653,140.30469421021849
1330,44.333333333333336,156.4594472687191,96.13144340861672,38.340825147303356,13.898066142258696,150.55470914655066,168.0431060932594,144.96598759156058,137.2070667502909
1331,44.36666666666667,156.81210876575307,94.87720823130955,38.57755589056404,14.123212797122143,153.7581045217103,173.94991945031393,144.53274279016145,141.07514778695665
1332,44.4,155.97174818661819,93.44210824731962,42.561979287689105,15.985985803918371,150.564661151282,172.73360183406015,144.865979530095,141.15963999591335
1333,44.43333333333333,153.68374804681247,92.92335924154109,41.43282614851907,18.948097239924145,150.95896088767614,175.5331173172589,144.75630486461955,141.66697698061736
1334,44.46666666666667,154.6844839354971,88.51288846964238,41.37643830104708,23.64732300200383,153.8865868240151,176.59271609187493,147.02111031596434,143.89382142200625
1335,44.5,154.7518250080714,88.3148666579766,40.50153563539768,23.858161563098356,152.79918862812042,175.34265223767466,145.45813285273138,141.99922126537004
1336,44.53333333333333,153.4501601084183,88.85782334884355,36.75406115337606,23.263634996630678,152.14260003475846,175.55230888025523,145.93580050701144,142.82755133577834
1337,44.56666666666667,154.1766481377455,89.07168641806544,39.26185910685098,21.940274566459646,151.2652560474286,173.9138621012687,145.01978945457833,141.1490655459702
1338,44.6,156.12964768153495,90.9978032772046,41.68479030115799,20.157228994125937,150.44488719188104,169.225883609091,145.66540001331856,141.52796893387017
1339,44.63333333333333,156.33328799909057,94.76956556338074,40.69214070327193,18.97074434064954,147.45574479300686,178.59817895490826,140.46015377547812,146.31746758279402
1340,44.666666666666664,158.05308678344903,93.13930873789757,41.815374844404566,17.114853930943646,148.75363095761125,175.04250275923923,141.69871573707655,144.5893821766094
1341,44.7,157.58987938216825,95.48829370523389,40.557126836940675,18.446102204214824,145.12129384726512,177.67539744996932,140.76901292795108,146.87451382262833
1342,44.733333333333334,156.2865719550364,93.42815811639862,41.96819322492971,17.221984244162904,144.08904232009388,178.71436424090854,139.54779363569565,147.39119222975944
1343,44.766666666666666,157.88607746020574,92.48172214336215,42.21057707562936,15.138423821607168,148.4251445453856,177.40520781226894,142.42068655069045,144.61469445132954
1344,44.8,157.04553309035896,98.35936320080498,41.59131760198487,13.608981386414325,143.43501889829852,175.48852136661262,137.2943286355066,149.93727294597917
1345,44.833333333333336,156.78701133226065,96.68502928050567,42.19296462880235,13.567131510968917,149.11256622085205,178.93806374909897,142.30017528264258,146.62534826425977
1346,44.86666666666667,156.19033108585577,96.74038561273295,41.99576061913672,13.888494550365433,150.5491400047229,177.81639585357576,142.08936344317866,146.1321729184553
1347,44.9,156.3283929246624,95.71168340786461,42.18852362290565,16.10847651874084,151.58112466889088,177.3603983338089,142.4225882608805,144.02896967514107
1348,44.93333333333333,154.63530706090515,96.38911283624097,39.44124029758658,17.273290126761236,152.73931029909897,174.71249368140076,143.63073095315954,142.32909731920887
1349,44.96666666666667,152.8185918135875,99.52989563168181,36.03201113779493,16.025272028360522,150.26983908454145,175.8409055595679,142.13834610283703,142.94614691477076
1350,45.0,150.040530608955,102.12685078857255,29.769601357386613,14.70654518085299,152.27500283939236,177.05964942971067,137.8011276559428,143.3098736133386
1351,45.03333333333333,149.20672022388635,104.23282472193185,31.749967625465487,11.087536600437346,149.28740117280762,176.73003126950874,132.29597403327583,141.6534480044747
1352,45.06666666666667,147.92077977575414,103.58821907227892,32.074245265046756,11.26751860705533,151.74970320157504,172.03128932606495,133.09675745785844,137.49374274962898
1353,45.1,145.18960429680791,101.45292959396649,30.954619801026922,13.040978869029377,151.66903939054984,169.0666192510759,129.73801925423194,135.90181399672667
1354,45.13333333333333,142.45883679804507,104.49350115181815,27.115646587464184,16.571952348163745,153.28146469751957,166.32033571331016,127.77472931654485,131.75644763959536
1355,45.166666666666664,138.88683936660223,105.31550796816427,25.32006967545299,23.247217257744804,150.73256248477082,162.58821570609865,125.22264405947234,130.52322553576104
1356,45.2,139.12029497424797,103.43392353396695,24.90471998894961,24.465225964319377,150.5481075371424,165.65968334790682,124.51371141499423,132.95067050579542
1357,45.233333333333334,138.95267812580516,102.85370426996886,22.878041260999993,29.375694681146083,153.06742889883853,165.9942635432358,125.39851178868645,133.2200784698802
1358,45.266666666666666,139.78908009608995,99.45460959087308,18.452102407495808,30.985398417148577,153.71668373867803,166.17293535021557,126.10375594617136,132.66112229279298
1359,45.3,140.9175032069889,92.77171075873547,15.950970467189835,27.897836835086547,157.3831596143375,167.60432685276098,126.1112753003208,132.69836296122753
1360,45.333333333333336,142.88659603537025,91.95490280858621,17.937212350875342,27.877834505390688,156.1214227873551,170.95599415427733,125.93811202294815,134.3106963603883
1361,45.36666666666667,142.6547400181934,90.53624916065273,17.841082554679137,29.31093259323847,157.72295379106703,172.36765140619497,125.3219363973072,134.40283049071803
1362,45.4,136.86834405032803,93.21594024834585,15.303624630052578,34.61067341290973,157.47027848597702,173.46536380750896,123.46633100000624,135.938096445226
1363,45.43333333333333,144.36852137713205,90.5203433560253,15.417823481598067,34.446352706374654,156.8026509727604,172.93762680903964,123.86965291975667,136.33494381226157
1364,45.46666666666667,145.58163829110396,90.20047242906858,14.96344579547859,37.04649647280828,157.478343333417,169.51749630091552,126.40808818759896,132.9576327339533
1365,45.5,145.9268728439322,90.30474861369258,13.428627742456664,37.820254226288924,158.57949639813341,168.6060884478764,125.67173871572577,131.5452390210442
1366,45.53333333333333,145.39156405627998,90.02873788310477,14.70639281499597,39.57256875177849,158.34223707140083,168.61290260800965,127.21922258050425,132.10747531837885
1367,45.56666666666667,145.6465359537277,93.48979200547063,15.109128146235468,43.47330663166997,158.25000634440553,169.7310219731581,126.39440555402707,133.24641780063794
1368,45.6,145.16122646884693,97.49317935330735,15.285718628163178,47.00594344031799,158.71521480981104,170.03900389266,124.81283022715674,133.36900249031368
1369,45.63333333333333,146.18685317557097,96.18740029454568,13.96332859553352,45.61575017742572,157.5107627519457,170.17407483374637,122.54293716946819,133.25311105403685
1370,45.666666666666664,146.80132667668104,96.0975750126505,15.162403749606842,45.190612733928305,157.2756394746451,171.0839312419023,122.74139945027937,134.35111930309913
1371,45.7,149.05693696872225,99.07435728386652,14.752228133799248,46.425183210946194,162.1397435253599,169.38180179182518,124.3782120045992,132.68076594378445
1372,45.733333333333334,152.2397631437905,100.33523454835867,14.419401677502814,47.04097089489166,161.26795588727384,169.47764382671124,125.90672216234032,132.95708876357477
1373,45.766666666666666,151.95137358440593,101.26552434720651,14.40693867942439,47.85769428138625,160.8816568379453,169.63254431700733,127.02855529204896,133.10349339803696
1374,45.8,149.15723493691291,103.60007865025433,13.075699598780668,51.52151117507144,162.902928957797,168.91819561764137,125.48888678226083,133.05312489968253
1375,45.833333333333336,148.06805997583356,104.10089689704057,12.969249517257078,52.54278358628486,161.65167340008702,167.11193813608614,124.62592125731146,132.57351003178348
1376,45.86666666666667,147.62751203715447,103.76063425482289,13.624027330697563,53.63044036270358,159.63556155975135,165.57442780218213,122.71815846741777,132.72115543448004
1377,45.9,148.15161687486406,103.48233332453673,13.918105909683932,53.20907696389491,159.02877608461282,163.77600128686709,122.02373175711543,131.70752456887928
1378,45.93333333333333,144.88924708520864,107.0677890689603,15.39436377981826,55.91155635668507,159.62505212203874,160.8723498081183,120.45278199321783,128.6301764357693
1379,45.96666666666667,139.80750497566385,109.89673406633709,16.782602133653842,59.95184978675419,157.8937958477716,159.04396334460816,118.46552971308857,128.43736702843415
1380,46.0,141.89939160281818,109.34472748802419,17.854873929971777,60.17651963114896,156.0862689810022,156.57623978128404,117.25716884950624,127.09033109890359
1381,46.03333333333333,140.74048922814936,109.81585275720101,22.225427476334346,61.171027590951944,157.11605328228805,156.4059704576381,117.13268614276701,127.16736615206685
1382,46.06666666666667,141.45574832910188,107.7340838407731,22.3056724683949,58.145840035893194,156.16676088042513,156.84828006713752,117.5771638563691,127.79496526328731
1383,46.1,138.47639021684907,105.70992108198163,24.933461155202988,56.13642528062687,155.7153926833698,156.5563567078859,116.17213045895917,127.97542953524746
1384,46.13333333333333,140.490773200927,103.96828024537324,24.287320586368686,54.95611078064962,155.6299912828594,155.64409706860894,116.38391396786263,127.44716392427534
1385,46.166666666666664,139.59527098982363,103.6553711106929,24.76873456734224,53.27290769126786,153.62481642834513,156.0946247649522,116.47623911468041,127.87799676767023
1386,46.2,138.37102735574592,101.88147401939908,26.205504314049058,52.46005191252393,153.2757189245965,155.4537539782577,116.19137637112516,128.38435143544692
1387,46.233333333333334,138.44047470092394,102.08964183996615,27.482514748492907,51.98809470251107,154.5834295021164,157.7544727224777,116.49261981006238,129.58729849057045
1388,46.266666666666666,141.07868012783126,104.44529484606116,29.15093310731528,52.403770024544784,156.97297558787938,159.4824046805994,117.14875031749344,130.6906981365786
1389,46.3,132.6782460325132,104.02836372460656,29.389395699585243,52.19859234352627,154.06421640281096,157.61768413496364,118.10098241219515,130.98790861639935
1390,46.333333333333336,136.41824408879253,106.61789349985051,27.80537105138898,53.08309145063109,154.95491538756647,157.9809294164741,118.9389564534455,131.34294028105745
1391,46.36666666666667,138.51565941118272,110.04328602496747,27.319109791524195,57.28198999247107,155.82370823989697,157.45884424818297,121.51211000565775,131.960909352713
1392,46.4,137.79691725347826,114.12164467881993,22.56708846787301,53.49488386295753,153.91253455414184,158.2953468157544,121.81789926940654,132.5469831413861
1393,46.43333333333333,137.09568939195086,120.3123256807347,23.006071399206657,58.55965230524891,154.83118630542359,158.66941032379407,123.54017035174425,133.3796003801102
1394,46.46666666666667,132.92502642582042,95.25748619708926,19.566779894331038,32.422662744645685,158.320172278794,157.8982739847316,129.54436604515948,134.5196026449115
1395,46.5,138.94933711680397,104.0102603870454,17.787869476873873,41.15108818266134,157.06085642858187,158.34771158544103,128.76231348297998,134.44696589447656
1396,46.53333333333333,135.31927311378038,110.71244447988009,18.252494572699142,38.30924691934433,156.45232680492927,159.01323839721442,128.45627695326715,134.1207589296707
1397,46.56666666666667,151.0786922161701,112.878449628861,25.530788336040224,57.7254617036333,158.33360165196643,160.31620984194103,123.2587334591998,133.78141243757875
1398,46.6,146.94320389659143,112.68377264384736,23.804647374479146,60.901569712309225,157.47194908860905,160.76540735138403,122.18763973263378,133.91004341397675
1399,46.63333333333333,149.15223964373305,109.71133928946598,22.602442965897108,61.77794547128329,156.7105636603801,159.05096585292335,121.81676435523929,132.58490789232522
1400,46.666666666666664,148.7532710762535,108.28840070323074,21.00787035132087,59.65909514213073,154.79357672390063,158.44021167484053,121.31373691937702,132.18783546192319
1401,46.7,148.06013501083348,110.88088608197219,20.411077996806537,64.44014890959355,154.47105684855728,158.42065542550336,121.43169612291929,132.21126127540091
1402,46.733333333333334,150.20018018623563,139.9685196055634,19.307825389305865,98.76292906261605,155.39824001852315,156.52864759848953,122.44009106785258,132.72751052769544
1403,46.766666666666666,148.56067017981348,119.25073174381383,19.581725198607714,77.96739531070185,154.8164190999689,156.41992263518978,121.55030801842607,132.53433355618984
1404,46.8,153.34577947771183,141.13974291505946,22.855612173521738,117.54404731407995,160.74972046258083,157.23847144949536,128.57160553919627,133.63149112173505
1405,46.833333333333336,149.60303227608023,120.22388123741837,19.840971911387665,78.68609642831683,157.96688907143096,157.4556169271853,125.40572862344702,133.2632171709655
1406,46.86666666666667,145.301876702206,113.61029103229839,19.353983093842945,69.2669955985073,157.7360035784394,158.79818659128873,125.22527786550233,132.85764580314793
1407,46.9,146.0617564325986,112.12842378525404,19.195780522715303,67.6531027483444,155.31630754812707,157.6659149303622,122.88771308856876,131.82404346338913
1408,46.93333333333333,150.98124900778086,112.2485786039931,21.29590541292973,66.38438002306587,155.39584477911148,159.60264850485243,122.69817274208422,132.17295876408545
1409,46.96666666666667,147.02564189361104,106.6230379178542,21.856521333644512,58.1748894970043,153.2688666688342,158.87480817557082,119.05082192058302,131.5953132587329
1410,47.0,142.32098881718142,99.77569446596824,21.594626685645668,52.06860984699995,153.90338673451757,159.50881199299664,117.93554659427416,130.900595170829
1411,47.03333333333333,143.94741645107902,100.34101874740269,22.963636598260432,52.74002277389178,153.53680850246732,159.22483359488544,117.41058418529111,130.9074752149467
1412,47.06666666666667,145.1164399072102,99.95854083847395,23.12056038836306,51.66686332390187,153.93822501559558,158.67560832898096,117.84537000639573,130.85424880228848
1413,47.1,144.9215214495291,99.38929477412032,23.462043749845744,48.285806871415936,154.88135952466837,160.21128635120223,118.8063890329229,131.94874531552315
1414,47.13333333333333,143.6483789471509,100.12537232558881,23.185629025103253,48.48098379694878,154.92597091435192,160.68271173403767,118.982202575196,131.94344841236858
1415,47.166666666666664,142.18609516445582,100.15445063348614,22.91459217469439,46.390152589491336,155.10430229221066,162.03722798418625,118.89322777945594,132.70572477888877
1416,47.2,142.1132067152284,101.44496039839717,23.42957559030959,46.26668579622087,154.86972501220666,161.41452546896184,118.49348141891494,132.26321337596553
1417,47.233333333333334,140.17459966658666,102.2215484949994,23.225562841613517,47.20928394956822,154.84809827123283,160.69072563419263,118.99672922714974,131.87780398446884
1418,47.266666666666666,140.05362960482157,103.11658919232865,23.11629824949754,48.65560671897881,154.7698981396516,159.80464170459106,118.832992131716,131.3787055995135
1419,47.3,140.83546075393085,102.51908079931762,22.774931280571078,48.932515967479716,155.9376742184811,160.07404845760152,119.85818696230507,131.6931917849024
1420,47.333333333333336,139.85284457384628,102.45197576604703,20.800004936129405,51.31710949350502,154.1730570151405,157.7640820260657,119.12545581919068,130.84939161337945
1421,47.36666666666667,141.01260027358106,104.13391518337464,20.975686535141357,52.33226785157462,154.60305656447804,158.43894822543604,119.3477855110544,130.82423383190272
1422,47.4,141.30295843624828,105.64750106924818,21.158285141528623,52.21291374051217,154.97269767536218,159.8982309223898,119.03910505772015,131.22135072856491
1423,47.43333333333333,140.51213842057703,105.60567125766372,20.18140445106155,53.007597089682235,154.40953480726176,158.4155115775843,118.7586394006518,130.26971156471703
1424,47.46666666666667,139.0050842240366,104.2337317577969,20.138628036274554,52.376758403723315,154.0410854585112,158.10586164674314,117.83126276348571,130.63572963903476
1425,47.5,137.59520425222837,104.1556350775763,19.689876461024777,52.158982970787626,153.90768603588634,158.3550111677508,118.14858497215657,130.7440812912673
1426,47.53333333333333,139.88303219108434,104.78875246205969,18.685345158553027,52.14100899570252,153.7930497476185,160.18551648272148,119.94885254403735,132.24474510266248
1427,47.56666666666667,140.2501269070145,106.894325789265,18.86969559617315,56.78568158238238,154.6408502100172,159.50049913998544,120.16792548961293,132.07802617403692
1428,47.6,140.078380516082,109.55542355179931,18.96959066681045,59.64986514913484,154.51656818703685,159.19957548596096,119.79968879194185,132.15760510620635
1429,47.63333333333333,140.0000958883024,107.94880880891945,20.17635895503654,58.09087448302492,155.62177617485426,158.9865956305206,119.8294040963226,131.93327519410755
1430,47.666666666666664,141.46853033986255,107.73672417448996,21.21013974506344,57.496015954753275,155.45920899836068,159.0766507660525,118.74290357479572,131.71018527686132
1431,47.7,141.7238804791885,109.58139206493126,21.088588351133964,60.05787159577606,155.12130538938385,158.18412711253345,118.42323943732744,131.3478191987259
1432,47.733333333333334,141.20821110298692,109.56797548356943,20.820670844445317,60.110994852007394,155.08479455695417,158.69185697263785,118.48713969038478,131.81497514602597
1433,47.766666666666666,140.76667946235526,108.668041827547,20.68301905969107,59.20163674764532,154.93668117573554,158.93342319922465,118.2878991904722,131.75972046899048
1434,47.8,140.73149082364537,109.11769811401078,21.235039927285428,59.82080027943356,155.5073215633736,158.11729933071052,118.62549479054951,131.08042155829452
1435,47.833333333333336,141.397971249505,108.84838367319908,21.029979565737342,60.00206411809476,155.49674561971563,158.16791007632733,118.67784205162116,131.33018603628906
1436,47.86666666666667,141.42775660436513,108.51006874073947,21.166514731555196,59.92595474820855,155.47104700518528,157.93862067128958,119.00484089218645,131.47624890231373
1437,47.9,137.60260388563424,105.25487835776443,22.96968843846818,55.92619644375124,156.65660368903164,158.41085887784885,118.84437773120577,130.90608246165598
1438,47.93333333333333,133.12736718683016,96.37448866604323,23.395246917662643,44.22897300081329,157.92125549623796,162.5434108299255,120.26305923088314,131.4589488556749
1439,47.96666666666667,135.00649889379773,97.78622920253471,21.715105041488307,45.383426112338704,157.5083833042756,162.09631830885428,120.87232712884995,131.57981871888745
1440,48.0,136.21603582424044,98.01711161926497,21.541422905574283,43.81519026705079,157.35362373369716,162.62443959060786,121.5197362365781,132.03151071059625
1441,48.03333333333333,134.25979623383378,99.9038961811651,20.87989036381856,45.45828685398892,156.41513022982082,161.111728209729,120.34380626652059,131.21352822746945
1442,48.06666666666667,138.02811247871915,100.62596433783982,19.950607434093733,46.73538730703733,155.79805838648224,161.59368580814436,120.61760069606096,131.91548473223818
1443,48.1,138.2566664636571,102.94041107914656,24.060708140888732,49.2347944521712,156.85444216891426,160.09807047010568,119.23730178114484,131.0024743481731
1444,48.13333333333333,136.95528254785359,100.9498005308684,23.101487639621862,47.619513036994114,156.3857685737164,160.11332109437686,118.92066625256777,130.81875388493526
1445,48.166666666666664,142.23007788230035,102.09664450176076,18.53061414964725,47.20956954924712,156.55726477478217,162.43223223102677,120.34512694469193,132.1937530886572
1446,48.2,143.91909014921436,103.39137873006719,20.911401069457078,46.89146563361377,156.55868734860863,163.15751049340912,119.80447334034633,132.22741121282607
1447,48.233333333333334,139.86890118752888,104.11788442950588,21.7810461091747,50.9782906441859,155.57481960804355,159.6722848875773,118.3073488577044,131.35867826525396
1448,48.266666666666666,139.36459967088894,103.1161102369293,21.78723949105585,50.66599981081632,155.02858263854122,159.33935397401893,117.79517061192473,130.96752052978968
1449,48.3,138.41659056770186,101.17083543147454,21.365863194871725,50.06492968936557,155.95834404380366,161.0114035716497,117.7748265078953,131.21165156874858
1450,48.333333333333336,137.58385480362804,100.12350871746426,21.112383300922872,49.32403616557607,156.14313980488538,160.82011487183874,118.51399488982386,131.49584700154756
1451,48.36666666666667,138.09997080329808,99.9101958065588,21.768039897580266,49.307228927007046,154.8275638091328,159.7243332975576,117.55921774504513,131.1922512121614
1452,48.4,137.5633060936479,99.2635482557225,22.396662725560937,48.745170381525114,153.20548660526597,157.90979747759707,115.88329913751102,129.85727286799644
1453,48.43333333333333,140.4622759813448,99.14874490188808,23.537476643485032,46.403039159248756,155.41971227434294,160.13785866015442,117.1174796668603,130.17478241839075
1454,48.46666666666667,139.23512201368058,98.86874251608073,23.890579330294536,46.6244932183434,156.10970128155583,159.4830169296169,118.32474671757696,129.73504198885223
1455,48.5,141.62516993237932,97.73933127497003,24.538212278510464,43.99834456058698,157.48986087471374,161.8443229014327,119.37085619003008,131.31229099343838
1456,48.53333333333333,137.80857134074733,98.3321263578824,24.36317280309466,44.84253551660727,157.6193432662632,161.6072538644243,119.28681646526715,131.34465044411735
1457,48.56666666666667,137.1480904327159,98.7354817591703,23.835262294206828,45.131301736208606,158.40245554846004,162.20812708798056,119.15915981369588,131.04465377523871
1458,48.6,137.12638530906756,98.84681745495887,23.707225718100272,45.19665889811637,158.98398222482476,162.94366683511583,119.39945829339464,131.37603576729305
1459,48.63333333333333,139.86940544016355,102.02365940859316,23.99929137800386,50.84966040687646,158.16828186263277,160.60021253677357,118.76169802830117,131.30632382147215
1460,48.666666666666664,139.38305444564853,101.22560939155953,23.93415879108685,49.87926703177659,158.08975650870204,160.63812633273506,118.94776046694372,131.47150062985833
1461,48.7,137.03954133220824,101.44755923044572,22.573214505344016,52.48766898118354,157.20810293527097,158.9510095679538,118.16988578864856,130.78053507324307
1462,48.733333333333334,137.84053237023713,101.44429434111848,22.102229976968854,52.68502248430543,156.84158756358735,159.1086375731331,118.44559665262562,130.88221401431522
1463,48.766666666666666,137.2608491224566,103.4414946937922,21.862405225886302,56.567202226428876,155.7445689196688,157.16480904330317,117.52242910835557,130.75147820758295
1464,48.8,137.65894230886184,100.33334706714028,21.933537200132303,51.82125925246209,156.30226068790412,158.43025523104384,118.16394984978848,131.32089533793186
1465,48.833333333333336,137.85265380608533,101.84576809630472,21.83437784436799,53.28102000580035,156.34368360783247,158.70826002376086,118.26791212037843,131.30659886190924
1466,48.86666666666667,140.22612997786564,101.6474919241079,22.730714198703716,49.42678736888896,155.4573762933332,160.46359409750957,118.27022536798678,130.5922525634986
1467,48.9,139.5421224557328,101.60124051943599,22.305291135682644,49.604448573715295,155.00588668404257,159.7747501569762,117.64990420416348,130.1947943982266
1468,48.93333333333333,139.3474731649498,100.98903439365364,21.62041714802751,49.43648248737603,154.57654088329386,159.60842424922487,117.50899079101791,130.27307207164014
1469,48.96666666666667,136.56522026264784,99.5637780520931,21.027207732771725,47.872200672093165,155.3139273292459,159.7940085319857,118.39128385048902,130.43401200645957
1470,49.0,136.98705396547555,99.7513606643643,21.247803933778073,48.383992958426234,155.3701444898317,159.6054606252031,118.59518286554926,130.8366090681061
1471,49.03333333333333,136.3389482154199,98.77013195903125,21.105282396504496,48.21194428372648,155.6199451094989,159.3188907018671,117.99537951643312,130.56195357532368
1472,49.06666666666667,134.61042460184814,101.05291877126155,22.97420941114132,50.96195861606475,155.29446346548718,158.25802563238668,117.01009321426078,130.260652547151
1473,49.1,135.49203034106245,100.76051561115997,22.4222051374432,50.761448745689144,154.7067210907258,157.93165995352078,117.20394907545085,129.95695972803995
1474,49.13333333333333,137.50464663350817,104.02624017677122,24.125906964229955,55.5380464890361,153.18423586581577,154.2593991663035,115.37573712853208,127.29848664752419
1475,49.166666666666664,138.02329891960076,103.47212787555259,23.66221902493277,54.250930244093034,152.88930343990097,155.5499426802466,114.54816403357903,127.72994778077461
1476,49.2,135.5056394387303,101.81053049244986,22.65599855631202,52.43291474793478,151.59269878145767,155.77252207819868,113.64956655856425,127.25305822763943
1477,49.233333333333334,137.76757516090925,104.87772124471253,25.880940152283394,53.285106459834985,156.12520465214288,158.69142480197036,114.27558790396613,127.32172598977942
1478,49.266666666666666,135.77019838432045,104.64813980124353,26.975465533479248,52.07437904701863,155.76549004737754,157.4989291758164,115.13986728562716,127.91838400422131
1479,49.3,132.89715609457122,104.03444412767287,28.045222531095003,53.58094498434477,157.2317326450839,156.39431028514718,115.6685663543829,128.30948939613572
1480,49.333333333333336,132.82803181484854,108.59982428304052,28.257607543107675,57.91820490855891,151.40139818480537,154.287754682595,111.29749709795696,127.43250419378215
1481,49.36666666666667,131.71560934647476,104.25523871251761,27.384185821661575,56.258655915031134,153.89238382498104,152.31192968366963,113.12151015681258,126.70948969982165
1482,49.4,130.00206063880862,106.95979133386943,27.429615703161893,55.95469960020065,151.4148755298448,150.01743589535155,111.79291108728515,124.70480884905923
1483,49.43333333333333,124.77689015147958,104.25099952331803,24.580421317005843,53.047908709881,151.29712220604176,148.89816160986032,114.93502530317093,124.31138558606861
1484,49.46666666666667,124.50753908574967,107.511859685991,24.628925690662275,52.58193236076117,151.5981840834829,151.09236692842592,115.2319409912514,124.76454081011686
1485,49.5,120.2606736457362,111.0208198755309,24.225058755120223,52.565286885517565,152.46161540265516,152.30599347957016,115.70445117999348,124.6599480141323
1486,49.53333333333333,123.65998348104661,111.72323345813913,23.956221377692746,49.114532926995224,153.71592839308136,153.83738875047453,116.83613770047619,126.43153254015803
1487,49.56666666666667,126.56479284036733,113.69855465079729,27.86275716498646,48.781891505252524,155.5647021511377,154.0030057358868,117.93274478647113,127.62482536514098
1488,49.6,122.98769487126785,113.00342861126455,27.165240214181676,48.17664351461918,154.31026942977974,151.06778850846723,117.19254138322441,126.38415990584399
1489,49.63333333333333,121.58166276156949,113.60135066221649,26.780121159875407,43.07341300284621,155.0748424447696,155.04254304025207,117.4347048394016,126.31582221597738
1490,49.666666666666664,121.21879014969073,113.15304873066104,26.504983431925357,43.281542352006575,153.9043738497142,154.12537199758603,116.49058211272056,127.36144465765248
1491,49.7,119.21932653668264,115.5653162238156,28.534192699260274,42.82828477409934,156.80352560424208,157.0175772158148,116.90938916369234,129.12921836896953
1492,49.733333333333334,121.08102724598335,116.08989755108713,28.050198257959877,40.890246825270474,158.94988533699438,159.74119302582685,118.31279954427568,130.20811417317984
1493,49.766666666666666,117.29393931261497,115.7552264198882,27.695600760260646,40.63565992781858,157.79706088526981,160.0232073524082,115.74830245528582,130.06582964179432
1494,49.8,118.21558071925354,116.15942358282317,27.687074383056252,41.48398777521781,155.95390917643238,159.1287834712567,113.92501095593103,130.4397540475138
1495,49.833333333333336,118.88584447197988,115.26780419240964,26.618183997555835,41.32004382851809,156.91743973553665,158.94031507530144,115.72296385743545,131.0887991822492
1496,49.86666666666667,117.85776680366504,114.4846443927123,24.289615011301592,41.39327773396298,153.84912970977174,157.85140332527257,115.48391543811869,129.79120896142373
1497,49.9,118.74051584532074,113.63925404340175,23.96834272591305,40.261477795303854,152.99069979415407,157.78066655982678,114.87090449330486,129.65921101156545
1498,49.93333333333333,120.17802359908369,111.75739483092627,21.939471454309132,41.38022168072479,149.45574214061546,154.7116389224487,114.96732942968325,129.99464256513338
1499,49.96666666666667,120.26510237311048,115.34042258023224,22.545939743353397,43.980388939316704,150.66432121770313,155.79516438023967,114.01193728542155,129.67024725649893
1500,50.0,118.21772108676042,112.84416317324781,21.80664091896592,50.163720421586724,146.18226488662205,148.86143761296637,114.06078896761734,130.26143732906252
1501,50.03333333333333,118.7979874669071,116.02551333280813,17.911575033285988,55.5494730030883,144.26632297033228,147.79974696863607,115.32313662684625,129.51868253864475
1502,50.06666666666667,118.89482497344501,115.79312982218703,18.479436580012106,53.041910375098006,147.69614589723153,150.34481797435183,116.48700161957758,130.64941097184501
1503,50.1,115.48790242228564,116.14183058407743,16.048301913891233,57.586011585072924,145.61566718534044,147.41361192267163,116.72032606969074,130.5162831832865
1504,50.13333333333333,118.0675091893839,117.7909458516013,15.465814569379065,57.19270876190993,147.7160983018531,149.94482834232372,118.12267499738924,131.27394994759607
1505,50.166666666666664,114.6132298697615,118.41498046741474,16.526329479414372,56.62018503709346,148.3939430235295,151.1851129637885,118.05145386810896,131.44352764094253
1506,50.2,114.74234525420377,116.96480489121551,16.2645569046562,54.6390857613566,148.27304090272773,151.22287643333016,118.40879482133033,133.00725311176103
1507,50.233333333333334,117.84889284613214,118.2163569088767,15.180233987501639,56.956721630152046,147.8889753431117,149.92948769591678,119.46404182758153,132.35515249472252
1508,50.266666666666666,117.18429218278762,116.79643429619733,15.732669299655967,55.566428156809756,147.90875324710538,149.88704238653358,119.51345784178731,132.3720563914166
1509,50.3,115.84743289336237,117.0425367761692,15.806540731020515,55.33734201088969,149.24254330098574,150.2686971918534,120.17546897235297,132.5420007948409
1510,50.333333333333336,115.01426309076744,117.38546674251882,15.58091378752038,55.02847649546517,149.92368002428503,150.88290969700034,120.53740468432743,132.05030082571116
1511,50.36666666666667,114.33797441911531,114.25205202340923,14.971991389595505,55.28963371300773,147.62417145040422,148.59853256518917,118.9576322154973,130.80618770627507
1512,50.4,113.39418058327024,113.71373794040767,14.505885486711007,55.486736003542475,145.87508710585877,147.0700463324041,118.56468769386909,131.32712279722543
1513,50.43333333333333,115.18505916705564,114.53750219681844,14.50415325957753,54.942588830886024,148.09806194728213,147.76160573701492,118.20122351126744,132.36231270700137
1514,50.46666666666667,115.64680407909853,117.64063914226051,14.004276899472396,55.793121545936735,147.25998888133776,148.38392598887563,118.43136929514826,132.7353841584995
1515,50.5,113.63835721306026,118.08730145978022,13.871992673110976,57.766293217823986,146.3470996580029,146.77304377183827,119.8555361133054,133.01410750952036
1516,50.53333333333333,112.61342659206741,113.62004223522247,13.48301011386035,55.2857423132432,144.61366528534555,145.34266559580405,120.17606861961481,133.53491539278016
1517,50.56666666666667,112.91444459328103,116.27900166379686,12.691808599089226,56.750913114877946,145.9286335892805,147.68373398287446,118.39448671284443,133.63512653542944
1518,50.6,110.77094658492177,116.2541549216978,12.146268522670965,57.5106338298307,144.98141009988512,145.94032594732664,118.34501410872647,131.88183444079095
1519,50.63333333333333,109.93044170301982,113.83276216770564,11.703012360184081,56.308241199734695,143.7407056155631,143.4631410468236,118.19728819112532,130.1598664970198
1520,50.666666666666664,107.18271043955036,115.26373880147436,12.288617220005772,56.929841976468936,144.36649126088247,144.5387555786334,118.26014332255173,129.94567288237394
1521,50.7,106.15484840773897,115.8081030725664,12.961565776844434,58.30178648937163,144.8575223328442,144.74663109803208,118.70548958727481,130.07980617915032
1522,50.733333333333334,106.51575295052969,115.73295106252456,13.176656803591156,58.83175109012147,144.7182188281509,144.67326162435887,118.71187233685356,129.90711543151252
1523,50.766666666666666,106.00405700903703,115.97975375758375,16.055208543974445,57.98087892167553,148.92409937545304,146.38597513755627,119.49267118488193,131.18247550653257
1524,50.8,108.1407302941376,117.02784623581371,16.72134694275887,58.05162926523507,149.84659107816302,147.10893610928449,121.14857206114833,131.46719289556907
1525,50.833333333333336,106.19837574276865,114.18044945708401,15.423257783935641,57.946647404641816,149.86244077614114,144.96185911030753,124.05336405247093,131.40416274693283
1526,50.86666666666667,108.07014299196234,111.66815454387414,13.117082345109,55.57180981006518,151.52724306715672,144.62480250086278,127.0473375430697,132.02393413913518
1527,50.9,109.69248752818295,110.968670229773,11.122828801291448,56.021299075150445,147.42765267165356,141.96051983423456,129.38390226574927,132.41663888579978
1528,50.93333333333333,109.56098064670375,108.89817610667158,10.893272994199881,52.10163326950056,146.94139401242347,142.22174925217755,128.96024539775217,132.5860259187189
1529,50.96666666666667,110.34785401950352,108.64500334684737,10.732485369168943,52.09192851333823,147.0434571045111,141.732767999541,131.51141866348013,135.2035121761359
1530,51.0,110.55172629533712,115.07292578639752,11.504305446575588,56.67910634005366,146.37169429581914,141.99151505687175,132.0260261571224,135.76032951388666
1531,51.03333333333333,112.20577034973827,110.60548797194359,11.846634646104247,50.1586711153881,145.99197454323695,142.8413758849763,132.05086340929628,133.84523708340876
1532,51.06666666666667,113.09283717797601,115.7702798233088,15.704939647611125,55.19508173138728,147.1933619984548,142.48092674030616,130.05845868475026,135.32891242420388
1533,51.1,110.6826860395267,114.63003602272921,15.649720947545978,54.56729874349021,145.7098394525348,141.81203704074736,131.20865189090912,138.20067442551442
1534,51.13333333333333,118.67946635786925,118.23072991857333,18.776775817459143,51.67957275006299,149.79895646223096,149.4155985401328,131.3639729095045,138.78944989514582
1535,51.166666666666664,117.44542549822107,119.8147992537857,25.373964321948332,50.63041568060094,156.67154964325528,152.06043595570344,130.9746131381701,139.972374301199
1536,51.2,120.58687574768501,118.92716563491555,22.14728930578457,46.89533476240602,154.0055556839695,152.0239151208987,133.66236517379843,142.31093122611435
1537,51.233333333333334,122.19855139701198,117.51135831283317,22.825782679819824,49.27262863884355,152.16369769803796,148.94285787371692,131.66497111067213,141.14250432018986
1538,51.266666666666666,114.48515261645085,125.12472934967114,23.360048073001956,61.367262194882976,147.7358052339412,143.410608339996,130.6656076278023,141.40422901557923
1539,51.3,114.87742124698065,121.96016812775542,23.37877203925055,58.44871740500306,146.60616244455795,143.0092934377051,131.93392224548242,143.52188649787882
1540,51.333333333333336,121.32385296522995,131.1650866214046,18.99298296338735,70.76479938869265,141.34044550204538,137.31999105908085,133.48290832635084,143.44506061443315
1541,51.36666666666667,123.98341514100696,133.3483655694598,19.887797847963768,71.75864806463706,141.93882881428314,139.51109999394993,133.14029736364432,143.83146439485202
1542,51.4,120.51827953813522,132.76674668579307,17.882181740456645,74.39064522646005,135.9218015375259,135.64713342094882,133.1115427232343,143.5967849794377
1543,51.43333333333333,121.83679866412858,135.6801337581942,17.365876764843883,78.47127183207785,132.17138233820575,134.08804316072263,133.61603398605627,144.53010143904052
1544,51.46666666666667,123.40163861694873,133.34750581440136,14.98370551253963,82.08704558531451,125.11415123443095,128.66416207909398,130.50631886402425,142.00147066342365
1545,51.5,120.47251639615656,129.6751449332845,16.17692776151533,76.1724361405196,128.2318667123514,131.16855871795022,129.89059723367916,141.97092967239504
1546,51.53333333333333,119.30132355295986,131.36631892020472,16.445483792475738,77.68212499170498,131.293524375449,132.2974000957579,130.15187233721153,142.446580212815
1547,51.56666666666667,119.71842439084209,131.68519454830172,17.19393244983192,76.41202181572717,132.97868478486293,134.1639691701744,130.28006177108074,142.75805545688337
1548,51.6,118.41753333394573,129.35212718247803,16.918318281334443,75.56372930273102,131.5228767106685,132.96749506217023,129.42277125044322,142.4577048334535
1549,51.63333333333333,123.08959055582787,130.1227387306018,17.10677214403969,75.25170143296268,132.2339469846005,134.23696939398783,128.52410412787702,142.7655915855003
1550,51.666666666666664,122.5681625302576,130.9830068889128,17.15504185289573,75.6036177487013,132.83674967419805,134.4816413036671,128.8107058211074,142.81476931539976
1551,51.7,121.76116515332521,131.83223350899505,16.877276610275207,76.52350835957753,133.05958381353076,134.61577594720532,127.64647542332087,142.42540849116762
1552,51.733333333333334,120.04489001679384,131.76556374804548,16.77674794881132,76.56095659305494,134.14473129562393,134.88067372811327,129.91688712176244,143.53508307596647
1553,51.766666666666666,119.69183940865469,131.6783602679503,17.246613221595396,75.94081461281363,136.49898040306567,136.04244198025782,131.29913301013335,144.46089797118142
1554,51.8,118.00751969874982,131.8312736574556,17.67879314796214,74.02735004285066,139.31259239052628,138.9107623265027,131.9498309136431,144.90682495785825
1555,51.833333333333336,118.13138034292994,134.8916891199817,21.731083724960584,70.4980966265889,145.09393662133635,145.6906289797312,131.0514373977481,145.412347298201
1556,51.86666666666667,118.62064945885895,134.21270394892585,21.764796572430075,69.24030009230573,145.19177306584453,146.16505736798172,131.66319125977518,147.33787148447234
1557,51.9,119.37477258461796,136.10528737796332,22.91966548892316,67.95257096285935,147.00722120935748,148.32047654038757,134.79234331849145,148.88483267335198
1558,51.93333333333333,119.94141943744717,136.005562829005,21.279512250802807,68.27792575188845,145.08508394214553,147.31672052315085,133.77322862929068,147.99879689281227
1559,51.96666666666667,119.6458869011345,137.87474262876245,22.01334482428858,68.21084982312965,145.57595003700519,148.07951138697985,133.58096447127141,147.411171576339
1560,52.0,119.39102817938058,138.58269129535327,21.772268168729653,69.70091891705738,143.9344850149221,146.26748451796612,131.47419935208939,146.71158930824282
1561,52.03333333333333,117.50931545067515,135.37638000379224,26.387881563816517,63.97290778049444,148.70421610011365,149.52194805915303,131.15623876527656,145.8912368792816
1562,52.06666666666667,116.79196928225612,131.8809708508981,26.658559739418077,59.29191014003809,151.80732133746264,152.26023426543497,132.0681435885992,145.97557303695672
1563,52.1,115.24508880448232,129.84357389840656,33.46280695914388,45.29363364038574,166.23018313105297,164.8498271339475,133.26602493584846,144.70373340465082
1564,52.13333333333333,117.0273215093701,124.55802073500675,29.47795823481438,44.641901341326694,160.86558032810504,161.20911418172588,132.4898325727519,142.80723842103288
1565,52.166666666666664,114.41291008420214,120.26633297014786,28.223680542157044,43.7033499492981,158.14585867081368,158.6530597996814,130.83564026506176,141.6076939169866
1566,52.2,112.90030048393253,119.55750147352558,27.006029755530736,48.016147110442134,154.57274742136482,154.44243499823187,128.7468895666337,140.49792885921465
1567,52.233333333333334,111.03020360389563,118.69544391882,27.078595054747478,47.15839038989088,154.0897408035433,154.4273265510885,128.21070164923802,138.55607148235046
1568,52.266666666666666,113.6990567795998,118.31439353260387,24.560037745210508,48.63732055000513,151.9770821183716,152.47151516817587,127.85219541200925,137.68746375937724
1569,52.3,114.21590334509467,119.5568777505763,19.396942266563407,56.35895509030814,144.49244617208748,145.60441027934226,128.39716316377485,138.3710298502952
1570,52.333333333333336,112.47440735061188,121.9295765407938,18.21845565696862,57.196859540095474,145.96800183612916,146.25448904256302,127.9042988816406,138.06498164080722
1571,52.36666666666667,112.54151395914528,120.69346666619414,16.339570144813,60.83362418495199,142.63513989250168,143.365656172798,125.07654629228935,136.45620357351888
1572,52.4,112.32454934690739,123.9264158961954,14.019022168454248,62.67266393945385,142.6096444161084,145.25092868143963,122.34175727395876,132.71685418630622
1573,52.43333333333333,115.82561015486807,122.82488744647759,15.916189338002562,64.14858604042959,138.19466246770912,141.5150438982877,123.9085378700137,134.10625270914514
1574,52.46666666666667,114.75545498787024,127.42564311285406,13.360958093898548,65.17300466514433,142.22514743648435,142.89980117819508,125.01136081067244,134.61430070381235
1575,52.5,115.49643065697354,126.83792155429533,13.536875646077236,58.46364523811257,147.11073741142002,148.74207877950644,126.38733500953332,134.30271915438976
1576,52.53333333333333,117.3595187580813,113.24058919031314,14.119393415384701,42.161566723508464,147.43508517333754,149.32673913528018,129.87915622338457,136.56768017479024
1577,52.56666666666667,115.28847835367053,121.25984235429402,13.662841070206346,50.133152377864555,148.22324242639843,149.45322081375195,130.21978864438526,136.91068507611772
1578,52.6,119.44223809409698,112.18884590480542,13.70322052813649,37.87305933842034,150.1460114538702,152.20735345660864,130.90375619328847,137.37390407068182
1579,52.63333333333333,118.45627066403561,114.94953221003946,13.39538623305285,40.84094984269574,150.09615617702403,151.2991672003431,130.98750664402613,136.9696711078311
1580,52.666666666666664,118.71003464622619,115.3900455568888,13.86246898683173,43.598768859880934,148.67448686319153,151.17239653921501,127.83829497951447,135.9449994697303
1581,52.7,118.38934642104587,134.38306623017016,12.956616474998027,61.57827905187126,146.5929052477418,150.4379720070355,124.70958643008348,134.2223441243496
1582,52.733333333333334,118.4832981861161,137.02417051439596,13.903467272612348,64.05574340905048,147.39631268638462,151.03128604276154,123.98737487611561,133.9285147514717
1583,52.766666666666666,117.40999451346852,139.19087061617998,13.123207541317276,67.69839579754586,147.3136034179136,151.02862298799522,121.84528989270906,133.20399897494397
1584,52.8,116.78142592650448,134.4534012091183,14.57175026992469,62.481370426169946,150.25164207855644,152.99100720212465,124.43061740145106,135.01649423796658
1585,52.833333333333336,121.9743476974926,139.6426014571065,14.678294992488965,64.24668482741228,149.7076417633897,154.2904023834434,123.84598434906952,134.94395367399872
1586,52.86666666666667,115.2145362218709,136.4344307091194,18.096639007530555,62.53577381882325,151.30169868083536,153.6692246284558,123.79398060199851,135.27282338293097
1587,52.9,114.85105072409148,136.76456030926363,17.58994293788941,62.897422271202984,152.52939492627914,153.81782282963462,123.96686389835496,135.6114872874774
1588,52.93333333333333,115.45561595278215,136.64794521311396,18.279203928587766,63.701307127046526,152.13857384367614,154.0930460823781,124.0451662943218,135.59750136151771
1589,52.96666666666667,113.1710234605737,136.49850180624213,17.603749695599017,63.84860943779892,151.86105589610446,154.19910063611408,124.0356278025658,135.29242881795187
1590,53.0,111.52867194765606,136.17456503740075,17.450730409170685,64.88328652018785,151.77471258671042,153.60991962869525,124.32894479195437,136.06624401787684
1591,53.03333333333333,113.88015423629192,136.86347445201744,17.631745413956704,64.96415861749512,149.85530304207936,152.3462278354483,123.49620299584403,135.330299596727
1592,53.06666666666667,112.42476130680653,136.8503527979861,17.36920597105754,68.37608588114902,145.67164096096758,148.51872469817758,121.99910259322017,134.3053205642465
1593,53.1,114.71136371006696,139.66585836362557,18.672509874657166,67.3059597046384,148.8425915618612,152.02049356626532,122.99224078520163,134.74720754299665
1594,53.13333333333333,114.88140022834006,137.0566216360459,19.24304614284625,64.2839397482011,150.73092254134062,154.0460296411069,122.92666471275177,134.28409681437876
1595,53.166666666666664,114.1730321489318,137.85306583929358,18.83981702955417,66.04163517546964,150.03646908935855,153.82238259419356,121.2648367921677,132.69396514877423
1596,53.2,112.30530752990474,133.8144936034774,19.54230113842152,65.6949194308396,151.43773515579647,153.84802364372183,120.75838279869802,132.17651519435793
1597,53.233333333333334,111.63403150697764,129.17796137030396,19.57816228634922,63.84227360730971,150.52610795245985,154.20795739153778,120.31172526567705,132.17462146153755
1598,53.266666666666666,108.99659253336434,126.49490804609299,20.701292729465145,63.0277271539303,151.6220572840756,154.8311809136176,120.440018762456,133.82228296170825
1599,53.3,109.47935616381247,122.00663964059812,20.952586982425377,59.134990795244974,152.18459778517183,156.18468959046214,121.2439437580828,134.29475117860324
1600,53.333333333333336,109.23734373341613,122.39891928124904,22.175003288406224,59.37453499630774,152.7771962859891,156.0697704392032,121.7192054470282,134.67695755036112
1601,53.36666666666667,109.9036399542532,122.20986071332624,21.801770693280112,57.93352722930068,153.26387135637316,157.20049738051983,121.78481786217577,134.58076658980855
1602,53.4,110.76547705750065,123.48465081933381,21.465047386935744,58.10310820467914,155.80477466839895,158.03018674192356,123.08243221291676,134.7912452912633
1603,53.43333333333333,109.93090457244449,123.60884434278569,21.57910991933041,58.722134271958865,151.34527920109153,153.91474878500043,120.78411124479524,132.90549334042416
1604,53.46666666666667,111.89806768053344,122.75240967484372,20.876761584148078,56.87221501500678,152.24390915556782,155.42858810715043,121.9523486523496,133.53913724432527
1605,53.5,112.20132893897542,123.65343611749732,20.000664766738197,57.90492169116255,153.3089876729476,155.2093008535663,122.9608316209866,133.15311852255672
1606,53.53333333333333,112.67024074766827,126.33143791608744,19.97661252662543,58.7756082374864,152.94378081216863,156.1145699911526,122.36931523809443,133.11788137235396
1607,53.56666666666667,112.98437835213089,126.64413845067257,20.105678388620937,59.14726320923293,152.55889622546084,155.6167845886581,121.31714902805369,133.03051881094348
1608,53.6,112.95135096124734,125.85433355619308,20.25706031123295,58.95442226278908,152.38221767802193,155.0109075219611,121.16307221188576,132.77417377423131
1609,53.63333333333333,110.10656823029964,121.68602595324577,20.110521167834765,59.08696496746277,150.80919870026085,152.58445868651327,118.87046530016342,132.06380478813745
1610,53.666666666666664,111.61226597563659,122.99615403781722,20.299520247735522,61.18698131919544,150.93808734558866,152.27295359809736,120.13210688636923,133.0507570478425
1611,53.7,110.42741378994018,121.7489107253848,20.113936461552452,58.06827362006722,151.5516641903324,154.19190344987757,121.21551997139535,133.3281088044076
1612,53.733333333333334,112.67787788586877,121.57336615482009,21.45371713541097,58.235737423853045,150.68822538575938,153.7168036908695,120.1652975264903,133.10900701868454
1613,53.766666666666666,110.41162904792361,121.15312587404321,22.75643629353029,57.24517029930456,152.97779367610323,154.66341293480681,120.754713974924,133.37937986954688
1614,53.8,110.09349701980206,119.07158770102576,23.545911115106662,55.60947160733893,153.45408120145103,154.98722949367996,121.07247954723502,134.06026297382832
1615,53.833333333333336,108.04804054566793,119.45415863706688,22.1642500593885,55.71912060562013,154.04705790586766,155.30080527204623,122.24487275756228,134.47284946711073
1616,53.86666666666667,109.10521180929216,119.51767537320312,22.719738674097865,58.85734467057583,153.05449002857492,152.58108230997976,121.45480524103665,134.54767840698028
1617,53.9,111.2796340375,121.39076640618022,19.676010778680457,59.96446405848769,152.03745753552323,152.9546958559801,122.25266575623148,134.81506405433586
1618,53.93333333333333,110.26734879901302,121.81992989613026,20.317089899528767,60.1169120903453,153.10635445049772,152.56620080551403,122.38941183781607,134.3601150590778
1619,53.96666666666667,107.67147773370095,122.30874287191473,20.516190783957164,61.89316323120427,149.27245033863812,151.1664091450807,120.63966822078687,132.7703221056504
1620,54.0,108.64323766134379,121.55103956919973,20.134381144045527,61.94608620794017,150.8156568895108,151.27699753753961,122.01841426349266,133.63375942561564
1621,54.03333333333333,110.2805721306532,123.09443186083271,20.49036885005343,63.44930773334046,150.80943425994718,151.31763129631622,121.19902693931506,133.0922326670798
1622,54.06666666666667,107.78721254859639,121.07140403741417,21.781122381904968,61.566097385431306,152.0308455878925,153.48002473799323,120.69564833595356,133.4213171665602
1623,54.1,107.75144985028999,120.05501835488192,22.66439887981248,60.85496017493074,151.69561598643534,153.63478155862506,120.8871474924916,133.95588214301517
1624,54.13333333333333,107.11928269042328,118.02648859238548,22.931392018507847,60.467076266944,149.68596710431322,152.14239533473855,119.5686851929634,133.74250051918239
1625,54.166666666666664,107.66013012102056,118.00325336459287,22.426397822135534,60.55217682631734,148.01013562800082,151.9363216571219,119.0421961041424,133.79346783487702
1626,54.2,108.31508011698945,119.30629656521252,22.978107508519525,60.717346607134814,148.09704809345058,151.23169499609966,119.33869188345956,133.879165715965
1627,54.233333333333334,110.36784289525056,120.79881931086277,23.20490234866115,61.12140657372843,148.5085424452998,151.77454074899893,119.79077639055053,133.99643789560707
1628,54.266666666666666,111.37897772059588,122.0440342897805,24.589390810706547,60.82633056328675,149.48777943316045,152.95751383847218,119.34322942201132,133.57247780585348
1629,54.3,108.37927811654974,119.91022817176687,24.794313190349175,61.11821940326437,146.92259679467497,150.64081406572228,118.47574668023474,133.57723451142567
1630,54.333333333333336,109.90071998712868,121.82674828220942,26.378111203931216,62.45500542427479,147.67983188224107,149.6173409188247,118.25667931152454,133.02480346949145
1631,54.36666666666667,110.45570248827347,119.72526630400927,24.95335583628027,61.9252049960662,146.51493951653006,149.0047778089504,118.22002800876058,133.40207807401043
1632,54.4,112.03491354960151,122.25791979268371,24.680232581984587,60.86479410864892,148.99805610087458,152.1595564188797,118.37267017048113,133.4218705151973
1633,54.43333333333333,111.39176809137975,121.98894178681203,24.780831724378857,60.935135854554865,149.03550528060623,152.17168160328754,117.76914251032257,132.61476177196008
1634,54.46666666666667,110.67076279927615,120.481885617068,22.57232242549273,61.324942762948126,145.24502638953365,150.09243818563962,116.3790379498441,130.62249715233045
1635,54.5,109.32176758537331,119.37424889974376,22.34328855950843,63.94410605154253,145.32455556886072,147.20118049374122,117.19466705599982,130.96509967246465
1636,54.53333333333333,113.25972568770342,121.0907700671113,22.072223488743923,60.77123128753306,149.21237836909816,152.47127198723567,119.24397647176532,132.00324174122355
1637,54.56666666666667,113.87722372249007,121.7045885327519,21.35058666917176,60.983175930053584,147.91858154548285,152.17047088219212,118.406387967239,131.7198530655044
1638,54.6,115.05204316243844,120.76722282427725,21.196364437229168,62.5278734220808,149.50415553040415,150.97826790165695,119.95806912768776,133.24116777325384
1639,54.63333333333333,114.11317048250815,120.07202693974662,21.556071952475346,60.8583814031213,148.9779541722637,151.8747890379457,119.73538434421167,133.06151650165575
1640,54.666666666666664,112.62600643596191,119.02536096450405,21.114214526157692,59.93430259891976,147.6783451569487,151.62499256926156,118.41930624485155,132.82177118914217
1641,54.7,112.42561456208662,118.91642986017182,20.371751317539093,60.04977056770929,146.58847643977887,151.38174554689397,117.83817570091462,132.11041501123756
1642,54.733333333333334,112.36570689724428,118.70479331386619,20.48375713913798,60.65862113068272,145.131247193593,150.34234656036486,116.97855272991623,131.3135514311312
1643,54.766666666666666,111.80392256574991,118.90838520471053,20.826726541830077,61.21213097750716,145.18576894778252,149.86590479446937,116.90992003765356,131.261850626714
1644,54.8,112.98134640757321,120.9431860796106,19.55027627355431,63.00570180131921,144.4876948277224,149.59286489185402,116.57560794962916,130.922612143242
1645,54.833333333333336,113.54104753184325,120.70168159210827,19.756631014238653,62.75404573822513,146.27300149520883,149.669671940935,117.28169143822845,130.62181506703402
1646,54.86666666666667,113.26331048316632,121.32238485631298,20.709216276494622,62.720672672405165,147.95996835819608,150.76906309279573,117.87642185092898,131.14599795067912
1647,54.9,112.67907833451106,121.37328890082804,20.993767656403865,62.27266955790589,148.3564768240414,151.75746795195568,117.67021499687648,131.5678382022938
1648,54.93333333333333,113.13908758790274,122.15600449921453,21.178303350203098,62.259749251132774,148.53340349311523,152.112377955611,117.93825371054679,131.32612204614847
1649,54.96666666666667,112.55065816273267,122.41716773806597,21.23144040268283,62.95716977963927,147.61521085150724,151.84900610280724,117.89294238694254,131.34722334308972
1650,55.0,111.61554306826018,121.9693859201303,21.066033827855065,63.02788943064118,149.81329662692235,152.67371524553363,119.71917471010809,132.1824340860811
1651,55.03333333333333,112.84940421075629,121.06067753173446,20.865669462613937,61.1044504136708,151.67469245885627,154.47113609043237,120.432460374402,133.25715127445832
1652,55.06666666666667,112.6585546873021,120.90787576020807,20.7733529062853,62.36924649702414,153.36500869772888,154.93016631911743,121.78577310794519,134.21217943884326
1653,55.1,111.1106367815662,119.39108205055435,20.844746725663573,62.556523490454275,152.74648783415338,154.23817721348783,121.38962046583275,134.49436374159868
1654,55.13333333333333,113.13967438671133,120.72542913035934,20.05775487656548,59.228151032053134,155.5529297838548,158.3806212411419,122.3681969334375,135.12673226768794
1655,55.166666666666664,113.01583316201028,120.53637041273468,20.075330000421367,59.310628709295976,154.92679641559909,157.7084410007431,121.70053626368706,134.52339893265588
1656,55.2,114.72744988949736,121.85789768465132,20.78020360682267,60.0554605856163,152.9848897768448,156.2241407593849,120.88481770027855,134.28197033175073
1657,55.233333333333334,114.78046759711044,124.20244574999462,21.06006210813555,63.23391718450309,152.72317981483974,154.93219752100188,120.81715938962563,134.0595479656266
1658,55.266666666666666,113.85538110999866,123.89350903263494,20.13967393376842,63.014893644753606,151.3956848737906,154.87638509793956,120.66355490141139,133.91321152171986
1659,55.3,112.92551446399015,123.37474387433775,20.58160443892047,64.674041479548,149.88837621927524,152.43561986441256,119.85837796179082,133.5039658061606
1660,55.333333333333336,113.0473845309,120.80149037032186,20.50189230239412,62.519217702440535,149.00692492724488,152.11769796102266,119.5150064254725,133.4774009810927
1661,55.36666666666667,113.20452750764484,120.38130411221614,19.430367160936548,60.231967366439044,149.5770613790929,155.1683287277363,118.88690641846404,132.9875289389191
1662,55.4,113.82282898187233,121.82772556145613,20.125466134866556,60.66552995014148,151.02314842679135,155.82045718852464,118.91309425012895,132.87449192947236
1663,55.43333333333333,113.14669910624629,121.99580771887724,21.35127501629519,60.7146167646714,151.44822653218316,154.78838696550403,119.9576133258593,133.05267399408405
1664,55.46666666666667,112.81457936350385,121.63066721522115,20.672575963805535,60.46447562533583,149.99431781060187,154.49602249795186,118.87547203707963,132.76458617621384
1665,55.5,111.60689873021637,119.35727392730979,20.448416746491848,57.060658302458954,150.30475440718726,155.66972909077276,118.85249253359916,132.6062681367037
1666,55.53333333333333,112.20153210170928,120.22097283581473,20.624695384137294,57.1960951694994,152.22094530848884,157.0571540546269,119.5493890229144,133.2879966643686
1667,55.56666666666667,112.21364289205802,122.04181948890462,20.648128336332903,59.450316497436035,151.99551373243494,156.0564691430011,119.39369796631021,132.85918557602798
1668,55.6,112.02886580390735,121.76546300496747,21.577095795596712,59.01745389958781,152.32822985129977,156.18253870875077,119.6542911582705,133.54317612376659
1669,55.63333333333333,110.58205992914645,120.09509060539969,20.502248903588967,59.24241831401005,150.63341425226952,154.69119835628354,118.94249099046915,133.39512325325333
1670,55.666666666666664,112.06736915967984,121.86761346645191,20.555836026421588,59.38037387156063,153.23188601377268,156.28629305121837,120.20590072477867,133.75978657161693
1671,55.7,111.68130261497814,122.47531242323278,21.77203180211091,59.5376007006699,154.40985549279264,156.98256121789564,120.82913319502161,134.71969110278377
1672,55.733333333333334,111.61666994822303,121.57265945453689,22.47098527862992,57.697787295713255,153.96132373262455,157.52982269831784,120.1523530815324,134.08084854061454
1673,55.766666666666666,111.870957682437,122.10766784229938,22.594035148437197,57.88873042830881,153.23277952587958,157.3773436131536,119.43793551570198,133.68698755576813
1674,55.8,111.38545305903983,122.3987197296468,23.00892272562567,58.55262701885034,152.7848672679042,156.2939281524312,119.1417425686109,133.21800687920086
1675,55.833333333333336,112.13112081856706,120.56684974029325,22.59180811218425,55.62647668651805,155.04447725717696,158.12462959268709,120.81734957271688,133.88701476338576
1676,55.86666666666667,114.04221432873848,120.80119650816029,22.918353137093394,55.985752100063785,154.6611319896654,157.6699417556555,119.83701118594544,133.28995816607457
1677,55.9,111.74506801274879,121.00722906310777,24.10204242830091,56.23862847845604,154.20129121252415,157.55151602620396,119.8853889599745,133.66442099044698
1678,55.93333333333333,111.82814796742639,121.42071570696706,22.964804847331617,58.318391848839205,148.29137519200302,153.6591817421958,118.33118381550793,133.38002199134382
1679,55.96666666666667,113.04062789022657,122.01436286841981,22.02079908748576,58.863134124208656,147.58652768537706,153.210367823321,117.83769049778708,133.19372878509247
1680,56.0,113.33650660103176,122.28445338315179,21.290089960828308,59.261279816828576,146.58399932932258,152.3615474219484,116.39798256495722,132.47142235560742
1681,56.03333333333333,113.32866318937714,121.8432352794892,21.167705326013582,59.020064392402844,146.7359456487401,151.84816714585008,116.58878814886052,132.02953736735523
1682,56.06666666666667,112.883826828448,121.66083399548963,19.939458610000365,59.62298859068994,145.65150181895453,151.1247815769904,117.10201537341645,131.7444429680581
1683,56.1,112.83374836159173,121.52144542778815,20.142916377622683,58.48066448376666,147.28838087737577,153.1318100032595,118.43556205674676,132.91903653379603
1684,56.13333333333333,113.62509455997278,123.27587643677465,20.223342208697986,60.25662340733231,147.245572144405,152.56068916622684,118.13862669944132,132.94839365332737
1685,56.166666666666664,114.70479639548383,123.26407079985722,20.695508584913284,60.56894265598593,147.1693019564334,151.93314003111365,117.55538735904712,132.32156664455118
1686,56.2,113.12039166810538,122.86982619850032,22.677408121902083,60.45012985390266,148.5619493796886,151.75477841330954,117.9563127231826,132.83384293613835
1687,56.233333333333334,112.16060810895247,122.13598782623106,20.441904095955366,60.90818552632117,146.2031542101259,150.5503050332903,117.24878694997817,131.60161054932095
1688,56.266666666666666,112.3383303092498,121.97894542316321,20.629378137323343,61.93969400841829,146.33738316508598,149.50602781640168,117.35668351374458,131.50584831304167
1689,56.3,112.52167264661728,121.04753068930233,18.640863104661705,61.77391654794908,144.54189174414333,148.93642787519835,117.418476570724,131.01513404641443
1690,56.333333333333336,114.13117994708229,121.38702330219556,18.254134392635663,61.95440085544912,143.65263696954648,148.6709403560433,116.4443631579516,130.45555056956312
1691,56.36666666666667,110.01190773263063,120.7661323473116,18.752762168081887,61.279757783280324,144.90550695933086,150.01137701365326,116.1735063323213,131.2303338924265
1692,56.4,111.39644368819262,121.33278455871883,18.781381165056892,60.92118663282046,152.05886809053757,153.57853903057597,121.69714399856625,133.59454821676263
1693,56.43333333333333,112.7761349279824,121.89546497562587,19.472990090087286,61.81552508540453,150.15832116080855,152.5483324858592,121.6006793998009,133.1276215296161
1694,56.46666666666667,112.82087427965695,119.38212987398502,19.456342668852244,59.03289036624854,149.55605941274834,152.6058111664703,121.13687519926117,133.46592541827314
1695,56.5,115.47853872142869,125.3723083538286,19.23988080444824,59.92685198475146,149.42492453308077,154.73264002585015,119.14448571792897,132.80996366442938
1696,56.53333333333333,115.64144801245843,124.54227540115522,20.098656413430426,56.97813099598112,152.09242947396893,156.5389841604817,119.42604781579341,132.875684961727
1697,56.56666666666667,115.83660478907974,125.80481044306846,20.542028474986477,56.8208323358532,152.41219615066564,157.54497947710686,119.38924635893804,132.48628687847574
1698,56.6,115.77723444004738,126.33465405010993,20.688084450369885,57.49659485713386,151.66638990624432,156.57823296042048,119.39806228508083,132.07249578028757
1699,56.63333333333333,116.13743982412846,126.31675722448325,22.52525677524811,58.0797568727925,152.7027251316716,155.32143387796583,119.61943721890465,131.9969287321697
1700,56.666666666666664,116.35452720262192,126.19482386908437,20.955410993435397,58.48384614539493,150.74553687996914,154.51663698998166,118.73661446028689,131.46901050206478
1701,56.7,114.66300142205223,125.77898074685922,20.549782839160006,57.8202041224757,153.9441670488569,157.71065286305074,120.26518154268513,132.72989348415248
1702,56.733333333333334,114.74394095783386,126.56139979054468,20.553924301231397,58.53853981861585,153.69630253719242,157.4056586396612,120.14709888720965,132.6234080145661
1703,56.766666666666666,113.78019596233898,125.23146766719881,20.899571010431274,57.782313552350296,153.38989794600542,157.37792384277935,120.16600979568034,132.78681079741023
1704,56.8,115.50737353367744,125.21431212226729,20.914860323658754,57.28765047227219,153.8175109852072,157.0837174369252,121.49055002087773,133.64542553107958
1705,56.833333333333336,114.67562979714813,125.20802525600661,21.479133348323455,59.17818734608145,153.09844359440538,154.84573828823832,121.38353935590656,133.4914283180033
1706,56.86666666666667,113.4476833763352,124.58338703665947,21.236111515222866,59.87523962655793,151.95074777736409,153.62013598556743,120.2740177744651,132.74547748462106
1707,56.9,113.06265057550902,124.40592823762196,21.90658137672919,59.33079632900401,152.65034491636777,154.45874802610192,119.77045739055663,132.22813579494758
1708,56.93333333333333,113.38745801636361,123.90220159124074,20.008728774374816,59.31054180642864,152.1703469328623,155.31220618035871,119.87079292321518,132.00453196920407
1709,56.96666666666667,113.8818507419976,123.40532397945549,21.5353291435938,57.49793897295289,153.16688544848842,156.67501984192432,120.36097857565154,132.5488993853861
1710,57.0,114.27687100588058,123.74146230286556,21.65496559914789,58.79653741185349,152.72206078785132,154.974901183228,120.28340325343204,132.39532626795352
1711,57.03333333333333,112.62660911613045,122.59152189557213,21.25979373853717,58.824410155719235,150.83122485675287,153.38801934646625,118.94876051506122,131.37531352820656
1712,57.06666666666667,112.4000412133516,123.77875428177498,21.010453563253154,59.606877572251314,151.2867049097273,154.10235855296446,118.76331658068015,131.25714459688538
1713,57.1,112.84196403975663,123.13280102435142,21.1567259787087,59.925825549134345,152.01102154404265,154.41361022828772,119.11737457281333,131.84181373071428
1714,57.13333333333333,112.55978225984008,123.34212490700085,22.42936367691007,60.17990599390466,151.23841169795236,152.9909694719971,119.19877713641536,131.65340667039905
1715,57.166666666666664,113.41944857301483,122.63863350753182,22.79585692440013,59.90252187388831,151.24548897654333,153.22595551197745,119.1667378133485,131.69333300829612
1716,57.2,111.86879070481001,122.70204836724835,19.677282110668784,60.01629920829323,151.5280365456125,154.77548538830294,120.24829445276221,133.23139711747032
1717,57.233333333333334,110.56788603746682,123.25545801463836,21.963799543944894,58.937468522824155,155.92435286619096,157.59049899527525,122.25191897874357,134.35097899105025
1718,57.266666666666666,110.55624865522098,124.79227970104677,22.21904489910105,58.65308889736391,157.41458992154412,159.5605828024483,123.41664146885626,135.18287257253644
1719,57.3,109.90008396558676,128.4843710906802,21.884098397665056,62.44453862613429,156.59466685613705,159.0732010375847,123.7813693406414,135.29554731537175
1720,57.333333333333336,101.5347017941727,128.17702199711135,28.80364375334917,59.86442448374223,159.9754829863852,161.40256983976502,126.15684022191436,136.07007368330406
1721,57.36666666666667,95.56462201546645,129.97732872017937,29.83058348985183,65.15172655884543,160.03381460659358,161.31509768428364,126.52933596753164,136.11608917477014
1722,57.4,90.27043596309072,125.42035940342517,25.24630793147732,65.08760195187124,162.37549774897516,159.13966650213027,126.5443307164241,134.46170162158404
1723,57.43333333333333,90.10820574700192,123.84396012691651,24.9740795351668,64.96788244975632,164.04986675433108,160.0670243356992,126.915551449966,134.72230551867602
1724,57.46666666666667,120.15987689488537,120.48672300562546,38.78707198787204,63.88293975259032,162.0676535019779,159.2828532478091,124.8974261746272,133.29689378577805
1725,57.5,122.20899697596728,118.26824527398804,45.54017318121191,64.03912788103935,161.83946741029138,158.33516359999692,122.91318851140294,130.08202818778028
1726,57.53333333333333,119.37170873450924,117.80163643483216,45.48219891210469,63.955916208344625,161.8702625079273,157.83251606578455,123.27970398300847,130.18177754891704
1727,57.56666666666667,119.37389305015124,116.8521696585971,46.148829268510276,61.562073496694026,164.1206269807989,159.89822573688758,123.6388363214111,130.7226924446407
1728,57.6,114.95277891327214,116.53786882564451,46.07393400971721,63.33647880946457,167.03410094689647,160.93863182651012,127.64281180169783,133.11145802013615
1729,57.63333333333333,109.86230359661116,115.4140111281603,44.699245130972784,62.93111236248658,169.9308147751167,164.11031248890538,130.72782808995353,135.72101707134746
1730,57.666666666666664,109.12879848151584,115.2598886814996,45.351034743646366,62.19541626222118,169.464643411388,165.00683744982146,129.34743605368521,135.78604114561293
1731,57.7,114.81369348020951,115.62254881575404,51.764757851258935,62.327619723979744,165.43291229604944,164.52447757878082,128.26426452580236,135.82954613154496
1732,57.733333333333334,111.53232800955809,116.40357200414293,51.83123139955592,66.23386688393583,164.08329330268353,161.71856796040842,126.86148697908536,135.1774734406163
1733,57.766666666666666,111.06807446263315,115.03271471470472,50.815483684310934,65.21593528415465,161.9458410143192,159.70532680306835,124.40935984569181,132.55741288158197
1734,57.8,112.62255863839454,115.45367011467228,52.93894961842334,65.43774544575474,161.17242150983517,159.42444717387193,124.56063031443425,132.129910176851
1735,57.833333333333336,109.4467021873609,115.229685114683,50.222385833410776,64.3340507892225,160.14454116156247,159.19868654536646,123.81899976313478,131.6105247450554
1736,57.86666666666667,111.94092780401593,115.0446374393674,51.624509640303536,63.11921887137335,159.4251981578793,159.22428159775373,122.93735676059842,130.92047668992652
1737,57.9,112.71134799041326,116.36126875647024,53.60618484698482,67.06709476281863,157.56196223977514,154.85852337245606,122.94047806789878,129.35066884983016
1738,57.93333333333333,112.44398553868183,115.79806300494923,53.384615763623856,66.43881508404445,157.92511501614547,155.54766148600018,122.8347880685786,129.78158272061415
1739,57.96666666666667,113.36992729693966,115.62972314101229,53.28688333171535,64.56951775706595,155.54077202661966,155.02202336754067,121.14522940311458,128.4550637178284
1740,58.0,113.3985207271583,115.44505628936298,53.23246819626241,64.5454536790319,156.12083755725604,155.13527494066523,122.20054340119907,128.4047913822091
1741,58.03333333333333,114.42230529240321,114.33320253824574,54.74336969645465,63.60267366694969,154.76458419033096,154.18389299009831,121.87953285863802,128.71183273413837
1742,58.06666666666667,114.59754198901085,112.90293649277942,56.653231850683206,61.84116749785203,154.54845744501688,155.359054631646,122.21676160268589,129.43579702458607
1743,58.1,113.60936756457451,112.97932184819518,55.79731040226855,61.81621638972075,155.17061494747622,155.81255879220086,121.91503735159286,129.32814603869738
1744,58.13333333333333,113.81879456660644,112.20962623029013,56.069382728397144,60.637452632993146,155.09515949502722,156.4078053994223,122.04472056681894,129.55961281073843
1745,58.166666666666664,112.71655201454995,112.27367617940521,54.93366828539658,61.05258501878801,156.1841072093389,157.4759860406811,122.0104355568762,130.2892505051955
1746,58.2,115.60976262395619,114.64217023207635,58.78012182854142,66.10541306295656,154.06658054969142,153.52574176562752,121.47128539824996,129.2478184375786
1747,58.233333333333334,113.56176297043677,114.63756333629277,57.73650351698242,67.24887018802022,154.44448206704178,153.22393432251823,122.7044256534429,129.67155420489271
1748,58.266666666666666,112.68841357873272,113.9524915066088,57.06965847478667,66.85019275257761,154.80064844203628,153.0330154388975,122.49841205996154,129.57484055699868
1749,58.3,112.38003558992706,113.40582800244509,57.037660041707554,66.34327975135241,155.68366011837227,154.33000761221487,122.16026885686105,129.17543265181573
1750,58.333333333333336,109.70225913419173,112.02153387421272,52.47887271094085,64.02381021036543,158.32198728559345,155.73145653006148,122.73058402324634,129.51781151456
1751,58.36666666666667,109.0272960710711,112.2237575110202,52.93156192710238,65.22973093595772,160.0461574336418,157.21834651188271,125.50388706706975,130.9535522281926
1752,58.4,107.81986228104091,112.27031681388445,51.180201777563624,64.73284514060035,160.38551475621637,157.83426784989192,125.5372646506534,130.98582056359905
1753,58.43333333333333,112.25080901895589,113.84229994119382,56.56365033718138,66.38910980126472,155.75830530703033,155.2561944658101,123.33414624686813,130.14634282797644
1754,58.46666666666667,109.77874833206062,113.50109236608984,54.3859160898491,66.04217900399068,157.795536212708,156.70468726929818,123.85997116666434,130.6150590550104
1755,58.5,112.8774483393853,113.33035106884252,57.91809247598428,66.13464468620091,157.010992563881,156.4130518899789,124.01790012480598,130.21716761006044
1756,58.53333333333333,112.15176859289812,112.78569437079261,57.427256757436126,66.22998832863593,154.15308430344456,154.51556697141154,122.41438624009876,129.85345546704716
1757,58.56666666666667,111.61848326392582,112.82063482766108,59.60909781027207,67.64596327164928,152.6984114893456,153.74522848936007,122.44307622696445,129.7778793709584
1758,58.6,109.24814902212387,112.1587517689432,59.86602104771746,68.84765006039183,154.31945102899107,155.10099527828095,124.00186637440082,130.44658518577535
1759,58.63333333333333,110.65167901012994,113.66360634091176,62.32634914840661,70.8973397687562,155.6952113507966,155.83798839358798,126.03184550209788,130.87600185446544
1760,58.666666666666664,111.16782311773758,112.52748360416226,63.924239965305304,69.93114195160027,156.35624524909665,156.12718136322832,129.9897815678708,132.78583759197
1761,58.7,114.0730760516644,116.76225661684357,69.70724348244005,78.67591469640504,154.7269585807996,153.7324172019773,128.96680006993728,132.2627211814297
1762,58.733333333333334,119.49485708323317,119.08002585857078,73.31064218025163,80.78978893839756,157.37703897828317,154.39867006624425,130.81448735876958,132.31955878809006
1763,58.766666666666666,124.72247966499329,125.62062119276976,74.8710030976426,81.31171455004673,161.51350944604118,160.01835004105573,132.0082998094285,132.71409573918368
1764,58.8,124.14775287302488,125.8995880026392,78.64019528270833,85.53780881493476,164.97440956622734,160.40495376108746,134.28098266026205,133.6300463296314
1765,58.833333333333336,129.29132625445908,129.92795129851459,84.59156251175985,90.02347063429629,166.34449881245436,162.38454934606716,136.63238522118456,136.12185961011346
1766,58.86666666666667,130.29187622172324,130.22919661527888,87.83652266179584,93.10882835591835,164.99621126225335,161.80558239407597,135.46985184569775,136.06670404572563
1767,58.9,131.89804471358772,130.71164670053153,91.60898339619212,95.29617717579582,163.73786937495888,160.62500696964423,134.9233828687625,136.0765922303631
1768,58.93333333333333,132.73361801705158,128.83745349321606,93.35936269709525,96.73308090237188,165.70837085498377,160.6412087545988,137.4052240041763,137.8433671637646
1769,58.96666666666667,136.13719020659457,131.62516923789073,95.86846937464338,99.71440713232539,166.71122529961627,161.41353077234407,136.30132916623347,138.5002679641662
1770,59.0,135.75194057752114,132.56941612974433,98.70067231823951,101.67618703912336,165.93550716987738,161.92625917866422,135.54030991161204,138.59439520752994
1771,59.03333333333333,135.44852137950969,131.33679006864847,99.9642188520667,103.72685118734393,171.72545984583354,164.4677669403278,143.31149936562932,141.50289065792444
1772,59.06666666666667,137.8922697681031,131.0676509179941,105.68907282214684,107.03946958111604,169.3170027676333,163.25876067016745,141.36356862544596,141.2257773118152
1773,59.1,140.27621701492606,135.02973843795723,109.46680108071739,108.174088315749,169.5417233577382,164.553248142212,141.09280351273685,138.27789951167236
1774,59.13333333333333,140.09223330634947,131.7037057963854,113.75946948378635,109.6219363702886,169.4321918676634,163.8012463569204,140.96052366075472,137.67096095756284
1775,59.166666666666664,144.60450129609103,137.3319901195971,117.44584603033614,112.28539073912816,169.38905930831774,164.16375803599195,140.3062067574045,137.96275753983326
1776,59.2,143.07521004357517,138.59542074112287,120.93728481483899,113.07773356598938,170.64182276011766,166.24094968981927,141.94767225769576,140.3857006338243
1777,59.233333333333334,146.29280778480583,137.90228955850034,123.66514274962697,115.53673566816121,172.30272836622845,168.11404063991537,143.10017023158198,142.23759414033373
1778,59.266666666666666,148.3296393861646,137.2339965564594,126.77890858155492,117.00634914261896,172.82244978984656,170.10606462971643,144.1508612165853,143.1857896273604
1779,59.3,148.17567339888035,137.4262541069346,128.9005398864525,122.39736322219107,172.8688601076543,169.86142368379654,145.0328575332922,143.36246018588326
1780,59.333333333333336,150.9616010371258,142.70218311292484,129.53699165173393,121.48299277541084,171.07205055164258,169.9556537944077,141.55374158952154,141.56513703623975
1781,59.36666666666667,149.85208065698023,143.29152500311108,131.02900063955835,126.25125355211682,170.98874570175016,170.14870966733602,141.04854307655586,141.57822806729308
1782,59.4,151.5242018476605,146.17542993565414,131.95712769298197,127.16169121643554,170.71105629229083,170.96974526042314,140.70176509283442,142.38874464717287
1783,59.43333333333333,152.72529972097752,147.1518681972808,132.14199342159728,129.0977218583927,170.63126514840494,169.26126984151242,140.89747826541358,145.22454396175084
1784,59.46666666666667,155.035789545589,148.0995878335547,134.4492571783698,130.64163694113628,170.3616733818454,168.85965328980149,141.0528303221431,144.91579158802082
1785,59.5,153.16715639373078,147.99777619455026,139.04526780077754,134.36073365492018,170.85558839259758,168.38121180989666,141.42589214352125,145.43644775951134
1786,59.53333333333333,154.98074938915036,147.61673725325986,140.04541574953532,135.46930776081396,170.574035081674,168.88896539689915,141.456163733137,145.76008316705045
1787,59.56666666666667,153.70859549459857,147.32073131906427,140.8408995348583,136.60158113026466,170.4930082907575,168.92713877927963,142.50991783677426,145.98337245526258
1788,59.6,153.4199568621524,147.09453116102316,140.07460889293245,137.50121743551998,171.67016888069443,170.70871058617237,144.79757884251785,146.75064509584297
1789,59.63333333333333,152.75773278864168,146.80293124457762,140.35433813798272,136.25100716051097,171.8960460415455,170.76192229376537,144.98132949969624,146.33448239541121
1790,59.666666666666664,151.61835941019743,147.56561546468257,140.34210773013763,135.4916813543138,172.55248345474104,170.63721529382673,144.8525788520696,145.87344661624337
1791,59.7,153.95399587335453,148.41651602774783,135.3427655967405,130.4566729755181,172.44975138714753,170.08980122447335,144.12030843200907,145.29513484809382
1792,59.733333333333334,153.67904376242407,147.5296857029825,135.69994463459048,130.8007699333825,172.33461834851934,170.16239318276288,142.73821467143154,143.6476385005104
1793,59.766666666666666,152.02171141138658,143.68324731126395,135.7443733179091,130.33448926290748,171.2586558826294,169.55552315464917,140.6392922101104,142.4693075265011
1794,59.8,153.54098913893864,145.16604332111245,133.64698636054186,127.68101807623785,171.41917245720313,169.8069603309881,140.20141071956328,142.0260229928244
1795,59.833333333333336,152.09428490559,142.91630859511244,130.8937766582435,126.54929459299358,171.932346413132,170.36381884260777,141.7143383681449,141.18048612403894
1796,59.86666666666667,153.0089986021842,144.32345265229858,129.38155001770537,122.61959676821687,171.3944040536206,167.34274674098955,141.09874435959114,142.065411228517
1797,59.9,152.6534685377482,143.1998034109557,127.76012263840289,121.9894335916149,170.82363743580592,168.22075854446678,140.36066391301475,140.81256686794273
1798,59.93333333333333,149.89295294915294,139.98203842920663,126.84286078778442,121.54704624217369,171.39991275343104,169.00452092346458,140.22882591377683,140.79882440827768
1799,59.96666666666667,149.14596474345376,139.62525438274463,125.22751968368708,121.69910870911494,172.55320968328851,170.02513065174637,144.1638381707941,140.6915383590932
1800,60.0,147.42185278273803,140.6577532254117,123.88782351244646,118.15325264424786,173.73913259368513,170.16164359679948,147.4896789140858,141.12317490427392
1801,60.03333333333333,147.54479566099556,140.44896202239556,124.65092436701114,117.73147617577945,172.95322043721865,169.33346773082155,145.29725484440723,140.99733978952548
1802,60.06666666666667,146.82482264528494,137.9217135208248,124.78445056623788,120.01665523147308,172.34816392979715,165.33868834391023,143.50790875787976,139.81644444506173
1803,60.1,147.2470513028883,139.07649827537625,122.68914527978862,116.13184666462494,173.48983239157275,166.84123074687656,147.535338432857,141.92812468851574
1804,60.13333333333333,150.55475196249589,141.47161956162648,118.83698783846081,113.31842056895334,173.516626778883,166.36129507389367,147.48988863412603,142.72703939084263
1805,60.166666666666664,150.6630585870983,142.94134361890448,116.04361196427112,111.91447122532455,173.18682913957687,166.2625210407965,146.50372535623768,142.46464073464892
1806,60.2,149.06762420557425,141.3276775754314,112.33328184946878,109.11025234370751,173.680196488061,166.97580968286684,148.37547209628698,141.7622905301294
1807,60.233333333333334,147.3539740295764,138.74950842678606,109.13086778236794,105.45259312711332,172.3644505210338,166.29990832609406,145.28109308763973,140.60741428544523
1808,60.266666666666666,146.98979261849558,140.99772993007682,105.08083905068204,104.80703005299195,174.1549043659829,167.86045090369475,147.09866007152183,142.46136822576585
1809,60.3,146.11967428401564,140.78398598632654,103.56242314101002,103.01252866151258,173.95039240840518,168.13655835180475,144.72980321274082,142.23743915549278
1810,60.333333333333336,145.37460876048976,139.0740971889834,102.71993829753829,101.03779306119857,173.05574933227226,168.4448172424617,142.43318280297956,141.5223665223213
1811,60.36666666666667,143.3103609607894,138.09748755166808,100.99025100301075,100.0740927062283,172.61183118055067,167.70431242164824,141.374114177097,140.85287026007532
1812,60.4,142.82110523262128,137.66038880032312,99.7306665602705,99.6319217495083,171.29178099925818,166.07774130405582,139.59175027340942,140.15782227834694
1813,60.43333333333333,140.98562054356103,137.2030832071132,100.98318833929784,101.2268540171622,166.91734672848293,161.53010488577388,137.79462543579086,139.0425924893615
1814,60.46666666666667,140.29061421184323,135.85839079207403,102.27090405269324,99.8671508168775,162.72714487906626,161.30952599136324,135.6074603523326,138.94470424593106
1815,60.5,136.2926372487155,134.49881787214332,99.84050337410974,98.72094262851361,160.9715778116782,160.86721947534207,134.03949621968238,138.52805249287624
1816,60.53333333333333,133.14898386909098,133.67609549492056,96.72368714365133,97.34108880337182,160.54053087967878,161.0452700928645,134.40040800847703,138.6083678472076
1817,60.56666666666667,131.49890991885323,133.472763766955,96.67451257604725,97.8021737387217,156.7459743010016,158.46247261281636,134.1714345521873,137.85943347867163
1818,60.6,130.88173543615352,132.05800530122576,93.0031444483142,96.84618483555872,155.88038021066978,155.6678436038151,130.39591057053823,135.08670806367388
1819,60.63333333333333,129.54598968258213,132.96727724900143,92.69696491449062,97.56278717836668,154.67387004884236,154.69235320648156,127.96259524204422,133.81224328057922
1820,60.666666666666664,129.4121021167429,130.98879158594892,91.82469894187976,95.65884047208647,156.59406921878858,155.17487224532644,130.520798510209,134.32912673923042
1821,60.7,127.33918351762237,129.6081926145944,88.77863223038771,93.24636341291517,158.03333262038493,155.7477667359929,131.4508995745461,134.42977214428544
1822,60.733333333333334,127.35166694729224,130.20649666879567,88.22332427849945,93.18766553888621,158.34335518890825,155.9200874839744,131.0525068278462,134.55873656719126
1823,60.766666666666666,128.77835121923908,130.54616652815739,87.53022245792489,91.55450484594557,159.085362055129,157.23765632846252,131.38657988072887,134.37288371386515
1824,60.8,128.85969422067166,130.41871646430855,87.10166969314518,90.83266102842133,155.38887507199908,155.46286721139916,127.23114211220168,132.3540209745677
1825,60.833333333333336,129.25579929177584,129.9329613039512,87.99725606624347,90.15345883681202,155.5539187246938,154.90607891054324,128.8011454248166,131.95532890408705
1826,60.86666666666667,128.54779800754318,129.15518968021811,87.16565431730567,88.34999133831539,156.69977527197338,156.22728441548995,129.92043492471012,132.48191850076287
1827,60.9,128.19301649423733,129.5492328642383,86.39419963353151,88.34305732843416,159.58200093077926,158.89726818834612,132.11218644321985,135.12491940807075
1828,60.93333333333333,128.69571785223366,129.66161098329877,86.70444387472944,88.02592777647885,159.47460219867753,159.22469997066537,131.40694002049477,135.06101977788808
1829,60.96666666666667,129.28162943916777,129.25542024398518,87.5691097098016,88.86859760754518,159.42625366315372,157.26443775311017,131.31338192188895,133.97836573096433
1830,61.0,129.56160177494175,129.64977896493195,87.942397960393,88.95958331465195,158.97520607339922,157.89857114000637,131.3620473204613,134.41530977765763
1831,61.03333333333333,129.36272087710697,130.8083646759294,87.95015246565536,90.17965068382246,160.08250274200992,159.08099439041544,131.12719105642236,134.73057297294653
1832,61.06666666666667,130.0167501115716,131.13935677774398,87.33234234587181,89.31834282242053,161.58639293845764,160.82321211997865,132.3302742836819,135.49174501250127
1833,61.1,128.06168352992222,129.68551924673588,82.96529649796426,86.41510642914525,165.27894262522224,163.32185671187202,133.34354462324453,136.40143919325075
1834,61.13333333333333,128.11622623132516,129.4742759411665,83.74957667876866,86.96650332565473,164.5158229550228,163.4209238123664,132.9585003902653,135.6922172299577
1835,61.166666666666664,130.14814402764495,129.4840390635516,84.7427348952828,87.61244446618487,158.76711795307773,158.04262440559077,128.52385531454573,132.76779979754576
1836,61.2,128.89555318837097,129.0267664685275,84.14880591038751,87.07719438112424,160.83933184823724,159.1612741410421,131.17786575456307,133.60868047044323
1837,61.233333333333334,128.9478369364821,129.12767016576527,84.71575101512549,89.94036935502528,163.28558162840022,156.5695258908399,131.7110101896069,133.4534637981597
1838,61.266666666666666,128.65009066757796,128.97902605772484,85.12033784747382,90.18790001890734,163.6352761351957,158.54630829931435,131.75588373045477,133.92840167618547
1839,61.3,127.75190905888414,127.80207597236449,84.49009124389406,88.69272508475264,163.65422394735472,159.31011682023245,131.7404492424621,134.29192089873104
1840,61.333333333333336,125.67609861313699,124.92413266452193,80.0673526682472,84.51312210997648,168.28847523809864,160.08786479585115,135.55984549144313,135.0777851120335
1841,61.36666666666667,128.47532077751399,123.997153701911,77.72127454190858,79.78057198816373,163.03798568805848,159.68306628184604,129.19259273435492,133.58655914539872
1842,61.4,123.61212796338145,123.35021466683392,66.72331571470407,74.82757351755993,165.25099893388708,160.6273271698137,129.5614954375128,133.7596971659204
1843,61.43333333333333,128.84896640491039,130.70404009131337,63.35590816814752,74.42477969740774,163.8932658070579,160.23487945371,128.11201543629636,132.94581205690415
1844,61.46666666666667,121.85153780199849,138.11889943140181,41.49620426013495,63.237805894087614,171.82640510245616,168.8125595865937,133.60263835215557,138.04531910786037
1845,61.5,132.8972224651669,145.6987752228974,43.46172882233773,64.79514274109572,171.54210022052717,169.13420383925208,135.97339305023183,139.00918459253637
1846,61.53333333333333,121.490636319841,151.87000630508004,29.41231953828455,66.68315806354498,169.0740512147432,166.69112230702223,134.73940166891498,140.17257886339124
1847,61.56666666666667,129.51955078058594,153.1808327644358,28.217954966335395,60.136469595569686,170.76896735855266,170.05321892557274,135.9929576890565,139.03173489532483
1848,61.6,124.38827700533153,139.17169734999192,23.161227947135725,44.328170170818346,169.99893916476276,169.35797032901922,134.3064818503712,138.77413494702674
1849,61.63333333333333,121.903332025626,133.391957561663,21.72740715757262,40.63241840904942,165.9087438156185,164.12854337688435,132.82741664347427,137.74941657054612
1850,61.666666666666664,117.08101651321458,121.44784093724154,20.464336792915915,28.53136216283355,161.59991705528202,159.54764113339073,130.5306284997759,135.25821993027296
1851,61.7,115.286028593291,118.23328186952665,18.760202740737913,26.013515439675228,154.7691383349861,156.8318919669374,126.68842436095882,134.36403723749834
1852,61.733333333333334,111.26615461751848,117.90730325778408,17.597894272994175,29.41713815859034,149.45144988083513,151.54369917705753,124.59224216537947,133.29178902612193
1853,61.766666666666666,113.23728309122892,120.09772012901735,16.17977994597176,29.276882240362593,148.48911984190718,150.22887377134793,124.8773846963828,133.1185150323588
1854,61.8,110.23670510350507,117.92910230043096,16.000953906346638,28.334280890072733,147.61911288357206,148.53087211563636,125.8372677257825,132.925095808558
1855,61.833333333333336,113.85365885246927,120.86929633780363,14.437983493556805,31.69145969163303,144.20562196221812,145.73062517926104,122.97167557005743,132.21045693538707
1856,61.86666666666667,116.072304859557,113.62647357497244,14.089231436552721,22.647526094020805,149.01509769385476,151.28097362728042,125.19573743300498,132.98839732901004
1857,61.9,112.00839382273918,107.62612652705518,14.100096269837913,22.419005770091882,147.44748723099025,146.25376747431753,126.0866538034608,132.94665514716763
1858,61.93333333333333,113.13613629257927,112.89292844216234,13.973205008479251,24.413312534873004,149.3005883075914,147.38916241670913,127.66855047512621,134.3600017014973
1859,61.96666666666667,114.59072664882015,114.90479997164782,14.87848441310856,22.270667856096168,154.71235432344568,153.3644248244751,126.87684994292655,134.40155523197114
1860,62.0,114.03611850950129,114.54121655251538,14.325049992974709,23.020239998853516,152.40470974733594,153.15669915664114,126.04174410983191,132.77041190387206
1861,62.03333333333333,111.49055118341713,115.01751597473461,14.160657391317569,25.982860261537198,151.09606904043412,151.1938014300317,126.10293775918603,132.95904443906258
1862,62.06666666666667,115.0075766756261,119.38638267262829,14.382215451972415,29.212999542109888,154.332218516668,153.33707299871125,126.3994078732723,133.13016850775594
1863,62.1,117.52103042101791,123.67189274017,14.681921998374149,33.50845303533688,157.67517839230032,156.00609107313343,126.31505614750382,132.90610636987932
1864,62.13333333333333,118.04604223607924,122.02664632381162,14.917130763601188,34.137807875358185,157.83126717113927,155.89517820315316,126.72181746338681,132.2249379557913
1865,62.166666666666664,117.54474766511801,122.40768816212552,15.804009695421957,33.10771480860437,159.98506295093887,157.2212343066685,128.01688444842222,132.47155685685453
1866,62.2,116.9760495883514,121.94050946760795,16.969120471961133,32.882816619617856,160.73278560875363,157.64914408467763,129.06063289665764,133.19427678009654
1867,62.233333333333334,116.03242199604016,120.8913838784433,17.548686874622927,32.25170099858005,159.89269591211027,157.49050562739043,128.83372905681097,133.5509365619533
1868,62.266666666666666,117.47950398250796,121.57663045220299,17.92259248189753,32.80181842479121,160.63773067629046,158.20871525990802,128.7075071881146,133.7332629360262
1869,62.3,115.97357589088952,121.33267530939342,18.378285159423633,32.55457793523623,161.57100247894354,159.2280914059731,129.13355774344132,134.49270904757407
1870,62.333333333333336,114.72659311183271,126.28006969854,18.81435384003003,37.42551445142362,160.98408880894988,159.2986374955581,129.37010948199207,134.56585501068813
1871,62.36666666666667,113.82547624620581,125.26751493358073,19.300953263843365,35.93832851821812,161.26041933892796,159.20212036214218,128.875878477163,135.24369246703424
1872,62.4,115.23817665865198,125.65497613030152,19.45587310206762,36.334659780707,161.12416408838007,160.00478643071008,129.03126145584136,135.08491097473873
1873,62.43333333333333,115.1145808104692,124.29522320551469,19.546651879337272,34.37153393901764,162.16867997644766,160.43984421437267,130.24051709349752,135.60541102989245
1874,62.46666666666667,115.61451760442078,123.72518515536765,19.625457821648485,33.830804088572314,162.47806030151736,161.3682902059133,130.54733599732597,136.33046310542056
1875,62.5,115.91027722569132,121.44057411132232,19.84844154800061,30.84741043785978,162.28692908558574,161.93472307117446,131.72743856519324,136.76621319910717
1876,62.53333333333333,117.88838466639912,120.37603149534259,19.60547393980935,30.23949792779563,162.62075256029462,161.79470415872493,132.00908064569433,136.2077744445158
1877,62.56666666666667,117.54099836838145,117.4470473326235,19.65617730834693,27.638871317578687,161.62622842804558,162.56403751236886,129.97446237052424,136.20588510993886
1878,62.6,117.2061667117151,118.52430965924422,19.595258212243643,28.39604501494608,163.03206053139786,163.20759203257848,130.59331176904527,136.12868468071852
1879,62.63333333333333,117.27074684926383,116.56334398486496,19.629186905674185,26.111119393227497,162.8707699775476,164.3017601074008,130.46757455766385,136.17738001300535
1880,62.666666666666664,117.86544794689337,118.91231352737087,19.370765843975484,27.498179986769866,163.44891919660952,165.98240228201405,130.7662426148407,137.39113793991837
1881,62.7,117.6980499510944,116.25236885149613,19.168863792638906,26.899973721047978,162.25878904194917,164.46157165133576,130.60097500008868,137.11418375863093
1882,62.733333333333334,117.41495321822174,116.78671464447068,19.0901605547539,27.469423145156743,160.54135386165694,164.0280979141326,128.2205840400811,136.80738413782018
1883,62.766666666666666,117.57217188689306,119.203995926479,19.08177715939878,29.48417081799699,161.50235095649992,164.0053949205087,129.61893534481308,136.7195079254003
1884,62.8,117.57760715479736,116.74714753359596,19.051736143905707,27.56603566313417,160.88410661712987,163.6195933820321,129.43777485670194,136.5503737198688
1885,62.833333333333336,117.56598532369495,116.36586215497996,18.999344473817374,27.215767953232767,160.18888161781115,163.18742735126335,128.8949276203187,136.39852286551098
1886,62.86666666666667,117.98676632578547,112.68047974540642,18.699937671939477,22.682079180007108,160.99109350462234,164.9211137955692,130.33096434023415,137.10748142765644
1887,62.9,117.04196531104785,113.79630324884587,18.62207340385444,23.078046907082587,162.51852476078662,164.705550274015,131.4977760664113,137.90191945674138
1888,62.93333333333333,116.98472273308118,112.53339577871415,18.51721859048065,22.380591838913166,161.60212244267393,164.16246041712378,130.83225279455306,138.43487157506746
1889,62.96666666666667,116.81905633597526,113.84196139317112,18.209326564024252,23.420895746722667,161.05305817046417,163.51326859339449,130.50527680159172,137.47886864013566
1890,63.0,117.14678215934934,115.3457902213938,18.359220562857654,23.82888932104212,161.37896625463995,163.60112448071436,130.4344492972866,137.43728929856846
1891,63.03333333333333,117.15572600258157,117.75764473429076,18.424564485127608,26.376794222805618,160.49155645382726,163.34454497947527,129.52406332897684,137.04335252160536
1892,63.06666666666667,114.88732943395622,116.96669806745356,18.246059604658914,27.688518279263434,157.74391851462914,159.4473710849163,128.26617540763044,135.8156569433056
1893,63.1,115.22025156326734,117.87318598334613,18.058501318625133,28.612577903628374,156.86387481340026,158.66962993062083,127.37697173374043,135.01437082131633
1894,63.13333333333333,115.28801676274723,118.00710186256276,17.989017378290974,28.542205516441346,157.35808022968905,159.16727747805993,127.67709465547063,135.09965616553717
1895,63.166666666666664,115.51634638042724,117.1642083165526,17.93505914012615,26.381817537852818,158.46860814020206,160.5940830860647,128.39644704007304,135.59856972067328
1896,63.2,117.02627617634373,118.57255209156244,17.956666247390828,25.90227884786629,160.4274913806699,163.14036532258604,129.00301497758426,136.23071166136856
1897,63.233333333333334,115.99318370351081,115.94617447993932,18.52404184605779,22.72204258130746,161.8159628527545,165.20345591426155,129.2221500608275,136.71618128694314
1898,63.266666666666666,117.16348619726203,115.2447575522168,17.80062160977177,23.150526502089733,160.6730173572486,164.20426949868903,129.2990284785237,136.82660542106748
1899,63.3,116.81066465892836,117.14655445051626,18.429873975149082,23.82953594845078,163.4250581408817,164.85685764680812,130.76914669816335,138.05469043152002
1900,63.333333333333336,116.9397214239674,117.4408939995269,18.339089935075094,24.13156062311386,164.05233362179808,164.68233911581805,132.06383299753873,138.0969730342601
1901,63.36666666666667,115.9684837909503,120.17524402237959,18.483030887675618,27.053068359395276,163.76219151349963,164.40612899558516,132.16927733917612,138.16495954076314
1902,63.4,116.94633948637261,120.07555247315204,18.517441156691827,27.666149497132363,164.12930334979856,164.81351383331554,131.97408284686622,138.2809214821444
1903,63.43333333333333,118.04382155437298,126.77536902957003,18.50166697074332,35.6345817049581,164.67978860617882,163.37861544894218,131.88043554492296,137.52729276605834
1904,63.46666666666667,118.57182340592865,124.99170168694042,18.798225746139337,33.58352131346301,165.08866003777365,164.09476329002572,132.20116918904705,137.7832822782143
1905,63.5,116.72585053747244,127.54261494256917,20.272585791608776,33.88301758196434,168.26471151247353,166.800940586962,132.4891470971741,138.77279342093968
1906,63.53333333333333,117.30940222739198,126.84909382317373,20.37785922656856,33.2574041571689,167.1515422736727,167.04035948234707,132.1172973708111,138.75896704639712
1907,63.56666666666667,115.57726921704722,126.85456866378364,21.020819541023883,33.61774667823234,167.15270068275765,166.73574213651668,131.87884378818774,139.28227802460844
1908,63.6,115.47107853318234,126.37425811608878,20.61701780942872,35.12983954028263,165.96745282342067,164.37857270369165,131.79749425281219,138.8881013056364
1909,63.63333333333333,113.75673900207934,126.6628785970588,21.210626694988292,34.12829415036108,165.7959775368525,164.91999887720954,131.3484643866744,138.7102273924229
1910,63.666666666666664,114.55487674197897,126.60367459912878,21.028148092553277,33.21464852118612,165.54952554341955,164.9895427966464,131.6981534079182,138.83944808212613
1911,63.7,117.1361579354558,129.1285981893173,20.169138295928157,33.64944760533895,166.7955578716613,167.4441507857784,131.28721150519684,138.55674866968127
1912,63.733333333333334,115.97206102811614,124.65026628301801,20.44484400942226,29.28963928575754,166.33888519865312,165.22069744859334,131.2068927012107,138.05348210396627
1913,63.766666666666666,116.0727735753179,123.73849621021847,20.27962625626842,29.070884633862413,166.58684656365668,165.68267598747084,131.37953682181444,137.28367927999776
1914,63.8,115.60044745960849,128.7103569959878,22.46030009297205,32.452305083266474,170.08373695999893,168.40801997037664,131.73298509841277,138.71283448235772
1915,63.833333333333336,118.19361818172237,131.48519437378167,21.505426209522515,34.54575539299345,170.17076781995337,169.02603558364765,132.69016583028338,138.58286517000187
1916,63.86666666666667,120.65412384325754,133.84766990341745,20.94867456035699,35.71525781303314,172.32879959689123,170.97716777186756,134.36962265292095,139.10861048198467
1917,63.9,120.10153067288681,137.41140434975284,21.308382776490664,39.37101006974363,173.1475463656504,172.38728814857248,135.4669396697666,140.69195742046696
1918,63.93333333333333,115.12350957167705,138.9271974421642,21.5423822509426,43.158319211275035,173.21807771232386,172.32785575670772,136.76760433166228,141.46274364781766
1919,63.96666666666667,116.77840879827546,143.96393289715144,21.11287544580501,50.52081013488747,173.19007484209536,172.42657829852715,138.36831458047678,141.65156892116738
1920,64.0,131.26457410310843,143.08454878294222,30.390795160298392,53.12008451113118,172.9014665936619,171.47387684085493,137.26532056551738,141.50477841516755
1921,64.03333333333333,128.62046919040623,139.64468701413264,30.980990299153632,49.76129339930379,173.326585168897,174.16785204690902,136.03147598102657,139.8817486006597
1922,64.06666666666666,127.33852269851451,138.4142297413014,30.72266884098349,47.263972830616865,173.35394417750425,174.6618891849004,136.52837465542638,140.20279026597933
1923,64.1,126.26052876846035,133.8890406051204,31.075059374324823,45.97687088002169,172.61601991280102,174.55722998680403,136.4883622530878,140.51468135559492
1924,64.13333333333334,126.07921154985522,126.08305398420278,36.11340302227605,47.36231359313486,173.2347758531946,173.36448855016394,133.0167037641937,138.14536743661793
1925,64.16666666666667,119.18089103585393,123.87243053616535,33.64033891209149,48.820498625334665,173.47908369174297,173.04292418353393,132.9531748856642,139.1280183819609
1926,64.2,113.80121976792539,120.55120502659928,38.96659748799234,56.65325599050933,171.70603902371985,168.36362571776976,130.40630639957632,137.21413191719756
1927,64.23333333333333,110.77864517541485,116.82241401216857,40.53170149902542,58.27871689745999,171.84065038980845,167.7865793937885,131.93518033811662,137.6039296805009
1928,64.26666666666667,110.17714682415803,116.1348251386897,42.85002903249513,59.2469544299608,170.9898719197273,168.2706436075384,131.52660996809257,137.73816830347545
1929,64.3,105.29100062293651,116.98515450852324,40.768645303942286,61.82015490895886,171.72289636497334,167.60636128783878,132.02335869066414,139.50661126207947
1930,64.33333333333333,104.56144282354758,115.73582218323378,42.96418409150027,62.953668905695224,171.53254849969628,167.3016058124436,130.9652311802558,138.34916049819253
1931,64.36666666666666,105.43837535535445,116.66859326078384,46.27050976760075,65.68114581620638,170.53462814163686,165.75184887800364,130.86547615251234,138.4211141469001
1932,64.4,104.08948892372108,115.32011331790399,47.52165878751385,67.14228956566957,172.67516674908828,163.39126546659062,134.26050890758523,136.70381649277806
1933,64.43333333333334,105.80089193876374,117.85144992080981,51.07797057968047,70.15324423111586,171.39145358305922,162.67892859437353,134.81857116962846,136.12909412654562
1934,64.46666666666667,106.55337437354255,117.17104007253123,52.73898161278365,68.68950146580802,170.3369187426542,162.89622698513028,133.22688639232905,135.122656089305
1935,64.5,106.31155017243853,115.42101736633423,52.964941017147886,68.9702082154114,167.3940846887119,162.31482590976685,129.5246216538839,134.26920802130002
1936,64.53333333333333,108.74705107776543,117.33195610843514,56.79725318707874,69.91541917109726,160.86170959020535,159.86345518512672,124.27852673346118,132.5440771104356
1937,64.56666666666666,108.41656148286903,118.23568749791082,56.01163254230903,71.8735141033093,163.21812574298224,160.01900005140286,125.98872813610052,132.88917433870802
1938,64.6,113.01743412953648,118.41589048536463,61.424370443345566,73.14957595738252,159.74748649393348,158.64407760123345,124.59031980484832,131.736277894289
1939,64.63333333333334,110.96890350612722,119.0400832940451,59.79715844649392,75.21565015493482,160.93730728645707,157.97126974786684,125.14190555761729,132.08975524070885
1940,64.66666666666667,114.07742216704817,118.33947616123565,62.976717738145226,74.8386754404696,157.542760165583,156.41215555250056,123.29649220989548,130.66057402678572
1941,64.7,111.37436959044923,118.3062995838726,60.45079754814701,74.72096688008365,158.9799941615857,157.202033541855,123.26567606536909,131.64367936817274
1942,64.73333333333333,110.0678943885753,118.28327584956584,59.47264950977318,74.57655361557072,160.95647228310446,157.46770655732985,126.07038805709266,131.79190743730956
1943,64.76666666666667,110.37465066732696,118.20305279646588,59.46661928049288,73.29049416166256,162.0009625630909,159.41805178995773,126.57140162187068,132.2462103595594
1944,64.8,111.26325222451523,118.2904682792302,61.30014263635734,74.92458478114482,161.5203332740849,158.60234194383094,126.9020854794761,132.9377498800039
1945,64.83333333333333,112.18804586516681,118.40005731103497,62.17634961279026,74.63444677341566,161.26551530025844,159.08774971964183,126.95155964997835,132.9297796661315
1946,64.86666666666666,113.02714641324513,119.1116525638715,63.847425748455784,76.83493847355872,161.80303114417816,157.53522579498363,127.96828102127606,132.7979981197082
1947,64.9,113.74783100278503,117.9025322935547,64.34922715102651,74.51566564448997,164.6474934353192,158.44500541125802,130.20569016286822,132.8487675176497
1948,64.93333333333334,113.8055607882408,117.82741357572536,65.37445947368913,75.5503488182292,163.3022167682171,158.5565250650125,129.96663560075223,133.87193517229645
1949,64.96666666666667,114.0813444412851,117.95931344792311,65.44258913736246,75.19931895129467,166.10649567533525,159.8318845378689,132.04575129518943,133.42611278579562
1950,65.0,114.44868771334845,117.08511733608586,64.67311438710385,70.9131591817117,163.91677481610682,162.89571074674606,130.41827306316165,133.2778150582759
1951,65.03333333333333,114.21233686368902,116.85150701976866,64.19470620941146,70.82955309467582,163.9543213667899,162.44529278005456,130.0588659233359,134.03438105171904
1952,65.06666666666666,113.99951965712373,117.23602330105086,63.87603111205711,71.38314134858427,162.4387468457451,161.63054068036445,128.59182178524026,133.73000230399236
1953,65.1,114.33253701111781,117.55086252402754,63.99021355523099,71.44999183064706,162.02163764153144,161.56947956716326,127.83487623142757,133.5367747425311
1954,65.13333333333334,114.0873100592015,117.68123866857192,63.236484865390956,71.52424507093632,162.72110563919543,161.6051696231685,127.90593363889892,133.46814507653318
1955,65.16666666666667,114.07791698624176,117.90191986797905,63.22519682345016,71.42050594113847,162.04382321406558,161.19608428166995,127.2881023636063,133.0381671642769
1956,65.2,113.94605109216239,117.95143197676157,63.38307556658757,72.17802220038514,163.93238594977086,161.8267130811005,128.4529798664663,133.77912608451794
1957,65.23333333333333,113.3065056550206,117.22182441639517,63.62369463460044,72.78708734700739,165.3074161271549,162.41449122940628,130.74267415547706,135.3483885583207
1958,65.26666666666667,112.8329183745719,117.18991282098732,63.68662870021213,73.3883428826526,170.13268721211716,162.46765934236583,135.3462843427007,135.76409161691808
1959,65.3,114.08166251603639,117.90333882515674,64.81500165891032,73.21326794304866,169.8786616775939,162.42104351855752,134.7566955652529,135.08939411684813
1960,65.33333333333333,112.93865132980136,117.53630321963708,62.47451005066181,70.90746426867236,169.7506040868935,166.46674496850443,133.55427925767862,136.94092780128761
1961,65.36666666666666,113.83370330363768,117.9882387678623,63.148917910927366,71.25351224918909,166.905577165694,166.0346470880795,130.27250448941385,136.7554080663669
1962,65.4,113.5429293062933,118.40192477905318,62.98993628569205,71.39937799884919,166.74582464430293,166.57868032215367,130.20775333096677,137.62919006917855
1963,65.43333333333334,109.50687670889175,117.34883766003198,58.6214482742482,69.19531449705293,169.309537524597,169.3798402112792,131.84087072040836,139.80778863052961
1964,65.46666666666667,108.70122917318928,117.14315870540109,57.89222799494113,68.12917927637598,168.91217640817837,169.81505289744712,132.1343603274142,139.37487194502447
1965,65.5,110.20317784030257,117.98606636166589,58.88921008784464,68.96870462152151,168.71299854184414,169.7097539646351,131.3222109768388,139.25305034954567
1966,65.53333333333333,111.31758582699483,119.56671400524336,59.23342458964537,70.03353728500372,169.08718010221898,169.80653325215113,131.72767552881325,139.09123396583539
1967,65.56666666666666,111.99594698043825,119.49351951175926,60.13263563356857,70.79732468517273,168.90950920758488,169.879832072193,131.59103577560106,139.25465803318866
1968,65.6,112.53079635970789,119.9180602701958,60.548519374244364,71.43781103441613,168.3096004573649,169.57862932902844,131.1633081704742,139.04895602885418
1969,65.63333333333334,116.34493298148043,120.40865848931345,64.34228145811258,71.80915662432888,164.82655200914093,167.89647771666998,128.38967975377284,137.51099778370198
1970,65.66666666666667,114.22220507730785,119.38466791830615,62.7455895981455,71.08664028408656,165.24837264644157,168.2109295874176,128.2306421328325,137.53927277157626
1971,65.7,114.17491666582919,119.51170335211218,62.731161207673416,71.23009534749964,163.69853168742196,166.75914404160852,126.90869896667768,136.0701375646599
1972,65.73333333333333,113.8835023514073,120.18656326344771,62.58643491668243,73.25510295364661,164.5534438490433,165.86047068507395,128.25802338658377,136.9034856739392
1973,65.76666666666667,113.05523372458438,119.77947392848905,62.3248867956807,73.00707423325582,164.36751429610885,165.63497470301854,128.57441943361252,136.7305552337198
1974,65.8,112.02094795356373,117.80687426608361,62.298293744459784,71.9308478420992,161.30643621619643,163.72206718792006,126.91394074282694,135.8147750398485
1975,65.83333333333333,111.90640255116473,117.69461286577986,63.84631019365965,72.91198074795739,159.988662137971,162.91745122909347,126.829885317713,135.47340075948244
1976,65.86666666666666,112.47468089826874,118.33931660561286,64.60608063426707,74.51390821807358,159.86490462288498,162.40792088373144,126.33704747089295,134.89920139760113
1977,65.9,112.13347581711521,118.75298755090041,64.19543767081034,74.5365569518028,159.0270167537319,162.06461368312,126.1696176430666,134.0415940326408
1978,65.93333333333334,111.94643289395054,118.29233677854354,64.19622337227526,75.08281580071719,162.11424698441937,160.77053412951187,128.7308557142537,133.17820964760855
1979,65.96666666666667,113.19758898637586,117.82768183283956,66.56967427271971,75.19845783863497,158.92734263010146,160.14399188454058,127.15363570113921,132.65629000513553
1980,66.0,113.2030454356095,117.51742077506135,65.86961464482211,75.18932877853808,159.42740658217534,159.9861887017147,127.60145402153829,133.64174239150532
1981,66.03333333333333,113.74542246719707,117.94693449657309,67.1145483983453,76.79783194733211,159.55906911700694,156.3701122375746,127.73489358004494,131.40570670716107
1982,66.06666666666666,110.76599210094665,117.0404926869241,64.33087959542172,74.77994734670297,160.25875707977124,159.83400980041694,127.80335425547308,133.72486692445665
1983,66.1,110.95122081805508,116.15919418514561,63.89862570526654,73.77239599896646,160.60383797747193,160.9761644328735,127.82241240569441,134.4618751177849
1984,66.13333333333334,108.2061791460008,116.26224944364657,59.53736462065215,72.753805785316,165.82206150867805,163.30494604923885,131.73919927773954,136.93815189452303
1985,66.16666666666667,108.61382325031578,114.26783448044525,58.388394420365955,68.88822202448627,166.53755722127895,165.48670565206666,131.3114279481936,137.78682992442364
1986,66.2,107.922326430441,115.47718446726597,58.32093063347691,70.48700405138231,166.27713009254296,163.9341328509026,130.9140289474094,137.56169902867362
1987,66.23333333333333,111.24434530865199,115.34826991510786,58.08292473812804,66.83599731298507,167.50508849811274,166.97332052727734,130.482955895051,137.22697688589508
1988,66.26666666666667,112.27380225901985,115.60925103826796,58.80447867138735,66.86580542282532,166.85030127091372,167.0870031615436,129.6285004045718,137.06201232418582
1989,66.3,112.64249791547803,115.99868982829877,58.70759059729686,66.12960165429702,166.80243605765367,167.7617664450088,129.79990880871426,137.10699056572315
1990,66.33333333333333,112.43732550374203,115.88596955318602,58.76371943968139,66.38720324362497,166.32566838874888,166.8488948730185,129.59325584663756,137.16654615087973
1991,66.36666666666666,115.1923069621001,117.87292923555816,61.679506522006626,69.49345929705757,165.43870954976637,165.26405219613335,128.33321440598067,136.13101185305112
1992,66.4,115.18318121687471,118.28997937750557,62.235200965334656,70.55593998421492,166.42190111311226,165.1935562231236,129.6736420285138,136.1108230683462
1993,66.43333333333334,116.47773799643377,118.48879174403918,64.7649519184764,70.6954833834943,165.05494089171674,165.1533151621013,129.35181481895762,135.786070770103
1994,66.46666666666667,115.81772304785697,119.07420519464965,64.47425871312177,72.00499705024706,164.1082392059549,163.19313903111853,128.7502493476094,135.07000067777494
1995,66.5,116.95273846308145,119.2026522882001,66.61031447964703,72.63095973210592,163.15269682635548,163.3147957097188,128.74004729309289,134.23238780526353
1996,66.53333333333333,117.56287299832083,118.79613259846863,67.51987289625966,72.9802454973255,163.74856823446174,163.04843861165395,128.7118141671863,133.97871177134087
1997,66.56666666666666,118.28497398626924,119.87853263354107,68.29625887567505,74.6419718119019,163.7658968059698,162.96609894205352,128.6731580138558,133.91304652294403
1998,66.6,120.22894229096615,120.55291363929256,71.03504030822964,76.00496792208418,162.87862549798643,162.481431822312,128.97188597706406,133.81861531270735
1999,66.63333333333334,121.2384393153949,122.16712796658128,72.05167292818203,79.51770333136533,162.19044870192894,160.3313090065885,128.84928412909,133.24772377528055
2000,66.66666666666667,122.06765618002693,123.25809186727979,73.34662797564597,81.32833588264322,163.32083211620375,159.8812016541604,130.75232290677073,134.36903716629087
2001,66.7,122.82213232835052,122.99611548869845,74.3941299378592,82.82062617534447,166.5798063600816,161.0060431994583,135.4892335827876,135.30870236674843
2002,66.73333333333333,123.14895258700747,121.84347518393652,75.21238183399431,81.59203823002787,169.95716627080435,164.54385510167677,138.29823588112293,137.6175279164831
2003,66.76666666666667,125.26836151785542,122.29791906644824,79.5014854622737,84.59437057562911,169.87346052645586,164.70252432031072,138.8019894946617,138.1788116842237
2004,66.8,121.34477975987558,120.18899170844277,80.42810808601836,87.37226881147608,173.6481243748265,169.0349312203176,144.5815015487744,143.99435437403682
2005,66.83333333333333,126.7216790993002,121.12910997402804,86.35499191364384,90.03766765172068,173.21452185787933,170.55254521250134,143.94329777643793,143.88858200654772
2006,66.86666666666666,124.36795899979609,120.53431917596781,92.59780336217591,94.11053316747108,173.8455424893914,170.7673167976283,145.68382504103602,144.92582061398264
2007,66.9,126.57186331133944,122.61419103434446,99.82347590438273,100.4247510822155,173.60227191364822,170.91998845694803,144.9517001492083,145.70946882664643
2008,66.93333333333334,127.47572214486019,123.9408052824469,106.99431760928366,107.36132388224165,173.32724012392433,171.28780199119967,146.07161339898116,146.5520536118036
2009,66.96666666666667,134.11002032728518,125.00142243573173,116.41497853719726,113.3395312942708,171.87158114974204,169.8337376779881,145.2796597267235,144.44948339071587
2010,67.0,134.5708021554888,130.25766193327058,124.80615007825413,121.85354819891234,169.74995423660977,168.903991532626,144.36318857584217,144.89020865432244
2011,67.03333333333333,139.10674671199237,133.31371085632517,129.46272387216163,125.87601985841144,170.33036447244862,168.91603389429568,144.32883019407984,144.6222165360713
2012,67.06666666666666,141.44224735169826,138.67232268986004,134.32913069714238,130.85689012794438,171.107630888981,169.94218386129944,144.8889209109007,144.29771032774008
2013,67.1,142.9183803372933,142.54454196931167,137.49931880160815,134.26321311615905,171.46938074295986,169.41097118693975,145.28273948868565,144.0379369935837
2014,67.13333333333334,145.77190850176603,146.55061264659108,140.22278360467175,138.30577530693782,171.1298812999314,168.0379437709019,145.92252305388567,144.31179318536115
2015,67.16666666666667,148.62458034595568,150.71976639956847,141.95108943540694,141.09305946367886,170.89592394094197,167.89306950950268,145.94621367181279,144.26727129808984
2016,67.2,151.70295136093938,154.4800584216115,144.0675761135449,143.83566164048622,170.81595114029923,168.30402280485953,146.59685501898238,145.01617967479845
2017,67.23333333333333,155.24640405122258,162.17438666001712,147.68539266320286,145.71517793630997,170.6206503719113,166.90514870769263,145.31363681529632,146.6801477603385
2018,67.26666666666667,154.93207577916868,163.89535334664683,149.62692032165987,147.69556327200044,169.3288444127605,165.98014640240885,145.6314689257058,147.80751492076072
2019,67.3,163.12327755554108,163.15611877122308,151.36296237104864,148.45443521607712,167.8317116396872,167.88663858767117,145.35122333524959,146.91943167589858
2020,67.33333333333333,162.9315562579015,164.5692507632563,151.5457898644047,148.08113952366767,168.5203878468511,167.7089375623475,147.36795612498355,146.2929511466926
2021,67.36666666666666,163.33430916675673,163.3501659228949,152.653643771853,148.50045634586007,167.3055606508956,167.74508285306356,146.008346031305,146.01273057658722
2022,67.4,163.1783416981139,163.14005530518307,152.17136500757297,148.76290398081997,168.08618437164054,167.94327380732986,146.99906756426407,146.74298450281077
2023,67.43333333333334,163.8520774274473,163.36652033621633,152.0464911664258,148.56896636964777,168.28237767414248,168.1660858801612,146.9284396644337,147.11981991679622
2024,67.46666666666667,162.54933048230112,164.84827696111122,151.68893462905348,148.20734334006633,168.5940557015585,168.14256092941312,146.90259412247903,147.21692025895842
2025,67.5,162.54668268774952,164.82810760355284,151.77691510759536,147.60653597738195,168.77345790463377,168.78110371339028,147.95230599591537,148.63693060154213
2026,67.53333333333333,163.68473399518436,165.05118332904675,152.65109645488593,147.1154130113109,168.8432327546914,169.18551504882774,146.96583959345597,148.03935635840273
2027,67.56666666666666,162.7993180438584,164.9782991658464,151.74633029038873,146.502122735515,169.5870088128721,169.63154708205107,146.38574947483212,148.2289951067001
2028,67.6,160.8713744263835,166.27695779278034,151.5558528500489,145.3556019088895,170.5160478161029,169.89058480163678,145.60842605990342,148.03880488938097
2029,67.63333333333334,161.83978115172062,165.80294480043452,152.06681282801952,146.9145147315364,169.36663364544788,169.07257382840953,146.01120025907488,147.4497120184222
2030,67.66666666666667,163.60521999648884,164.09834157110217,151.8565192537926,147.57519451841344,168.07759266887297,168.6576094940861,143.92467333609605,146.99650222392393
2031,67.7,160.57739068042383,165.72887310243962,151.42253130609546,146.35101335819255,169.48038909136693,168.4569740317941,144.23501499276247,148.1219838167169
2032,67.73333333333333,161.26578123381088,165.80592633753673,151.68646049207638,146.8321635067686,169.207349298623,169.06530509395836,144.80465816050835,146.76132446536442
2033,67.76666666666667,160.87793276833744,166.144103865464,151.94090994998405,147.4807458806169,168.83832294243675,167.46283895411912,144.4548891529443,147.29827544147545
2034,67.8,162.98281388925597,165.60089430569877,152.14915081271124,146.3885580887193,168.65662861538146,168.93594288179898,144.21625638889066,146.47537986812256
2035,67.83333333333333,160.81606907008347,165.92023629253097,152.54843450730488,146.4827164233993,168.89569417861892,168.06946273080953,144.16631916608108,146.8515989951947
2036,67.86666666666666,161.2549345830332,166.305865046377,151.41387768558113,144.97709517681318,169.67454440645022,169.20214587021087,144.3112460142856,146.9617946830107
2037,67.9,164.35753760680757,165.22318122135172,151.09148521238995,145.91145091459464,168.50467897040267,169.30829509207624,144.4479766746496,146.57189674978716
2038,67.93333333333334,165.33212734704034,165.29313379440842,151.99351122444887,146.08106570555867,168.16155855863173,168.80105240867135,144.75365874047841,146.29874672495237
2039,67.96666666666667,164.03198475789378,164.59089842449302,151.2870709214776,146.1375881367133,168.92983729310723,170.19412925194732,147.431491826813,146.79553623405457
2040,68.0,163.64749151139205,165.3345604440568,151.39473872746498,146.31906920995516,169.2647238228086,168.7902006907623,147.80266742966666,146.17786326248313
2041,68.03333333333333,161.14161586391924,165.1704825965303,150.93581958237698,145.80525886838896,170.35520920730653,168.3665615001835,147.6153997833965,145.80838468776656
2042,68.06666666666666,160.85527742649577,164.70038633615565,149.29705687059456,145.38904562427695,170.46251597186568,168.6681108471381,148.08111429468886,147.14062934330835
2043,68.1,159.93762130262317,164.6984049747709,149.3883830175339,144.984695607036,170.5566951949763,169.29512063848378,147.18754795693914,147.65175761193254
2044,68.13333333333334,160.55138566860134,164.70243160822196,149.11491339016084,146.09432694736654,170.71739172944652,167.882025222719,147.78450415602893,148.03596302521512
2045,68.16666666666667,158.8034729935341,164.6160857351579,149.59917952378294,145.8424112970114,171.0458728353945,168.65151615970237,148.03464682045956,148.1417302276344
2046,68.2,159.72221939097994,163.62098924691026,149.3278310586725,144.7651475399897,170.83469129460303,170.0447752387425,147.60106392848823,148.6000401404497
2047,68.23333333333333,159.84524538637638,162.663397792853,149.97531015633166,144.76812994095113,170.57304508820127,169.4976816727698,146.89939012908107,148.85989500261988
2048,68.26666666666667,159.47305480557247,162.36809961084143,149.59056878110238,144.85365718372358,170.47981275910794,169.1457667882502,146.74592691011506,148.671822157075
2049,68.3,160.2335723326943,162.02165947985614,149.94098443468826,146.09042004361123,169.4075994698644,169.4488155218505,147.09329318841114,148.0039917975498
2050,68.33333333333333,161.00987719526336,162.11997778109784,149.25234885784053,144.13563138700064,170.5533009145559,170.49775307711198,146.9067000763661,148.0859662506596
2051,68.36666666666666,163.13382824570783,161.83940567051198,149.30613033982786,145.61605942026043,170.3377585194607,171.65037541184137,147.34263802567435,149.29321844755398
2052,68.4,161.91881172260992,161.49976578529137,150.97222223846208,146.69129839286973,169.22830462585608,170.63340254261718,146.72458304658332,148.77027023376357
2053,68.43333333333334,161.93621769127478,161.4758465046396,150.60122711988774,146.67372843447788,169.32813403051694,170.58969513664354,146.54477601417832,148.6753747757962
2054,68.46666666666667,164.79891665823894,161.08606318948105,149.82949154594124,146.8519342054932,169.4873328815335,170.91483553983863,147.53147432205398,147.92115250825304
2055,68.5,159.8187257283429,162.23261066865678,151.20057559159648,146.87806753293924,170.40595800332378,170.1231548702244,147.287209529402,148.88635418833192
2056,68.53333333333333,160.82106308173005,162.61589034933093,150.50499433785,146.67678640665935,170.27345813865577,170.2471498651222,147.22421719788878,148.54488597828902
2057,68.56666666666666,159.7530417556831,163.0087299852787,149.72193608707022,146.09138458667772,170.55069114994933,168.5779311440754,147.21727079152865,147.96556864917636
2058,68.6,158.38793260730202,163.0113320952931,149.72118432866927,145.6254278617139,170.65513320328563,169.38641389428412,146.550432351425,148.44627541655396
2059,68.63333333333334,159.55976530269504,162.89841673569575,148.89864078147727,145.5085620631656,170.4848642665585,169.67261850639403,146.43762058879537,148.4892149430516
2060,68.66666666666667,155.31941010587394,163.00882506617475,149.0290854544279,144.6284494109276,170.77640126573328,169.10136584648694,146.7890529930997,148.66416948497275
2061,68.7,154.9927737220459,162.9158717218398,149.19135432530712,144.72852183342715,170.58011071945992,169.33755613241243,146.55966174933383,148.60181350387282
2062,68.73333333333333,157.3514444437679,162.72630388114447,148.21484181932104,144.77774307589928,170.82804937666,170.44689820931794,146.75903785979253,147.58300561862504
2063,68.76666666666667,157.92141678524155,162.54298113952942,148.5222509008253,145.61873923639627,170.6430247098779,170.669782971336,147.00419070187922,148.7991159853708
2064,68.8,160.28593296460835,162.30298768232672,148.3956769077687,145.62186545859956,170.34818905264885,171.60343243171593,146.15077492116347,147.78580900213566
2065,68.83333333333333,161.0745682677243,161.71371434628537,148.22957387632312,145.74180941354726,170.44818503585049,172.41556060866245,146.19278508723755,148.44984215728866
2066,68.86666666666666,158.18101515527368,163.1233949161034,148.8158472708871,145.80843957636003,170.29551744407206,169.80417161039054,145.85995592064972,147.82285903348188
2067,68.9,156.66812896454613,163.30253404383475,148.93725148382222,145.11695206207938,170.71520374486744,170.00507240777657,146.00849932086635,148.8363640235641
2068,68.93333333333334,158.12827243113338,162.63420227859743,148.17560814426852,145.25737096208624,170.85486617212104,170.86335737130108,147.35419270119237,148.91515065728876
2069,68.96666666666667,157.69235207567178,162.5778079009159,148.9218245744957,145.63327559255018,170.5910548223778,170.3801868468698,148.32742196957014,148.75392284818926
2070,69.0,158.3634522110956,162.04443004858334,149.33477116479878,146.1962891480728,170.2594195427934,170.67028884036006,147.38420214457955,148.52993429374698
2071,69.03333333333333,158.5716535840984,162.5977164980212,148.99948668825385,145.80760380442908,170.2433239714928,170.48259327158797,147.5884365542185,148.5902272851414
2072,69.06666666666666,156.90687867291763,163.23386959188284,148.86277496314023,145.8649948929353,170.1327775644526,169.06181816819614,147.36278140840034,148.27961084452772
2073,69.1,155.88674212216236,163.14275644345693,148.50891305469534,145.24064906077032,170.7918466641175,169.83559406564865,147.24665081684216,148.6491029631064
2074,69.13333333333334,157.62907596376087,163.10369221179042,149.18982467377518,146.1017745970222,170.1207627726446,169.74628648116172,147.75773488765492,147.6252568508618
2075,69.16666666666667,159.53065490690628,161.84103784065402,148.99613216472937,145.9004041451323,170.17185617498237,171.28858230230028,148.6600521600291,147.74323268442637
2076,69.2,160.1101125354349,161.05146653705813,148.91386856300755,145.9609148094908,170.10687826113855,171.21487588659863,147.59349520996548,147.3887549603601
2077,69.23333333333333,159.54791819421288,161.36869508714875,147.58214172990486,144.20612839335612,170.59158952163497,172.68286433042272,147.5296864755096,149.37607529473686
2078,69.26666666666667,158.3480186190761,161.00169888278725,148.53547309901927,145.75773543865245,170.17421515727526,170.44337515773557,147.44203301813533,149.06585877063108
2079,69.3,157.29343544813273,161.61562781946932,148.9331862702207,146.00087184267986,169.85165924691222,168.7619393041337,145.83918487776106,147.9760989361475
2080,69.33333333333333,158.66809388676978,161.22311764326662,148.15063014839225,144.4720271535836,170.32628555904796,171.25363216653722,146.25519364871494,149.35615219622645
2081,69.36666666666666,159.6206000978209,161.3413744159736,147.8570027973107,144.50175804996692,170.02240207153318,171.46585292755435,146.2254791552252,148.74190901628128
2082,69.4,160.2179753099167,161.34884723851988,147.92553821453484,144.27266076485904,169.72258538292255,171.13295910644536,145.71093494369796,148.6364963052717
2083,69.43333333333334,159.54708791007633,162.1147066700407,148.6331235448293,143.10406021827131,170.09708944426012,170.178811934087,144.98504331664665,148.36222201037066
2084,69.46666666666667,158.36879461830185,162.49588018344107,148.814673351932,144.23187548452054,170.40450582377838,169.77498954768726,146.0629460017241,148.42154569756113
2085,69.5,157.27530675853842,162.33433821296484,149.29482387801087,144.75911877024424,170.56345363520654,169.1640744626094,146.953812562823,148.74048393286813
2086,69.53333333333333,158.31300424295245,160.74824585404767,149.00489918562965,145.21841342868277,170.18992188948965,170.30443941138512,146.38614763643898,148.5657960115619
2087,69.56666666666666,159.0737379014297,161.23644977790298,149.32180541740257,145.79279312415034,169.7676550267491,169.73765616783803,146.38081391151667,148.03010638897354
2088,69.6,156.78556188236809,161.3845616609148,149.29770910866623,145.0598547306672,170.44487021292844,168.7420513566378,146.56492103272691,147.93346522927183
2089,69.63333333333334,157.86914128239573,161.49023395404134,148.39587099708976,143.89722126648883,170.53349170583905,169.9680308623101,146.90907282407755,147.66797185965083
2090,69.66666666666667,158.2704513779228,161.49765279527574,148.7201142738084,144.3898601543602,169.9706125683677,169.4482875945139,146.34801128057796,146.97387006652588
2091,69.7,157.20033340826708,161.4103819988351,148.303501741578,144.1758064665062,169.8687805174399,169.2673663308557,145.42050856987706,147.25750745751753
2092,69.73333333333333,157.9377439033,162.43235240602462,148.61012203803358,144.0679334241541,169.37124667698362,169.50724268623898,142.8716871703269,145.65902485723547
2093,69.76666666666667,161.20732937137475,161.77820232201728,148.0775721802806,144.5644160026217,169.4156454955911,170.26913175994622,145.3388361431737,146.76744046414126
2094,69.8,162.48686283465622,161.55449706462377,149.1074826658782,144.77459529447086,169.141665734177,170.89188276334113,144.14739230406238,145.86297427701373
2095,69.83333333333333,159.07937478101354,162.86402132270905,149.30163883613676,144.08304833282637,169.49187067280337,168.18233144130917,143.8454916952347,146.3014821342678
2096,69.86666666666666,159.77020508051012,162.6495511259179,148.71397779317095,143.7598471663593,169.81473429301852,169.1255972152469,144.4002347054637,146.3442405477948
2097,69.9,158.3774590730041,162.26698925488202,149.31286839529565,145.23611266985048,169.68370912597055,168.10939606742437,144.9502888767558,146.43777988648898
2098,69.93333333333334,158.1049485775125,162.36657707936936,149.35256375778584,145.19296187837048,169.82378761312728,168.5954498281664,144.75772950026288,145.91988740411273
2099,69.96666666666667,158.2318437634591,162.37457923961247,148.8570103504875,144.93025328899333,169.604804763147,168.1484552066314,145.44153964937362,146.27527656818953
2100,70.0,158.2821520895308,162.6719131441749,148.4263136301182,143.63664179280715,170.29535159402187,169.30306266956615,146.26466198385282,146.42838459458687
2101,70.03333333333333,159.6880085704508,161.91741918307676,148.81324281094672,144.03840589214687,169.64083327598715,169.49223682388143,145.95832895425525,146.86602137259356
2102,70.06666666666666,158.02388944094335,162.68900848274,147.86609251676023,143.9276791165412,170.78462777759358,169.5590349252929,148.70155856466585,147.24999704950096
2103,70.1,155.35897180480325,162.5782523045925,147.6227279642792,144.45819386668316,170.6056735083705,169.53872165328718,148.04803443599036,146.93358814253762
2104,70.13333333333334,156.06106122267826,162.75823084229793,146.6582093267533,143.89229782599892,170.7156466527241,169.5648975926636,147.45634454637877,147.38024511353703
2105,70.16666666666667,155.0895274529668,161.99255831946562,146.89895381640167,144.6638161524726,170.4458771622059,169.3708915323749,147.50955962254244,147.39784203620584
2106,70.2,157.40222153002426,162.02621374379274,147.27193291098922,144.42243014680122,170.30174592278473,169.9157244677703,146.4351783638311,146.6062462244033
2107,70.23333333333333,157.1615627677053,162.37050662506226,147.39262040521126,144.20183500512601,170.5940395053809,170.6070661441737,147.3907943150596,148.36023786589982
2108,70.26666666666667,153.2221592876398,163.46081205997402,147.9419232681327,141.69357684712423,171.04168177314773,171.21165390727188,147.66448329209746,149.43630633491176
2109,70.3,156.56729840462842,161.7956678736572,147.74142985413658,143.61089097703075,170.64688490795194,172.91261995511672,147.7201044281446,150.08661425193554
2110,70.33333333333333,150.18346541330862,162.63088233681214,147.48340658282265,140.1734223708453,170.5632042785097,172.46959870070197,148.90867644154696,151.28538865584318
2111,70.36666666666666,152.41770732860343,162.19957083071677,146.77459460259834,139.12895068304653,170.93579782126406,172.64971536748953,148.8856526146157,151.08974789672962
2112,70.4,154.02030853686077,160.95827604514855,145.94240182052073,142.0521554342012,170.962361034262,172.29106811662837,148.1154142164994,148.5138320928154
2113,70.43333333333334,153.80975933203234,161.5393641061466,146.64246192782147,142.16239189262382,170.96077810648555,170.92278487460032,148.32444974692578,147.80120486633828
2114,70.46666666666667,147.8581301132282,161.27156860767968,146.4298709452365,141.8038114230092,170.91695902900383,171.31404853383924,147.9239802347283,149.72866264623403
2115,70.5,151.35909499647067,161.53082324147286,146.56421028123697,140.765690540862,170.86196586356232,171.88599133126192,147.03570705356523,149.09613218511527
2116,70.53333333333333,155.65631175673084,158.88586979275198,145.38993862939438,142.06530929279117,170.56103018892446,172.836198911045,145.94556086212762,147.90629730371424
2117,70.56666666666666,153.65908397924935,158.9660003409311,145.59588774346065,141.63569803635818,170.59545585452034,173.08686215785542,146.61412212931424,149.08375110740116
2118,70.6,151.47416249947784,159.15285803203935,145.36938051595467,141.98156843651262,170.79608334663686,171.686608915225,146.68984900632805,148.38482502992946
2119,70.63333333333334,153.21856899296355,159.46219786922276,145.19503183589893,141.84719061541796,170.84687155422424,171.10077252817032,147.22787155369986,147.9224482220446
2120,70.66666666666667,152.01875847429127,161.68791327138638,146.94985147303365,141.37766564168217,170.85567264994842,169.14637648392815,146.67677908738762,147.46745987079845
2121,70.7,150.77684192984955,161.85805630646908,146.71743009934832,141.2586169992614,170.84850323278798,169.3345850410187,146.5189142687644,147.0293515068054
2122,70.73333333333333,150.49307287947641,161.81092050602706,147.1650425856684,141.24889456548527,170.9226046277118,169.63994657647405,146.65241042438447,147.88500824393432
2123,70.76666666666667,151.63397915292236,161.3031318267298,147.306205331585,141.74243840027947,170.85795245887402,170.29721713238422,146.88824140128662,148.61308485554386
2124,70.8,150.11056948969028,160.95477384481137,146.70394973324605,141.2649604753199,170.98355738776624,170.66911944845648,148.97720766068412,149.1141255068729
2125,70.83333333333333,152.1517536223508,160.35538778927108,146.1266285345091,141.9899558332914,170.96899170276325,169.92715795368312,146.3403990043722,146.80783531872342
2126,70.86666666666666,153.27733209182747,160.85076655256336,146.62061912338694,141.60333783996882,170.87614710684173,169.8813777538706,146.62532196058103,147.80477079081203
2127,70.9,152.68560128004435,159.98847859617297,146.56993836470608,142.5463720790005,170.7303171851791,169.7095032561545,147.19965949114524,148.07223761029326
2128,70.93333333333334,153.62535208507387,160.59523741640595,146.6814470161469,142.18681122519067,170.94890533721264,169.21713498263986,147.48188211087637,148.30501534246537
2129,70.96666666666667,153.5816907171193,160.60072861097166,147.09797902420047,142.55785204190465,170.42823334833298,168.7651486229739,147.93295196496808,148.33799232992757
2130,71.0,156.85943314362515,159.99266066343222,147.92444143723736,142.16889930244523,170.21982379519523,168.74042252989796,146.7616111928563,146.42209141886522
2131,71.03333333333333,155.14701291894704,160.1367599837329,147.97041333738605,142.5484535689546,170.34974760174674,168.80117080819056,146.78597752741814,146.87285735419528
2132,71.06666666666666,156.03582667871626,160.19720427190967,147.85973217933267,142.10671868901107,170.7409233069514,168.367723397391,146.9074353768738,147.46581276245516
2133,71.1,156.3453250671603,159.0414626915134,147.650177459886,142.48686416112588,170.8839842349816,169.14443829159316,147.11033139472985,147.9389814398076
2134,71.13333333333334,156.95878340533804,159.45994864566305,147.17858390544689,142.03705025675325,171.03987388136235,169.73088219340093,146.93425358206818,147.87890332049
2135,71.16666666666667,157.15789631573364,159.82022322474168,146.54694454802606,141.60419641884576,171.0733800393777,170.8815048859443,147.5938280840212,148.34096882900567
2136,71.2,153.844812491537,160.40183570040747,146.75807162964938,140.2889131742533,171.3040598255796,170.96966547468668,147.55558810349547,149.65863395236616
2137,71.23333333333333,152.9082986942731,159.73194874202665,146.66040954203226,140.28091973283566,171.15105758174954,171.82614464464714,146.70046697857026,148.98883191416718
2138,71.26666666666667,152.57741188142768,159.9376471458716,145.94849432312574,140.0500635020639,171.14910080234006,172.09404414169342,146.49314075194943,148.72407040601922
2139,71.3,153.20394533154004,160.10838111086497,145.87138966386712,140.53016644145052,171.250338495172,171.2981166146277,145.75279356001778,148.3620350907206
2140,71.33333333333333,153.56010159314448,159.67647637276323,146.08058685203022,140.23647994805114,170.98333121470083,171.70779046984174,144.87088560437192,147.9288371035163
2141,71.36666666666666,153.94714566546708,159.64999482774493,146.2495670727278,140.07502351459988,170.74939781886513,171.0452619466337,144.22189625423587,147.49730841939663
2142,71.4,148.3767454604356,160.67516113407208,146.952263115103,139.8403792806815,170.92109023468498,167.9803609226286,144.88197296461166,147.93978923225606
2143,71.43333333333334,155.1031713281618,159.88133362502197,146.31287154735088,140.86065518787117,171.23627466596542,169.42216205119772,145.34277092322347,146.2473557395732
2144,71.46666666666667,154.9627211799306,159.74418097841215,146.36239504622398,140.90681747830854,171.38860868424388,169.71558438348308,145.94615911736435,146.42886478886305
2145,71.5,154.71730053970686,159.36964798813543,146.2061068972716,140.27177466172512,171.64126732771484,171.43971706475816,146.1982699278135,146.04377205591152
2146,71.53333333333333,155.30042186226115,159.49352442483732,145.68477135044353,139.7127941372463,171.63631837926502,171.85473518152435,146.09981356040237,147.0586548969973
2147,71.56666666666666,155.51039040781563,159.25104958631903,145.5332588737549,140.0383943400712,171.4677801403173,171.67894832161406,145.98610961660827,147.3398304590391
2148,71.6,154.68625969490193,159.88078556376868,146.24149518198158,140.1995899573664,171.4703212289784,170.67204025700806,146.05015853935632,147.83208269086532
2149,71.63333333333334,154.55487314267057,159.2196743674694,146.05495281354249,140.3305813398301,171.33385180070653,171.44367684507938,145.67667811771645,147.69641448907677
2150,71.66666666666667,155.57013954526883,159.10497121466824,145.52249928629075,140.60041923080016,171.09907053767296,171.3227022863084,145.77083317472704,147.10039170942628
2151,71.7,153.1414378615348,159.38105830061642,146.0704255896406,140.37286024536408,171.3311603237343,171.31104279326493,145.71465911375387,147.46171429571376
2152,71.73333333333333,151.21565327996072,159.10491445437444,145.51500395394862,140.46146477944643,171.36301791357045,171.56334537895862,146.82131881879297,147.80887863255813
2153,71.76666666666667,148.81638981554937,160.31569842223,145.26665526474022,138.6109496191172,171.651053976955,170.97158872079035,147.17003267078186,150.53768118722465
2154,71.8,154.0161282550282,159.1586324037824,144.75099002094962,142.04437074145517,170.77170469974632,170.41953474781474,145.3361953801892,149.505738949944
2155,71.83333333333333,154.56967710714528,159.04049393638363,144.57676412873872,141.80458948244444,170.82499925470157,169.51912091732484,146.48573651031734,149.21778472640497
2156,71.86666666666666,154.894478881029,159.28454996215632,144.1891547291359,140.77388890926576,170.97071468250542,170.40668484543016,145.97840302871808,147.81574895507742
2157,71.9,154.56448323324852,159.42094651635165,143.92306038148487,140.9151264070348,170.71370993629995,170.33105906766414,145.58768128899936,147.91205108800816
2158,71.93333333333334,153.92146207531178,159.72516446204557,144.48327134142798,141.04524704633286,170.6454286672103,169.6543432971746,145.26620134767165,147.75091106575607
2159,71.96666666666667,151.98291445068006,159.76454403451032,145.13048508979915,140.94461535274104,171.11297728298473,169.86588865845425,146.01903584488826,147.69429687046272
2160,72.0,151.27840739429544,159.43895645884223,145.46583486041933,140.7375007120558,171.14674200160087,169.58509154209193,146.5947489061052,147.5035623995781
2161,72.03333333333333,155.33523624524918,158.43344421352,144.53541757072657,141.65441121402486,170.26677149582727,169.76956551899588,144.66623491134635,144.96132140671884
2162,72.06666666666666,152.89876020208686,158.75814114567092,144.93999782537114,141.95188877127032,170.7405373651928,170.03698109891837,145.48388207346468,146.65347013793243
2163,72.1,153.42581360650777,158.848638558379,145.07007612402495,141.90482574954342,170.92396209991713,170.76191299790005,145.27275518444566,146.83018755572127
2164,72.13333333333334,153.2617610055115,158.76103518533475,145.18322491272667,142.7135787701922,170.70919909331528,169.16476789211114,145.2295305465284,146.41410985392713
2165,72.16666666666667,151.53647623035766,157.55906032556467,145.073538159693,142.13586673634873,170.58411541093352,170.38674107193884,145.5284499884277,145.916386569519
2166,72.2,148.81954674329404,158.85792925891243,145.67804759417882,142.26704551300926,170.76027371479148,168.2624154910901,147.1173525466993,147.07362040056103
2167,72.23333333333333,151.1044006647177,157.60265510201023,144.49495843965056,142.15496223939263,170.4508672253613,169.50944443381178,145.23133467833756,145.76430251459792
2168,72.26666666666667,152.8277319345366,157.84026191157557,143.99768257140326,141.79718969504916,170.51147077635656,170.50780741954978,145.31399591758918,146.61573844820742
2169,72.3,153.2101313445374,158.34948630898805,143.85105139154683,141.41376901452713,170.57183409253173,171.19297781761188,145.24891337201282,146.55658967512375
2170,72.33333333333333,152.41356793582793,159.21823761831502,144.78360766258743,141.11637371305113,170.8431001850696,169.74925426375862,146.2941899235731,146.95777006143854
2171,72.36666666666666,149.92650991214052,159.11446194061327,144.18661255958085,140.9546673073942,170.89337797823399,169.29355658311155,146.06428339034736,146.83476507136842
2172,72.4,147.8413698456626,159.28488278078956,144.12095827136648,140.5325134219022,170.61640144438937,168.8573296304154,144.88119573926923,146.84686109993388
2173,72.43333333333334,149.08670413812735,159.0833102815043,143.20851175238218,140.0465968396768,170.5336806989839,170.16472968965172,145.08797812417768,146.75852791567826
2174,72.46666666666667,149.84180221193347,157.77849732510865,142.85039350078677,140.83816079319416,170.45416715322426,169.59758673552727,145.64359513303003,146.34954647988974
2175,72.5,150.90341049389534,157.7486477025655,142.85009975523457,140.14629082462093,170.86569874029084,170.46866438196187,145.73487160219122,145.00857287073592
2176,72.53333333333333,150.1506967977975,157.52791286338103,142.61440192613057,140.3731016387388,170.7483034615677,169.01662257979305,147.3059823189426,145.28283532696366
2177,72.56666666666666,151.89586431764786,156.50825871723373,142.32638249332106,139.62038039807425,170.76117614506796,171.59187042566623,146.7900492674723,146.0357706599397
2178,72.6,152.10650557024624,157.55238730233796,142.6205165171967,139.07458471054935,170.5838337221171,171.42439590087088,145.10434256485794,146.72686309653804
2179,72.63333333333334,149.7208308799504,157.13135637640076,143.0558683559487,139.2638660810142,170.4022937861775,170.74541057338251,144.33094602110415,147.23009039785777
2180,72.66666666666667,151.06138082694625,156.5334685794768,142.77351013604581,140.45741534738852,170.51025824514585,169.6997516743248,144.9528607167806,145.90778559604166
2181,72.7,150.89895386631918,155.8131728791505,142.55316901927304,140.54487027152038,170.50722654687993,169.8091771751662,145.44844328228262,146.34797262322445
2182,72.73333333333333,150.9195869053356,156.39685476697252,142.75215159199743,138.9653800532485,170.7785506642472,171.26436271622222,146.00115039495512,146.85909534884607
2183,72.76666666666667,150.59753548928225,156.46825707439535,142.6971518035219,138.64775645539567,170.7595267433443,171.2648941926611,145.18161071499557,146.69336837353381
2184,72.8,151.5382024279459,155.27347288313817,141.74696669174912,138.6353413080774,170.76193976404323,171.86189569517398,144.75023717148517,146.47344744022283
2185,72.83333333333333,149.40288656238621,156.11506935366816,141.61305367122918,136.6722885209378,171.15711601708438,172.4972311351699,147.59150573542715,146.514341115973
2186,72.86666666666666,150.26074910306528,156.73643477708265,141.7773095434181,136.70440010948832,171.10889147399155,172.09451993967585,147.0144208326528,146.09440896202042
2187,72.9,149.5831893296262,157.07664559393112,141.34501048363072,138.5585512421296,170.63298113927002,169.70686678480854,146.64438319645282,146.23714391476608
2188,72.93333333333334,149.38970222100235,156.8860009063379,141.36025524303975,138.91140147435627,170.29180964893195,169.09361732381348,145.6359692263277,145.55322295188213
2189,72.96666666666667,150.3060859304174,155.98225794938642,141.42432521408514,139.58868846608897,170.17290255575753,169.10932947009871,145.50177318221063,144.93511150503934
2190,73.0,149.19154187376125,155.33239354242326,140.5863882777036,139.96419367185254,170.2745522481578,168.63793235614213,145.63907987396868,144.8480927628121
2191,73.03333333333333,150.54830068471725,154.69236636988086,138.6427122643785,138.88216531052987,170.62473771950312,170.2076504223803,145.88129723724626,144.56138961674176
2192,73.06666666666666,148.58772744140884,151.5076818267938,136.54340563456947,137.894396206,170.65364390482893,170.04175551258385,146.538353203886,144.15173082359465
2193,73.1,145.83441517872353,149.19209811681182,132.94144838188106,135.96354118805837,170.66102635477682,169.94583248042414,146.2861613431087,143.90486929701794
2194,73.13333333333334,143.42111704641894,146.92751300854567,128.56628514006653,133.87218816035715,170.72129601204054,169.58612013655895,146.53752081452436,144.1677146825015
2195,73.16666666666667,141.95177726500984,144.5617032036811,126.92379812355777,130.59336721096108,170.73352793808644,169.41651447321328,146.61791963537473,144.17327635199868
2196,73.2,140.0104647752861,141.4980450774473,124.33998296630328,127.67918789414401,170.97625818811687,169.66807528165788,146.26339493319924,143.52642111097552
2197,73.23333333333333,139.19969631436484,137.44632158471765,119.9663047326646,123.97620679583761,171.29665281201443,170.75565824858515,146.89686617024455,142.85172500455724
2198,73.26666666666667,137.42611753532756,134.47410476423164,117.28313553627311,121.18543441548604,171.48226672444576,170.82101745068812,145.74282554376433,142.1769079866313
2199,73.3,135.05507426154185,132.54034485887388,112.52963353475717,116.14497722162417,171.37418152693024,173.34311374015715,147.20903800189595,143.6001689841154
2200,73.33333333333333,133.09274112745507,129.52874604228913,110.51184554160291,113.56729066969294,171.66946771663504,172.8535532235321,146.43700767964324,143.25425195604885
2201,73.36666666666666,127.33238518477879,127.73873713683805,108.63564926119173,110.58394338679084,171.76394443008994,172.936647495026,146.98025890482563,143.63286749630717
2202,73.4,126.52892823036508,120.7381280808602,105.9613775805256,106.51223481466258,171.9963603090001,172.8097570030757,145.81474084382435,143.35917931286463
2203,73.43333333333334,123.60160337875561,118.50227007111516,102.95736555603301,103.12685053682695,172.13601006944918,172.90034770540865,144.74902324775692,143.51140600350237
2204,73.46666666666667,120.69754052214039,118.04286528814133,102.08284673924793,102.23924812194012,172.50392170279483,171.69243090889992,144.7720640940545,143.38024562602024
2205,73.5,119.93780046630802,116.85243193573858,99.3639190072268,99.13816554490522,172.99535920698474,170.35965992672882,144.35788858827001,143.13322267897306
2206,73.53333333333333,115.59198557588779,115.89766394752112,96.4692555061727,95.79611352641956,172.57587831092638,170.32474128187778,145.88060069499548,144.27815973609032
2207,73.56666666666666,117.8997821978606,113.16813127502633,92.56113948321416,91.83486058759655,172.94101509398388,170.79030839473148,145.70179718264322,144.04224270463848
2208,73.6,122.21391250719957,113.10835504065209,87.5661829570849,89.00975813285417,171.86455568360702,171.79065458659036,145.1546827634634,143.25872025911988
2209,73.63333333333334,116.88995129634273,112.09999778850036,83.24340611684582,86.80545907884277,172.67148649805782,172.25185282328331,144.68503961802597,143.73393227466084
2210,73.66666666666667,117.86045482264964,112.07558366776607,81.3023330160702,85.18308341232522,172.89711358552867,172.50534863877314,143.84889575157,143.30190055275622
2211,73.7,122.98574649565958,110.23616814685536,79.42157674149206,83.03053106065106,173.04769629512487,172.07651444850836,142.46524906132277,141.03169335156892
2212,73.73333333333333,121.85248695693473,108.56648088685805,77.02681184499953,79.57436654482161,173.18199780932807,172.23826760395352,142.69290000158475,141.08583763016532
2213,73.76666666666667,121.1657971954149,107.82931206128698,74.47819498301097,76.11871739834494,172.44949958198413,173.0432318756289,142.85709262658096,142.8930218289251
2214,73.8,117.59658320825116,107.28303233540632,70.92994554167602,73.8880228449388,172.4509994717132,173.12543559850633,142.1452521566944,143.1429227707598
2215,73.83333333333333,116.04718026994661,107.53775335358058,67.95806935916599,71.79679294758417,172.09559260234613,173.2321785951904,141.72698943983679,144.60377413023772
2216,73.86666666666666,114.38495978106407,108.6758328384772,65.38402019226052,70.27481912007528,171.6965008811651,173.27200580029736,141.75547610899653,144.7122104970136
2217,73.9,111.49409973006713,107.75004449758066,62.862582998379345,68.0154790617883,172.0011376433441,173.22763862674347,141.0707664020734,145.24613636674917
2218,73.93333333333334,110.42901750362164,106.67149548860806,60.61366468309354,64.87955413695069,172.37570666342134,173.20162675517258,140.92424018444478,145.0993778098354
2219,73.96666666666667,111.08411939983175,108.3799225662096,59.352303397810545,62.37432769523793,173.27624047487768,173.08036048813395,138.59284497616684,144.76055756018718
2220,74.0,112.41192081412568,109.97492924912088,59.24086297588661,61.78201924701095,173.90356445610144,173.217379345368,137.21441266460766,142.95483077718748
2221,74.03333333333333,110.7261841231591,108.27286168698653,57.537495585205484,60.529910073798796,173.93743898533202,173.3906831624293,137.38917737463635,143.09691350996033
2222,74.06666666666666,109.04634020617439,108.73152255987836,55.50912293393546,59.86304928862169,173.87445044919573,173.28752248060616,136.48559267093574,143.91191311118772
2223,74.1,111.57156401018807,111.94238586536015,55.95483335939204,60.78216220138965,173.6403703597967,173.27514198999594,136.13972563493184,144.15383256464338
2224,74.13333333333334,107.54401007940072,107.33315121597566,53.540196969068646,59.550656485573334,172.94477028939042,173.701035516575,138.51041096096154,145.10554266684593
2225,74.16666666666667,107.61419811126338,108.0693754821459,52.48531147482052,58.18729627019235,172.84813468219537,173.7473024818391,138.96215350223045,145.25063838749662
2226,74.2,107.31345447407254,108.8699306249168,51.28261989805925,57.16454748230426,172.99460048034734,173.69820850231852,138.22029684594946,145.31735697638055
2227,74.23333333333333,108.83689985949202,111.73798495509679,50.03397531549515,56.61969880352296,172.47592022892835,173.12719859819964,138.85554939214612,146.14623297307222
2228,74.26666666666667,110.38428192867106,112.65483307252799,49.886190431736715,56.28148282915446,172.79162045448612,173.2073673463136,137.99093430488853,145.951406539999
2229,74.3,115.21533509568825,115.80227300472473,53.6788584173478,57.102268159534965,173.27506171163444,173.02306940439462,136.6497718565383,145.04296475522602
2230,74.33333333333333,115.40442212266443,117.68993237645515,54.405358470462275,59.30465073251522,173.2407480982833,173.8743932546461,135.97622283752847,144.84102527732708
2231,74.36666666666666,112.51817210658716,118.58616986230493,51.90111129646969,58.92084871148936,173.21453627674123,173.87956776798003,136.34993950530165,144.95238008910874
2232,74.4,111.34234469263288,119.51072865433488,50.64398889768333,57.627551683891724,172.74456982691134,173.56807183298127,134.28754922613842,144.53944654897455
2233,74.43333333333334,111.03831354583455,121.20595893056029,49.39724066984787,57.2601713352551,171.5041196215369,173.78470426501622,131.91181883267376,142.57165434687158
2234,74.46666666666667,111.87654597798395,121.07768383382385,47.553160395069355,55.473376933791705,172.83490385289429,173.530549284514,133.59486298730832,142.65871244461047
2235,74.5,109.35453762251508,120.89809903219027,45.22739277591114,54.90370190044695,172.88778006795678,173.5550193078731,133.4960857003518,142.9346616890554
2236,74.53333333333333,107.44964651862102,120.04458292685688,43.84276189084235,55.09523230200607,172.80979777100006,173.8741678061714,133.68777323604118,142.61979452093846
2237,74.56666666666666,107.19365195544692,119.6581382699731,43.7206474781116,54.56623498629713,172.4289253023951,173.8613656854622,132.57891830847996,143.08167515779687
2238,74.6,107.15122707331012,119.65810070310246,42.99588847421042,53.934344062241095,172.45665632639398,173.81041617256795,132.83265097735287,142.92160940535445
2239,74.63333333333334,105.69296880182064,119.17981963704682,41.82742798434594,53.675660064029024,172.3186267784862,173.7529384190734,132.46532321887926,142.4072239365144
2240,74.66666666666667,105.19750850286036,120.78630297535557,41.107789995357514,55.62056825955956,172.18982818302652,173.35167659449803,132.1332482964569,141.99648308075612
2241,74.7,104.50476118158818,120.04675902548703,39.6494456964013,54.62412370371592,172.38878568001678,173.33611278183292,132.1816666401224,141.98732681928496
2242,74.73333333333333,102.25585777441908,122.44736725400348,36.3209429136557,55.52848763905576,172.80303779507855,173.1845379438137,131.99939051063134,141.92888179262306
2243,74.76666666666667,102.58748173672866,123.0130560511222,34.65348214108814,54.444496902961305,172.66301550157448,173.67073802461218,133.1334467185269,142.4124555500529
2244,74.8,104.19475359930084,123.84112438169079,35.044624253257474,54.82783933896094,172.28098806556005,173.76781530870738,133.610314781992,142.35490870996082
2245,74.83333333333333,105.13965143704492,125.6339557681428,33.75506518780615,52.99267911532252,171.70736951301197,173.29934915346792,134.7235431608688,142.94876640684114
2246,74.86666666666666,105.52465930221274,123.82875533305382,32.1218360004052,48.1915937942583,171.06180876708137,171.52460030156698,136.43807090720037,144.57339992643955
2247,74.9,103.36717293471823,124.31309239869265,30.93609540229139,48.510399119802365,171.35016883119133,171.33841702921785,136.19225544394413,145.79068564680816
2248,74.93333333333334,104.6529043974579,123.68224852028045,31.802472692555632,48.68050048931985,171.5676726621279,171.8781095416305,136.3036535415405,145.26073701180817
2249,74.96666666666667,104.46425981753595,123.07726840768176,31.915294794729355,48.501446335825925,171.8092269901641,172.10078101672502,136.32936551648518,145.06202035742248
2250,75.0,104.90206517374959,123.55546864371031,32.239177067255845,48.83217650464545,172.05843787387377,172.15367489447254,135.8576947313586,144.75561695023606
2251,75.03333333333333,104.85675647330774,122.84555790466668,32.08635818343555,48.55074200151247,172.22283932612834,172.2738008315375,136.06803296971339,144.79641418234473
2252,75.06666666666666,103.34718702722712,123.31008974679315,31.79777724711783,49.73972629708131,173.10469423683557,173.2856333104281,134.45578837659332,143.765254852712
2253,75.1,103.06768880330134,123.25387667974753,31.63783748524018,49.74016098693383,173.11789404405965,173.18539203744416,134.54242368282675,143.68693892186946
2254,75.13333333333334,103.44039543051609,123.04644741495491,31.48612756155335,48.938708795752575,172.61349254147842,172.73694868930886,135.9167428514303,144.3209515672256
2255,75.16666666666667,103.53077168850766,123.02439099555625,31.544695548563777,49.07091128355314,172.67914026281025,172.87830407794024,135.68238485428657,144.4125941109688
2256,75.2,103.97583850993563,123.02982788362972,31.782127294653133,49.195415666414085,172.3695396691709,172.59275590303017,136.28627407463267,145.1329994298988
2257,75.23333333333333,104.91314393447766,123.82285700433948,32.7666878757687,51.79737292752802,171.03928421082225,172.93585020249307,138.03016021895306,145.3796193770205
2258,75.26666666666667,105.21559534840257,123.40557315637903,33.25957305970535,51.53749645290863,171.8897488727114,173.23463819078702,136.43959401103558,144.55116986191845
2259,75.3,105.25722736880523,124.03338127620698,34.57261670323645,53.63348203070843,172.70734887245197,173.4730208146508,135.45400014466654,143.79301687758874
2260,75.33333333333333,103.9538523332186,123.31167971435539,33.58157059296026,53.45288061291049,171.5731407808369,173.36186005250795,136.36587426606886,144.46829280134517
2261,75.36666666666666,103.8692172017384,122.61440777304725,34.3824195345168,54.35631153000143,171.5756349092925,173.48411825514856,136.5285781992188,144.53908359769997
2262,75.4,104.95149215111081,120.55652825509783,36.14272404410449,52.65511861054457,173.25271952359554,173.75053210820505,133.97430447563403,144.348531253003
2263,75.43333333333334,105.6202355903369,121.29879384962683,38.15579846947102,55.085263182539904,173.25552381500177,173.70910632442164,132.67672329590644,143.3751581212428
2264,75.46666666666667,107.5630245534089,120.94086649015755,41.47164848040022,56.564198992855765,173.23444709716176,173.6954921338602,132.84132892774363,143.16877662571602
2265,75.5,110.20811680406455,122.76217393497235,44.61424739597731,59.27377992304739,172.17277482967185,173.65558531697346,136.6397210807437,144.88638614595487
2266,75.53333333333333,114.390028955181,123.25044500653588,50.48026427313945,61.98707502744294,173.0598667269594,173.75746126434163,136.35222313880482,144.94187298406104
2267,75.56666666666666,117.91762214861524,122.54475826354295,54.81089189896928,62.55410959361537,173.27323610948778,173.78246684969062,136.0447917891209,144.82497170922582
2268,75.6,121.92793396578634,122.98760217258715,59.578335133337376,64.56681449759475,173.0488840472725,173.53404357501827,134.6323334770724,143.67026668292695
2269,75.63333333333334,118.68874657642961,124.55251505242259,59.172606565995515,66.02007275243251,173.3079800711222,173.77646328205552,136.15292946617822,144.8902940066067
2270,75.66666666666667,118.37287755574378,118.6126079304094,59.89217642012337,64.47900287118773,173.835763750425,173.72621062661494,138.35856631846988,145.2313643772178
2271,75.7,122.08913131021605,118.39857678943169,62.43883500774844,64.6102362245118,173.85926370191254,173.67812508795973,142.44865826563648,146.81434487375589
2272,75.73333333333333,118.7213315506904,117.92188362107395,61.010958939131854,66.15879510928636,172.33009685240484,173.45680549235917,144.02943356413286,147.48529352585584
2273,75.76666666666667,120.76617394620095,121.35064352539446,65.19360019084388,71.06446168277529,171.6518259268771,173.4969725843821,146.20815308356717,147.37933255542083
2274,75.8,123.65422738442562,120.68317220695025,70.51888068174655,75.45594103655647,171.96639517917038,173.372532035298,146.6090275690064,148.7464710404571
2275,75.83333333333333,123.44972925180085,117.78927867354754,78.8731831560532,82.76549554420414,174.11533361768656,173.05227060523504,144.22623328081545,145.3600544660247
2276,75.86666666666666,124.00041827352764,119.46643926791724,83.91785333385913,88.15810182375877,174.5367391188411,172.6686584216451,143.7942891967174,144.53122681829498
2277,75.9,126.64007081530596,120.33627702325337,89.24456393109045,91.339679461583,174.5288359196727,172.69296710840416,144.76162044930516,145.67321868298697
2278,75.93333333333334,124.61319376037085,122.71959918401882,94.26336593773847,96.2092255074154,174.5265231619251,171.47329667307793,144.48906909385866,144.57138438590093
2279,75.96666666666667,123.87665190197177,127.67305985177876,98.61047390610464,103.22694011338533,174.26029773293592,171.54029673325493,145.01823605350216,144.2709938485405
2280,76.0,126.95731664167786,129.62625307649887,102.73767976937803,108.06829027137739,174.41873819803416,170.912359650678,146.95000935489142,145.0540903381182
2281,76.03333333333333,128.3238156598262,134.38331686002223,107.27507698280485,114.755171920222,174.291885148168,170.36728484277913,147.6644908963748,145.23590859039896
2282,76.06666666666666,132.22817209556547,137.08718302090526,113.35706176648002,118.56624917474564,174.21781770098553,169.91450198707534,147.89878933125246,145.02914567213767
2283,76.1,136.65382012423314,138.80589475444978,118.07258097769231,121.23417305415659,173.84674345956583,170.09600844612527,147.62506279097698,144.51460165332955
2284,76.13333333333334,140.14466584344146,140.5978015574831,122.8253494578843,124.62028215332292,173.52200718156118,170.79449267580517,147.6267190185212,143.86395090680708
2285,76.16666666666667,146.25049793204337,140.317435066649,127.65422295739482,126.57689516450175,173.13608058099518,171.77236063780074,144.92670509888634,143.65159963677525
2286,76.2,147.5584836152225,144.62345395284225,131.82417302850263,128.1793318557518,172.5769723560677,172.04301184979633,145.11473299591253,144.1367082821618
2287,76.23333333333333,148.85659741979512,142.0481311457178,133.10818535138642,130.35423990722796,172.43994643810427,172.07717159153935,145.42674520617683,144.2370783152821
2288,76.26666666666667,147.05596026980584,144.26541851543382,136.20449081532152,133.351381624465,172.24995478687032,171.76329594336335,145.81915591260423,144.12522956186933
2289,76.3,148.560035790398,145.1289901155029,137.73738868455362,135.36366888808698,171.57296433758796,171.52854431071225,144.75279665213154,144.50063654732648
2290,76.33333333333333,150.47498513257952,147.9524217111952,139.93321305798054,138.2253187002119,171.3914260133784,172.3880214503861,143.76450873623025,144.61393997342924
2291,76.36666666666666,152.4857497174145,149.73901230249194,141.32083715416823,139.6480465241696,171.43674284168995,172.55347059749266,144.35453183737297,145.0966129901788
2292,76.4,154.96493542930327,152.93554216570678,144.06841902258176,142.626405363262,170.85819625008685,171.37278532355035,143.75230421481183,146.31530062847673
2293,76.43333333333334,156.44489271824287,153.75046593836453,146.39114708568954,143.9691583993,170.453013759483,169.29035626972785,143.3900202129564,147.02550514156906
2294,76.46666666666667,159.41548193437296,154.64293423363293,149.6623424215556,146.01478780373463,168.00860450477242,168.9970116757679,143.6732721131058,146.20127079892134
2295,76.5,160.41071592887852,156.75980613539744,150.08666971810825,147.11099746860643,167.92312820480825,166.59515442405305,143.1831955098779,145.30142897386617
2296,76.53333333333333,158.69704959295905,155.714206185781,150.1362467242929,149.32098864794224,166.9770463324859,164.75715644974403,142.62965725344935,144.9128583735306
2297,76.56666666666666,159.24733596365112,155.7956614117617,150.75980022473126,149.3418655826203,166.17909239323745,164.03840721724163,141.66398570159254,144.20510111052343
2298,76.6,160.60912660280135,158.43151953793912,153.23879961576628,152.56184427775108,166.20243802560103,162.66199767879885,142.427980832371,144.9647971500026
2299,76.63333333333334,159.84560096740827,158.6659567179693,155.15948663089097,152.497738258748,165.5777799818955,160.74541089103147,143.56003788815622,144.8273312356012
2300,76.66666666666667,160.04370496548717,159.89789283101663,156.10652221806535,153.44676460428178,165.2175245359879,161.28155902621046,143.2875801102572,144.61079249142205
2301,76.7,164.02159350363883,161.6021945152056,157.77001257757536,154.44624871490257,162.45305493343167,161.0950411273104,141.11687785115294,142.03970275560548
2302,76.73333333333333,162.88892950264008,162.50419285976187,158.04022179035567,155.83735724477512,162.41050421044605,159.93870198205326,142.35024447881526,142.92311789357362
2303,76.76666666666667,164.6926016300097,163.67014227262777,156.79890049612854,156.35692589550345,163.07687988683878,161.33144851109796,143.28423560851732,142.99447179097052
2304,76.8,166.78529353020613,164.16765944843357,157.32872767832512,158.94517291766823,162.66584614506496,162.9837258219134,143.25034395791562,144.18572379358417
2305,76.83333333333333,167.30733662569145,163.5800270506957,160.02182453030358,159.7319303361597,163.78768690631694,164.10932853031008,143.53907675797882,144.2858968881258
2306,76.86666666666666,170.32885072894467,165.3214695533496,162.14968908258805,160.9701407257261,160.84750521926364,163.2081275348548,141.7548854073783,143.72172311522286
2307,76.9,168.88919419652765,165.77348985468115,162.17047226973366,160.8255032180894,162.06170085448306,163.47768718332975,141.1829740978541,143.43523704857506
2308,76.93333333333334,171.87992793846308,164.6853759923412,160.85074580501504,160.46583054330006,161.67444771853505,164.4795604369044,140.99994577631256,143.25962231973816
2309,76.96666666666667,174.34826486648626,169.4866787314765,161.4718238554734,164.61546134718304,159.6531592644841,165.18554815201833,141.07101388719073,142.21599980362433
2310,77.0,174.43651278288047,169.4068325370312,161.99204361897884,165.68856226962802,160.7014428596794,164.59849865863194,142.39796007975906,143.47723656329688
2311,77.03333333333333,173.4635950308482,171.79895338374237,162.50218603321179,163.33453133532805,160.43804993615103,163.96693136250482,142.2961107551379,142.8423965965705
2312,77.06666666666666,171.4472274060763,169.76326600645655,162.19512426922887,163.51887407546164,160.97362105499994,162.07126661249453,142.16264965097153,142.56879296423764
2313,77.1,179.3043271809007,177.38137088825692,169.2815346300825,173.2452216795672,161.21717908741763,161.39399998748888,147.78836705528806,149.26889342365791
2314,77.13333333333334,176.7527770939098,171.82086825015472,166.2339724713997,172.0418641253965,159.63857271098638,162.80230484854124,144.15511871650995,147.248412956549
2315,77.16666666666667,176.07181518359982,168.13168550053726,162.63910331337567,159.95288223744885,165.45825677477652,163.63322579432594,143.95751500238458,143.94863459389327
2316,77.2,172.57260934844956,166.502848328034,160.37885023862754,157.05649485075497,165.0748350944179,164.16461367269747,142.33268441098267,143.63883650120448
2317,77.23333333333333,170.63817347659963,165.81915912407155,161.45897289353215,156.52745040690047,166.14634847299527,164.95955368153747,143.67671395264483,143.72835601302899
2318,77.26666666666667,175.37516094669058,175.905203617982,170.42594952167022,174.53909554655624,161.66721494122618,163.7250538250294,150.36554709780566,151.22557386541078
2319,77.3,170.53609501199185,167.65357952329825,162.811484553792,158.77936272506028,167.3981884642164,165.32735196412952,146.0661443022347,149.74630350524663
2320,77.33333333333333,172.35985988201102,164.77849040546397,157.03470203779497,155.28866019945067,165.71106312919397,166.389169711656,143.82948093226608,147.13580210454393
2321,77.36666666666666,168.54636001252646,165.2179041416232,159.4696275395791,153.28888974372285,166.98597137583135,167.0411129492553,144.20256270228438,146.69359581801396
2322,77.4,172.5288895876986,162.92858660262976,156.39762308334994,153.7115207633716,167.01919437252414,168.34086237670144,145.5845521861792,144.18861988327376
2323,77.43333333333334,168.04021100110484,163.6382139959296,163.19772338366212,155.45719862681864,166.3340307662875,163.5505763670746,144.72777612578778,143.53187507340328
2324,77.46666666666667,167.26884830741545,163.52237532973777,161.53855259258364,155.32704029021923,167.31243418133482,164.08156563971642,145.27726450283856,143.7332404588367
2325,77.5,167.40622304021255,163.6586640816349,161.3414012022362,155.4913306193545,166.71158280055624,164.20175856322348,145.22482150517922,143.92560622997865
2326,77.53333333333333,171.52939374288675,162.13136391636746,158.79465059462774,155.091859354711,163.57195094933587,164.50682372797976,145.02621941054102,142.49841417156884
2327,77.56666666666666,165.95925444428798,161.87864825645613,161.80634552678004,153.35420379173377,168.091480284221,163.98275957909263,145.08101785718725,143.6828678633449
2328,77.6,162.12690006688132,160.50968264509171,160.461239475134,152.87766567066328,169.42585664668462,164.55473020434783,145.09900444896618,145.56476505779764
2329,77.63333333333334,161.74319341506975,160.72065203634128,159.84605356420815,152.18757539801237,170.82167726174305,165.47536917335415,144.10088378809633,146.10109361020918
2330,77.66666666666667,158.9935374511422,158.93655866196485,158.79187761805412,150.3534429557534,172.17747240412413,166.8375342594407,145.78609819382646,148.16285833472168
2331,77.7,160.12701139671287,159.52864784646835,157.2710498770306,150.70576180977415,170.92959869360857,166.37065657794935,145.3131643377968,147.35658025806669
2332,77.73333333333333,161.88739462688724,159.002729491713,154.49848994967408,146.09131254550678,170.35064639467245,169.20638380189303,144.81455979393405,147.2038344339596
2333,77.76666666666667,161.59173243608447,156.68259218686003,153.35389052337436,145.92596941578586,169.9783718490119,170.07664066901256,144.38338724623063,146.44330263545461
2334,77.8,160.69455015014972,158.34136086201346,151.87355847222108,147.38437310132636,169.30367085596072,169.58873797784733,144.52672213292192,145.79020034550888
2335,77.83333333333333,158.382950860363,156.75949822205058,150.99766179755756,146.36443643529066,171.53416596728232,169.48947951431893,145.15406771326954,146.1243038277387
2336,77.86666666666666,158.38690873922707,156.23041321462298,150.45909327598366,144.1418992542348,171.76121544654032,171.11794249775363,146.20492161487667,146.74244805730922
2337,77.9,158.01714839336995,155.44945834908813,149.14432545458448,143.16783453626726,171.87107675541503,171.3449430557826,146.80896297953456,146.9265505264449
2338,77.93333333333334,158.30704822462434,154.32698288332094,149.03030152022777,143.12200151557823,171.84864131069557,172.21865377140762,147.23246581246758,147.18727995195835
2339,77.96666666666667,157.40810994678375,153.55987826131823,147.7190579517609,142.50071636778412,171.77396519492285,171.5845146001484,147.30432789662314,147.09398050956156
2340,78.0,156.84215402087565,152.82073041889595,144.78488573237095,141.21738109056216,172.4109031266569,172.4760014318866,147.6285717321121,149.36917267784403
2341,78.03333333333333,155.46436670781458,151.23866803472288,145.35889428303867,139.38254384428984,172.62352700495956,172.55670115727034,148.29225626493073,149.71869259253145
2342,78.06666666666666,157.4876247052979,150.49091418549338,139.95403094972772,137.04500426681665,172.7438810349536,173.50729462159714,149.93154435299377,148.98127166608555
2343,78.1,153.74032415372236,149.13788730105088,140.8038282859247,135.2758997934902,172.46190050138188,173.50681380736756,149.11395846630634,150.30208449597498
2344,78.13333333333334,154.20992813408918,147.22678582682897,137.1076412318389,132.48419522110453,171.875504694176,173.3197228793526,149.82510027336008,150.43835213014998
2345,78.16666666666667,154.77099262197171,147.38240129884304,134.75377179522724,131.75899103623044,171.99008816336735,173.6798298374289,150.19116204649944,149.4060117766097
2346,78.2,155.22564922920498,145.94361817856,131.68232605208146,130.12858556554139,172.22177235530572,173.57123266383257,150.2208750221647,147.9619276666661
2347,78.23333333333333,154.724510864999,145.11678209158714,131.0874132618914,129.57352683788838,172.08155171592617,173.75839696737017,148.23501797592897,146.02102105275625
2348,78.26666666666667,152.7235265152018,145.069201766452,131.7229837599412,129.2404981234494,171.64161536027208,173.72460370668713,149.37004056849824,145.77485416007502
2349,78.3,154.5889307734306,146.1229565860435,126.4546270721797,125.6567285002257,171.39401162719028,174.7705413328285,149.8949743655429,144.11882188277355
2350,78.33333333333333,152.67292683929705,146.47387085477334,124.49692110234096,124.89209218442323,171.7023279116548,174.52133198754848,148.79390327021346,143.32004886353565
2351,78.36666666666666,151.95707662995994,143.54882609439235,123.35852548181028,124.43096930381074,172.1030228183451,174.0605821189192,147.7376573832263,143.58206611843843
2352,78.4,156.05727661625775,151.47312819067554,117.5401256131482,114.80627581205852,171.68351224915145,174.24432247363694,150.74663370815966,144.08650316975138
2353,78.43333333333334,153.9035867657273,148.12581919773612,116.88003775220528,115.16129261047998,171.73910620607637,173.6451179344449,149.91948604271604,142.92405549115648
2354,78.46666666666667,150.42734472930422,145.79396155507177,112.65037587488081,113.09558031225244,170.99437906813955,174.415961831957,149.60107325988898,142.7865951617972
2355,78.5,144.75481251978235,144.19689635728568,112.95022025172226,110.7472600837193,170.85463181962032,174.4343025388471,149.27215962721624,143.12205860340504
2356,78.53333333333333,132.82802726886857,144.04870101076932,112.81455307935234,109.20834449329723,170.76855645692234,173.52169079947257,150.2519198325232,143.59984734622222
2357,78.56666666666666,135.0553941785136,145.02462861525495,108.65165648065243,107.36481864613556,169.30230305440568,173.77727447060667,151.8033709661009,144.33685767733778
2358,78.6,126.63701048234147,142.7740822078729,106.16763702282384,106.5230492561954,170.22208941393495,173.27374766055442,151.00766434963543,144.83711718696878
2359,78.63333333333334,118.47794551088403,138.4559986405196,101.64721539841126,104.98366022412593,169.73025768402084,172.28469565693004,151.75796052594495,144.5721565657607
2360,78.66666666666667,121.93418064418067,136.00077171528423,97.90177293911516,103.36830872911092,170.84982507154584,172.01526811957817,150.2177881087643,144.04686170746282
2361,78.7,123.50610184548016,136.1708094105304,95.83813716545572,102.4555319318326,172.07215714382713,171.92058893385223,149.84355735917106,145.3832033179363
2362,78.73333333333333,124.90019638766445,132.66173185977954,94.16595024095997,99.70554740431528,172.2941784221105,172.06638453126035,149.4186567649187,145.06798154977716
2363,78.76666666666667,131.49518013398733,128.04063962374167,92.43238116125099,96.82691459290102,173.5940233250871,172.06041012903836,145.71918251332687,144.364628795897
2364,78.8,133.4711902995354,125.2983933543988,90.63691180085908,92.13020463737267,173.9190456504294,173.13539973244204,143.7214399109146,142.94269484979122
2365,78.83333333333333,133.71278847099845,125.49100983280152,89.43887982395839,90.80078777912831,173.95595856416145,173.06316058782917,142.1222965700976,143.25557256437776
2366,78.86666666666666,134.56959773770055,123.79902644887687,86.20381750654472,88.27225935094859,173.5098060254898,173.26480309796602,143.56468383028232,143.0597834889315
2367,78.9,132.80842719947344,124.21312521198809,83.40500744592556,85.44104866566386,172.85292483067852,173.28245357069264,144.6757448863895,144.01873246274425
2368,78.93333333333334,134.5438016670493,126.05015805825833,80.16607057381883,82.76041256688981,171.7453392995264,173.53786220116416,144.70037886524736,145.35790221028287
2369,78.96666666666667,132.45197303203193,123.70883695271583,78.90558520544114,80.18266027228547,172.8282208394621,173.47232147203366,143.58659405459315,144.84584521498968
2370,79.0,133.01576376933454,127.28632020433542,75.04813399114913,78.13312358871823,172.14544997211263,173.39781904566226,142.16994531772403,144.34691314088928
2371,79.03333333333333,131.41023496352327,127.56528907815043,74.73194318761178,75.4110459342556,172.40882719803872,173.29148359922561,141.86631523505056,143.9657857522787
2372,79.06666666666666,128.8136354244744,126.5596453215947,72.72963402287445,75.10970933812757,171.8681332828996,173.2973894471851,141.86210161064614,144.29462243051765
2373,79.1,127.04767331643063,127.09933388661844,70.59950648395764,74.42684952516292,172.6388152422041,173.16390112632175,141.93634545591414,144.5589512193063
2374,79.13333333333334,127.57489244493259,127.69476605451192,69.0101002758851,73.56233774509809,173.7436244676186,172.96021017071294,141.13897596952646,143.90015440628446
2375,79.16666666666667,126.3528211472303,126.98560686442374,66.7777639666609,70.39759861941384,173.5751450074109,173.08413418235452,142.0393686594007,143.59014975890742
2376,79.2,125.36776898575462,126.30055562728101,64.40266974388783,69.37272920625125,173.7511961459326,173.05526764091533,141.8605727281428,145.0865185144452
2377,79.23333333333333,125.13775229683783,124.22440976014485,62.66106035699396,66.5799675436892,174.46999584636026,173.1005782864888,140.87203963028415,144.58402444548778
2378,79.26666666666667,124.18837875984067,122.99284020310556,60.528878474391526,64.67272748760004,173.75441853443328,173.1245968022033,141.4281579865289,145.65618717936644
2379,79.3,123.2676825063014,122.54560591818498,58.12351294055818,62.79994607708281,173.5114740992393,173.0613884867729,142.44891875086176,146.069339860613
2380,79.33333333333333,121.43311774984593,122.37564478656029,55.93342114070172,62.57716915577223,172.48924895235538,173.07052321756674,142.06408582093212,145.73936815545966
2381,79.36666666666666,120.48557568660473,122.99746964361536,54.37257701506496,61.64213499063441,173.4966483049958,173.12223617802184,141.12012564583418,145.4087173570782
2382,79.4,120.95283519279754,124.52598644200513,54.18340017991738,61.669705503867476,173.2868921410876,173.0670006784406,140.72273326873213,145.53264750268448
2383,79.43333333333334,120.84664507766811,125.26830819146295,54.06316825966559,62.07062773061102,173.13575499765196,173.14153302233677,140.11923669146577,145.4716286884811
2384,79.46666666666667,122.34429389920771,125.9179648337148,54.92347098239853,62.49498512048656,173.34527006127027,173.27311961154825,139.4019229269033,144.327649408947
2385,79.5,120.98838537796068,128.25840049396655,53.80118359076127,64.60754002444871,173.11552046007745,173.39243608965552,138.78931435267003,144.59626342499809
2386,79.53333333333333,119.83369234676363,127.60398012313621,52.75446111092771,65.03599033534623,172.63318471905458,173.38733603854018,140.09552562790253,145.06688034868046
2387,79.56666666666666,120.84757027242759,127.82602954083066,53.16125863571863,64.70696501034561,173.5354693454271,173.47896999863767,138.06299692307243,144.07886245074474
2388,79.6,121.16948161375065,128.5940740108235,53.11109482829028,64.97069383820067,173.56043822072306,173.4505112109652,137.78161628992098,143.89126830449652
2389,79.63333333333334,121.64538884757467,129.88863746672968,53.16728132466526,65.31204710558923,173.55310933733958,173.45093274975767,137.45006084752143,143.89393557601696
2390,79.66666666666667,122.0968282160414,130.36220915575177,53.674962003919006,65.7578862953105,174.0770682651189,173.05030387960858,134.5678697145737,142.4634498420583
2391,79.7,121.98156917375631,129.31254265402103,53.606547672973626,65.28294060109619,173.91948207985163,173.40548438949665,136.03970390067417,143.0994252672797
2392,79.73333333333333,121.29059095842037,130.45518075033485,53.18300511409053,66.84306229985481,173.90516101564788,172.7583656719795,135.8266395173821,142.50873552009722
2393,79.76666666666667,119.24576887792064,129.15936311679522,51.73926628024319,65.57482221159323,172.80932171250268,173.5221220206511,138.62968008296366,143.85553624317004
2394,79.8,119.47087753257024,130.74970567331184,51.892895117229294,67.26903612681942,172.67080792689345,173.34382801022068,138.108437412554,143.2137236757375
2395,79.83333333333333,119.88812173238857,129.7791153024627,51.92959873308699,66.46487635641428,172.66650501740818,173.51752935511658,137.5424933459036,142.8981338471004
2396,79.86666666666666,121.30348742286071,129.42379407516975,52.750657474311694,66.11798562169949,172.78963180397065,173.5584552846917,137.63789537281812,142.9442367263662
2397,79.9,121.74352407704225,129.2355831609411,53.128448430327325,66.15703882327723,173.71847511315835,173.08717615373513,135.75034438057853,142.28609548242738
2398,79.93333333333334,122.1067645047045,129.47362703047276,52.95245827720458,64.65721340420374,173.6064154386995,173.6407185560478,136.10250165937384,142.77378533671236
2399,79.96666666666667,122.09977916437687,129.4486774469926,53.494780946242784,65.66414084790293,173.263133897452,173.66207259151733,136.9906041150062,143.3450053439585
2400,80.0,120.59332252680879,128.9542010666143,52.99127747957256,65.71246201551698,172.32872137239875,173.79878904890046,139.71343517501964,144.9394568954539
2401,80.03333333333333,122.6950243774724,129.18384920775398,55.146684160733116,66.29560030130772,173.18450451163704,173.8313002032131,139.44686913764141,144.91896551456998
2402,80.06666666666666,120.58417975482584,128.31529217901706,53.552094368760244,66.12706962708904,172.44168991478853,173.96510979372022,140.29150271317258,145.78865236414885
2403,80.1,120.17274893861301,127.58632202332804,53.09326266350138,64.23397911835914,173.1852873158648,173.7213195310342,139.83047427554047,146.73464066495524
2404,80.13333333333334,120.7211252440823,128.39100037435063,53.143500519411056,63.86736306467399,173.09713802118287,173.33916650307913,139.70784317894075,146.81968694234982
2405,80.16666666666667,120.33774407057572,128.45151228579053,52.734011684890255,63.54545903633216,173.00328591913276,173.17619785899953,140.1225178520638,147.05442936231947
2406,80.2,120.74371841083102,129.1891844031256,52.856497934805624,63.35642390455806,173.56520073000263,173.09123353426943,139.41325342312604,147.40240188973465
2407,80.23333333333333,120.19326815214329,128.29075195289306,52.6480187330047,63.103234141673475,173.53218560095337,173.19859514587296,139.29731282377924,147.26375479092647
2408,80.26666666666667,120.0313077021106,127.938838271,52.22070048825358,62.335656007790426,173.10270497091832,173.07317786225127,139.4177574006935,147.54665057262466
2409,80.3,119.89085837979746,127.90500347750262,52.299335336095545,62.434208632906,172.95611120344282,173.10696790568346,139.75456779672686,147.71196382490515
2410,80.33333333333333,119.79938414662284,127.76280056485889,52.013130330198486,62.28900289680188,172.86616898359517,173.13205965240988,139.64583930809084,147.57064951368596
2411,80.36666666666666,119.74539084706568,128.20778283218482,51.89887447844872,62.51693068743955,173.055523322324,173.21983661427473,139.36899256253346,147.0914588516404
2412,80.4,119.3064021362987,127.13000273633145,51.76777194621037,61.53610922321555,173.24757757585346,173.1402685899973,139.16111994153286,146.92085512005966
2413,80.43333333333334,121.89284969099671,128.53450139253914,55.56030490358282,66.35915902463248,173.7724911379833,173.85142401854904,138.83702628036121,145.93996562870805
2414,80.46666666666667,122.16653255612977,128.65017491714318,55.277968540976644,63.3258039126605,174.46588121996803,173.35895415382035,137.01854015594532,145.76237514555572
2415,80.5,121.99238687608891,129.1536320759673,55.35365790858059,65.31785242670821,173.3770664415841,173.6523448742381,138.35376447751617,146.11310522320795
2416,80.53333333333333,122.92400239069036,129.40024650520033,56.55514599503926,65.44139352910416,173.76843148101707,173.80021573308218,138.18864715778858,144.70933457351208
2417,80.56666666666666,122.32606257431907,128.813204918911,56.1756202936411,65.50422273280685,173.82573715372178,173.89031648053745,138.01030054568983,144.63130388023694
2418,80.6,121.95883420751991,128.919103254876,56.21774889183559,66.65284830854547,173.51636351692866,173.95319249337078,138.81257049078405,145.54868797605326
2419,80.63333333333334,121.62882418301527,129.29391471101818,56.304408669893945,66.89579433625231,173.78174598455112,173.92907195308146,138.77739097481674,145.50633710837792
2420,80.66666666666667,121.24639652379499,128.09872270000858,56.35738117338471,64.3967091134255,174.23000316885447,173.75559032134754,139.51088361230933,146.7039259010236
2421,80.7,122.4319666761198,128.39352004975865,57.00323794097404,65.47221055791569,174.45833554654487,173.89242558427546,137.66972312533989,145.34622849149383
2422,80.73333333333333,124.1318215204114,128.78267810410188,58.10676387017164,65.28070991508292,174.36890340256056,173.74182167518333,137.78171822674855,144.96231353269704
2423,80.76666666666667,123.59699122020616,127.65534966189531,58.127337529681434,64.46286158771724,174.35627396254733,173.5657942641019,138.46633526233848,145.95557649074425
2424,80.8,123.58106480188927,127.60439301361951,58.59327659375242,64.44520238810367,174.5502919782133,173.35074204724637,138.31805715898446,145.55066454589473
2425,80.83333333333333,125.43336651725973,127.99568822137701,62.69521398979896,68.25044875488096,174.64847569227385,173.9465447161947,138.27822822177419,143.64344146133828
2426,80.86666666666666,124.83793422254486,129.38960206111915,63.510011147914796,71.56186976781933,174.7862027992308,173.8789971062106,140.43953753108408,143.71402721159404
2427,80.9,125.25402164212927,129.03919641214728,67.0448961396254,77.59117303163757,173.46868980263434,172.99770180645706,144.62955036225839,145.52080610237908
2428,80.93333333333334,124.25027647452553,126.75862405078672,70.74182024399391,80.23519358355902,174.48768509719287,172.97691080057783,144.33912146810277,144.76060009811593
2429,80.96666666666667,124.53479531840728,125.45596594773912,79.7980066418461,85.71455896273932,174.36923950986383,172.88620669327315,142.72706943914764,144.30791997732945
2430,81.0,127.52086081830848,126.60226772270217,84.75529151419875,90.88897487461705,174.43609211966742,171.83730905588604,143.67466983110057,144.42908320379053
2431,81.03333333333333,128.76123726698614,127.38613714126701,88.88781036712153,95.16505736411783,174.96721867914152,171.02252479318975,146.27964750975082,144.73337033683555
2432,81.06666666666666,129.18949931824878,129.2762005404577,92.91247130310522,100.53003993981109,175.08003358455844,169.9047808986343,147.4903125834488,145.0355642776558
2433,81.1,128.05991234067625,130.18349535666138,95.18617520148032,102.99188589796893,175.08845996981995,170.2445446814561,146.25107522974932,144.69797268590702
2434,81.13333333333334,127.42488249116737,132.26771509104043,98.6459028777092,109.48139521095104,174.27502576207382,170.72452443069113,148.90131853982697,146.12057927081955
2435,81.16666666666667,130.1817913251492,136.39232826687913,104.2228414725719,112.16889900308973,174.87518868235205,170.83298805565212,148.20000184644059,146.59456062332032
2436,81.2,130.17539742354884,137.20960037282924,107.79490288824219,114.20617357441077,174.5964283781944,171.54995889197693,146.5231655676552,145.25019886010756
2437,81.23333333333333,135.4804981154239,138.2491126822368,112.57633783575378,117.66012323927303,173.80159778786103,170.50221629322044,145.65033925688277,144.87789196758033
2438,81.26666666666667,139.89354573015262,140.16731537348934,117.5462311846114,120.79653410957923,174.2081693621698,170.14817807975186,147.7675854838671,144.2410108298671
2439,81.3,141.24246057753513,139.1218496200096,120.71757369201926,122.5509849263941,174.05583735961844,169.95081691743698,147.7139438015548,143.613412320025
2440,81.33333333333333,141.81773774548918,138.23488018497872,125.04447259588295,125.74809914726852,173.7845114974054,168.92845385551828,146.47056012325032,142.9419147724774
2441,81.36666666666666,142.91413918848312,137.76926194833425,127.19242975971929,128.33279530647886,173.268808110914,167.7487721254788,143.0720105901506,142.04277092862418
2442,81.4,144.04972521592296,141.00744113026423,128.98365556295457,130.60262096323092,173.1284543848726,167.97804829125158,142.62306059831266,141.985571574823
2443,81.43333333333334,146.66160979572143,140.75905412516218,129.13646998286356,129.92555284542345,172.319025119035,172.57235960982666,142.99640167722163,142.38103413695822
2444,81.46666666666667,146.81633589788217,142.6822555013869,133.88537012834115,132.49387640775367,171.84640427448758,172.1957950835461,144.50850610571985,142.91388214546487
2445,81.5,146.840520072993,144.9486701982234,137.4687055069012,136.3125643719752,172.07288539078945,171.2761218392362,148.00446522317753,144.63039074067245
2446,81.53333333333333,148.48650641853484,146.35983221818296,138.7646973370111,136.77148389094927,171.6592516985794,172.4892375612458,146.48175725161732,145.70651838752528
2447,81.56666666666666,148.24987393075023,147.90175115664542,139.31818648361718,139.5725044269032,170.41549625607223,172.66650343256123,144.09758952392238,145.89627885425193
2448,81.6,149.07830166104247,147.81014730138057,140.3137886393155,141.65992482802824,170.32291813371356,171.83947404618382,143.88811164139182,146.4674753228468
2449,81.63333333333334,151.10260778309365,149.3207135497137,141.35135178182153,141.82857588047537,170.75852085172005,171.85380413193255,144.7034245837679,147.1419904691893
2450,81.66666666666667,152.46149116737584,150.64498689853534,142.92328107977087,142.09438177320195,170.68458485276122,171.33735777818794,144.96924028676318,147.28805818332611
2451,81.7,153.32425142642816,151.84389499824798,143.9734058455239,143.5268152503827,170.50729116306377,170.11981706432377,144.96218311610525,146.56179355133585
2452,81.73333333333333,154.0662139425488,152.66278292261796,145.32829500405265,145.2818290827321,170.0838339126766,170.22003500616813,144.4355880324379,146.1222295426114
2453,81.76666666666667,154.14706634237763,153.52392857458543,146.28388783991065,147.01273942263006,169.70006459163426,169.3058398589701,144.0806659876005,145.04749052660972
2454,81.8,154.98800705562218,153.67171248628836,147.61529180211295,146.89156564751514,169.98651982672945,168.89243014361296,144.18282587572972,145.51668649056575
2455,81.83333333333333,156.91278328979226,153.6793197810855,150.01131161639378,147.7832537659712,168.12058835052957,168.3354117255726,144.6237856714936,144.71007724773474
2456,81.86666666666666,155.73451113540048,153.86769533369366,152.79172924301855,147.79103324087518,169.63407457662882,167.40530636248332,144.87134546135007,145.42269884477864
2457,81.9,156.67120993391524,154.0613964098734,154.38905559287878,150.47164786902496,169.2024737397928,165.11165554512831,143.7947842302566,144.50411670485164
2458,81.93333333333334,156.58283685626714,156.23428381329282,154.87926128620506,151.00730996715885,169.64085515167145,165.93736634996978,144.77186134420012,145.34749297266276
2459,81.96666666666667,158.30555615836883,156.4066107190401,156.3121998591054,151.9616397414935,167.0004647908644,163.71159178737926,144.62615179253282,144.22727817324434
2460,82.0,159.00223831506537,157.30338247566894,157.42265613687368,153.87378111985046,167.4881568989356,163.5000042076334,145.3519311417114,144.7890046688498
2461,82.03333333333333,163.98840471605462,158.3336937470997,160.99202629253375,155.13323595395178,165.47289712490212,162.51613437540846,145.00132530880578,143.1358668689655
2462,82.06666666666666,163.52316624031067,159.74872273153252,160.97267483392608,155.75993224930366,163.92121416632475,162.19087486213323,142.94125825909634,142.5892062172019
2463,82.1,162.88770632413534,159.88673541815655,161.13707226251458,156.73759124421233,163.45572569601998,160.4016770306146,142.0281933612521,142.66940097914426
2464,82.13333333333334,166.44649332280437,171.7318351664999,161.66417839869197,164.16351212762314,161.07759867517328,161.65604348268735,141.47531024389875,141.37139973859988
2465,82.16666666666667,167.09575821347048,168.4202634640021,162.45942825137143,163.7315925608249,161.02274778644585,163.2923661408175,139.30750180863578,142.7843278482633
2466,82.2,167.17544969507898,167.68232794027688,162.70172034368395,162.42573675147867,161.7401496356131,162.7258777893784,140.39291391204966,142.52889711122884
2467,82.23333333333333,168.66976665361676,166.4429687620948,164.49368171696378,161.87980735101104,161.00278501396232,160.66349826602521,141.01645270954205,142.32550227248274
2468,82.26666666666667,170.56507183923893,164.40800681736576,163.0467552876168,161.71134966910276,157.1808998471685,161.5851516876655,138.34913944630642,141.1994729442678
2469,82.3,170.36393113007816,170.01628968923885,163.5876658709072,165.66033635638541,157.57206763457054,161.6003035563056,138.9364314420322,141.10247692869737
2470,82.33333333333333,170.48596255434938,168.9003581653763,164.04310897276255,164.8096619256992,158.58584549334583,161.50370135852617,140.49214787785456,141.59553176501956
2471,82.36666666666666,169.89180827983182,166.64551719530473,163.97800204778378,163.62236358157767,159.2988328928251,160.27606914484562,140.84011559268416,141.80241461661555
2472,82.4,169.37331855935483,165.7612463087942,164.71512183195253,164.98533501341043,161.66998195724474,159.02969952141873,142.30025536136276,142.0058707982492
2473,82.43333333333334,172.06218330140936,166.23395192949,165.05095305397197,167.2964092419258,157.60808118758624,160.5390111069417,140.19569033392386,141.30085450179334
2474,82.46666666666667,172.27774978757532,166.69587199712575,164.46972559820452,168.31377112272835,156.97079132369427,161.07477482216396,140.48279293878747,141.26115716256746
2475,82.5,172.189525721236,169.56315222857307,164.30960180102656,167.46653941857167,157.00957849246848,162.93554095533113,140.89411704417392,142.04947241911492
2476,82.53333333333333,171.7444266194071,169.5884494909593,164.28043820139203,167.2853329472952,157.7199429659414,162.7754001642564,140.68591073140118,142.44769258057687
2477,82.56666666666666,172.67130967626173,166.94049089724837,163.09633680706787,162.44116820189782,161.67607962084952,162.4617185742382,142.65043275067248,141.99279711565828
2478,82.6,172.76622094191234,170.46606806030354,163.5226345844257,163.5999052107091,161.36592475565823,161.09783044936702,142.46084358227378,141.11717872105808
2479,82.63333333333334,172.54029836683458,165.38991191881402,164.2096090603766,161.46114231939046,163.4437341710766,161.6248295507092,143.11516342488474,140.28360562789445
2480,82.66666666666667,170.65811463583452,163.70826468041713,164.04335465124367,159.49527692430374,164.7278141397996,162.9205200994882,143.119724614698,141.4605615292351
2481,82.7,168.33821672603264,163.07203086133276,164.87183282456792,159.12280175254716,166.11917825524293,163.08832349365747,143.3166852519538,142.9334952444147
2482,82.73333333333333,167.80613702801438,161.89396685985585,163.44959144066624,157.5721289455045,167.27889417875886,164.51790809071227,144.250440163861,143.5049721807448
2483,82.76666666666667,165.8121640883031,160.68461908040177,162.71816926893035,156.43651099731355,166.4853937270139,165.14144365082456,143.99343034803758,143.49876057892192
2484,82.8,165.63832419703502,160.5131615950969,160.50381699937185,155.1572278492471,167.58692411816708,167.2173470668849,145.1803638907582,144.22232419941344
2485,82.83333333333333,162.22950229113937,159.11850883352733,158.64370249120208,152.43188724912457,167.9459119819105,164.10266038014518,143.70622311129958,144.16731587299228
2486,82.86666666666666,162.11673720182384,158.18665546444706,156.03092008359476,152.4429334340327,168.3330978236975,164.25607085375384,144.44330795666713,144.11311618954105
2487,82.9,161.5142624732128,158.6182724998521,152.98803770652427,150.35608712888734,169.811649721331,165.71159537646034,146.0854885711245,144.1817137726665
2488,82.93333333333334,157.82534735155696,155.1051873250587,150.2575181250111,146.8484872752908,172.44852808685962,166.60828472427085,146.38647161669303,144.69396789611667
2489,82.96666666666667,158.74502476597684,154.22140445592368,147.52921270275033,143.94696961668893,171.13606814320323,169.65165803875271,146.36600062787073,144.42023897778657
2490,83.0,155.38107546966887,152.85658198447481,145.5867979739009,144.87749944809832,170.5416472775574,170.69094067034797,145.71890648140118,144.6763227903272
2491,83.03333333333333,154.8433616004446,152.3484931984888,143.22745961991333,142.77849761944208,171.12628061826584,171.08972157027574,145.71886356575845,144.76603641227766
2492,83.06666666666666,153.89648238338796,151.9610069888794,141.2747509666493,141.39482417692253,171.61353044798062,173.67009911333733,146.51049289830937,145.82784200901344
2493,83.1,152.3293148334129,147.62066451073352,138.5904741607876,137.70687374952527,171.9086042819469,173.41254291182284,144.83892404532133,147.01480552119807
2494,83.13333333333334,152.74736382312093,146.55721979776095,138.55041427649496,135.36361705950026,171.66190300409178,173.12389290451532,148.0279480504506,146.6235690791086
2495,83.16666666666667,150.8535901722124,145.23447755841994,136.74206555883006,133.43040819176113,171.36085432732378,172.28678044038395,146.6827418923263,145.8402977262876
2496,83.2,149.82410452577912,143.34448594706035,134.13782200266542,130.83075395756296,171.48200323799009,173.0139587639119,147.056630140673,146.99727887427187
2497,83.23333333333333,148.10942902381277,144.07803792817225,130.9115053064449,126.89458972662086,171.58540964033867,174.15333824924252,147.82565736936226,146.03327305786362
2498,83.26666666666667,147.64705878451664,144.92886102082727,127.55528429272984,125.65940138430288,171.3017469452522,173.74612624676422,148.16499675021333,146.06884935960545
2499,83.3,147.8626789365643,144.7637703812159,127.09493796809015,123.48517969724115,171.6670158424568,174.322966330449,148.57632975454501,146.65026483015032
2500,83.33333333333333,150.93047787886061,145.526119649965,120.71084453555879,123.65379627270734,171.5326886360845,174.206206624468,146.60276844278275,144.4337178927856
2501,83.36666666666666,148.8726062776025,143.50226248565144,120.10282135343107,121.68947658721464,171.6225701191226,173.2871718171431,145.58879728418572,142.55735696658763
2502,83.4,152.95452915419347,148.26373128118468,116.88588632393588,116.2627886318206,171.96013544352056,170.83751623880332,144.55589578222745,141.93908861713908
2503,83.43333333333334,150.6197755431656,145.57109649490124,116.82316325582217,117.27035376919964,172.0771787695144,171.47932096455253,145.0932173720963,143.29363662822843
2504,83.46666666666667,149.733487998938,145.0261832584234,115.55603228063491,115.8410671495145,172.2418445206441,170.40550670819326,145.13935887905808,142.33761778634678
2505,83.5,144.72771721378402,142.4449728919996,110.68466680159814,115.04440246847705,171.9830628362174,170.93015090634688,147.4997377038221,143.4655277119113
2506,83.53333333333333,141.29638959797973,140.88655025935162,108.21374224105989,112.39634764048054,171.3161492069879,170.7908957985894,147.1759511316122,142.86634778098994
2507,83.56666666666666,140.78860393413436,139.80626412193607,106.50392110786133,109.77864889216494,171.811725508071,170.9778396577496,147.4680362484634,142.74045099313574
2508,83.6,139.98063363782876,138.80036554754108,105.05247912161907,108.28860473089843,172.56750609556855,170.84705952248424,146.02692620048472,142.4302728882269
2509,83.63333333333334,133.26906070644546,136.83203756651918,104.74547047214404,108.32742455783311,172.31019349959698,169.93140885034558,146.85235873246194,142.75289261048582
2510,83.66666666666667,129.10219468076352,138.22821479653533,103.03017417300252,107.06936959973484,171.45905157498208,171.10041688435027,149.34699179370477,143.4225111070975
2511,83.7,129.06926772474375,136.58806125328846,99.55298212183435,105.42742648789084,171.71855864571754,171.40915565461702,148.15585272318313,144.44396943759043
2512,83.73333333333333,130.27293615045144,135.34834874889575,97.01883295553523,104.57790973241596,172.47901039063646,171.39599076396215,147.59771230599168,143.90804516273354
2513,83.76666666666667,129.20433023983875,134.85997083402688,95.59796197887556,104.06198772045207,173.07903020054445,170.48184616594108,145.97919227573544,143.0488834059248
2514,83.8,130.19883562192075,134.53445580452055,93.8413245863854,102.67332919410882,173.42609907552549,170.4027241119015,145.46518141320746,142.94650660099964
2515,83.83333333333333,128.68651842918538,132.8217294114086,91.91191598646647,99.78398495611901,173.23886764435056,170.83506551325533,146.79177198840492,143.90009692878584
2516,83.86666666666666,127.70570761270139,130.70087731847073,88.90675856994285,96.13999655143259,173.7409086906701,171.57479141252796,144.087644006506,142.66176888109064
2517,83.9,133.2414487872984,129.3852650948042,88.482649258958,95.24220534898376,173.6590826010624,171.3145114477757,143.24603371416177,141.63184108244613
2518,83.93333333333334,133.73004629650026,129.45514954153,87.35294224388676,92.86025011643687,173.68863091036474,172.11853155130794,142.46778375370113,141.49773297019652
2519,83.96666666666667,132.68966897842662,129.33960474473238,84.38004341772742,90.25398212741705,173.86265404704,172.9506517633168,142.23060558473873,141.74684312937947
2520,84.0,131.4075137581887,128.52215837340196,80.75230883742638,87.57967204189637,173.46070920437293,173.44400831602044,142.08831894163484,141.98144879455643
2521,84.03333333333333,130.27626669913315,129.60651022910085,78.71966716846529,86.52705762007534,172.53079603709406,173.4818258915015,143.12058891877476,142.3661994789143
2522,84.06666666666666,129.90514950041927,129.74277712101627,78.76186726271784,84.95567768675983,173.0415739083275,173.62025267588157,142.23733058455687,142.3489156518878
2523,84.1,129.40697935086578,130.4376934276769,77.66877971141793,83.66578896277615,173.12785118433695,173.71775885566754,141.78992762754967,142.26161084135552
2524,84.13333333333334,129.34403314631277,132.40941801096642,74.87787634142794,82.18770615887917,171.71083962987433,173.38021776517755,142.917535436991,144.27417464775706
2525,84.16666666666667,126.80698869982564,132.7354858333593,70.97168262346416,80.2631683311453,170.610344531222,173.08377604258365,144.26993418506746,146.08944563465562
2526,84.2,126.17855588979307,130.7555316848786,70.65560142953413,79.74385478296225,171.1297702601542,173.22484432249925,143.728042298809,145.65033772095106
2527,84.23333333333333,124.38147404867813,128.85762924883815,68.13893583162613,76.13364191691463,170.82702256505982,172.62431538091042,144.3667317343004,146.45048439327752
2528,84.26666666666667,124.22721585216557,129.133478752625,67.38472837671337,75.84638290227025,171.05874515603963,172.85329148849013,143.77132298432153,146.15569833182698
2529,84.3,124.71706734452995,130.44964644884394,66.80504923676823,74.65299514494161,171.96534134436408,172.52082518739715,142.83499805257333,146.6268110701346
2530,84.33333333333333,124.39557692966908,128.00103940765646,66.70572128655506,73.6465680588541,172.2877458422907,172.47960307739893,142.85505426461862,146.42277537462726
2531,84.36666666666666,123.76538846985028,128.32582233720328,65.51255192505,73.67424923961006,172.1157169462029,172.66720214713172,142.16194081060274,146.56868035256397
2532,84.4,124.216330197679,127.40563260448998,66.45200420277021,73.96617223728137,172.25071370230907,172.92706368248778,142.69451756268083,145.65033665213912
2533,84.43333333333334,123.86648289878917,125.18862512267773,66.0794166558356,72.07477411381775,172.26930985248703,172.81792770820604,142.42606857669452,145.34245590738533
2534,84.46666666666667,123.77858597023422,124.86141510947418,65.30206544167226,71.38268438871228,172.23345674916663,173.06989393377467,141.41657838165523,144.13979672601081
2535,84.5,125.80920792288349,126.48631637093133,66.03379239726863,71.73946907345461,171.39548127537213,172.19667947000352,141.89811024335802,145.7795646191719
2536,84.53333333333333,126.62843255969841,126.98522213374883,65.26924970518719,71.5569804416567,170.66386587383727,172.53636219437075,142.391903344836,145.57891661804666
2537,84.56666666666666,127.28296764658654,128.5598273824013,65.27996094849378,71.25430170329483,170.66645001686,171.91787534884583,142.75446066304602,145.9899091629465
2538,84.6,127.48164341586988,128.12648062071042,64.96826846976617,70.60046475632693,170.72216274464145,172.01875445821733,142.5659209492942,145.17550433339505
2539,84.63333333333334,126.63625454500307,130.82276294935176,64.41545002910449,71.18371720665297,170.4689303865654,171.80246295076287,143.15450240749792,145.51139056758873
2540,84.66666666666667,126.28981731030346,130.3138578944182,64.25567151626352,72.12813633463061,168.89344552882523,172.13278712012425,144.79172823594553,146.0728892767491
2541,84.7,125.29087232094713,128.37021240033013,63.62929403344405,71.05699129443634,170.82499051522097,172.80380586470534,142.49260544757064,144.46701873672234
2542,84.73333333333333,125.15298550864382,128.61341741176082,63.52749857872367,70.94939156307078,170.89810329906763,172.6620521131286,143.20354016376206,144.91658012696692
2543,84.76666666666667,124.6300272156299,127.64265699995941,63.70737569036832,70.33457006528171,171.30486396927208,172.34378799862884,143.22534551753094,145.57787518735748
2544,84.8,125.1675094102711,126.97110081523567,62.760628459231796,68.7087924515473,171.64265418801384,172.16053270393127,142.59879245734402,146.02896497393888
2545,84.83333333333333,124.74153863877201,127.03899092586065,62.30543301614663,67.80761361330556,171.4823622712704,171.67778664386654,144.11997587168025,146.77741252987735
2546,84.86666666666666,124.24078238365641,127.33833027154989,61.12853414359845,68.03326811491269,170.40691644602083,171.71506905939177,144.1620740029097,148.054576009417
2547,84.9,124.68734036793887,126.83490303280226,61.256832337687655,68.33105210589214,170.08979414918366,172.06449516239593,144.4579248149964,147.00267026297053
2548,84.93333333333334,124.18134527059814,127.0991788961944,61.43947373467108,68.69155524093928,170.20295109665028,172.08057438377685,143.80190272948806,146.43836470996038
2549,84.96666666666667,123.90299918567783,127.10242295616742,61.63147470255142,69.75179392816233,170.3627654196144,172.50965043650103,142.7559618764261,145.076608228279
2550,85.0,123.58958826705982,127.41863324463911,61.981612421877465,71.03367927408286,170.6595834192251,172.85944009589232,142.2138945444293,145.0725979494958
2551,85.03333333333333,123.19441654448723,127.12575642771498,62.2306352174611,71.75191686676968,170.58409881783624,172.8705091561347,142.4302641615371,145.11722505526367
2552,85.06666666666666,124.16198790276803,128.3388775113679,63.64961486940054,73.40164012292226,170.5641478618112,172.91033616756545,142.74110254282803,145.1444372348869
2553,85.1,125.29176568056538,128.6889558478254,66.99775081922706,74.82323227264446,172.16727887363928,172.75182552406073,143.54892979989967,145.75682823475367
2554,85.13333333333334,125.82543147703919,126.94112881922669,69.9613458268477,77.44672473874583,172.03214983254722,173.30791861993367,143.6929292309042,144.87496075613976
2555,85.16666666666667,125.99363366155453,124.4933058529702,74.75698793364496,79.66474653687256,172.56067320176177,173.34871717342526,145.3620224038424,145.49175737579148
2556,85.2,124.30053808200695,123.90807285282649,79.20144831866709,82.60999705396728,173.85987210379486,173.27406338419135,144.73409526272368,145.192596738046
2557,85.23333333333333,127.01848145521696,126.17052973661724,83.09182768298294,85.39037656945708,174.06961078109197,173.2674211189507,144.87640864472655,145.26818662055157
2558,85.26666666666667,128.93817446798877,128.5742937001901,88.37698692565773,89.81490632238918,174.8738118665411,172.42085641307668,144.9474184271729,144.2378066242258
2559,85.3,126.79498794975729,127.5793397358964,90.1509055605916,93.30848786080755,174.26670757408436,170.785015544829,144.7044301913354,144.37479517867123
2560,85.33333333333333,127.24065378099677,127.79982027530379,91.12409332639761,95.1996706486864,174.98867290191876,170.87538879434743,146.18499143605237,144.16625241477954
2561,85.36666666666666,128.22788674978278,129.305637678577,92.30927674392392,98.33516876623169,175.07599225396956,170.35152246742516,146.46450763068643,144.5684153955204
2562,85.4,130.7508796774271,130.50088952351632,95.54069045462329,99.8474643338103,175.10144988915704,170.67177867826027,146.01054780997808,144.09054317988063
2563,85.43333333333334,130.70997415339338,129.941683338605,99.49617440978187,104.64124481711953,175.11673654127645,168.92224906702438,146.60701224443213,145.31572543677692
2564,85.46666666666667,132.22047992575818,132.6266298525681,103.83142391351018,106.95936479989426,174.8218229675956,169.6058195017339,146.37263706455866,145.16355456249318
2565,85.5,133.95133375626833,135.2016099075181,109.02185684536202,112.34637956083391,174.7924414335055,168.80378144287062,147.45837916624785,145.06039209690553
2566,85.53333333333333,136.48576241365834,136.221096419571,115.18852260966902,116.43200260288967,174.42314858994328,170.00845936104045,149.03629078720587,147.1236632538959
2567,85.56666666666666,140.57469998683854,138.7186685938892,122.6345675040806,118.09479787386604,173.9471984535162,170.72193452580723,145.4186413437129,146.54133199080798
2568,85.6,142.09907025825112,134.83860490217077,126.54645026351554,122.08163407172493,173.36684803156203,171.22801247581387,147.11792859603213,145.0383378129285
2569,85.63333333333334,142.38875592123998,134.4994612628214,128.41282033494238,125.54346051725216,172.5680254532406,169.93608101186285,142.6720904162602,143.92938515116006
2570,85.66666666666667,146.61653046587378,138.0626994358427,131.81785698407856,126.04199011648197,171.98897052897408,172.00271522097555,142.98486100065332,143.77266092480286
2571,85.7,147.0878894270669,139.01788345998486,135.22166942726625,129.74453915254296,171.07721419407875,172.36998390055558,142.558343095514,144.03903660042323
2572,85.73333333333333,146.8504938900583,140.46853205393438,137.19691512347268,129.75066999586915,170.1410902969422,173.69763613447532,146.109695620356,151.56360627552687
2573,85.76666666666667,149.20240349026736,142.21457739477975,136.8393334771087,130.79888218554248,170.91323874351835,171.95545280495517,146.19613287062202,149.1790749455042
2574,85.8,150.58249342428016,143.52733602477707,140.1746059373572,133.18017923508654,171.28843982418974,171.32905320004443,145.79521236642483,149.12342469786003
2575,85.83333333333333,152.28598510829974,146.78965318867165,142.1828848665505,134.44509951058086,171.42513470629476,171.59949070815424,145.74823045477027,148.1483304096318
2576,85.86666666666666,153.84561651332697,147.58231020951922,144.29377463257933,138.10640378020886,170.52896854870562,172.07819466412684,144.8912616174807,148.30951380083297
2577,85.9,155.57093257741144,149.48274394669173,147.2355167797706,141.02001462097454,170.27613413006458,170.61556393342804,144.70877700824622,146.34775041084686
2578,85.93333333333334,155.44377623716733,150.24029237059196,147.4809183190137,141.9439429847402,170.68722824488623,170.7745871519128,144.85005831354047,146.5850786872064
2579,85.96666666666667,156.58779340321527,148.52373116967922,149.6550266611908,143.32340510006512,170.82273689119918,168.68988276563064,144.03491455313033,146.18578624685765
2580,86.0,157.3170793048841,149.78712544054952,151.65433850911836,144.17757134605492,170.9409766119685,169.11651879975858,144.8264896362961,146.16287716761806
2581,86.03333333333333,156.5760930109162,148.13855428172516,152.8918317948902,144.71013251928392,170.12052031394356,166.0924489279572,143.5903770909544,143.93891720541956
2582,86.06666666666666,158.85179259027836,150.02450851480285,153.5248184280195,145.8417074497138,167.86509155499562,165.53974280463305,142.95851442457408,143.0024242988293
2583,86.1,159.9631836178918,151.39447288409744,155.19942764702643,148.2444411007861,169.26387504892358,164.66658187962656,144.22711674153044,141.95716341589727
2584,86.13333333333334,160.58827325826488,152.07663140905112,155.74087452502445,149.37244694062832,170.13776576718715,165.05303537289956,144.1521008029757,141.9717543844642
2585,86.16666666666667,164.60924160306513,154.4563031724434,157.2631845158208,150.93891337026963,166.31809512915834,164.3299813903473,142.56182368884078,141.3854467312931
2586,86.2,166.12029244162332,156.13845474417406,156.54658172852186,151.50097331494118,163.02585520359597,163.236183814181,140.19182567855202,140.6609763450897
2587,86.23333333333333,168.9237438669622,158.73289160396286,159.78176561182295,154.21986795339552,162.76240014051746,163.04185986334164,140.97052928528987,140.62566105057863
2588,86.26666666666667,169.4049294269028,159.75225214057937,160.67467965826123,157.21777233740437,159.72147576077748,160.83395346315277,141.0282184852078,139.2840090997571
2589,86.3,169.0064124839947,159.58038071306288,161.9351579921311,157.66244053061217,160.53180971562895,161.3843650842717,141.09289975657597,140.03100718161636
2590,86.33333333333333,166.4616221813337,166.15539851170504,162.13344093953935,166.30658622071172,157.31080733359175,164.93249427531646,142.77454758666255,140.83395553268312
2591,86.36666666666666,169.62668810845656,164.927455214197,162.38060610994592,164.0461857453904,158.96026606999695,161.86315303914347,141.72455447054912,140.5232098152894
2592,86.4,170.34025764053476,156.57555724632763,169.7210331231783,169.69302530754646,156.37706531527272,166.09485949948515,149.9507810597988,150.33627418356588
2593,86.43333333333334,168.50593923644118,160.36280845707708,164.04806215902823,163.12451410725325,162.5961647577383,159.29589681068742,150.09067546643396,143.24623863359952
2594,86.46666666666667,177.04179220450638,161.0746994968528,163.49877300507663,162.23113710354562,163.09714045491924,156.20646822185992,146.33719202012233,139.88143769698533
2595,86.5,177.09110938492165,159.18040621563495,164.2431123328061,161.90874428974203,161.76461014524395,155.3487854037872,145.8107958933539,138.05678920423563
2596,86.53333333333333,174.00620647397668,158.39794610421822,162.29876091300605,160.80928417593768,159.64953005798316,157.33286095215215,144.23885970818876,137.88025657887863
2597,86.56666666666666,172.52768141208006,162.04912250936442,163.53504458293034,169.57110427493,157.6705144613383,163.9031297187263,144.6113605623728,144.70344814010573
2598,86.6,172.93049896276688,162.57619188443041,165.4368886225726,164.11015975177304,159.1652178620401,161.57414475389893,141.01304973096,144.63306629874816
2599,86.63333333333334,172.87463818316917,160.9673465260529,164.51824848328133,164.10412600642863,154.5245483427072,159.80009021344262,139.35424934676453,142.33113945565293
2600,86.66666666666667,173.64684324607109,162.45864542265977,165.50698376931888,162.16324729339914,155.47352404942146,156.13395890444377,140.3392297681671,139.87231089974975
2601,86.7,172.99820538755796,162.26280856523343,163.6175730924933,160.5506488727767,159.23801639715185,158.9620374451614,139.20639548525196,140.73567933140072
2602,86.73333333333333,173.14327746496951,162.84463402344855,163.63786270150618,161.0390330143842,159.41664182584367,159.14255437536156,139.0531112632327,138.61210360701065
2603,86.76666666666667,172.43483673244071,161.77495588067288,163.0043899183866,160.4122350462139,158.55378475231345,158.88190812839483,138.64405800603157,139.5906869741347
2604,86.8,170.95283050317346,161.11658121104452,163.71119151281871,157.95119729437653,161.93942389006077,160.08009452346516,140.84334463076775,141.1039771737043
2605,86.83333333333333,171.8354435022088,160.93394817585585,163.91718650448982,158.96299038355906,161.34116360862436,159.47076515350497,142.03570629788095,141.1060013700967
2606,86.86666666666666,171.87764791420076,161.11671729328853,164.21527357488702,159.06975670804823,158.8384577602478,159.6974267479432,142.01252635125982,141.18177921889855
2607,86.9,172.5503208920195,161.76926226933458,163.1760605792737,159.08616884157942,159.81051928079563,159.8135178723969,141.58096849561966,140.7312731549438
2608,86.93333333333334,172.08727504532803,161.34495626579547,163.81239833071592,159.02344627489933,160.6866895634666,159.90729186655759,141.2966912322194,140.3584335880698
2609,86.96666666666667,171.4472990597484,161.46566770155096,164.10410595623543,159.09007012859493,160.00188125671798,158.79741703340363,141.20135633871345,140.4665903846166
2610,87.0,171.41383590820107,161.19176800255542,162.65517528193757,158.5853019577162,159.8392096774818,161.50177449827672,140.2769035139331,141.59418321559477
2611,87.03333333333333,170.66626940811275,161.557689741396,161.01889764205438,158.39531232763377,160.43517650900523,161.59084312081282,140.18716722968094,141.3664715837061
2612,87.06666666666666,168.35730897202063,161.41887409630849,159.6988995832464,158.06969510886407,162.36832860992104,162.20938538754584,140.2146516151657,141.58038436707264
2613,87.1,168.48834652561914,159.72425630619247,158.3285693343113,157.11646564547937,160.63834230214619,166.00865396041613,138.45025096169164,141.0350632978335
2614,87.13333333333334,166.81823839169428,160.6036587930229,160.9975822738752,156.73359869105423,162.4004334021241,162.49088408109986,141.43891149996838,143.12812248433045
2615,87.16666666666667,164.92601954504087,160.214937025091,160.0235731811191,156.29722062508014,166.1153160604872,163.59043734641918,144.15982582935268,144.09412317150608
2616,87.2,164.8284947610608,160.62022104391778,158.33559043691073,155.76583123969485,165.88488553129474,163.71359822522396,143.93292002745994,143.99248279236656
2617,87.23333333333333,165.0479502722108,160.25594966408184,155.24894940787703,154.1916120616013,165.84373645819113,164.1613692529003,143.27589273874725,143.93493359653965
2618,87.26666666666667,164.34283243533162,159.04748012286564,154.4647463080912,152.93166516566782,167.06252715617222,165.68876976724954,145.07087481550766,144.6539922864091
2619,87.3,161.4496874359704,156.31932089651048,158.66902333130994,151.7849447381003,169.4088330644362,164.68111398143728,146.29547744209015,144.5659138457239
2620,87.33333333333333,154.68172034372017,152.51809691134767,159.8485965784891,151.72577831074648,171.25795889138604,164.21180205417588,145.51682734913652,147.66366401520452
2621,87.36666666666666,157.2842818905065,153.53185853470654,156.70825539951687,149.30191966535443,171.94528526319297,163.82385670270622,144.9027438995853,143.5506628368715
2622,87.4,154.9421031756183,152.13165479707908,153.36251045915733,147.03088492088457,171.60368493572236,163.56595662236936,145.0998953477315,145.00494763259792
2623,87.43333333333334,156.68773174730487,151.5861758248048,150.47925182893985,143.93892703976263,172.14094738190084,167.08512693229352,145.66816722781485,145.13496099260897
2624,87.46666666666667,154.93106727200146,150.81420718748618,147.63253385457045,142.72727049858213,171.54459173225572,166.89368138524898,145.68708228458115,145.37188235672204
2625,87.5,153.22688475166515,150.95636760398602,143.99426892013383,141.75904944694992,171.46136474486158,167.62499758523165,145.7027416706178,145.24123863917922
2626,87.53333333333333,151.98708544482486,148.7459422730354,141.78877349626603,139.1997939944357,172.24650297627423,167.81263673686695,145.52715006584225,144.73354597462097
2627,87.56666666666666,153.0257486333535,147.87984088987204,140.8706255586138,138.6476649384025,172.19035141886894,170.4102407022165,147.18088358828408,145.62209774652342
2628,87.6,149.39411381020633,145.20642711372966,137.9111016241586,135.5828327272101,172.8911163583804,170.73809589194192,147.82034771785425,145.6830508594886
2629,87.63333333333334,148.7815114150685,143.83600177234064,135.3354600177133,131.82551774821928,172.7612393004869,171.19160181406306,147.87423022104656,145.80791663597822
2630,87.66666666666667,146.05229077357413,143.17842445837292,134.8557911187007,130.3559535919299,172.3376832851646,171.01435464947016,148.18159278013394,147.84112189482065
2631,87.7,146.15084940678307,142.81766263304402,130.90084285573326,128.84826358459537,172.24480152868477,171.25701698068977,148.23494851817,148.10424669923196
2632,87.73333333333333,144.73665627343365,141.9349682284945,128.40429652764547,126.91601584769923,172.19057973595085,171.39251907786064,149.09207128927792,147.97098982589478
2633,87.76666666666667,144.2200954297433,139.62909026989144,123.5574187116861,124.01777938451862,172.71570298777004,171.54624549337427,149.36411141709806,147.28891151231454
2634,87.8,142.6055017654527,140.42319829405105,118.87150824305488,121.12621095291293,172.7197017821619,172.17412729748452,148.37354051968882,145.1132155385526
2635,87.83333333333333,143.8443247144004,143.6285676666061,117.33825035942164,116.37980704251625,172.5963342875296,172.21047427770657,145.96455856584495,144.72106477591055
2636,87.86666666666666,141.2323224505651,137.37368280296457,116.20085528743064,114.31294851308397,172.21372800018636,172.00638755179543,142.51990553914504,143.39573833282023
2637,87.9,137.22369483761778,135.2205988709369,110.69011182241182,112.52580964967065,172.70489063762398,172.25620526072893,145.86139803076912,143.77379091842064
2638,87.93333333333334,135.92364241192072,132.38218868203847,109.18768255735793,110.87281462525206,172.87233721472714,171.22085148264324,147.03427646986617,143.08102203298697
2639,87.96666666666667,133.30295990156927,132.6600548078054,106.11753504588756,109.35024309920905,173.13506883992477,170.11440740413465,147.05766344317553,141.59949244767316
2640,88.0,131.09231048748393,130.59485814295772,103.46900119793041,106.41518297802723,173.12120869120113,170.02402936003676,147.0386598902551,141.2983810546951
2641,88.03333333333333,129.7644439047384,129.1372499266825,100.78746498964686,103.9883963431818,173.03265371596083,170.2798353078543,147.3857952325683,142.0330158304027
2642,88.06666666666666,129.19710993231166,127.01053911291851,97.32799182124874,99.82881782329753,173.15798058962736,170.81859186241087,146.86662867559278,142.49683193065982
2643,88.1,130.24782316970368,124.41138854077586,93.2152447044092,96.42558262943615,173.45173906469805,171.54658559992168,142.59878141007673,141.86512001091037
2644,88.13333333333334,130.17402601124044,124.03304573988633,91.9434539395965,95.30521222369708,172.98601494625933,171.09681465607133,141.56108965312688,141.6199269112722
2645,88.16666666666667,130.0446518130667,125.01881224258587,91.18361620266941,94.291001943808,172.82894981498382,170.77976597600156,141.14060741571123,141.1616289347159
2646,88.2,128.29567398869844,122.8438101661399,90.85670183163217,92.86685422354175,172.55679595092386,170.5281354228872,141.23883924624386,141.0102094316399
2647,88.23333333333333,128.3352002912239,123.49316227930119,88.8586097521542,91.47892236416574,172.914405101525,171.15784778877187,141.82707672634461,142.6167477993027
2648,88.26666666666667,127.46773946399817,121.0433431442742,84.82383102130454,87.999553162229,174.0377211259353,172.32265586389974,142.92738603532118,143.76226066726758
2649,88.3,126.95625965779291,123.44490274966594,81.26569225983711,85.82662251458297,174.18152001441885,172.9482674688385,143.11840190648732,144.76741492741368
2650,88.33333333333333,123.07523618988354,123.36503271192552,77.44544894626777,84.80979406306415,174.18880511847513,172.88993435434088,144.443306694237,144.9334259348655
2651,88.36666666666666,122.34898925440164,121.53200440139749,73.43106702372076,79.92844361310534,174.20683011814538,173.448490183846,143.91212936775372,145.56189756741975
2652,88.4,121.81267025541582,122.19589958245801,71.52380687755537,77.09855834502169,174.318717511744,173.5391284663951,143.97766614942927,144.78374378844094
2653,88.43333333333334,122.01373451610225,121.4867942190606,68.27651869070135,73.11156913194259,174.23909255339765,173.5580864952638,141.77017062150836,143.9047983596928
2654,88.46666666666667,122.755863142166,120.6899294001351,65.53072034540627,69.2387151076785,173.83512031929803,173.30792886710248,140.91329398598103,144.02811577834458
2655,88.5,123.20832712114255,121.15317754762937,64.71206698365427,68.99600007507107,174.11543347996985,173.57627543543532,140.93704215610646,143.84456994375248
2656,88.53333333333333,122.62458437432306,122.25472582549702,62.604789081406096,66.59455040438785,174.29266721900666,173.3211204501403,139.7817478240891,144.30786153068425
2657,88.56666666666666,122.29026825264806,122.61281708553048,60.65051401351572,64.21237954819284,174.3086589469327,173.20457318041076,139.4700992849189,144.77650741362544
2658,88.6,124.83436042121639,123.42796591422895,60.845185965212,64.24780937166986,174.3841005708363,173.67983076129298,136.55906374927645,143.80959200210307
2659,88.63333333333334,121.1113339969668,126.00658811222591,58.2357228583028,65.67246920337423,174.3018060287397,173.7428606240775,134.9908623470515,143.30661988973498
2660,88.66666666666667,121.35298237667868,126.3259040204277,58.63422540472907,65.41931288808127,173.80206740673407,173.58070631830742,133.49377113907246,142.19421069558322
2661,88.7,117.27635180320044,128.16103384711954,54.37420755735611,64.89406277801652,174.2122594110949,173.71493721755587,133.73948271007936,144.47222025383817
2662,88.73333333333333,116.35655453048462,128.32430551273322,54.19416839358193,68.10294444661297,173.96422900834764,173.1522840301345,132.69987984203163,142.57205747201004
2663,88.76666666666667,117.80841636455501,125.20199019144965,53.736890135097475,65.6081364959924,174.0869151287341,173.64545488085787,136.51095699952583,143.82374374440695
2664,88.8,117.79517288882536,125.35512922327233,54.97589457054089,65.64454728096744,174.04256727822684,173.54103025113605,134.88007163738098,142.56988965796316
2665,88.83333333333333,117.96028643127933,124.78851725222779,54.47641796607081,64.5932905394224,174.08229508731586,173.6329506929613,135.41033704634842,142.9165651416507
2666,88.86666666666666,114.42564834583197,124.66191407080781,50.36260320892755,63.70105221452383,173.46171132937647,173.8667811901837,136.7049594453162,145.0511938667514
2667,88.9,113.6450745634364,127.01356071635098,49.766253573736954,64.81516916652738,172.59445429276084,173.89445834195087,137.9804292579199,146.01702265887047
2668,88.93333333333334,114.22499576008516,127.42381323162918,49.15443082295133,64.43541025841081,171.94354209575087,173.83986226011635,138.7660734639445,146.118093770979
2669,88.96666666666667,112.84276066717356,127.61033071717814,48.42060160198681,64.974132105204,170.63805346901782,173.65338806627153,139.63563991051078,146.41640493728534
2670,89.0,113.03909419316359,127.96681496423729,48.67292809290746,65.3773052608032,171.32592120723328,173.73945585823185,138.9429469197587,145.47134573291802
2671,89.03333333333333,114.2595632444255,125.30237176240469,49.287269465050095,62.665771476431765,171.6432988190499,173.12490902171797,138.89649085706975,145.88644881504
2672,89.06666666666666,114.08177967473944,125.35570203728174,49.17881902166444,62.36272936792358,172.2451463257988,173.12228788027235,138.09499086126746,145.26154578640353
2673,89.1,117.63876830294323,124.6507319343235,52.272241303590256,61.950424319801414,173.6269936831745,173.5106008817822,136.57873105345607,144.68038257042448
2674,89.13333333333334,117.166408561646,125.22416330552188,51.186087229959256,62.00176744221743,173.4453582903571,173.66950479640755,136.3911120542316,144.11904364924575
2675,89.16666666666667,116.54627003083993,124.77726281576489,51.304374697141995,62.10028592538199,173.59115858393415,173.79778799236195,135.69561297702975,144.03692669117729
2676,89.2,117.4608062956259,124.8111215629603,52.26656476189605,62.31491501313252,173.80712834743747,173.96475846651205,135.97228477599924,143.5454791968738
2677,89.23333333333333,116.70106123436517,125.1488980868553,51.418308619665105,62.19197434930344,173.63888393773777,174.02510197282956,135.88941436534077,143.60458126886647
2678,89.26666666666667,117.03442764561456,125.91389787816547,51.76847811074631,63.46079353218609,173.47014844128068,174.0830707858065,136.4988799024045,143.51697715370406
2679,89.3,116.82989834083533,125.60474549636463,51.59523340676669,63.189334479712606,173.365302888739,174.1814803650578,136.22969344521098,143.85327205223064
2680,89.33333333333333,117.35866818327737,125.46868589637147,52.11251602305298,62.62394145695278,173.5462102469373,174.1393265782826,136.24416683703728,143.9683205351702
2681,89.36666666666666,119.28248985040128,125.39350877661957,54.43323560712665,62.90096284922787,173.92830397536682,174.04385149771022,134.62762234856655,142.6847892968027
2682,89.4,116.67443081891979,125.46092075368959,53.26803041451156,64.3575821396007,173.20273802736634,174.18589678145557,138.13326918216666,145.30802882391967
2683,89.43333333333334,117.48656984020829,127.04801655504839,53.732062512656995,65.37578267720819,173.25291211178822,174.10228860882515,137.78935158850308,145.1764695919456
2684,89.46666666666667,112.63914010349912,125.99019068385876,49.805954582652184,64.1898460608906,170.09041371671316,173.29259133054583,143.30247860650977,148.61473232319895
2685,89.5,115.20091107502552,124.60349616475402,51.2047399384894,60.94530477873784,172.9035908977965,172.43595564748315,140.9215784721613,148.3651160679107
2686,89.53333333333333,116.04899024900622,123.93564969997571,52.994685261379274,62.40094231191071,173.3871082110248,173.09054330857845,140.42737340139794,148.2156799493185
2687,89.56666666666666,116.20339413505504,121.3904249058564,53.753695084873414,62.472307505141146,173.4166573883543,173.4946098444744,141.20112845858478,148.0763554832448
2688,89.6,117.20969059120378,121.77604044237457,56.25115541462343,64.01952586827504,173.5871913231197,173.54981598408577,141.94223798230144,147.882867096556
2689,89.63333333333334,118.67909575569827,121.30607238834952,58.30345524754024,65.19928037210371,173.8379104605319,173.79372097593597,141.26021508427613,146.79124432150493
2690,89.66666666666667,119.8180954798966,121.78009600172285,59.39812987017956,65.6248103417673,174.31630661663675,173.75427185599594,139.74319279536428,145.52654017183113
2691,89.7,121.1958157250563,123.7352996986151,60.91969639010993,67.69136331376687,174.29042242076414,173.77986818927772,140.5501611901271,145.70016331215712
2692,89.73333333333333,121.9236636280688,123.62551573613648,62.75462309209792,69.19371282837731,174.29062111041281,173.79209558946928,140.14386706828932,145.37257566964695
2693,89.76666666666667,122.93018733717456,124.6057283397702,65.0734678476263,71.0891461276401,174.43273363457664,173.6841597696463,140.64946261770442,145.48277461434438
2694,89.8,124.40963256169191,124.72362266883295,68.74743112606967,73.52494403040866,174.573790355495,173.56347768753085,142.43876234552977,145.39039462138948
2695,89.83333333333333,123.26932339033458,122.84494914994768,71.28651454202063,75.56990889800012,174.63966853239842,173.5528387687108,142.9431051751292,145.89669576172022
2696,89.86666666666666,123.21575624021918,120.71194472225649,76.81025545053008,79.82688352956872,174.7735719718577,172.32219211566192,143.6890632664591,145.2285135692265
2697,89.9,126.51549242666302,122.93482544922715,82.82120465919604,85.62101425459147,174.81811367938178,171.30715248014357,143.79771039585992,145.01027417510753
2698,89.93333333333334,126.44209325315552,125.12813534014464,85.81435602855716,87.9059610031496,174.9167813217704,171.68374079531762,143.48601861507092,145.03486009878
2699,89.96666666666667,126.47363350796225,125.40793436089183,87.7929998943531,90.2363089141363,174.8403891565995,171.23169386897007,143.88557133599303,144.72066691969138
2700,90.0,126.79882020397893,124.16335482704235,91.6344873050644,93.17234906479965,174.8021951261767,170.39543089805628,145.08366646763338,145.6718583064253
2701,90.03333333333333,129.47687011154392,127.86160387901378,96.22264954636829,96.55602578826286,174.71368185075295,170.65724095390527,144.94007104882476,144.08786309219772
2702,90.06666666666666,129.8424850393124,130.2527628737063,99.44412332108945,99.31006126641543,174.8461007691683,171.01190803415784,145.25650097293973,144.35011249189617
2703,90.1,131.28456865559372,130.84773744382824,104.44545103639987,103.47014523519293,174.6168866876651,169.5438788366287,145.0839276642811,143.81348537676567
2704,90.13333333333334,132.25995164621486,132.96531626711422,108.67178057312213,106.61946378980225,174.34867417187067,169.11679556986758,144.84443394219073,143.2388309605865
2705,90.16666666666667,131.6545277297633,134.67971504744546,113.54465123921582,111.70864011282913,174.3603152327923,169.3710617572922,145.97890153896685,143.4688859686568
2706,90.2,136.3362857130058,135.91722736352844,119.24215214764193,114.89596039740775,174.20029013515907,170.5847259990259,146.17914847385885,143.58077943393693
2707,90.23333333333333,139.48024931588552,135.3590423298888,124.15315904867104,118.16486520982316,173.92767015847843,170.7291697984869,145.95756652906553,144.2791255994959
2708,90.26666666666667,141.69996276637306,136.60449289035253,126.02536289820374,118.98021824973611,173.64874603842765,170.84685692290142,145.94550254886647,144.1053506320878
2709,90.3,145.82209729589832,136.36599774358942,127.75417996984899,120.32998908186664,173.2343539436459,172.121691302045,146.87863848309124,145.18164895504606
2710,90.33333333333333,147.19380721194165,138.1024873488756,129.81809237151074,121.56546020877174,172.1251307888704,171.39069050365973,143.14887857572663,143.7768825999165
2711,90.36666666666666,147.09203279536098,138.78393560715972,132.23387841588212,125.01518724292312,171.8690394164738,171.68977324121127,144.0566620571863,143.61925231679598
2712,90.4,147.32305842583187,139.2261688501285,135.37989507573135,127.11953500719171,170.98489752141987,171.3705898487056,144.18725713733448,145.798817109199
2713,90.43333333333334,149.4760924799369,141.8604670376545,136.69885263278454,129.74147953780758,171.82645416497684,171.8430507948213,145.22676580005387,145.50864840622845
2714,90.46666666666667,150.18616806005312,143.7599900638197,138.70904082471756,131.6542813684991,171.07209388821943,172.450576353382,145.52616509986746,146.12350520270564
2715,90.5,150.53598637428533,144.22801434651362,140.55774898862146,136.12711790487785,171.295921955609,172.63601274912358,147.11598505032381,149.92290029475768
2716,90.53333333333333,149.4803564973115,146.610560109082,143.905387406229,137.72618372849854,171.20639497021685,171.7473203583312,148.07621986073102,149.1632353537251
2717,90.56666666666666,151.08826414198452,148.11419695066758,143.72156241135303,137.11142401840274,171.51577093374647,171.82304749578387,147.27433596218617,149.49538921328744
2718,90.6,151.7964680767196,148.16933902909904,143.99745820328687,138.71611247219138,171.10515520983927,171.40137554004204,146.2836690646144,148.95010210092525
2719,90.63333333333334,154.3826495687254,148.38867684520943,146.38369525582007,140.8671859879051,170.886054213884,170.46913316650628,146.0996166956833,148.41246211418502
2720,90.66666666666667,154.14564053420122,149.9881717829451,146.4650392836185,142.15285066005097,169.20708472987255,168.97257734605552,144.7362197903088,147.04956161976094
2721,90.7,156.0977565733388,150.9954157622616,149.12130588075559,143.63126053399577,169.08209575196406,168.47574060220714,144.79576858119827,146.74421692226846
2722,90.73333333333333,156.22847748985632,152.74901501344317,150.66551622651718,146.49559622127464,166.77791899081544,167.40351274764728,143.13916070729297,145.84658190760123
2723,90.76666666666667,157.38040823650266,153.12598346924787,151.50545035380125,146.20880258045142,168.4479863141131,166.36674545073785,143.40067980271027,145.38105131327433
2724,90.8,158.54156384474683,153.28649939131105,153.929939007532,147.54867266699554,168.72450692217532,165.14320015122968,143.64788136422425,145.80378843722949
2725,90.83333333333333,157.79434842665697,154.2215263468518,153.88806379853418,149.0659360463118,169.04692849567581,165.24791473098236,144.09630101057442,145.1409340522685
2726,90.86666666666666,159.9441365123333,156.21296106959701,154.87992186835658,149.79397395813706,165.81307726757802,164.82965899557928,143.20434200183627,144.2336229170871
2727,90.9,163.810466532731,155.55731927286325,158.0968361282779,150.92814052725393,167.61978958574588,164.0115007631202,144.32904629414398,143.65410449101162
2728,90.93333333333334,161.77368281522106,157.0582416281162,159.18279167098268,151.94778419133712,166.89844879894216,161.473367389806,142.790536646667,143.36755386579915
2729,90.96666666666667,164.60712169090675,159.42305194508126,160.90836838546136,155.20312073458538,164.50961025054988,162.10938302759882,142.70384514069318,143.45678428998852
2730,91.0,164.4038028553392,160.36130035912166,162.32624251365866,157.1246194774813,159.77306404313484,159.59230484439303,139.05162672281617,142.5958912507011
2731,91.03333333333333,166.82102517131017,161.87869943239292,163.93220535030218,158.63975966575214,155.6296147217986,155.8243817663456,138.99342598008323,140.87414791046135
2732,91.06666666666666,167.69997941671755,162.30105738476618,163.89845165842385,158.91748082605636,158.04611252253585,158.0301031081588,142.5264209260211,140.87989898643931
2733,91.1,169.91127590956435,162.89590885883428,167.05935983804343,161.03464429404082,156.04713614357362,157.57435425773198,141.51464549694282,140.11451258967261
2734,91.13333333333334,170.30227773159427,162.7466299627026,166.4289671170999,159.96603254241546,158.98424707203566,159.86356300216,140.73364924119917,141.30993572399942
2735,91.16666666666667,170.90383662294568,163.12325986477518,166.06078908265152,161.4141260430595,159.7247332380434,161.39644107692703,141.84702426097292,142.21016262809013
2736,91.2,171.02704583786218,164.01687648383074,165.53266297493957,161.27978601218717,159.79518162016424,161.23994163371853,142.83290284158517,142.54856063914696
2737,91.23333333333333,171.1765293111739,164.24169706349667,166.07705235070884,161.58888731906285,158.9111398732162,160.40998744812262,143.31922392888552,141.75508410527726
2738,91.26666666666667,171.16977176997605,164.7660120166378,166.29203793040188,161.20334301450993,159.89642341045965,161.5043436257733,143.1027727718642,142.77365471121743
2739,91.3,172.28009905005806,164.79459004874616,166.91793262966348,162.8206443897512,155.7794376300667,160.0862988511902,143.00075945211407,142.4636626656319
2740,91.33333333333333,171.86633781327396,164.88321467416185,167.27282081824416,163.06735312979012,155.95267438583446,155.39185835744553,143.64164938123156,140.32157370912992
2741,91.36666666666666,171.25914748883665,165.7156757902695,167.69566753084953,162.41539347399495,156.76556821677812,155.03097070662457,142.92673012428475,139.67449137383036
2742,91.4,172.08464883558807,164.45462499204595,167.77638422444397,162.31729146594304,156.55179340425138,158.73400184692383,145.2169461107733,140.91191558916532
2743,91.43333333333334,172.73642246689312,164.5096178589919,167.23301933058974,162.088266192636,156.12117081230798,159.21160787247246,144.58690594552004,142.0035727473445
2744,91.46666666666667,172.42937654534157,163.73897125458114,166.8604538055455,162.60862387166677,155.48508894593726,159.4096755592022,144.79659371899123,142.21091074314717
2745,91.5,172.8689000048718,163.20589007113531,167.89760017367865,162.97421937810367,154.3824726182387,158.53247195046956,144.65841697375592,141.34196127206303
2746,91.53333333333333,172.7717438797105,163.106813360631,167.47230331886425,162.53345316986204,155.10731837015254,158.68944237446064,145.33351274419985,141.4585746898032
2747,91.56666666666666,172.77310094298764,162.96420530446096,167.33465447237168,161.9666037830103,155.9287638626611,161.38610456682028,145.15688011761785,143.24559293421598
2748,91.6,172.23151693943976,163.49702485826853,168.21626848582528,161.85488377219346,151.20278450706462,159.2851388524873,142.71452663004814,140.90336372935118
2749,91.63333333333334,172.83490191797074,162.42614675227588,168.5010605908371,162.07116782948532,153.00965361894808,158.55129742921747,143.4132955079837,140.60599646144792
2750,91.66666666666667,171.8623060903804,163.5345591934504,168.5795295775298,162.57110888216513,154.5235257019255,157.6686330792808,141.00695029297427,140.83854882769947
2751,91.7,171.72520046347262,163.97134672176318,168.1776853262917,163.2119502767549,155.013939209683,157.2896202070772,140.6567547061328,141.06896989288373
2752,91.73333333333333,171.5204339642925,164.68644293614008,168.7523844711844,162.86510484820124,155.08953467166805,155.97631933159795,140.23902884209122,140.3529520062173
2753,91.76666666666667,172.37920818865777,165.75507915177172,168.09012743005002,164.66360803881207,155.49995070974435,156.36923001463322,140.94650811883514,140.7804517258717
2754,91.8,171.02870741876464,165.94667303621992,168.27446805251418,164.83964635292855,156.59804523587908,157.3821958074447,140.38411822639313,141.892487024767
2755,91.83333333333333,170.99604918335777,164.55865264801218,167.46498842230935,164.57844824260016,156.5046315244033,157.37159493885858,140.82776686576585,142.0233818225557
2756,91.86666666666666,170.5260757748435,163.15697442830603,167.2979659427899,163.98031260650887,156.66491847597118,158.174262496634,139.44939404679081,141.70484443603414
2757,91.9,170.27892992890605,161.95182353255538,166.6140348155615,162.08389895618515,156.8292472427571,159.36855089850695,140.04889574739636,141.73760613472726
2758,91.93333333333334,170.11759208733244,162.3884916613365,166.03174048055521,160.17506767090472,157.6243397072886,159.42560503314732,140.31526786603104,141.2117425232954
2759,91.96666666666667,167.4512079873509,174.2233455799404,164.91693207811574,166.46112081049145,155.26101773094175,163.41877971515225,141.96101988585724,143.4491940367728
2760,92.0,166.3841331786834,164.3726049603226,163.38080274410663,158.65413163877474,162.2506528057939,162.09293919200533,145.0991947890441,143.70477376799167
2761,92.03333333333333,162.8869471413743,160.87559116374106,156.65660537791425,154.57383682004271,167.28334344147925,164.08160554661282,146.72198961481317,144.43120267392095
2762,92.06666666666666,161.17964532042006,158.1174725136197,153.78447307222459,150.63525314634043,165.37100726042243,165.2514218519706,145.3978033618842,143.68962831446723
2763,92.1,159.16948044790783,155.46891684309162,151.5590466486179,146.5708781362323,169.251347996454,167.11553316647797,144.17401728055938,143.59495646352795
2764,92.13333333333334,157.03039700651297,153.89311515815973,150.96201508966212,145.04934039300704,170.51870267283647,167.50816698674925,144.19899350516465,144.01817774797695
2765,92.16666666666667,155.98540514536447,152.37007861337293,148.53167467966878,143.7322807617231,172.0065999336885,168.76094605415838,145.22550143641433,144.35441463583928
2766,92.2,154.89211974142228,149.4118878549046,143.669468991901,139.68100745583328,172.44651253059703,170.0745514232679,144.80276924900906,145.7203707559371
2767,92.23333333333333,152.6877111232038,148.67822239486557,141.76607414959628,136.4718959508568,172.02146307505947,171.68691606156094,146.25310756780704,145.6655064282961
2768,92.26666666666667,151.26181688638204,147.00462989442275,137.27586664896248,134.2501254180179,172.0639581284174,171.27075431724063,145.74119776941538,145.6913436509195
2769,92.3,150.38818160703892,144.9894798819413,136.04389072651773,132.1341825916889,171.93187905794804,170.9905370280019,146.1761882284742,146.56216417701765
2770,92.33333333333333,149.74133653981164,144.0815473390907,133.84781996892744,128.9563180578274,171.8806630867005,172.85567367775232,146.31418203254557,146.87802251046807
2771,92.36666666666666,150.2595747233561,144.29233518573403,133.67343956814028,126.20827799431912,171.5756505344657,172.26233745130642,145.95671479772196,146.74287696043604
2772,92.4,148.5485177884227,142.66009811762154,131.79398832788647,124.62690622190114,170.35983756048572,171.48885556810816,143.92616155069777,145.77389729530015
2773,92.43333333333334,146.76452622128002,141.4550423417327,131.93568947399984,125.6989445191671,171.06788054663718,172.48143899079474,145.24250761805806,146.1085054942411
2774,92.46666666666667,145.0780250452897,139.66339198027623,131.01249193460487,123.5597359103282,171.27677611313305,172.29609216010888,146.73813997924157,146.30106052749213
2775,92.5,144.30780939492627,137.31752326045944,130.0326093930488,120.9640963127428,171.15066728145828,172.3439989458572,146.8666021053868,145.92836336251622
2776,92.53333333333333,144.63182107511915,136.29459472174773,127.02557498390911,117.43889411485189,171.04293933020196,172.1200517013548,146.53621152284848,145.43718393850213
2777,92.56666666666666,143.6872261138841,134.18330883846917,126.90778874690808,114.01315283655418,171.5659786502628,172.10059454433744,146.71452821545827,145.3876741126288
2778,92.6,146.11529096042833,136.34666542300477,125.90584247410595,112.62825078198948,171.78069094043255,169.69443511424515,145.28373584088203,143.18552416314458
2779,92.63333333333334,146.77279025116715,137.75936362863325,120.47141093883137,111.40466467850256,172.2684571628048,169.38427866967555,144.2301863300887,143.03247821115764
2780,92.66666666666667,144.9957387792206,134.19177610691207,119.5137379998275,110.46901344531256,172.4315994515709,169.53254744264098,144.92412111940914,143.04124020095585
2781,92.7,142.5010561658218,134.2635011816959,112.31962568363069,105.6584959010278,172.77366972705136,172.8388124702918,146.7188033415611,142.55132643454104
2782,92.73333333333333,139.54668440759295,133.84460953625245,108.54881664634404,102.04090190960027,172.91533569155345,174.47566782634811,144.40366597633036,142.00731961928747
2783,92.76666666666667,135.28677051542945,132.5959116475599,106.11136280427372,103.27387366043676,173.15226190848645,173.2784772345807,145.20837030064556,142.37836000669478
2784,92.8,131.35271254335365,126.9567917825666,104.45785462703198,102.64863217706063,171.5624751227344,172.21560408344186,151.56005919679404,145.10416900649633
2785,92.83333333333333,129.40632273273584,126.40815653867708,102.81023938472654,102.74523521358715,172.6345310236122,171.21220552596532,150.73906501421328,145.27294374135684
2786,92.86666666666666,129.39848068606491,129.27402337007956,100.39386549485434,97.97318380030877,174.03291683062074,172.57452888435222,145.31646276305153,142.89828360361557
2787,92.9,129.64139637023231,129.48942807840254,98.51417778495643,96.3553132422634,174.16938483706076,171.80799987983428,144.90285408783,142.8799031514419
2788,92.93333333333334,129.93410096725358,128.68817930857014,93.6382966796142,92.26498292279538,174.7126012066214,173.3501769073842,145.16726659435065,142.83522276163723
2789,92.96666666666667,132.3473326443358,129.09056149381556,90.57044245532497,93.88466229086914,174.96306635030209,171.75483367653578,143.70380014898163,142.3089413428959
2790,93.0,129.27951099834894,127.21444374948541,87.90654726810375,90.26092879826857,175.05366077547552,172.4141854394122,144.00396166835475,142.1727807958606
2791,93.03333333333333,127.90786276932913,126.38307321459357,84.93078749793871,89.44863555744595,175.1876677225904,172.12791733720366,144.22514805286548,141.85629947164423
2792,93.06666666666666,128.54463676047908,125.71757112339904,82.69859808543379,87.15273621920123,175.14579200020006,172.81926144036206,144.37522735012794,142.20993806323327
2793,93.1,128.18413386754335,125.85718418395872,81.52425630904422,87.6193855115118,175.22669647024065,172.2092212164163,144.15337340103554,142.56443862798798
2794,93.13333333333334,127.22675262701766,125.99208486075575,79.46448017928144,86.58964662528645,175.30569709161196,172.29173705370854,145.1577144976429,142.79948492550378
2795,93.16666666666667,126.55132189572404,126.39953396877394,80.89541536676678,89.64985600314134,175.07356288346332,169.7986619950375,143.62741470466648,142.53554037110493
2796,93.2,125.1077540747208,127.70760489866653,77.61608304626456,88.20576670370002,175.02049193722942,171.0273219792235,144.64504071318737,142.72948059061807
2797,93.23333333333333,125.47796612468943,126.74064641680722,76.79779608677316,85.09441131471671,175.2079409559324,171.68794593444193,143.7984861943837,142.9089734809169
2798,93.26666666666667,124.80576874669916,126.9337838322824,73.41423489057448,83.06500483081022,174.41032986070817,172.3042286589628,143.6919637693672,143.5155353233042
2799,93.3,123.76978222142165,126.67214536524037,72.30207676572935,81.1574815511628,175.04010969584624,172.44059224076256,142.54203006200393,143.3011859471053
2800,93.33333333333333,123.04203020129326,125.14381789743041,71.08823806960453,77.19783150892421,175.2504873240123,173.0303156895699,141.24146626049568,143.37398987877094
2801,93.36666666666666,124.46167714724778,127.71768912207597,68.61464951997193,75.8800597978739,174.0719478812968,173.40430475055354,141.42387991006078,145.53292089021105
2802,93.4,123.8022655117812,125.63051372164917,68.444477419464,73.58073438923877,174.55756930484614,173.4813471590297,141.81266314566054,144.95524877271646
2803,93.43333333333334,124.0652537800682,130.50311780163187,67.38575589870662,74.95648591901882,174.71772662614626,173.45913334372543,140.45532030225078,145.6241226442824
2804,93.46666666666667,123.00055435226575,131.9266360374371,65.46530082293586,73.6020736159355,174.8756615343886,173.54340377287534,138.91620467591486,145.39679187418335
2805,93.5,123.6814649331632,132.1719935699871,64.41255091737115,70.32518268159319,174.8875917281932,173.24912338098798,136.4861666524971,144.6115489596835
2806,93.53333333333333,123.69992153333223,131.70542650396953,63.739415232657784,69.59469236226904,174.7950088018691,173.4093335105808,136.39569424346422,144.19953896535137
2807,93.56666666666666,123.30738410006511,130.5564666196987,61.708566054068356,67.38655609239684,174.7964680675327,173.31069264883422,136.0204995519225,143.5726838036763
2808,93.6,122.39083595361048,128.9029257089896,60.69977488345311,67.18314691392105,174.76976448186875,173.54213262141533,136.38158886279047,143.34609213906367
2809,93.63333333333334,121.24380829181125,127.95864124694462,58.97996926165529,65.40466492651784,174.70621680194412,173.49634120524127,136.3105451150245,143.14150983798183
2810,93.66666666666667,117.84210693131743,125.67874817205595,55.80297654043693,64.14654795505375,174.64194700633823,173.64623801061225,136.53267309232606,142.56160011582602
2811,93.7,116.8583984916743,125.66649402228332,54.58081942045581,63.90610876274015,174.59805872507633,173.60461582070786,136.27235010683046,142.20834514301032
2812,93.73333333333333,113.20233417138692,123.3392675008536,50.316234704843616,61.2386600994227,174.38191644441065,173.52202274674192,137.14349541150742,143.075871833253
2813,93.76666666666667,113.11732685254613,124.41286421034357,48.39723088968847,60.848052284703705,173.66270684855394,173.27469801061747,136.1420190741038,143.71621928742874
2814,93.8,111.36587981731765,123.67203981938337,46.51070816149446,59.42325950896385,173.16390446742406,172.9183418714201,136.85392453791926,144.20654200539687
2815,93.83333333333333,110.36191098561105,123.6484502844323,45.84235804648078,59.017506942383875,172.94595020722147,172.41841336665445,137.42579022423308,144.86864778527897
2816,93.86666666666666,111.26225107436827,123.74543160372275,46.284302934271224,58.743170229520146,173.11520103066934,172.45169477716198,137.10525644429865,144.335575354246
2817,93.9,111.86010800005246,123.23665024622954,46.67809303598278,58.50216556539447,173.40840289505294,172.54162663876681,136.80512576109925,144.12991614197762
2818,93.93333333333334,109.94838390458067,123.21586711098979,44.2600597234343,57.48629781666232,172.48221861011524,171.71951048348285,137.31100520849046,145.66759455793635
2819,93.96666666666667,111.48754209861524,125.07812039964301,45.44132663710023,59.55481631363373,172.76079315675616,172.55300567238095,136.3835452693553,144.62579523670604
2820,94.0,111.6476703079785,125.13136520852997,45.530447463224505,59.27509875713125,173.41098087520956,172.94713294546318,136.27238645606377,144.6074962266071
2821,94.03333333333333,111.89620565019857,124.9605602321156,45.88582971446381,59.1012325123494,173.39160160365637,172.65399618684083,136.44023072367648,144.37767420427124
2822,94.06666666666666,112.206729333606,125.07063492369467,46.147788722071645,59.175353455937085,173.50692642233793,172.6079173160893,135.5859238500816,143.30354137473856
2823,94.1,113.43111803796872,123.69328446566959,48.56941196605271,60.26753699563881,174.19863529359,173.41595399375038,135.06043327507473,142.6882805549559
2824,94.13333333333334,113.05314909629627,123.19767173254922,48.53398166931944,60.65234695022428,174.0517867303519,173.46424788397897,134.94482515162056,143.00228805234974
2825,94.16666666666667,114.38542985466756,122.70139108991367,49.97017056442024,60.78660498030791,174.25881732036748,173.4930839022351,134.54790298856017,142.62723207516976
2826,94.2,112.3582927302466,121.11708290025555,48.16445846934255,59.431777192970635,174.0699499838018,173.27461426525332,135.05358227083482,143.27514175906748
2827,94.23333333333333,111.25338542320357,121.92681151935977,47.0533500581554,60.197987451552,173.58716366402274,173.1267144232223,136.5315173436366,144.45947765462233
2828,94.26666666666667,110.33660924666941,122.93818420034106,45.119939770400386,58.25286125255743,172.4940195897158,171.8575569570847,138.90451312882587,145.18076188707266
2829,94.3,110.61724629886285,123.3128551714675,45.70040202415118,59.606860982845944,172.41281828521568,172.17790609337837,137.64045281326264,143.9963658524156
2830,94.33333333333333,112.23427180470037,122.789344206311,46.87763996884986,59.53285713055995,172.47649946449334,172.3686691190974,138.37665558604323,144.47454454216668
2831,94.36666666666666,114.63027541016368,124.28458128972223,49.30855718500046,61.674500483824644,172.62465513886355,172.368411521428,137.7308327542185,144.49187275598078
2832,94.4,114.84954772185426,122.96423309854636,50.37356112287428,62.354238521368636,172.78541893965888,172.66675316193817,139.8439505702654,146.33240160512324
2833,94.43333333333334,117.64784506261165,120.43099313110503,56.09348148344135,64.57109610554343,174.15610002432365,173.7196946600719,139.6013353989069,144.98247586557028
2834,94.46666666666667,118.00311054839749,121.97652887112017,56.54010800759739,66.63096943296453,173.95735964335472,173.7326810805281,141.56571964212085,145.50653031889763
2835,94.5,119.55321277761831,122.91958543334472,59.634624384977485,68.5137800832871,174.28184660284097,173.63852164305115,142.18354523067848,144.67891925501254
2836,94.53333333333333,119.41310274119469,127.58760639456138,60.629627439174676,71.20099992318201,174.37185572661883,173.77558038805782,142.1584270425787,145.1516798274435
2837,94.56666666666666,121.5003436266793,123.90998260877909,66.4564955844545,74.55801823494002,174.43532266326272,172.5441108205606,142.25274506469842,143.0874401471737
2838,94.6,121.91531880420224,123.4208429801523,68.98728675975711,78.43564449000816,174.52537938933523,172.21927861106025,144.67427619151056,144.02979971953403
2839,94.63333333333334,121.92245953039294,124.04774322792753,69.11894875036664,79.55720250917396,174.44147454209883,172.99902922735023,144.0945764765714,144.31146523415003
2840,94.66666666666667,122.85702651418535,124.16309145557364,74.04446732634177,83.48940169610198,174.7126280847553,171.54520143903204,143.93820611030142,143.33516413841267
2841,94.7,123.74487727874143,124.80367356292761,76.10013632815075,86.26963784533802,174.95865216009284,172.0652650967809,144.43163238547257,143.565834458836
2842,94.73333333333333,124.58236355718799,126.74308818625374,80.52159478975902,88.31883871227805,174.85943078402732,172.3914571195677,145.04526746323407,144.79049147786841
2843,94.76666666666667,125.04820346707616,127.29716688821868,88.11895932246179,95.30337301134072,174.41659700463075,169.92025268954447,145.14841415515912,145.43901697314172
2844,94.8,125.45251005446625,128.67510587313527,91.82294664267987,95.93129184465498,173.88932703482658,171.23884466301647,144.80246158770206,144.79531272832207
2845,94.83333333333333,127.75861836311827,130.79191294290754,95.7199530368696,99.75281450961945,171.89707995527849,170.01773716550625,143.26874500462927,143.29001358127013
2846,94.86666666666666,128.79566733256854,131.40580740473288,98.63983474580402,101.13770538326806,172.2108336888394,169.85752355998613,141.8672144607393,142.99208261247108
2847,94.9,128.38499561447145,134.09890963528758,100.86218944604005,106.12228664089538,173.14675026619727,169.25109863839154,142.45558293094473,142.67202708786152
2848,94.93333333333334,129.855386645993,135.3360084111028,103.87265741232723,107.3812383585433,173.40645005926615,169.4646462923193,143.08538337006541,142.1303981823407
2849,94.96666666666667,131.35879228361108,135.21181549615233,107.43600105554823,109.91679288269775,172.75283126404918,170.0146301951355,141.9160658443713,141.58004423356493
2850,95.0,132.57361166655014,135.24587357843942,110.00930174891378,112.60071253450229,173.39317540221282,170.42257757500337,143.45043760518445,142.10025004027455
2851,95.03333333333333,134.68070013393077,136.99633520607748,113.29482927465968,114.10095643254147,173.65050229056163,170.9766454377113,145.03244931024008,142.9904699839556
2852,95.06666666666666,136.50083230872423,138.57290196160912,116.71272366977605,116.85225773196665,173.33324042800226,170.7289664682684,144.08264033626457,142.2892152176498
2853,95.1,138.32038134864732,139.20404935906973,120.52069218564594,119.75195893659077,173.23886850772558,169.95663724439146,144.511979140964,142.69191456523575
2854,95.13333333333334,139.32649832507795,138.89314919774813,123.3020446509034,122.29414224199026,173.1583231012199,170.55292728513908,144.7374786686022,143.65914085456942
2855,95.16666666666667,141.63314416131595,139.98615109293456,124.81144900475157,124.29844182679165,173.27180245740468,171.63731360041007,145.85817641759084,144.25706068636003
2856,95.2,142.2795556422553,139.6445067300341,129.96406628238532,127.278409741484,173.1590201212968,170.760929632669,146.6460533748992,144.7068343779596
2857,95.23333333333333,142.81409373354867,142.73175724080957,130.8646645373208,128.69172219495414,172.8543538913502,170.82573574226666,146.50813172419964,144.8485185296126
2858,95.26666666666667,143.19477502184495,142.94460109896843,130.84704899592663,129.71608857832075,172.60668230196174,172.45855196816328,145.97912682439755,144.80228861086962
2859,95.3,145.70570427478904,144.07011911728767,135.29232048843198,131.48810568732586,171.9983323167343,171.5098591289589,145.55896082779097,144.5489320080356
2860,95.33333333333333,146.73938153788507,144.75867777486408,135.9022895016229,133.7087051403497,170.2621188543537,171.35957011870298,144.04413062563435,144.62862804873075
2861,95.36666666666666,148.94518777237514,146.00914991103647,136.7209549474703,135.04721998999977,169.73082184791627,170.98121814463875,145.16797836675613,144.3252575630276
2862,95.4,150.55324679556045,148.7030494978651,139.6858189749212,137.32057967489263,171.07363704501856,171.8080042151949,148.69970488892181,147.70643389208158
2863,95.43333333333334,152.70868542071415,149.1736327217141,143.12722302652313,140.2901116505422,171.13475307378476,171.89143200909567,148.84911829091516,147.51390810956335
2864,95.46666666666667,152.8445971918816,149.76945625085855,145.0246306723727,141.66562150019772,170.9522465237992,171.70845766928002,148.736503566703,148.35527133160085
2865,95.5,154.2668370043897,150.44434271881988,145.15229052815397,142.81079080749484,170.88513433680157,172.2085430696428,147.86327518176216,147.66347104784106
2866,95.53333333333333,153.76246407256698,152.00310775164112,146.85874996279932,144.38550230087841,170.82938906643372,172.1819256035731,147.7010443567463,147.57000566747146
2867,95.56666666666666,154.31627702069716,152.41930621071276,148.1647152667406,145.13039389913527,170.67758334465452,171.1250310513557,147.17642716410577,145.88836791331286
2868,95.6,155.51470757133012,152.2869792692107,149.48895253252473,145.6472551895044,170.36514435008996,170.59863765418734,146.54787722602845,144.90110343547676
2869,95.63333333333334,156.9209808024351,153.07804280298393,151.4918191491234,147.3992519541542,170.10265359637572,169.08745598596002,145.82931959217905,144.95186737584697
2870,95.66666666666667,157.25050640358143,154.62143504313,154.54785185243765,150.44268322708473,168.77797787127875,166.75210952103728,143.9383376228177,145.1799081322892
2871,95.7,158.96478988782917,155.46192440880756,155.11878514500015,150.57694491061204,167.55849280582544,166.55405313289444,144.25824647388347,144.5750707801693
2872,95.73333333333333,162.20198816521665,157.67450770933812,157.17933773327266,153.30936407108337,164.60854871045626,165.07801823853188,143.3220125509609,142.79538552214805
2873,95.76666666666667,161.59551206568915,157.10828512987294,157.0847768509266,153.55531619402382,166.0363536514733,164.16628931406365,143.8836898863649,143.0770567024623
2874,95.8,163.55173129702553,157.41198962743277,157.96454185929366,153.76425851214412,164.6235551893751,163.45897092380991,142.69021146864117,142.89629058291357
2875,95.83333333333333,167.0226962257935,158.57414679105986,159.0665171629477,155.03097151331517,161.95351387985184,162.81190918389868,142.84880637019606,142.3480582642126
2876,95.86666666666666,168.59471163341615,158.9554699269196,161.75729011967837,157.0281886219129,160.88314179378102,162.34426002139924,143.3721798707456,142.3405561492538
2877,95.9,169.62399304547162,158.9078168631417,162.58831264914687,157.9048655477015,157.84692656200684,161.34478588294567,142.31400410898155,141.39271516530584
2878,95.93333333333334,170.14083610412422,160.07375799668677,163.78397065227026,158.8054633069069,159.3264757676916,160.42960905665868,142.78355346927094,141.89424707474436
2879,95.96666666666667,170.8829295803771,156.67359314216333,162.70383475401778,160.22012723857696,154.23503020237285,161.96430828507388,138.951340504618,142.25519002073574
2880,96.0,170.18040392574557,161.88031615705225,163.56785854529699,166.0838515018308,156.16519878363331,163.60440436951654,141.8992017177256,143.03711981059072
2881,96.03333333333333,170.1132433634564,164.15809314966538,164.18739244375288,163.79885162530744,156.31044433473042,163.8427914738563,141.77032546536478,143.87048158284475
2882,96.06666666666666,169.0119152783964,163.5480090610634,164.74328401318576,162.8936747554198,153.784897015466,162.3316508587115,142.7336398224409,144.2903201869832
2883,96.1,164.75467168158156,162.3923749093585,164.15101485908377,173.9022765134373,151.68508657336335,164.71219734300786,143.56249552530372,147.91697664255892
2884,96.13333333333334,168.96152899652776,163.01439554828656,164.88044777711153,172.53653488610468,154.72326583756757,157.67072478743097,143.78619579894757,142.67263383416673
2885,96.16666666666667,164.513094923019,156.14975638282354,163.2471167053151,170.33399446004245,153.00223851525467,162.52493276927953,147.12456254749404,146.69463018238463
2886,96.2,167.40901331908051,161.83354942452067,163.62081067056727,168.18278758270623,153.6155355718969,163.53487593939911,145.26276381608412,147.27722654826113
2887,96.23333333333333,168.3590538504957,162.45171663405196,164.19291986699162,166.63465415618273,153.34090147808692,162.50446738697636,144.3851891576812,145.63148011180354
2888,96.26666666666667,168.60518502248385,160.24432499481273,163.08117772129413,166.06203175893646,153.18934375618042,162.77959246930828,143.39801439247992,144.96193345796286
2889,96.3,169.921800479813,158.38105162996405,162.7081732158992,165.31965251096779,154.7877460541586,162.09028167957558,144.13193059201527,143.6445912877482
2890,96.33333333333333,169.9306321384503,161.61959552667187,164.02357601321836,165.64174710348118,154.10821921588902,156.5324438087494,141.92112432856743,141.85221827390387
2891,96.36666666666666,170.0025400808106,161.32723177608878,164.57248243184688,167.36276684296962,154.5656657440417,158.3132097246086,141.47875799166528,143.075478779637
2892,96.4,166.83407428681193,161.624066236648,163.25784227492377,171.38095766157832,153.48106788914734,163.40870455913162,144.94514005908442,146.41563124765023
2893,96.43333333333334,164.89184392389382,158.00940652720877,171.39839891533617,172.08550332883414,153.79955889039593,167.0601829995819,151.7620943529617,158.3960713888673
2894,96.46666666666667,162.76200993697384,162.74952387159388,163.76327884863994,166.98544314143862,155.67425907114367,167.12894426108622,150.68607040430717,152.48998154330812
2895,96.5,169.51827688093036,163.4696947657079,163.73628601768934,162.86366587995508,157.32281319933062,161.28194283331203,141.57488456915488,146.5313021522211
2896,96.53333333333333,167.15779052910017,162.91915553539704,161.365166251965,160.6346462942716,156.17223545739978,161.76851360025853,143.12965703286844,145.50433721790375
2897,96.56666666666666,165.1811112053237,164.83943450099633,161.00741272961105,165.50462555438847,153.65627392614155,163.40129196268376,145.7914593530694,146.4098958326383
2898,96.6,159.67003059931366,158.96601318582296,159.89415862861452,172.30747465478578,153.2766564442944,163.9936734947964,144.77221598915776,148.58957183176148
2899,96.63333333333334,158.4880594491505,160.48031568999244,161.96008560873997,172.36482202922846,151.14734617010762,163.1704359543108,143.846131747193,148.10844631104862
2900,96.66666666666667,160.7233575911381,157.75657007206408,162.00010419658665,171.2642656163302,150.04822704264225,163.77330468894786,145.118818068888,149.2758496870935
2901,96.7,166.92429335470473,157.0033054919548,162.20485366083616,163.6369742104964,149.79610011444973,161.6898429133578,142.7573001503552,143.8688239650031
2902,96.73333333333333,170.20889617998023,160.07597288411492,162.48909360875865,162.0045168035671,154.34505117770047,160.69042223376874,143.34304086078407,142.10480613440728
2903,96.76666666666667,170.82154124206798,161.03400058537974,163.04171396365265,161.64533249504197,154.82884134168268,159.3567565667876,142.4174458872903,140.60932772893852
2904,96.8,168.74885143780247,158.42698755347203,162.09030317297356,161.66799886350483,154.523750261412,162.35851551065934,143.39424792169942,142.2971411676518
2905,96.83333333333333,169.6783212680984,159.50174620065658,161.17098356794122,161.80269080594823,158.43385365673728,163.3807054404092,144.7856971198942,143.5462633115717
2906,96.86666666666666,170.5656554379643,160.96393973078668,163.65229840868943,160.62881196264414,158.95348422153847,163.2176582008144,140.99394950192948,143.56210629797218
2907,96.9,169.8958008145432,162.6264630924042,164.01785123162566,162.03117793462636,157.62506584359232,162.95036210162826,141.92179130788548,144.65364960843445
2908,96.93333333333334,164.71001241568996,161.51393958684733,162.73736876062932,156.16316429243645,164.3240364226874,162.49916591581865,143.962514631534,143.84141791966485
2909,96.96666666666667,162.1833387287407,159.6359282338533,158.43806774347712,154.61202981824326,163.92851267559533,162.36843681135423,145.23967661380132,143.4183143018366
2910,97.0,159.1278986804334,157.27051238465518,155.72149496392117,151.703694073206,169.47429867474077,165.01801088022458,147.9806188351924,145.12642869145586
2911,97.03333333333333,158.0156608310526,156.65930054372,151.47816868471494,150.03719803639967,169.4976577633633,165.84861419897388,147.68268158778343,145.11093251790467
2912,97.06666666666666,156.56977188403192,154.32660781692468,148.74539798487535,147.53651616502273,171.32369251699242,167.55731635200993,147.1560416015504,145.73330209185062
2913,97.1,153.3816372579096,151.1047737995721,141.9772200806354,143.13939353038506,172.4875464495143,168.4583573756793,145.60929204657273,146.51657319844477
2914,97.13333333333334,148.17987019697114,149.30232032390182,143.0466838236937,140.79278875726754,172.54617446889878,168.8187111508708,147.19514196260283,145.3126380446862
2915,97.16666666666667,147.0247931949107,146.90801838060145,137.9930493188216,138.26187754028473,172.34043579042574,170.51059501768862,147.70817873539644,146.6103487116209
2916,97.2,144.91325097710518,143.5514557302477,134.81510325381814,133.7392076297539,172.14945707804958,171.4486667206664,147.32231838544445,147.31212090485764
2917,97.23333333333333,143.73531617661257,143.02366310511132,128.4205511220126,129.61942752436872,172.3382472180344,170.91516402642665,146.1687621771463,146.42698775479911
2918,97.26666666666667,143.16376885364804,142.10615111664822,129.5070871969792,128.97740201597537,172.0695705130479,172.68785888713913,146.92107523238488,146.36592797057608
2919,97.3,142.70676812350433,141.27430925520295,125.91904353252916,123.19260691030452,172.17322437157242,174.3906970631047,148.0778182523,145.1667899947522
2920,97.33333333333333,139.91369863629126,140.2448878694378,119.39997896918062,122.44962486218925,172.08497625029207,174.0596212306824,148.31668786287122,145.01918935111883
2921,97.36666666666666,136.8004239048814,140.61151019701626,115.75077071372114,122.05782870610767,172.185305125511,173.4139649346346,147.07612875771716,144.01183296343714
2922,97.4,138.65765302563918,142.15297402408362,112.0890645480492,117.60352206002312,172.54504114280104,172.64949161189543,146.26794248556007,142.1927559432619
2923,97.43333333333334,138.800548121566,138.72075647740556,110.83467452883154,117.12296972311387,172.41201123902815,170.9310713994978,143.0211758407664,140.89472697508262
2924,97.46666666666667,138.08020644929604,138.16183168467083,106.70841262986623,113.66906559920984,172.79649316580503,169.48054507755788,145.75983041742677,140.8342045355539
2925,97.5,138.70980296271898,138.5652855609079,105.24447552761188,111.22072652562461,172.6192792253724,168.84262588697058,145.68469999007576,141.06101496104034
2926,97.53333333333333,136.398017556769,136.27296605579383,104.75460463929585,109.9644440098816,173.0176365512538,169.04655288210458,145.6068292335924,141.64393893876465
2927,97.56666666666666,136.13791630978614,135.12355791676706,103.38030501231462,107.48981439626436,173.26756760623738,168.8709803959055,145.2552474913074,141.1129099772562
2928,97.6,134.43589257496467,132.18945322904403,102.14627375299769,106.33332382109984,173.36797397104274,168.66684502934555,143.85447134394622,140.11763855364444
2929,97.63333333333334,132.68396065386193,129.89650802085157,100.75164645293849,103.89493388029965,173.4692993406934,169.40925689063673,143.993571400261,140.22900648895245
2930,97.66666666666667,133.73456229405485,130.8360289649878,98.5519838864115,101.88984420812078,174.07805903592205,169.32191738282665,142.80850971192194,140.0287927181353
2931,97.7,133.5234694195806,132.09585209282793,98.41334072325508,102.05493626971504,174.35914141194974,168.20909843789946,142.96598222537608,140.1973667229463
2932,97.73333333333333,131.80895438189108,132.55542476376687,95.65249347970453,98.08826745490111,172.7841181469385,168.34997522350707,140.42794580182863,140.2957007148802
2933,97.76666666666667,130.28812492310914,131.8650397397647,92.48001636891532,96.47313538885335,172.80395302245012,168.20758211678108,139.87390622473936,139.90469701540164
2934,97.8,131.6757313816477,130.9475868872699,92.6557434938558,95.59657205144782,168.28941758221595,165.29587907671677,136.87796183929697,138.23697759276678
2935,97.83333333333333,130.52163514473594,131.71639983517275,88.73224065397787,90.87042369010942,170.89668285851704,167.11507805542917,139.47301776301055,139.22549499372303
2936,97.86666666666666,129.4773206288947,130.7973531920728,86.39307668328927,89.41198642270692,171.62043583418213,167.98983069955693,140.11174705563351,139.65821243872858
2937,97.9,128.08629689476638,130.28372718465369,85.08660790958707,89.35120120027322,170.9293885029326,167.54531932570728,139.24377872726726,139.98352938337803
2938,97.93333333333334,130.20132431942463,129.36156911926562,85.46958752200969,88.6501482555618,170.76973113950734,166.47642822930433,139.91394942739552,138.9528967458613
2939,97.96666666666667,129.56913819155776,129.09675498215367,83.90074719033076,87.9334449700828,171.0849265873704,167.68837874261516,138.58553703612787,138.5708706105496
2940,98.0,128.44222855630963,128.3493425374598,83.22032931088603,86.26306114811773,169.51564588871375,167.14811855720086,137.13724857337502,137.57517254263888
2941,98.03333333333333,126.84283498667553,126.61355963845708,82.44598386104704,86.42087735435591,168.81154483189752,165.73362901569837,136.92622936722145,138.17226155606812
2942,98.06666666666666,126.05236152786333,126.23813826306561,81.05184585456904,85.67501473426935,169.4131266344048,166.27126404177443,137.2900409651157,138.36231249746265
2943,98.1,124.30989324768143,124.97037483910754,77.54861182634548,80.95576385647172,170.77012066602276,168.0324248994445,137.71343035401623,139.53311405868908
2944,98.13333333333334,124.70596133548645,124.15311998327698,75.85932582740061,77.35603041525415,169.84553145876748,168.65311809666505,137.39187538986627,140.43025548466986
2945,98.16666666666667,125.08921259051982,124.55899652851795,75.30819318286474,76.58926262811553,169.06595326484657,167.99323301447896,136.17636359038337,139.13856846969335
2946,98.2,125.05491913277741,125.15650910381795,74.9482214291347,77.77926074475829,168.86702727651584,167.29193351153754,134.37049005824673,138.3420167252799
2947,98.23333333333333,125.50826989583821,126.44631538060301,74.2937796846034,76.81825765953216,168.64628650373604,168.62179436820088,134.16550314807662,138.54643963468646
2948,98.26666666666667,125.65881022288167,126.35054739371336,73.70635202342832,76.69852874986955,167.11193440734394,168.30413111978595,132.70501614072197,138.09231796782262
2949,98.3,124.01508680121539,124.41503880587601,70.32772044739309,72.43525341143523,168.80068639777065,169.95952140172002,134.06822094760102,138.2599837293286
2950,98.33333333333333,124.71260018852726,125.90744710901096,67.40635881972071,71.45354679904877,170.74772320118868,170.38793561443103,133.5046978423626,139.4902131358937
2951,98.36666666666666,123.37944136891622,124.81062762858886,67.48256214248427,72.41990238016123,170.32770929422927,169.07560573624943,134.47384478573798,139.0848216779687
2952,98.4,123.55042071338084,124.83281513592075,67.34707083580523,71.63657239060322,170.33799010859624,169.58398484008342,134.54536948729748,138.90198995545455
2953,98.43333333333334,123.48922440542722,124.5968024805473,67.23940302276847,71.80026328418163,170.5098570092589,169.211410362719,134.41948454185405,138.6571696044687
2954,98.46666666666667,123.93441618835735,125.1623504771072,66.71840181625764,72.11235211673993,171.279442425461,169.33362499972245,134.58966484542694,138.74862902643298
2955,98.5,124.57865684320373,125.9602506313103,65.91069965385302,71.49241855743027,172.11613371551877,170.0096016153646,134.63082510704783,138.81972052264257
2956,98.53333333333333,124.96906955876229,128.00241036453278,66.53617881589503,72.1979208090868,171.71778680900232,170.41278470166503,133.76768377399245,139.20223176569388
2957,98.56666666666666,124.10920683871358,127.38923048568427,64.4498399351539,71.08817168210078,172.78736520653192,171.04326297372276,133.89055630773967,140.3131244919733
2958,98.6,124.289147678518,127.30054898473153,64.99114544354127,71.18563850936084,172.52549320696446,170.95736633731738,134.21009506556626,140.22120527592583
2959,98.63333333333334,123.30998241191729,126.8089161163139,62.87206062847016,70.1950378462522,173.86478531501731,171.81882160695102,134.55216524759572,140.54253907629422
2960,98.66666666666667,123.66826669645181,126.78786056516921,63.873593696424116,70.25440179092297,173.67218826051413,171.9273876380171,135.56087353073383,140.9354327534876
2961,98.7,124.03538722009588,126.69140668210127,64.50156877145874,70.34725467479278,173.3836508827857,171.81149476171439,135.94645524958017,141.27629428882457
2962,98.73333333333333,124.61308851755622,127.34422203625554,65.05355147288837,70.6458870759436,173.23985985124207,171.9247209027551,135.95412957626579,141.43232664217516
2963,98.76666666666667,124.90672488919975,126.7763073307595,65.46841075145637,70.62431080306082,171.70078099195666,171.25183789831118,133.98263692607142,140.59774838787706
2964,98.8,124.54235196239249,126.38480799889618,65.10854238329516,69.71421555304372,172.16153609525705,171.4581263369332,136.06822347903565,140.36383390185537
2965,98.83333333333333,124.67523000884891,126.24406801532922,65.93692060932587,72.34523649608523,171.47152928625374,169.3926984921111,135.27741368067393,139.8682171763779
2966,98.86666666666666,124.64512630620322,126.17996794754106,66.00732818875079,72.31546535276426,172.82983302320991,170.32577375806346,136.2340650568132,139.6951426584365
2967,98.9,124.95860200197534,126.1200719359211,65.95998931647935,71.77081702279678,172.27844914515282,170.31859902269284,135.0845193016148,139.17153578732672
2968,98.93333333333334,126.14365381903963,126.31230308225567,68.00273589003541,71.94579606106538,171.64606094808835,171.24167946355672,134.12058848161655,139.32420813572077
2969,98.96666666666667,126.07083293835042,125.59252341895939,69.32939959153654,71.82967191967019,170.3288425309506,170.80995615518074,133.86930852533573,138.63205952305242
2970,99.0,126.27088382706641,125.3223640245184,69.87729858320684,72.46401898386553,169.89302125723435,170.39797012384824,133.69421556281557,138.86235582677344
2971,99.03333333333333,126.06216512162133,125.14303548745433,69.39963663650508,71.8081611089122,170.4090462226454,170.94977504522842,133.94318666672052,139.22116267157193
2972,99.06666666666666,126.21917358613634,125.10341151190018,70.09770083149738,72.26484429509756,170.05847382815455,170.57712432300127,133.99471725057631,139.2370475947862
2973,99.1,126.10421009230598,124.9976465422447,70.23419328147685,72.42692950823235,170.11471041475565,170.7000641185065,133.989362075343,139.50304962782383
2974,99.13333333333334,125.98885186014215,124.81378826836306,70.1881394503553,72.47766334034357,171.31074481849154,171.25608730055404,134.96672722138936,139.8392986000419
2975,99.16666666666667,125.75651305229933,121.87790224279016,73.14920650749026,72.45361807769348,168.39381313668062,169.69731120234783,135.0757099141647,139.59443103091016
2976,99.2,126.03861895193984,124.0244513652895,73.31559279264141,75.40411003390803,168.7033727049794,168.52057920629161,134.47087289507178,139.32039049804607
2977,99.23333333333333,125.72395748210147,124.60784657554403,72.75333164283786,75.85017685654527,169.29783231396834,168.67819860737458,133.89145075227455,138.5878464616158
2978,99.26666666666667,125.75325627006578,124.62847154840681,72.95225031697322,75.50693579362846,168.74974609399243,168.86891663139667,133.10095431090534,138.6867152738144
2979,99.3,126.45503490754301,124.65537265289338,73.51824472479645,75.37491949688173,168.1461896284663,168.92683649826355,132.73155494608648,138.8262483679864
2980,99.33333333333333,126.40603773668889,124.28461428369961,73.37508355757454,75.4019425363018,165.83013395736683,167.1396395585724,132.1673976181487,138.354439662868
2981,99.36666666666666,123.98851013876326,123.75706096961895,69.01820380755531,71.9477418066003,169.27271870735052,170.59164087259472,132.59018023665743,140.12786886565027
2982,99.4,125.38762150096522,123.13892469766886,72.50365908787043,72.5576589086353,166.86191492616524,169.5491664099774,132.86534926580433,139.78733884737403
2983,99.43333333333334,125.09336985407131,120.0156204224603,74.04739983749789,73.20254882750238,165.11715825064525,165.84067162190877,133.3436275143327,137.79909951423903
2984,99.46666666666667,126.05844723222539,122.42997309486312,75.13792778961952,74.68497312125463,164.03303636064118,165.31023229090175,132.59201357877686,136.05514177087102
2985,99.5,125.31888365569931,123.09822767678642,74.53791492109741,76.12191785491493,164.07279050516777,163.72377227426685,130.33973420798625,135.00796576839633
2986,99.53333333333333,118.36569421023073,120.09671384586481,67.66991012473865,72.49146561231885,165.80197738712155,164.39984077486739,130.94448803141827,135.90490261305231
2987,99.56666666666666,108.01770659717575,120.8479814820265,55.337477995157045,69.59445558494387,168.95218890602584,165.7875388727411,132.05479438831068,137.66840651790383
2988,99.6,110.72912113760172,122.85491873776266,51.35636408646083,63.99865882368079,170.30739575780487,167.78400570283927,132.37735375923458,140.13532801595485
2989,99.63333333333334,110.63996405357763,128.77005937802457,40.20452146491456,55.793592687003326,173.06406752865982,172.85396975551026,133.7234977028467,142.3311717370708
2990,99.66666666666667,102.32539395843868,141.34893007281008,30.043907492144935,64.48167832607032,172.3159819118508,169.37967278869303,136.45007456405943,144.0598564294371
2991,99.7,114.20763688723267,145.29024366679886,26.00284929358139,52.388141958069376,173.30435649584925,172.89479256311915,139.89726853729624,144.44068519293714
2992,99.73333333333333,122.82848760212632,137.25501974493764,24.791751099629426,33.94276785995235,173.2495872291949,173.86764684590182,141.60279926507317,147.2704797588137
2993,99.76666666666667,132.7933847276951,141.82650009111967,23.182099087935562,36.5213243120271,171.8801288476674,173.4561671797623,133.8679183191867,141.81309243807382
2994,99.8,113.09113118358677,120.71417509931678,19.11053121920782,18.909295013850407,157.8539522923237,163.39656650214508,126.40228751230373,136.85189713046802
2995,99.83333333333333,114.98686532719417,115.56054783360993,15.834040344155023,15.188652157824215,153.9720661193856,158.91235437870984,126.40539768755988,134.9996635458118
2996,99.86666666666666,110.85725526896194,115.99435177902006,13.473593365053723,15.07212910003085,154.07135509647202,153.59737786902173,127.8797000107401,131.27571912742872
2997,99.9,118.39532675891977,113.29087433844411,13.31806150886663,14.600677749560132,151.66049442871542,151.65378736047074,129.60983830602075,131.07555530738676
2998,99.93333333333334,121.77924204290974,119.0446340241985,15.341497697412047,19.57331539526991,152.91998473164975,152.39102902551787,127.15939848125954,130.98768419832527
2999,99.96666666666667,126.9350871206589,123.67705772170626,22.37205978601036,23.50494799927893,148.66726761776982,152.47640140779993,123.60490278596828,130.98524770782126
3000,100.0,127.17424883201639,117.59749978183417,22.340063724583853,18.24301774947059,149.86065162171673,153.251731919052,123.61920136660085,131.34709186416623
3001,100.03333333333333,126.25412087158207,118.75309850997164,22.722532664737642,19.70452036896906,150.6364305950008,153.28542843840378,123.50675468541813,131.6244086452864
3002,100.06666666666666,125.77964102601783,120.87883720119703,22.99943326544403,21.455640293137723,151.73986648963975,155.27114686315346,123.87027163288133,131.53742331609266
3003,100.1,122.77062906809427,119.4815385334137,22.5296350318158,20.874870737935527,149.31772717141237,154.94922321607135,122.88852440864264,131.04644263763757
3004,100.13333333333334,122.11073449411275,118.31309042498694,22.303984727167304,21.76098512312617,148.8798922993867,153.5502083821126,122.88889727325684,131.86141396651092
3005,100.16666666666667,121.52872070065446,118.81461222985521,22.100989361061583,23.287308535689014,151.56890795590294,155.15210610493298,125.239554577047,133.00415224335083
3006,100.2,120.70125665063158,118.28645866950913,21.253569364721987,24.006342112132018,151.77909528360865,156.5253913550291,125.16212177589644,134.02457947537144
3007,100.23333333333333,122.38751324253403,118.41779033959165,21.235059047649795,24.599082294134032,153.00779725451824,156.6954600034745,126.17534632280051,134.85631703703726
3008,100.26666666666667,119.75277418672275,118.54510935999966,20.075440640233236,25.567354373467918,152.04796805079366,157.24791774517556,125.79169651769156,135.0664011530059
3009,100.3,117.58420113413062,117.26060407103853,16.157068704484978,24.492512394457254,152.49053302876848,157.08232189018884,126.4372039650219,135.06900803663305
3010,100.33333333333333,118.10851607554466,116.66634522870643,16.732765558622663,24.021205411400594,151.29830056879146,157.06538789655428,125.1853924190894,134.8923660210033
3011,100.36666666666666,118.7135029482808,115.74824017016562,15.446685666502042,21.9643364622851,153.76790702402607,156.43721236845755,126.87412243144433,134.36123920884242
3012,100.4,117.23928391667873,113.4421376849171,15.023160981477234,21.45092878210527,152.88741392822382,155.5856196519707,126.3999501204108,133.42920734818946
3013,100.43333333333334,114.61876153494771,113.66446042537942,14.221735738836681,21.486571003826082,156.24138613015324,156.35975066781046,126.7059080792772,133.6438611005421
3014,100.46666666666667,115.5391542637891,112.39939455866346,14.516107666847951,20.436313849727256,155.27393130599935,156.11485429080287,127.27159851767408,133.76373587613026
3015,100.5,115.14449283340427,111.51887889948097,14.76338965928267,20.243961165028935,155.51315705365485,156.72647049667188,126.6255748593952,133.82740788780006
3016,100.53333333333333,113.2940472815572,111.27951555500292,15.20904970190343,20.51434892340768,155.26070370631265,156.42931815365182,126.58121136907599,133.54796527893373
3017,100.56666666666666,113.94725823540013,109.91830186575659,15.409529729441301,20.26050515046982,154.84412862479851,156.82939837280998,126.00529264768437,132.99023602144894
3018,100.6,115.25761420266633,108.66107945450162,15.079800060509134,20.466139754564693,156.2674206531746,155.41944559675963,127.26167097063139,132.73146326382954
3019,100.63333333333334,113.30438478221828,104.29440306573441,15.102556360678559,19.896588935020176,154.87551124082393,152.906901621391,126.72079337076572,132.7631288175023
3020,100.66666666666667,112.91125168956064,103.62929974475072,15.578343129437531,19.442650273507887,154.28523684135436,151.2641101857148,126.00085817980111,131.56379455593859
3021,100.7,111.32161953652458,110.14680184580955,15.6173583794759,20.196431972063202,154.02449725063607,150.3297295473387,126.425978306746,130.15581377140055
3022,100.73333333333333,111.85143230271613,111.73280429383553,14.855874745784785,20.399309921501537,154.70458409439854,150.70927035791067,127.20978672635145,128.94503281298518
3023,100.76666666666667,111.59258567057942,113.767038329577,14.765196110110333,20.044485769405867,156.0515380111088,151.93900391796495,128.35426665657548,130.78676049936257
3024,100.8,109.31536464449806,113.43317158974773,14.611704721711925,20.410629881768703,156.13015216133167,150.87697187075398,130.17207476905594,131.98260510573124
3025,100.83333333333333,106.60950184721193,114.98475062577042,15.476338815994591,22.187033564838494,156.11310420262748,149.27464232510363,131.70177256749906,133.62802587875373
3026,100.86666666666666,106.65446187531508,113.7646127009029,16.060649125354445,21.395970400860904,156.05217227531995,150.6023070962112,130.21117792014144,133.83752757364635
3027,100.9,106.45216222740082,115.18363997051738,15.774413978032017,22.209074438686997,154.49080913027052,147.52315910343975,129.00986822897644,134.36778089568543
3028,100.93333333333334,106.25913792728919,116.50131635500175,14.355959095817067,22.56726874830662,152.19721843139487,146.63936011956255,130.7183771980081,137.67951626761842
3029,100.96666666666667,103.05255109952225,118.2458761601093,14.322425244578666,28.02387621589708,151.69623181990346,145.1130894978479,132.00442269776633,137.47434663590894
3030,101.0,104.1770327916714,119.78437429927857,10.953556932800813,33.12616971173898,147.38183789394444,140.55550499396168,131.6408399762925,137.4574322530719
3031,101.03333333333333,103.28924867238575,121.33479693088196,10.52528083802368,33.951493799338316,150.04528003091175,143.78475765423764,133.70330582502885,137.22126743437354
3032,101.06666666666666,106.39011456539318,120.9733328218361,12.464692732493619,30.753757972960457,155.73976391512176,146.9443284623629,134.4416992482744,139.18424258345627
3033,101.1,109.32462477920356,121.14616691106414,13.700333421964633,29.63827925643513,159.96244950275738,149.3990376959264,138.13408128696827,142.94225722910406
3034,101.13333333333334,106.82641174010169,123.21568690725428,13.180501738437624,31.680230908554567,159.95954510921612,149.65444300155295,140.36142846094825,143.57512432067702
3035,101.16666666666667,106.86159520509226,122.06650041389183,12.716847534900017,30.485066101615725,159.88895202934836,150.16666615823593,138.32326849744,143.17811834979923
3036,101.2,107.30165769290603,123.18905403088019,12.227418165993377,30.573856446724285,162.23920062179343,150.14901327963264,140.38266268979936,144.73196158908328
3037,101.23333333333333,106.43965225743852,124.68926273677643,9.923483185805361,34.89039613628886,161.08628799900234,148.15476606542254,140.80268445976566,143.5851739990998
3038,101.26666666666667,105.83226516060084,130.46589190147355,17.93163434519893,34.28578420612364,171.602113540672,150.88921766003915,144.05077325285978,144.22948625835215
3039,101.3,107.54164195381337,126.2452445602488,14.882951279819856,33.02763191286836,169.64923605709538,152.60389148499698,144.27659102768968,144.7701998926337
3040,101.33333333333333,107.59435479611763,124.46404143652465,16.33580983453764,35.138723113842744,171.30812170982,154.3967201885747,144.66896496820812,146.3973958060368
3041,101.36666666666666,106.9435073253554,127.6288186000578,21.196563616556915,35.99455637314434,175.79467987735086,157.36066094282236,144.81996648673558,145.76691868784897
3042,101.4,108.15033654053092,131.16288800716538,25.700123742390705,38.17292654589485,176.26186343576512,159.80057698755692,147.0899381250918,145.86265479172707
3043,101.43333333333334,108.21055030553596,131.11325768210716,27.847924758252898,35.81937344929387,174.6395201112397,161.91125655528688,147.162636125343,147.3850048382929
3044,101.46666666666667,109.49763232177277,131.05007101442936,29.262869273579202,36.04757512519672,172.94164832368614,163.4922548091293,148.02825358534042,148.38806252156547
3045,101.5,109.93852188451966,130.3181113675803,30.446570962243666,32.606609397718096,172.5109103441554,163.09139456440857,149.84361665554513,147.80154190061546
3046,101.53333333333333,111.4737116425745,131.6288220784739,33.03270494850502,33.374153344715715,169.67266599964043,165.33658036752513,150.99963944627547,149.49489510928964
3047,101.56666666666666,112.45100141564421,133.18724100267755,28.99697173623633,35.06619416117283,169.9079423743081,165.82950359642527,154.2263016559212,150.3268691150083
3048,101.6,110.04038059027765,136.47899194445446,30.678551001345465,38.14844640833912,164.98569961655343,161.76879378766532,158.49526458180935,150.30090677439497
3049,101.63333333333334,110.7169104493802,137.44027604137307,30.191200020541764,39.027570827298106,164.2359705800056,162.65323879368444,159.92686167167702,151.45711436287763
3050,101.66666666666667,111.58102414913661,137.418485313092,32.79497042136397,38.102741183866875,163.29449141207525,161.9814914854647,160.05347630238143,152.88478395622275
3051,101.7,112.71156091453159,138.04621073535785,30.446322241363962,40.34503441684315,159.46584905520427,159.51055216307284,166.64130365138212,152.78500700825523
3052,101.73333333333333,110.917677641432,137.42786138629293,30.170547953736936,38.40435858670542,164.0016171331978,160.61042408055647,161.66975982949427,152.62277824629982
3053,101.76666666666667,110.36253700393594,139.00683901992946,29.535338753779325,39.98678714020789,162.4181745291478,158.93145692532835,161.87810904812366,150.99050730608127
3054,101.8,110.53647415627125,139.01258905471016,27.616905307919144,45.39127003935296,159.88533184435684,158.97115959972453,164.4516244684558,151.55809125797927
3055,101.83333333333333,109.57722508883184,139.5895956550495,27.493174429075047,45.796189767475774,162.5961944072142,159.13031635717658,161.41027196758984,152.82986587055296
3056,101.86666666666666,106.62578837803568,137.36114702196684,27.322688458267276,43.92475387818885,163.2023740994268,155.00146968533684,161.32075888899175,148.15554503058402
3057,101.9,104.43807284712675,136.92675328497575,24.69437185634817,44.13264009542302,166.57008291217477,154.91261092371997,158.82127032731557,149.19318840990977
3058,101.93333333333334,103.59520477649811,137.28821793163965,25.351261336050847,44.26601870187694,164.66617264120222,152.15657524493844,159.9075511405824,145.88446493540275
3059,101.96666666666667,105.24920854130258,137.45898692349542,20.578497332990253,40.068910526228755,160.8449157908774,144.00704758756766,164.44241359324732,141.8002141177222
3060,102.0,101.96126884972455,138.2078484653706,23.842674900276386,38.22238607146723,160.55112434457675,147.8562536406683,161.71062032720988,143.2165320859382
3061,102.03333333333333,99.97007762388971,138.50700476619642,23.639842359262143,32.40903079243608,161.42719224000112,147.05897816858737,161.69416148897196,143.0399501204462
3062,102.06666666666666,101.17150544274985,142.13439381616217,17.31114478422543,37.98060863544406,165.31580330950993,153.36967051238852,159.7630758433522,141.47773611437253
3063,102.1,102.14953305384363,140.98286453906422,18.767411959366807,40.089699634265976,165.788198612338,154.75168581763575,159.76218541182544,144.388269273295
3064,102.13333333333334,103.22078676516053,135.003290564903,24.248599719716672,40.01495137212895,166.42150212944117,159.22287349020746,162.926402160866,150.7725455516919
3065,102.16666666666667,101.18764494312964,136.80279039709916,25.14036420402233,39.53054005719534,168.33320106963419,160.08135648345623,160.74114749967524,151.02324517479948
3066,102.2,102.94679998539904,135.01202509527505,19.774276630351288,39.506954774760835,172.8274758381378,157.72333715279538,158.33235554281657,150.3738322300673
3067,102.23333333333333,103.96000172257607,136.39027153886954,21.786138486806866,39.05200173998894,169.08808831898608,157.4303891304455,158.10378838427405,149.5721579651259
3068,102.26666666666667,98.56408723837528,146.0210714843982,22.220199636210545,40.46937194384805,170.71986395602127,154.0507698857161,157.78533239768925,146.8927934463113
3069,102.3,101.45600558936823,144.40011424200085,20.584504618750476,39.18402133276852,171.776234167783,151.39152947214083,155.6622386227672,144.22393800938596
3070,102.33333333333333,95.21348742587179,150.2145586026795,18.34480398616647,37.520087377999126,174.39756998484995,151.5489984702429,153.94858406774745,141.11207521843977
3071,102.36666666666666,,150.91163558777086,,34.503755146215354,169.37262127294738,148.31718650300667,157.2702811549215,141.60307762732455
3072,102.4,,153.38893187421,,36.64964192542587,171.97998797226634,146.7282709663796,157.12305922558247,140.52204249369638
3073,102.43333333333334,,152.67406456314905,,40.980057172152215,163.890333403972,147.64112916489506,162.65975037372803,143.72723807528288
3074,102.46666666666667,,151.00790622052008,,42.61577003990936,166.6480757598746,148.2182512737787,160.10965213658892,143.63496484854264
3075,102.5,,148.3826316603854,,44.39077388641747,167.31309373393776,148.8269504412527,159.86743276994756,143.48949840816908
3076,102.53333333333333,,145.61894732635758,,41.3090910623383,172.25084082076998,151.45610806843615,156.66273273967278,145.70959475514988
3077,102.56666666666666,,133.64778635927016,,43.32936972109882,165.1520271287693,151.9045746721693,163.2890616213792,145.67032447818377
3078,102.6,,149.35501476725094,,44.30384675591103,166.0021684966191,151.9744399205157,162.12541002483206,143.98462817001808
3079,102.63333333333334,,148.18690193323565,,43.34721612524738,165.11780334082442,152.05969963808656,163.62379200330955,144.15347687454044
3080,102.66666666666667,,135.6852074188938,,43.075524952298345,160.29700533714686,152.98451909325198,168.43815745298645,145.74161861987253
3081,102.7,,130.6694263944065,,42.607369909267305,160.52722620627452,159.43975469451868,168.4665072034989,151.37820257757969
3082,102.73333333333333,,130.86463014909648,,45.77960587560522,160.6768684012255,157.5452193649689,168.52354222362004,152.25598830396086
3083,102.76666666666667,,131.37170073975295,,46.64105502865805,163.2746802077504,157.5284657917051,167.33212621384095,150.08106384094452
3084,102.8,,131.8965675674421,,47.55932685597824,164.34923435378815,162.3411075391133,166.630085194077,153.6650123904503
3085,102.83333333333333,,133.36844739782393,,47.5246204077236,162.1648044657856,163.05148941642753,165.72599496764414,154.5368801571154
3086,102.86666666666666,,135.61481381168164,,46.64344088980409,162.3236698177345,162.69612243266883,165.18785136420104,154.88932223062483
3087,102.9,,134.76818952865392,,48.028055113241216,167.34193159845032,164.44373554504529,162.2318325801513,155.92223080612916
3088,102.93333333333334,,134.15719716935504,,47.91409504861826,165.08749150354015,165.83024185043615,162.37997819197284,156.10617308113913
3089,102.96666666666667,,139.7118081026385,,47.44645356947066,166.00889210306843,166.42178974777164,159.19906374077183,156.79224111920828
3090,103.0,,140.81487578129708,,43.75755030853765,163.99768410345544,168.96993732556695,161.9984739770498,161.68481717453034
3091,103.03333333333333,,141.722387893476,,43.588876411923614,161.59547619078268,165.54470688000913,161.64984389131592,157.38948865655226
3092,103.06666666666666,,140.72507024902046,,43.35312151554329,162.93512305005714,164.37519163119245,163.09680698554342,156.37840097113624
3093,103.1,,140.4077701135719,,41.35058664937454,163.98114963780614,166.86898758989153,162.21027445611267,158.99946855023032
3094,103.13333333333334,,142.06748728840253,,41.88717774855462,160.37018354872046,167.02172314796684,163.60182004920273,159.81414809796522
3095,103.16666666666667,,141.8641223191221,,42.17480030801813,160.59555517479498,164.72881922843726,162.95657526891884,157.5586661517438
3096,103.2,,141.3732047874939,,41.4915611890646,161.30295309617972,166.49184219417344,162.59056678152118,156.6111206769748
3097,103.23333333333333,,139.98584701003236,,44.15093706232666,163.60804717565793,162.60148809680936,165.29486273362897,154.85782144330165
3098,103.26666666666667,,141.27792319518338,,44.39045033267897,159.99325604338037,165.89640001963437,165.1713312224945,157.32254287582234
3099,103.3,,141.43148717752908,,44.02825785657921,160.33908956709493,165.0764814735064,164.42900425986392,156.50714778555138
3100,103.33333333333333,,142.39872922345438,,43.038636026520244,157.8833964462164,166.17450852883437,164.37262269410186,156.78102616304201
3101,103.36666666666666,,142.29743711650053,,40.17375391571817,161.0525225729504,167.67570910093738,164.22925714508247,157.47792187881547
3102,103.4,,144.2444583195785,,42.853668621645355,160.95924765439807,167.72411925419675,164.5010968431514,158.09640941160188
3103,103.43333333333334,,144.7759657410723,,47.58135545993459,161.37087325415135,166.74401575328494,162.06054355867278,158.31618271099552
3104,103.46666666666667,,143.31212100151242,,47.363097917241014,163.2521715342681,166.37918753900712,162.44948280409338,157.63181876646382
3105,103.5,,142.54264227583533,,46.888773236448394,162.69671647651168,166.16104056834172,160.53811405958805,156.0323233759983
3106,103.53333333333333,,142.1717324345444,,47.58673961356202,163.27338081232847,165.1672833085757,160.63538220971705,156.10431914148776
3107,103.56666666666666,,142.8002612733874,,46.198784391099245,164.5344224263109,164.4033171121976,161.33993082788228,156.97358186592479
3108,103.6,,142.34412344772542,,45.07939175816732,164.95020052337318,163.83105698442873,160.67492666765912,155.98258627305614
3109,103.63333333333334,,143.55922837284973,,45.792826155177046,164.1918297825088,165.5725984184346,159.88377231587012,156.48670399829433
3110,103.66666666666667,,143.8898711884879,,46.1846410052152,165.05554335934656,165.73742538517973,162.80082517036777,157.53536361365448
3111,103.7,,141.09304297797354,,41.80869292778029,166.1298087605603,167.32363467132345,161.0841695002503,157.07495896514703
3112,103.73333333333333,,141.28244663126648,,43.9744470138344,165.6896658092027,168.0159136532017,162.99683229201952,157.47034571873672
3113,103.76666666666667,,141.33631742552225,,44.97629721278159,165.88586772274567,168.09798598472142,160.49546601813472,156.20067469541715
3114,103.8,,139.95546669961686,,43.985482239880135,167.01931766890195,167.01873697684587,161.39347456773828,157.12560812869123
3115,103.83333333333333,,139.60073713209238,,44.72548834632646,165.86191071235524,167.39531029849198,162.54188816959874,157.82552306450486
3116,103.86666666666666,,138.6615126686684,,46.116354743265134,165.54687170844252,166.61026627853096,161.72333809781267,157.12686793824957
3117,103.9,,139.78630256702067,,45.37659620461903,162.67985443578831,167.45293840232648,162.62693202528664,158.7709183604359
3118,103.93333333333334,,139.84585094608855,,44.05596512667312,165.01098778794142,167.52633393993818,163.11404088517128,157.8583871357238
3119,103.96666666666667,,139.7187718360314,,44.594136270425594,169.63491822414198,163.22328558204228,159.4201539128938,155.15572513652324
3120,104.0,,139.4615299313916,,41.46638845644456,169.7428752743666,163.04908737445948,159.82376602846128,154.87908062673407
3121,104.03333333333333,,138.99588589126213,,42.29942112280902,170.70800887335938,161.57716455755948,159.01574589918346,153.93615747565434
3122,104.06666666666666,,138.35249758689747,,40.42797959761377,169.98651312513294,162.40274097155896,158.737290488526,154.0513246916415
3123,104.1,,138.84616693214912,,42.1621497072078,168.02123943346993,162.4944942414566,158.98712739453717,154.23592200971837
3124,104.13333333333334,,139.4900683623083,,43.639417801055856,167.37222430579945,162.82259811826603,159.9227340085259,154.51247606489372
3125,104.16666666666667,,138.93675941874957,,43.60152448380313,167.39848984492272,162.8758700524999,160.2614741690804,154.44972888445113
3126,104.2,,139.28454226763833,,42.57481531685495,165.95535751333517,164.88427555188798,160.58596859678647,155.2585410678806
3127,104.23333333333333,,138.44291061190177,,42.19900458240149,168.02288620401927,164.45948591355418,160.52936622073094,154.9529951992434
3128,104.26666666666667,,137.23997723642873,,41.43732163707895,168.83710810995956,161.76950454649852,160.25312747894935,153.20327994400014
3129,104.3,,138.043112056667,,40.51487497240438,169.24275499065638,165.5266972556898,159.6300104697379,154.02181624311547
3130,104.33333333333333,,138.0130716191628,,40.7806003975083,168.67380792495882,165.8983574899868,160.06247722019506,154.705226495372
3131,104.36666666666666,,139.21657397743493,,41.47734774940752,168.0527093711052,164.31771598552845,159.39395584316938,153.20269281618417
3132,104.4,,137.1830266506526,,37.510138900531864,170.7988631253038,165.03547753364566,159.41183568069286,154.06299786649413
3133,104.43333333333334,,136.82504343170905,,38.656469534483676,170.93705250792326,164.47612318759403,158.61341550714954,153.61595421924946
3134,104.46666666666667,,137.86664042108123,,41.70789563817753,169.76892507505718,165.0082814456827,158.20913803600348,154.47024233261425
3135,104.5,,141.0632085894585,,43.959056611533136,169.24905743105938,161.23228395997705,159.095194204263,153.230601246897
3136,104.53333333333333,,141.26888596963406,,43.3475256375102,168.35032423641252,162.62816121650442,159.89338917057327,153.11429323774016
3137,104.56666666666666,,142.6863678202433,,44.461632942412976,171.17555884907415,161.85748460757117,155.2955778736053,152.06148644483545
3138,104.6,,141.56445139644288,,40.88873494260796,168.24930664290423,165.1239154674009,158.7666754479464,153.8967162320257
3139,104.63333333333334,,138.9832177526646,,39.11638059451643,172.03121442383858,164.14167412520263,156.51068832949827,152.4549743366877
3140,104.66666666666667,,139.5065965231969,,39.27133947220695,172.56926781174872,163.83721014460042,155.67475520737298,152.2676739307221
3141,104.7,,136.19432992892646,,39.96378060021869,176.3777835836027,161.6082446319277,155.16080651446038,150.56834912198315
3142,104.73333333333333,,135.91077644801956,,40.871024282993254,174.23139954016398,161.61107498821053,154.58817700115827,150.08245946161122
3143,104.76666666666667,,141.5639927362669,,34.07780208131858,174.08299086156921,163.0605439290205,155.99120068382345,151.2262119865441
3144,104.8,,138.83167534430433,,38.24513325717989,175.83839246179704,161.94100010674904,155.29434238694213,150.89038615195443
3145,104.83333333333333,,140.17692544119558,,42.97017662318362,173.0048807415984,160.17625061858186,157.37177643955204,150.672943342171
3146,104.86666666666666,,141.26459810313148,,39.4140063207779,169.28413205775126,164.16180289428252,156.22984984277824,152.2813917728303
3147,104.9,,140.99481957237688,,38.794150839164274,169.5772638199168,164.71173444689796,157.86608647098797,152.84599340807299
3148,104.93333333333334,,141.3653701683249,,39.678160037643096,168.8763682940308,164.48303319381995,157.11875618128929,152.73727717033069
3149,104.96666666666667,,141.695588895193,,40.50429144074522,167.7180495826426,164.95198262613826,159.8146799596558,153.524529630382
3150,105.0,,140.91585603483293,,41.51312662384472,170.45276501074756,161.53390533494627,157.5131065159094,152.4263904159626
3151,105.03333333333333,,141.3105775654139,,41.89548389757213,168.79149791113153,161.21554275955208,158.62271556552943,153.67535623896595
3152,105.06666666666666,,140.95419254654345,,42.48918225324802,167.31713506243722,161.57020101608921,158.89684480403392,153.18044749664014
3153,105.1,,139.58993999104342,,42.43437936300462,168.05720507261717,163.58245409081644,158.741252625772,153.98271886420372
3154,105.13333333333334,,138.60776385300076,,44.71200411010251,166.1273312871602,165.97038198038305,159.50749442320583,154.54174974918396
3155,105.16666666666667,,131.93236793251046,,45.08782762172809,167.12057799538402,164.29004273582942,159.87725865288837,153.36336889899104
3156,105.2,,129.82301980360066,,46.819147357295655,170.43957551543255,160.8506627600855,160.10023618787983,151.89615498491332
3157,105.23333333333333,,129.38236938831017,,47.81088683944917,168.68337913899543,163.0484272791566,159.61618343599145,151.370037237437
3158,105.26666666666667,,127.36145109250768,,47.81962965156571,169.0309179905922,163.23883427964714,158.6018813603917,150.56162231371766
3159,105.3,,129.13005292346287,,49.313926036909216,164.39710010483714,165.77280641654542,159.9932504811865,153.41531223098553
3160,105.33333333333333,,129.45610656140812,,50.89260634056211,162.16015875416056,165.67644135788186,159.31113565393278,151.62154112075646
3161,105.36666666666666,,127.9430519813768,,56.31574988439985,161.35999542306737,163.36552248883734,158.84228180304956,148.02938075378523
3162,105.4,,130.36259792052255,,62.70900905857858,157.7058976845063,162.1884720414506,160.3663378783426,147.2967380707465
3163,105.43333333333334,,130.00522948609407,,65.10150540848757,161.41443047878357,163.01103375056243,158.99270325998359,145.0874077851612
3164,105.46666666666667,,116.70438228756228,,61.83321413669251,151.78908968831988,157.49973930964862,165.2964821449779,140.73376391871685
3165,105.5,,112.50862578931921,,61.803351174414296,151.83220975633614,155.37108480172003,162.72528004364491,139.14767640963626
3166,105.53333333333333,,128.00066953131343,,74.26652769606306,154.0547347851258,156.63382667219727,161.46078116093395,141.10545200778452
3167,105.56666666666666,,128.89753791754532,,73.04229411661069,154.69656078316353,162.78334779608642,163.49469764831264,147.75891506632667
3168,105.6,75.75486628541248,126.57683477701055,16.839719610408146,72.19755043159815,155.44445434904185,164.64733643921613,163.68905885632407,149.26415077458535
3169,105.63333333333334,72.38748753346958,124.98098891468646,15.832454933632222,72.84497483179291,156.2167554187963,165.40775999484987,160.27735373064826,149.24549844098962
3170,105.66666666666667,76.61170331243727,117.61346472621958,17.304151448896384,70.9016854341353,154.69683460229925,171.26112233601316,160.46187119645205,153.87464163348577
3171,105.7,79.32752781749699,115.07815191383548,15.332825509825515,70.40895880119368,154.97391182685848,171.65994347683628,159.27418553239036,154.04689601291054
3172,105.73333333333333,82.00305732202497,116.38388625841046,14.422990608841895,72.0024152017731,152.8790294762738,163.7532637915148,158.45937080344106,148.10401944390298
3173,105.76666666666667,84.3890718765378,115.44825098845324,14.186410833064269,71.55417800406748,152.17106664238744,166.03769906547882,158.92666761644156,148.83803785141257
3174,105.8,96.81702672190103,113.86845741860581,15.369739704793595,70.21259854779369,153.06265137298183,167.1991838716395,159.34826073068788,148.1981273274433
3175,105.83333333333333,97.0674290797542,112.69530104982917,16.60371769768472,70.63552395862439,153.37071145296062,166.76268824892307,158.71560810967298,147.51489641282234
3176,105.86666666666666,94.80551827561847,112.63980655041617,15.434666182447554,70.6000421842212,150.53455857009317,166.68475966259987,160.34984280169434,147.64800866758762
3177,105.9,94.76489360744962,109.5373306269305,15.055123487333416,69.9130936763892,151.10744603700772,166.1141942259609,159.11457130069886,147.6388104258916
3178,105.93333333333334,92.50274162424385,108.86899397893683,14.420670787535945,71.18259414138973,151.33538786023183,165.71328839221047,159.74723896428074,147.26105304524685
3179,105.96666666666667,86.30578251094238,108.56796094865834,13.08327641156998,72.9088388167839,153.23505169225,168.74760733548558,159.19947828773013,150.81478770203168
3180,106.0,87.88725582939688,108.93713951986169,13.796976579765802,72.7292390524889,155.06348976697012,167.34614663483717,157.60510233743886,149.4301406483513
3181,106.03333333333333,85.78172743955304,107.9905206043933,13.008481874214205,72.19940786173305,155.23863700508485,168.1083522034077,157.61951919534098,150.1083648971146
3182,106.06666666666666,81.43736857458681,111.03913489208269,12.815658539373482,74.82299400073497,155.0256376716673,167.76661464436012,158.0166747718096,150.12468763201082
3183,106.1,85.56750559188876,110.00525007959448,13.191580902436245,75.0350221062549,157.33908762039437,168.57479529283913,156.6061192966671,150.6762445316997
3184,106.13333333333334,80.53364437382673,112.57413269173394,13.047755607333949,74.6333646553976,157.3339408516136,168.62797584519205,157.35285483881688,151.81993841096144
3185,106.16666666666667,60.005190853224576,117.69346058224366,24.945266634912546,81.286056697169,156.7516000336758,166.17516321437955,157.25873092092306,151.9578182775779
3186,106.2,60.0126526744034,119.37505165427646,24.34097611133,83.15527839994348,156.41362619836093,165.6868083930892,157.37388018482486,152.01234760026333
3187,106.23333333333333,58.243798807839624,116.49920991251008,30.167156505810457,85.45851569489687,155.86852682162052,168.799804834997,157.97970133484984,154.73120530042183
3188,106.26666666666667,53.639555851067165,118.63126733194564,38.24902046235593,86.16784549905466,152.09841387405518,170.79760442362206,161.43561142062262,156.55858392397028
3189,106.3,65.34147868418331,118.17902809262739,37.525127629265114,87.86100315901326,152.19299664148556,173.7566021223655,164.10309804570818,157.78893575880306
3190,106.33333333333333,69.42778436053693,121.37782914479322,46.373168866958224,93.16024644794146,152.9145044747571,174.62388350830926,164.0053529288672,159.56385706304786
3191,106.36666666666666,68.42243699713552,130.61455955952349,80.5105958479473,99.87844084439052,155.27656980044375,169.60113146890956,164.3686242030734,161.5189619769655
3192,106.4,105.38526427568637,134.36398761529455,98.31704124005644,104.53010459946289,159.54390290454654,172.4109888596188,163.10606348998354,165.12164871933368
3193,106.43333333333334,122.87836240710695,133.39422882234692,105.4651167478894,109.87328283067758,158.92776969804288,173.77320052272836,162.93475198743306,166.3835423445504
3194,106.46666666666667,139.10010147301927,124.43501701531494,107.41231168074917,114.4611492857608,155.65974902385045,173.0052972511084,163.03082824183437,164.73570486312167
3195,106.5,139.16382972967958,117.87211652145542,110.16793929518516,125.91561696434432,154.8734830894119,165.0559547717681,167.4723280166967,160.50908782688717
3196,106.53333333333333,129.94006176814733,129.32210002573603,109.28480932268702,135.18494241248706,155.18933130234674,161.4429027024975,164.8244028058213,157.39321836315378
3197,106.56666666666666,115.01372933602474,133.82627656490058,113.24801536632874,141.53391437225707,157.63264077182515,154.00912684230326,162.46904553127126,149.97764500059643
3198,106.6,111.61672275011713,139.5784188908073,111.5054731629444,143.71054193893337,156.05700054689942,155.48669086750664,163.59000930256974,151.59571453882353
3199,106.63333333333334,125.52049294928779,142.35763410284906,119.0807297127183,147.63379290615143,157.20953913167773,155.42098133207253,162.5400510743598,148.49107306469745
3200,106.66666666666667,127.14889694674324,143.90234105321548,129.95237619871233,148.9237840566836,160.77586260972598,152.5976773084816,160.79701914626244,145.9556125828895
3201,106.7,128.46662769172775,148.20218610347428,133.97943898672887,152.11295511218222,159.21568265468113,154.3245090572651,161.75169870848453,149.6291308756189
3202,106.73333333333333,130.21777777060885,147.4347802051712,135.20778613439688,152.01345660896956,160.1423747429809,155.09878227126157,162.8509795062842,150.2383540316319
3203,106.76666666666667,126.9883114995458,150.06545395147836,136.57201222968916,153.25644974585745,161.61859184389894,157.94634076780517,163.43353838948354,152.726710813817
3204,106.8,130.28749676417968,152.75992789204616,133.88396813575991,154.8988489157621,162.5730709815865,160.40129555857007,163.22012715495356,155.26740351763698
3205,106.83333333333333,127.02956443107621,152.440289112659,135.5488465023899,155.09724009578295,161.4226233859743,157.38080925474654,162.80881210015067,153.18273997616444
3206,106.86666666666666,134.85003713875182,150.29310559402433,140.15674129815346,154.0396885774724,161.28290800753078,155.0727636983479,162.5053316914388,151.37325434198613
3207,106.9,132.5408261823063,151.075273710813,140.39317359139568,153.7240368243503,161.19649576950144,155.9319455694995,162.0087841660244,151.71555676962035
3208,106.93333333333334,136.79886484063843,148.20998631378183,138.06176682287452,153.23021601920647,160.4999677279483,158.1091979297858,162.19329649369726,151.05567873656784
3209,106.96666666666667,136.60066162927242,148.51727141287648,138.9431008237842,154.1517192530718,158.91429782761412,158.78081226072243,162.05803072279068,152.13320778297262
3210,107.0,136.4150664275268,148.67269697451246,138.374224006567,154.21310696916137,158.98966981464824,160.0672919802187,161.832752490036,152.06166596659654
3211,107.03333333333333,133.82243634930217,151.9234501582082,147.11139928675553,157.08393794292238,161.09545332261507,160.00430920880726,160.94230836455554,150.30504793261613
3212,107.06666666666666,134.19197963378085,152.86827115166878,143.61751752825893,155.982238045354,159.3547557120753,157.55551345272883,160.94652772464036,147.02987271333635
3213,107.1,135.30770188726254,153.47224698124725,141.88247936002188,155.42714734170906,160.5876950360163,159.24304704123327,160.47856332506666,149.2459753198265
3214,107.13333333333334,134.03527324444676,156.55974016238002,142.78189185801915,156.7652406480567,160.13860167702506,156.86772855280455,161.65325118905696,151.56226395159737
3215,107.16666666666667,134.85279088469537,156.57845119065766,145.84298348674284,157.59223767611607,161.0190816275694,156.75697137845188,161.27467600829118,148.96772904338857
3216,107.2,134.9611880892068,156.22489288337277,143.93704793745775,155.91957512254237,161.81622751404967,163.12094146152998,159.97210828609312,153.05197648776647
3217,107.23333333333333,133.3825592466848,158.77304019505445,147.6127101114638,154.97636309611525,161.6312373362232,159.17318147060527,160.29674347264708,152.84201921550962
3218,107.26666666666667,135.67207880745386,157.7823862852396,144.960623094761,155.05741151550683,161.83851428483834,161.45931338898717,160.00281431544943,151.37745489723565
3219,107.3,142.60805489793185,158.1169049607047,139.44702095427266,153.40143803152287,161.06242878540627,162.3045347403388,159.22622163956223,151.1357575097776
3220,107.33333333333333,139.62458964714435,160.29480010262998,139.61390659967006,153.07467343356876,161.13124594273066,160.06043690143474,159.3336838999007,151.82702356537237
3221,107.36666666666666,144.04738548455836,158.93656205571074,137.62954755155445,153.33785225257688,161.6364926007814,162.81320636214957,159.12503848840214,151.1833471915412
3222,107.4,143.45980495963158,157.23321922441582,138.05988943146713,154.0728868014459,161.8205665959004,163.7175665157219,158.71269267571552,152.47632308388836
3223,107.43333333333334,143.57309899445232,157.05932118727787,133.7459962209106,153.73142430056586,158.83594177481308,168.29970217327983,160.90738160543404,156.53595353403742
3224,107.46666666666667,133.73010083163516,160.19481695667577,141.8679381561737,155.26271485425508,161.97371299021881,156.80129690258408,161.00053347353932,151.6098203375709
3225,107.5,136.61980187592633,158.80163462863234,137.73748204098538,155.28209064587085,159.29896219037826,156.86426396269215,163.2461820676372,150.99942775719555
3226,107.53333333333333,140.02210381480998,159.06371168041574,139.61289701457432,155.00350588890404,161.67490131571105,164.39197503525116,161.0512404493004,154.1211832152944
3227,107.56666666666666,141.74582382835618,156.79199267727432,142.01608996410278,154.9145761718397,161.3944354707902,164.7183892014806,160.44612896961252,153.89295166312283
3228,107.6,146.07310621216962,155.56392137685498,142.00777903431995,153.86105948877716,160.35773988597947,167.3426606042214,160.50545661555284,153.9881057874748
3229,107.63333333333334,145.66461507911316,154.60936975614993,144.19916520549964,154.1150029548583,159.79184727448956,168.77707184974986,160.00107793274134,154.86161163679964
3230,107.66666666666667,146.9845226437517,154.84074839939964,142.35336916419715,153.8562809419351,160.7545674120929,170.29335839070794,159.1880536214659,157.10386828886553
3231,107.7,143.8527165714939,152.06839131617076,144.81537047579138,154.60099902271085,160.05294956826256,159.8093721455476,160.33693171891417,153.67034920039302
3232,107.73333333333333,144.78861703199522,152.64222186531813,141.11286880594923,153.92582493845472,159.79745718495528,157.78915339377878,160.6460893363967,151.2665896261963
3233,107.76666666666667,146.09495963994925,153.95625427376325,138.50961880035294,154.1381272445893,159.1667206312827,158.63526352297666,161.94273482788276,151.78701625877167
3234,107.8,148.32063254303446,153.4650019074467,137.4312348427369,154.40181739584762,159.3244309192645,158.4029585267499,160.92492079210612,148.0934069234999
3235,107.83333333333333,151.17319290330985,154.42468260689867,134.6260018162411,154.35963642877456,158.34095062947188,163.83721493017333,161.02308697578877,152.81966691837553
3236,107.86666666666666,151.25986052079793,153.9600854167438,135.32921786107184,154.12461505496452,156.66163614009807,164.19748568685708,161.73888900908426,153.1246604527184
3237,107.9,145.73932747432335,153.7676248029276,135.87614597168687,152.21329125687882,159.29646394790066,166.63337464183368,159.69756112563542,155.29643544657338
3238,107.93333333333334,134.58797308371362,154.98767053348007,134.72741983979103,151.82538835688482,158.85291376369935,164.0231638516561,160.25891338060995,154.73406568572398
3239,107.96666666666667,139.1146794768068,154.23451758122087,135.15274522987357,150.46146198385162,157.90086100943387,160.54590120921776,160.92802814713878,151.902946840607
3240,108.0,142.18399004721,155.6763819163494,135.27270206785568,150.00007994202525,156.12893934833747,160.49199647009297,162.12975309094364,150.97139539425612
3241,108.03333333333333,140.50389412770014,155.84711804956527,134.7728392953385,150.10838829267541,155.5735003195976,158.76398534584058,163.0387354758105,149.42161037252134
3242,108.06666666666666,145.27757817612357,156.1445391905854,129.06940629860506,147.13329287629364,156.30470183598226,160.5693021880634,163.39085524810315,149.92935153730338
3243,108.1,147.3760088490986,153.34888466970858,115.92794715019168,146.58553329036886,149.59929450674966,161.84702071703083,166.1265911093837,150.07438237336052
3244,108.13333333333334,157.59819277334643,151.02007163655165,111.29649706170345,144.24734110478963,143.96589499912386,166.23036155233405,169.8367476259677,153.34321000172366
3245,108.16666666666667,160.81776918825202,154.62061656172784,109.20903672082517,143.22543195444695,143.43665971438537,163.2582826829805,169.1469294589716,155.55162292265427
3246,108.2,165.76783738635103,154.71020112778425,106.6890439345156,138.6328657021968,144.75895461975426,162.7091983335397,173.89629388123006,154.8180658984934
3247,108.23333333333333,170.95423395400576,161.98245883353783,107.26929721047867,132.37008704463148,145.03436576487508,164.33467943059134,177.92703437503184,159.07542698218217
3248,108.26666666666667,169.61566984488124,164.30553113802245,106.06947849108643,128.21826162560922,147.42917596329823,165.84686084124831,176.785738630328,161.91840603769947
3249,108.3,171.3723966277806,168.4811227909693,110.38107179072215,122.41161548101475,147.7309245849689,166.58010409769363,173.89933718116538,165.7203325383577
3250,108.33333333333333,175.44583240991503,168.97789843138074,106.78725060917661,118.97563472167533,149.41876446199106,173.9863029839275,169.7292980547778,170.849575473895
3251,108.36666666666666,172.62590237641876,164.47476866486878,103.61745557258992,116.90490892873517,150.6773250686408,171.61768073498556,171.0741942363265,171.11511914003225
3252,108.4,169.89743641073906,172.1579194728509,99.64874908918328,116.75132775126889,152.73329872353764,169.75180564324543,171.7512945025046,168.3131271417438
3253,108.43333333333334,172.17846420289104,173.13820664029157,97.01084025195037,112.79039867939105,152.82223857931115,170.1874570718007,171.4018546506231,169.96176768439847
3254,108.46666666666667,170.14267748817292,176.56181227570227,90.03522984680444,112.8005061298331,154.49376955645678,169.40661334767873,174.8510288466546,171.46935857599587
3255,108.5,164.7943192714222,174.7116324292876,84.44403922931427,110.09246015362677,153.1338831198304,167.6555428848558,178.44915583368513,171.1958143769612
3256,108.53333333333333,115.47879468395313,174.10114041807995,76.22366356654335,100.96807167016706,156.42772499550748,171.52860702065973,173.53991510303604,168.69339304405142
3257,108.56666666666666,154.32381511497135,172.73797651846016,80.39008346543419,100.77087064136225,156.21235334641963,173.75482940056443,173.9274809214882,171.51998014187296
3258,108.6,156.49166114862606,170.29110578666985,82.75554664707197,96.68956710063867,159.44129175538967,172.02844287920365,168.49120684277,171.84403114659253
3259,108.63333333333334,164.79794196951624,170.2901831157094,85.08837770085344,97.53985793127431,159.11605756744254,175.25870224698178,166.97195793795694,173.93040559173872
3260,108.66666666666667,161.5201010825637,170.0804122168166,82.88589218006602,97.5580019000025,158.04351749726328,174.7306478509537,169.1742312993773,174.00916241763912
3261,108.7,159.0913714809701,170.453069453781,80.07765582823913,97.13244560442588,158.58622262540604,173.2241550623804,170.50670103714734,172.21959471597475
3262,108.73333333333333,155.9762233024183,170.5283189994768,79.59799496395495,97.56527669519683,157.9967751662111,174.29818197849158,170.68529971329912,172.55823652581023
3263,108.76666666666667,158.29166712602796,169.23631707830032,81.35356258655167,95.63300302771525,158.50119530963715,173.63296081702316,171.95174706368735,172.18491655290168
3264,108.8,161.1525065355961,168.60046751731798,81.04259529694946,97.64664558846201,157.78623943920604,174.94147927004354,168.53498298640432,173.52057669956835
3265,108.83333333333333,156.7620379934495,168.44879532686764,78.97445828939219,97.5361950531688,155.79173240978812,174.14805982550845,172.356608981304,172.96325612908672
3266,108.86666666666666,,168.84710870773807,,98.20144869387359,155.6935505907962,172.07179079903617,171.53088471461155,173.17087820942453
3267,108.9,,170.54241121604804,,101.09349011179884,151.12287178918524,172.48355445309326,172.47442779543826,170.86900680186852
3268,108.93333333333334,,171.6338613800373,,101.68380131186875,152.3759275736745,172.50814230076668,172.33250337030094,171.57924990288663
3269,108.96666666666667,,171.13548228566782,,100.99976856148334,151.4709843728781,172.82006868577818,173.43549992313768,172.5397694671402
3270,109.0,,171.04128901931483,,100.47221564465896,154.38608125467928,171.45305077964562,172.36112928113158,172.14854793490412
3271,109.03333333333333,,170.99531028653246,,100.01995385582413,153.25110912454568,172.26886126367836,174.08937648256884,173.56950774148964
3272,109.06666666666666,,170.65824530624883,,99.20568509511605,153.7604304002606,171.35831543427906,172.8074905215036,172.60404586158094
3273,109.1,,169.49150497950274,,97.20911252918414,155.15433633325935,171.8103063143061,171.87638776020498,172.71038357184113
3274,109.13333333333334,,167.98895979436676,,96.42342942428658,156.9770824818752,173.5785733928704,171.6471376696426,172.94646402507846
3275,109.16666666666667,,168.1280552529266,,96.61655571871792,158.4876085292999,172.9975992022557,172.829967303788,172.91609855299723
3276,109.2,,167.94864571086205,,97.38401344427882,158.23606022928334,173.1335083565391,172.7014073224538,172.83699014902186
3277,109.23333333333333,,167.95704892359248,,96.79952779380992,157.28217004918315,173.4368701089278,172.50314634066697,174.4964417167111
3278,109.26666666666667,,169.25804565488806,,99.81371218541686,154.50873764469776,173.6536104931901,173.96430364029783,174.58860764544542
3279,109.3,,170.04070039205533,,102.32141180392298,155.599747471365,174.859058005533,173.15296451841738,176.10003779616326
3280,109.33333333333333,,168.94712082336923,,99.83064432281999,156.92609510309453,172.3364548373231,172.50082590551776,172.73131031770995
3281,109.36666666666666,,169.1369846722049,,100.82975407298427,156.69761343733563,172.52512457765235,172.74573584422967,173.8966437822476
3282,109.4,,169.487289204999,,101.26568026130778,156.9020484841702,171.14687710397465,173.18205836719872,173.0191232078059
3283,109.43333333333334,,169.28513831611968,,100.79731683246159,156.06081391065896,169.72981727012504,173.82255038661438,173.64094621395472
3284,109.46666666666667,,169.45725998164102,,101.15140388969205,153.9956508392767,171.96186628579713,174.98843316041584,176.24061712655634
3285,109.5,,168.4469501893282,,96.86535949090107,153.67240015897835,173.5337236759658,172.63728043608907,175.43297798641308
3286,109.53333333333333,,168.34031923326754,,97.93196934953977,155.05057811380536,173.09423042367553,173.43199095065592,175.49694843152992
3287,109.56666666666666,,169.09898666753867,,97.79039383777823,155.3761643116414,173.57865057646245,173.81276823381867,175.0654698701246
3288,109.6,,169.9045380505193,,100.61526178776495,155.28769224663642,172.36098937071895,173.26159136150295,173.54489871651816
3289,109.63333333333334,,169.91470244119074,,100.00810669130612,153.9348847619351,171.90427562958243,173.28624449623706,172.9181780972209
3290,109.66666666666667,,170.61170948946085,,100.88878744254846,153.73184303564344,172.35480171952986,173.09038595741032,173.18763043373377
3291,109.7,,170.48381813878282,,100.34916275602781,150.8281905355073,172.21396144098046,174.51978206955977,172.50543972191738
3292,109.73333333333333,,170.69258707055073,,101.30361870976934,151.6976120522774,171.87358084778484,173.34195897265502,172.03723506803732
3293,109.76666666666667,,170.9498262010183,,101.29107732264221,152.97579760235226,170.93724247047632,175.33927802541044,174.7572346111436
3294,109.8,,170.54361974090926,,101.12405237839278,153.52098743220148,172.16005093266915,175.8850572526777,176.58879805462252
3295,109.83333333333333,,169.7486313578104,,98.48200049998326,155.41913238219635,173.07897306118028,172.28675107939003,174.55881884863243
3296,109.86666666666666,,169.9611521099574,,99.29738621270612,154.74745343522935,173.06089172421926,173.22801134233094,175.12546464206102
3297,109.9,,169.01866274654205,,96.40680282944423,154.77772094836882,174.53958367733898,173.35944540835277,175.6851197825872
3298,109.93333333333334,,171.0939949435962,,101.96077670984953,153.1241841181287,172.7845427143363,173.8641427180198,174.24113463938286
3299,109.96666666666667,,169.94186110870106,,101.70741990939001,152.65479937201366,174.10721308056,175.19276101366216,175.26486414274407
3300,110.0,,168.95996327091913,,102.04450085290678,152.02776429296202,173.86912053170312,176.07738562967515,175.75244539886384
3301,110.03333333333333,,168.73519348022913,,102.1846293151479,152.23005043934273,173.75368034039374,176.06090237940822,175.61349756765213
3302,110.06666666666666,,168.4156224966585,,102.60243553606632,152.62099849810576,173.6138386204763,175.81896777764567,175.99031140524517
3303,110.1,,169.60646530217895,,106.70965996040472,153.3472839979682,171.34780871514036,176.09022861349203,175.1710604096937
3304,110.13333333333334,,170.80046630840286,,106.77372538694252,154.51871741658792,169.82458482296062,178.40180089604962,175.36235121171015
3305,110.16666666666667,,170.9040589493938,,108.19421493415787,154.42123082003312,166.57580278057097,178.00934182980987,172.20463469158548
3306,110.2,,169.4043040536281,,107.6661359784875,157.03928442024372,166.18461152241187,173.66820277719685,171.53761847414413
3307,110.23333333333333,,170.09827877442717,,109.25696523011791,155.24812276832193,166.35044205743262,172.5520490609176,170.44385693394867
3308,110.26666666666667,,168.06162380608276,,110.4180159473522,155.5194906609569,165.6505171126973,170.74503307992362,168.83280540184288
3309,110.3,,162.8552863745977,,110.84985370572834,155.84803831859404,165.63531833035657,171.0868189884483,168.56603993797776
3310,110.33333333333333,,162.76391127387157,,112.19021479326055,157.18233899939258,167.8627532193354,170.204896730435,168.88336750881217
3311,110.36666666666666,,164.04470484128532,,114.77606691773916,156.27076499520405,166.5362494643544,168.3542477423961,166.47598315733833
3312,110.4,168.32512661175417,158.82442460338163,109.19708721247893,119.90144331478349,153.7647138116703,169.6288197509043,169.43499749657818,162.87617481919892
3313,110.43333333333334,166.92665453127725,149.9708865977785,110.3565637512887,125.68911074788747,155.6079687225814,172.44052571791826,167.5993081353925,162.19014567323129
3314,110.46666666666667,163.25393225990993,141.14787332313102,111.11676451818897,131.39857263491015,156.14433868979538,171.59834854345192,166.1529469622833,166.2766823068018
3315,110.5,142.29894095043574,144.90948270289286,110.74932443591823,139.7289739169547,156.73366782894462,167.64796762427787,166.37031952910556,163.63069089157796
3316,110.53333333333333,147.24055233774683,145.81019292755565,117.36810284585832,142.3744721927985,155.69866628931825,161.61184837386253,166.78112738498027,153.8034422588967
3317,110.56666666666666,146.57278877184672,151.86655658975172,126.90338527756847,145.55675223143237,154.6862405978749,161.39377492912053,164.69341749489777,151.12645744621292
3318,110.6,138.9735364694426,150.91691718778705,133.40106035761997,146.29792000388062,155.75861844060398,155.89376298291364,164.72803472616926,146.88761113993976
3319,110.63333333333334,137.5750571978445,152.3117233809017,135.79181896634546,151.04767119533645,160.23003616913246,157.46793997930743,164.8029247384078,148.48781822217074
3320,110.66666666666667,135.30480734026455,152.67524654870192,141.48047219711623,153.65695878722764,160.46416623311487,161.53396544420156,162.6129430313796,152.35173371401615
3321,110.7,137.20444179708548,150.2822280663561,141.53180682708805,153.9433554645106,160.96610878007056,157.37733794148383,162.62904173981602,150.4112862502465
3322,110.73333333333333,134.45349828261257,150.89788257668232,146.76950352934549,155.77760250784038,160.28411379641847,152.0876737575281,161.65525018457254,147.89909197813998
3323,110.76666666666667,136.55794958858536,148.38876446860803,148.24371522870564,157.3800450700855,160.68363557784326,153.09034357756818,162.9260442127601,147.86485231245732
3324,110.8,131.6658410395885,149.16935475876613,143.86771338356584,158.81281561187933,161.42884067213646,153.05523143703337,161.31835589236672,148.84069088154254
3325,110.83333333333333,130.56694556927934,147.40733808883147,144.2922548670515,159.70433648133636,160.32786861571873,154.5053521346589,161.1284036922042,150.66296171228856
3326,110.86666666666666,130.28935133911835,146.5223954814924,146.43679061581312,159.70662981367443,160.03804013131122,155.44299167436787,160.57021997520073,150.05480142565716
3327,110.9,133.1783114847537,145.20679287594743,150.1077461104876,159.3106741808041,160.10095540940154,156.9728509108894,160.92043520502534,148.41694080700492
3328,110.93333333333334,134.95820147002064,145.95351314949494,155.8737015551028,159.4058579629176,161.22471964747123,156.73094846376821,160.8600149253886,147.69569882693355
3329,110.96666666666667,134.5414440523397,144.00306370399102,153.21485223993835,159.2830000138353,160.46616439839627,157.0400773166444,160.2879742696789,147.9453309258917
3330,111.0,134.1690561739101,142.7673245203752,155.29104496617634,159.88350773860174,164.15766736561312,157.6955019208955,156.42135455862152,148.66501302417038
3331,111.03333333333333,140.24645942382256,144.50111303350528,156.7992639978715,159.2339713210663,160.56683252606544,158.06994485742175,157.34719920690478,148.59990861106505
3332,111.06666666666666,138.2751517433674,145.1304290208587,152.32034592278234,159.27889698842915,161.05393256255812,164.02661901237417,157.1926071868636,151.2103859490059
3333,111.1,136.9208493481569,146.52014741904628,155.01831739762085,159.77945699717313,161.8233163687903,163.38443625740567,157.56741910914684,151.50590536861438
3334,111.13333333333334,136.32944727385606,146.5821211314651,153.27840926132126,160.3240380079912,161.35797416425038,163.11122820038884,157.56266874933104,152.8837973664524
3335,111.16666666666667,136.37312847993095,145.89901680037414,156.5758125920678,160.46964259205882,165.67076670947466,162.7454933033306,154.2317194983166,152.7713449365211
3336,111.2,142.39968634160635,146.51893685361472,161.2200605256788,158.9586405133012,163.80143554439093,157.39863590048589,154.1816415510075,149.4375797852828
3337,111.23333333333333,140.83511512100247,145.8646662310787,154.196702156568,158.72691747794698,157.94980366814215,157.07915627135904,159.18924235912596,147.52472827687708
3338,111.26666666666667,138.22719206533165,146.11686041461428,150.24255779233405,160.18930108429356,159.60512850429737,164.08065152225862,159.39583937548784,153.54682210962494
3339,111.3,136.80877150500052,146.55239571230683,149.93431942229927,160.49319669304856,159.94753413043708,164.13341779263249,158.71929230038572,153.23033827349784
3340,111.33333333333333,136.33854655269957,146.60616819034854,149.92251551505686,160.50917653152845,160.9941000983917,163.48497417275738,159.26192378514818,155.1333180413838
3341,111.36666666666666,133.85334227602087,147.64047100057763,151.81438555275614,160.52116117728693,161.0360560850304,155.27985954464333,160.12862305375663,150.46729672438792
3342,111.4,133.06071239586757,146.9591611765198,153.2957315267626,160.71951093209975,161.38552020842724,156.57469093442128,160.77056131829488,149.41940411406958
3343,111.43333333333334,134.05903027314176,144.9417174546863,156.42604438974197,162.03919008425083,165.4419394337671,161.5156707354089,156.2525094844887,153.69689061810053
3344,111.46666666666667,136.14812791240664,147.23212386877452,159.0442711994347,161.78318596382982,166.10593123234008,161.5071444151571,155.2163540140686,154.07679121872354
3345,111.5,139.31054827854382,147.10727761849893,161.00543724344806,160.99069347057323,164.79473364791323,160.9368629358873,156.645165879191,154.85138295462545
3346,111.53333333333333,136.51485166456163,147.95807739089753,158.04197078611384,160.8148467105679,163.899211948183,160.5264702294675,156.66689764082386,153.96098059048
3347,111.56666666666666,135.03256519062714,148.76228316829878,156.62175271792282,159.62620150170255,161.4974887542886,158.35583741851622,157.94653930422095,150.38169291431083
3348,111.6,136.61082041850102,146.62467935297227,154.4931264105038,160.0136122934282,158.79686129787754,161.97112123490777,159.64746579613697,153.13130622087402
3349,111.63333333333334,136.53709339875897,146.4107616967173,151.79834503900457,160.04869191208707,159.76424486611768,163.2786418309513,160.08152426182806,154.6253480564385
3350,111.66666666666667,134.05430193480274,146.17154819908475,151.8219717405256,159.85029984006886,158.37540910759597,162.1213141362029,161.20710468896343,154.1122007489151
3351,111.7,132.6935108667096,146.05161460890054,154.1694672238181,159.96152170091713,159.23468461775204,161.86318963030413,161.08541419164195,153.8247150435706
3352,111.73333333333333,133.1386269362838,145.83876512168487,152.33221119620492,160.18294289564776,162.91226272673438,161.48295341418984,159.77825794799327,154.01669058295653
3353,111.76666666666667,133.08027802440895,145.4183776501439,152.4458722110669,160.2685284895641,163.20167929268496,162.99959004959973,159.11465110776578,153.74192780378513
3354,111.8,133.55027555928186,146.3463524275601,156.15230669211354,160.6655390360897,162.77521858543494,161.54012837077232,159.46323529380277,154.4156537624295
3355,111.83333333333333,135.30017402760544,146.78051923327018,160.5991681166947,160.33027668457308,165.5511998222044,160.832738747429,156.0568715763053,153.98652121258914
3356,111.86666666666666,133.55389499975098,145.742877354019,162.47576779761857,161.05310434053095,165.26293293014197,160.55742737993177,155.71844384312485,153.76144193767422
3357,111.9,135.19287810667623,145.7248476499844,160.55956874647293,162.23892890874794,165.29824275846212,161.3837517300601,154.88800983368782,152.9201014797728
3358,111.93333333333334,135.49228955471366,146.69256730810918,159.75689070446236,161.57873934146883,164.8834068891658,160.39397437413243,155.37666292194086,153.11287520549683
3359,111.96666666666667,133.7197490057245,147.80669932999152,161.3131517278058,160.4006250065897,163.60937217026986,158.0209434730254,158.0008512005776,154.96700580687516
3360,112.0,133.6614712752891,148.5327888990482,160.93997344890963,160.91855192834308,161.5953874826144,158.4791058246358,159.65574769606235,153.2232812592115
3361,112.03333333333333,136.5351494930571,149.94265233430656,160.33881962826734,161.4721217000014,167.60876552024865,157.14633218002896,156.47365047136256,153.00200073869667
3362,112.06666666666666,134.42971965875634,149.40676194299647,159.66565927587123,161.0243241169534,168.3714449500356,158.9159147762082,155.45870465310625,154.78766406131496
3363,112.1,132.96965470922476,147.50243997891718,151.89400894582974,160.3358692542513,164.65687174429945,160.18821930125227,158.51078075754182,155.1272542968777
3364,112.13333333333334,133.4722922700612,146.81676539261105,158.32120250137586,161.21975589811828,166.57700330051676,157.88282081411023,156.69797607293987,154.09427028543973
3365,112.16666666666667,134.5286978869514,147.0394064843274,160.92644704796734,161.31671329303396,167.37723476196282,158.13868605782892,155.7686930806456,154.35959834656964
3366,112.2,135.52647931909257,147.23104451417473,164.07851344435687,161.4462365698097,168.55986129186908,152.74812459517779,154.65324604178286,150.33827924594476
3367,112.23333333333333,134.39102333067513,148.299894017168,162.1928964030639,161.55742183090058,169.54829912063033,154.36939757034486,154.93954250996535,150.68164170919675
3368,112.26666666666667,133.3711802320512,148.26814193286268,163.31970764209746,162.10147791683343,169.95363614522043,153.84002527639134,154.20602881470347,150.42209810595364
3369,112.3,132.77490561215322,147.31983025939522,154.54612646015434,161.11733771825118,166.64797369803165,153.36463100655214,157.0248251155922,150.73187896388777
3370,112.33333333333333,127.76762200120467,144.06220338481702,151.77317823962116,159.4858502583016,161.39546013012287,154.14929737606093,159.3918166341332,151.801068103648
3371,112.36666666666666,131.84459237230453,146.32355456412094,151.43645809239592,160.13695131640657,159.41171108414213,160.38983776909072,160.67462634012543,154.75627662167395
3372,112.4,129.8121410235894,146.2788104119809,153.1865721842118,160.3199994388387,160.29211106931885,159.90428864815112,160.19834342196492,154.8837842435538
3373,112.43333333333334,129.22420837113847,145.83214761814685,153.96720375066178,160.2460067181644,160.44669943954264,159.01041394578456,160.33519888385922,155.6314979434005
3374,112.46666666666667,130.06029729565014,146.2822164752606,154.39164774622455,160.02219610699686,161.65367476304343,158.99726584711718,159.78618997950613,155.45471057458926
3375,112.5,129.0883825183355,145.87574361870608,157.70945463952486,160.3001497092698,164.8557245122697,158.83502212780846,158.16394918071032,155.91582448037866
3376,112.53333333333333,128.7195196818235,145.62821525061688,154.70688975624373,159.72834158925465,164.45023122277843,158.61409332662828,158.1817679473712,156.12100715254147
3377,112.56666666666666,126.06391289457326,145.81730304171418,155.4217589316341,159.7409647807255,163.64139835657767,156.48361899620795,159.11065470954273,154.15517217128524
3378,112.6,133.63361802757973,147.54979825320058,150.60258570551636,159.7322456051764,163.8450411291778,160.0410491321377,160.05048511819945,156.75187254409676
3379,112.63333333333334,132.45608485391517,147.6599853325956,150.98334706363997,159.56402383131393,163.44734955137534,159.09392532685703,160.561648842989,155.79047977616668
3380,112.66666666666667,132.75653035308233,146.7668935767701,155.71850776062527,161.3783933576783,166.86984055525096,164.1515177935922,157.68656550307537,158.66344593232475
3381,112.7,133.0928065443955,146.0423069152481,155.28658445442485,160.39580460441533,166.43369728958783,163.71007295016693,157.59703965561812,160.25112100763997
3382,112.73333333333333,132.08931597947816,144.9942117093448,150.16569231646534,160.11272343867108,166.43680279778758,161.25223065842263,157.23637936121239,158.7039941180653
3383,112.76666666666667,128.4582366535113,143.95927169674025,143.28554238688457,158.76196163387155,161.42562524293865,159.67312940141588,161.12974710912465,157.5234986119122
3384,112.8,127.70898684432629,145.45344690665598,145.0832654506335,158.77515136169922,162.2362334047584,156.56647004126367,160.21318026645307,154.24111208752046
3385,112.83333333333333,127.16001970975447,144.68096436737548,141.99455016395203,158.85127654138816,160.1549752751268,156.50449014529735,162.2709910621518,154.6289080809886
3386,112.86666666666666,126.1823402630717,144.67503055700186,144.18324314574255,158.89689515037713,160.60242448512952,156.5611729777451,161.36723462492745,155.03441731016488
3387,112.9,123.38669565187834,145.10527286021275,142.98622022440767,158.94527777323856,161.3424216832336,155.61989107409474,161.24726190970966,154.36085838544037
3388,112.93333333333334,121.72071723174999,145.16992079494295,143.07581131736183,158.91505889337967,162.92744752089595,156.18262245697403,161.24335324828292,155.3316415501712
3389,112.96666666666667,123.81816798910168,144.72482377117285,144.32382800655566,158.5749143008462,162.80766858476693,156.36934637529885,161.29162470780736,155.28695670691545
3390,113.0,128.58664245246567,146.47740546905368,142.40394042259445,157.66440139937117,162.4009299392092,158.91562848756513,161.2408269759862,157.3634482760445
3391,113.03333333333333,132.10447964597245,146.29697985140325,141.3099991755086,157.47445020098414,161.11107227654261,159.9357234589994,161.6402871636531,156.42156262167595
3392,113.06666666666666,128.90305819456475,147.07658171511468,145.82696506475182,157.81523786081772,162.25558477415515,159.69662253462792,161.74066459455904,156.4705404728913
3393,113.1,127.16910242823059,146.70144055585834,144.23264629940633,157.3570675731464,159.39122154723796,158.97437810259515,162.9387636154778,155.90178185626465
3394,113.13333333333334,131.02319608949065,145.9907683217277,142.5486199081592,156.76407058634254,159.41306579837976,159.8967198721942,163.00247421444092,155.93996000004995
3395,113.16666666666667,133.7617217361269,145.97655753721244,142.47601715417966,156.9510109521958,158.96406143456662,164.29039712739697,163.17231975859443,158.91137658820097
3396,113.2,132.65671564161562,145.504622707377,144.0582950861539,157.34632380863744,159.55096655559885,163.0170764093865,163.23406767384017,158.20831308454504
3397,113.23333333333333,132.99434695888257,146.34326374716937,154.19675839171882,159.09189031091253,164.57369529229922,163.56006726384993,158.97516085087045,157.6061658617082
3398,113.26666666666667,132.7436608068647,147.15067011375967,154.9830474264083,159.96801920682543,167.08791860491607,163.1777945723319,156.91711000449615,158.2172283499516
3399,113.3,130.61847556502246,147.71891278205146,155.54472046777482,159.9360104838203,165.40024955663355,158.06721147663464,158.3533544793012,154.62890324769464
3400,113.33333333333333,132.4325776139663,147.6262326363759,158.49408778925547,160.1159709196628,165.6169797965792,158.32442569000366,157.9275049318171,154.3668333328784
3401,113.36666666666666,133.45408419418698,148.21797449652374,157.43814800366715,160.44386723670706,167.24716719150155,160.06008279236113,157.01203288950836,155.80698175432238
3402,113.4,128.792081560902,146.55145894095023,151.29155526795626,160.17638842208623,163.53967544744373,157.38834852378722,159.6302297421719,155.17588071937809
3403,113.43333333333334,131.16370219288828,148.48846514438299,150.56887443141807,160.53621782347497,164.76481662863236,157.37323294107944,159.56587495278524,155.46534455290995
3404,113.46666666666667,130.8854353963013,147.67469204919587,150.82857582489268,160.20294703863212,163.22595236428617,155.64131968272696,159.73096191865181,153.61101307301328
3405,113.5,132.26222398285987,145.51615715349575,147.62268367813348,158.66196330195777,161.92463488988653,155.23275996905986,159.49575045737862,153.28547357798882
3406,113.53333333333333,133.47658731496034,145.03111782610296,146.81035853221826,159.51422548083738,160.65485045931445,155.30391657988108,160.66057383948612,152.6429931149932
3407,113.56666666666666,132.82117453339183,144.56966598451623,148.76144739382693,159.99072583291226,161.2587155003802,154.76009830586412,160.43060203932146,152.81285143134727
3408,113.6,133.82383137005354,145.52247030215676,149.26001059427006,160.13955371060217,162.10276275579812,157.1271024755045,160.46689069741882,152.91489076438071
3409,113.63333333333334,134.08059812962375,147.19015520758995,149.62344667176808,160.45716679957332,161.3628479285942,160.7023203170828,160.02771127419686,154.4280688093006
3410,113.66666666666667,135.62974980281052,147.25145694127178,152.00606725237583,160.81933931096083,162.12887485965712,160.4742917313725,158.7412365319587,154.7796365306023
3411,113.7,136.62416952344225,145.5401321066194,156.32645367191438,162.10548475474275,163.50507323732785,162.1124081274671,157.0743253746913,154.21214167853032
3412,113.73333333333333,136.52058538335947,146.55487880954402,156.33083317494925,162.0454524331669,163.89742175012583,164.35033704772252,155.8963617909345,154.8815589912345
3413,113.76666666666667,135.99384317330754,146.9094808837213,155.91174808224892,161.1536986629462,166.5790110878335,166.9429276240603,153.59772911708777,156.58328976323116
3414,113.8,136.44625024219349,146.76428101008227,158.8268924968313,161.1692070951682,165.431738009183,164.89643446823828,153.07055457559363,153.2878361255108
3415,113.83333333333333,138.8827793460037,148.5939491785241,152.47889980580888,160.59328977300484,161.59103186350941,165.51996011552117,156.05770635954775,155.03118739529597
3416,113.86666666666666,140.5820362019098,150.9403861107637,152.96155355804015,159.7204240041766,162.2504879090092,164.37046242509498,156.1970630405163,154.93226928254037
3417,113.9,138.49263389917755,148.69034309002123,152.60034419294269,159.72216799782294,161.50083921851342,167.2787614914849,156.55065579695025,156.1733589937126
3418,113.93333333333334,137.9114130931799,150.7406622248535,150.51591334625425,159.18969817049236,163.0648260735986,166.67393307855284,156.12149956528668,155.77484756224723
3419,113.96666666666667,134.582753303769,150.43631537526576,148.1584437505215,157.4362388090856,162.641123152458,160.37738207610218,156.75431319505216,153.34447491136268
3420,114.0,131.77847220537447,150.89448754705327,147.81667448335236,157.83123491752224,162.09597913692718,157.13526033168102,158.5560102201319,151.64041903602273
3421,114.03333333333333,129.97371602264624,149.7347807087136,145.5851896368939,157.6806062698585,158.76930518445707,157.53088988401382,160.8707614292932,150.5495399633516
3422,114.06666666666666,132.66496990002798,146.44580045910158,145.84866054112763,158.21064314535062,162.1767006519253,160.15611499884517,158.91832830265835,152.92462324017842
3423,114.1,131.6583171475838,147.51878525986865,145.94382182033058,158.40928764536838,162.4117425519581,161.63270600849063,158.49556328997892,154.35816544880763
3424,114.13333333333334,136.0092357654279,149.0216752478119,143.9719802279391,158.87789542970629,162.35442338311387,166.55155324649843,158.9160565787974,157.69238442696215
3425,114.16666666666667,137.83518711470495,150.27221915463292,143.52856067154937,159.0834120025541,164.27311517704575,165.14564541396166,158.72853473442203,157.6139655878777
3426,114.2,132.71570549669676,150.1653884932377,148.38492323700305,161.14993159867237,166.17738707476266,164.83036994018536,157.4038425322716,157.91674257257026
3427,114.23333333333333,131.06145630121785,152.37438447868536,151.7001878611091,161.05401950800487,165.3659134159432,162.90286442267293,156.58416179563787,156.34470546696852
3428,114.26666666666667,145.3225827394089,151.3560532675546,147.63086410203675,160.20892475311632,165.63524923736577,167.33196849954462,155.8898154527186,158.27444707561284
3429,114.3,139.09460291506443,151.88377370205566,146.19620553848839,160.88545591389342,166.29010362806616,168.89956387909234,156.75117334049025,159.7899764297441
3430,114.33333333333333,132.29029443632123,152.5652433584973,148.17384675191357,161.0486676809819,165.84067172616514,167.4267086895679,156.74660694559654,159.4749018813609
3431,114.36666666666666,135.17070819913127,151.60403441514688,141.66974213041337,160.40454361554902,160.99485236493075,166.25828929178851,160.6073003647705,159.12254486734201
3432,114.4,135.0647291776095,150.83554179102887,143.56142578020874,160.39273401446133,163.21692899949338,166.30558135703063,159.29429163558927,158.3248905572059
3433,114.43333333333334,131.44033792308997,151.44789219811253,145.32844086203312,160.08386913095416,162.80081261311855,164.97880610830072,158.92757158576308,156.1162138084982
3434,114.46666666666667,134.52441069740559,151.6079805485859,143.90888691877754,159.73807801791534,161.05244367923106,165.52489988229243,159.4793166292045,157.29206555062237
3435,114.5,127.86025339967425,150.89638820324674,146.33900988017533,160.12957826266276,161.1995065044993,160.9029005843086,159.4467969389585,154.2181181444927
3436,114.53333333333333,130.03785874840955,150.19717106847125,149.10960348090433,158.95991011363225,159.87644801150108,159.15634058040038,159.04206212228547,152.01735650607023
3437,114.56666666666666,132.4619559270884,151.48699971771455,146.27170001890642,157.5882863795517,157.41288282151342,160.74457858421496,160.8233969105349,153.0433953714668
3438,114.6,134.289650721274,150.12205061530705,153.99534624351648,159.44305039076556,159.96614280163476,166.95502614991878,157.72152670435918,156.4252834139687
3439,114.63333333333334,136.06967445721233,152.70252334081684,156.7235998706701,160.42120773672045,161.61008769485858,167.77787367698141,157.40080901798837,157.3368363933941
3440,114.66666666666667,137.01828699218615,151.95923067120535,153.75049031343096,160.99944344094814,162.76999475919268,167.70731547841947,157.26733808653165,156.8616617166794
3441,114.7,133.81249081119284,149.2778752147212,147.82510199567884,158.41535475818117,160.71919299808002,161.39822885090868,157.56867032002603,153.9860698794936
3442,114.73333333333333,132.83726965850218,148.29478828745434,148.53751614146265,158.75555331177415,162.69535662672808,165.1473665261835,156.5012226815996,157.18843208996924
3443,114.76666666666667,134.39340226557397,149.72792981172816,148.16164594264836,158.98821198020423,161.7113073705108,162.00970300730287,156.02267678389458,153.23793791442998
3444,114.8,140.61122140181863,150.02683431930967,145.57278771457015,158.81522731624108,161.63981052100166,162.05927404101152,156.71502378794554,153.5536369975903
3445,114.83333333333333,137.96929903713576,149.19680226349323,144.86453070118296,159.07037897411774,160.17672130550537,161.80622765204583,159.03792051056288,154.22326535637666
3446,114.86666666666666,136.79824246893796,148.71868606069307,144.32480824414347,159.29718060913598,160.4798592410577,163.59361306549238,159.20060607734726,155.5826286606423
3447,114.9,135.6169020094269,149.2826534353699,150.69000860045614,160.2467714996698,162.50147707151783,162.18365111818053,157.38063595239,154.26431354317148
3448,114.93333333333334,137.67611200539682,149.910287048887,148.81597560737353,160.48649437768256,161.897232790781,162.42284387189127,158.09494012953263,154.6530374734515
3449,114.96666666666667,136.01310499797816,149.38787137145977,147.67340943595508,160.43298843944848,163.80921825798328,162.72484478968158,156.56225481092937,153.6318185125035
3450,115.0,137.29947361443877,149.05161999130175,149.35892463772038,159.48671079143534,164.19768735457882,162.16404002784122,156.23158050742995,153.79096946342148
3451,115.03333333333333,135.88007539262975,149.59753332502572,148.72970304917197,159.62060949469327,164.7565857699394,158.30908976558905,156.71442501450065,153.66272561092038
3452,115.06666666666666,137.88289307457646,151.46602202868112,142.91910540483525,160.5095041435231,159.3454336825508,156.84778685335158,163.06482056500423,152.84046062275868
3453,115.1,134.9351542056924,150.07023860107202,143.74676983496164,160.68880498949596,166.18419879263047,161.30851928628374,159.82157931505301,156.80822838349326
3454,115.13333333333334,133.32020107543448,148.83308597543004,144.94527980656244,160.3931301660355,165.66800805099055,155.15051005620535,159.7872960220905,154.2104057300404
3455,115.16666666666667,135.03095415226474,149.29054717034597,140.9920613923002,159.33263249042835,164.9048784529792,154.97421746690097,160.23937457212676,153.9768044596193
3456,115.2,129.99341371868326,150.07394069568377,140.7227568190999,160.53137629302825,163.87859266990313,154.28127000301637,161.45626031188638,153.56581687735678
3457,115.23333333333333,132.03855187098733,149.69356814383468,139.9057604831189,160.32257166622497,163.71317916440833,156.34781357178767,161.5060818574606,153.5102159225765
3458,115.26666666666667,132.46506295249694,149.12962606343862,141.7617292471086,159.8747434000274,162.99239600912227,156.46637656485763,159.66755809283993,152.867774947225
3459,115.3,135.5749991847947,151.32675656038137,145.8343089721512,162.69561466195384,165.93042596996978,164.07491710410426,158.11946192110494,157.44370065257326
3460,115.33333333333333,136.57861790508056,150.40577916283718,146.20832245982962,161.5246665774839,165.1826705899704,163.89690731593168,156.74601113245419,156.11267521734584
3461,115.36666666666666,134.30715422007634,149.3473941969688,143.82317095179306,159.56101248514062,163.2824939653511,157.87328915705766,157.9300504894873,152.38804810628707
3462,115.4,133.0668741761362,150.50501588429466,144.29929531312004,159.86026847000554,162.3249159226006,160.27971744406656,159.09159211571384,155.05776035722042
3463,115.43333333333334,133.42594466806065,150.1181222106807,145.04736499467842,159.11247332575394,162.55049519651854,159.2556030737296,159.98094949327367,155.16871462975666
3464,115.46666666666667,132.4223088555914,147.9802150804562,141.61796337423482,156.07534196680814,158.70768594032265,155.87546735551948,161.21027118991773,150.77418292702473
3465,115.5,133.55317692752433,148.27383155120205,142.11501593175763,158.09890605062415,154.33343400534733,160.1490334812758,162.93008291748725,151.34486486957255
3466,115.53333333333333,134.482569580989,151.6382208099349,142.16474711418056,156.6768053825979,156.34608799406462,161.2750981868783,162.54537790409543,154.23569693734464
3467,115.56666666666666,136.1701570947936,150.40486636006375,141.26871030650207,156.95057485267867,158.3522592409135,163.62381851465662,161.85767201521315,156.23314686704376
3468,115.6,139.72312124715705,149.69963367971647,138.50625906925848,156.93215830124342,158.63031039332785,164.11197786196888,161.6068569477623,156.27223020067578
3469,115.63333333333334,136.07699106679638,148.4036195043016,138.7514441824475,155.6049957375941,158.7184413718057,163.69315885957923,161.47966293515455,155.96694510822047
3470,115.66666666666667,135.38533340748643,151.55249059434215,134.78349356307595,154.30882103494966,158.67982298246912,160.57228966323424,161.80115874542332,155.11281141917897
3471,115.7,131.99888135659688,151.5996084508155,134.33964531867616,153.85129891148034,158.55781438216496,159.37061921550628,161.93835756428345,154.74117462173407
3472,115.73333333333333,124.66045747187319,149.91016490333726,126.63305342611534,153.40124038333465,159.59198111956707,162.58184487028493,162.42311491277948,156.95259622861226
3473,115.76666666666667,119.14383588451419,150.31075357637155,127.94498863650111,150.73317006993028,161.2373562638671,157.5387299994337,160.39533294349096,151.0356311503742
3474,115.8,120.15334375356503,146.60826530668126,128.65291097152485,148.1661928441387,159.46661590113794,162.0581789249335,160.9071980199724,153.44563233038303
3475,115.83333333333333,121.73173257079205,148.1225204575424,129.04210492347644,147.7808396025338,159.15461674857178,148.33489835295921,161.49686637261442,142.98027103223652
3476,115.86666666666666,119.46800395701445,143.6094620707,117.59277065767958,143.99129531029507,154.07971403332596,150.33801842293568,164.22105017703512,143.5620816610837
3477,115.9,104.52181302699046,141.99245944759244,119.67584057024864,143.8949454675943,154.4535378901912,150.39087900128087,163.3168288387211,141.9894787396809
3478,115.93333333333334,110.52019494067508,138.96463515159283,120.058764845914,141.7175755982627,155.01775587995286,153.44887363920972,163.97492881026105,144.71104290455096
3479,115.96666666666667,108.75342837478068,137.7670797206662,118.14529512275631,139.56320686521482,157.8545617058744,154.48089103169895,162.87003076302253,147.03825582496395
3480,116.0,102.81565307194526,134.4227909893609,116.48587141755759,137.88018362366438,159.9951689048202,159.82073697137915,160.73232556675688,151.1917061940949
3481,116.03333333333333,105.65834486773295,131.95419059789995,111.76321873161096,137.03032748083447,158.5990886282406,158.78838047906333,161.4767903527858,151.1023797541767
3482,116.06666666666666,110.49653987947652,133.36927442554568,113.6732608467494,137.2586324115257,158.88668587022832,156.06507128143352,161.8187417500075,149.60732977334925
3483,116.1,110.8717371608113,131.0114787768545,110.4559042342359,135.47826240128262,156.6675920655872,159.8155624555923,164.29458139455872,150.96865780720785
3484,116.13333333333334,109.94793711895021,129.88279767526987,109.77677529527507,133.8471901406873,155.85732058777018,162.25614554969067,164.17503188201226,154.4837700177238
3485,116.16666666666667,102.86619968597746,130.43086622457702,109.83219746797064,133.1123889872307,155.59488943864235,162.32839476831415,164.49369903227046,155.59127939383927
3486,116.2,111.02321356584135,127.87508339273668,106.92485879099729,131.45679120794836,156.52596387213762,165.41984921890867,164.63709987826763,157.23566987090834
3487,116.23333333333333,110.91328720221092,128.14223585585017,104.85308050999173,130.96589555554706,151.85030203165854,159.56596582055195,166.4470372129181,151.01343168650044
3488,116.26666666666667,96.71170551236224,129.714512063668,106.8442472929347,127.31084926037529,152.46238040531009,159.68768725298307,166.59060826947274,150.13863892957448
3489,116.3,93.09155388469198,129.23811604554734,105.23896703357315,125.97128562050983,153.99521468564296,158.80695306612125,167.67031160728206,149.30307282274467
3490,116.33333333333333,87.17010604571738,127.89554075929006,106.5916569756203,120.96525481367046,155.0595074526145,165.2177751458158,169.1515128828717,154.06634475858957
3491,116.36666666666666,89.78559266401881,123.27780524698204,103.11124184261236,121.9416657276432,155.40146526801178,167.1836836793437,166.9312177720154,155.4837491980116
3492,116.4,98.47972298826615,129.7593056616636,102.51022233522991,120.90248228170493,155.451595056193,166.12611537615516,166.63091123571235,155.40928242259412
3493,116.43333333333334,103.36721673122761,130.79217112968155,101.63475593105781,119.74874963342039,157.43510451135157,167.27661868640118,167.12195237096225,156.5531170590653
3494,116.46666666666667,102.51082904769379,131.36880698770474,101.30729464287687,118.74072600671646,157.30644059273592,166.4910880369126,166.95819563424956,156.25210655605375
3495,116.5,85.61250203726406,134.32321762599204,104.08124781666162,115.23464647438831,158.45808111932476,167.985081195906,166.5950059297315,157.87058547272818
3496,116.53333333333333,82.71856325070074,140.71613806161935,98.4206727814141,114.19510151637742,158.65374057506625,169.6935593559437,166.51599346730313,158.6986606683336
3497,116.56666666666666,79.09236152704041,135.00851617293327,99.91489140483107,113.06739330232618,158.29237579062283,169.2429230603766,166.01011111557935,156.71204390556997
3498,116.6,89.72056262489076,130.64269687327482,96.40178865335433,112.3055804752718,157.3284790968572,171.8639273106187,166.09392566840037,162.47318491585054
3499,116.63333333333334,85.9782006512837,131.64944374369915,92.67330914314816,113.06870777159209,156.08559650964895,169.86441013254316,167.81883090909795,160.64548031569052
3500,116.66666666666667,81.44974096968522,131.19987974651465,90.74960240055492,112.65397356420885,159.49402653218928,169.92237916949097,166.44824399854784,160.4868855970612
3501,116.7,73.85627005396417,131.32780916461002,87.91899128915092,112.0767354476553,159.11497015775115,170.9688978695903,166.31641125659286,160.90932116431892
3502,116.73333333333333,59.82049670713175,127.99225086835969,82.96153996345174,109.70155249897597,158.8938158033257,170.51270892326866,166.571970779225,160.31809469598227
3503,116.76666666666667,64.64915555185162,127.51186597491301,84.82130496855805,108.33638377578778,160.8620502460282,162.39877388119893,164.00953537886107,152.90455380842195
3504,116.8,73.70594657896314,126.91161595428842,69.90432882838512,106.26838787782174,160.01973139128887,170.12472070002008,164.40010331756062,157.92619176839213
3505,116.83333333333333,59.49108337308692,126.14000797021191,79.01936754795776,107.18650111391845,161.55998445906235,165.7664196720227,161.82055499888645,154.4393972112494
3506,116.86666666666666,72.64501582341535,126.75908376414463,84.53835441569812,106.72972792705558,161.18708257102944,165.55910246226304,165.20490087498263,156.09581365594124
3507,116.9,73.34240767761601,122.56058713110637,84.79003934373657,109.12779130996542,161.51482330084622,163.0912466622926,162.92746116755492,154.9563736140322
3508,116.93333333333334,73.95972499737054,122.00536568961928,82.60923872147264,108.29996486316175,160.2642730140807,165.69319625011914,163.6028662489921,158.3709439170872
3509,116.96666666666667,91.92578647145905,123.09747917499173,83.10028599510308,109.3678517347809,161.11035273813633,164.16430874787386,161.45258424699009,157.34138559670103
3510,117.0,51.24676487612262,120.41868171259492,77.96903551499234,105.52889348211824,160.23964071654495,168.1969122279673,162.79599746241317,158.52316043213014
3511,117.03333333333333,50.14515467409097,128.19468738573235,70.75177309566402,104.36048079678513,161.07347588197726,164.36842244171888,163.05682090644558,155.75197552725902
3512,117.06666666666666,46.586601827999004,125.93919958668167,53.09688995409513,101.99309931811779,158.5729360810185,165.52695341988198,164.43492865991513,156.30984076488048
3513,117.1,34.62424665367612,120.41430360721579,66.2161893425812,100.59626468287176,158.9343288742832,166.67482513632888,163.3564548009402,155.21458968585367
3514,117.13333333333334,34.574820033710076,121.71494347471436,62.49167662921699,97.44215580973636,161.61457395115983,169.63952629003464,162.1893400116567,156.80231938298513
3515,117.16666666666667,85.75394908280755,115.46316518551815,78.9109173452675,97.99590734703185,162.77674439482186,169.8334812624088,161.90657672933895,158.73333042120774
3516,117.2,57.32179097062188,123.3545430920645,70.88609000048857,102.74951967631618,158.65003095588423,166.8066589218575,162.982046676263,159.17061636432717
3517,117.23333333333333,103.34629364848412,118.97821791057957,74.84154204793407,101.08563341327199,164.15836949470614,168.77539749733626,163.12354744149047,163.49526218344138
3518,117.26666666666667,106.39058950180656,116.23916539734084,77.88022108526395,99.25005137259099,164.0851713484875,165.8654429062684,164.247332304409,163.508774917428
3519,117.3,22.184399945122212,122.03260855835617,47.99958472257011,99.47034431410866,158.2065647204922,167.32696730772045,165.81016617587537,159.4310189073323
3520,117.33333333333333,115.8957627530464,116.46401265407957,74.07113759644527,100.0715096348755,159.25208077715598,170.90167946713615,168.08602929553226,165.07299468511584
3521,117.36666666666666,103.80296926505498,122.48215523000353,73.95089438169019,102.3582583310973,158.636377210075,169.1672775696427,168.84721332497983,162.96575945490122
3522,117.4,139.65795564452318,124.20183954943279,81.5734399285322,104.69610589585139,158.52401588931482,164.31032614019557,166.9341329155263,162.2404887493996
3523,117.43333333333334,122.16108718275063,123.00991193549956,74.55383788029832,105.99908978647144,155.25148002746715,164.26686817641638,169.2678934837874,163.84155979988552
3524,117.46666666666667,133.78177350668958,127.96707329666074,74.91365337618545,105.41432958619723,159.03869194978415,164.69679933924624,167.42934258030579,162.5020359727245
3525,117.5,139.57001849151192,128.94541159987378,78.03139339363342,105.79384844241739,155.7353984356345,164.4507032440315,168.77339868945757,163.38966050272583
3526,117.53333333333333,136.85325299873074,125.33456669326395,75.45002170847906,104.85419792313441,158.47072251492762,164.212229916842,167.10719344412064,162.35426147247927
3527,117.56666666666666,138.38665211097052,131.2376512749346,78.49213493743886,105.19762955890515,155.5154062340094,164.9507106034468,168.4500573258197,163.53955029891682
3528,117.6,137.38034396174032,129.8818891256529,76.3859943040785,103.50002592759336,157.4101576633005,165.48558738778414,167.94655930058917,162.57315315071608
3529,117.63333333333334,138.24817038794035,126.71089265901955,74.98873624357827,103.96148383693615,154.4928933202999,164.61375069366133,169.0379309509245,162.63302090033028
3530,117.66666666666667,128.88366400645907,120.2826245095882,72.65510848498086,102.16252103322307,155.74985383416174,166.4648801447466,169.23428629645719,164.11469707380763
3531,117.7,125.26865342701001,121.44525605542542,73.56807104411149,97.23908286681859,163.55907578063437,169.72978756280918,166.41895104304254,164.60222803104358
3532,117.73333333333333,35.56675657859193,118.21095854474922,54.0801065126196,92.75161987260704,161.2904302344355,168.5170830683972,166.60557705406083,159.57873631854957
3533,117.76666666666667,42.71233681592209,119.66560410742194,51.1714301776418,93.43907183851067,160.40159979551214,173.9324957948791,166.90075510268312,165.6732921259521
3534,117.8,122.54130476776301,125.49315499881102,68.44363202289712,95.0163539881402,162.1093512135314,172.6885737633066,166.41096786562287,165.42720367597465
3535,117.83333333333333,134.66977021162947,129.87196518871204,74.1957410133341,97.12682097568468,162.57097394221813,172.37185682770766,165.43153971318827,165.92940851091194
3536,117.86666666666666,135.62050576268774,126.54350744385411,73.97872911853595,98.99694405581546,163.88089739858532,171.38543636999864,164.970649042732,167.1320773438031
3537,117.9,134.50471921105327,123.07545181158123,74.17420406614661,97.84811042815898,164.70927431192487,170.0956709836921,164.90096181733944,165.9760946506113
3538,117.93333333333334,129.24806944848896,121.7328311001296,72.41145496070044,97.96211865113521,164.57640280839104,165.60683042980594,162.16181055227594,162.90834003114603
3539,117.96666666666667,51.88569247812506,114.48166778724779,57.61451059711692,94.11289523397193,163.83349796375074,165.23429587434714,160.3731124760131,159.76738134072005
3540,118.0,95.91844036366265,117.41168971413046,63.155667817221754,95.39441286778717,164.38395244546348,167.4168492726468,161.18305568556056,162.2111821970046
3541,118.03333333333333,128.82093211447244,122.87713476879468,72.29823899969881,98.51753624242525,162.1159816326846,167.65950976366736,164.49436052997183,163.42369326028611
3542,118.06666666666666,125.32159733512547,125.05300850108361,72.30475670720662,99.78575251981333,158.1669968756745,167.66041941346398,167.30765594032732,163.99993240388727
3543,118.1,131.55723830882806,119.04665171397889,72.17539626264443,98.52952753435018,162.14795005683825,169.57024316495892,167.54023014055213,167.39217365314596
3544,118.13333333333334,125.83566943514501,120.10902589351711,71.30053753536522,98.73429226090343,162.63248074073945,169.95107922651974,166.33212780320736,166.55248609837048
3545,118.16666666666667,128.7882207942686,129.28499485757908,71.94807743188068,102.35339114885554,157.58184212134597,169.2291521817273,168.4924779220479,166.10626204602372
3546,118.2,139.03823691213486,127.39779819775023,75.07239437119485,101.82133817252398,159.77757244444481,172.7787250789261,165.93101000251477,168.09197590448193
3547,118.23333333333333,136.54800164758086,125.80387474130451,74.51735158666136,101.42336052229048,160.40633341827402,168.31339186569122,166.36900131137543,163.87976649403194
3548,118.26666666666667,108.51515721685162,120.692383525608,70.46591220905619,98.47409200319382,159.96734218845427,170.55748799229994,167.38176198193767,165.81898649167042
3549,118.3,125.51780076247744,123.71156308530595,71.61240680998598,99.34676288685435,158.15290315694367,167.99716965526184,168.1151986431809,163.94531082433255
3550,118.33333333333333,126.638874331319,121.30856024094966,72.72400156739795,97.75726345641509,157.9893289130925,167.80512592048086,168.41115457054693,164.06963899668688
3551,118.36666666666666,113.73091651180032,117.63685471656977,72.76537475551116,95.83617618343342,160.19787472675387,169.27114369410376,167.16634162668302,164.07566130476678
3552,118.4,131.30210542945332,119.16071781318901,77.03531160687908,96.68139747918687,159.13111935353317,168.3105121606845,166.4485721425746,165.00964365525326
3553,118.43333333333334,104.79938186515756,117.31410839702066,73.47989818918957,94.88415750812042,159.85642738334303,170.0172457387084,166.65004676563984,164.8201697080319
3554,118.46666666666667,129.86472383731754,124.74740684987937,76.03238839848711,98.78970623800876,160.51161045175766,166.19569425820208,166.41061607401582,163.55665247946754
3555,118.5,84.02767947965685,124.20230204529285,67.1724028825976,98.59219732191724,158.65793740641098,169.2147256145283,166.26253260383035,162.73031413195397
3556,118.53333333333333,127.00760362466404,129.3328670063859,73.57785441012724,102.5537601057438,155.56977338770122,165.25642182009025,166.6799579331931,161.62148999057578
3557,118.56666666666666,132.58183264022873,126.28713326907047,74.71870409792824,102.4700574535131,157.3400826658821,165.19399265848386,167.2461814795785,160.78564775574236
3558,118.6,138.25107389079665,127.74950918628502,76.91246632300047,104.00333345983647,157.98438819043764,165.26292955205702,166.77798791802834,160.49230155101498
3559,118.63333333333334,138.63532546497845,126.66669701843801,79.27447878676101,104.50319962398821,158.56453575923646,167.51657249075012,170.0644051046097,164.40292560748995
3560,118.66666666666667,135.8668780313605,122.2938273058045,78.85543264864928,103.04733950022937,162.29505201675272,167.81874995415015,164.7970213993901,163.40936008033427
3561,118.7,132.76228047756624,114.88800321832151,78.93626054219594,101.63310688854895,161.9819910503793,168.66512005779202,164.66079182161923,163.89429727465284
3562,118.73333333333333,140.16526721836556,114.90229987272816,80.67930343434094,103.39315087353916,159.36680721983922,168.47705667862746,166.61300817452593,163.20601533599483
3563,118.76666666666667,142.61879141132974,119.56465491940494,82.65383148065001,103.18658958044865,159.77888611716222,169.11305198262863,166.10305467531316,162.88739167408502
3564,118.8,142.59160213802255,126.59006375499916,83.52946253649091,104.58856268452472,161.75490768274707,167.811403189484,165.53918998790365,162.96165254776295
3565,118.83333333333333,139.5155365031082,124.23368534500672,84.18329329809495,104.33473648680562,161.17429527536888,167.4297874874377,164.53032567632818,161.6572764002246
3566,118.86666666666666,138.81197035179264,122.90350311076615,84.60959598016686,104.49508136026817,160.67663484334543,167.4430953697428,164.57902054047037,161.46483412299014
3567,118.9,118.41017861698286,116.723177780857,83.53969515038229,104.33331615157181,158.512518589321,167.3002406303753,167.7699672988975,162.05995954705057
3568,118.93333333333334,35.31899381622605,123.38303413160858,60.48292568206381,100.95582838224043,160.6699331629648,165.92989779768,164.581670615899,155.1327348244599
3569,118.96666666666667,63.06142065515093,122.7695996758869,69.3890531465194,101.97773407629717,159.51662112515163,168.28443214308732,166.94229088107895,158.6241821415196
3570,119.0,101.45497177122316,125.8750250314865,79.38289601142282,104.34235535394033,157.3128403297869,168.53216560812746,168.17055386457497,160.17660471353457
3571,119.03333333333333,62.40987135949054,126.77517949236123,59.24634617210804,103.6390674817139,158.3017969918231,168.75090236772277,166.7708128063421,158.34035044727602
3572,119.06666666666666,104.27292854840186,125.90819057076193,68.81945104029457,100.84667849121554,158.7953131831889,169.35606501429345,167.21206530187496,155.23555458156275
3573,119.1,62.40848813411637,124.18256144854406,63.5199994648163,102.14236360836628,162.0460997627428,159.30030993610737,161.51191686989048,147.05042932906767
3574,119.13333333333334,53.67722913538451,133.41256660758094,68.98548628351571,104.10911352589068,156.90590642841096,162.96638240641198,168.78538688232499,150.17640344905018
3575,119.16666666666667,75.11211624533314,116.44169712486122,71.80869947664092,104.11687331355242,159.81884199264826,163.5086927034799,162.69727976548842,150.02102820700526
3576,119.2,91.67328266799974,126.93926961413338,73.1732997313032,106.06791021675963,159.45566410960797,165.66154618581155,161.57016787449604,153.1462877947703
3577,119.23333333333333,76.7219554995892,131.95501859026857,84.87126116682424,108.1928148084326,160.09120017796366,165.10290796009454,161.83319380785733,153.00644201946477
3578,119.26666666666667,86.35536863329662,137.40676445145647,92.67153153736784,109.34559874225812,159.15418973983148,162.53536984260737,164.09516309986918,153.77491285364118
3579,119.3,89.14106557984604,129.0519300257128,102.796739334087,112.06671601906235,159.46992528382296,163.20827384256194,163.3800526690032,153.34778034112014
3580,119.33333333333333,82.09851384003821,130.69213350187493,101.1493589491699,112.76144212796068,159.93562334702494,163.9105609266595,164.94520539079357,154.22394667712797
3581,119.36666666666666,86.83311047770562,133.9953564404475,106.05610382844428,113.76760321844884,160.23400987045426,161.3629342223698,164.09121805462036,152.7503377386716
3582,119.4,88.97276260354354,134.2144360171478,104.41411761259118,115.81829801952993,160.58087755597876,167.38237207599872,164.0427504156917,155.89167444247695
3583,119.43333333333334,103.21183713715759,126.27675992473425,100.89252905814274,124.10617256776112,160.58600793808444,161.55005299040047,163.0705229632094,155.9947162450892
3584,119.46666666666667,112.9528701186051,129.95578598882784,100.61690914665562,126.40167181145445,160.1892804312668,163.4584849817339,164.73947322413014,157.68288997081854
3585,119.5,105.02961937570056,124.27911414724333,102.23749201911829,127.49438804124829,158.70331823254105,164.30159248349307,165.91095521420905,157.2187576162637
3586,119.53333333333333,127.00492839762454,126.69952751283161,104.15160307969747,127.63037396973782,158.08937341883654,165.3493922117327,165.99522061869934,159.7156309211881
3587,119.56666666666666,119.52281558299222,118.69235866302111,103.31023060544814,130.71510879234884,157.54551457055317,165.52134081583952,164.33747178144378,159.32117674819278
3588,119.6,133.87253043198083,120.81374441376784,110.24341044587686,132.81965868727386,154.97135724680535,164.1417459952579,165.3268134631734,157.97159254690348
3589,119.63333333333334,132.8858160206322,124.41881080963444,110.31442248066872,135.30257359568634,153.55453832386223,164.01874133921154,163.5756495081727,157.583064246673
3590,119.66666666666667,134.0008019612368,126.74226950849697,115.14462480699784,135.66541775211465,154.36002308090943,160.7334905358926,165.20403511602586,155.4237884456771
3591,119.7,131.64259325582984,127.63295921387953,117.82966815451364,136.36299280418442,155.2318503066386,159.90044298149357,164.53972678221294,155.4890930566153
3592,119.73333333333333,140.81466045192315,124.86617011053696,116.40929543940607,137.18250900518905,153.87426513271777,163.78513936559537,165.02246309589813,157.6461032608918
3593,119.76666666666667,125.46043191137454,123.77169009246555,124.776008318489,139.0047680774698,159.12631465528452,162.95261011233393,161.4735176420996,156.83837577357616
3594,119.8,119.21228821617574,127.73507710590346,125.94776427547231,139.82928778947476,158.5923473152602,158.95812471113783,161.98324361800707,151.63407634068577
3595,119.83333333333333,125.18271069851701,128.43869241700477,124.11064080359188,139.87947176531614,158.64725234962953,159.5849282871973,163.2599697204656,152.22237686954333
3596,119.86666666666666,128.6125314409214,128.404775008961,122.85547917793527,140.00216516087315,157.51826056558414,163.25680206104286,163.32683829512408,153.8233345988338
3597,119.9,123.34188493097571,126.93507860167868,124.53036774813795,140.4579145953563,157.89209888044508,162.46964319463927,162.82829526659634,154.9339527606577
3598,119.93333333333334,124.52751957011468,129.40326156417075,129.14419120402235,142.1128549341334,160.24356165941236,160.56091631985845,163.00062599253124,152.57429328077495
3599,119.96666666666667,122.98934516967466,131.6957378042648,126.47604460954237,141.9042252863163,155.17503035335284,159.05488030881466,164.83333709701364,151.1081304837444
3600,120.0,124.63020709592416,130.74932073076303,136.73949173464396,143.16062122323885,156.83879099045677,161.86072938049108,164.11972560166524,151.08241090796017
3601,120.03333333333333,122.00634278916367,133.01674095816907,131.74845424604405,144.46166062042064,155.976927409492,165.00507365132643,164.24898795707742,153.4740758798305
3602,120.06666666666666,129.3638730359332,133.13404244174126,136.8102225146382,145.33138153104187,156.41377253734146,160.73684311696354,164.85250742616216,149.75634747993877
3603,120.1,133.0736847586199,134.78963255327935,137.5167219412592,145.86945857328405,156.40511192302174,155.59864292838006,162.8645473412086,147.99878984931178
3604,120.13333333333334,132.21020386553343,134.8033696747673,138.1778152720755,147.08075128917613,157.40569301025022,160.5878243993323,163.7360866907383,151.07329899949823
3605,120.16666666666667,133.23959074156554,134.97541410982285,141.42771079637112,147.43385799356918,158.4906268038238,160.6062671689306,162.8471777864547,151.11086305349426
3606,120.2,135.07505335567583,136.12712465571812,139.6133005322137,148.1732660609867,158.15128093686027,161.7161311112033,162.12758858627907,151.95412999779205
3607,120.23333333333333,133.28453137038665,137.51893740930686,144.47298884740258,149.03027296819332,161.16191632788912,161.9685027312691,159.95259202937206,151.92047310700906
3608,120.26666666666667,131.6694638981173,140.20566136403718,143.93222902412631,150.76549278113873,161.0145548897357,162.08843299846646,159.95922875642864,153.18054056238955
3609,120.3,128.633996335056,140.65210269749505,148.16117962337776,152.1750993668722,162.31131082807212,162.08326960481125,159.6814964052746,154.03945245639935
3610,120.33333333333333,134.45641302814985,142.97842870612828,148.75979501563518,153.50546445082207,160.92867426751542,162.03515478505105,160.64355967332017,154.83230488829543
3611,120.36666666666666,137.39304720359212,138.58261599507418,147.96911219090856,154.60779510158525,159.98665300085287,162.64274575062788,159.3076339506249,153.51985296166788
3612,120.4,134.93361452146075,133.44362358300924,153.01638474066903,154.41708584255343,161.8331821057643,163.2786585397166,158.01221653634593,155.20025372556145
3613,120.43333333333334,134.70579824182042,131.30235052876492,153.40957387320123,154.89630621012856,160.5277199208703,163.71850083541125,158.58070780405083,155.53649924562006
3614,120.46666666666667,132.1338038201973,132.68928075512926,155.86745909856324,157.24274297332636,161.5232322520611,163.83324876477064,157.69279950955382,155.30643706398476
3615,120.5,132.84032104459337,135.27853556915463,159.85895440570988,157.99897290952072,161.13366765429143,163.662881986723,158.3607864379885,155.2816584668115
3616,120.53333333333333,134.62462206254537,136.67833412990956,161.50679314306893,159.54801883298515,161.57281355279093,163.39607159479763,158.12925873645992,154.51515062857
3617,120.56666666666666,136.59353638408044,138.37660286552193,162.19005710838843,159.8597774630166,161.1887735927471,161.0353593241695,158.02587634710744,152.90583901856672
3618,120.6,138.49510693777938,141.243845254748,165.53002947981247,160.7474469182574,164.4205307834666,160.27613897635322,157.28334969024198,152.57813817234714
3619,120.63333333333334,137.9738273775367,142.75234435523194,163.38434336434767,161.38269602600167,164.13809354007518,158.3041072443429,157.59366888653628,151.6479750799676
3620,120.66666666666667,137.72942522264538,141.58205148063212,164.4090732417349,161.70968899727714,164.63619871976852,159.19485038698676,156.87869095557144,151.53755278766235
3621,120.7,137.0379031299822,139.23539495315063,162.54032697985133,163.01724858901838,164.76939119271134,158.34351288094751,156.11478006038053,151.1205109172916
3622,120.73333333333333,137.90999373367464,139.09751756861908,161.83502480516697,164.384070377641,163.50328396648146,161.63472189751343,156.0607082810642,151.77150548868468
3623,120.76666666666667,138.86741052805968,140.0635843936343,162.19292277353853,164.41868134857933,163.24590583710935,161.8689048303399,156.06478743132308,153.13443802777735
3624,120.8,136.28062890685095,142.5269883695438,162.3169953270924,165.37861211955192,163.54291310105648,153.96113379222157,156.39984388634346,149.26187130802762
3625,120.83333333333333,137.16068598509747,144.66557125564432,163.84418034733162,166.98342800351355,163.84939287953674,155.64968951578558,156.80054153971864,150.22296689889512
3626,120.86666666666666,137.1957467944941,145.10449855258034,162.80036232901395,167.13474811748492,160.4387472081449,155.63294282228395,159.6739040698694,150.9289054040839
3627,120.9,137.62633730138535,145.26721297913411,163.50534695504277,167.60043825721365,161.88336286429876,156.5010485952811,160.37471080426357,151.67702889333003
3628,120.93333333333334,135.9021293181006,144.1312465967727,161.76740499640252,167.04569846063328,162.71800795542242,156.33125337896485,159.7670440255508,152.29798356429768
3629,120.96666666666667,136.62065526219132,144.5123958783193,163.07456848854167,165.67442514240204,163.35067802126568,161.28287127049578,159.0845618521903,155.00918184155518
3630,121.0,136.95593246850052,144.93807555434645,162.7417301031238,166.1964905097441,164.12476113983993,160.78462821695715,158.27429781895603,153.81166609728592
3631,121.03333333333333,135.7338803419375,144.253768035374,162.74210395297465,166.52070272656616,164.06121772697406,159.4874066859029,157.37791723044796,152.1439505805559
3632,121.06666666666666,136.96111825868635,143.41820401065976,166.24274791233782,165.02982773977126,167.15022199301077,163.23314464824176,154.44861849686404,156.17853523917972
3633,121.1,138.26481513766416,143.99173597391365,167.14269142999845,165.00161592650136,165.9373854834403,163.13224380177704,155.0254874213309,154.94404649298298
3634,121.13333333333334,135.10828894152542,147.75806254133173,161.4897087198256,168.97901588283574,167.42254660975576,157.4300602206314,154.47709148886364,151.6981262905294
3635,121.16666666666667,135.44285765288527,147.9095878223733,164.34478684906907,166.1306311855522,166.7156669830048,160.72823957802774,156.22968039354328,154.8558529539945
3636,121.2,134.20250087811547,144.809799760879,163.77427361976413,165.33627590114986,165.71206628054094,160.76692150578498,156.1688879649983,154.0503556409348
3637,121.23333333333333,134.8959612705516,143.15302453012063,164.1814503070162,165.511210209864,166.38113468964175,163.42405208667722,155.7362170828926,155.31084432496056
3638,121.26666666666667,134.6713936798187,142.55685105836866,164.1717880537466,165.6599313944199,165.93044878688596,162.74228606691418,155.87586667427803,156.03407873237234
3639,121.3,135.0326734197884,142.9724528155355,165.30057774932587,165.53236190636218,165.74983587938425,162.3835307017944,155.3805392149121,155.2648373374401
3640,121.33333333333333,135.22331555654057,142.93898486956056,163.84540208135073,165.3469916787225,165.0307565303422,159.3359959287578,155.4810989476572,153.04965225020325
3641,121.36666666666666,135.79463100070322,142.54709540657038,164.82361853857964,165.4652450480923,165.03829301320124,162.88433268920048,155.27046542938027,154.20140996901787
3642,121.4,135.9888529722645,143.78241407486226,164.5389945380303,165.9109142614121,165.95530783230873,164.3380435403294,154.85817269584044,154.84411624939406
3643,121.43333333333334,136.2107491666532,143.7688985640601,164.59685948635214,165.9826194877259,165.74929632401512,161.13025802113188,155.30833283799763,154.47565107927178
3644,121.46666666666667,136.29958664710318,143.4386343206309,164.3009757221644,165.11923002853433,165.30404175442834,164.1241405098622,155.30681446487478,154.58531605705411
3645,121.5,134.32559659492995,143.42574694827317,162.93472524020783,164.80144902786392,161.08012935479513,159.52317310743445,158.89574289334215,152.4899833191896
3646,121.53333333333333,135.97045480130527,143.12157043353682,162.37572281350754,165.57430070809397,162.5630399385274,159.41132564546706,157.80406455986622,151.74275172156146
3647,121.56666666666666,136.7083323424476,143.30671855745638,162.81551214451784,166.4190459285889,162.94022482887658,159.52024057090117,158.46806753594356,153.05841944693086
3648,121.6,135.05769631981053,144.50896713959722,164.06662955450244,165.56705917771018,163.85904455908022,156.66125733969713,158.52625334662918,153.00143245239897
3649,121.63333333333334,135.20642971109723,144.77867370350987,164.2340560662015,165.58920472480324,166.44787509853825,156.8891823354513,155.6443310102098,153.11932455613072
3650,121.66666666666667,134.93614295041147,142.21879557383767,162.27073012915426,164.10668881648454,166.32526707148628,156.42044595493934,155.33257127518607,153.0658495034298
3651,121.7,134.60775804001526,142.3359194811904,162.11030656298044,164.57563224097674,166.13140846821136,160.36181326815327,154.3357323004897,152.94360155609985
3652,121.73333333333333,134.61936522956768,142.54608811183317,160.8713012450778,164.90500324195423,165.00523425953503,159.5142124911109,155.17328863375397,152.9855135934453
3653,121.76666666666667,133.10059741946262,143.48882518444637,163.11725965623086,164.11101008762054,165.3615606432537,160.09862923527606,156.5044453612096,154.74428116064928
3654,121.8,132.10415402043378,140.9865980952958,160.96928534052864,164.00412554647818,162.3003117406366,160.00345228904013,157.78869914066814,155.3052466782868
3655,121.83333333333333,132.81247809434242,141.59163800978573,160.14041047650161,164.26313995919202,162.54272261396468,162.722344064166,157.14335988734945,154.8903247081797
3656,121.86666666666666,132.59543033957732,142.92020266809718,161.4521260459906,164.56980127277356,162.47446406812708,157.94494129123726,157.55274665610295,151.99481492325356
3657,121.9,132.70559005819004,143.69632380518257,161.6709091763074,164.32326560929383,164.09554006977564,157.87996952659634,158.09809262913433,153.21062596966522
3658,121.93333333333334,131.13826957879795,142.00911593798904,159.3230869733,163.74116119118443,163.34010534142257,159.31163461242363,158.1234837788963,152.99644861702868
3659,121.96666666666667,130.05613307609727,139.7635735003503,155.07079700249744,161.2054087738953,160.07584519788037,157.0713870992462,159.00893037587466,151.68196690315185
3660,122.0,129.4402894716784,139.4216058324579,157.12243335267343,161.12487893079387,158.49405201620633,157.97737342366287,160.63401664831392,152.13065739406548
3661,122.03333333333333,133.75884380795503,138.81247774278876,154.58062368569483,160.27351171759906,158.62326196783764,161.85858544905832,160.82650648696165,153.98710011453588
3662,122.06666666666666,135.21295268065313,137.29028723470927,154.8829421120877,159.46491641328015,158.51983165534315,165.4363840370846,160.79390935285886,154.8395286111819
3663,122.1,133.54849950385324,136.63304176446277,156.1857799028431,160.35893746560706,158.12571687576462,168.05415610023948,162.19884180368447,158.24471728152648
3664,122.13333333333334,134.3170388567486,138.75256037156316,153.9988361965657,157.8406983446942,158.02139419636177,168.25140311483185,161.80705351695804,156.61156756375595
3665,122.16666666666667,136.19967790685666,135.95480159388407,152.84541933327006,156.34178780770966,158.57639994112063,168.4337673155639,161.2013255195752,157.55588487538833
3666,122.2,133.88936456832786,137.41402858460174,157.3432869837626,155.7649329121318,162.12597955654505,167.5907265918731,158.60887350545264,157.3676869844185
3667,122.23333333333333,135.4372310129449,139.71433188521067,146.15902106688313,150.95015662900883,162.0884250878053,164.84933357793258,158.86232345108067,154.45880383648438
3668,122.26666666666667,134.34691322065615,138.28209713336824,145.18075326401265,150.13729610568353,161.38818108276328,163.20766195096544,159.05880672182187,153.52216704787824
3669,122.3,132.43334697939235,132.3457894865672,134.37188453734922,146.64952908133725,156.31066749369236,160.85855992906323,161.6825650900803,153.2772571823755
3670,122.33333333333333,126.98965015437719,134.83694008173717,144.22704667460323,145.86893376941524,161.86807321434588,161.42377120671378,159.4730937944444,153.5870574208401
3671,122.36666666666666,130.9925094553728,135.39496721972657,138.8022625609571,143.75683072837174,162.10044964218122,166.57868884456965,161.2518926487206,158.10960121196047
3672,122.4,126.66214185669556,130.74698098736533,125.65568571597693,139.43395500149762,157.82581330953442,164.2824836069022,160.42468132222749,155.38366571550893
3673,122.43333333333334,120.90174728986631,126.77828072966486,126.05498225402785,139.26362575234688,158.63188768812643,163.62501214585657,160.08758015778454,154.8775319205478
3674,122.46666666666667,126.55686310413867,129.8182263925972,127.47613185332499,139.48879623618868,161.1989612748861,163.9441967759083,159.6402353220038,155.390470189911
3675,122.5,121.90392568080995,131.07576978185665,128.0002973150163,137.51920783141787,161.90852635563627,161.18707596593228,158.73489795260693,153.49099678360608
3676,122.53333333333333,122.56919881316168,131.03240106432068,123.22307735290188,137.0033295271639,161.58024845850997,164.38055466018082,159.20078945038753,155.8007535608037
3677,122.56666666666666,121.43140134244986,131.10014643629154,123.57552364737165,136.96859648810232,161.12565178646764,161.72977990887034,159.99854397701566,153.21172774503643
3678,122.6,125.64552639153464,130.26240011709027,120.73352737828228,137.2693196917439,160.49440368278945,161.34548799339237,162.25485801198474,154.16769724098694
3679,122.63333333333334,125.75028128656889,129.74181757192343,119.63557425494665,135.80960946357922,160.279507871946,155.63724320046308,161.54880333640202,150.52272657739994
3680,122.66666666666667,112.89240396222615,128.20591485414164,136.1014253108233,135.45721159706497,163.5785352923806,156.2208835548694,160.96863975474608,151.42132380057947
3681,122.7,120.4925119032752,128.69502408660406,118.51436034012428,134.676525543543,157.21039894035542,158.44579907768656,163.35822170391924,151.37559583747725
3682,122.73333333333333,129.54375097930355,132.96328857217748,115.46716536857004,131.30305082939424,158.30377321672142,153.8845921032306,164.45103232352858,150.29565608396805
3683,122.76666666666667,116.61867636213664,132.89876721327968,115.67703965997545,129.60437239693653,157.8373793344422,155.8504192658257,163.44654871971161,147.43142400175654
3684,122.8,115.82481015374995,132.7823243071672,115.3699145468693,128.00521824036315,158.4132840180885,161.37901765050796,166.1002855878846,151.88296685184338
3685,122.83333333333333,125.47654730288752,133.1736786091257,112.09024446700143,125.95788248962685,159.51869102510923,158.536330617843,165.52390959831033,153.22895666815373
3686,122.86666666666666,102.26424817553684,129.14462683027767,111.21183286811089,126.37545328231379,155.29561387167863,157.13708655395172,164.78023609098292,152.4254942075825
3687,122.9,96.7860585753796,129.23658444729583,122.86144766454284,124.10196677243461,159.7948052708692,160.55657546467748,166.36740574988474,151.1680567380542
3688,122.93333333333334,117.97130782561194,134.06682192757557,115.52425998574695,124.9678160370508,158.8337914802354,162.3944220815476,163.91196957924814,153.17792081492556
3689,122.96666666666667,99.21923983387518,130.63970044707574,106.23946885715806,122.72780273630997,158.88130963182252,162.22942830724332,164.3096561090879,153.97907178930942
3690,123.0,98.40614466410602,127.63906605529829,101.67713545673513,122.20069376818182,159.09840867497184,162.25385870850295,166.4573832783361,154.68560888564065
3691,123.03333333333333,127.20828181097055,126.78287639349354,100.05341896684857,121.39347741849292,157.511405775355,165.33016093301475,166.6801316320733,159.39227617177076
3692,123.06666666666666,115.09164379621612,134.65831078587013,98.19253430496448,120.99146667615626,157.78410510651284,166.19929564841283,167.46588248782666,158.73133197513843
3693,123.1,111.41961923544568,127.22905211911777,96.48388469219093,119.68822700775523,157.0842421393374,165.26182769474173,167.35511942056303,158.03649480007687
3694,123.13333333333334,110.31304225968547,135.5896172316143,96.06068633849736,119.86715984552615,156.57589342552333,163.51243553502215,166.78147186025268,157.60337045457948
3695,123.16666666666667,80.45649135875797,131.09771505525777,95.24168477390354,114.45450502951637,158.34519368719754,169.10962889369947,170.9684923965222,159.10203550420613
3696,123.2,78.97357794066117,132.93121446613202,92.61580760965352,113.63417136101343,159.59535949509655,169.3981641037749,170.20219787357212,159.33402970007944
3697,123.23333333333333,62.72700950021536,137.27981019969337,85.4244214191958,109.78828674415813,158.66992278558925,171.86272038678223,170.63385332929204,162.28596794703898
3698,123.26666666666667,79.81537590946391,127.37890995049258,90.3714804004584,110.30573323823376,159.82651908958968,170.71029480742246,166.66534192819194,161.95423766722988
3699,123.3,85.96669823982143,129.08027742874506,87.69696840249985,114.07985500376475,158.78942716504088,166.8695218948186,165.25674824067974,159.64331115794158
3700,123.33333333333333,88.03383188705884,135.5428898568027,89.35972912804748,113.78292033694751,158.95348879291384,166.74077308822538,166.07129456107967,159.530896252958
3701,123.36666666666666,94.46392844567009,123.30972899523422,67.71860896722562,106.11152745285888,159.73884645076956,168.16841045438053,163.7244298366017,153.5518461724317
3702,123.4,100.46283647392862,123.70215507066739,73.10291692496297,106.2391795217423,161.43000145502631,166.75020068705632,162.44623346949896,153.62384206989637
3703,123.43333333333334,100.15498544734591,124.79164926677468,70.39947084165664,103.80032410713397,159.68705946975342,167.7634953017151,164.67480220616446,154.0232331493773
3704,123.46666666666667,93.243088315384,123.22996359073022,70.40605273500478,103.92866571332047,159.8664192644167,168.60202584424962,164.52882640413534,155.40975061150667
3705,123.5,101.2108731306805,124.74379141038563,70.48445875032554,101.50266028605117,159.8097121270812,167.75365618279528,167.03056703878792,155.63209647260175
3706,123.53333333333333,115.85013739559454,118.48642057510546,66.60275175135118,97.61576247217255,159.96547758700677,170.2162705971605,164.12834849846885,155.52930907190034
3707,123.56666666666666,106.1959511544243,117.22216405072233,63.440476889514095,96.94114857211879,160.26327983596414,168.7225389316704,162.6601979206418,154.510062816512
3708,123.6,123.83410512772606,117.26229508711519,69.25854356587332,94.30532537222844,161.49887793356612,169.7620260884914,162.51795630485975,153.55748886075742
3709,123.63333333333334,116.3435309930331,117.54252661058065,67.38886781733656,95.23766651587884,161.9402581202636,168.25236321176837,163.01730351940608,153.1255903639633
3710,123.66666666666667,125.84695317519142,120.21047227318687,69.25272335657402,91.78718297156139,161.38030260261752,168.54269764145639,163.18525839625033,150.7700094599511
3711,123.7,46.83880004464044,113.04929316152626,67.34221457401466,95.75844261511332,162.66835716652272,171.98803974062943,162.5368113690201,161.6096839877386
3712,123.73333333333333,36.202255025992244,114.56832369043238,61.92457986977404,96.6697395622963,162.78685893310202,172.74448226382165,163.21147961664818,161.20126597279886
3713,123.76666666666667,34.00468859250974,120.46856658544878,58.32599480563665,97.73797557220652,162.1934983791415,170.39911321872071,163.85215413891268,160.05110177198281
3714,123.8,96.42460729207063,119.80562059593879,56.03062700479044,94.85880513313668,164.03895769675697,171.8219656948338,163.55849362321422,158.65434045526146
3715,123.83333333333333,74.93277387813109,118.67563023498963,75.83475542039703,97.30377976741144,164.3586306562673,168.99237648000266,162.99339005604293,160.00068305993835
3716,123.86666666666666,41.293045388074624,115.79155870600746,64.95705176406199,96.3094572086836,163.04227006010026,171.86696729800087,162.82663161888001,160.51487705195103
3717,123.9,109.12953615633768,115.7619543105848,80.61882304480956,101.17195088158383,162.45711625507252,170.25275752180093,164.29188266987225,163.70904140070593
3718,123.93333333333334,58.386051177806294,116.81454862435925,73.66909853643747,101.6589649695891,161.49073805480037,169.17981272854266,163.2970386591432,162.73590365259238
3719,123.96666666666667,40.362485755850635,118.21705723427138,66.83503684004523,101.19462749803286,162.08530584851704,168.56210989522936,163.908755346349,162.45020229785783
3720,124.0,55.54666186317612,112.40551983425597,44.4135282738978,97.9469003575485,161.52351369445398,167.25430905486704,162.4293599976884,157.356329396343
3721,124.03333333333333,106.30332583968791,113.58043514693193,56.595456556540945,94.08032468562314,161.51553393343556,167.2988839664305,162.2986576452156,152.47603579247243
3722,124.06666666666666,117.20188368019235,115.95329521550578,62.14756661725663,92.31290557471962,161.8605838403035,167.5522403413595,162.36546811564355,151.26458614921344
3723,124.1,92.32933775493105,117.74183472982311,52.59641233083827,93.36235685849549,162.80555507982976,168.45970550200585,162.36827189484308,153.15767770802583
3724,124.13333333333334,79.34345216058198,115.33745945194966,46.178296589143734,94.04472104631714,160.70746556094306,168.14690274509408,163.51401746856422,154.01974967294288
3725,124.16666666666667,110.78645890270765,118.8148139702486,58.87331560275825,94.64290646458439,160.9154724679639,165.34771359195537,163.48014775993084,151.15003683568247
3726,124.2,110.6405156520825,116.99134346637463,59.07326652465462,93.55865439160166,161.18435768991466,166.23512684266396,163.1253511892487,151.28986664004202
3727,124.23333333333333,104.66207047857993,117.26289846565103,57.798551986790244,94.94173334689262,166.04408096400095,168.8291355852964,160.1852148027965,154.1351843386732
3728,124.26666666666667,99.56878829416011,114.29831595649439,55.52887517971293,94.61562433693703,162.86500326046968,167.93122560566027,161.07248815500523,152.79559690804416
3729,124.3,104.23335251303645,113.74086151397212,57.02359382348382,93.3895755927875,164.98436229621456,170.0774230779169,160.47826617113122,153.6020672819987
3730,124.33333333333333,104.6932787217984,115.62627518229674,58.04189351589988,94.19022338360166,161.55042353284446,169.36361222750517,161.07181007611044,153.64707490421134
3731,124.36666666666666,68.12924353939538,121.27749519674863,50.11622742303906,98.99006609696745,164.9039128848062,168.44350174327712,160.71432635136208,155.84154437524947
3732,124.4,62.27272412636283,120.93428103144542,50.67324130133133,100.06214977599885,163.0562993821866,168.39168432569073,162.4823287866537,155.61131420726198
3733,124.43333333333334,82.06483540377971,124.49587244523072,57.684871989409125,98.20541401282779,161.34509090262628,170.816950757482,165.8301663574028,157.93209616023472
3734,124.46666666666667,93.70417302051708,124.76762604603604,60.270570722898334,99.15504244005311,158.25504752261867,170.50636032109384,166.31197726249314,157.37611255175818
3735,124.5,115.66584063227333,125.15629362518102,74.90603724613142,101.1178742621667,160.8301279283443,171.5003956949692,167.10935008349108,155.83104580949808
3736,124.53333333333333,133.4513751714402,127.05700603213366,79.80258992288879,101.0773785969801,161.86374920226945,171.95253586550768,166.30563976368867,155.87424217303456
3737,124.56666666666666,124.65531139255123,131.0201030989546,78.73280598127896,102.55364094248509,160.27645340568682,168.71042309880792,166.82907890381773,153.41486862097713
3738,124.6,92.1477359158227,131.47499370890844,75.47517444836708,106.59219014205942,158.26463614033634,169.14064351489372,166.29776349705574,155.79156048151668
3739,124.63333333333334,77.4554673192217,130.71625476470655,96.55470099792781,109.98622404258514,158.8033242970452,167.58315287828387,165.64849881995568,156.05677319564484
3740,124.66666666666667,81.0035302582236,132.1902689967251,100.25899248203406,110.68199792283357,157.59557331266728,165.96447211163508,166.85315973096843,155.7890980462067
3741,124.7,85.9922305414198,129.30167503191177,101.58921071123956,114.10403652900213,157.46556948885544,165.78708544077233,166.71383830235243,156.85106207782832
3742,124.73333333333333,88.28027888555937,129.19332004802214,103.30932543312763,120.38094506873931,157.67278790263438,162.18310460661507,165.72704760268797,155.1321281983009
3743,124.76666666666667,98.14013427238378,117.1862695720101,103.94913962288118,124.92745860418368,156.40328966214125,163.18530563559375,165.89220852341435,156.57660647375096
3744,124.8,107.45598394896184,116.33353711086936,108.31433968078633,128.10508859685842,154.78820441852912,162.8686337596493,166.13793345151905,156.47252485581814
3745,124.83333333333333,108.36460745488144,117.86451693116679,113.16983949421625,130.85287800890976,154.6286018541617,160.40799116805937,166.24722868409657,155.79386757832742
3746,124.86666666666666,99.68709711987066,120.37595591678843,118.95947936052426,131.97567026607535,152.35261889529497,162.32175428133257,165.55669333990807,155.71389274173742
3747,124.9,106.07259559972097,129.2942308993708,121.91640378166981,134.89597820171258,156.8337386635715,161.63966665631216,165.1543721491489,154.65065310707874
3748,124.93333333333334,128.08114541549926,135.7051946598574,121.20915812051052,136.68761745313367,157.75359661749653,158.9068176247218,164.86092813772612,152.14281655936531
3749,124.96666666666667,121.10415188868075,133.49991770008435,121.86469612018685,135.9175973982065,159.6808382036972,159.61135888935513,164.5379981616232,150.60453527297122
3750,125.0,125.7921011853823,135.05459952209253,123.46510674444052,138.10851539602282,158.06281566769098,157.54646764297718,163.56253173881112,150.53956833155252
3751,125.03333333333333,130.92084815997572,131.6129632644367,125.55467279845266,140.03261457248237,158.98623656958168,158.51965789524633,162.5657397347158,147.19202815338366
3752,125.06666666666666,122.62464175018044,131.40776870374597,126.17619599073073,141.09001340984756,155.8133320108666,165.3037833105948,164.29255389901078,156.48315760198983
3753,125.1,121.0268336177399,131.7586466474822,137.49203262776194,145.31720637437246,160.8390157099476,162.3402715802572,160.79950592114164,153.18303106671235
3754,125.13333333333334,128.43885840504197,129.98784005942213,129.4894915158121,143.7195297904867,159.8935528958874,160.59238404884726,161.72637148054986,150.69316342673983
3755,125.16666666666667,132.78679985378585,129.45185874338256,140.93062473382682,144.93387129132466,162.98635557452624,159.03626355490988,159.71814789325057,149.29041116152453
3756,125.2,132.71130744106244,131.51605655461225,144.0368131362531,146.5932140001629,165.05537518260692,164.09184245570037,158.46730021881473,156.1567414484363
3757,125.23333333333333,129.43545561293197,136.082637306154,143.47425125877686,147.97625982523923,164.73262779023543,164.14966667882672,159.24791996565642,156.46685452662228
3758,125.26666666666667,131.13892538816245,135.76132518870762,144.11578254673157,149.0016901092394,164.58142063241456,163.5738333701989,158.3945170467326,156.01316346121897
3759,125.3,130.33138740990307,134.35520193974384,145.1047902065558,152.776307905218,163.0563713061586,161.53557899918874,158.70286830593943,156.09856374781566
3760,125.33333333333333,132.06964659693983,136.33420549718178,150.16054750776104,154.0190443032188,162.93837572416774,160.48437107515224,158.70405293199423,154.77823456497947
3761,125.36666666666666,138.21113416730452,144.39495912950156,159.4742168667434,156.7861561709848,166.5025600298327,161.8975370874217,157.056896084801,155.2469888933457
3762,125.4,136.11401909007654,144.35554900004433,154.53124589087582,156.74668050920272,165.78253552185936,159.00352292727484,157.77310853082358,152.37568582127287
3763,125.43333333333334,140.13714182196614,144.33696496344777,157.47203633509437,156.79920096726434,161.2769976793162,160.39704273676293,160.47736562356204,153.95063830183648
3764,125.46666666666667,138.81771885730603,140.61612005059789,156.76858627977407,156.82096282014749,160.72888346834887,157.71431499471586,160.60066723730273,151.72832120756752
3765,125.5,133.57412960920533,138.9158523350771,153.28938828234018,157.4896432609202,158.99824965866412,158.14021716845733,160.62942268188544,150.71114444813622
3766,125.53333333333333,133.58664290099998,139.55613600050594,153.66006797386726,157.45485047358315,158.41055462371773,158.15280246417424,160.79628802565557,149.85742109493847
3767,125.56666666666666,132.07767873991668,140.50235129437826,156.97035460346905,159.54271776576016,159.07148762836934,161.16673212628498,160.56764393608992,152.5593601421974
3768,125.6,132.4286645874818,140.67676322565106,159.49278882817552,159.66272872563795,159.72896246956182,155.96976453379997,160.02529885479638,148.9766094314335
3769,125.63333333333334,135.4667790435869,141.00004493296473,164.06224197595537,160.826995412759,160.9587469503738,156.40717947553162,159.844576372642,150.2237673530267
3770,125.66666666666667,137.55087793486956,141.63414050382275,163.4610228112008,161.14873136263196,164.35216372818425,156.51691276551173,155.1715011833311,149.67509251373409
3771,125.7,141.22708385421214,141.4747058280919,164.44346539296015,161.39704149464205,164.14019465834207,157.6389575806502,155.5245166159389,150.82792669820344
3772,125.73333333333333,136.92197132984668,142.802923111163,165.94401410514578,162.74084847222488,167.80498178616966,161.0991387314214,155.36368041216588,155.23243055587477
3773,125.76666666666667,138.30016563755515,141.80045915786712,163.70764293963,164.6014578461244,164.80541339723746,158.0156463823972,157.15884794389143,153.32655185965672
3774,125.8,134.83432072575442,140.0213086814155,159.37922925533204,163.6987218903236,164.16695241682,160.84649672640433,157.14206031398382,154.31352121947873
3775,125.83333333333333,132.8791467878974,140.68005892634199,160.07680174531032,164.76294552423428,164.19224061624132,159.69719102410843,157.48914143564835,154.33326663699162
3776,125.86666666666666,133.57997726242886,142.8077565733983,161.6716848985513,165.7020057262867,163.99229391947955,159.8662206338862,157.56200182091663,154.37351113122568
3777,125.9,135.46224933474764,143.86494595904102,161.58261314771445,166.97405333782973,165.97215896849988,159.22806425783415,156.62071861384604,152.65024951785207
3778,125.93333333333334,136.71688561985368,143.94244583817542,162.7260400764004,167.0770490330732,166.46729827258525,158.35299592250212,156.28503092457498,151.8979420426053
3779,125.96666666666667,137.87429005722962,144.59690654691823,163.79553339490212,167.61617363947255,165.30137512823302,157.91428549853578,156.93672797093552,152.39233963318975
3780,126.0,133.84682634909817,145.54072920906503,160.69493816210317,166.63367146472484,164.60942656912178,155.81060422829458,157.93424884114145,151.32642374534655
3781,126.03333333333333,134.16356830731547,147.8167124586291,161.6352162631207,165.5420495172754,164.2815825334888,157.36874384988235,158.0550351460155,151.47791444706039
3782,126.06666666666666,134.2089668821602,147.7038615034478,161.80276129754716,165.82779855950585,163.7834837798212,157.577686394956,158.15213339971916,151.41687099347806
3783,126.1,134.57997343785624,148.35468625795036,163.06643261085821,165.84669877629153,161.03985744248666,155.2356964831415,159.44374118297603,149.36450192679882
3784,126.13333333333334,135.90166989153747,148.62153324430477,162.7064334162411,165.6023543649595,160.9618310856168,155.67180880071703,160.21572274560165,148.87155517091855
3785,126.16666666666667,136.03375779071848,148.21114260147286,162.91453303430148,165.28731549560706,161.61299118270387,157.4761775900601,159.709487344147,152.02204965319422
3786,126.2,137.2173363670391,147.74549394029887,165.66186024323207,165.38025596350442,164.05793996409656,157.5430896080649,156.610242444088,149.56786858722367
3787,126.23333333333333,137.59923182016018,146.5559987606534,165.14083093501753,164.86259782221384,163.78314903939474,156.57233781430693,155.1377481219663,148.61022593041827
3788,126.26666666666667,137.4155184862871,147.33172976336672,164.8685721249723,164.51778511720235,163.62270958310074,156.74186827407803,155.4554485003199,148.98246852356547
3789,126.3,138.30333655536813,146.52404535282062,165.45696667003915,165.31835142968725,166.34072959551423,162.00315738633623,154.41616096950574,153.4971356590251
3790,126.33333333333333,141.43627526652838,145.4510404097731,165.67891237750283,165.7760767613051,165.93838515570937,161.57533173676643,154.64040833049538,153.24001981239613
3791,126.36666666666666,142.19820630581086,145.58917822985086,166.44930945283224,165.88972638847895,165.39086297387828,160.9978056356552,155.20673957062186,153.39381058639418
3792,126.4,140.6285159618421,145.42649096739572,165.66261479689229,165.97609702623348,165.22479488533048,161.44640023251745,155.6556521688259,153.95235692542968
3793,126.43333333333334,138.53561447575373,145.40177500074412,164.9494319145571,165.919603695464,164.53710241693793,161.43221261957143,156.22006314749822,154.17077189467298
3794,126.46666666666667,139.07493616016086,143.89514622968636,166.33458858350323,165.48534730156877,164.22139481011052,161.71962489175797,156.41741119561092,154.01330521509269
3795,126.5,136.54796454211188,143.75146011289917,165.14809516907397,165.17337857690504,164.25676123027526,160.17621686926478,156.49450907774425,153.8464668955707
3796,126.53333333333333,135.7245365761618,143.85577534644963,164.25939675917923,165.12604078910368,163.97218918815918,159.03371354622294,156.6661926892177,153.10979461499036
3797,126.56666666666666,136.08699238940534,143.2242335482386,164.64507919810617,165.15218555536833,164.72635802395465,164.7561836322537,155.8515227049276,157.22916697596435
3798,126.6,136.2965970805401,144.9719613483306,164.58604852300533,165.1238590798626,162.93258274440655,164.62877757273642,156.5989867113003,156.5426129430302
3799,126.63333333333334,135.96183128178492,145.15484574472123,164.5276400892226,165.19255413604677,161.78794074856552,161.56027578112557,157.96243520808335,154.71623091141754
3800,126.66666666666667,134.95181856129264,146.83099503419703,164.4378352159615,164.53735158381338,162.11712903018517,154.68026058132472,158.69727159934266,150.3152520602647
3801,126.7,134.96178947548125,146.74640582903385,164.43369416760652,164.50859444737304,164.37627999691145,156.15862674634366,156.7598897539929,150.75715247248303
3802,126.73333333333333,132.4234397174686,143.2432770213025,162.12282359602358,163.6038896052913,163.3219978715545,157.95700954363437,156.4543107857181,153.02099981313467
3803,126.76666666666667,134.1407652308459,142.77844189793902,161.47251022487978,163.47822067641516,164.33398761509218,160.36163494766055,155.96916452512866,154.20739162558414
3804,126.8,135.42514939263123,142.88027229195362,162.66194108984158,163.72425911698537,164.11908508810757,160.2246887979135,156.65969787474978,154.74379905105246
3805,126.83333333333333,133.25400094352528,142.59429141786714,161.40153299064303,163.42244288555386,161.46772273014093,159.60491316752783,158.65924010624477,154.76167743347148
3806,126.86666666666666,134.47667568505435,143.25113983101798,164.89380357255587,163.7437405297561,161.83586655395553,161.20512026932954,158.48159623276314,155.37220697526976
3807,126.9,134.543029889099,143.12543238572954,164.17114956778707,163.62776650458912,162.33870654433437,161.46883892090023,157.86817842814887,154.2721068335934
3808,126.93333333333334,134.86835928576016,142.1689563266046,163.96477126056732,164.5191353013423,162.64794968194042,163.00118415948987,158.43548209959062,156.56226539730238
3809,126.96666666666667,134.45145394188899,142.16355083065372,162.73159060496653,164.64387504071726,163.2664780766348,163.1087991227322,157.86831488100478,155.8783875892011
3810,127.0,133.1634993251663,141.86906098887087,162.0490561576038,163.862609654306,167.07843355763953,162.41822436306762,154.66197369130632,155.7868779239679
3811,127.03333333333333,130.79749405355187,139.8543655254975,157.769794054996,163.5836302966477,163.68830020862313,164.27319817483865,156.54140774251724,157.95732059836016
3812,127.06666666666666,129.58385094019047,139.5765936138436,159.03188238412798,163.71551687868805,163.6340123078321,164.3546074682244,156.5687297431639,157.85929645819266
3813,127.1,128.79609784715205,139.32950549431828,159.19045677389963,163.3631666696171,163.75436200896866,164.3954582609837,155.96492653382066,157.1827268459183
3814,127.13333333333334,133.17006656493925,136.85435834556776,156.4326304272941,161.05956330926287,162.47142441573737,165.37266978629174,156.45597157103205,156.2130299391611
3815,127.16666666666667,130.0093943220725,138.04144127809073,155.68991152425727,158.87829305206222,161.55968940935006,160.50631126767883,157.41497162790455,154.1784478267946
3816,127.2,128.99715499947092,136.31986169699957,154.4410155696917,157.95805692905418,159.75250414273552,156.77864509055127,158.42657334055136,151.11769018702705
3817,127.23333333333333,131.72760608115044,134.1486421175241,154.1753446807229,154.90059972377722,159.83349889959985,159.87424954998835,159.03833519278763,151.97190749699723
3818,127.26666666666667,133.9743932120381,136.61858423107168,148.15439701461423,153.04935578629522,158.63801862719643,160.47325601402866,160.42780747079198,152.3674698424836
3819,127.3,131.01849490819842,134.73145803010195,146.68746012121983,150.58823524761846,158.58532888654895,160.5150001519357,160.4578228144388,152.3999388647011
3820,127.33333333333333,131.7305278438168,133.1362972737004,139.5980455450099,148.1615482153734,157.94540526679972,162.89651554227774,158.76668395861174,150.67852791059045
3821,127.36666666666666,134.66176378183206,138.07753947577046,147.56648476385516,146.4950977703296,166.01455029962744,164.34266026111655,154.35087388152448,153.05053252233853
3822,127.4,132.56841442830955,140.3120712792749,137.2815658963633,143.7461852399481,164.68017992920062,162.06478201068333,156.31836712352103,153.3785860508596
3823,127.43333333333334,131.66618107514992,138.51757080003117,139.3269822665745,142.9215683133305,164.10964017216685,161.65427939392484,156.80304727792924,152.5002613041581
3824,127.46666666666667,123.50138608179695,138.69633088141995,141.56700237811341,141.5032318574227,163.434845803316,164.30594630760476,159.24852959675704,153.2615165066834
3825,127.5,124.81431955936128,135.16258660495228,142.5319667768409,141.27576129014298,163.46990796035956,168.24485841450198,160.38906713595304,158.69052563090307
3826,127.53333333333333,118.63843650053246,135.2871895908462,136.64676314446595,140.6882380700778,163.2404279348852,163.2368762216349,160.60367486159834,154.54228860743117
3827,127.56666666666666,129.41334147927137,138.86219457816804,133.18795431544902,139.31613742600183,162.4916017772685,163.16220905351508,160.41987408345815,155.06883709336526
3828,127.6,122.1932971700013,136.1146929293535,125.90870943534217,138.68540683574767,161.5932129438198,164.22487245869758,160.2097138493666,155.84585771886097
3829,127.63333333333334,115.26140546484596,136.5763021679661,123.92583979355891,138.71681727961527,161.1086291994438,159.33607229668442,161.58936127500579,153.17734663039275
3830,127.66666666666667,121.23729627814117,134.60239037708942,119.78062568289403,136.0554475503921,159.955963505679,158.82653186006797,160.4645441178191,151.75525397498285
3831,127.7,124.1515291036539,134.98919354431686,119.68595283609386,136.04215975641836,159.27726841590217,157.30387498101578,161.76767564822177,151.41883607728695
3832,127.73333333333333,127.29396548826422,133.38546501854998,118.52177556607218,134.64682443160297,159.12903930489435,160.52298094386333,161.70972597428423,153.88950970594414
3833,127.76666666666667,117.21649068658421,129.4328352878019,119.08704405147095,131.29670450379496,157.68317980668238,155.52223295629327,161.43810210033888,151.11562837999745
3834,127.8,114.46006935842777,130.2990688431657,117.57181110609687,130.9401190585147,157.93231587065955,154.44935809441264,161.14954209287157,149.07834899726615
3835,127.83333333333333,115.3076554848395,135.09781441456917,116.64304565009621,129.6223629681094,154.21526292508153,156.49897600406592,163.50196142219045,150.49972836994453
3836,127.86666666666666,105.66112466556977,134.3240425511639,115.38936997973727,129.03485036741625,156.28970849255106,151.93337168446,163.9770430672534,147.71824334545204
3837,127.9,105.69895928924666,132.37954023235818,113.93258198597928,127.63776879958867,154.68522494446256,155.21816027906036,165.1252705937871,149.44627279316273
3838,127.93333333333334,98.39686488397197,132.48711583947107,113.78993109654434,127.35074335497818,159.60716049917684,155.39887230735044,163.58768781260946,150.4300007326551
3839,127.96666666666667,106.28048551619595,127.45237328205373,104.94219621624794,125.4563393034078,157.64707835231206,154.6673065124565,164.5210045780594,151.17153209965747
3840,128.0,111.2864490077417,127.9517736531904,104.8928429116946,124.52066924946853,161.0717949930637,154.43826647724484,164.7064431332358,151.83240572509877
3841,128.03333333333333,93.97897983701964,135.14711943185358,104.4188788673176,119.51104162194466,160.3013203180067,161.99640347038513,164.02423090909897,157.21744553819815
3842,128.06666666666666,108.37846395761748,138.8593689533297,101.23443329008056,117.40145167275854,159.85965474107488,158.61161237724036,162.7265961926982,153.48390694449074
3843,128.1,81.84650077619598,137.35055222271558,101.58427675507876,115.47689577888225,160.53079462906663,160.71074864053116,162.3180262939187,154.2036541686596
3844,128.13333333333333,76.98009964843098,137.76534993407662,95.75783679753827,113.88614266787026,159.6917004747124,160.94691452142908,162.5256800230615,154.20936495737033
3845,128.16666666666666,78.78639636446785,138.6729998057577,93.31143534737255,114.72755201507746,161.07719983058968,159.22468108515494,163.1733409130798,154.1399644581589
3846,128.2,90.1951916301939,133.88073457789199,88.93375265254754,110.02200972066619,158.86401402750883,162.96924637761367,164.26301221255503,155.2078324683014
3847,128.23333333333332,88.46260260658534,127.74890527799876,87.676360688708,113.89752898157609,161.7651818864266,170.54848993698815,164.11755074237712,162.3582478079606
3848,128.26666666666668,53.39952104256646,131.3542153818936,74.23620989733297,109.86287390838267,161.77784179386998,166.80716355734933,166.82683965185078,160.4561241624888
3849,128.3,120.78724832814306,129.32877979979514,80.18540432011325,105.06110756249196,163.9973875898329,168.41658654035302,163.2589920346893,159.3120469406899
3850,128.33333333333334,83.02759637241998,130.84948935229022,75.56535604984681,105.43452699863295,167.11946471996714,166.41203427389775,160.57727955663833,157.82782895370138
3851,128.36666666666667,117.83989534873486,129.5054122646017,71.72514590417914,101.46704457713084,163.08827992017575,162.2319295280118,160.8014497659443,150.613682834539
3852,128.4,118.72418458233817,125.91169428556788,72.74497691350405,100.56891562515791,163.77752343941526,163.81446584224614,159.61302022896166,151.45146899384167
3853,128.43333333333334,111.65600387202568,125.26993570990743,75.03742712289879,100.80197660325368,164.74841873017255,167.69544638866444,158.56662318423528,151.74320234871212
3854,128.46666666666667,99.92543074519736,124.91672514682264,72.87185536844473,100.69949911265617,164.84484799270535,167.2338630169914,159.79506421862627,152.2409736012652
3855,128.5,115.12072647438765,119.25129423552576,73.5582407555281,99.12481993291907,162.36190843153514,166.9441414248214,160.44228411544526,153.2261134002894
3856,128.53333333333333,90.769752301626,119.67418306081687,63.97091923541369,99.95272211881897,163.27186128163777,167.94524818022842,160.46556570325345,155.8202724089846
3857,128.56666666666666,122.58853109417646,127.17375056889816,71.7982293016381,98.36889662911717,161.2192561145944,167.48018196841005,163.32567189489845,153.14291230649422
3858,128.6,120.80097040299226,120.54542784470061,67.83546885235316,95.05037551726075,160.403586240483,168.29257971428729,162.12761325845312,153.60887142519954
3859,128.63333333333333,112.19802857112091,120.04343981585065,63.57523582422683,95.31551546765077,157.5491826095953,167.4040129200115,164.31309494756556,152.83908585657937
3860,128.66666666666666,112.40861577742947,119.54388116419138,59.24348819852188,92.80370810097149,158.58732363531274,167.5317160976827,162.40427077728273,152.4737108406141
3861,128.7,110.58785129518813,122.23502114669279,59.63631152943836,93.70300383332638,158.58628000071457,167.76865067705617,162.54351198184494,152.75724500766222
3862,128.73333333333332,85.10590239846292,116.49790167510345,73.38225496722967,102.21787544790189,160.54500445166016,167.95924782888008,162.4977331281816,161.84202007962827
3863,128.76666666666668,26.478516823413557,118.44839374466717,61.53676098690249,101.1679697979428,159.9153252199395,166.17975772031355,163.85455975762218,159.2529857359203
3864,128.8,56.53715741806786,117.52211486546946,67.95686142686283,102.43956519166304,157.28631846731176,168.07275720637975,163.10134530583318,160.4198002782468
3865,128.83333333333334,38.736501997676385,124.57892647637222,60.976395177029794,101.23924073523754,159.21370508551854,167.47829069575673,162.67813993665675,158.83662977806554
3866,128.86666666666667,94.6944203812198,124.32406063227717,53.92820525858251,99.08363474146637,158.91134279136008,168.90905793623145,164.69034751733295,159.49352411585423
3867,128.9,43.55718621825752,122.69372479161453,46.665663836091205,98.8303539682959,158.37840428369114,168.47615004677886,164.30558402643055,159.68069937810014
3868,128.93333333333334,94.91029352119087,125.11114296702286,56.10479386894022,99.9555984200256,160.73205289392422,168.2670260204566,163.78070576359815,157.01795660858295
3869,128.96666666666667,123.43053637622022,126.24376118008914,70.49676795564413,95.56115142523231,160.14684912774993,169.25194382094512,165.11711739001115,152.15701203889634
3870,129.0,100.66506603695224,130.9712409220363,56.9277481207986,99.22995387784111,157.32162416470962,167.05995123591958,167.96901133371563,152.68906471485323
3871,129.03333333333333,82.93920924715212,128.60900882647482,51.88441264375688,98.47674472338754,160.2618996682471,167.46621597992103,167.8895987799137,152.62817113088167
3872,129.06666666666666,32.91426864066724,127.2981178721807,54.13745143013165,98.58919855310309,159.68094531129208,172.95484633679138,167.05262576772176,161.03494803629852
3873,129.1,54.098158564469976,129.00683685069123,46.66714422220419,99.66517051263794,157.40203807775836,171.8976689277589,166.52204275675604,160.70704748051025
3874,129.13333333333333,87.24251882484282,131.1553145118498,58.45460922295505,100.02678964281291,162.79821163032926,170.19357382110272,167.45417701689965,158.95452381510597
3875,129.16666666666666,75.28624304500237,129.8728030783325,49.50915436042174,100.17943378587913,157.89294296562912,169.36007599581427,168.15331148543132,157.45505096225824
3876,129.2,105.48003510183212,127.39484335030895,59.35697692919228,98.31778817742185,159.35038092170493,164.2156984134221,167.81566499404212,152.2947400130017
3877,129.23333333333332,111.30784030806055,124.0445393430228,59.84225665388508,95.81825090185349,161.81303740253838,167.80761065511803,164.44398551329974,153.9076148948991
3878,129.26666666666668,101.571018893841,127.69510763476285,60.449024629979746,98.44457950373936,160.60770186846122,168.6843514167688,166.88178874211667,153.95013619097537
3879,129.3,106.53509952057983,128.58733316082274,65.07507567075524,100.619904148556,161.14531371658484,167.51072822831372,166.28497398450114,154.32451893719113
3880,129.33333333333334,108.96008267827554,131.83120229355225,67.96434194033743,101.33864358605248,158.51719093116515,164.83915164177208,167.98945761644012,151.67921457552998
3881,129.36666666666667,98.9370407495946,127.1671408923755,65.76198479619592,102.19961472416217,158.94560910332467,163.944371736611,167.7258922999186,152.25191018381543
3882,129.4,49.386205815766075,132.88719089912396,60.9027722084041,104.2382270834491,159.229048226471,163.24829617037167,167.79905191380374,152.31008917122008
3883,129.43333333333334,117.83986145530749,130.05964593702316,73.47148758444645,100.81034744690477,161.54884024658128,162.56244664883647,167.3937548110921,150.34775247558122
3884,129.46666666666667,110.4069854348219,130.84441265673038,73.40017166923785,102.17621182029279,161.29992337333334,162.8354873925879,165.1114869369173,148.54800220411428
3885,129.5,56.0971890324285,136.1394007106152,65.17503067586958,106.75166739013335,157.61476663462452,162.57620823111944,168.8890613213387,152.1613170683995
3886,129.53333333333333,67.45293118932256,126.72516803796601,85.13606785150624,108.17877493786776,159.47811562915052,171.01412412010194,169.7656212945877,160.23380122962854
3887,129.56666666666666,68.95837099797617,132.72669804136123,86.87185948346453,108.16121336064353,157.27667897563163,165.89599057038808,169.98321540267386,157.3015944211773
3888,129.6,79.11446777042573,126.25315748684659,92.67179339746961,108.49321638423443,163.17943498799585,168.11449737172282,162.32205960381134,156.58401495116877
3889,129.63333333333333,69.43475442093374,127.00542447678923,91.34112872641695,110.47679543297853,162.69432029233627,163.46390407505845,164.78658081741307,154.49132078708374
3890,129.66666666666666,77.45795864433056,130.89674737166123,99.73846850379955,112.71658964522568,161.81668177749242,161.63020739193325,163.85550588215892,153.465973495083
3891,129.7,82.68937809539182,129.70863405694877,105.28247274117379,114.65281012182156,161.4154316403147,164.0249365690475,164.04026428829852,153.6320957156721
3892,129.73333333333332,90.24680923575636,125.45446736057127,112.39928836485018,116.30358553617282,161.24040486591437,167.60643287731278,163.54471494242412,155.07319031989624
3893,129.76666666666668,87.03441827861013,122.72368851664547,116.47189287675448,118.5255097901765,158.71079763386666,168.87778685151736,165.0928042665038,157.85295733416808
3894,129.8,105.7142010404351,124.04824844527563,112.5465651263743,127.49151336560953,156.7664618223452,163.73098478841484,165.0900178400204,156.63627977075802
3895,129.83333333333334,127.2878313999265,123.1275044468537,108.62490590707014,128.21307493466227,156.19239238717367,164.82984346447924,166.2143000028465,157.91215823766504
3896,129.86666666666667,112.56756084430856,122.37625674881517,115.34620422714161,129.50841040026455,156.28035424472196,160.27127501106784,165.83042708128474,154.15174328729265
3897,129.9,132.01915834461653,125.23092561853109,112.43752743299495,133.51755997650721,153.49760111231964,161.89058355434977,162.89209383481048,154.56686503876628
3898,129.93333333333334,128.28025175934943,125.34510988483582,115.72444376880857,135.708203985219,153.79655142392073,156.86322833157752,167.14824366035756,154.5984019243852
3899,129.96666666666667,118.14924201570983,125.42719034398317,119.37160625332054,135.66620122979472,154.72581135922252,157.58004216937297,166.53638370245596,154.39723589204485
3900,130.0,130.74547273296807,126.73895431817948,119.16598357896335,138.64240320496057,158.22476875112133,163.37123403469275,164.4891453317483,155.91900096942484
3901,130.03333333333333,132.60122399268087,127.07703694382705,123.6274463258049,139.7105995058542,158.41636644826582,163.91714979589673,165.59590136102796,156.48306652306863
3902,130.06666666666666,128.77980745425074,130.39749084379687,123.34695419935795,140.14686376574102,158.1499165890234,162.6525604620105,163.08786963865188,154.57269835804584
3903,130.1,126.0897061494547,130.76122254086695,127.74556806554176,141.26170091746448,158.77069382217925,162.18267505633037,163.74336695730054,153.94102027020267
3904,130.13333333333333,130.9268514552626,130.71627460767436,134.88920949609886,141.34601022688497,161.00279600678914,162.9800073610808,161.64385681301906,154.69238807636947
3905,130.16666666666666,131.4628637617819,131.6780533713776,141.2899525524535,143.35602676872645,163.0125082986143,167.42012696319657,159.62276850012324,156.23710141946972
3906,130.2,132.77909861027817,134.34396594864472,138.66059373092887,145.37308861901366,162.71916499896577,162.2633193644482,159.90448708287516,152.1554709652316
3907,130.23333333333332,130.99219850569804,134.70268180968577,137.60635368618793,144.27944683464588,162.15776572795133,161.50988148255274,160.6099145313117,153.88775414306326
3908,130.26666666666668,134.75496380417255,133.26582582789374,140.11230776946599,143.61786151304426,162.48777090123687,164.70020202782976,158.87103544488158,153.9379802448
3909,130.3,134.47886653850915,136.0583261846438,140.26125159760457,145.55525177897297,158.64242702229762,162.93620223953758,159.62828202541803,153.8237511000683
3910,130.33333333333334,134.12524658837867,137.02463879232528,145.237053004698,147.50419871333352,159.37846833929754,160.7901122121581,159.89527739197447,152.1574110975988
3911,130.36666666666667,137.12279986530086,141.7592596476385,155.3359107466246,150.13054602156006,162.53575210223997,155.4991536066336,156.127906379869,150.5596259768652
3912,130.4,134.86883885987513,141.22516416228626,152.9915779646935,150.88071429345044,162.11207030672523,158.31534114658967,156.8304584696957,149.27732394372026
3913,130.43333333333334,135.0775579682373,138.93087960770515,152.47503265340728,150.7666040393648,162.79820271702255,159.98921696296412,156.1686764306055,150.6163725599901
3914,130.46666666666667,132.9618296649545,139.68627990991132,151.5251915397671,154.54638411678823,159.83396655611935,162.152589649648,160.45435359457204,152.6953245627198
3915,130.5,135.16109589009284,139.7200483909305,152.71697092666565,155.22497961240018,162.05295127377087,166.0192091239451,158.72927212993326,155.73685483848115
3916,130.53333333333333,132.55180646288096,139.54107211111446,155.80160795110334,156.0524113103885,161.88870812012178,165.85285302818028,158.5943414286488,156.0464797612708
3917,130.56666666666666,137.44595720276777,139.45823957190845,160.20947125863688,157.8359599293858,166.23473869214408,164.87022774589633,154.41155596587993,155.81010785314598
3918,130.6,135.1136849857174,137.45904709380804,158.63122079224348,160.30530231925826,165.72698576763702,163.15711719900014,154.3682292123646,154.71373750217316
3919,130.63333333333333,138.00407897840861,137.7082823882316,158.66338921044468,159.45946405428802,162.95872485928223,163.36264473891273,157.01820723847254,155.54679837845046
3920,130.66666666666666,141.45355306318925,138.15437952869377,160.2867419486147,160.66923925609956,162.6287914367556,161.56929853861126,157.01025652294007,152.53797659083352
3921,130.7,136.1680761355276,135.90184413331897,161.76784189596125,161.09807960365097,162.4626600454134,166.20034147605983,156.85252149203092,155.0962810497154
3922,130.73333333333332,136.85669198361356,136.2070470874742,161.47861769061427,161.1630484772991,162.76572442263023,166.61905347338305,156.40729800033432,155.59712228222867
3923,130.76666666666668,138.1346208202942,137.9633605232726,162.2948204393754,162.21188181593195,161.04679468761495,161.3348152725843,157.82577195600908,152.57152951888074
3924,130.8,137.02156906147036,137.17524015931406,162.57672089413248,163.0778697469845,161.77061861468675,166.08242860671072,157.38295555624651,156.12836841368096
3925,130.83333333333334,140.79582369871275,140.6081534298278,166.7693793285169,165.23853177837844,166.78956326230335,166.95063120979376,156.143568637486,157.35166711764745
3926,130.86666666666667,138.94526671166594,138.35176088041175,163.5765941549921,166.63000660609728,166.86564519323866,164.33270663863334,156.17080055861385,156.91942169228753
3927,130.9,137.99755010798208,138.651327859321,162.88106678960787,166.1508193553114,166.34938563134455,164.7135820581526,155.52573433986296,156.85646321555643
3928,130.93333333333334,138.2497620854471,140.6110452531215,162.9054663964138,165.74552873209407,165.7294528168175,160.91927158271156,156.02009415088153,153.2488784685475
3929,130.96666666666667,137.89073606884023,140.25384991856413,163.10194301433114,165.846387173797,167.1605820644417,161.80590518040077,154.2879544511597,152.74198801549434
3930,131.0,137.23598434449514,140.80123332279106,163.4663130001951,166.19995809498397,166.90121465048514,161.86710127174598,154.25947542969155,153.08196521244918
3931,131.03333333333333,137.42964762388814,142.66113531725307,164.11962410779728,166.30459117169806,164.31749171411798,162.84847652276872,155.79911119900223,153.44746913740545
3932,131.06666666666666,139.16828872134087,142.34034512182444,165.25571136439893,165.7969735587312,164.31972761240786,162.31779336703164,156.47957674259516,153.1513587168494
3933,131.1,139.15384257303904,141.99659081677154,164.90413764017458,165.36155245582998,163.72535853875254,166.30140098220048,156.32591852030814,155.7728939492204
3934,131.13333333333333,138.75596836425578,141.94290878427896,165.40705623638337,165.15055685076194,163.9679268227864,166.27365671283854,156.31424984055178,155.6811683053424
3935,131.16666666666666,138.33673109026083,140.96596051178224,165.79037505161568,164.91496896689978,162.89494791388717,161.04385074325253,156.7556836044501,151.94154144150852
3936,131.2,138.3402025609911,140.36860122453808,165.90205621377987,165.167675453057,162.15648611964878,161.52410814374437,157.36283260459254,152.53741072702184
3937,131.23333333333332,138.20294651364696,139.95170157326442,164.87012493629632,165.41129938449882,161.42023768266318,165.31486643019548,156.88700072359555,154.0612265527068
3938,131.26666666666668,138.69076126062365,140.56478965648756,164.50999506746405,166.12596144926763,162.63546639050662,165.04053361696043,156.0247759151394,154.76150409060517
3939,131.3,138.75126810400585,140.7244008795882,165.9568280016865,166.24267431644898,164.51504991403002,163.954247240702,154.74352416468497,154.4631089151407
3940,131.33333333333334,138.48904708270254,137.5004209585822,165.06500538636502,166.31360977676175,164.685779635356,164.2502845661533,155.80492251142525,155.0896613774743
3941,131.36666666666667,137.316643424179,138.13988284929644,164.79252187329757,166.50049772931908,164.7582766036695,165.36056543001376,155.5866039442766,156.45760810226895
3942,131.4,137.28226807292342,138.475157947052,163.4041183639204,166.49386785461945,162.74152988138712,166.60833965848465,156.61965443109685,157.2133359519891
3943,131.43333333333334,137.93953771083255,138.84993152716044,162.9660780213462,166.76432719423437,163.09632584684866,168.13964801183292,156.57652638842512,157.81154958962756
3944,131.46666666666667,137.69898413874526,138.99182253361843,163.51217449490036,166.67446072614243,163.70140742760475,167.50538093439508,156.00397759752397,157.87595031713025
3945,131.5,137.39003115868258,140.95981046397426,163.35910934585146,166.65783044725663,163.97935680838884,165.79883779816495,155.8551735780967,157.4348021324044
3946,131.53333333333333,140.5469332318641,140.87184130924342,166.05994912489004,165.24784865943934,165.58939784230324,168.07181988963654,155.76605331116204,158.5429162547549
3947,131.56666666666666,139.5857465138699,146.132675948461,165.7782513588072,164.98967228470738,163.25537261292297,163.225536047729,156.61364925305892,155.19151436246574
3948,131.6,141.83688182463996,142.3433682378229,167.81132801105883,165.05858022410712,165.44388615513805,166.38583616131857,155.2908042772666,156.30865288429163
3949,131.63333333333333,141.08500966718452,144.5146324904052,166.77261897082812,165.3849106445068,165.34931257922258,164.9798190360774,155.9471648769863,157.10924990132906
3950,131.66666666666666,141.65764234741445,142.75099252158535,167.62106697136787,165.0564622568348,166.05201900449904,166.46281997892214,155.79649345267006,157.55008426614802
3951,131.7,140.07983830674797,147.71457407846367,165.44965390044732,165.978043852531,164.2695501406625,166.21380134102372,156.97878220868813,157.46112145935643
3952,131.73333333333332,139.07470179001504,143.5145990276352,165.5798178733931,165.1598946413318,163.24447808394754,164.89155519440527,157.17472087350842,157.5533905458099
3953,131.76666666666668,137.43801059075534,138.4162161045516,162.01761444884173,166.35457829138335,162.94419446813237,163.41371342432302,156.47489245983752,155.95931880052353
3954,131.8,137.033846345829,134.43804082357218,161.92059565806304,164.59758355514634,162.1194819197873,165.0069519491387,156.27666286443423,155.1317636934417
3955,131.83333333333334,137.35587385152243,134.5741588652705,162.34131595058548,164.3637180360872,161.81723872583774,165.56027359520303,156.008062474985,154.74196260660543
3956,131.86666666666667,134.90604055194953,133.99500638970483,161.48930859395327,161.8218206704657,156.1822133007858,156.34218670688298,159.03358945690192,147.1370674049443
3957,131.9,135.29696604815757,130.58442659784333,162.66250334935089,162.66538769325402,157.06247592053342,166.71967290402702,159.92072953527764,155.33673347288487
3958,131.93333333333334,131.22146069886207,134.18046895271482,157.95029995284824,160.79202431326354,155.28860136759477,160.16414552643752,161.39210978425203,153.8991584261006
3959,131.96666666666667,134.76572560785397,128.1823044018544,152.50240100490186,157.38091081694282,156.35394856452464,163.30795340278127,160.5147108346512,152.75400478601776
3960,132.0,133.22026495716602,132.49997403454537,153.85345599408703,155.84377706685763,157.08428294748322,164.62708759284519,160.28342112436258,152.5055515277851
3961,132.03333333333333,132.4661224762641,132.11427372113786,150.04746643793933,153.8124552659232,156.99274313287486,162.00809789966698,160.59723480894974,152.89739825164676
3962,132.06666666666666,131.2658978782533,133.82356020180166,149.2517526477117,151.29380206239767,157.2747577026941,159.41166389178625,160.68471363823443,152.70798409401615
3963,132.1,129.99960669040706,136.1868513348584,148.30190779655828,150.4055325460337,159.18428188511055,161.87014513736858,161.69421011001964,152.75926093232854
3964,132.13333333333333,120.56034037354513,131.70517081167677,139.01810869321875,146.72685028449365,159.83857240472736,164.10757145274928,159.83866210242388,154.22627462886206
3965,132.16666666666666,131.45675004233132,131.9879652243659,127.60316976887987,144.41256316981634,159.28151599726692,164.102606399924,161.31037335548828,156.6667983416649
3966,132.2,121.92598279675101,127.3438438957734,131.49858315101184,140.5830597590191,159.69926336286667,166.6780842222525,160.07217020039843,156.77966358660407
3967,132.23333333333332,119.33151275517379,130.5681983068528,132.46403498270232,137.6491964480682,162.8456222775678,167.95688653588795,159.63152904573977,158.19088328844373
3968,132.26666666666668,117.11138166140287,131.56532615017616,142.4253322838273,137.3131766001431,162.94095537131884,167.23961161471044,158.44511084433432,157.63568325137075
3969,132.3,122.58212983523278,131.2722786556137,127.5531873145068,137.88354770275163,160.7976218193432,162.26303818666165,158.02182018369174,156.69976702207262
3970,132.33333333333334,111.93500106029192,131.04618078683487,131.16526676579542,137.21381797211646,160.3372496441513,163.38825416837096,160.90665864633547,155.5793696212584
3971,132.36666666666667,110.47967956038846,130.65864573454334,128.42469452475052,135.67586059741936,161.24926089755587,163.5235132152103,161.66771490205463,155.39542121049618
3972,132.4,115.77131099414154,129.3416976935009,142.04151556619223,134.93667444928366,161.81792190528827,165.48768368050975,161.5837424503267,157.5611362785448
3973,132.43333333333334,123.3539283105703,129.9524714626164,143.81112426085178,129.74850969580623,161.2005008212364,162.87799937714337,162.98801087346175,155.0047857029755
3974,132.46666666666667,115.08968348005584,129.77519836005547,126.50657600289674,126.89113455146592,158.15954927856401,160.70088834243677,162.54289654727057,151.0662654567363
3975,132.5,110.02089449433579,128.40209375816576,124.177811039511,125.45614038301557,157.86915671944843,161.46669608223806,164.90383692247545,150.926006248746
3976,132.53333333333333,108.4315363430507,127.41667291656371,125.76491715208826,124.09614186478696,158.35873716206234,157.04580347851072,164.11334122854396,150.48527797791036
3977,132.56666666666666,114.03394166705587,133.0352405585724,120.52899524525425,122.359595073475,158.10573252126613,157.70732988866038,164.48281242621823,151.18187161304786
3978,132.6,102.18439435633626,127.19654717994374,112.29500428344566,126.61677754620494,157.7617914661589,156.91831669203665,162.783673064929,149.66489861586277
3979,132.63333333333333,104.27239007850721,123.82319697393683,111.05940141847594,125.61402056856109,158.32005017016874,157.69257277732083,164.61392822747268,152.43449687388141
3980,132.66666666666666,92.66071368497981,131.63025425100255,109.5984637005043,122.9815713922249,159.90281359080979,159.0302688758962,164.4829652087683,150.04118414846113
3981,132.7,97.90017210920739,127.4062601052208,104.06450940656887,122.18058491454636,159.1380838553771,155.25275567772516,164.59879206513298,150.16448111891896
3982,132.73333333333332,100.8326957383991,126.15444667000635,104.32264013089771,122.60854507555271,158.75089007957686,158.3402850817819,162.39844266441915,152.32177789321338
3983,132.76666666666668,111.08052246448968,129.73480863311067,104.26873983367967,121.77583118623876,158.93535214130662,153.7392112395973,162.02513417771013,149.47710942403558
3984,132.8,85.46552440185684,131.88321846289986,110.79501750599101,115.7497049293752,160.373772509865,159.9934888283838,162.49190742393935,152.53398980487665
3985,132.83333333333334,90.26997906684457,134.09942338875564,111.05449918081923,111.22666727793506,160.2578023565239,162.4151594473727,161.99553554302335,153.35446492222277
3986,132.86666666666667,129.77120442963624,136.48280225574317,107.21506520596766,110.17677036286186,163.18121110819268,165.73027606815515,163.6826856091913,155.5938736234376
3987,132.9,92.8956149686583,134.8939275617683,99.00333254038271,107.01779227540679,162.6299395186032,163.94395446932842,164.9121952343823,155.29736511987858
3988,132.93333333333334,96.10237029062911,136.21441157120125,88.58590935455123,107.29475128170537,163.0763466629633,161.3033988802789,163.12059074204743,152.6804385776638
3989,132.96666666666667,129.87663173066093,131.1595832921825,84.31072949984261,104.54460235816913,165.6356073585809,164.00129290196298,161.1782645681822,150.63514702388048
3990,133.0,112.46157638218143,126.8471050840369,78.15460323015084,103.10492962317771,164.7959304355368,167.7418255829058,161.32097479249558,154.59653557145464
3991,133.03333333333333,104.81789401607563,134.42837230657892,77.29787727282583,104.54214446494515,163.64724477131819,164.86336390270068,162.45022820148367,154.12295632514488
3992,133.06666666666666,70.25328220889484,131.80088221062024,75.78799390587946,107.47227406808715,163.64284365210997,163.39608007493823,162.17619470793917,155.02779223429255
3993,133.1,114.24007807247945,126.12562101505998,75.74528301949857,103.4827313649329,163.806054798206,162.301057391731,161.74885257928074,151.82991041630254
3994,133.13333333333333,103.00842198621439,123.13589448699915,73.28623602839387,101.7249019404591,164.52287458369256,161.55165337651474,162.29537197081729,151.63562188196042
3995,133.16666666666666,101.65702756642197,123.6164735436253,87.00578445790639,105.99789161264674,164.0688344149336,160.15863462053517,161.83586420637775,154.0592477110572
3996,133.2,96.05371917767164,126.70777981686003,84.74135305742608,107.83630601406101,163.18737060822707,165.2377479900139,164.61611012043767,160.07721904327732
3997,133.23333333333332,49.37422076530429,127.83002393915875,73.9425240724608,104.46983703777059,161.5003824298668,165.7414534677651,163.82225403001632,158.20475043229703
3998,133.26666666666668,65.95278501270619,122.8012962786069,78.09332082504667,103.35965111502105,161.42492539101625,164.93965343408632,164.02889110551993,155.9645397919597
3999,133.3,44.73684851194062,125.11820755072348,63.08708520078454,102.43533853484134,162.31856664372611,167.33056275831106,164.41308806110735,156.31536960898316
4000,133.33333333333334,76.93246771400537,124.2522557962712,76.54645617982764,100.98529573948248,161.56821915665267,172.73954061666214,165.51556173829508,162.58385995138983
4001,133.36666666666667,73.6740837809,121.74670456290463,43.39334705781228,96.01915798523687,158.75560799750886,169.23059737210068,164.66833816179007,156.18117761672644
4002,133.4,91.97093499433423,117.2155390688539,50.580659792745976,94.26164025341158,160.59243169938455,167.86732335876596,163.70937467169617,154.71776015327205
4003,133.43333333333334,102.49753484418464,119.63331791614931,59.3498675358908,94.26731768015927,164.23697665424092,170.55335597452233,161.86833523911494,155.91197362422312
4004,133.46666666666667,39.19605253630057,125.14792263281988,48.937598687003245,95.34659960270903,162.68511918927817,169.7315508152862,162.95712497356996,155.83013421134012
4005,133.5,39.97243052337757,127.36560152437396,49.34073530558733,96.12067797848097,159.96229994058163,168.75912073619855,165.59569730264025,156.16729470827727
4006,133.53333333333333,47.26065576891305,125.83618612285944,45.815067940188136,95.2361745158555,156.69390006259047,168.84919626583084,166.4618151544808,155.84217477946837
4007,133.56666666666666,54.53582342198071,122.8813060597121,44.21842053011639,94.00019667703106,157.6936672067925,166.99391625568455,165.42561441909572,153.40853808325141
4008,133.6,63.65953093042631,124.413457830342,70.71628685082551,97.82910350062971,159.1934301409494,170.59102217569065,166.01671834375728,162.17981825660476
4009,133.63333333333333,80.93518639384384,121.56407253621367,74.05276938446197,97.60884263128546,160.18669051014615,171.37936299036778,167.16380739989722,163.27081291528415
4010,133.66666666666666,73.71584140771922,123.004425028285,73.03316544440963,99.05899713577728,160.34474350584813,173.0145334162935,166.9578966989678,165.58446129135856
4011,133.7,51.47582908051597,123.19770425194314,73.28012274025241,99.30875162384375,160.2737609405785,173.7977574450065,166.85061865369698,164.44039180299345
4012,133.73333333333332,33.46930982446607,116.01798796405191,51.424534704896445,93.2928357129276,162.07104414456225,174.40777127028906,165.4625550147817,162.27665325510037
4013,133.76666666666668,85.17807381324708,117.91850761998923,74.23645146255377,94.50832990781254,160.70721427760174,172.70552355779233,166.4142428284273,162.64441100762267
4014,133.8,34.22628735599015,119.96956140183417,56.297166688274615,95.38953012493033,158.9205027151673,168.2110144247832,165.66660479509673,158.75726317371945
4015,133.83333333333334,63.7622392903884,119.8162365940065,71.23452880076667,96.4140950720475,158.54019988520452,168.38573463348823,166.41674563828153,160.30483487345046
4016,133.86666666666667,36.106721689288754,124.8582228133025,59.43953317329596,97.678038452208,160.62462080718475,169.10910363206096,166.11462236550867,160.33593896313428
4017,133.9,80.28148486072448,121.65537591088865,72.59653582252592,98.6753018678277,157.02918372112728,173.84907351144028,167.3686117399065,163.97417021692652
4018,133.93333333333334,89.35946920079886,123.10869842193576,76.56915308137991,99.8615753401372,157.70715812053373,171.99154654019307,168.49645031706487,162.90840518980852
4019,133.96666666666667,81.93346347883684,121.990823567487,74.18373386764873,99.43935072194375,159.47746575012226,172.82103554940792,168.87891871547455,163.8889329278379
4020,134.0,90.882552206471,121.79300975304308,77.73360891882366,99.5441300895254,160.6125142837749,172.54625064714224,167.7326727365144,164.07896432019396
4021,134.03333333333333,38.324370750806644,118.44092276055082,64.89515674087265,98.31869253218511,159.62244355655832,170.96547774731346,167.1184863299005,160.5417617077404
4022,134.06666666666666,43.37412606026657,118.04157994806945,65.52902153674776,98.58344154666099,160.413173116118,165.00894756826418,165.94828250880465,155.42672685794597
4023,134.1,51.23498634585137,115.41398473858767,62.989431153005995,97.8909675324051,165.33436926312518,167.5988020167358,161.36278951479872,156.36931376386613
4024,134.13333333333333,100.14954188662658,115.33168584606152,88.33552234827062,101.48855421627131,163.8174790002371,166.59378882809082,162.57804416126396,158.0431713623509
4025,134.16666666666666,85.8266750394019,114.79345685552595,82.05123245771443,98.30415139281975,162.39042136471724,158.66749799862848,162.07690447589545,149.93739235885297
4026,134.2,117.86607248362506,114.23866530644604,81.97213820357608,98.0626605580917,164.25406967266852,160.1956438631139,160.54494535707184,149.71845793509044
4027,134.23333333333332,74.93047339371014,117.0974813973305,84.43706090020707,100.71265685775732,164.2466361863204,162.24682038535585,163.3071668167899,152.8333092960167
4028,134.26666666666668,68.30089964431016,119.39077018388338,86.19284305053571,105.21426935590533,161.33278483328385,163.79548303074995,161.96747142592332,155.34840998544374
4029,134.3,65.49397009500767,132.19747803577383,85.12326054943082,107.5981684742698,158.62417405573453,163.25005827268063,166.85615465199257,157.14305758595614
4030,134.33333333333334,69.37108971541775,128.64447563329963,88.70876080123533,110.83394970118987,160.1284238310254,161.24251490989676,165.13229971514355,155.59181453795205
4031,134.36666666666667,80.08760446128036,127.67536012815617,92.38853759385887,112.74794919996894,160.52463783295772,161.9616029261928,164.168450577807,155.39720062095685
4032,134.4,116.38681008652948,128.24546388541614,99.07268966710072,117.9363317904112,161.07397634547772,158.80656494904363,164.33343800639608,155.2362256086587
4033,134.43333333333334,104.90147259653867,130.67469690074287,98.95366672630203,117.69044135770153,158.99257044683966,158.07423105006157,164.60458426788526,154.17031431481232
4034,134.46666666666667,114.09722689294578,133.35896088517973,101.69802291116889,119.07099718637431,158.3092136747794,159.09201831180434,164.39806283601706,154.2703026715938
4035,134.5,125.0253567510717,131.87078358074456,102.89248314572801,120.77703905095454,157.58973532462466,158.75019254182638,163.53861221259865,154.92152383269163
4036,134.53333333333333,114.87772677281036,125.41261034801754,105.35054909867546,123.89501602784381,158.8004791124687,159.4777639938683,163.46338865684186,154.0600995067148
4037,134.56666666666666,112.45534161009672,126.28560589894813,106.84954630853525,125.2482145029127,159.58628011879918,163.21105708478564,163.4382824247262,157.2285604141642
4038,134.6,115.73912158446716,123.5190237096032,112.17513702163689,127.93927366419801,161.43785898143594,160.0923544912177,162.98469601268997,155.1383450220417
4039,134.63333333333333,125.74164657430562,125.55984752554036,109.24709663116504,130.1053509230632,158.96283207538997,159.89065545587027,162.74547470062925,155.51628228300632
4040,134.66666666666666,129.53922886699144,128.45063318026482,108.34217665687143,130.40269481672854,157.29694606353024,157.56513603731437,163.0524757194368,154.06376349144563
4041,134.7,131.38375137021526,126.32907588847692,110.07731493091944,129.82403457158475,155.71953764009982,160.7369189708635,163.63661911069718,156.437935558337
4042,134.73333333333332,138.1892796225301,120.3889766526422,116.36855622183275,133.74423173483223,158.30563652750047,161.00261262319893,162.42621748739492,154.90794697252832
4043,134.76666666666668,136.6634919201619,122.80749533589129,119.94377392189269,134.54433286721292,157.96704319164482,160.77528782230667,162.6504802576604,154.6071081941489
4044,134.8,119.1008450741903,125.33057343567957,126.46651554352559,133.67491288307593,160.630270810757,162.9661184732769,162.9939731238729,155.11504863293294
4045,134.83333333333334,131.49122723165854,121.84564903353576,120.69854328348075,132.7362701651767,159.9563154325324,162.63601597159888,162.3122406401177,155.39862562534722
4046,134.86666666666667,129.00130229414785,125.34308798275886,118.90462274421253,136.47923788770578,157.11937711332845,161.29942872989804,161.6807254569575,155.7282083488223
4047,134.9,126.88060676127675,118.88698036221386,123.3939646718792,137.49292009215853,158.58725014713932,160.0052529842341,160.0086532179984,153.9693453766931
4048,134.93333333333334,128.4929351597979,121.01091727595056,124.88156938133093,139.00987252223604,158.36494581540185,163.85679431199284,161.95494499472005,156.05324389520908
4049,134.96666666666667,128.12304359979427,123.99736487443805,141.0213356861381,141.0738038641897,162.74246462160212,162.07300402820619,160.3903231267954,154.3874320175938
4050,135.0,132.3183179627266,127.65051553032907,134.13735651882945,140.28920510667368,162.62004420068246,164.2651982869356,162.6116823613562,155.63246887123768
4051,135.03333333333333,128.6660498851537,126.32660397105006,132.78316986040895,140.6546720016215,162.23804220859577,167.16766338335074,162.01468192584403,157.30616815760627
4052,135.06666666666666,129.56593393388286,127.20380448893138,137.84034299076237,141.56424309527,162.01140649118005,165.4984905488675,160.54055579727822,156.81399343185558
4053,135.1,135.293026064876,127.84680728898645,129.9388799903341,141.4984935715378,158.8860270460764,163.44522790747246,160.31758259299977,154.5345556762605
4054,135.13333333333333,131.20891569777316,122.23887299513062,140.82616884720588,142.77027626443103,160.78992823169642,165.59816810589922,158.465245170755,156.24269946154055
4055,135.16666666666666,129.80562668897954,124.68397095829364,143.1347658749785,143.60505434876853,161.18265650869623,165.33205490938036,158.3725801658384,156.76448898113776
4056,135.2,130.61777795331187,130.73719954357097,141.6144383636473,145.27607848200134,160.94574929282433,157.28260927279123,156.86417957951394,150.51235590226386
4057,135.23333333333332,132.23787879334265,132.90405739726546,142.2865901400739,146.34201913105264,159.68905497633804,158.01701656975493,158.69861463836043,150.24574979737451
4058,135.26666666666668,128.59971619912562,135.08107964250132,144.09824718638416,148.7853233796992,160.16619176020575,158.45317745567263,159.11254256435143,151.34669476378687
4059,135.3,127.59018025415843,133.61146810046597,145.66376463908097,148.6768187675225,160.13974034029985,154.4624296967792,159.39040878600963,150.00091688533263
4060,135.33333333333334,129.84717795623735,135.91453614854217,149.5270932223462,150.4225271686196,160.71435638447025,156.72316779133462,159.4944005953988,150.74095599338256
4061,135.36666666666667,129.2393295559723,135.19432198591207,151.9184903091095,151.41142583897724,161.2149509632932,157.13959773789696,159.6332502458199,151.6324041048446
4062,135.4,130.8048301416015,136.7284987852042,157.67760515341163,155.26398664195597,162.21622627706643,157.50344471012113,159.7583134367713,151.99987606341566
4063,135.43333333333334,131.58290902322216,138.38234057867535,156.45873577100832,157.21115980832386,160.9314654784472,157.65928529856896,159.71543429319235,152.94027722840596
4064,135.46666666666667,130.95758846861455,138.75986268618044,155.9474201271197,157.56361178383014,160.93926626852604,161.06369264831463,160.17849117155504,154.7601080157725
4065,135.5,131.69332950651963,139.68741184412818,159.22476508756137,158.33212817435503,160.77133326512327,161.17523903844253,160.06311424182817,154.62495957218005
4066,135.53333333333333,134.9628099504808,140.17700752120314,160.40837095494365,159.18651963883576,163.2941480325706,164.6126525703331,158.9768017866598,157.26087948912152
4067,135.56666666666666,132.37077489187035,138.79063755397078,159.5930522814494,159.5037460702181,162.17275419714244,158.98593920902383,158.15565833815742,151.93089424684945
4068,135.6,135.28925753438605,138.10478775120802,158.3867339529421,159.60431853529266,164.9427227904493,166.20001917256968,156.57732602962733,157.36145371629797
4069,135.63333333333333,133.86096463127132,138.38407969825468,158.67787354200473,162.05118450528283,163.81454911471565,164.15897509791498,157.02630735096213,156.3157358324007
4070,135.66666666666666,134.584625097694,137.88875992932205,159.25938392804107,162.42779066658292,165.0033773330052,167.04457571931584,157.28924006887578,159.2998754150221
4071,135.7,133.97068917918776,138.2133853020477,160.1626584712998,163.19270115785588,163.22821661480742,163.6846707976167,156.75126072249824,154.1996559000313
4072,135.73333333333332,135.28412411633545,137.78109196989195,159.83535875151392,163.69362773083927,162.9118524475069,167.5748536964977,156.83819567326125,155.78992948960882
4073,135.76666666666668,137.99195592596467,138.551215987767,160.69421716692617,164.2439542290995,165.20376917882265,167.75266155580968,156.68281027184207,156.55258000441484
4074,135.8,138.10365039650964,141.62258873654133,163.74353165640287,164.9912959824034,166.19307436090116,167.72488870683236,157.46494239422128,159.57797695334753
4075,135.83333333333334,135.97569716676045,145.5365055660761,161.2393494371664,165.47496307617442,163.08425134721068,166.33111479240912,158.90489567136703,159.4713802074509
4076,135.86666666666667,137.3744695490679,141.96824665069843,160.89569918402907,165.31212515679314,163.3661076687164,168.71225142783666,159.1623784178497,159.01371165732726
4077,135.9,138.90498601309181,145.92920012070718,163.85986288966663,165.34100202524684,167.33408567305625,165.94477717012057,156.40467272414688,160.01243149259082
4078,135.93333333333334,135.5233109168977,144.6874045745978,162.04083923022088,165.65913288271926,164.9650484539394,164.24516734560837,156.85018269428352,157.15680402485827
4079,135.96666666666667,135.61784522156947,144.5197354675465,162.29138762190786,165.69809649985825,164.53000590078742,163.41571920818797,156.92746473727377,155.57444842921475
4080,136.0,136.03846352262755,143.22989897683843,163.3325165120364,166.1223525075684,164.2006718014921,161.72566452090948,156.60010194617416,153.8133276314395
4081,136.03333333333333,135.66402786253272,144.61843525101278,162.67999212314828,166.90177373536292,163.5057697345528,159.18405231124422,156.78404383366345,151.8764391378267
4082,136.06666666666666,135.2890128277022,143.02618585728322,162.06283667137,167.07804133122448,163.4042585369214,160.0169384061283,157.54721778841605,152.9342323048893
4083,136.1,133.3756525922978,144.52736289499188,160.3556255871102,168.6524931718142,165.27135028388398,158.69726938411486,157.08056257616616,153.1984362205808
4084,136.13333333333333,135.48623082349502,143.78768509616563,161.32008522851538,168.5683485496872,166.2068014574563,158.81204477996127,157.95001392885536,153.46678933626595
4085,136.16666666666666,137.4914500577578,146.36012719050726,164.09806171595986,167.95055550683128,166.234276579405,159.08797912283163,158.27248001503736,155.0085294695108
4086,136.2,136.41121127941793,147.37191503857198,162.66657360875462,168.11764166627626,167.14349824306308,159.67007966352796,158.24318738867802,154.48448797775495
4087,136.23333333333332,136.57904044640188,146.62923478132464,163.64847245645015,166.64976988251462,164.76489454990767,158.57149680220667,158.2089514110477,153.66798821422614
4088,136.26666666666668,138.48414239371448,142.9499663961821,167.009030545635,164.69896607816963,164.39871127291912,160.42271774320824,158.10674083452665,154.19209621617438
4089,136.3,138.23678529788987,144.02638837162684,166.49677852916076,164.9191497109432,163.57707167951514,159.7130192315462,158.12568814063042,153.1045611260317
4090,136.33333333333334,137.37287857297298,144.237124889263,167.36052121243853,164.2423788680178,159.65144817778815,155.12927252331085,159.98586754371544,150.3350333320352
4091,136.36666666666667,136.56357043053907,144.30933250707002,165.8432948729232,164.32182523621688,159.42340921436568,156.3625626054949,160.82345973761036,150.76841899348756
4092,136.4,136.84829660125197,142.65907737462663,167.00401900128003,163.9101062265774,159.79233532482934,157.464088813599,161.0431203547474,152.59054486481187
4093,136.43333333333334,134.6149715960668,143.4757223293885,163.36268315595905,163.0784327688025,158.88913385454643,155.7749311915284,162.2926996497001,150.61084886049554
4094,136.46666666666667,134.43051996838352,143.43165952454916,162.94138410018815,163.08451367253258,159.07911174054286,158.8108399516659,160.2932282440776,149.24779686279717
4095,136.5,136.07271181221978,144.84470937674934,161.0921443456406,165.70069161072365,162.65612212752012,162.25953761963595,159.84182951889474,153.306861567369
4096,136.53333333333333,132.22609599818534,143.40916910778301,158.19626538820287,166.4261297442801,162.12732738700566,160.34935039634493,160.90767610994908,153.07841042908964
4097,136.56666666666666,133.73984075148718,143.4793194526551,158.9283458236948,166.63149491087742,162.83646852165415,162.17518759377313,160.22235554939115,154.77565232460844
4098,136.6,134.22312478057043,142.21327478848275,157.85061439585834,166.0914657987139,163.55755828659855,163.65512491174832,158.83967541595015,155.471154753566
4099,136.63333333333333,135.08345935848004,142.34233489765285,159.72340253213846,166.46692946600916,162.9545865280157,164.7747336063693,159.36416739485995,157.46218079466712
4100,136.66666666666666,137.45709320880871,144.52227968800378,162.45603244165034,167.81421642087298,164.37201861267263,165.21536076442385,158.28226440433525,157.4091220249741
4101,136.7,131.7249054569334,141.88290111000873,156.27227889395454,166.5187412635679,163.63076297496394,164.7754866699604,158.75133527595648,158.97135870282065
4102,136.73333333333332,133.7979709664019,142.78364027477934,158.30319787542902,166.4693964388534,160.73458454652206,166.28592959225284,160.25114800972696,158.66993039837993
4103,136.76666666666668,138.72592202305168,147.4619681268052,161.37521492815668,167.47978184048682,165.0390387410497,165.9671698329257,158.49109396712282,157.34636754742274
4104,136.8,134.3333949398815,145.7328060993417,160.35958891045547,166.24789035561568,159.74329402622175,158.14147265385782,160.16865804603228,154.0492287553271
4105,136.83333333333334,133.49738430769787,144.07580720908032,158.23694854123096,165.37976080752816,158.4061667878971,161.16194412996472,160.2252691380055,151.72296741279308
4106,136.86666666666667,133.29511198052228,139.7447821527979,159.59245764564648,163.18466379943047,158.18218354302434,161.8048863026939,159.6713583332317,152.34899898270297
4107,136.9,131.84929597447228,138.65259660869472,158.09978016948273,162.99742248668446,157.60331306615083,161.45263938499397,161.19131241025204,153.13574486890676
4108,136.93333333333334,133.53071463982081,134.73362371157666,157.59671686377072,160.83082189329502,158.36792943686925,161.85863686406194,159.70141421589327,153.7656608616482
4109,136.96666666666667,129.20437611776265,134.81022462752412,154.03913994305174,159.71647399350246,157.37540017964972,158.7581082918419,160.347421141464,153.16332985851182
4110,137.0,128.60438352546183,129.67279116007109,155.13861761027778,156.70091403532638,155.85214777641127,160.70608113631945,160.60855414344573,152.76913412838073
4111,137.03333333333333,128.20715759720406,130.59902911631625,154.68177322353523,154.87258382089234,155.19249930917644,158.3865357177574,161.6863687603756,150.84747521214777
4112,137.06666666666666,129.69993315645996,133.41098563012966,149.93660505242067,151.64582619594296,157.86492784066704,160.20198678517227,162.44060472724763,153.8683654501579
4113,137.1,132.46141827818852,136.05683145327743,143.781087328684,149.8043492052129,157.356913363396,160.33559817551816,161.7319125576395,152.69373969382372
4114,137.13333333333333,132.92461279752715,138.6593074441086,138.5593049347763,147.15958706341317,159.41780020039644,165.76933591498974,159.77601332850224,157.2209439342441
4115,137.16666666666666,121.93980954791576,136.46351732726632,131.3923747147986,144.36743735051238,159.2354947194859,166.53045930174366,159.84791122551937,156.34647872099814
4116,137.2,115.54820268159338,135.0243168898419,130.65723133597217,142.5727861417469,161.1394797617012,165.24385561259797,161.72522366953,157.91808990033246
4117,137.23333333333332,128.13287929808675,136.22321269913928,124.81185258468345,142.73787790421966,160.517244833254,162.54254889588532,160.85923536496367,156.53924261596163
4118,137.26666666666668,115.70458699460963,130.84525322030734,126.60000269884208,139.13092461358684,161.27685069887156,166.8152232611687,160.9799000372994,158.87397382212262
4119,137.3,112.88369998005588,131.38584227982133,124.30447456105549,139.17475285136814,161.43485100511734,163.9012855164629,160.57664430674114,156.8679004983924
4120,137.33333333333334,112.98948661537484,130.30625690748064,121.13240553389113,134.21144083407782,159.9173743026347,165.9713429949757,164.272418872635,157.6471049533056
4121,137.36666666666667,112.41674059051623,128.72097395705688,120.68597899317196,130.72938973497904,163.75724952624748,157.66438445540973,161.2573067066429,152.3582528857111
4122,137.4,110.69098740202499,132.27199706389086,121.66671472743899,131.81570497227182,165.45135300054673,156.10819816660685,159.70238744841475,151.3252008148843
4123,137.43333333333334,115.68754661533629,131.43113958847042,116.69278326729153,128.6006890865044,161.80565929179772,156.19164974486404,164.15621567311305,151.68944483278216
4124,137.46666666666667,115.69964750644108,126.41669260257478,113.91605020848102,126.72502556717797,154.76902444510176,157.77147601236004,167.70186023085333,151.63996093626233
4125,137.5,110.90767376124224,125.68657376878392,115.73047547102892,125.44818628687604,155.57547652937535,156.40190558053024,166.86697443904433,151.27319623066526
4126,137.53333333333333,109.52997952699232,127.02752531973111,115.3543810021036,124.7613310771364,156.1370227076812,160.54295212312587,164.8693570477272,154.8204579514157
4127,137.56666666666666,135.37648762000825,132.1579335234959,106.53870286884099,126.33126766686293,157.33891959308548,160.45505801258767,164.82184039938076,155.50514598104206
4128,137.6,118.32185791137704,130.52277038244475,105.75282906687757,125.15708850959545,158.18035527506214,160.66922349664702,164.66268749005988,155.34362161311714
4129,137.63333333333333,130.23024487650758,136.29365116841896,101.79150976690903,125.06131710505204,155.7254179382821,160.55054700848314,165.87785749795313,155.80539326699855
4130,137.66666666666666,131.85168443747637,140.70960630464188,100.67381042405968,124.94083755213441,154.28643590986388,159.05847231852812,167.25518944635908,155.84431179431652
4131,137.7,128.9432673718087,135.0043042296773,100.98198505112664,122.50917268461559,157.95501635529675,156.72167436546653,168.7229953191091,156.12633706068027
4132,137.73333333333332,112.22816100906368,131.11508706222173,99.5323292371411,119.44051753771365,158.33801707729145,161.2532517892062,166.74114002806613,157.3576434612792
4133,137.76666666666668,125.52750887414939,132.71200130385634,99.16193191134322,117.83835577074782,158.6182319670745,162.18701674402712,166.1800487522146,158.58326730564525
4134,137.8,108.49371576257006,131.6250086208142,96.9535769840466,114.47372779078376,160.25905024176015,162.32080485562355,165.93456566435282,158.73975685713575
4135,137.83333333333334,127.69271869485746,134.6526376168917,93.90514866425221,114.45924427189931,159.28747959800478,164.50037895615603,166.6681142400777,160.4278611727951
4136,137.86666666666667,75.7173370894755,131.8027303887842,87.3492513157575,108.29426417158354,160.4411185444283,162.59010659457155,165.17846577597052,157.14667692931647
4137,137.9,78.56979309780388,125.9750453386806,76.15115806790538,105.4839576642677,162.167327562933,163.35827077296653,164.81678167606256,156.24123190536673
4138,137.93333333333334,56.363193397187494,125.1897905813295,74.37303196174032,101.64067803649228,161.48007314606042,162.74916485432854,165.63887322837547,155.29930889221137
4139,137.96666666666667,61.3915745541863,121.69945489518926,71.42991111377604,101.7814346065115,161.56175693985244,165.91168082160917,163.85368320070634,156.45235173971707
4140,138.0,50.35046177134604,124.73447096854261,69.15360137720862,100.94305303875238,161.48454074988388,162.41706019674194,164.52239320240213,153.3909995470918
4141,138.03333333333333,68.98838774123604,115.20269009791114,79.37438661634388,100.44688431164609,158.08882748911137,162.6878090616345,166.72811668818474,154.48117346750837
4142,138.06666666666666,100.98556132763294,121.89550323154194,83.95891156338965,105.50752345129058,158.89632921601364,168.16982362204087,166.17519529284883,161.34255632328208
4143,138.1,78.85357275652365,114.81020883542789,64.6481791087321,97.38717443483417,159.685876023291,168.93364831304578,165.1744045515549,155.50792922657988
4144,138.13333333333333,58.86206613281516,125.81101808735387,63.09695415032146,102.12905182779387,161.97960377002656,168.96371768025674,163.8279910624763,159.13595275310985
4145,138.16666666666666,86.02558488146543,117.79427876239386,56.86363034623525,98.61353036604885,160.56211816215907,166.9450944496727,164.3476284490302,154.11834291691483
4146,138.2,58.689326881884156,125.94170504677076,70.01055396923668,105.20509458138197,159.38428442698657,164.90729894628106,163.62436816324225,157.3972787896402
4147,138.23333333333332,54.46027666385034,126.742663179976,48.9489828294683,100.46529472098076,157.80024092391304,166.03914683120524,166.6836261190415,156.04969688594295
4148,138.26666666666668,121.45837586144239,124.97741361111635,74.27324906168,94.04136429117267,163.33025538765705,173.2863342284601,165.04827575578867,156.56038826734203
4149,138.3,93.65006516331368,119.50185810625294,57.89014403863235,94.67376589374156,160.56727933729286,167.78073879369288,166.02159352049188,152.82461977794546
4150,138.33333333333334,99.69510052984852,125.9792203557003,59.82710847064619,95.69591213403311,159.5520262229471,165.98869152783487,165.94418615531103,153.8598457388865
4151,138.36666666666667,80.11480762605365,117.9666150482446,49.34436102667677,95.44801130689461,158.49222500426671,163.6214001943727,163.7753050497802,152.36611819963898
4152,138.4,117.34201967477127,118.69300691059537,64.37207923469772,94.95124044132827,159.30390845440235,161.81279040002258,163.24600892623218,149.9863290716397
4153,138.43333333333334,117.72218833866984,120.27387110463171,68.35363467343053,95.20184921841467,160.07108887589249,160.45043382891322,164.95475781611526,148.76735531153253
4154,138.46666666666667,113.86532367996057,120.02311413925024,61.552209292394,92.33196993643764,160.04600077625992,164.50881183984743,162.74386557932831,150.12405293324787
4155,138.5,109.40115398588908,116.04842612604314,57.31424014358996,87.08073832888786,163.38660151146107,168.6504793280106,162.0680810538764,150.8023746377726
4156,138.53333333333333,108.57201447076902,119.35382302899062,56.814018646027506,89.78336195520306,161.7867959382191,163.2833871396704,160.52702132494719,150.32616392842513
4157,138.56666666666666,107.46445423909265,120.72254477444044,56.94405004758296,91.73741897758309,162.38328922079273,163.9943170356321,160.49520979632229,151.8111840397348
4158,138.6,79.88367040984352,121.7749896719058,46.18033329323358,94.11150336760257,161.31137361216528,162.1647855859207,162.2410564510482,150.02829834249954
4159,138.63333333333333,104.03147436878216,118.80757631859608,54.09582404123128,94.0813655637569,161.3360498522209,164.39741735522742,159.8370455367857,151.13475249214267
4160,138.66666666666666,104.36238749126136,125.0046101350565,56.053729437853285,96.18347538111227,160.26836914963255,164.1214676927667,162.4426613071909,152.65661860770328
4161,138.7,103.80155494635162,123.39510262883549,56.06434077525311,95.46671736708022,161.12945423904938,163.57041354856034,163.68253443900008,153.10265416401924
4162,138.73333333333332,77.53710011507812,121.9294768430668,47.869643427106595,96.13425484065955,161.07816855478302,162.14572017513626,163.4153893312418,152.68253238585706
4163,138.76666666666668,87.21710185445666,121.13659878114619,51.59169090989191,95.3978624477895,161.42193145460442,162.72525003242657,162.73246919887828,152.4983488325052
4164,138.8,90.3895145442761,124.60422405606954,53.590077849648125,96.84221528994289,161.04833318016318,161.8967337535062,163.6476758645875,153.1416842504743
4165,138.83333333333334,51.645395772673595,124.17716101312811,56.78080834546671,98.85207804207938,161.18477096479955,168.70984688935872,164.03966853952895,160.84604437636634
4166,138.86666666666667,45.15088563714619,122.96215373315553,63.958817945048004,102.20472591781706,161.2663567428936,164.85346443398623,162.12718586529692,158.10825308721456
4167,138.9,49.90534731066615,132.63800469442876,60.330161798115455,103.82519437939658,160.37908744212478,160.42181736128103,164.03893008662848,153.51348169819235
4168,138.93333333333334,110.33097095567598,129.17432339265596,72.04853793242135,103.28169670990823,163.00647293036707,159.766282194537,162.90101851528658,152.09795057828504
4169,138.96666666666667,115.30151867892258,124.08611242670221,73.21933709475186,101.04750393016546,164.57120997507374,161.9746268822877,163.31806101506672,151.93696312561977
4170,139.0,70.11305576140097,124.41452124240327,83.18208809191223,102.42374628490212,166.0325403376821,164.46632731145252,163.25054022858566,156.33902331259767
4171,139.03333333333333,125.41470997446304,123.75969088794764,86.16561014755074,98.47434853219848,168.8944373649603,166.45746682189971,159.94657948905268,156.01426024279712
4172,139.06666666666666,117.7283101124402,127.05220850984665,85.15997242847632,100.56060686273415,167.42702260307846,167.97517507617263,161.49989627160068,155.78219345626857
4173,139.1,119.42922583849224,128.91281671468346,83.25920944379682,101.84775279620727,164.088182747209,165.5623715314144,163.77539148243315,153.6679102291704
4174,139.13333333333333,126.3684528165933,131.67989768523816,84.65860053679906,104.641433802982,161.66780845013983,163.99123380755003,165.43955389586418,153.92652550550525
4175,139.16666666666666,111.00748208283112,131.5659037792617,81.12686195242121,105.87605471165733,160.22658548131864,164.64084342325603,166.9501313668095,154.07655412546993
4176,139.2,105.85312612538588,131.8506662805197,97.49176427358539,113.57465460337708,160.29655108908003,161.4219998616375,165.79448506664252,155.87890860200147
4177,139.23333333333332,101.00696380862829,137.2785827065909,104.07113534433967,114.70132894361332,161.558546630401,158.63511088745028,164.35330032927155,154.21294553149448
4178,139.26666666666668,116.67616067364067,120.50368242347176,103.11733484149619,119.2075061939786,161.20877937100303,164.17017655717538,166.63519661340388,159.76959267434745
4179,139.3,97.23168036952782,132.37538362483167,105.7796346697723,118.86976521750388,161.74055996208588,158.16819229932904,162.34446735416134,154.4194637553425
4180,139.33333333333334,100.83587395178331,127.29848053610571,110.28665496780118,122.34714143878092,160.05814779868524,160.86140876101666,163.52589087168053,154.2890699013595
4181,139.36666666666667,110.92893664933648,126.87279690025217,110.50751342764907,123.7621865761066,159.8835243582808,160.9080571637842,163.4407110138721,154.08129518207915
4182,139.4,135.20422095017895,131.70695973372472,111.18218877278734,129.13432475520227,157.85803901365273,161.4646097033828,162.0008928750983,155.86278764697664
4183,139.43333333333334,132.60181726415726,127.15127402529318,109.25694491761506,133.87837169673904,156.65287314928716,161.65944099224325,161.96741502798403,156.61554870118098
4184,139.46666666666667,133.964282455285,120.0152123863252,114.34167978587635,134.04960205037898,158.0392138054328,158.89990998477435,162.67547683220255,154.321401869619
4185,139.5,130.72798422310237,123.99346304869793,118.92552928354046,132.23536333315448,158.81747260180154,157.90013285815178,163.3064203774395,154.681241097828
4186,139.53333333333333,125.77270028353581,123.11735899291644,120.16593382965405,133.25074906965062,158.56178476811704,160.00586026612345,163.08584368094242,156.83279649181995
4187,139.56666666666666,122.33005379774464,126.64695746878232,140.2055357320531,136.96418479306905,161.09052840833488,162.9352993352678,162.49094808544928,155.3350774858014
4188,139.6,130.75745222400377,130.74689521258523,133.11700158794872,139.29409811771,159.50315697754883,167.17330423784057,163.91760780259767,158.9625565819775
4189,139.63333333333333,135.46876799323098,133.27953165189942,135.7367355431308,142.02391479568203,158.44823792499975,159.20409586113036,162.84736810544237,152.3635954680882
4190,139.66666666666666,135.9143626646685,130.10264222496474,134.89045386434316,143.36468636942672,158.63086851054194,159.4239708584132,162.12356361000698,151.46547385121397
4191,139.7,132.84956200755084,129.70164734216505,140.56428046835055,142.78565361271288,158.92947626177462,159.08443226522374,159.40013956190174,149.97507945061918
4192,139.73333333333332,138.22201747684232,125.28470898157906,127.76070118233508,142.63168090882337,156.72824330652696,159.61278340623076,162.42852486579793,149.84550828842833
4193,139.76666666666668,129.19531041629602,126.50174775807758,139.68245095278772,145.43183182447734,159.7487335842763,160.80104725395555,161.26729202375122,151.56306439134391
4194,139.8,131.6767399351213,128.48315267696262,139.6590181154344,145.50694900585287,161.35122496867817,157.45172913803995,159.10855648424123,149.35505167513153
4195,139.83333333333334,130.72835947726784,127.78555820288054,147.3908244341956,146.7022092189555,164.0570776059345,161.58366437740258,157.36624178059938,152.52588461373884
4196,139.86666666666667,132.23020842079268,132.11599740387493,145.75846426929922,149.13026043715826,163.69602803182093,159.81551545269537,157.15153734201905,152.67384757288383
4197,139.9,130.42311314290941,129.216861458658,149.87099492492536,149.281831727812,163.41315664685982,159.75339835759814,157.74360366886125,152.77127305713324
4198,139.93333333333334,134.06471323091912,134.67691639867076,156.93148848752267,151.24908613833742,165.8811206882665,159.7389308588468,156.2754869902636,152.79777499406995
4199,139.96666666666667,134.4590241050106,134.20967418577516,154.89282032050937,153.38262031619226,166.24608857645214,164.57926856308694,156.44721588060196,156.54664684112979
4200,140.0,132.40648135384765,134.99521207510688,152.36951639473446,157.1355972809395,164.49170815506244,162.89893536884156,158.60355745185515,156.8324900522664
4201,140.03333333333333,128.9633664595508,129.31566684936266,155.5798930406781,156.98970012222412,164.08249675515628,165.8804463090975,158.80914086258812,159.69852056488182
4202,140.06666666666666,129.43249611389083,133.74243200200473,157.39391854900197,160.74576110869492,163.7528602263195,166.34865156529364,158.69549458211105,158.98312276103886
4203,140.1,133.1487047409944,131.25398605803383,159.17246636646973,159.9450127914335,163.9474538404085,166.45627717645064,158.74776212229443,158.24964998688688
4204,140.13333333333333,133.69061226672497,135.87492917174325,156.75593716586351,162.29571994577955,161.8855092585894,160.28100927687356,159.88369264832554,155.03097911839023
4205,140.16666666666666,131.5482158920211,136.7758986132077,157.151503284722,163.05341465118525,161.58216793196942,159.90845411295567,159.8203409404652,155.01291275420877
4206,140.2,130.98166338893063,139.45332602299362,154.6304981841227,165.89999733478663,159.54526841928154,158.16393898967732,162.43465158062696,154.44248954950857
4207,140.23333333333332,128.0103919684232,139.9562491309879,155.85756766094204,164.87207730732345,159.35011311544065,154.75011111799958,161.5689854684619,151.48298936634856
4208,140.26666666666668,133.59367677096833,140.8682321254614,159.53556714321303,164.55148262509468,163.20350143494977,157.5493203036156,160.34242193978895,151.5263292341982
4209,140.3,132.50425190288675,142.3681722349487,159.35663164627624,167.394414077086,165.74408995314118,158.7611471471938,159.53104187220555,153.25926664714115
4210,140.33333333333334,133.420356252243,142.61633402808562,158.61826016461052,167.9156254589865,166.73607791660586,161.3994760042989,158.50157080415306,154.87908694337548
4211,140.36666666666667,133.37847136577105,143.23093001128092,160.53106756264782,166.84431089153938,167.71595321554,162.66852332136995,157.7982998138892,156.46542473876747
4212,140.4,130.12158823956116,143.49997353944136,162.11636121642516,165.54211523633788,165.13349560513294,157.51576783302693,157.90059380931078,153.42608160980515
4213,140.43333333333334,131.48348097855785,142.6971081353657,161.82892626219214,165.6957655588945,165.48551459209278,160.1417457805774,156.89360843098592,153.82043273282545
4214,140.46666666666667,133.80903761368165,142.6454555786022,162.9690197502847,165.78706683813255,164.95857027743892,161.02680765927633,157.01569089894804,152.89397519406245
4215,140.5,134.14506067267473,143.67014339846813,163.74574321647688,165.01439911598436,167.48344907375397,160.68107489444174,156.15412394769544,156.16881018041798
4216,140.53333333333333,135.23335141751602,143.830058793718,164.27587070306132,165.25472909289027,166.80634950496474,160.0105270873454,156.33463868886827,155.21261128661826
4217,140.56666666666666,135.99206501178264,143.63996942742122,164.82155370713048,164.59597024639075,166.17780637369353,158.46112304291114,156.4920102276853,154.13430505143202
4218,140.6,135.85834181169096,143.67231672550935,164.27307746741351,164.98638166609274,166.60922193888632,158.05011505129352,156.74969330869231,154.08732316458816
4219,140.63333333333333,136.0707356990438,142.4792214392975,164.2142513751919,164.97612176290053,166.80667283410193,159.68770880458305,156.5898233575879,155.5351851015173
4220,140.66666666666666,136.6296126245418,141.3422456436617,163.94059838279753,165.7531692642326,165.5844513458612,159.9569340773892,155.87530566739514,153.76143772502863
4221,140.7,137.40598660416637,140.1188323163293,162.60092276643732,166.94126505164274,166.26585990923525,162.85083518903866,156.1368132569923,156.14108393019413
4222,140.73333333333332,137.0448294087265,138.70068982771824,162.69349715100574,165.95410015131404,166.58916002835934,162.7537156650823,155.8504496799968,155.7488408149044
4223,140.76666666666668,136.88225762030734,139.54921257596033,163.41262951466686,165.9072100063671,167.37343683764954,163.00869008450968,156.37044993745343,156.15778672903224
4224,140.8,133.69682802396932,138.94393375879136,161.74088500196646,165.6985361491545,164.74723274159166,159.91635634671843,157.67570985547712,154.98862102515267
4225,140.83333333333334,133.63377913589918,141.06156480999186,163.2676610718311,166.12526438392572,164.74056053641795,157.9806708565594,157.3704452924423,153.8478919652366
4226,140.86666666666667,134.6973736338233,141.72493270658973,164.22232935715635,166.1102598188105,165.40101195204016,157.9849884128884,156.91561397568128,153.76317148917477
4227,140.9,135.07593444802566,142.19909510261368,164.66081903212964,166.15600903918747,165.63714209983115,157.78781700388765,156.82514650147783,152.97798464066022
4228,140.93333333333334,135.36244363373427,142.07474721870898,161.35179055795155,166.01385736523991,163.54628195174516,161.17022055548938,157.16087520148938,153.56981599109636
4229,140.96666666666667,133.9566509794063,142.52863029335464,162.04754533554214,165.7122831274353,161.0687435552008,153.8297207414155,159.6916630619103,151.3095422268654
4230,141.0,133.91600927064027,141.16319349898495,162.70791165311707,165.83812642023238,160.94662505614724,155.16156700197007,159.5482258478816,152.25763434736788
4231,141.03333333333333,135.58837150569968,140.43512361540297,164.7014991520678,162.8570444297101,159.18912346268567,156.16969471009122,159.49749776017248,150.9336464189848
4232,141.06666666666666,135.60105588770858,144.07483073901622,165.61618173719876,162.4349566793138,158.77415723848492,156.94762278471748,159.66829519063646,152.57305465648426
4233,141.1,135.02867411552756,143.86994519516867,164.8487910164454,162.49450253018938,158.03741533133825,154.71909351875672,159.6969463130317,149.30661178831798
4234,141.13333333333333,135.09539727023522,143.20156225544355,164.54532336801415,162.45854874175544,158.165515869596,155.7647224816994,159.64897102165042,150.53600569681024
4235,141.16666666666666,135.13791467732398,142.2025062945574,165.2796546807879,162.3318781175599,158.6164351177961,156.68742238355557,158.96655254329602,149.70779840203008
4236,141.2,135.88503491478573,142.4671286814146,165.8888437976208,162.5279306784178,161.57498798985094,154.74920066624827,158.12718288538468,150.04264343555755
4237,141.23333333333332,134.6781492395026,141.33456582428377,164.98893088228718,163.26389846625884,161.6922547947269,155.60959444580456,158.19935420817535,150.39899453501368
4238,141.26666666666668,134.17196862682565,141.32398739750516,162.58884284264232,163.8580850944436,162.95294501329641,156.56577858350192,157.3919716188145,150.32463991664153
4239,141.3,134.5657910531796,138.40449398278514,163.91776953833056,163.17716002014723,165.3330322369206,157.23231242085913,156.63759671829655,152.9820932368059
4240,141.33333333333334,134.06099524738914,137.4763888816497,162.54290381896226,163.17643959939366,164.16969952457163,160.88365482536824,157.93555245097397,153.02797246491605
4241,141.36666666666667,134.15095278928987,138.898249266991,162.94284736212012,163.6089879067266,163.58251239016008,161.19116639512973,156.1334516461666,153.5216804533452
4242,141.4,138.3839750711111,144.4462223886229,165.31360594098336,165.68863915436813,167.68320346713375,161.27204323074432,154.4462398174386,154.54402909792614
4243,141.43333333333334,136.964309848597,145.54783061304317,164.3284013555701,165.4837320664531,167.53116961267574,161.34095837116757,155.63146350031425,155.1312360363848
4244,141.46666666666667,133.91478943523632,145.09961486550282,165.1515174261803,165.20678926289457,165.7100099199978,158.25016453791204,156.02605507321027,154.5061695642117
4245,141.5,132.27794038796952,142.24751445736365,162.19969975272593,166.50225125659858,165.23754730632373,159.238277248774,155.58575414207715,152.94197583740265
4246,141.53333333333333,131.8597006605434,141.7205754809522,160.88865610796742,164.45204296661962,164.54514379217116,157.3700499305468,156.56233502666998,149.8635087838543
4247,141.56666666666666,132.95740785878328,138.69476563076466,153.39289443801218,160.80237821159048,161.16412610479793,157.9456363495749,157.92314402430347,150.68205888359356
4248,141.6,129.48687227758575,134.19743971906422,149.6721062968438,156.07735526656344,161.20929153958474,159.21355832657153,157.7932069995654,151.10519346449306
4249,141.63333333333333,130.09334676723307,127.94962772828396,136.55400654324285,145.7403692930855,158.3397215626825,155.70679217715283,158.87824402792214,147.3811922637899
4250,141.66666666666666,132.56701903540517,117.7917072039572,112.53185584817707,137.5581026496893,148.58220568086867,157.70931140108934,165.62638227150694,148.96439911469798
4251,141.7,118.80090143755116,107.31582667086133,110.36223431986502,130.41748950118577,153.93892037751826,157.45697540045066,164.1171149466517,150.46569136405574
4252,141.73333333333332,136.51978971986202,94.23770186653813,103.8201555249085,118.32031928329626,153.35482878505798,158.57668494180464,163.7843897531184,150.9092380614328
4253,141.76666666666668,86.45498431654242,100.38038446403694,81.7417885473551,105.37407741890215,155.1730404547018,161.8697429216255,166.11100575443513,155.66904920282337
4254,141.8,78.23343100864454,114.76081937591557,74.69771849012848,96.6718943058116,157.43322512290632,163.9503709757009,163.05688042700993,158.05903933768755
4255,141.83333333333334,50.83470968677036,120.77192789291779,63.5297698257135,91.21509155273661,156.63395918289865,165.94884996044433,160.92341626884038,158.20299913161472
4256,141.86666666666667,47.96923395049437,117.2724759801343,40.74976661373907,81.05451923045902,156.67898328155093,167.43977511073007,160.2365366693041,156.6782141528693
4257,141.9,53.63463199958088,129.02570019171276,37.99204133092811,74.59440423283681,158.12162385073543,165.91434992866903,159.1104703888053,156.22968420843196
4258,141.93333333333334,70.52524118352645,137.53513609247253,37.126422057506396,67.53424139666303,157.92984868004424,170.64361652343567,163.97497871070505,161.57014977659054
4259,141.96666666666667,81.78563011779329,139.8973867215104,35.84744278733725,57.921919887001806,157.1279792928649,163.99353725351176,166.69678827903087,154.57493187225282
4260,142.0,91.09830388290675,146.69789386678517,30.027400328172217,52.57829766212556,162.66731619134478,161.7900043150035,166.28737342797956,156.89601551919245
4261,142.03333333333333,98.58096236592493,154.9758538326059,23.374394814721303,48.089752821322406,163.6916249313175,162.2761965334441,166.59023476873992,157.01523260140976
4262,142.06666666666666,105.55316609709286,164.36098105619652,15.671854571797011,44.16251666241415,163.3031432687551,152.12967732998447,168.03970278087814,147.74619162027824
4263,142.1,111.21437152684351,165.8643547797814,7.406391733252762,45.3094141610472,166.77130656603435,149.8736582711612,167.10789481227795,145.80836410334882
4264,142.13333333333333,113.88435102571475,167.33334562722027,6.331354088676687,45.470879622448905,166.24446916333432,149.0836654595597,168.65956384885087,145.4226163347135
4265,142.16666666666666,111.51187265881971,166.21385622981234,6.948063049025582,44.64680343962887,165.8095224695935,148.93724695444354,168.80697866213004,144.78335876170695
4266,142.2,109.50260214922905,163.90901051504363,9.99891199483045,44.609116358770365,164.8342981756329,148.70603768354167,168.67576983350725,145.87309066376073
4267,142.23333333333332,113.97459927495488,159.80075184865132,9.686969297332816,44.116363507058566,162.4628179189495,151.6564896911399,174.44206600698703,151.0524053301411
4268,142.26666666666668,111.06038371185146,155.18585965847504,10.480582160654828,44.864982943614514,157.63228022912946,150.5359324525391,177.13359258616063,151.31713690092562
4269,142.3,,153.36043990805976,,41.65143018725198,162.36228656929492,153.65485046101392,173.27253259362186,150.2972723209257
4270,142.33333333333334,,150.41457395481152,,44.64057727166062,164.64018701766992,159.26016922278563,169.80175034158765,156.5131017407113
4271,142.36666666666667,,149.21304777660183,,44.71094503676851,166.68374125717563,160.60775526990554,165.9355006596693,157.1346906714395
4272,142.4,,155.25357294273206,,45.33801878789633,161.36436064502973,158.73822369956326,171.65324907351544,156.40635241994426
4273,142.43333333333334,,158.593787140123,,44.808617384953116,164.12635522697119,154.13980060817985,168.77647089168008,150.7032555603019
4274,142.46666666666667,,166.07414654392025,,46.29350689600347,165.4534034683725,150.62133102062288,168.9265907527276,151.15499809454064
4275,142.5,,168.38812872157115,,48.100582071419325,163.33397792293877,146.5933571363489,168.3451421542287,146.3424066726605
4276,142.53333333333333,,167.43935703400024,,47.35664878330377,163.69897976124022,147.30869269614007,169.7328456174677,146.10853958495605
4277,142.56666666666666,,170.032310389748,,46.9753525782063,165.30982707322227,147.52103318808363,168.8971134174949,147.229747366456
4278,142.6,,171.89826491293752,,46.72869508340187,169.72413296148753,147.83148755607561,165.76342677371738,147.78262902326244
4279,142.63333333333333,,171.65638477730388,,44.68234478418453,172.85811402475738,147.649153536529,163.55363185164882,147.46031716142323
4280,142.66666666666666,,163.83308824550042,,40.64559905446731,171.45517288976592,151.44440486352218,160.93699978434074,148.6478790845766
4281,142.7,,165.1801895730645,,43.97508378317569,167.7673035192669,146.41512345983404,162.51156954649468,144.78789589509486
4282,142.73333333333332,,168.39117610122466,,44.28195404635608,169.6279363918633,145.59918074190836,163.339937479001,144.28623875569468
4283,142.76666666666668,,165.541652908691,,42.625833734079364,171.06724600417195,145.5208732723444,162.33044622480574,144.49999533915118
4284,142.8,,166.82709700006905,,42.716525210806616,170.3062315887157,143.7346843630267,163.4618980072034,143.86984421429773
4285,142.83333333333334,,167.6234405315102,,42.794124577522915,168.88249611826004,144.48465066635717,164.69862499641474,144.4307640976127
4286,142.86666666666667,,162.27768046891984,,44.97157208507324,164.2487295254157,146.49355631477448,170.3176745911795,145.3220393252673
4287,142.9,,166.4775422701212,,44.24754759053051,165.47268958851888,146.74754649687245,169.65211520563085,144.63521930642605
4288,142.93333333333334,,167.3629320958211,,45.314894356729155,165.05997038002562,146.58830916489111,168.69028126859646,144.29462517722666
4289,142.96666666666667,,165.96454727998025,,44.84203645552292,167.19911900168793,145.8318983092034,165.79303527352022,143.19083609863148
4290,143.0,,165.08619859638952,,44.96596800366776,167.4124773660549,147.42495959697052,166.45135556292624,143.78695809992348
4291,143.03333333333333,,164.34378943834108,,44.10153873175143,169.62516196267575,149.3957986601434,163.4982492880091,144.5291822505398
4292,143.06666666666666,,164.44091888546888,,44.25876507358557,168.9216174636088,148.65591170416147,163.91523361082884,143.6817569995639
4293,143.1,,164.62256196804347,,44.75602941046732,169.1866312040147,146.99278586322856,163.85453380063487,142.4073727367614
4294,143.13333333333333,,165.42603868045228,,48.388043794596605,165.8469493879689,146.60271016835304,168.54332381113582,143.80034616793122
4295,143.16666666666666,,164.3356327242362,,48.658764634205504,166.05337474347468,145.87152036557825,168.35393340215364,144.05028765227922
4296,143.2,,168.52666046399221,,47.95076484930207,166.35989158007777,145.26661581249718,169.87842691422708,144.39565381483945
4297,143.23333333333332,,168.88824820462295,,47.230443087495196,166.0790932755114,144.5821535750228,169.24381229693563,143.62766541273302
4298,143.26666666666668,,169.77469644192462,,46.932877273474716,166.61045569204617,144.7482252176158,168.5191938026736,143.29013481247878
4299,143.3,,169.42548487699102,,46.78628122391296,167.4180131666575,145.97030772680748,168.22961539071363,143.043567212215
4300,143.33333333333334,,169.79046498388342,,46.137694312887625,167.17854168508103,146.8285601022751,167.13292879003683,143.29314063500908
4301,143.36666666666667,,168.2613093915834,,44.34803150564607,167.65355433408106,147.5591768553784,165.45181834916943,144.30544014986012
4302,143.4,,167.29527274872237,,44.15785635567584,170.0481603706144,148.16950241647498,164.06796027530274,145.58477341793002
4303,143.43333333333334,,167.59595258876683,,44.45131334891405,169.05218148828632,146.50400365841156,163.56008708588035,145.1573053496063
4304,143.46666666666667,103.31067652464237,166.64641335026099,13.508682774795105,43.74857138117326,169.66487846412363,146.7814173612161,164.10333002749,144.55963942273755
4305,143.5,103.21335290769422,166.26898967982513,13.489760065860333,42.868113675003706,170.31968345349634,146.90450310730918,162.43119443890703,144.13503211153386
4306,143.53333333333333,103.82274030504729,167.29442121356604,13.115644061407638,43.494467074689105,170.73604564767547,147.66616746987512,163.81844473962298,145.23087645955195
4307,143.56666666666666,104.12151666496254,167.3365509203946,13.306959164062794,43.567301529952104,171.09995713789894,148.10001134566372,162.82300625838428,145.57586292521881
4308,143.6,104.66762246948863,166.39692554401097,13.189814667370165,43.16890779230694,169.91979007213956,148.08094800437743,163.11338040159023,145.3698032854307
4309,143.63333333333333,104.4849686328021,165.78287581396194,14.016389065141427,43.27475964781138,168.56248002653618,148.12568627608468,162.9708638209072,146.10364975091025
4310,143.66666666666666,104.78362445172851,166.0733182060534,12.39105154420641,43.49481783207614,169.00275425939896,147.26257568784825,162.66823430656302,144.63631440319926
4311,143.7,104.54859206323357,164.50113384343373,12.916740408629282,41.668572760152024,170.70080670273236,150.15344893101286,162.019740422717,147.25983340958058
4312,143.73333333333332,105.47822120449287,165.7367112626715,12.19604149295073,41.77011089054886,169.72192661763052,150.00690772100802,162.4732309922885,146.3223174901229
4313,143.76666666666668,106.9663925752607,167.736212226079,11.451070896642108,45.310183265902296,166.56379953866522,145.62208550456168,165.24747457790156,143.64366097885375
4314,143.8,106.74748219672179,167.2171193276535,11.903508995713084,44.99742092104024,166.6917519006905,146.18854483839215,164.8279322894316,144.34315801734323
4315,143.83333333333334,107.3828256690038,166.42708296762237,10.451863305314163,46.102241918367895,168.1505494469891,147.51751702027923,164.8915995322589,144.08898457523333
4316,143.86666666666667,107.44160364952484,165.13166272238124,10.584725576383702,45.0044903007763,168.4846201548803,147.55918763285334,164.41024364043676,144.2684771043601
4317,143.9,107.50092837263871,165.0432529908227,10.355569380610255,45.229371029668116,169.66931987459137,147.42125425397202,163.94256871801852,145.82160091026506
4318,143.93333333333334,107.59376310114435,165.2484909542241,10.409408676995803,45.1123932552503,169.98611351065554,148.28244378607016,163.2728202451946,145.85363563360448
4319,143.96666666666667,109.08555031407288,165.4700773130312,7.979609932541153,48.19582586489692,165.37403990344544,146.25033885466266,168.28312203001724,144.1044211587069
4320,144.0,109.40729893256201,165.30668555826222,8.366333117569097,46.35812786178689,166.62303477255244,147.32484367092002,167.5233054607256,145.38995744398804
4321,144.03333333333333,108.88374931385883,165.56100286309865,8.94185507862444,46.88785619349054,167.1357732007042,149.26249173740965,167.26321760107726,146.47696901173737
4322,144.06666666666666,108.74798418480991,165.8910711568815,9.27099704154829,47.59854650568322,166.37991142069737,149.90087168293218,166.99292881206964,146.15326964691002
4323,144.1,108.09455623381884,166.34758888096167,9.243985468055534,47.50621954684981,166.68282574320463,150.0000773289144,166.80475370074385,146.63606428749551
4324,144.13333333333333,107.96641584755268,164.606181848792,9.23650530293592,48.05648495638744,167.0134943768311,149.56011548213635,166.84506626729492,146.29020498588326
4325,144.16666666666666,107.25013234407501,163.5161856687587,12.986976467792555,44.353248228778334,167.32897579057789,153.80050242258253,165.93890868869124,149.76417759719862
4326,144.2,107.5094969412789,161.22922732462098,13.825800051915587,43.967851331736,170.06279136311537,154.30623797583624,164.1676482857161,151.07123292750896
4327,144.23333333333332,106.15166919000951,159.55318748734587,15.72653769264988,42.05108552636061,170.1266405941918,154.38173253013423,162.7026936712525,150.23142464436526
4328,144.26666666666668,100.85388714591772,154.8530779809939,21.454496264760706,42.572805554363086,169.69180762740964,161.17515421379034,159.56480052153748,155.18865046298373
4329,144.3,97.09216848655288,151.21898981800203,29.338917586601053,48.563845468466596,163.780917507274,162.80697564624165,164.04864977111913,156.12884822971736
4330,144.33333333333334,90.5772672563725,151.80393129653316,37.8543358080756,50.912713523135295,160.43011064455544,167.75314918309044,164.80249376854798,159.690496055872
4331,144.36666666666667,83.36906020740479,143.22756303911777,44.19365101578824,58.15182706036252,160.13885138247812,167.68656065707142,164.49711819616454,161.7198494023589
4332,144.4,76.48487657324473,144.01227700308624,48.63936573467535,68.16822386519001,159.938046581089,169.25677850636387,163.59767557660743,164.17971068599775
4333,144.43333333333334,69.85869108400766,146.59533962322087,60.884564793023436,75.0144818143213,159.6081921339801,170.89363394049332,159.89176349861563,163.09210834563305
4334,144.46666666666667,62.775915132574674,143.11174887945268,56.719839941279815,76.72888904285612,159.59481463797786,172.15342283454464,155.41415280889453,162.21175181601822
4335,144.5,58.16430778569924,134.01664755104198,46.41261941854458,75.96717857986876,160.8179612659299,172.61279198002273,155.13599787111727,158.58334091988485
4336,144.53333333333333,59.541023795422156,127.71349344175616,47.25099913170298,77.67691357886035,159.13984482651873,173.42151263772067,155.28934642902865,157.61607704578338
4337,144.56666666666666,51.26652753803147,132.00596481905316,55.22417354275763,87.16490434717552,158.9350361762544,171.8974508698955,155.16210524441988,158.84054523028482
4338,144.6,56.93479792883231,136.27481641137516,70.4848665421802,96.50612528234873,154.67242820493004,160.56985128829913,155.1567245919623,152.1837745051675
4339,144.63333333333333,63.33041655903513,138.86623227571235,79.74253500721699,101.16854565900512,153.42253556595534,159.37263645357612,156.02952462746194,151.00021946391493
4340,144.66666666666666,66.77716465411477,138.576360866905,85.27124894577882,98.48706589630405,154.13829033152373,166.89802752317505,156.87282521316376,155.89662510973832
4341,144.7,74.7850924241435,127.01388011511892,91.02494963652711,100.60181678675465,155.9897642100495,169.40662773457694,158.70960790228784,160.9198420377869
4342,144.73333333333332,73.93081019904375,129.485125163378,92.9407740472726,104.54312871349033,156.66559898164553,170.120198754717,159.3037316786142,160.77893297619343
4343,144.76666666666668,124.75392874024956,137.73595894806513,101.98958656699656,110.33992032897484,156.48912305323807,170.85068173003216,160.66537830168593,164.08154810032903
4344,144.8,141.2232431223634,133.69322194779417,107.57906166284613,115.79301969460289,156.12633054456984,171.31913623553572,159.90642613986856,164.4890851323737
4345,144.83333333333334,141.1570069471625,123.92328680642338,107.59539967942709,117.40095779202075,153.16989154359277,171.64744914743372,161.7434407234747,164.35448649498366
4346,144.86666666666667,150.76548243796418,126.69944643396124,109.19762990730915,119.89749777777111,150.98031276367576,166.5172753027349,164.56916916793094,161.4652274837299
4347,144.9,148.1963727194057,114.64482714039205,111.34966398149417,127.58856830180481,152.17668119522395,167.2766463605786,164.70797822253968,162.15784580591043
4348,144.93333333333334,128.5147634038948,126.81382535320802,107.04498670658674,136.43384411592277,157.16859769875845,165.5765908236875,161.53284888983183,157.86607930106823
4349,144.96666666666667,130.3291976406582,132.0311361480326,109.24902466612139,141.56690640061223,157.61239697273757,163.24209789606692,163.8920292396392,158.3810444275936
4350,145.0,133.2737673001792,134.72720742179905,109.5435973735239,142.28115723681532,154.84161674265476,160.9239115039363,165.044754509751,154.29575435963713
4351,145.03333333333333,132.01259235733795,132.9385695780379,110.81192408822815,142.87882674739947,153.29835836600085,162.3264102862042,165.25942171234126,154.12895498325395
4352,145.06666666666666,127.87349512469773,134.27688289310217,115.98155262720212,144.62647746486917,155.17641339303637,162.91307821006276,163.30843383740913,153.9357038988346
4353,145.1,131.79494571308544,136.39414051436896,121.38538475606715,146.04883988112965,158.13389665474836,163.19870952929423,163.43056113391285,154.3775790868668
4354,145.13333333333333,129.78670608911509,138.6591295820234,118.08969664119209,146.50247647074934,157.1972920203245,162.6829987644899,162.08898445111205,153.8230012259642
4355,145.16666666666666,129.84475208861718,140.65866390634605,122.68679408104944,148.41775818276932,157.28959948915994,159.76360744137637,164.5896758412211,153.16246504572095
4356,145.2,130.4926699996499,141.29205925923475,121.66621046093192,149.0380168600364,157.26220945053996,159.7071173902533,162.38262557844857,151.89050878262992
4357,145.23333333333332,131.02998277962942,144.86483578866702,124.06139167856446,151.03620050679606,158.2463172576327,160.10893446591257,161.13564870526338,153.05285849786208
4358,145.26666666666668,131.71261623530935,146.9036917592014,126.50369458087437,151.9630228071426,156.85400416069194,160.64915372022,162.67423421914876,153.37041879833666
4359,145.3,131.8592129274641,146.3995433294238,135.41818060380757,153.0523540500374,157.23698606055873,161.91964457244734,162.61072188072126,153.35457877003145
4360,145.33333333333334,134.01099972272607,148.38119979711934,136.1558860459624,154.2462577309178,158.51946264547888,159.26648089699682,162.9567976548354,152.2782264497679
4361,145.36666666666667,134.80759813701562,149.82988692812148,136.70858396015035,154.78083561640443,158.41881345316045,159.14851553703807,163.04112372884308,152.62072505683707
4362,145.4,134.613446088002,149.09698710727645,137.64648864147105,156.15908583865556,158.31070933659996,160.46436653168644,163.3285356107409,152.90592918072534
4363,145.43333333333334,137.72812147583,150.1307275507236,142.43490716058892,157.512240194888,162.35130207521823,164.49599246388402,160.92812261048454,155.40368179080605
4364,145.46666666666667,135.8620392184244,151.20026685327056,142.33924775789114,156.69146624612313,161.42523476876315,164.47481385668462,162.00710867493763,156.24207537227187
4365,145.5,138.47836726682567,153.15851244590803,141.18668593887878,156.66735197367893,161.51934266193902,165.69537563869693,162.26780322201498,156.681287927789
4366,145.53333333333333,138.44590637922056,153.92942555103298,141.78831929170565,157.38089603971628,163.4269322537028,166.33741906357875,160.48488860188186,156.87846718255807
4367,145.56666666666666,138.5413749709253,157.8917443808944,150.7765615830374,159.94202461539456,167.6778626048432,166.513707064012,158.18197820676446,155.78404758624822
4368,145.6,151.33970711578843,157.79048840019465,139.96615427117354,156.9513378735741,166.0816854845335,160.44795821550417,159.42851198232086,153.20796652850947
4369,145.63333333333333,145.7906694956232,157.3333050709281,141.04328651435077,156.65758143407146,164.6736081722271,163.70253406548943,160.01327428455335,153.42297375620512
4370,145.66666666666666,148.4476916935411,157.267022081374,141.1598133305238,155.79903401065454,164.61082734935215,166.07621548623305,160.4750114073314,155.24394709730913
4371,145.7,145.92403217409722,157.30373206122223,141.51010849569806,156.09984831872367,165.05768667450417,167.05596105086892,160.5599670401825,156.37138158622614
4372,145.73333333333332,139.79363972390664,159.1442244937625,146.96456388102104,155.8721708314057,165.4220918632034,169.3236602185987,161.09060319600655,158.3691903320412
4373,145.76666666666668,148.0962082161657,163.23488150914142,146.83137623877272,156.08283284927452,165.0137797201603,168.60458516280767,160.49237964449554,157.46018530414938
4374,145.8,142.649135434694,160.30726028044563,143.9980465057423,155.25728887966613,166.36309260894058,169.46299469280586,160.71261625888485,157.13707796450814
4375,145.83333333333334,142.64991082912775,159.02517398770595,140.40551414585684,154.04008074233172,158.48031549825305,162.37683033856493,165.44652065639286,153.01108346428077
4376,145.86666666666667,142.91421966156787,158.17781503575065,139.38744269630232,153.80726349815714,160.64597442254035,170.02404841656784,163.01919707565378,155.30624317372124
4377,145.9,143.70208249555054,157.6002446809712,139.9294458488947,153.49046532810306,160.93637304060343,168.01590414560462,163.39730769693114,155.9518689752295
4378,145.93333333333334,143.36334374544055,157.26230732721658,140.45081719265076,153.47224812259674,158.75376776506135,165.10956999103084,163.80048057715783,153.60137700522836
4379,145.96666666666667,143.9632839818469,157.73560597161048,141.76762269708078,153.3846591990678,157.93955364996538,162.73881794509114,165.16769894420048,153.181530691332
4380,146.0,144.73340703884668,157.52952708832692,141.86023262832688,153.90582785546758,158.6589293335449,163.23637725740997,164.86996581414635,153.0184939581898
4381,146.03333333333333,147.33809563820614,157.7967887710608,140.88370897564278,153.15701691829213,160.4682392390556,167.67608336688014,162.67795855499472,155.37354905312245
4382,146.06666666666666,140.98707049359902,157.02188856548517,142.3312664174304,152.75082719664655,160.68954566077477,167.34457168316538,162.16375170153603,155.66690725763834
4383,146.1,142.80479980678712,156.72769205470286,141.54835609254673,152.6739034157192,163.26253982044705,167.06061500686647,159.379301833882,155.50420144682826
4384,146.13333333333333,140.05293555525844,156.89267421789802,142.75433864412548,152.88688240555848,161.7086597937002,164.57811519975954,160.28777493032456,156.0109543219887
4385,146.16666666666666,141.89733493253814,156.50995074936677,142.48199896986654,152.52936369996522,161.74758359083162,166.2839346963811,159.78740442020055,156.73186687001882
4386,146.2,148.00973918952852,155.90153675822808,138.57229848322174,152.46432770057066,159.37352189412763,165.5776053700902,161.44366454174263,155.99127221486933
4387,146.23333333333332,146.8796672036534,155.9070676037326,138.62461282585377,152.7012058524363,159.95542123861014,165.11796688153228,164.83427216705547,158.5793174673056
4388,146.26666666666668,143.58296904792996,155.71100253967458,140.29738101024594,153.39463646634772,160.203065681645,167.71877016655503,163.85298992098168,159.53943478074856
4389,146.3,143.67155298150985,156.14127550676835,140.863939066923,152.8564420775087,160.1005591818223,166.8107226559867,162.34922356768334,158.8311185775081
4390,146.33333333333334,139.97413097810173,156.2682699188665,144.4356919101104,152.74546712038062,161.39307922849312,167.1382753529111,161.20665519746473,157.9387649006675
4391,146.36666666666667,143.14566595974145,156.46529836330464,142.689816249327,153.0696580422434,161.13838120655583,167.14304446013045,160.97064658411279,157.8288155640118
4392,146.4,146.77469401820275,155.69417467933255,140.07346744386226,152.71877594038267,160.92096468355828,164.917086336165,160.44008053698312,155.22854919384687
4393,146.43333333333334,139.74030573421004,154.6081086049827,142.11602391245893,152.50181985904692,160.7485546217115,164.5929749406838,159.55109741621027,154.4061139968466
4394,146.46666666666667,146.8039896195001,155.44753308751496,136.97228469404135,151.68926092432608,159.93581853326245,165.1542851648188,159.85063767064312,154.64478470433068
4395,146.5,144.00085992685837,154.96998740599076,137.8178504538211,151.27811182138825,159.96601136804762,164.7872302178202,160.46692843468736,154.5674168933209
4396,146.53333333333333,137.57293523804773,154.87739169022643,141.82833346728333,151.46160245198533,159.2688608035463,163.6022775678736,160.594174761359,154.45999167589295
4397,146.56666666666666,147.99769576196977,154.5136914283625,137.3925274896479,151.17372863969712,159.5503554093782,166.73587150195507,160.91310869087013,156.08191509741954
4398,146.6,139.1982375502112,152.06006473269497,138.6613424421925,151.7407417125273,159.48294073062812,166.53142733668162,161.50433461647404,156.75959130208616
4399,146.63333333333333,141.9927351451009,152.78739302168665,142.97749213873806,153.27132065696716,163.00006742018957,168.26544209962879,158.49697592452878,157.27638284005255
4400,146.66666666666666,142.48733040645348,153.69316892420332,142.17085305269256,152.6842978266889,162.8070029905681,164.27878985018967,158.93191196927592,154.95397156674557
4401,146.7,145.65967740918157,153.3788701390543,139.95224392085808,152.38285539903734,161.93890434253578,165.26748455705302,159.32838646975816,155.15249338041312
4402,146.73333333333332,145.06176856767712,154.04576236749068,139.93119314496343,152.00196339032226,161.74085012159705,165.24586983941117,159.65532565222682,155.19494990569143
4403,146.76666666666668,141.46945208970234,155.4356893399326,141.04862238031072,152.35001556541343,163.93148011809862,164.61808818612238,158.59050685132058,154.40420699145753
4404,146.8,150.36935700514894,154.58105679222516,140.50332645049477,152.56465389339104,163.88887992467144,164.07635937398152,157.85221434566233,153.087413144218
4405,146.83333333333334,140.79858461297107,154.58904576509565,142.05784128064712,153.32399622974998,162.91221630696373,159.3740274922038,158.39414800300037,151.32952838592485
4406,146.86666666666667,143.18805222012594,153.78617017080708,141.50770051618306,153.64091115129733,165.9936417042351,167.28770079414343,156.49163910408046,155.29093179806392
4407,146.9,139.42836645631715,155.839882465198,144.43704214163526,154.2795978912722,165.25203650535633,164.04994708052268,157.03163810571363,154.37519933655864
4408,146.93333333333334,144.98314057438603,154.95255765539036,142.61399399978484,153.4932238733579,164.69113068401353,163.31250003621804,157.05630771386163,153.34189388812595
4409,146.96666666666667,142.20470649768308,154.1478836730552,142.54865141520787,153.24923593918916,161.71426507900432,164.673900721014,159.5915041925211,153.12348467073164
4410,147.0,140.993006723748,155.2028080341954,145.68827647550904,153.61201315578612,165.1533086818131,166.01450594879213,158.39179798888713,154.23401113103782
4411,147.03333333333333,142.95204965675967,159.3615900116445,140.5141854856425,153.06992665529938,163.0883157276634,159.25529928857614,159.4748887972481,152.44315502270794
4412,147.06666666666666,141.89531073959677,159.50105476351385,139.79849740363315,153.57434186575546,164.03336089618912,161.4741379722476,159.43893611862472,155.75774570357484
4413,147.1,141.64045477089226,157.01983962513634,139.21772321044642,153.17693269192435,162.53033504127953,162.10737324859357,160.63237991681768,154.10037684446624
4414,147.13333333333333,140.82747119492885,157.06079152614552,138.81450194521435,153.29596908455824,161.82401112868254,161.05810276862718,162.04083170871553,153.99211236926928
4415,147.16666666666666,142.5908168771856,155.03608023477386,136.52933823948567,152.44851879396307,158.774494868728,161.30780059847368,162.66282896097874,154.3983390967357
4416,147.2,143.74312402970884,154.84081953141708,137.11866897476688,152.83011745300183,159.70821300281528,168.47900597753937,161.74179409083533,158.35647857535272
4417,147.23333333333332,141.773544213154,156.3409184209821,144.0753997545788,153.6083785216006,163.47783785531837,166.41472396262188,161.51575126936999,159.2883642913647
4418,147.26666666666668,145.67067140744996,155.9035990069053,143.89353948628664,153.67296488155574,164.0071386258213,167.50636194538336,160.38078148411245,157.49531649691363
4419,147.3,150.77285475909034,155.67990563098596,143.43851407151533,153.63381600337095,164.29258969184806,171.18519246604822,159.1392306972297,158.68274979408986
4420,147.33333333333334,145.11918534451203,157.09433053818205,147.83155978342631,155.18813069664174,169.11818545511122,169.2055729807673,157.1854311419929,158.2586449352794
4421,147.36666666666667,139.5125995279844,157.28528254746735,143.45021209577118,154.627738952639,161.0070491875646,159.89217058426985,162.41269885289475,151.90261513248922
4422,147.4,149.99824581499723,155.71758729883004,142.37056637543094,153.6939175859365,164.67481146231933,163.6215702426061,159.1986171252213,151.74908401365985
4423,147.43333333333334,140.35211487258024,155.84534341318397,144.87625719655574,154.23483072522643,166.28454708953322,163.41212781194628,158.58620020573056,151.73582733861738
4424,147.46666666666667,146.40332006025764,157.60047588910825,142.24219112387902,153.53639536329894,165.97956019214348,161.39948396143808,158.37323474247086,151.51860053097
4425,147.5,149.7119795438549,154.5614646908302,138.24926461639174,152.9868798947411,165.72182943256277,166.27704764317141,158.48511614858384,154.66223848398977
4426,147.53333333333333,147.38317052659622,154.73364737931428,139.53111595103599,153.60114813466143,162.51439030512216,166.10788919571954,161.07737019565946,155.39780570148866
4427,147.56666666666666,147.3725989496996,154.01220504136276,139.83998067526818,153.36693384358375,165.73268453294645,168.76918599138315,158.06651558052363,156.4860126394025
4428,147.6,143.95784176254762,152.98174859595454,138.95722240155783,153.28258797385905,162.88810529576747,168.55750085970263,160.0485919921193,157.06454269798226
4429,147.63333333333333,140.76140049002342,151.54321714790186,139.55501103471894,153.18462657094216,162.94064858556104,168.69499711136817,159.94562633324844,156.7980079011277
4430,147.66666666666666,143.67470618216447,150.67032747701867,135.5303186003438,151.88258718608245,159.8784665427706,168.79035302196078,162.09785465316043,157.42299364545315
4431,147.7,142.34542959932196,150.79341892190214,135.8887546283781,152.8208559696014,160.12340801842205,168.4610949597155,161.33314381575371,157.73141347378302
4432,147.73333333333332,138.80782213817162,151.150511810171,142.8780227018723,154.34788202794232,162.96303609478275,166.83253400658123,161.50554048122197,158.59184590950392
4433,147.76666666666668,146.20997906622324,150.8730239798448,137.4751225770117,154.11172129072833,161.49605107631655,165.1230398470399,162.01779047346417,156.29667081858543
4434,147.8,137.15166652282142,150.71110481630674,137.62771811726972,153.50397974185216,161.53551950870857,166.4365837739866,161.46369167238583,155.8777967193082
4435,147.83333333333334,140.48582560090216,150.0224649291311,137.44485967342015,152.80269730389668,161.33196292755866,165.80157037284462,160.80184596928865,155.76498673344034
4436,147.86666666666667,135.35406091069098,148.76380907939844,139.39697743508881,153.14925022414135,161.29108425824884,167.10819744670215,160.89778040252207,156.93407295679958
4437,147.9,141.6964549191704,148.246735544331,137.9756211741158,152.9636828863818,160.7222247477468,167.75341105292597,161.21111877511566,157.60577002925314
4438,147.93333333333334,139.61485296747585,148.64583604738522,141.21637173657697,152.86784797176864,162.15532942459416,168.18125729785845,160.1814447408352,156.52710827674127
4439,147.96666666666667,150.48737165049627,151.0032215944559,139.08134903545064,150.83375952194282,162.12626031860788,168.3722597313568,161.17296995011955,155.3339745288137
4440,148.0,145.36679391222557,154.55755485372197,148.24339443289784,152.26930068548273,170.9902773207748,168.40484708782216,154.9107938837778,152.94650998609598
4441,148.03333333333333,141.89916256738664,153.52918132153582,140.85782315197656,151.55978769268972,166.90256037897862,163.49886376925974,157.35555062905252,152.83147621053885
4442,148.06666666666666,141.01598163599715,152.4067221051834,139.83314084258097,151.4497042386726,163.20089108207142,164.0627179494563,158.76777665631516,153.6752517682026
4443,148.1,141.53388061070356,152.73857621732384,136.50940669107217,150.8128421650724,160.77432603067913,163.65897709112258,160.83365585712505,154.20951408942483
4444,148.13333333333333,138.623124603232,152.5870339571209,138.85376279987483,150.81027699772937,163.08703368808517,163.84957394007097,160.2553752336325,153.64662859232558
4445,148.16666666666666,140.83655263552143,152.31662418392006,135.95337040678908,151.47158180681615,160.3539087892478,163.35368668290857,163.11626718431788,154.92954959796927
4446,148.2,139.47194246395966,150.47816860118445,138.31976485134985,151.46735889825732,161.17829344560525,164.47913646933543,162.36370083174322,154.52173787416197
4447,148.23333333333332,139.63369006807957,151.80618699814173,140.24651651314812,152.77374982344512,163.6070763077193,164.25802767972868,160.33349946948175,154.2400132189813
4448,148.26666666666668,138.98123221409392,152.35978465560385,139.59209463735277,153.4780806152679,163.93277312538675,162.11652553206665,160.33804431722584,154.91100593875697
4449,148.3,139.9041627753336,153.1783622529612,137.81469141329072,153.2888916877902,162.8716723813423,161.4406411059735,160.54486638048678,154.5909956462919
4450,148.33333333333334,141.60277629037557,150.6974737468785,135.24960662113673,151.11212366679143,160.4384247208247,162.2076395433753,161.39034036299626,153.89157066681076
4451,148.36666666666667,144.49857713025168,150.61972498501825,134.4205207218784,150.79815503034575,160.05508187733528,159.13641487730834,161.36124594142296,151.43010229813896
4452,148.4,139.4905895547279,152.90862988355133,131.5629824020741,152.07629968945216,166.6841622760422,165.115638195314,159.5368291802531,155.60821055374055
4453,148.43333333333334,144.87370117102623,151.9893366260895,132.01249008692912,150.64022660977724,163.3332641910312,163.5464242867001,161.59722294097742,153.84800077604243
4454,148.46666666666667,141.40861106463032,150.53813370223637,128.83189982898125,148.111847261722,164.0321163155356,156.5968223901112,160.76088728470123,148.66672201470723
4455,148.5,141.3629014499734,148.41126392315576,123.56776720579876,147.3573025062175,163.9643285784365,156.7974684985278,161.6075956117922,148.46588913386378
4456,148.53333333333333,117.15233477423332,144.62436157425148,124.89511301799136,145.30502834467003,162.84671971591567,156.207141258079,160.0542512579624,147.5684085436516
4457,148.56666666666666,112.12957752576668,140.85304540051646,126.14000182707869,144.80407310495934,157.9534313281131,157.22465522661187,162.75032097765725,149.39107296848482
4458,148.6,114.48158377935471,139.54074181592756,130.26159403432465,145.21393132207356,158.22096736704682,160.41708777637476,162.0968677235555,152.9715470643953
4459,148.63333333333333,113.17790588298176,138.051998953504,127.1987425764679,143.6800028676201,156.3227455767571,158.7588767462493,164.0001255734483,150.3884383354865
4460,148.66666666666666,115.04171785165381,137.47711745522477,126.24365802257906,142.76188861286317,154.87411708721368,156.6021441559418,165.3029195422113,147.76775587705177
4461,148.7,112.01587339580881,136.9982889325726,125.6580501549952,141.3632639441521,156.6616235124679,154.05177781648175,163.3921062440977,147.18614422516234
4462,148.73333333333332,106.04399052047258,136.22722083047142,123.31768226344927,140.11727298534444,157.2879345661117,154.37096816576383,164.6036926179613,147.8303047604618
4463,148.76666666666668,110.28189148581274,136.66113295796586,117.47978473039377,137.81635255674846,153.9844514369728,156.8086610427743,164.4813198679038,150.74232517008494
4464,148.8,116.32865475445674,136.38158170274522,116.15964275650796,136.89169340436797,154.60950565968122,153.0893860151357,164.95238363410158,147.17708111645337
4465,148.83333333333334,118.11030971880189,132.52949820692317,109.08244525111185,133.45668169609857,151.67686758224275,163.42964237415976,166.356732202656,156.68249924849673
4466,148.86666666666667,116.85285169515217,126.43333832407775,112.7384496338552,128.24929135782983,154.43467203717324,164.6715916920258,166.4989100467765,158.1080680431642
4467,148.9,115.89127725406797,132.8336933736682,111.30394603474308,124.10528755453811,154.01093891946053,168.71967216681895,165.70894375804318,159.86574012553078
4468,148.93333333333334,99.42697126255534,129.3821644340414,109.37586728401718,121.33954059481441,157.2292547478709,161.96357909052747,165.3390945136825,156.23769170064614
4469,148.96666666666667,91.89115505135813,131.7526331367121,107.36194152264677,119.03610188615089,157.04571461685504,162.5554610965797,164.382233404187,154.36844277326654
4470,149.0,88.45186765492751,131.82024186034457,107.54488701610494,117.27552850569975,158.30485178422165,165.79391345466175,162.9816510697562,157.47081414870803
4471,149.03333333333333,92.95070114142348,127.53625654711684,109.5296020440187,111.12660704908245,157.04528969511054,170.50643090219708,163.80118134874456,160.08535340780608
4472,149.06666666666666,95.17587765455083,128.03626742163948,106.1879783205557,110.1531259993892,160.00709243713067,169.16996799011815,160.44915480815672,160.20828469638315
4473,149.1,93.854400084633,125.12312900382648,104.59706906080055,103.95242687820698,157.9132955572763,172.640748424029,163.00224151481302,161.2517121767866
4474,149.13333333333333,83.58055538702028,122.7422799904596,93.62987579360575,102.21185690823057,159.41681234819802,170.17298714141523,160.15187126524256,159.63835290378373
4475,149.16666666666666,74.89173305501663,125.02215659774842,90.26573294154755,102.33831996424664,158.73855771019828,171.6136197934044,160.8876033620427,161.50112656010037
4476,149.2,68.72171013881456,125.26205564856876,78.47489123987704,98.11000406101992,159.040009190935,172.6844700655233,161.92218171925236,161.22549040783542
4477,149.23333333333332,72.18980903644587,125.41045130842184,73.81577139790414,98.6117930931402,160.21247881324334,172.04481161265355,160.15362105541942,159.60936755472082
4478,149.26666666666668,99.9797833109418,124.11304277586657,55.01809280501638,95.05943619819723,159.08176182802046,173.26107105533322,161.94802894532793,158.81421588683355
4479,149.3,66.51864313212837,123.13831742914427,51.79751948572245,95.95510072112302,158.7414416903412,173.5897025410356,160.59495787225848,161.78812151020136
4480,149.33333333333334,57.368396385242406,120.96335577066053,49.76010047984221,93.52071444923929,159.9997899860068,173.5501489059615,157.7867624837947,160.86924719680573
4481,149.36666666666667,81.16663779597816,122.50371740394495,46.889812608489166,93.84985244882894,160.10581733426687,173.735119773262,158.60844370931903,160.8630478594398
4482,149.4,63.53318334469435,122.92096865553023,48.1397208695111,97.72505778179317,159.04677429877285,172.37655610710175,159.24535406136135,161.56547589974082
4483,149.43333333333334,70.8474519991083,121.52374433856579,46.58153771387245,97.09344691727728,160.8121284328502,172.8605129177543,159.33221830134536,161.60145230529133
4484,149.46666666666667,46.91777150843679,123.11923191112888,58.29586742510543,98.96438133045693,161.80755636101196,172.35506009645016,158.83772761639742,162.08314741960027
4485,149.5,54.42125066368976,122.1015691058881,38.00833013796176,97.70257166714828,161.8861917819357,170.25593061831685,158.12228518139452,157.80965802851287
4486,149.53333333333333,75.24789171006492,119.31871676109002,32.60751641386817,96.94713378309244,161.3368712889702,172.14634434144116,159.1614461341684,160.3366413289449
4487,149.56666666666666,69.69186938258763,116.80499105507319,28.487285374805428,95.12348182888685,161.01594057411734,172.9546075490056,159.98600076357155,160.77477231986495
4488,149.6,53.885350423541254,118.83776920592261,30.89922161025153,97.7180711600669,159.65981262064145,167.74940255517643,160.11103972086786,156.4572203263239
4489,149.63333333333333,57.9358974424708,115.9489921797246,30.592590793642728,94.20542121866798,155.67104285642168,171.13205870623625,161.9349181943089,159.2621728699438
4490,149.66666666666666,75.26522522563619,116.47132400438787,27.561023194088637,92.91657107628438,156.3202448468542,171.99297464788793,163.2515020505205,159.35703385993818
4491,149.7,69.27188738340526,115.28147079209049,26.922891863110657,93.2653757513802,156.9350858906221,172.05508936871743,162.23993852132278,159.61545025084104
4492,149.73333333333332,75.16977233144063,116.68198575323441,29.689644513820973,94.36207261221732,158.84082756838927,169.88601777570213,161.4150384131784,157.4448957326203
4493,149.76666666666668,50.64497850634482,115.41041494836124,31.88981092842562,94.18467695669042,157.82168067937295,170.30274894738866,161.37340393837457,158.36468925812952
4494,149.8,41.25835342619976,115.45755578982501,39.39370332931475,94.60021372796419,157.95344621134413,171.4644732184579,160.7220282848015,159.92968402159164
4495,149.83333333333334,72.59200371938933,114.76349955753683,31.428161172424183,92.50899648665546,158.40734935746013,173.43592946588876,161.0533407551707,160.80236372352167
4496,149.86666666666667,95.10672026599413,115.1906246720106,39.23297879711666,91.87206202520187,161.22534108904173,173.64986531692082,158.72335462409706,160.25930579106983
4497,149.9,80.63982454827044,115.74459892685134,33.83982854828002,92.04968467159607,161.57317923236718,172.941502546696,160.0694672139965,159.271230763415
4498,149.93333333333334,74.58987201098459,116.00802108305633,33.62699491145931,92.99390177785197,158.71825989394782,170.4153152320478,162.51566749653,157.78236416782767
4499,149.96666666666667,47.556292513695894,118.02481182114164,36.64245034569876,95.24876598799041,158.95384083624106,171.62687449982107,162.60536719594606,159.27377764193128
4500,150.0,37.296236353946476,117.90370323453291,47.357964083225745,95.75560437179794,158.1611336782403,171.5804492109857,163.1563190865509,160.5002388601803
4501,150.03333333333333,38.90254287872297,117.44414659109376,43.83027019986568,97.91591413413495,157.93306263726637,171.26932045231197,164.7144965219356,160.57276168726412
4502,150.06666666666666,38.417628836593074,117.16493082781153,43.54509357761925,97.83523594195776,158.3352665647989,171.61035901709744,163.93436401152405,161.63208365252527
4503,150.1,43.5854128878053,117.89799693241238,42.447229608915165,96.55275947765836,157.65818786765414,173.1707014719975,163.43484316691826,164.03032002997503
4504,150.13333333333333,72.08746933613072,118.40144945584251,36.731481431976974,96.83717607281191,164.17625340083623,171.92887974692974,156.83660912864244,161.58517277201616
4505,150.16666666666666,66.14319087240123,120.29023649258443,35.63124152133945,96.40439964731871,163.19848360777158,172.43134917056219,159.43065757118308,161.84654874831358
4506,150.2,68.3364625032518,120.14229110381186,35.44785785666853,96.00647430641521,162.36919339914837,172.78406486092706,160.76406820511977,161.78306611756858
4507,150.23333333333332,73.06599050849614,121.43243184922186,37.78619365690132,96.96154593730846,162.5222375957832,172.42673465534406,162.31264246729606,161.35692164484703
4508,150.26666666666668,42.72847517396612,120.9620937878083,53.723708731231916,101.00597841340698,160.4147338567052,169.3037550629791,163.93449929936932,161.4328578039964
4509,150.3,43.240405513690426,121.46881342464948,53.3933006076256,99.6692953941343,161.6983865741942,171.26522399011057,162.64429811040003,161.58884952826497
4510,150.33333333333334,56.13743657172932,121.54641686242027,47.625766593579456,99.1457794369763,162.95926313964145,171.96423784304446,162.45176464613402,161.42979155107986
4511,150.36666666666667,60.54987753454819,118.8846041557909,46.34131679254959,97.45523352126533,161.40081234064849,173.8526339144835,164.83153706223925,162.73922164652902
4512,150.4,47.85070728907438,121.53144154071485,56.530495559088656,98.94555443770837,161.99409550144568,173.72872410689956,164.29897893727073,162.86441878079253
4513,150.43333333333334,51.071762059419946,121.48904909567064,52.81341359820558,100.0423993304315,161.47500626045587,172.98951710035143,163.00645033898323,161.24016823995555
4514,150.46666666666667,58.31321279928434,118.52800901527266,49.06194766702822,96.93056322389775,160.41839729539882,172.5960426800953,162.99482758039434,160.5994757782404
4515,150.5,49.943965656392976,120.26903972909577,69.99869154275048,99.16292125067137,160.62153172945833,173.03859904143016,161.87593489626957,159.77015455444618
4516,150.53333333333333,59.51366833807685,120.52402092959451,79.24787961419815,101.16448618068733,159.42739672717212,171.21960786349615,161.14288523801503,158.57273206408956
4517,150.56666666666666,62.735040170407935,119.24942279674579,85.25827559565074,102.17337165484605,158.26963512639165,172.35404010590037,162.76990377464122,159.07806165425006
4518,150.6,63.34043209627952,124.29611559869846,87.54908080635794,103.80373631530226,157.55807706305782,172.61000378012895,163.84889076271983,159.16578890198417
4519,150.63333333333333,82.2190512738809,122.64397031350146,98.00736514169357,106.87911693918682,156.93049273687362,171.53259857022894,164.81062101082424,159.15520223820135
4520,150.66666666666666,79.49658569047304,125.45359083277461,104.22821605426354,109.28106611275109,156.5793554776932,170.19702282563196,164.15110247506328,158.21623894925645
4521,150.7,90.42331307413424,125.04083182519294,104.62060306746808,114.1240082074777,155.44635812866525,168.31627464978953,163.3305184909668,158.447746796223
4522,150.73333333333332,89.63907783375011,123.89254719121877,108.97909798430692,117.57174022500554,156.6601319309197,165.9264367964654,163.27268725159166,156.97321449127676
4523,150.76666666666668,115.5905068991138,121.8698382777141,106.27998807713999,119.81564318982713,154.2244030023855,164.0845978387995,164.02160373239346,156.43617114304513
4524,150.8,111.91215042674169,124.89997649575571,106.5490221235245,124.87433499268899,154.17625823729963,160.36426505126062,162.7662064049483,154.46771794138658
4525,150.83333333333334,116.87720561441624,116.19516452985874,111.59370073763029,126.59076345103207,156.75822265237426,154.5212750641333,164.02142187146825,149.74186614228637
4526,150.86666666666667,101.32312675562939,117.73239030197007,107.05351876795388,130.73180222190678,160.6165787049103,163.61513861271078,161.66509903929506,153.9406066734046
4527,150.9,108.6337609874977,123.83788714755555,110.47271858424469,133.09915512575517,159.70447249394,158.94593149841137,163.11090075006936,151.42835285470733
4528,150.93333333333334,108.22491499025253,128.05524622068307,121.74107391144983,136.61195068917203,163.2169032185876,163.68685352045168,163.29891909726294,155.5011187322362
4529,150.96666666666667,112.87444291818376,129.90216091889434,121.02982465302128,137.30286411983639,162.4396979663924,167.03784145858106,161.82866189572042,158.45647564399465
4530,151.0,112.9359073148491,132.76802151087404,121.51904013478465,141.16996482903,161.57740921659848,164.85089246231504,161.6030005330391,158.1436664325979
4531,151.03333333333333,121.87064572024076,133.0528487128245,121.2894061593736,143.27774012885158,156.9708540687685,159.4119019593661,164.69523963003644,150.95147031211997
4532,151.06666666666666,125.97803645334568,133.84451352688995,125.50441039155578,143.18301876641567,158.57011087282422,157.49514538726916,163.2420740873224,150.99035033308277
4533,151.1,122.49889391952573,135.96468077809345,131.89525665284276,146.0961937783242,161.7972070373818,162.95691063039249,163.9793241615872,154.02118280502748
4534,151.13333333333333,140.30887931032015,139.10001550052073,134.60936246848973,147.29386881528924,161.52962136962154,166.13492725714303,163.9750819626545,157.60577228810828
4535,151.16666666666666,146.23504381758644,142.58193323653134,136.02171609504757,147.86113694389368,163.38978173734696,166.0314686265768,160.11422842301312,159.28304210570104
4536,151.2,139.898736890602,144.31221551067043,136.3394119108708,149.38471279058376,163.8116135861042,164.44534520085398,161.3716956533425,157.68874078387168
4537,151.23333333333332,137.13547883091985,144.93489685111427,134.68727929635347,151.71428577481342,162.4298615663312,164.71354687243348,161.56977586866913,157.50353008837155
4538,151.26666666666668,135.72909531840142,146.70902450017735,137.17042259575877,153.3650879229009,162.98420924128393,165.09300400913367,161.32176341862407,158.76730023818607
4539,151.3,134.5894569499234,144.44780774285763,137.7300604637982,152.21351815843113,161.6645883618759,164.41632544832248,161.2125416476902,158.69205352433974
4540,151.33333333333334,132.90321863471635,143.43208027081187,140.4717591358666,153.17746911763655,162.82960022365742,166.40615256401364,160.94983059730924,160.93310043972255
4541,151.36666666666667,132.53075922867043,144.042511726049,140.4449190915129,154.37306351961152,160.89365415839455,164.69460579542684,160.35700657983864,158.89354602199407
4542,151.4,131.09323741143038,144.24742855577958,143.3729084158702,156.2902707242803,160.53070512990735,162.15523796749156,161.51981086172125,158.55728817860404
4543,151.43333333333334,130.32840920969147,145.55869665165093,146.89000501414367,157.59639366800454,159.75258796297004,162.75651946130884,162.18659430374126,157.923426142315
4544,151.46666666666667,133.1331452382544,144.2189562403581,147.81091657305785,157.91464071107723,159.9505344530128,168.35806089012314,162.6901972976302,159.96104102199018
4545,151.5,132.19720597818804,145.1934988950457,149.40986074887505,158.44040263017513,160.54729089342666,165.70566530209334,162.3169747409979,156.62763976128812
4546,151.53333333333333,133.26348507707218,144.77883558285012,150.55941204352635,158.41990682558725,161.21839841948824,162.91495949623754,161.5386029476213,155.4255850964876
4547,151.56666666666666,132.20023163590426,145.69081314698852,152.03284441642842,158.7636127099148,162.71081483358236,163.5437311964861,160.3056428541513,154.7797204803317
4548,151.6,133.9592386361628,146.2803075957104,150.66598103781303,158.89736025219213,162.81971298047284,163.54357197254012,159.63207152897385,154.29813971663663
4549,151.63333333333333,136.68203373545487,146.35106594249012,150.98633998277316,158.73050494206234,162.05001314615194,162.48954200968035,159.5675788564581,153.0460274233206
4550,151.66666666666666,138.00820975673957,146.01108919208838,150.17764432617915,158.57963652468467,162.20010910413072,163.99620165875848,159.41561212733015,154.20599753666215
4551,151.7,133.6882324459657,147.03220868224196,152.92327267749258,159.22114204821747,164.81522059995902,168.4469468144187,157.61276138457382,157.7917509196764
4552,151.73333333333332,134.4191958239422,147.82758085854212,150.91031380943704,158.63898875169303,165.50481447285938,166.80981159995892,157.98571293734412,159.4614813938381
4553,151.76666666666668,136.7390145874534,148.40661561258582,151.56810414123478,158.42310765652297,165.15586978624805,166.8078297008651,157.71917157593077,157.18714994706377
4554,151.8,135.50380276569936,147.65246479772213,152.26528431850573,158.96765291811215,165.46613852388174,167.8050828289858,156.59879578989302,157.6442027655066
4555,151.83333333333334,137.53401358130958,147.88618406908216,153.4325584793152,159.25413944301113,165.13727040038353,164.64183924026958,156.15985484018137,155.95822916592564
4556,151.86666666666667,138.7483621458727,147.4329817394275,152.32964719010448,158.90304878744448,165.67520506109832,164.52548929125774,155.3953349288996,155.85832636596564
4557,151.9,136.32868605262135,146.13947586718965,150.20937458757118,158.26160187099674,165.40584471599806,162.0573983099971,154.56143733786152,153.10520358257494
4558,151.93333333333334,134.97784099591675,144.94930295969218,150.5669811064785,158.5919243282382,165.27282367551626,165.86739117984774,154.55832972637143,155.1674256227553
4559,151.96666666666667,135.0306602693261,145.90848696659037,150.64897507307057,158.94560499210723,165.07990543171798,166.16159560113005,154.7760501553009,155.8998653611006
4560,152.0,134.89593070558618,147.19767310716912,148.90035669650396,159.54897952611225,165.5357201087649,167.18579370703543,154.70014697799576,156.5528927130944
4561,152.03333333333333,135.183335562791,147.857010100798,150.23218333057613,159.21827213094346,165.40501957703128,167.41480697323317,154.83142006671113,156.5999262058021
4562,152.06666666666666,135.88538372619914,147.5666508397329,149.65063603108283,158.89136645393793,165.3020621130912,168.85213926367376,155.97087771116475,158.60086762073217
4563,152.1,136.2329241120108,148.27209178853695,150.86309213709583,159.10212612866985,162.67319236548502,161.93737496753218,158.06930961186288,154.67014536369672
4564,152.13333333333333,136.32534662327794,147.33686112576538,152.15865825313696,159.75108159955383,164.58851212186772,165.1234534331616,157.4066288380034,157.71010914014497
4565,152.16666666666666,135.12371949399915,146.431725331332,151.36667421185084,159.14442119715392,163.28463243753728,161.13837196882997,158.78702165478148,154.52975498024213
4566,152.2,132.76558005726343,147.8821751384743,149.51847512618474,159.40369359283093,162.86993276921044,162.21668068690735,158.21112976083057,154.0110095236286
4567,152.23333333333332,131.34900174253787,145.51049984781307,148.42523722045917,158.35151645522149,161.31684267891325,161.2555480008603,158.8545821662302,153.33732435874785
4568,152.26666666666668,134.81017860737998,145.23718901214033,147.67034574911378,158.12999896016936,161.42192588496394,165.13476176845117,158.84211289750766,154.22648018449541
4569,152.3,134.29403324440923,143.9413241409694,147.58228211608525,156.90285200180864,160.90029265202028,165.22544638569116,158.7774882722864,154.30176683971004
4570,152.33333333333334,135.1521957779938,145.74292758252486,144.70354993790045,155.39674693498654,159.4030707568676,165.2353085470681,159.8421632399264,154.44627340586695
4571,152.36666666666667,135.5945636951551,145.4901521746694,141.63997470056142,154.66874470028813,158.1883937445557,161.59034310680667,161.15539557150876,154.05822240287998
4572,152.4,136.76899449314303,144.04411387842555,139.83076354987176,155.70923803009217,156.28670616715678,159.24536370152575,163.39163433345678,153.32988645034405
4573,152.43333333333334,134.53458331921732,143.71568507005404,139.04041003903114,155.3779367857648,155.65130486292844,157.98676815304572,164.0330801850443,152.82370583062894
4574,152.46666666666667,133.27457646724062,143.328465446273,140.6713304128424,155.10238354530827,156.26639660368514,156.73609642371855,163.43302134101612,152.07903732201655
4575,152.5,133.46328760007438,142.97761898350615,137.43206828748924,154.15635507346275,156.20684087778395,158.53654705884492,162.3943172628861,153.2022921807866
4576,152.53333333333333,133.7720004977282,144.02295916886067,134.5168111797556,152.4369045477133,156.8589600681405,160.42172880766435,162.1312101556552,153.16742520569653
4577,152.56666666666666,131.05173613568846,144.7567358629589,135.35784167922145,150.75900785353122,156.86328772490154,160.68590097149047,163.24694269151522,154.53199521614587
4578,152.6,135.44071816915275,144.35141279722404,131.0279443431042,149.50247077913897,156.90839076221746,162.35749839821338,162.32552060297263,155.25108877519617
4579,152.63333333333333,132.4508988490244,143.15881944696213,128.3544755462645,146.01300487043073,157.83018592750943,164.34234952125428,162.54336325440363,156.26286033052617
4580,152.66666666666666,132.20294343234062,143.19251965722626,126.39651103750894,143.49560188851544,159.4312957988043,164.5248080940625,160.87970198706824,154.74380861487973
4581,152.7,135.5355349445582,139.87022767291853,124.83735704045468,142.32554242500592,159.45811890913657,163.08603035207878,161.12869388337586,153.34854367976828
4582,152.73333333333332,134.34349768849327,135.7459893300776,124.50210813576392,141.4309750335154,161.35140962725717,161.36925605557312,159.74668096475486,152.3544351759587
4583,152.76666666666668,136.57683298400698,136.58962706356974,121.66376713179972,140.9037487822561,160.6525396801074,156.85763684934696,159.06478137353758,149.62155752154553
4584,152.8,132.79909439023433,135.07051806319473,115.46942550320014,140.24910056239128,157.44666407361046,157.8202353140531,162.04207085106125,150.688923004495
4585,152.83333333333334,132.7569627900793,130.02942324708704,112.4075235123065,137.48641290332537,154.3839624492348,160.73030613946787,162.75951411873893,152.25606241712148
4586,152.86666666666667,135.9468810433578,126.25912555873472,110.49749690990113,135.91999773913997,155.0287342472187,162.93057502126106,162.52228876532138,155.52901136554254
4587,152.9,134.1832127877333,121.99773921774079,107.52895673043021,134.01028299165955,153.88647876971777,163.66556598923523,162.56417505221927,156.53470097515816
4588,152.93333333333334,145.0935338946943,118.1994951077608,108.06188323124293,132.2843423758484,153.96448716105513,165.0830962422428,163.60382572324508,157.50397675477404
4589,152.96666666666667,144.81094758075045,121.9929544377791,108.75515668564428,131.37290638042785,154.35671623458805,167.3846404210316,163.1658908119523,157.78856517788236
4590,153.0,136.13509541689194,119.7759758518087,108.767863882578,129.90518991376686,154.92976121939108,166.58154569168892,163.4138857262829,156.83247465460877
4591,153.03333333333333,148.73453899639188,119.33452512604741,108.35654690585918,129.2416254832253,152.29621352163116,165.11989999940914,163.63038737243087,158.53783077889804
4592,153.06666666666666,138.95586805303245,119.34820899914254,104.33985461585068,128.0646568501892,152.2545807829096,167.069798203467,164.68841984489882,159.8440060277509
4593,153.1,133.0098209719298,118.96068390762049,102.21750598370889,125.04845720162051,152.17162685186034,163.74727231326185,163.80328675808883,158.09035188037507
4594,153.13333333333333,118.80347948698201,113.76351388983666,103.5883229041982,120.84444001738566,153.78150449774878,166.45787871001687,164.30946785662542,160.3969248986035
4595,153.16666666666666,139.58207523451105,112.78131485690062,103.08781521805349,120.02110703251356,156.30851297835656,167.60025598759898,161.4974246825456,162.7422126693122
4596,153.2,137.58040757579653,111.08725203319852,102.08470813087813,119.37160010056165,154.91748263687825,167.35188495122011,162.00215003790433,162.47103448037197
4597,153.23333333333332,97.80557720510399,112.05068876585715,102.50658720617712,116.50329111753054,155.9081446501663,170.62106913025664,162.2175359863219,163.66933055036586
4598,153.26666666666668,134.35141754582565,113.38905870905339,101.27667447075837,113.84881638433137,154.63057172240065,171.1386673066029,163.10063980713556,163.99036757475417
4599,153.3,113.55374062448254,115.66547234057775,99.80783954951563,111.73424888285109,156.49022897592573,171.26472255883382,161.6637475166252,163.57114113221255
4600,153.33333333333334,106.0499838657865,112.26345165489832,98.89343176900394,109.75929745908661,157.89896274857028,169.95778396948558,161.05711367613281,164.12816406156887
4601,153.36666666666667,87.67663898318264,113.0723109618398,96.37620097247705,108.67224445380539,157.57435181066006,169.20850591088765,160.2344843287261,162.95816498861114
4602,153.4,97.15027949047685,115.18853533830406,94.08206736308985,108.79159464930278,158.67199766034722,169.13092732392207,159.04688407121202,161.51739034155864
4603,153.43333333333334,83.51343969716625,115.96230242474553,90.68308524170567,107.10816544021976,159.30507202551826,169.59681570228022,157.78269200533651,161.08462448923623
4604,153.46666666666667,90.32506716775782,118.54757697142769,87.77149948847138,108.69472766450677,159.59773739826002,168.0668831610491,157.43038549326104,161.1129739307479
4605,153.5,62.02176618796289,120.55260032416894,82.94257870440153,108.14121415066566,165.72119466456869,167.6422024315398,152.51899765258366,160.20239388978553
4606,153.53333333333333,48.01916593571247,117.64734936369395,70.78901940216905,106.59043308296695,164.42174365722968,166.7908285236534,152.77925860444216,156.5692521529364
4607,153.56666666666666,47.3711073033926,121.19105360369204,68.78856570550475,106.5877845778683,163.5582433029019,166.87218246115097,155.06549738550177,156.31627311501688
4608,153.6,50.56363149309711,127.54052339738271,71.07868041156834,107.96742886638182,163.72615486203983,167.09549687313768,156.39828045729632,158.20845601335404
4609,153.63333333333333,50.00236050708938,126.08642685480265,71.30789711206876,108.00490776733702,162.06070907368056,167.34934651978733,157.54580036965785,158.6619079442244
4610,153.66666666666666,45.79714574364216,124.73872430251858,61.96046452147976,107.5482985203411,162.59368037169685,166.50605842507633,157.32337655055287,157.52570499047775
4611,153.7,45.88575578357494,128.2284872966895,63.7913059623962,106.41425632709941,162.1520048471534,168.83020866197538,157.75808694141924,159.7502882538618
4612,153.73333333333332,51.19216227656513,128.56506978550928,71.75198426811926,105.70272565631778,161.33310629946737,169.102122394432,157.62115064682635,160.49423784105127
4613,153.76666666666668,47.83575573075595,125.70490855579627,69.94023287422253,105.24114932556107,161.395550015948,169.18753513270238,157.6791171056265,160.70249113498866
4614,153.8,40.960389519836816,125.5618807136109,67.71862775762865,103.35562323324936,161.4740758296817,169.40375875585858,157.98648822730553,160.23062711613116
4615,153.83333333333334,40.768054912664915,125.31699957107325,65.46454918890558,102.42520476954942,160.96651455930976,170.43614728441455,157.95843962129993,160.39644632062365
4616,153.86666666666667,40.86583860848358,124.84822292541764,63.68399089181931,103.75152956006565,159.34737465731843,170.00256023207206,158.5397050902288,160.56634497251494
4617,153.9,43.174053545323886,123.76997808327222,63.53429131693453,105.8862473387473,161.11346626280076,167.75963002286863,158.03969355814095,158.98648652285405
4618,153.93333333333334,40.38119503016152,123.9475978355641,63.45953090719338,105.56509750170056,160.63844259874062,167.82392347319205,158.45534970454594,159.19837970216668
4619,153.96666666666667,39.70376429450096,124.34998671976511,60.073136290926456,104.41712429407762,161.03972253428566,170.49193760848934,158.4463475114398,161.43976533818386
4620,154.0,46.28114545488893,123.37557507461001,62.71794651151435,104.2085337356763,161.33537622455484,170.19818971333459,161.36133728865295,162.17405605751696
4621,154.03333333333333,43.655411274471014,123.66209075566958,62.64697634378842,101.65962810351392,161.6946647130597,172.27352444718628,159.59862784726485,162.37196168896025
4622,154.06666666666666,42.35813614999544,120.86387276559718,62.11351745138933,101.98489892735755,161.4642976881488,172.19575085016595,160.14574217316783,162.56346193486854
4623,154.1,50.056972422869805,120.89351951219078,67.07763737915361,102.06754678508531,161.58002570212156,171.7588044873697,160.83449335774395,163.3499152556072
4624,154.13333333333333,45.3675361025173,120.47761662345562,66.12145312778429,102.1494128680286,160.4241979332892,171.62725255912113,160.58451513116938,163.28498480842114
4625,154.16666666666666,71.63062645316735,118.68469798591073,76.95204588450557,103.898003998625,159.95350172451717,170.68396788848125,160.54379956975023,163.20344525059284
4626,154.2,88.22900874977819,118.32392104242356,83.17943424822924,106.21214705311975,160.5339493294943,168.58909694772544,159.11904466409243,162.12313280515139
4627,154.23333333333332,78.88529017726727,122.43250734495113,82.92643066523146,106.59237973600204,159.72525190741877,168.8035646848297,160.671153632217,162.01071335250336
4628,154.26666666666668,96.34773349748374,120.30976120711507,89.83307053768318,106.69345784121822,159.7162819664084,169.54054465970938,160.76587029003986,162.67430154161002
4629,154.3,93.91320772808146,121.35300815899613,89.21386540570263,108.97031150911698,158.0927753379941,169.0752513483716,161.0201533921428,162.13457015840748
4630,154.33333333333334,82.47315042806257,118.44682801549122,88.87607519834032,109.2855901049172,156.9615336031633,170.5626411427497,161.51394847097896,162.59380642751188
4631,154.36666666666667,61.793967534179515,117.09220079182195,89.17169866046885,108.69217128241252,155.74462635958162,172.8469220055595,161.72598085731425,161.71690184192497
4632,154.4,67.08322479898582,115.07303000674544,95.44358219103141,110.14736316874584,154.6288119002619,173.47913268736588,162.28556197780185,162.11859196515647
4633,154.43333333333334,100.80950758142765,115.36318807163737,101.3384391387999,109.59612219283862,153.62324683531506,175.1540910143006,162.68713375593342,163.15104612719136
4634,154.46666666666667,122.27947510948648,113.50910410123653,105.70366668883416,113.16180561424795,153.36956959349925,174.28265719806072,163.56758634732253,163.55624950057097
4635,154.5,135.74252746728916,106.4991941947362,110.55132378817491,117.3377532497613,153.41501813261647,173.39395666857686,164.05602479770218,164.70101234438903
4636,154.53333333333333,143.87910385388233,109.26790233252035,116.26275093791067,118.46459509320705,149.02141559294893,171.40148449321327,164.59958663269836,163.31976145477284
4637,154.56666666666666,140.1978223530977,109.7684864567473,115.73045932962246,124.87156760225686,147.97709063453416,166.95136558304344,164.79937162833775,160.36986224746525
4638,154.6,142.37425830675795,104.885761697672,114.38625132749296,130.27185853782942,146.36102321869362,165.46102452989103,164.56703050926774,159.68331066253916
4639,154.63333333333333,130.2192477016577,113.22963901168917,113.17016200911887,133.43566842844263,154.36779969805713,164.74392276429523,162.9540102887708,160.34164618284834
4640,154.66666666666666,137.99833748491213,113.43440443747039,111.43265978798532,136.65750070400176,152.74981399734122,164.17040989506467,163.91812238554832,155.97912877209671
4641,154.7,145.58970874947167,115.45031784365007,115.39806127267654,137.46350754186093,153.87919744170074,164.76769794320057,163.52368095236773,153.99900259174308
4642,154.73333333333332,128.30192248499225,113.65828820171915,117.57434136580501,138.54547448539975,154.73962944916246,169.4349898754735,161.74889143090365,158.1057787014561
4643,154.76666666666668,128.41948056728523,119.50506685682431,123.84938096618852,140.38493638528854,156.42466428232962,166.97045350560032,162.64929287364936,157.00517098475657
4644,154.8,128.62846409601704,125.40273153273885,126.68576493669455,142.65533196602433,155.4530209313697,165.31698464147263,160.40908979092575,155.82555287460886
4645,154.83333333333334,129.89648776141402,127.09351283557693,135.35174603159305,144.3736132507708,156.6139246794403,166.2386984903114,161.00691995878185,155.314297629414
4646,154.86666666666667,134.49431881574176,130.07974517191957,136.05474306073484,146.68402276359905,156.825981593757,163.46898812927432,160.6524897314629,153.72365845944393
4647,154.9,129.4175854545512,132.0141659997543,136.0796128123201,147.61995788763716,156.8753907374161,162.68271793450816,160.86858352809884,152.60916912771665
4648,154.93333333333334,129.3601325909694,133.58805895233746,135.12988580723086,148.33670925929064,156.23168706628468,158.7073411851391,160.23918857867727,151.38850783657728
4649,154.96666666666667,127.36224471531686,135.66086204699792,134.6510342480823,149.22241763718753,155.90511152217437,159.4262431602447,160.50713159354353,153.17466455077943
4650,155.0,128.67040378375765,136.048038846884,133.3251704755303,150.8248212352994,156.63028971078523,156.77517402558001,161.6480498433188,153.54058612801748
4651,155.03333333333333,124.57032227971013,133.23877115403118,134.3366476174563,149.93696996608634,154.8184572034804,157.9072029053274,163.05403340731016,153.3012512221221
4652,155.06666666666666,127.17000265436982,133.52614005274881,134.1770357772271,150.0460414718151,154.13066830411682,158.9437920927378,164.44441998809066,154.9861975087937
4653,155.1,125.95510423655908,133.5934286784434,136.0360069542838,150.7914430483177,154.4869297533505,154.86457375475334,164.123350084231,150.83190731526358
4654,155.13333333333333,125.53641100997207,137.17466821300522,136.7393318957618,150.5423424590647,155.6251277655065,152.24110790385956,162.99535160341281,148.9958921532352
4655,155.16666666666666,125.3625329710397,137.6622654527906,136.99418818061667,150.56239790158466,154.8807400263511,154.75858475420046,160.2765120726263,147.11828623896486
4656,155.2,127.71029404750742,136.4159856736292,133.78466480121764,150.26705326371172,154.57846294831256,154.57632513207636,160.68739926336792,148.9207148917278
4657,155.23333333333332,128.4027118590887,135.82968614947393,133.9833832377008,149.90002461706538,154.16265456280618,154.43801941864677,162.32495233848428,149.1054432538702
4658,155.26666666666668,128.06614922768117,137.88406506952074,132.72659289440875,151.2368397720185,152.37807434657313,153.73320142979878,163.84195544748766,148.70577375133018
4659,155.3,128.49812451373262,138.9842771937549,132.07285072227086,151.02011653374672,156.32370422185988,160.49549065877162,162.5476320629188,154.94196560784548
4660,155.33333333333334,126.03616298943811,140.9299978104366,134.04148569329166,150.45151090177913,156.94824595006773,153.95994155343814,162.06522996377396,151.2150239187622
4661,155.36666666666667,127.32950815272885,139.45777442437299,133.8312739170093,150.2374223929243,156.77998366546203,157.69354595219545,160.31794468611196,152.04841249802527
4662,155.4,127.08019976942201,139.65421822009336,132.3709477264014,149.79086915181662,156.29910635628391,159.45602274628988,160.63050959072544,152.01351501549502
4663,155.43333333333334,132.07659365047277,140.7890472875503,131.8313417579024,149.449166260138,160.4988339656985,160.92264360845257,159.16404325353133,153.27959879152095
4664,155.46666666666667,127.00376805735331,146.04421697239746,124.56385179235325,149.4969890433274,155.02367149292462,157.94051172947042,163.62084539089454,152.29824294888257
4665,155.5,125.3242042149182,141.42029263695207,124.51356177505059,147.45324955291431,155.45659293035243,159.84428141273904,163.20843392636937,152.1048066381133
4666,155.53333333333333,122.66656631827644,136.352965102507,126.73411605193502,147.09304461014537,156.14225480202523,159.66297502951787,162.93735397881878,151.68318906878443
4667,155.56666666666666,123.60162496142514,137.53979183683884,127.82240977882242,147.6232209048153,157.20405361243957,159.3393043754604,162.68704901610013,151.41789560149854
4668,155.6,125.27814823234229,139.4463870996077,120.26083160595297,146.799895859513,156.39804441322755,159.1812316425375,162.34304492086062,151.4188268234007
4669,155.63333333333333,121.61128109312027,138.6985460231413,115.62770818833303,141.83621076537568,154.78089111758123,154.1652579203812,162.78693920247974,147.2930315262457
4670,155.66666666666666,122.47455750313485,129.1854817240433,112.34317048443718,141.51879603367746,152.04456136593885,156.96684819913193,163.75260570954714,150.1619851887327
4671,155.7,125.11289596250649,128.25587356765374,112.69545035711923,141.34199315873525,151.89417701613243,154.22440383394766,163.42563717376518,147.28164090095558
4672,155.73333333333332,127.05754424834427,124.92516054731014,111.89240664751196,140.7955733636543,151.1584001827727,155.58946946126397,164.39263412724816,149.41018829828153
4673,155.76666666666668,120.44432332376581,121.73291201909575,111.22560913702213,141.22629439628398,148.78068085182878,156.3650979293459,165.47097766349233,150.0510706134383
4674,155.8,120.3966717379653,109.87798355693874,112.65575961607034,138.66178971090736,149.6156620803739,170.13225862380386,167.3868008140527,163.17064581247226
4675,155.83333333333334,112.11700385462676,111.90045229389675,114.84118977005572,136.95161684948016,150.30628236212627,165.24445265144905,166.3012454192325,163.58308418874307
4676,155.86666666666667,116.00346523677227,118.4299829064717,116.46003615095356,132.38329680119935,154.36854465423067,165.84188424004432,165.0948762836845,163.39467477329214
4677,155.9,92.7432525582539,119.8748410319151,113.31009561005055,130.30239021177564,153.82722298895723,170.6412671768984,162.56906756951022,165.63809241466342
4678,155.93333333333334,103.65764445052127,132.83143585418665,111.61073541481528,124.18876261205996,153.3440595368576,169.92925771739064,163.9979895449253,166.5942741155828
4679,155.96666666666667,100.69271727943607,120.3444746049802,111.8562570781699,121.18741899079455,151.93722095102027,171.15075427841361,167.13058531786692,168.30398157100296
4680,156.0,78.77979878997662,113.94442157341994,108.57113479269567,121.47667762218542,150.88850383915167,171.63691493117966,167.56997238829112,168.49380293611327
4681,156.03333333333333,80.77001562468523,119.83667018333719,105.81718351783154,121.22747516217282,150.39144291472294,171.76359791798646,168.94501429707273,166.2460738859223
4682,156.06666666666666,83.44160187116384,129.21233314933392,95.37802585172238,110.4790902011295,152.78051354990978,172.9152536449271,165.95649157716642,168.5621853678837
4683,156.1,95.17575679712158,133.85035073873394,81.17232138819222,110.33635107197476,152.7009768765476,169.99709916151448,164.84686427770933,166.35682406017338
4684,156.13333333333333,98.06936674258964,136.4373725104773,74.73000006041926,109.44970839568931,156.93069640495412,168.3420968902875,163.81431951263,164.8692349290867
4685,156.16666666666666,91.80985164471323,134.9604700998095,71.6495350366967,108.11870671602165,155.01184964623997,169.9986358165904,167.07903782666864,165.6584361177026
4686,156.2,95.2189775158873,130.28182511543892,70.81176360578668,106.31451342135831,154.43809044436526,169.27748287537224,166.01429034653842,165.47334657715214
4687,156.23333333333332,91.79022160865804,134.2501497352729,71.91358667356398,105.64382096703532,152.67746372718696,169.4445201120349,167.03120733155757,166.02071926033142
4688,156.26666666666668,104.43423458787926,133.19611260975265,71.40579095194188,103.73967741957686,154.36148955582175,169.45790371324628,165.09848562515916,164.67159147766935
4689,156.3,96.17907168782946,129.10449141604582,67.08983278921481,103.97243571153439,154.79777889482284,169.3099905011527,164.99308278555029,163.9428326355706
4690,156.33333333333334,95.9887517667233,128.04201256436107,63.84393839311116,101.6121193642683,155.08414329095868,169.98816079581985,163.48603641179145,164.2559635722002
4691,156.36666666666667,90.3982591057028,128.21173908893297,59.737355055768276,102.15071867569311,153.94849226288204,168.37450908256127,163.9242487935848,163.76081902570044
4692,156.4,92.94448713097351,125.6114383655494,56.56250050891661,99.4201216591338,157.0817541641407,168.51918933032246,160.47283303970332,162.6445202541582
4693,156.43333333333334,86.09352545138583,128.1021420245123,56.656672943937835,100.45888989225598,156.36932173520867,169.29432452099078,161.30995413694433,162.62276100952724
4694,156.46666666666667,88.92037612889399,126.93224852481173,56.233494239072265,99.42229947637117,155.82437952301677,169.95777228051958,162.00580196802147,162.59473363472623
4695,156.5,90.37399299978765,134.6235908850659,57.09397927571725,102.80524091620117,154.30045064392277,168.31927780877572,161.04200208821192,163.0675534201077
4696,156.53333333333333,95.96216699170077,131.02364476184155,55.9253733139498,102.49003341003441,154.35670998859698,167.24777697615878,160.20183389441965,161.57300055433478
4697,156.56666666666666,89.13690840286418,127.08630624756663,53.27754957477894,104.04486995748705,148.64594418862663,164.7566499466305,164.06724734040318,159.34662350374512
4698,156.6,87.43662907206117,126.59318509998135,53.187614369965544,103.42690383985222,149.80788921431352,166.42332648227915,167.57356990228345,161.0452591104034
4699,156.63333333333333,94.64192801682162,131.4650890948952,51.671414753849824,105.2097086790265,150.11570402952694,165.9855256361035,165.26533279625014,160.99430046912374
4700,156.66666666666666,85.34520652316728,126.77147801521015,51.73001187183027,108.19834469506193,152.0614061373137,163.46527028671375,164.3442952514701,160.23833269345718
4701,156.7,74.78047959998422,123.2969973706724,49.413819239092874,107.62416647150079,148.0034898037587,162.14793140175126,167.08838630659156,157.5901171375617
4702,156.73333333333332,74.67366191672986,123.77180711892876,47.33713958324062,107.2424314056793,148.66632680428867,156.77949840305763,168.15313583124907,154.4751054109668
4703,156.76666666666668,74.58018222186928,120.43073237767676,46.71346254883778,103.24231539647994,149.17629557816488,158.6777809357218,165.40236576857325,153.22387070973204
4704,156.8,64.5534114735936,124.28993850092903,47.116552690919605,105.7803227479581,150.13172195595695,160.15622946483757,167.19861954655644,155.98239332859262
4705,156.83333333333334,65.48887749141458,122.83006049748305,45.501148502785966,104.1863468620444,150.96380022077093,162.10217299523572,166.9533055527717,157.0776261609398
4706,156.86666666666667,66.59712671300791,121.0989825485353,44.80144396052997,104.85838851348926,150.66029684491892,163.9283155933699,166.185808406658,158.815278912281
4707,156.9,57.39500187507488,123.34428961795888,46.645357098260924,106.2533749984532,147.2978838501659,157.01310381648872,167.93084116886504,153.91814365535717
4708,156.93333333333334,54.87714515865486,125.88001260847793,46.69708899120385,106.53379020621267,150.1614783665648,161.77527790401166,165.52546057328283,157.592460378881
4709,156.96666666666667,48.73657307485129,125.70431723829327,48.7818869650169,107.20639834419795,147.6436846060891,158.2197006755448,167.4365508032535,155.35102754816432
4710,157.0,56.692807178074716,123.59200695792921,45.22957138481367,107.3317409117412,146.04415756816178,159.70474694344395,168.37839829572192,155.80751114419485
4711,157.03333333333333,58.42974719892849,124.47077026837468,44.82251393605119,106.4601565568747,145.66979440593212,158.09188468375797,166.5959994428543,154.60673306077084
4712,157.06666666666666,62.16377320776081,126.25833362023992,43.607892533846204,106.17134594341826,147.000829311246,158.49426835405825,166.2789626818942,155.09356407437951
4713,157.1,60.431479443589716,136.46918838577227,44.2918587962553,109.32447244943756,146.85633538298336,160.09281184117677,167.41014214721673,156.03828899040312
4714,157.13333333333333,60.37359690033344,135.38428280218875,44.42308265256447,108.0825392253678,149.77275377283283,162.05833924412065,165.29785313730355,156.86898974079568
4715,157.16666666666666,62.42678285504627,133.11359093585915,43.826254536752565,107.3761609168031,149.42344785246547,159.81260957920813,165.91926419181289,157.33692179642247
4716,157.2,53.96049034943495,137.3504004125589,46.47525400696254,107.25773197899004,147.65143877663027,159.40529494625815,166.37364892772518,156.54747573569944
4717,157.23333333333332,56.2839589990636,134.78835652786057,45.51243111778746,107.01680160678266,148.0583962603616,162.15286762253575,165.88349496071677,158.28903440917813
4718,157.26666666666668,58.549936049244714,134.39715276201318,45.54615131902056,105.51953601168125,145.5144011021211,163.60932923956918,168.1694603424037,159.19932602164224
4719,157.3,58.99666420065085,134.2076431465563,44.38509904892021,103.69247796589563,148.1717368279724,166.59055485453686,165.39996744996395,162.68569712335372
4720,157.33333333333334,61.18658041106732,126.2905977827496,44.55961434862385,102.78348636642218,151.36697408574733,168.05559467886962,165.245224157164,163.85001553505543
4721,157.36666666666667,58.06230596404007,124.39829711121581,44.44236589068042,102.4049872317536,149.5351171766419,167.23180142778784,166.93733752696428,163.1706317243368
4722,157.4,67.68142845005352,127.80102700903004,41.2787425003832,105.19481506606182,150.63959845855814,165.01699949405793,165.55460854857844,161.15231498049232
4723,157.43333333333334,65.5180834090605,125.6031189732145,41.56657380531166,106.42062459431345,149.11649252656403,165.39660339224173,165.40286646798268,159.9311490154175
4724,157.46666666666667,68.73272288281521,125.77527875846623,41.30167925942602,106.52034695801356,150.18387010006276,166.21155496695735,166.88295067142548,161.54283054327274
4725,157.5,71.12582971649074,122.02349408666703,40.86042241586096,104.87202129569718,149.92046429724542,165.85137445618886,166.98712173053428,160.85152022567488
4726,157.53333333333333,70.69923671427549,124.55405455407826,41.79496567310932,106.09962832563687,151.38032320405352,168.81736571269124,166.75742072767073,164.0924128251994
4727,157.56666666666666,70.3511357070865,122.48861092940578,41.95347750413824,105.72147449525266,150.0759176536472,167.40831218816538,166.4548118966062,163.4504644219768
4728,157.6,85.18457674743149,125.61681699340552,43.29914074201421,103.87116249675958,151.5843715401309,167.60426528362404,166.45233184587187,164.6911289084474
4729,157.63333333333333,82.9527034634868,125.40904242346255,47.62835366979652,104.99222481288402,152.09371362789162,166.05064541826604,165.76019861952904,164.03809394429817
4730,157.66666666666666,83.77304424043025,123.73021278836517,51.71944918151535,105.1884789273086,152.14043934149177,165.74564608963027,166.27157926614365,163.4314185756579
4731,157.7,90.04703825843572,130.38809813070492,52.890354503955315,105.96603933006814,153.3450845693569,167.9007161058319,164.68542401978118,162.62747831633845
4732,157.73333333333332,90.01877958974447,139.8482349959477,54.322080639277004,107.00989244104095,155.3084763441312,166.5139723163623,163.55057112725376,162.44986318260933
4733,157.76666666666668,105.50013194387243,138.2060581727813,59.320979617729954,104.71478831906681,155.4673931321497,163.06308648731357,161.68786363703543,158.11038775089688
4734,157.8,107.20807586323458,137.98238297209573,64.59879329189555,105.13502892843903,156.48269346558803,166.7304686814484,162.42711867554104,161.06387773251623
4735,157.83333333333334,105.07438307209057,135.8053322709023,61.802782521899665,104.66201226564519,154.54718201463504,167.4693384676147,160.93933044600618,159.89335251849653
4736,157.86666666666667,94.47941001299657,133.96427089830377,64.88664540451772,102.46884420992782,154.76758103289225,166.42670597660282,162.79082205167754,160.84269581034084
4737,157.9,89.98604582820803,132.24693862271133,68.72381328666786,103.69146280948279,154.21047781964916,169.7150724570159,162.2502645228818,162.69596949594379
4738,157.93333333333334,90.33479800096615,129.9380147547855,70.77568081077727,102.63076455908487,154.14925847435694,168.12471393132998,162.173862761854,161.673488927472
4739,157.96666666666667,102.57205920772769,131.94129763143098,67.99031549636831,100.35800431303048,154.87353196097135,171.00568977049184,162.39520806401876,161.35091314182486
4740,158.0,95.24785290523002,134.3544402714133,73.9015135292884,103.59629848034206,156.672912821609,169.23794689324038,163.0876440001706,162.9916142542802
4741,158.03333333333333,106.71066259951887,133.63153472601996,85.83543083536755,102.30866226324267,156.0319261645569,170.5454152473518,164.15372088403058,163.12816685136397
4742,158.06666666666666,90.42332090224258,127.59781643097446,93.43842433200246,104.5698259877956,153.9984542056636,171.27781501779947,164.37136273699875,162.86761177117637
4743,158.1,93.32936792451541,127.73744761708035,109.13994327189924,108.84890888420502,153.8474204610566,170.5841383799024,164.86841298934428,165.90182553238785
4744,158.13333333333333,93.95833944430716,125.01642821448331,112.9327633386862,110.2426874468643,154.95979170180294,171.11579919764824,163.2672879514241,166.20429808960884
4745,158.16666666666666,90.91083929912425,129.23644493745846,116.39837389562597,112.55952796337851,152.71516195862412,172.1471433447171,163.64704170891363,166.9619757555863
4746,158.2,122.52702974752347,122.84520681704576,118.80716605103913,116.58005620703685,152.12735622056618,172.20909049485874,164.81665076062174,167.48669152956498
4747,158.23333333333332,116.1524032647227,120.7215489054052,113.82162590538123,130.89883964954117,155.2952655497728,166.68569761193214,161.20371090118888,162.93120474212938
4748,158.26666666666668,117.66802384820453,118.23250486354678,111.30528077708526,137.61495567775899,152.57335671073204,158.6776474942105,162.51278238569708,155.86835349792992
4749,158.3,125.57867675802949,113.34181947252588,110.30393587336373,139.62383922239323,150.6912403919167,160.42062445268968,163.20838022251218,155.34594675555715
4750,158.33333333333334,126.94250674869139,116.39764094241153,110.55036856097918,139.26508154347766,152.76598117044418,161.8832560796719,162.96556736903395,155.1120220103748
4751,158.36666666666667,128.73131265057944,113.58643207777878,114.58398804199348,142.88260361830552,153.9656108612133,161.41135127673724,161.93267439833616,154.94146943099483
4752,158.4,119.83395297356815,124.06499838742025,116.50870351598203,143.92049081770347,154.40674151953849,157.88961310811968,160.87740234378145,151.13360756959395
4753,158.43333333333334,119.17039732818473,126.66524373574332,119.42180877858551,144.7531078310887,154.17623028564248,157.5271860023247,159.50970084581357,151.61930191343984
4754,158.46666666666667,121.93401452948764,126.57651371822578,123.22377103225266,146.14955304137987,153.70027395890438,158.22281714598714,159.99118986630157,151.72504504534373
4755,158.5,120.21783669321457,123.01264385821844,128.46155145021467,146.0301060165353,154.83672823933404,150.55126243341604,159.96143723289,147.35293859295186
4756,158.53333333333333,123.53875868684302,129.79692579469048,127.85950509637573,149.6142534778376,153.27031319115548,155.84613513800508,161.84365083524236,148.06758198626727
4757,158.56666666666666,123.20395318500874,130.44116060102505,129.0031188671564,149.84435545540637,153.51684898234572,153.58199324202678,160.6083080982304,146.72512183726025
4758,158.6,121.4022919796482,131.4423042780926,132.47699897270994,151.21880659753506,154.00830297212937,153.57275066652983,161.31667772974714,147.33695840064738
4759,158.63333333333333,122.92318408748415,133.10446722727198,137.8203730432878,152.25992112420175,154.91284462912955,152.92672790518682,161.82177433612557,149.08165313622027
4760,158.66666666666666,127.38519570487551,125.1349347370985,141.93554256943506,153.1430064937462,155.86835649313701,157.34624594296704,161.07889358108585,149.69373071351086
4761,158.7,129.2501803817627,129.91013355693954,148.8840538098705,155.26517878316815,158.87196343682749,156.86069056052327,159.03847021695162,148.98976483603568
4762,158.73333333333332,127.80780875241913,138.02304066593135,143.21512981487552,158.60202307057534,154.8796732920054,152.97278226085703,161.25981022419796,148.14414054227808
4763,158.76666666666668,126.9220280770068,134.70837707428186,141.14724512433878,157.24642402211444,156.77722978275682,148.9293581833782,159.51096938242304,145.45931056772727
4764,158.8,128.3705996340383,131.0393118127193,142.32155891855444,158.88288990117633,156.2424170383409,150.70975688186164,160.72636115687268,147.17079505600563
4765,158.83333333333334,127.59266224180276,134.14478331347973,148.24967158441942,163.652829915898,157.13190764043213,154.04387761821465,160.50082839064888,150.35827657024353
4766,158.86666666666667,129.60346626223483,135.90405770263231,149.681782835879,163.5895229144507,161.79673059787342,158.19633066722895,157.58796347453693,152.7281543775515
4767,158.9,129.69495430534286,134.57510402828984,156.3836039587566,165.0162132719864,162.74758943560158,159.78263540302157,157.0955916771578,155.52083040802586
4768,158.93333333333334,130.01761016434537,134.90251548474964,155.4437120850697,164.4118514821851,161.6084478262909,160.50468890847603,157.5145546308026,154.35192099202462
4769,158.96666666666667,130.95448032541722,131.7611374290692,153.4226681499203,163.18453447505294,161.40730060816378,161.3850469727997,157.41828193308257,154.83233486480742
4770,159.0,133.66953849754907,134.4625410240345,160.70413238062594,164.4961623469145,164.18797107385612,163.708697389204,155.90925482457993,157.3543086095454
4771,159.03333333333333,130.5160160830013,135.61930693400186,159.28777476231298,163.7982477896553,162.99282411390357,160.9082497604213,157.55043047653834,157.39081319957617
4772,159.06666666666666,130.21690208173447,135.60212440479134,159.23921345587559,163.10361194805526,162.7740746825412,158.60609570888894,157.8391110142648,156.36173415991445
4773,159.1,127.53280215819842,129.9765266171598,158.45477538424865,160.0583551620197,160.68045233833823,154.4550145271054,157.5728521055517,152.37079862898347
4774,159.13333333333333,128.00416136423598,130.9697401941904,159.45988328303963,159.98860179577383,160.43158536768064,154.49035398180467,157.50886273959665,153.1377396727764
4775,159.16666666666666,128.75865445775668,132.27436409745198,158.06839236068728,159.68008869954764,158.99281124910692,154.56355981029597,157.71564585017745,152.05672727312194
4776,159.2,128.46366350582144,132.14083695354873,157.69592729195878,159.54912264878766,158.83931215465824,155.3574991915909,157.774103073077,152.59702100585386
4777,159.23333333333332,129.20372651260345,132.24731300115474,157.39284384019828,159.90139493858803,159.7734974843591,155.82414083810752,157.55577285043492,153.0889615420082
4778,159.26666666666668,129.42415052553233,132.099124140675,157.18166829120418,159.89360309805906,159.74011488235772,155.92749341021178,157.3804882930237,152.4735018116843
4779,159.3,129.50498772680274,133.13758793225162,157.07643322428083,160.46368756970236,159.4298109916344,156.36864119722887,157.90376241488087,152.7092205602579
4780,159.33333333333334,130.57166015728512,133.0231023849851,153.44078916749558,160.24244813788616,157.8689842343946,156.52577363476632,159.0373100488943,152.22609008788652
4781,159.36666666666667,128.93128372167388,131.1065085125269,152.66571422919085,161.10756095671448,155.35882535168338,157.6570043879852,160.28407972367083,151.52227123956703
4782,159.4,129.06819462936195,128.1970946894971,152.48720090673393,160.482389894907,155.65691737646787,158.63420144919357,162.23167839526945,152.78622889814253
4783,159.43333333333334,129.85740686478707,128.84586628613306,150.7357682477322,160.43187743779455,155.35938985226554,156.66121878016386,163.03811761492142,152.05173648986246
4784,159.46666666666667,129.7279590411353,129.262390042373,149.0822639497695,160.2978979792124,156.1148080638334,162.12876603877987,161.06550392143305,154.41737232476515
4785,159.5,128.66475100008094,131.61689641303272,148.71368203567698,160.0762274819679,155.19525302112768,160.60911006615424,161.86168404159866,152.77216151752367
4786,159.53333333333333,128.26528162231503,130.89821499739634,149.85142101732873,159.87618599407148,154.9515027997446,160.50302532249933,162.19208282720055,150.6687125920124
4787,159.56666666666666,131.15047588244883,134.13729496043928,144.5691119244442,159.11872651541822,153.42653285523755,159.06791757934408,162.87995818332024,150.61370052728824
4788,159.6,129.497494692289,132.50057817096527,145.509814856055,157.71208579216048,154.13546234777792,160.10832190857556,161.16818726231494,152.6611255530297
4789,159.63333333333333,131.00365032146337,135.08533079504952,144.65698669413732,156.29243726986385,155.23181473148534,159.77845162372586,161.1329194693995,151.4376784450942
4790,159.66666666666666,125.9086982670497,132.48408475764066,140.81763834194842,156.13445056618102,155.35753507778907,158.1856498222521,161.51896314980772,153.01534588885687
4791,159.7,135.32366305599876,131.82600919252513,139.77518003105925,155.32055674017988,152.6875380926402,161.3699575116344,162.11289708824407,152.24942992636386
4792,159.73333333333332,119.80110505672374,139.11316002403018,133.11492045605007,150.05669069509224,151.27892286323194,154.3235743153301,161.87202168701006,149.56190639260174
4793,159.76666666666668,128.50510074675984,135.66520892097367,130.1605452747471,148.7168615901544,151.69414494752357,155.04116766997694,162.55939917685268,149.26817336223002
4794,159.8,129.9234262003632,130.72690626420584,116.25349418087336,147.4472447883676,151.24815774044538,156.14393188702903,165.1794324807374,149.77796540086973
4795,159.83333333333334,118.1675110836127,128.2817097735467,117.04767816196517,146.0493414118951,152.58767049308582,156.22120888944846,165.46486645179985,151.74899377866853
4796,159.86666666666667,116.05188353754224,114.75315674538395,116.54353100887998,144.51956572469638,152.07857392567936,168.01602167190194,166.21744617749152,166.7245983894265
4797,159.9,120.5227791450228,116.91390376608013,118.96569680299434,144.33607799097084,150.51035864121982,163.14790725116356,165.0206481515403,161.11886818759857
4798,159.93333333333334,120.34413399493641,124.87265866001609,116.86438503879955,147.0194835172996,151.36274673607858,163.18549070153918,163.94908657769633,161.86084736483318
4799,159.96666666666667,128.55649225454013,118.01687184731405,116.02762592808955,146.7216207053722,151.57743624049513,168.68741346753768,165.65112903660489,169.68629195706345
4800,160.0,129.23831167126914,113.96454836095413,112.37741102269592,144.26570829639263,149.55795081603992,166.55345135524053,167.4199681401759,166.627379163886
4801,160.03333333333333,139.7098989252228,119.47955399423601,110.72075179608026,145.744370905782,149.5158813969537,168.15654992761608,167.54025612784073,167.96435922430769
4802,160.06666666666666,130.9142743918774,118.73551073523404,113.23347212102378,145.43180490274543,147.92722990245207,172.48906279179673,171.37974345311892,172.29787283253194
4803,160.1,126.53151635183099,122.2497227111393,110.86890932326561,145.7773018849699,146.68643228331345,173.24547191394203,172.39003586194548,172.76172320327527
4804,160.13333333333333,116.32402365282401,124.51845357688406,112.39394667504301,144.96313636307806,147.94870665388524,173.30717943749073,171.38522702030127,172.89187745906773
4805,160.16666666666666,88.70547754718484,122.49172243779256,106.98898096264884,146.1946394570635,148.3543944304746,173.07056217565938,166.63510528789334,171.71607208140887
4806,160.2,115.28418204536794,105.98971178078699,106.56520839725081,132.2835298984583,147.6107493405988,170.63824956938345,170.58746697362835,171.49900445696537
4807,160.23333333333332,91.48840946161214,116.12144489055446,102.13520177416704,124.36951571766427,149.71816999307015,169.67355349325993,169.04315808349014,169.53496613660917
4808,160.26666666666668,78.6500983840542,132.0113412173723,98.20090983617818,125.9020407220618,149.42388916688074,171.32663847075278,170.65884570401263,167.8820759774275
4809,160.3,103.85174549794529,116.47301903155763,100.73390315418028,119.95287294650929,148.98143423693287,170.8756892403207,171.33596689270885,169.81044197419098
4810,160.33333333333334,82.14824976003257,112.00611380717726,94.90180015058438,114.90853406424247,150.35239930414144,168.95019532812458,170.73082440318788,166.29001195141893
4811,160.36666666666667,83.87630299883361,124.27513687542461,91.50480534576805,115.95971502653634,152.64847985421142,164.77098911304108,169.32383884274358,165.77191042812484
4812,160.4,80.44167936293167,128.8637273318241,83.73011797625655,113.58290510970413,152.83222444268094,156.46048759387173,168.06782089642024,157.71514345837244
4813,160.43333333333334,76.6115673301124,131.05741968071735,86.18316268054741,110.94363432842248,152.8581619496237,158.99314835982304,167.6461629351508,159.48166652293523
4814,160.46666666666667,79.3756672566967,127.89288163958115,80.56755305847722,112.03438918936389,153.1773533443789,160.20026557302967,166.84790367223087,160.48752174133475
4815,160.5,71.59987155092745,140.45093086444413,76.3698219252951,111.3452753874917,153.50012797610555,160.05826145177704,168.48222663877985,161.26464096495076
4816,160.53333333333333,85.760203929902,133.63081517386163,65.50843856053865,109.43554273675778,152.95722606252176,161.2629282701639,168.4557119862159,161.08098542441525
4817,160.56666666666666,99.65457233180639,130.3284321607059,64.90659029911188,108.41364915140534,153.94369824770558,167.63871761171197,168.7906013821274,164.7197400504343
4818,160.6,109.11940538785305,134.3624380897127,64.48998323503513,107.80309488971253,154.53552925263048,167.6816207779287,168.25721139265343,164.38444060607287
4819,160.63333333333333,102.7380043291729,131.48010257308246,62.49511638156623,107.1686163394521,154.48704628825962,167.08647321605622,168.2553442105451,163.95153857705395
4820,160.66666666666666,106.54172183724933,131.84422314222945,60.729020473018984,105.89855770446037,154.55801559037138,169.1834523333026,167.72903432863026,164.23392713900455
4821,160.7,100.1537695252318,131.84582242738847,58.03986121947401,104.86257831699515,154.69425563373065,170.2168166144657,167.26471679067302,164.61229280483977
4822,160.73333333333332,99.86765299021782,127.00973284512612,55.47503657495955,98.48712221417823,154.3097744657787,171.3585116328353,166.86517633340983,164.48787934865814
4823,160.76666666666668,102.07314781054795,130.14410708609816,53.50711778503208,98.8610827026223,152.94604137848395,171.44556820652303,166.41277674449384,165.33247581506188
4824,160.8,104.07730163517024,128.57115367824673,53.32287466970769,98.69674622770106,153.13308705617055,170.98666909279126,163.21038291503677,163.36610399548087
4825,160.83333333333334,99.76871605049053,133.8865501041082,51.39850450473282,99.42066017870476,154.66282548528997,172.28812143370308,162.51479995798195,163.1387346039929
4826,160.86666666666667,76.2981411515273,130.36702898639066,48.688155270939895,99.71648360268348,154.88416756709657,167.68694227096512,161.79251793551865,160.5798303839858
4827,160.9,78.98749082322153,122.67604972768865,47.748620347330835,97.10619059812174,155.3883805328013,169.04708435790678,161.31193336695696,160.55935984910968
4828,160.93333333333334,79.0251511154247,120.46500148858077,47.09180498974504,96.63226387466922,154.175115289326,169.88932263437738,161.40168847199382,162.04065942347816
4829,160.96666666666667,82.85221296516524,115.03612405619563,47.096905250902644,96.37979336122022,154.29339169897193,169.65492837226432,161.6432484800873,162.14226073764266
4830,161.0,83.38595709118583,117.84433493574383,45.88497949181353,94.98197942088426,154.1828250293272,170.92007434608527,163.6785320532653,163.88264062568211
4831,161.03333333333333,101.24657730649137,113.45005775139735,47.1705140164839,89.04076471860105,153.7357127109559,172.2011028185183,162.14095442020388,163.27370632843707
4832,161.06666666666666,96.43187326159418,116.37116384903112,46.56378618539771,91.34374487661165,154.3295287982154,169.92686272769848,161.1740277456147,162.08695561112737
4833,161.1,95.41714808885172,119.38316667509238,46.59047927157243,92.2709000808948,154.7574311188383,169.77436445023764,160.05048541455466,161.6736565305387
4834,161.13333333333333,92.79196560352175,116.45597586474567,46.22310205925836,95.11605750108103,154.84272580522457,165.62938647043597,160.45906008145027,158.25192694920395
4835,161.16666666666666,104.30667736137605,113.04692348664405,48.81115034028443,93.28883691845841,153.12551271539837,163.2893189508571,161.01496831615728,154.9394303515989
4836,161.2,101.252359410935,117.32590109221388,47.57494853728262,89.95053967873558,152.23272840793544,167.67085518508395,161.83722524999024,156.56725317658677
4837,161.23333333333332,100.68105338959214,119.99310096010868,46.97506522121772,92.10070532054796,151.8065065245423,168.890206194383,163.32335604946653,158.60130884353936
4838,161.26666666666668,99.17207850470815,121.51280473501859,46.66580521658592,93.57046908767974,151.90932167230187,169.08256889512185,164.1725516403807,159.4337996752908
4839,161.3,98.65459434146153,117.5575983298521,46.4805374046322,95.56172125117968,151.75628046895844,169.16784159514344,162.9345949203257,158.87216283313958
4840,161.33333333333334,88.51746924315009,108.90470310920703,44.74416414005038,99.0255861339182,149.2381117602476,165.46683711994842,164.73853883266926,158.01531795071108
4841,161.36666666666667,79.24161539856962,109.68402457815164,42.76227960919619,98.8845018057211,149.49969839234666,164.04055770456603,164.0486575974241,157.93064436324963
4842,161.4,71.73875232480728,117.45312683939434,42.70270718046063,101.01827304614812,149.72610198959268,165.62014620992443,164.97188363584524,160.78796938774204
4843,161.43333333333334,77.74863061142345,120.50126808355364,43.41679266129094,105.33702421150251,149.7717380400549,163.4343247138497,168.0747508057145,159.60337614620244
4844,161.46666666666667,79.15387029678489,130.25320271458216,43.870488862825205,105.521278753234,150.8490342450142,170.47853143208002,167.5352448227626,164.603598000929
4845,161.5,78.89343422526078,126.72239057906422,47.27921061515186,107.66818019575402,149.3185486878426,168.19028613809883,166.95876053375096,162.85675981346446
4846,161.53333333333333,81.01860203296643,114.47235540108895,49.20177852909892,106.01311324815826,149.9291183657473,165.37545712667384,166.01668211712678,163.18740878846657
4847,161.56666666666666,69.54813866770876,124.34709553525668,55.16943297163554,113.90377764767125,151.14466323483205,169.95887066838537,167.73880517616388,167.02077802524212
4848,161.6,68.80787707591216,124.37966520527851,57.519412680005544,110.65331682392076,152.46268315491324,170.96209333623253,167.96047935178652,166.66000283729144
4849,161.63333333333333,74.3934678787122,130.47762811057115,60.4970275572716,110.75025611352413,154.86835926076722,171.90804128417327,169.64142550090915,167.74174463993262
4850,161.66666666666666,80.9190045073385,132.25802592804297,67.22335776780137,111.21633316965733,154.5188811045624,169.97823112413334,168.48581716812987,166.4127736786224
4851,161.7,77.45539085238526,135.46168330578263,76.12454679821569,111.77590255807924,156.14635112194884,169.77688316773512,168.60946949294384,167.34639013693388
4852,161.73333333333332,79.23061867558404,133.20868452214714,79.42673797267676,114.82051878096138,155.8234652032031,170.5358843957457,168.65259122853473,170.23885349328958
4853,161.76666666666668,105.09580387410621,131.65767031647457,92.68257631106155,119.31653426324695,155.3331277520854,166.20692869912196,169.1284536091149,170.12537206963216
4854,161.8,118.90899716791195,131.4746989046126,103.91948394313802,133.81126624919165,149.48379734294116,170.24591730488453,170.840320178849,171.46261670727088
4855,161.83333333333334,122.55379973495683,129.06921653284851,105.42211079422563,132.0701250082268,149.72329107848253,171.1571512617852,170.62035293850602,172.8864897759179
4856,161.86666666666667,128.59898860968937,96.17610541602926,110.53417702054183,144.00864408243936,147.95863917279206,171.31026374358615,169.96946238242333,172.9704144723178
4857,161.9,96.36689499544539,103.17248813315986,110.97843196867895,141.52683017373042,146.74980905099497,171.49697842223227,169.3642347896218,170.7851428697614
4858,161.93333333333334,113.64849568455075,108.42083243505543,113.28153379336078,134.16078196486976,148.289146601052,170.9145737406533,168.9272230425252,171.69441457998474
4859,161.96666666666667,102.03135961281168,108.32551681698278,114.41216570116235,138.64780529558968,149.4221024582003,170.78287990441893,168.59618962605464,171.7649449535145
4860,162.0,96.47486967228791,127.27948236376103,116.49158728245808,138.05601794138502,152.80364887187503,165.21896090620208,166.72081576630248,172.57508774806027
4861,162.03333333333333,117.8965782384702,110.4483476593269,115.9376601526954,141.1915367876176,151.39748772844737,161.14186758110378,166.5388300749395,168.0369715592052
4862,162.06666666666666,112.68037711492943,103.4226959258225,116.83266771188853,140.30779038638013,149.84773294717655,163.1569233235441,165.88406706955774,163.25578341878364
4863,162.1,128.60913006282212,105.16876719240753,118.54859748837504,138.0906176918647,155.1432436730343,162.95116341533216,164.72074760595763,166.92644855454196
4864,162.13333333333333,113.09343409383276,109.30383405265779,116.91285832092969,138.13420748461584,156.56823717493293,165.3430888315879,159.55208647358194,163.96993132209838
4865,162.16666666666666,117.18903611145193,117.92010232716338,116.46931541689449,143.054236780982,152.22963577555782,163.5405270365767,160.71869244105827,161.61680712995272
4866,162.2,119.28727592975315,129.5463525144992,113.92825706336178,145.72755335942045,156.56593197956258,161.27661490017053,162.58456021995787,157.81081665701325
4867,162.23333333333332,118.62752202783324,126.16500086630052,119.72737441443826,146.1167373488388,155.62045595995974,155.06913580111907,163.09186985121073,152.26659658341157
4868,162.26666666666668,121.86220207787541,127.69824897151884,117.62959494831142,148.00801336117317,159.58007177202524,154.8871489278111,161.8841726513476,150.99140451076724
4869,162.3,122.58953379650394,128.17085236502513,124.14293214366747,148.7902667881254,158.89260450273346,155.05799122583863,161.32338281330752,152.24976157765192
4870,162.33333333333334,120.60507837496661,126.91108346150413,127.00075872049946,148.47824655651598,158.6934846979649,156.8712710609202,161.35156140063125,154.62755697744845
4871,162.36666666666667,122.09114385747176,127.16316229249064,126.94725144275192,148.5308978934526,159.32023362802775,157.4992923664716,161.04805284866836,155.39747620070412
4872,162.4,120.29880138894043,127.1636273405525,126.98628265131953,149.25941459019543,154.21527371016344,163.24878687757902,162.40073364932564,155.88820879458143
4873,162.43333333333334,120.22113049222554,127.08351865855438,127.61293142392456,149.8820423668452,155.5005748747608,156.84253456756394,161.06730303922333,148.42223048017686
4874,162.46666666666667,125.60823162519644,127.08202710722732,130.37266041363472,150.09692794797928,155.63940034849432,157.06958709405328,161.71167902169057,149.80036310734735
4875,162.5,126.56757816757633,124.62823059318407,139.99383593033087,153.2690769088565,156.77275217688364,157.3026054324172,159.756307053812,150.2906751236072
4876,162.53333333333333,125.03536238467039,127.19640615738615,148.76499695478267,154.8730158535815,160.29683181170483,155.50995381632498,157.01054318866522,150.119544748887
4877,162.56666666666666,124.9204439412827,128.98788630916692,148.55089051152046,156.2356823407066,159.76793077621954,155.14090103231246,156.4761516905409,150.0663774600655
4878,162.6,127.95709197524793,129.08250676890643,150.2391118457731,157.49226212464208,159.5053653685603,154.8334216945629,156.7981829966192,150.3361194566613
4879,162.63333333333333,128.44711450204755,127.50075572805774,149.53553783757397,159.77975512186157,156.7438669158831,154.903161166848,160.01034942594777,149.59088212146747
4880,162.66666666666666,130.0276412725515,127.05703610132898,154.7315629729469,163.12175747876154,159.42528473501687,160.51672708879425,158.25687774079208,156.13983111048464
4881,162.7,126.81618495091308,131.0206800625144,155.9442366515705,163.8340490893079,159.07698531508981,159.1081504248234,159.21295980323498,156.50610102906984
4882,162.73333333333332,129.14066930417908,131.3908103439488,156.42857499019502,163.0824570553445,158.91898309615348,159.30751360813156,159.62341094598744,156.48972250062815
4883,162.76666666666668,133.03704455535456,132.99328693553167,161.7587217963933,164.8225551608328,162.1540643599953,161.73457052893102,156.97281228981868,156.07043576545763
4884,162.8,134.31210088543872,133.2490201962249,160.05853010223933,164.6393306229248,165.78429828155632,161.6908663277762,154.67541452112616,154.62085162941403
4885,162.83333333333334,130.31131795746302,132.75152736758707,156.42684091693124,163.95827315808276,164.92999488253574,160.04965134103813,155.87590540990462,152.6207346652433
4886,162.86666666666667,130.94438366768793,133.76263860759605,158.2855844416713,163.77583788957676,163.88437343998044,158.5041553913797,155.40067474434252,152.21849789083774
4887,162.9,129.695231343634,133.97260759272808,158.3778762026878,164.14151063174063,163.29770193278657,158.9976665995751,156.45444999352003,153.60118106187213
4888,162.93333333333334,132.56942091008102,135.2567999090824,161.48792080286745,163.9865853943871,164.36702441780312,160.246066355605,156.24187903351455,153.70253000209132
4889,162.96666666666667,133.27147843811994,135.6617894095768,161.56831022545435,163.6421599909466,164.05035178840365,162.26579881852388,156.42188109307878,155.4002384739935
4890,163.0,133.21860767719224,138.7699366987958,160.73841851997315,165.5614059132219,162.44073009148113,161.74140181409024,157.45300019431002,154.28159784739128
4891,163.03333333333333,133.09210768079862,136.8362708441696,160.81557184744258,164.49674570004532,163.30098820064038,162.51968006628854,157.30804671487047,154.70466306714331
4892,163.06666666666666,134.54339136963733,136.78117710412334,161.93458756881375,164.45257274458567,164.11075571777783,161.87858349284096,157.2866822178242,153.88248796173568
4893,163.1,135.8508222066147,139.07584968755668,162.05288898573755,166.01067837552034,162.6667818510946,160.5228477037909,159.51025573200778,155.43478970803267
4894,163.13333333333333,137.79778075325575,135.7518043425093,163.92327917742946,167.29692168378577,168.2864320854146,164.1021610613614,155.12799417143202,155.54521274858493
4895,163.16666666666666,132.02599535915863,137.53661100100084,159.87349219811838,167.10917832848108,165.90027502801775,162.76540135436957,157.44473001554937,156.7065188351039
4896,163.2,132.0200974727556,136.8372817225305,160.40270573844032,166.4045088056213,164.4064338666731,156.11534524226082,158.02687637734113,152.49100046283345
4897,163.23333333333332,131.28551173250668,136.95353980252662,161.1774371002715,166.21914153348877,163.91091711914854,155.44212271589055,157.75661425213812,150.6012258474115
4898,163.26666666666668,132.44308801158635,136.26553896711752,162.300172670823,165.73457800588412,163.3129396600591,156.53287667621632,156.86891062695082,151.74318609458618
4899,163.3,132.24788377277775,136.32723411461467,162.14785566108128,165.6767012467673,163.16805245802658,159.66576517860204,157.22906548611186,153.27574595066153
4900,163.33333333333334,134.8166091725375,136.63158909165102,163.67587116459615,165.43736294467965,166.25602911581032,161.76769499033503,155.6458005935527,156.63887831586385
4901,163.36666666666667,132.44119927214487,130.46374383317638,162.71832038184334,163.0586633097237,164.36502909399675,162.03167086946976,156.13954824220053,157.50588347673715
4902,163.4,128.65806761721177,128.9962570733428,158.7820064441929,163.35599538694152,160.6267738084459,160.02193740795644,159.4391099137335,156.6264136380938
4903,163.43333333333334,131.2626537742464,131.46657606629486,160.3633183887626,162.8305584381591,161.97805880938554,162.66794408382725,157.62396937407146,154.89871113482943
4904,163.46666666666667,133.00253164187805,135.42772462990223,159.10313073817431,163.17341765287244,164.355336387779,160.90616555453556,155.0311863909514,154.5259122823441
4905,163.5,134.52715387082023,133.40583645816463,152.53992572062418,162.2293851763543,163.36817431842732,159.6600784873918,154.4210997704024,152.99548917936897
4906,163.53333333333333,137.3597092010516,127.76647069456693,155.35086415045825,161.28328089767987,161.74654177193818,161.93852353246493,155.4114344012346,154.32350303808602
4907,163.56666666666666,134.1005732660532,127.2096064788211,157.62643955405125,160.3589738546896,160.6927853388048,160.5788288974635,156.09943234704573,153.58238727852995
4908,163.6,129.10793963113534,127.35017787295565,151.6588210347806,156.85945196384998,157.25231839487716,156.93280957206414,160.53028116992112,153.02140706940426
4909,163.63333333333333,128.84556379129123,128.7732225665192,154.23639653788024,152.26510361624574,156.71515396549844,154.21597346735146,158.80061366796417,148.88754634274508
4910,163.66666666666666,128.59149706315378,129.69651450591016,145.49946578275652,148.9783635541243,155.00976074429124,156.55010275284008,159.40677290271432,149.46164239692018
4911,163.7,125.6179653702405,125.34565094915936,142.80029472476463,147.92948610818146,155.09729850668086,157.34034238487516,158.85900026373488,150.98935079696707
4912,163.73333333333332,121.8586230458279,126.890153081753,140.58863242461413,148.52612529054073,155.57007657425814,153.95623789753242,158.1143089102441,148.882593774994
4913,163.76666666666668,120.12852773190811,128.70635661801953,139.97711100611886,145.96545085533296,156.02777805775946,157.56969777922046,157.0918431502232,147.1189996023422
4914,163.8,119.707132378313,130.42047329860833,124.01883488181312,144.68964157966786,155.03696714197977,157.24080056993944,158.04340879139508,150.20611522934385
4915,163.83333333333334,119.26977711604248,121.15497153344465,121.72175680462851,146.1213925274372,153.5222894882547,158.7924602973835,159.65211012117035,152.82256882589
4916,163.86666666666667,115.14305979061882,123.79082757842302,121.69219586795492,147.06574853377876,153.66005877734582,155.0775253348456,161.45375498131813,152.6563788667958
4917,163.9,115.57909212299133,121.23701480555759,119.1212048860221,148.06687142388674,153.49236437163964,155.83502244686255,162.62614123755054,152.2168325446083
4918,163.93333333333334,115.00326541072035,122.89582155372992,117.89039034384504,146.8465211833789,150.84840422947715,157.63150930041493,164.38922023417496,154.2460107866059
4919,163.96666666666667,113.62716108671631,120.11923101335593,115.99234360562717,147.34345170413235,149.50828344061105,157.79967585640543,164.93463141600057,153.7698667185433
4920,164.0,117.36034943300457,120.17431120000755,115.79182781705022,146.08269412130701,148.2350079177734,158.15631663352664,166.58654852795328,155.24640681996257
4921,164.03333333333333,120.53330969077028,118.63114440856612,115.93141202124707,145.86949197468277,148.23830410355205,159.2946190807362,165.6636720937326,156.71214189103563
4922,164.06666666666666,124.50895519166659,120.25293878387797,114.34362812176512,145.43188918771392,148.25942804397923,159.67999961347573,166.1022480504965,156.3259658213331
4923,164.1,125.51572774130389,116.65068244870089,114.23228733254878,144.8415054873623,147.95777313993634,162.2567154359196,165.96561448911055,159.4420176514951
4924,164.13333333333333,120.8747934903159,115.63894986630908,115.92230947832819,140.13682413708506,147.13400519044194,167.46196660509145,168.05342538955836,161.99115249221694
4925,164.16666666666666,111.26581443702443,115.84104533695222,117.17231194158282,138.44886094518668,148.5548236954164,171.66690299415532,165.31305954653928,167.7255230702011
4926,164.2,115.0479322973709,114.98025187274887,115.52469905392711,136.0457774495503,147.81168550500325,171.34210808162416,165.2075119096378,167.22806179854246
4927,164.23333333333332,80.60365628875547,112.72297004389657,121.00982468956465,129.0357837048865,147.79737463121467,173.90804017960724,167.4430720096094,171.5475765288552
4928,164.26666666666668,85.39300736490148,115.39190934687375,115.87666080715594,126.84658288982088,150.42757318867316,169.63033041586144,162.2227587774611,163.90658767352426
4929,164.3,98.41100396089765,119.95554634972052,120.5165483779391,120.06560107248062,147.29956357971182,173.8637286050094,168.18235527057968,169.61760371466286
4930,164.33333333333334,108.64099489060486,146.15728502933698,98.91299773185852,113.44938434629029,153.5625681818945,171.72659448792842,162.09518112522778,163.81889355713614
4931,164.36666666666667,100.97460314681248,135.09996313221407,98.43287254916517,107.18551200815857,154.58426320268444,172.71725293491718,163.46696605423423,165.09805126181698
4932,164.4,100.74813566478474,142.5518313981081,92.24761440651632,109.31944212010728,155.08762503409434,169.76283077849337,164.1422051008409,163.56856369997104
4933,164.43333333333334,88.07537909030363,132.37811623662935,85.43535938715844,105.44755384474459,151.67231654926528,171.32929623428748,166.99489770819156,164.75131882183396
4934,164.46666666666667,75.32556939505044,144.3825717226631,85.2649409183518,106.91595190263725,151.4445624100816,168.69130393622768,163.35948681194475,162.6848958262131
4935,164.5,75.88513075609086,145.30702244640008,96.55587422048742,106.38055620417964,151.7481884752688,168.22589911008396,164.5097263062299,162.74906689915616
4936,164.53333333333333,71.89625434707497,144.04655282084187,95.6369456590613,104.9558320485818,157.35420208160764,165.74112296399142,162.26599701123433,160.11917980158185
4937,164.56666666666666,67.63897495303613,140.1779733989033,92.39896304736651,106.28812341620389,157.67282379414263,166.5315251124026,161.1521032761016,161.205234726429
4938,164.6,67.18852667180896,137.88949900798445,85.2294487080173,102.27151232933821,157.2300877895393,166.50255848601714,157.77057257930602,160.76471433879408
4939,164.63333333333333,64.56674486809709,141.76354759716958,82.78660023805385,103.312480058087,155.37223132284558,166.98762592997582,161.0176637031627,160.90353580211857
4940,164.66666666666666,65.65462923566405,141.15804185896985,93.63377811597915,104.19562986488192,153.8344086985918,166.90959744525549,160.76059723944752,162.9138686188202
4941,164.7,97.89515534423464,144.64427474208216,97.67899379332013,107.26983716876966,152.30551085913456,166.64516800682674,165.5731408361417,165.7027423047704
4942,164.73333333333332,87.07253382132608,143.26663994575054,95.92969687180455,106.20912607038053,152.7204446199513,164.16049007811574,165.83112280482433,163.21161097953222
4943,164.76666666666668,95.94064784104883,144.20464821729163,97.39714271827806,106.70964668442026,153.24646278848087,164.52490367434285,165.0752555558107,163.05559607992916
4944,164.8,92.79831306902057,136.66248340220181,98.33743142992485,105.68426129383853,150.16882540199492,168.4540161525113,167.6194901753429,165.23262648150546
4945,164.83333333333334,54.09873965285757,133.68015218879324,91.60290651506807,100.68366567324561,150.7884053484067,169.8462713633088,169.09781401056253,163.01855442186044
4946,164.86666666666667,54.297862485831416,129.64602403509244,88.06811323642626,102.59018399274639,148.3706456223708,169.00128050340174,168.1221758725879,162.14813313982205
4947,164.9,47.7594817829596,144.30200472670668,76.49452503313647,103.46808303086485,151.25228082495505,167.48738946254727,164.65359739899387,157.15681015926728
4948,164.93333333333334,61.148696893708944,136.80887836439175,84.64613292071256,106.25478310877125,150.31477076870723,166.75845267864017,165.03956079801358,157.86752245600962
4949,164.96666666666667,48.76799040994897,136.7736014082562,77.82511265854498,107.52879737604934,150.87877179681226,165.24690547628254,165.67648149029785,158.35802113083557
4950,165.0,80.29952696203372,140.58571018524447,83.4651994046868,110.32454109923535,148.4513095872726,163.96964154954225,166.85897115371114,160.05751657456338
4951,165.03333333333333,52.71235667494561,145.58546556660016,78.04028570956764,108.24558467425902,149.48186085986828,161.26563202353694,164.7069889398755,155.6867576106674
4952,165.06666666666666,38.833573212633624,142.09075931190563,66.90481970998343,106.5927497758146,149.00648759829195,162.39504396165958,165.34806005812635,154.74430139563304
4953,165.1,53.622249389954234,139.38055108261537,71.19057371137302,107.37932219883618,148.26508696067805,161.72934946232843,166.19540163641406,156.39757411978735
4954,165.13333333333333,52.87756612444635,148.28662055040476,72.93616690937402,107.84028684982509,149.4163379683526,159.40881548336597,165.3187115160866,154.74590661032096
4955,165.16666666666666,40.215001269619705,140.36924091701903,63.58395059489251,103.85531694435036,152.47771708193065,162.85048603111366,164.08588456591858,154.42102166502823
4956,165.2,51.63825648502109,138.37901066150468,73.23466455994668,101.90294945088898,152.91804632678034,166.12734657688978,162.69205182201472,156.69426422477568
4957,165.23333333333332,51.27240745490992,142.6027364210344,75.42481175019518,102.61922548319228,151.75232784779814,168.90223102602636,163.81077906745787,159.54991086399633
4958,165.26666666666668,35.50655967162712,143.35793253113138,57.39181018830077,101.54153830421315,155.37001314042612,166.76641849517216,158.20277876742557,155.85421496410692
4959,165.3,62.76146938037971,138.1332361394092,61.43322565949977,106.69548208991249,151.46450817945077,164.75553820580757,163.2051674949226,159.3376233530931
4960,165.33333333333334,86.10894998756474,139.20913670532593,72.81981632387289,109.3715460859359,149.73549101639665,162.3898022956728,168.22846446424037,158.47332209615323
4961,165.36666666666667,90.64961086986352,142.10549242885733,74.7238752691628,107.62027643745766,148.1475642311691,160.1784637930873,169.6868222193471,158.55892913983394
4962,165.4,80.20580946563688,143.2405326731426,74.87921210359703,108.79595682512043,149.56601669640645,160.01713614129537,168.0164754453007,158.8173270086684
4963,165.43333333333334,78.96780840816731,139.803412899597,73.03946534494061,108.20343163310847,148.934404676406,160.49497386292975,169.1457404278469,158.88534529721224
4964,165.46666666666667,52.47449511196084,135.61301231259003,70.63710701391915,102.75208016132018,154.8943852727998,164.7688596241267,164.33801219860024,159.06452891602214
4965,165.5,60.377464629542644,137.8098480734545,74.2218358152637,103.75036636104282,153.58548361395395,165.15764139896444,163.50796030734165,160.98753975307562
4966,165.53333333333333,40.76745363825884,137.55739927014855,68.35753435890989,102.85875420027986,153.04432442335286,167.96969894722972,163.00925269914242,163.04931375648906
4967,165.56666666666666,52.428952832855494,141.51930454842463,72.81767878296529,103.35008023267471,152.6909510422941,168.09538666461023,162.82484646667848,163.47260959948846
4968,165.6,39.57366274893903,141.40667828564125,65.09131898914139,103.40736923074978,153.3771365641545,166.03876727288312,161.48729083000487,161.30768895581323
4969,165.63333333333333,42.602964819460745,141.4040054021136,66.78690160961605,103.1418597819314,154.68988615132275,164.9812189903815,160.23428335727655,160.6924571872682
4970,165.66666666666666,42.94593615601643,143.1379081482218,66.88386818250513,103.75764806752954,153.95361344600477,164.53001056238352,159.6338406646063,160.3027834676974
4971,165.7,44.36352062306244,138.0023316317035,54.27380068770535,100.92393530385307,153.34337623407822,166.8616372505294,158.5941049566546,157.9268994050884
4972,165.73333333333332,41.78436552913958,138.4631186735383,62.10405014626632,101.39186934500091,154.74031529905955,166.3175167801982,161.04494043693944,157.97123038398792
4973,165.76666666666668,55.82563168006829,141.55942656977092,76.62325698897696,104.3227058813162,153.3401620547543,166.85109103037743,163.54309930951098,161.2360939048089
4974,165.8,55.09851859275167,141.9257963799459,64.30371013858802,105.7437550160044,151.96332195401666,166.52377116382883,164.59529322187788,162.3687901805078
4975,165.83333333333334,59.227518507273984,141.58439005225878,67.30617050336872,105.47181766517704,154.92956623924925,164.71271773836895,163.07583924029686,161.56652077550896
4976,165.86666666666667,60.37860442562666,132.54941621456703,69.18103995556027,105.52987878768803,151.1545124619955,166.3956298620318,168.92670948015282,163.92960124569305
4977,165.9,70.44794433281004,137.12328253378223,76.48570703691641,108.5490387708592,151.7282492835748,165.64278210466986,168.86424819926717,162.78581904135996
4978,165.93333333333334,66.89647803076609,132.14159583117217,78.512014646651,110.26620088425501,152.97569063491107,166.59467370897627,169.01878088472154,164.6631594181875
4979,165.96666666666667,72.71192468734594,138.1723958107656,85.37195782432329,114.74288596891937,152.30697569856378,166.76618137362823,169.12891915510448,165.36969642784982
4980,166.0,75.06705366680201,128.1932212629764,93.17342776052054,120.40397465733601,151.45945172432096,168.5337484876406,170.25862599323528,166.50583484431382
4981,166.03333333333333,83.84939510185328,108.78950883402631,104.04119288829895,125.75442822386731,145.62223087366715,170.88529032854996,171.22162053074138,168.89136867069686
4982,166.06666666666666,94.06604589390452,128.46101685096133,105.37334054705225,126.36288442485385,148.48116255772618,167.9703376468138,169.7087658086487,168.60139700362728
4983,166.1,89.21015378092535,134.24358557087552,105.12330411682535,130.7532021878568,150.07061501504282,166.81689261925663,166.8567101712192,166.43573442823336
4984,166.13333333333333,94.02305938578665,128.23564072307224,110.9676892177054,133.84356446815997,149.9825407786251,167.99517005983222,165.58387648820798,166.41384827101874
4985,166.16666666666666,112.34977471444358,122.30640221351283,116.88182559722618,136.71894127475,150.34096624920733,169.01585562580595,167.20585536161607,170.671524154601
4986,166.2,105.11294974850425,121.61028590868732,118.08011216978052,141.77705517068026,150.0842008259511,167.16346831986212,161.65785862570007,166.0452837218299
4987,166.23333333333332,133.9455885578759,126.06687751933599,118.26406806648056,141.38390848726667,152.0487986182606,165.70980657210424,161.55618277473656,164.5417788060142
4988,166.26666666666668,125.13379689103448,129.09603220673148,122.0293203603518,139.64578955342648,153.09259585331841,162.95367923638912,165.69280000426022,165.00596615718186
4989,166.3,121.98363771345791,110.79373022612121,120.42030981803155,141.18546668232247,153.4694364092185,166.05371077178214,161.96896610302798,162.08567956882868
4990,166.33333333333334,134.67400651865145,106.76177780537502,115.81983901161355,141.75550982692042,152.63341416110785,163.62746160867835,163.74551494783987,161.56981042721722
4991,166.36666666666667,136.3053466812173,112.88171488947935,115.68112547989723,141.39003705010037,150.84112163337548,164.2488774606366,164.4899773094327,161.71365959872725
4992,166.4,129.92244303677822,103.03218889367893,119.98774522430358,143.5657305749571,147.56294465063098,166.24199999696617,165.29533319956937,164.72301586506347
4993,166.43333333333334,113.81820172642938,111.69589059108081,124.47280529440565,146.18450066488748,149.06913098691874,164.04198187274235,165.7235522351528,160.99860545701992
4994,166.46666666666667,114.51635228304795,117.09342977218803,127.15732413724349,149.74128627789798,151.20720010313764,162.5231677629803,164.03920488300048,159.4942114422148
4995,166.5,118.19700898748816,116.68751648628322,126.26682001775971,147.8420074371786,152.45046057956085,159.48066810583862,165.20628086215902,157.50143240601165
4996,166.53333333333333,117.84871141216794,119.0693757576055,132.14860647676775,149.2181351729231,153.3566886054144,159.76131016678326,163.7375988264991,158.13947499891458
4997,166.56666666666666,123.11761973179732,124.68140531470809,129.85096687189258,149.0596832784944,155.96272223011047,161.4789534031995,162.8481469189956,154.77947401214374
4998,166.6,120.30043309944847,124.22117642305186,132.15264382649647,148.9242044441301,154.8256189356933,156.7885852440091,162.11423573348335,151.01309018768762
4999,166.63333333333333,115.0955872653676,125.96940757508405,134.0888644983188,149.93899568324147,154.2147166213483,156.49727977614643,160.99054469311764,151.85435433109086
5000,166.66666666666666,115.25537770909492,128.5271287231298,134.5889722467979,150.93175799449378,154.46135392246146,156.42628231042966,161.54042882689163,152.49351970663693
5001,166.7,122.64431545791386,127.78341880862862,138.88566985175015,149.7688041953631,156.19836484780217,156.03656524061415,158.96823643249303,149.68242182113573
5002,166.73333333333332,122.51044989027326,129.5909356092841,138.9321304445744,152.54239808378676,155.80971107316103,155.22945006909654,159.98958531319684,149.78006139372891
5003,166.76666666666668,124.00601886901313,131.88748959459087,148.10424573645292,153.38521635613935,159.75403329395618,154.84398549187836,156.86066411350438,148.35298725445193
5004,166.8,124.47384493207669,132.17912569986134,144.35186807222394,155.75216102317336,158.03979424041495,157.127669385936,157.26752756836362,148.48660711812389
5005,166.83333333333334,132.2961872603042,131.75076735275607,154.3080712801593,158.8575620277276,162.5713991745099,156.2755293090191,152.60122590669144,148.93803374258448
5006,166.86666666666667,132.03730322042415,130.33492808461966,157.43586182079713,161.37866503619523,162.26248788348911,159.75319770009932,153.72055655363718,153.4728489337804
5007,166.9,128.2843116463896,130.47902389255228,155.60879707991984,163.5471176677648,158.78374722963457,159.67990395990182,159.13671279252486,154.7879062720849
5008,166.93333333333334,132.88860228134317,132.8626428682536,160.89333684200142,166.87174118270343,163.12978843261786,164.02975757120396,155.78884044566226,157.56355962345305
5009,166.96666666666667,133.28454090912,135.5106236665808,162.34448293266456,166.73305320457115,163.5338570048043,165.43499385418764,155.8108892112448,160.58868332880348
5010,167.0,132.6158955833548,139.14558563584416,161.40552403656022,167.95414610379095,163.31335547064788,158.936317868202,156.44771122063875,153.30540376340375
5011,167.03333333333333,133.61333892888106,139.53186333620903,159.79695042013773,167.61283460371675,164.36948230672556,164.64785960333856,155.27563099265222,156.03601215907182
5012,167.06666666666666,132.53135958441632,139.14441594026778,161.0209220991195,167.27986109071975,163.94661799338252,166.58576141164207,155.15319666853773,157.87824032058276
5013,167.1,133.27977662743876,141.69723269974455,160.79806982695786,168.22421092367435,162.0484241712731,159.75893342339847,158.15427845984513,155.5692680099216
5014,167.13333333333333,132.0136676615229,140.48599629657392,160.5708791365843,167.7763937438053,161.53999432378228,159.39519863786214,158.59631628825554,155.1871106222061
5015,167.16666666666666,135.57922751268546,139.06010376265843,165.3580413711793,166.70003471732926,164.78628689743238,160.89087509376404,156.0791717945433,155.28066133614692
5016,167.2,136.5623120915065,142.64791667111442,164.1122185963523,166.91061243592435,164.3964709651734,158.2531881434843,156.76185369358853,153.96805020980813
5017,167.23333333333332,137.37817391609107,142.1339313774802,164.83361734103568,167.06619503040926,165.3492820364418,161.3475348524982,156.08264200735712,154.92945682333422
5018,167.26666666666668,135.97428032818868,141.73874100877487,163.15978111656372,167.1893885604876,165.1562860514799,160.87480891463173,156.49601947923688,155.33651190568443
5019,167.3,135.27526383957016,141.4619981384101,162.97496182964787,166.91189591995118,164.72678603446556,163.34676823498475,156.1514579399141,155.1210335774526
5020,167.33333333333334,136.01412177403427,144.9544791056814,162.66504970178795,167.0226025181245,165.21531428593013,162.90900238133258,156.62334497815937,155.11255593785984
5021,167.36666666666667,136.3721170309192,144.1394834185727,164.30464346531355,166.62684230974153,166.35310116593286,159.21178870673856,155.48486987898832,153.14837061622936
5022,167.4,135.6755145434313,143.57890588467916,163.4196474034793,166.37762736016245,164.64192836452344,160.00912899368703,156.40783718579308,153.80079704048987
5023,167.43333333333334,133.98501420957066,143.40067307855287,162.53384020832112,166.28644184034104,163.47468553205047,159.9596905926242,156.92259300482647,153.55681727980584
5024,167.46666666666667,133.01568128081934,141.07406337436612,163.26509552162912,165.9343448173613,160.56515180176805,160.11554060726968,158.69603493168077,154.29214857552145
5025,167.5,133.016622745226,138.21973808553932,162.6194567023318,165.51107810442625,160.81709246455335,160.09264671183064,157.3400145081767,153.76052707900703
5026,167.53333333333333,132.1362464737202,138.64324058537065,161.54582300784736,165.954885649933,160.8883068968944,163.39404968609384,157.50004049424473,155.23126905218666
5027,167.56666666666666,134.33739293642722,136.83609191824692,162.9643529632085,165.81168992115417,163.78242370848488,166.65583007638693,154.81010271053086,156.43685487669723
5028,167.6,132.37356156433003,138.02147559192676,161.84243041356976,165.951170483681,161.54162332407634,164.26962572722013,156.31957094201914,158.20827304100297
5029,167.63333333333333,136.49749235537004,138.13579443055957,163.3588215676594,166.45122829730408,167.19426835397357,164.22523286241181,153.1118371085191,156.49084454177574
5030,167.66666666666666,135.2567344095295,136.6811914189414,163.1453409830754,166.2422634273514,166.0350903829644,164.06388558791627,153.4304014018059,156.4351057452815
5031,167.7,135.32868314888947,136.0869750610208,162.88170436849833,165.05140064600042,165.59969878679388,163.43987444196867,153.6810960505365,155.93243567001855
5032,167.73333333333332,133.93935886431134,134.39123954865155,160.60723599004848,164.460409367807,163.37371174700533,161.57622871471258,154.12861866010223,153.71683592606152
5033,167.76666666666668,133.11821851536362,134.52647491349802,160.31317384957208,163.65340016441502,164.42582351034653,159.62753734798963,154.05204612727564,153.0131325469082
5034,167.8,131.49519160880925,134.2504509820152,159.31269204430757,162.9198277740005,160.5737473807421,159.65075239505256,155.7490627794755,152.6823195227255
5035,167.83333333333334,134.6793782226906,135.6812750267583,158.43351017361127,160.8421080956145,161.57598818796572,161.27709347412264,155.20251593231026,152.06526091079996
5036,167.86666666666667,131.9549161287431,136.71425649249906,153.07068212494013,160.67342724833082,157.22042712280216,158.23633520393517,157.77559110128948,150.5231903430544
5037,167.9,132.44195746598191,128.67159058859173,156.3083505575866,158.85053695193673,159.84936409671002,157.98991092478403,157.14782592127835,151.34280159622045
5038,167.93333333333334,129.5395669656669,131.32457788945243,145.02475963205424,155.09838895945006,155.32346044551025,158.77631558233463,159.82334807058942,151.74785878052907
5039,167.96666666666667,129.48532731114344,131.47120802166165,149.7907952852195,152.56614784616642,156.27229090689966,156.61095424896985,158.57945851330956,149.18371674701038
5040,168.0,128.3424165879696,131.11686347102986,147.8173871214385,152.92834795471902,156.9855393923318,150.00501874908178,158.61989423874664,146.42877852522992
5041,168.03333333333333,127.46826918954875,129.3220675290351,145.87153515841732,151.10245095554097,157.05065811153864,151.22046246993213,157.48190693495425,147.17721991540733
5042,168.06666666666666,121.31287927989756,128.73802973505005,131.85219851349564,149.13058106623632,153.45392835343344,153.36585284230767,160.53407484831396,148.39321756943775
5043,168.1,129.69136902950095,128.01143340254728,128.74854950265149,147.97630075669124,153.3256409935581,154.80196098175318,160.50367130779415,148.9037110152005
5044,168.13333333333333,131.06499566729804,122.55678939153454,126.16776616977323,146.49448913224282,152.6988778471328,156.423127725655,160.41098271102078,150.61773134321302
5045,168.16666666666666,123.29974461078453,118.49692113058238,122.233467901772,145.82787657164258,153.1194085454803,160.62660089941858,165.0429038536224,157.73837745614904
5046,168.2,126.97554066613796,116.88058373802777,114.96879587809653,145.6680015423093,153.54675344996755,166.7634452443969,165.4025148430576,162.68299285961947
5047,168.23333333333332,114.32692465607866,118.35987688293092,120.48868998339532,143.45197066834385,152.32982246321862,161.48151265438545,165.31168352632707,162.1005741457844
5048,168.26666666666668,113.80433378233566,116.81023258556725,114.4833188616656,142.15382836654712,153.2725054917706,163.90110839569965,163.46463568445978,163.17419689801412
5049,168.3,109.27240871742488,117.28539209024208,117.25135675460187,142.74841650207975,153.60475783381847,159.6287398489732,161.97850744276118,160.50895445023204
5050,168.33333333333334,103.94445111945898,115.95836465122387,115.1583741829797,142.05897287524738,151.41293127337707,164.9105842669448,161.55014387490507,162.08026836646707
5051,168.36666666666667,105.71117466313964,117.61662192417529,116.50822774380235,144.90560085985888,151.60323667981794,164.46126034836428,160.72296016862379,161.4998700183384
5052,168.4,119.1637553271244,107.88203546624034,117.532497149425,137.21611914073804,151.39662943350515,168.66088927896786,164.466314993728,165.60925270117468
5053,168.43333333333334,124.44654950245621,113.65770197520325,114.39558654787625,138.85422896788864,150.9819046512903,166.98065135157992,161.3066689367631,167.238680736103
5054,168.46666666666667,119.97080919154963,113.24527421455069,115.7830017375195,135.51423093214584,152.95707189126975,163.32040259488124,163.6835694875392,162.67329038249412
5055,168.5,91.1550941338146,113.58967203474378,115.70869140550438,132.09431729846523,154.65080550303392,167.52516728417126,161.86470880882857,163.2350321611254
5056,168.53333333333333,94.87290771237787,109.30608161858528,114.9921434424402,129.27756257481903,154.1251410849321,167.74120300370808,163.4901088786987,163.96661894616136
5057,168.56666666666666,84.15648613949499,110.36864758528336,115.00004964658561,130.54301999996918,153.22012366563223,168.54796468595754,163.51149271953363,164.64302236482985
5058,168.6,85.55080508184707,130.36044113653898,110.62029776424596,121.09516126375262,156.1613262004649,164.8180096095352,161.83941471358276,162.82149473807493
5059,168.63333333333333,88.80287016533099,133.11846191888174,108.25854852219979,124.85091116085269,155.45178039216356,166.74346588021635,162.50453177524076,162.97598247213423
5060,168.66666666666666,103.53129540691063,134.10277623733273,93.44456790132783,112.00782995595691,156.94120289654316,161.70585717939466,161.91649653397633,157.6459188822701
5061,168.7,109.2502999141307,129.7575435483229,85.56387954439384,110.49024534521767,156.24912617779825,165.2226992736862,162.84860174738114,159.75100718642386
5062,168.73333333333332,110.5927410959628,137.99892616331607,83.3169355245571,107.2555908171707,160.13416123639718,164.86170318106585,156.78166851158196,154.24592846293743
5063,168.76666666666668,98.89643728302589,132.07352794481653,81.17526840707976,102.06147154433815,155.7820909244934,163.95360421048142,163.49197355893963,156.85017145936558
5064,168.8,112.39711785894256,134.81109205510455,72.85696949945712,101.1107596763176,159.37924445410687,172.19148301010114,163.76313284908682,157.4312602137618
5065,168.83333333333334,98.39967015322584,140.87105803557841,68.71591586549008,103.07804410929874,157.84837813895692,170.19826348930627,162.1761641217247,159.47746086420693
5066,168.86666666666667,66.78805962981457,137.97593576874496,87.86978832166595,102.96414089730385,157.5312686441624,170.63039137084002,161.67242937754696,163.14445801568337
5067,168.9,58.519064044773785,130.15984290856588,71.49699521156231,102.0681320755819,157.23201628203665,171.19021124016805,161.26254767850045,162.3315892927569
5068,168.93333333333334,64.49228805522576,133.22565764011938,64.6368002994131,99.17152186870841,158.1175317454762,172.62640974862427,162.13118249128496,162.96819468963935
5069,168.96666666666667,96.205062847081,132.98262597702055,59.89924685806574,97.44224873765296,158.98217875180924,172.6218643394608,160.88792158488616,162.1251266300892
5070,169.0,54.54232454748954,133.46196431127484,61.71831996021343,97.28767591351482,158.69042454856017,171.08250371550056,160.99424862273654,162.0245194101183
5071,169.03333333333333,63.12864279019745,133.97154937825673,59.28342684972592,94.64557814406196,158.32689797336946,172.23200504378073,159.1300184864351,161.6869512810762
5072,169.06666666666666,91.76738945549556,127.1870497531906,48.002084583340334,92.2385118472223,159.7410031593453,171.88262725314004,158.1743263928283,159.0258383427345
5073,169.1,96.50827790183152,126.5709425902896,45.19243237836142,90.75670667239851,156.80754508621933,170.99093722473285,159.99230090638065,156.45582672120028
5074,169.13333333333333,98.24546534841251,121.93837299074748,42.142839864061806,85.38699684574678,155.37305880184127,172.89329114626955,159.7707305848921,157.54795416551855
5075,169.16666666666666,97.60621287280942,120.16533576542732,40.30051175930908,85.09103263413205,155.22143259599315,173.15827446942046,159.87246128935308,156.52576318825103
5076,169.2,97.09784264958279,117.94949679431748,40.0037456258949,83.95346890221717,156.5695061960376,172.64205975885443,160.25031446906348,156.6537616571856
5077,169.23333333333332,102.17314191418616,115.10276843791888,35.561897037354726,78.37784632962504,155.46862467610333,173.68095841029336,158.8176303010351,155.5823062840659
5078,169.26666666666668,104.66028265720878,116.18566863329202,37.2529079907935,78.44316238943583,154.5588559362335,170.9325909144382,159.9732257119104,151.97044253252523
5079,169.3,101.75404666089682,113.85609509279337,35.842223691942024,77.21328839392982,155.00981563088106,171.3232812989923,158.51570157364102,152.9190200629546
5080,169.33333333333334,105.75991983035745,113.6906975436853,33.97584051214265,74.54173977019941,154.6612113729814,172.14341249888633,157.96979283688634,151.58857319588728
5081,169.36666666666667,97.82324246559298,115.38911679045174,30.68951603154734,76.29072087958242,153.4582442278126,171.08939466971447,158.31776399066365,150.67834935856936
5082,169.4,91.41200354378795,114.72269900515782,28.670274398876167,79.6921919150934,155.10743052894279,170.56224808938316,157.80560496769115,151.17952121913632
5083,169.43333333333334,90.56732751286363,114.19344654711522,28.45704839486606,80.12477401220114,154.52620157580276,170.87101495304807,159.46271552129738,152.39252909079153
5084,169.46666666666667,97.81202307047779,114.73297399997323,32.30080005124534,79.0802836359162,155.10105710063885,169.48935322544236,158.9008621867588,148.29595847283497
5085,169.5,99.3343349968028,114.1896469441631,32.28206763593292,77.67116971177005,154.74884122030412,171.81121360488672,159.2148349066674,150.1085278646258
5086,169.53333333333333,100.62082109809757,114.30762396005188,34.200735000392186,78.05309388242996,154.96747794687386,172.79456607606096,158.9902678047445,150.99641218160565
5087,169.56666666666666,98.50884532127087,114.20885822801039,32.39308808978703,77.40173120417472,156.02994383333015,170.01139288270537,160.41742671036718,151.46429411546723
5088,169.6,100.3146681447863,114.73384640242423,35.01255640962864,79.1842644282807,156.8424644371242,170.98301474691144,160.17157427077103,150.90883164111582
5089,169.63333333333333,102.53591559062934,114.84183574881632,36.86618526869623,79.34039467160203,158.44488686942336,170.15448572294116,158.65703885687924,150.92226188976895
5090,169.66666666666666,108.23000199754078,114.36366259982795,41.270445808170315,79.91137945804978,160.72438479186184,173.37893797907972,157.56566327412995,154.12934215404178
5091,169.7,104.64321819181595,118.8071465548251,40.63330595497582,85.07752206859305,160.9392319611131,171.58237132812542,157.89981996288253,154.13823060521258
5092,169.73333333333332,38.42042959968174,121.40527670210065,56.54074204001111,89.17801619599656,161.11549224846095,173.56528725111014,163.00010325688422,163.44783892580577
5093,169.76666666666668,94.58932161383728,123.04354846822697,45.37464618127939,89.76016938680516,161.8416435839421,172.87251611581723,160.73621408034847,160.63451482664377
5094,169.8,75.61903279971774,124.47914355790603,40.52366845538721,88.43299999993953,160.5479405186624,175.7666676978975,161.59766366452357,162.14116749816318
5095,169.83333333333334,104.01251718859703,122.72229961803224,49.037108236628725,87.43774310885301,161.07215361329972,175.95351736978208,161.30572835319194,163.28427908726553
5096,169.86666666666667,74.41821985687041,126.22174933514198,51.77403166996694,93.7051774335171,160.91868855523396,175.20457112183263,159.26555262261846,161.62919858664094
5097,169.9,82.55544032648261,126.61909685534567,66.66575087921088,98.15299558903199,160.9772021204152,173.2764595268033,158.57657549228128,159.90363342037966
5098,169.93333333333334,104.53507064218661,128.62152788897714,76.37834840845794,100.70141052906214,160.42250058397192,170.76998830063926,159.77199806542617,157.82264452233105
5099,169.96666666666667,78.17341621908635,129.6885959144648,89.09200774119459,105.04351990248726,158.44612073011845,172.3912088600259,160.05405967245147,160.43394443762665
5100,170.0,91.91751188930957,125.08299648118647,106.6836654675444,109.22747469974387,157.23886177600642,172.65251599626788,161.93300606552438,161.7482537472157
5101,170.03333333333333,103.94415002017278,124.94709177522223,111.4413597508466,114.99232308728423,157.39824915051216,168.61695196716823,161.37929468640425,161.5007421815647
5102,170.06666666666666,118.72168911187688,121.46097918348859,111.09779748504505,122.24649206359298,156.7075996136469,165.9112328297897,161.1536106552051,160.0492405520943
5103,170.1,130.7993174296659,119.2233954391479,110.20210019424486,134.0422286687692,159.96093452875974,161.97092267862857,160.5207517547523,156.27680700670507
5104,170.13333333333333,140.78663076137332,116.8522945395356,114.1196699762443,138.16713808495953,159.28939869794792,164.39275149735872,162.05557297178606,158.812770058449
5105,170.16666666666666,132.25846225381608,118.06671398477191,117.63574661379671,141.57536912678003,158.05373062971464,165.20068965505016,161.36664596851253,158.32330894222565
5106,170.2,132.1946135146289,118.7682455227246,118.73565767043199,141.41998943605591,159.1781731984532,161.36849531768922,162.13673526656203,155.0734172393703
5107,170.23333333333332,129.94169202290644,119.82828004874273,122.26382880810922,144.22439134594916,160.65077724490266,160.16220124744896,161.91360153611947,156.60456178464855
5108,170.26666666666668,127.11054425454938,126.28228775311213,127.17777406521455,147.4726827211547,159.7301984945502,158.92918271304748,162.0751650713182,156.81741570916802
5109,170.3,127.34211489421753,123.55444342983671,123.23087375664646,147.33111502715388,159.971051326869,159.33396065361592,160.61553089309854,156.2101478688178
5110,170.33333333333334,132.2860146330642,108.65638358970321,130.81796129905266,147.4935757086342,158.01487380888358,161.91308517663535,161.49524969243984,157.26397454375697
5111,170.36666666666667,125.00356295099142,117.0698971622232,134.90228331079422,151.41110686080458,158.20303558221227,163.36680357384083,162.85417936632945,159.26717362412663
5112,170.4,123.94224540674435,124.1913237402568,137.36752057273685,150.8131919533641,156.46354100364238,159.2901482897049,163.20269522244385,155.49160117503388
5113,170.43333333333334,125.821654993796,126.81940530210319,141.03532235518625,153.4682334754305,159.83624930147923,165.90353351319112,163.46414838859454,161.04676302096772
5114,170.46666666666667,127.45564317763699,128.67869476585474,141.0932390451922,154.99185031204405,159.91569232812432,156.91256792142244,162.76060839104898,155.94149626836827
5115,170.5,128.62485000111457,127.47740995559064,140.8448392815453,156.75151446166984,159.30207158699454,162.77605933205191,162.5789521445854,156.88999625121224
5116,170.53333333333333,129.51307774255235,126.61804777750314,143.44690021218204,155.33659879425042,159.2041331901749,161.8195183949954,160.33359599464706,154.8527414403915
5117,170.56666666666666,129.16387393848714,128.15690723183812,145.04638857258533,155.78907804530922,159.3013145419401,161.00034036369502,161.4059296971844,155.7560621714022
5118,170.6,129.08309233706657,128.68703920123804,145.501809180074,157.36674594092227,159.48344247210065,162.14389671364822,161.83269822190474,157.1345235579224
5119,170.63333333333333,130.0699924365305,128.84766657720436,149.9319873346094,160.65070112575341,161.81749223210184,162.0705692743903,158.97794167072792,157.05380391201774
5120,170.66666666666666,129.30543767857628,129.58603367407198,147.89287393169363,160.52749674237253,161.6985907561079,162.14735895171265,159.21244057174283,156.98310074508194
5121,170.7,129.11254102552593,131.16228677487254,148.8030227918834,160.3122408015463,161.85711467335872,161.19475223261153,159.13605882314783,156.31144509962263
5122,170.73333333333332,130.7894905881804,131.82820445969747,151.19303023314544,161.2776103457914,165.99719082547136,160.8569609513644,158.82701342255598,156.9073765142655
5123,170.76666666666668,128.6860443197746,135.99236882246237,147.2151417732318,161.98150924273082,164.77719964812405,158.53304488885814,159.65387681266967,156.6593393813267
5124,170.8,128.10488731084212,132.78719933931433,147.47687351043882,162.78560515990762,164.29194067136353,160.40522267580258,157.3182777624548,156.2088621498244
5125,170.83333333333334,127.53290457007337,138.4629693030473,153.45753823437508,162.73406697231556,163.55840107311033,163.50724125222766,158.06867227874946,156.7898146301215
5126,170.86666666666667,131.39186003603436,141.8809689434545,157.15450362392772,161.5659277629769,164.55539328129203,160.07149993194705,157.96261324236198,156.63059728205928
5127,170.9,130.4759487509484,141.77156719390595,150.0893569920295,160.3567376328465,161.3530321725992,154.40893236821535,159.87897450336106,152.03211187395232
5128,170.93333333333334,125.68217068910215,135.62210048018318,142.75407676015064,158.87731172046432,161.0241107268649,153.80975565160617,159.1141338241356,153.0166162920553
5129,170.96666666666667,123.07067463324859,133.00035189887504,135.48208647604702,156.07355826335163,159.19906700453188,162.30731345754657,161.06376489168525,157.98522799942316
5130,171.0,121.82046285461135,133.7259846663,133.26325127650162,149.2648940037641,159.62803843372583,153.76797944578195,160.66816126734378,152.09061330817906
5131,171.03333333333333,116.0216984410863,124.44420180983961,115.05422566416844,141.57472680134362,158.71808666481525,158.13888937977333,162.92263446467422,152.64885206283316
5132,171.06666666666666,102.46218422298293,112.5052656151885,104.14989649807063,129.57730568969163,155.22947042548077,166.93710506217488,164.52182400218211,159.34338663244594
5133,171.1,82.5877864234499,98.28455857766818,91.43330199157045,116.45492365543075,155.8652323227331,167.87159910643948,164.73537223217352,160.0642742467186
5134,171.13333333333333,52.91440314987789,105.04711429378507,51.40966604325598,94.03387680091433,156.12193895735726,175.9961265602087,166.74826036098605,165.0847057448647
5135,171.16666666666666,49.78500118750421,111.91006299312912,72.6742617958347,85.10611644695788,154.4622526146676,173.29706116349033,162.32790636285944,165.60893929091154
5136,171.2,43.22929932358318,121.99404626463466,60.1176577964028,79.83492337474088,154.54931078396734,172.74338714551752,159.94336885477907,163.59499426132828
5137,171.23333333333332,36.648675893132484,127.89795052202375,54.27182316607756,76.07853844837278,162.2657073998769,170.7165087415602,157.95636545936168,158.9967188435353
5138,171.26666666666668,63.723203314073004,142.02808345228541,60.143738452208716,66.01821175580596,157.0571180643299,173.97818090246625,160.43822112367886,164.87960380325015
5139,171.3,84.64293273054416,146.11615282537178,52.457854869677426,49.362602182339494,154.62868061409054,176.2842921649932,166.85127162505094,168.25185132542882
5140,171.33333333333334,87.71540444291138,149.99392694976297,48.66646680406362,46.282567273698376,155.08343034694963,175.22250504195028,165.99794859289887,167.0264923245956
5141,171.36666666666667,101.29747751667078,151.45531706785764,30.728027721691564,44.23204382199371,158.4206619671932,156.47324672495085,165.34486828747353,151.0169228009359
5142,171.4,106.37998457895785,152.6634849709555,24.317036912206145,40.862018966090616,160.19599174562234,157.78280552934592,166.22399515436248,152.1724876811894
5143,171.43333333333334,103.49571702458348,151.31682198878846,23.645151870434777,39.845781273694335,164.24483518004618,163.02887525854055,165.2926855273669,155.04184105059028
5144,171.46666666666667,85.92323770282276,151.72465132876013,7.134376882941015,34.328687186228166,161.1780320054407,166.66581332229893,168.31615139143028,153.64651518047543
5145,171.5,69.0909811899185,154.04341770173906,12.238933377836592,38.78478241777289,155.9523886130904,165.85134403115933,170.80402514573498,153.58671229371947
5146,171.53333333333333,84.56704956255692,152.93497772993453,10.3108331893386,34.245778248956114,154.8167798367583,167.7684729810544,170.9091540445476,154.12121545359784
5147,171.56666666666666,76.73429916640988,153.57168282729364,6.120791903322273,36.65230015556945,154.00914147880752,167.93962370967736,171.53176382388355,152.01687742406347
5148,171.6,101.99600193882854,152.20508146814223,11.157743161782976,34.75093661116474,160.72272220303162,162.5532815941505,170.61533598426024,150.51717518036875
5149,171.63333333333333,116.31825317127509,149.03665913678557,16.63789026082454,34.87399828115233,162.5408998427292,158.55717892368472,169.68043027224385,150.8228629711689
5150,171.66666666666666,103.53993916031692,148.5844138896736,27.077288031062817,34.306479865349935,161.93098688941774,159.72703495940013,170.3100835563008,151.05258176451665
5151,171.7,103.88469034095661,149.1615999676615,27.15044720167919,35.53974957880401,162.44417151999738,161.02387918085637,170.90372793658196,153.68939542447268
5152,171.73333333333332,102.68269863378708,146.9528806123902,22.394376122897672,36.58818653912761,170.42796545762323,159.60328998749827,165.21944818918266,152.136740049058
5153,171.76666666666668,103.00708955891285,147.53806493703982,21.08989906776237,39.19634234452987,168.7664239196675,162.71404186015496,165.15142644001082,155.2029866085928
5154,171.8,100.96376702300141,144.3188980453857,22.49052505828885,40.9280256195676,167.07601900771553,157.47712403970272,162.90165071107666,151.56950748106826
5155,171.83333333333334,98.01029846947561,145.04841815617453,28.73459024774796,40.207947383125585,168.32933438935896,162.907639468256,159.73866098310006,152.71155535108446
5156,171.86666666666667,97.50517452445104,146.8122932047072,27.644936816425442,43.99615716117975,164.16638313428444,162.5141822984018,159.9664900758269,152.9488870246216
5157,171.9,95.34236927127586,145.21776242655812,27.991614647293957,42.07267324191154,165.03490086352903,161.99188863418365,160.4103687631886,152.9561416796842
5158,171.93333333333334,94.9628074103851,142.74649461991422,28.331667306981732,40.887332322271256,164.4447316731737,161.83429141608542,159.39075903695064,152.63961984318752
5159,171.96666666666667,94.22613442815502,141.8642307420109,32.129022739089265,40.280635727635364,164.60250915583387,166.79051978602638,158.9963109111194,156.2732829290583
5160,172.0,95.97375124228718,142.6108285436774,31.177476999323112,40.33700728607514,164.7218642447323,168.56522354728014,159.50416837317832,157.56776765066502
5161,172.03333333333333,95.3370515272869,141.91783333500987,32.13789694631148,41.535659468586104,164.25999040069888,168.98735887673206,159.98667004023702,157.11166926308633
5162,172.06666666666666,94.90301334520471,142.04336356684362,31.41735433816513,38.6141131164576,165.17490311900795,170.4510288250147,159.75604319585716,155.56708477239954
5163,172.1,96.7685612079923,141.35117400584184,32.15361527725762,33.04864924771602,162.59609504362808,173.43459428262696,159.86602339867315,158.00356802418514
5164,172.13333333333333,97.75623851282,138.08583861879012,26.88275665183137,32.984469183343926,167.22209593136276,170.60684153329973,155.5121282451778,156.53665427877212
5165,172.16666666666666,96.81129985134876,136.5913520649016,26.058474578191824,33.17228555183063,170.2518452109793,168.58906759916027,155.22314445606477,156.52551174816844
5166,172.2,99.19009368941917,136.20960494807403,20.974860200929207,33.310494360585054,172.8539159242027,167.2252967542286,155.62815050858757,155.78275594863192
5167,172.23333333333332,97.40842366713485,135.57730470506615,22.592702048906823,35.21716169890678,168.80743547102824,162.09872324833466,156.95608994219876,152.42659529465186
5168,172.26666666666668,100.54965526386911,132.44345722048675,20.203302625967066,32.075994137458984,173.67703527448657,165.53146353103523,152.71464742568222,152.3917215597261
5169,172.3,103.25896214029132,132.6083897205859,19.516588275812303,29.441268963069053,175.55603864549747,166.8437380277451,151.38396246622318,151.1378197809726
5170,172.33333333333334,103.90680779638332,133.82618393492496,18.100297034271048,28.08521022238628,176.31630834982323,165.51029550692914,151.11385461665103,151.02492058141132
5171,172.36666666666667,106.47019375179414,131.75276018393402,12.26326342068689,26.424707873455098,176.15000714795514,163.9099841068945,152.450486573874,150.75269507435792
5172,172.4,105.32869758059427,134.03352007821104,14.49054565223392,26.871725466148344,176.6646990906378,162.06234916447806,152.56312863586083,151.27896515000504
5173,172.43333333333334,107.7617525491608,131.68964826791947,12.476456456620511,25.34518036229376,176.67301025777948,160.660830473897,154.37931037048327,150.78437687978322
5174,172.46666666666667,108.10340139974501,134.2755364448938,12.252425637157739,25.9724601893306,176.868351625497,161.4144145412725,155.2191012282218,151.4221320727038
5175,172.5,109.69880473837873,134.92446177506412,11.274348682480365,24.272822913106573,176.97066289592206,162.38429070981996,155.76951948924773,150.62688127677055
5176,172.53333333333333,107.97447024412122,138.0958579636919,12.690302359423468,25.569927616481802,177.23927357582295,163.74474186968553,155.65185083607074,151.41912203337563
5177,172.56666666666666,108.77802751813906,137.52862254112947,12.020384174713433,25.152164914313705,177.3388031974372,163.84419340342174,157.06480582844858,152.99926913038303
5178,172.6,107.2147357233864,137.46346520971878,13.495272859643226,24.26215524122941,177.29988241710626,162.4996759120067,156.26895616747805,152.3146920083708
5179,172.63333333333333,106.7000694793469,137.24629527266282,14.477438733022899,23.83887658453687,177.3669571719423,163.77662627305452,155.96545089538546,152.33911345865744
5180,172.66666666666666,106.44383462716573,139.73351435439614,15.286040767465328,24.723952662160446,176.13190265968726,163.80681363827688,158.00642277781458,153.09945470927917
5181,172.7,105.36358561832411,141.93211310459415,20.045247853814587,25.305308977677594,172.85145331955508,165.48533041172655,158.76499941912894,155.66824955467652
5182,172.73333333333332,103.7708400114298,143.72605593292883,20.266352402918457,26.886816355668294,173.40710767567006,164.6422101125667,159.97726633986463,155.65277889323335
5183,172.76666666666668,102.43110918412555,144.7741937875556,20.59422187371955,27.52931479454451,171.1585225881623,161.72411813699068,159.78912034780157,154.44782588574995
5184,172.8,100.82506087921514,144.47206428782752,25.91928241227176,28.65972245264595,168.47154929425093,163.70839354353413,160.91980857876092,157.01279353806225
5185,172.83333333333334,102.69532540146791,146.49800280083394,22.541021713678635,32.95386752251599,166.17282058285352,161.81056733446988,160.12813390688797,152.41759667169035
5186,172.86666666666667,100.88159172871038,144.4220720053061,22.321230831593315,31.570805692943285,168.82751694360624,161.28700974395906,159.96681430961993,152.56933859013708
5187,172.9,99.3094055291337,145.71983402364475,24.107630492858668,32.28874596768379,168.00032392298854,160.75136141089402,163.37028632039255,152.93885781915066
5188,172.93333333333334,97.5899101231326,146.4534590407025,25.91365043992466,34.46471357618109,169.72189513722248,160.84450998809325,163.00615252580005,155.15679347347157
5189,172.96666666666667,95.8163136660043,146.33223216563385,26.48357490236935,36.44812099381042,167.79714960800084,160.44362807203248,163.69671444608284,155.2194735942819
5190,173.0,95.28005081662552,144.536655586896,27.026884376533783,35.72487238589775,168.9073418091665,160.8323195965098,163.2158581855975,155.51666817908855
5191,173.03333333333333,95.52649793757784,144.81400189005933,26.252424550747218,37.13557488165058,166.4805137171951,161.0162710113664,164.84495175992814,155.06978819510925
5192,173.06666666666666,95.62186021450515,143.3198650371156,26.348746312826105,37.52547044555837,164.18026148965058,161.42754398184644,165.7994481200062,154.34015383741024
5193,173.1,96.93202032957001,144.41608819435191,27.058349340856683,37.792418615610906,163.5327825545663,163.0998325572915,164.63815746552365,155.20966346600858
5194,173.13333333333333,97.76916179015399,145.81210619985615,27.679043824661544,39.36843793002636,163.08872991511208,163.57345852276512,164.48369429877835,155.60285495943953
5195,173.16666666666666,99.64441819113719,148.46151905699568,29.01788430173272,41.46759321725059,161.49176966215134,166.29252036439948,165.25670739572976,158.17612585746974
5196,173.2,98.40237335490494,150.37743572266027,28.521425257752338,41.465854517874696,162.37496435249167,165.12946856922844,163.90697264219423,156.68720231623848
5197,173.23333333333332,101.04727255851729,153.61123648475353,26.803774010119962,42.69049270826982,162.23292294582276,164.59101594935487,164.73735175484953,157.46910051886528
5198,173.26666666666668,103.73979261895762,152.7447001648826,17.906630453038805,39.968256982060154,170.86876675946195,160.54886843201461,163.54563772243657,157.89708400019686
5199,173.3,109.70761329045267,157.94570583555813,18.463099636465696,38.27333833827103,167.49525806267965,162.591134154638,166.61493627828295,157.8823094678507
5200,173.33333333333334,108.59597899131929,160.01242751699928,19.065345692267186,39.180523911350434,167.82531668258048,163.27160949940924,166.13646856064278,157.86939302546185
5201,173.36666666666667,108.1579134862062,159.69274258183648,18.76067582775379,39.43336370689534,169.18026082791945,163.5414326009465,165.41992588935994,157.4945764727274
5202,173.4,108.43486884178475,159.17250801742668,19.161736196055045,39.24913343722964,168.5025099792654,163.56164749902706,166.31135672358423,157.99210240520918
5203,173.43333333333334,108.5356674428981,159.9731229222055,19.59228377509628,38.725529812701275,166.0891162323159,161.22062196289238,166.44421758224124,156.49378080124336
5204,173.46666666666667,108.5150837456309,159.71299658629616,20.270702228254063,34.84493556292085,166.98928555264945,163.39056608420677,167.08267646693577,156.4712573659405
5205,173.5,108.41286228694393,160.33040799247902,20.46429336608555,34.680577829460255,166.78529414574447,162.39357617470813,166.90776462588778,156.13917111753992
5206,173.53333333333333,109.76394900806817,159.77716928844092,20.560203332629243,35.2960533794761,166.00456486799789,165.46870909778553,167.64714310958726,159.22825660872664
5207,173.56666666666666,108.33153584900617,159.34357854574716,20.129603903743455,35.25368904583819,168.55264457214062,165.35858844788373,169.12297147622607,159.08436068310445
5208,173.6,107.88134995860175,160.28696348589096,22.298306836011275,35.666432745076065,166.30469835504823,165.27786909517937,169.1503869603916,160.18913954780513
5209,173.63333333333333,107.35174735026241,159.29182209389847,24.059787937384478,34.80065842157498,167.68599904196128,168.22762570505577,168.09942025782135,161.27917035275792
5210,173.66666666666666,105.64252441121307,157.51198925222954,24.110311402522115,35.65544907957316,167.22290982864135,167.6658631191753,168.04128523325502,160.994025865479
5211,173.7,105.04454605236793,156.3101080787187,24.173418532552116,36.03568522178638,167.64572414437768,166.86056106618102,168.1319613122909,160.9085830619111
5212,173.73333333333332,104.7316880230569,154.23805336279003,24.217222687976907,39.75095485600931,167.33140924346642,166.67690543053544,167.42377998567818,160.6403549306671
5213,173.76666666666668,104.19617343822416,153.15522555136113,21.78840921229588,40.935131667371095,168.4998565266541,162.1757409296115,163.61372648467088,156.59752744926666
5214,173.8,102.68516697913016,151.60294207347673,21.26039025183642,42.584513687136386,170.12837640252187,160.74162572280068,163.14745298984,155.26579701239143
5215,173.83333333333334,101.80763963516507,149.91642871189563,21.991001217927035,41.64475664347684,167.49604012533533,159.28576442213793,161.74553991376717,152.81437837193573
5216,173.86666666666667,101.52729040365422,153.0091998503053,22.976374660906586,41.80582353030464,166.37914169642744,160.45055478004028,163.30389686260713,153.74416211108013
5217,173.9,102.16810317128576,153.61019471445223,20.080430602544215,40.85684978598243,166.82630560558653,154.82924187228647,161.06347189809537,148.4749443385936
5218,173.93333333333334,102.55137856601417,152.13433839482502,20.12740285535086,40.39373606915287,165.96581620210623,154.19101448180217,162.73941855301908,148.8022626837797
5219,173.96666666666667,102.66090641264259,152.29701704427885,20.148104471173045,40.816315247812774,168.04649324507713,155.47140993424713,162.305227161177,150.09868930047784
5220,174.0,102.92798660124981,152.67088363688922,18.32814509279592,40.10837156583365,170.05123226224083,155.3004308325962,161.12937784559796,148.60907420298756
5221,174.03333333333333,103.82363533356737,154.1871051424545,17.24160741324258,38.43782503761602,169.94118720175362,154.89244932400734,161.7834810162193,148.5036610147028
5222,174.06666666666666,101.40065413575184,152.07973766876782,21.67601162623896,34.39397669967293,171.14804168373445,160.15044410230277,162.5216613172435,153.47654648038647
5223,174.1,103.41753481223289,154.5833556428284,24.844256388406233,35.12664756715842,166.78031683546408,161.21901316350184,163.61533099977072,157.4889215584329
5224,174.13333333333333,105.16195919942992,159.4383131742992,26.321827671570098,35.26301856078714,167.26825363511884,162.468357626036,162.52761126240006,157.38629475506096
5225,174.16666666666666,105.32534746263698,161.1090249929433,26.21269137393886,34.731250802761814,166.43734004045717,163.33596781736142,165.6720659443596,157.8716659774829
5226,174.2,104.22703005152255,161.50903084107713,25.38086327105009,36.26253095552172,167.52797990968742,158.7303743288487,164.63626573970922,155.14145841516446
5227,174.23333333333332,103.38902301200885,159.51911722136353,29.00718535204852,37.19771284159929,165.24413590097214,161.50233330043454,165.4934934545516,155.85610100866322
5228,174.26666666666668,103.42058054564042,158.107378091156,28.66428235938015,37.42101384708032,165.25037076873352,162.65798540743455,165.49946223330946,156.2844536402166
5229,174.3,103.01056744482682,156.80662077187785,28.22904747483214,38.30101485747722,165.93030910199917,164.11598272609012,165.29326242276426,157.54900573210386
5230,174.33333333333334,103.11078007173818,154.8368521942805,24.93995116516754,38.061722930524745,169.71219130450427,163.3182421989804,165.46620020955586,157.55885823135907
5231,174.36666666666667,100.4336856813912,153.17935632089038,28.981771085852657,37.41092484065668,167.99344145574864,160.92658498585266,164.9676113475526,157.47861401256503
5232,174.4,101.2612794396778,151.71501559948237,24.788389546475756,40.06218412819123,164.54186602174096,153.64652022223044,164.85333433034756,150.6543662423923
5233,174.43333333333334,103.3153589353621,150.9284515335563,24.054912269575222,40.27436355142336,165.42685165170857,153.1632916436035,167.05228512935201,151.72362973274969
5234,174.46666666666667,102.64196294532782,148.66503480838657,23.311677006042263,40.742035699349515,167.6519257912048,153.47349554909178,164.90705245317608,152.1699184149293
5235,174.5,102.42479030529739,148.79123011439827,22.580643447362032,40.44994023860212,167.97003217713743,154.32232463093248,164.00514085376344,151.85948054494642
5236,174.53333333333333,102.76604364386347,148.28099310701487,21.822512874662195,39.73829126379616,168.9294659496736,154.3346073912104,164.28947927019888,151.71609195126544
5237,174.56666666666666,102.21530689770435,150.27200937137576,22.712383971364392,39.72536032985972,170.21682670278992,158.97795500369935,164.3590601766596,155.58298034343773
5238,174.6,103.74828061398846,150.93683054980528,26.307029073798617,37.107085080463634,169.04032112018658,163.61346065406886,164.6751715605593,157.42525099981847
5239,174.63333333333333,104.88651631009043,150.83937042715706,24.188203495835122,37.54912147908254,169.20024524969506,166.0507442869965,162.26285389784476,158.03882636952198
5240,174.66666666666666,103.4366432213068,149.76513459749665,24.404870951984417,37.24743493160547,170.39384263733183,164.55983245452336,162.3165002642382,157.68467319520033
5241,174.7,103.46546511469933,148.0087205668424,19.52365646277779,37.30215124942125,167.70601718452545,161.75648970763515,163.03547593617705,155.21795895622932
5242,174.73333333333332,100.8539328306895,147.53664164907786,21.892816530808197,38.80002779051271,167.53424354871603,161.7007578839814,163.811905788356,155.08850607597617
5243,174.76666666666668,101.21932503332174,148.1408083842661,22.353556902770794,39.017265030172865,167.37171565707726,160.5946317781602,164.16488736635168,155.21272033798263
5244,174.8,100.36224568235455,146.75956247239478,22.775796050644846,40.29053381808631,166.71381351059395,161.16152422605623,165.14599223851417,154.53745188881098
5245,174.83333333333334,99.9765431216415,147.29592020343787,22.63240859757812,42.05681228421892,164.2364175748612,160.24584985562313,164.07970795020816,153.51315288993945
5246,174.86666666666667,99.99418239541028,146.75176649385477,24.044908151452006,41.413358999675665,165.91436339882108,160.20758852723543,161.0040526757591,153.93496478495848
5247,174.9,99.96075859201136,146.22942845874692,28.590518389806068,40.795980505764454,165.99856684119015,164.4734620130352,162.9209230133754,156.9592310855485
5248,174.93333333333334,100.63825047403475,147.64139721699664,32.12108620603791,39.64380479691249,162.3338665232588,167.26436751636467,163.67913893959843,158.43939137337782
