frame,time_seconds,left_elbow,right_elbow,left_shoulder,right_shoulder,left_hip,right_hip,left_knee,right_knee
0,0.0,107.21996705785556,104.47051874595297,21.300888358229386,28.963133009565578,157.12722046521944,155.80687970362672,124.1789997142446,129.6785075956509
1,0.03333333333333333,107.60953076558569,104.28491439847853,22.365944986242052,29.24111614597814,156.70549196567669,156.85993632397887,124.67684541673907,130.79081069920952
2,0.06666666666666667,109.83290465335998,106.39541532843498,24.044456159823522,29.396598153786414,159.5573403526391,158.65303419905308,127.07758555283267,133.0299763669676
3,0.1,104.91703477224317,105.24057545694357,23.700000569360846,29.61109660650808,160.9589625246894,159.16809765261794,127.33848719734468,133.23118877265702
4,0.13333333333333333,105.06873447360972,104.04593320360773,23.616956894903115,29.81670486914488,159.15447286200234,157.75517305785021,126.67004712616927,132.44112928810569
5,0.16666666666666666,103.71537175974106,104.3007792948984,24.73170178328671,29.916240475170838,159.8786956063072,157.63788289884465,127.2198901701823,133.40019832271034
6,0.2,104.18967245570428,104.3373345838783,24.67163226484192,30.450004694979757,159.97127017630464,157.98997218183624,127.0704490570997,133.1234140457738
7,0.23333333333333334,102.21938067809667,103.72203106695055,25.110465787938775,30.138573072425896,159.998672560626,157.05148209815022,128.12726623214115,132.92799613719782
8,0.26666666666666666,104.13000510846939,105.58229495447688,24.751990544608418,30.596610904603196,160.153874148969,155.99620143756005,130.09334751871714,132.99703747236384
9,0.3,102.06949911961212,105.58880192326309,24.97671532693081,30.394064026828538,161.327657677617,154.43473537660674,133.7345312413062,134.0761145894301
10,0.3333333333333333,102.22833081673618,104.20405614953681,24.604114385945895,30.23234172643476,160.90300004022976,155.08944334566934,132.81742450475852,133.86315256593244
11,0.36666666666666664,106.79534505795219,106.21180192901662,25.232969067345195,29.860953584331256,161.76861682382,155.31245907988077,135.60447939930876,134.73723083572574
12,0.4,105.79404279653843,107.5701156268715,24.882262936739675,29.625899833727736,162.96660516662726,155.43825497532848,135.73760622592863,133.879093078596
13,0.43333333333333335,105.90145973152083,108.19525899422241,24.77023775844381,29.344070229901956,162.1410749809797,155.41864900492584,135.59670328341923,134.35333084238053
14,0.4666666666666667,100.13659600664334,108.00870634869536,24.67893838558071,29.308290384273047,164.00940652895065,156.00422182789578,134.75768459159153,133.83788237317816
15,0.5,99.16490843221212,107.12231188384155,23.357982286760627,29.247368561656344,163.30279965888414,156.52781659427998,134.2397431234042,133.73040575298333
16,0.5333333333333333,104.65871537910027,109.30640293046531,23.132437132926263,29.602159374079022,163.58129237798926,158.2710795835155,134.34120832150973,133.70079572587815
17,0.5666666666666667,111.15417055716173,108.72140640687013,26.148453504868105,29.7429095324682,159.0941537669076,156.60353970391526,131.255616818537,132.64043150166697
18,0.6,109.31951143257314,109.38148146955689,24.31447295204859,29.487156660594774,160.91532136589694,157.42012475521105,132.24767821809684,133.36938549750906
19,0.6333333333333333,106.91412128355584,110.10666590427377,23.18025428952657,29.09713951072159,164.2749170703363,158.16650770885613,133.2057847281518,133.4185955275547
20,0.6666666666666666,104.59986672938997,110.45438181792176,22.533200024955747,28.889088466401493,165.2790954603924,158.2921028738449,133.2139870855403,133.30210444582764
21,0.7,103.79497097079715,109.426587968342,22.68911763861488,28.68311164465605,164.29177327200023,157.92448292496482,132.53833671886525,132.69369136518185
22,0.7333333333333333,103.4687058259905,109.44024626956292,22.74802065108173,28.842292966572316,164.70909211931493,157.18378958087447,132.29690518144676,132.64395744558541
23,0.7666666666666667,101.40381667471931,109.42762963413266,24.64223104064238,28.343410785584435,168.73746576396056,159.42415454918267,133.63790188746464,133.75657550847453
24,0.8,110.14545920614539,110.27053637436812,24.28740763612256,28.88491009410794,165.5705962793229,158.94008982316734,133.04391331087385,131.90397936364155
25,0.8333333333333334,109.77770155889313,110.23211898161132,24.03104544006389,28.81765657949656,165.4121050796171,158.64579946802974,132.98369770065136,132.06063377609667
26,0.8666666666666667,108.07241495858419,110.82898931485853,23.985143650213338,29.403551105050894,166.7877246168311,158.59166288448222,133.57863457554518,132.83870599117998
27,0.9,108.21319252053301,110.70141190547214,24.161460141136406,29.475545327476944,165.7689654831443,158.32458184611153,133.8039167793794,132.4450077224816
28,0.9333333333333333,109.87567179627104,111.11303166135295,24.605110635845026,29.585322675564864,165.66922666885515,158.1767003510163,132.23227549215656,131.7844327622119
29,0.9666666666666667,107.79648737380343,108.06921855801407,23.996015099349908,28.75709319970148,164.45904323100964,158.23361517123243,131.10017418518683,131.09588495250733
30,1.0,107.31065825429025,108.1406101131506,23.725398014177394,28.643430921710316,162.95345828109038,158.03882590846214,130.5228062963667,130.86641159362318
31,1.0333333333333334,107.42015267025265,107.79159357052444,23.747309520604933,28.45866866399842,162.53727142317342,158.31680931674327,130.0329360560454,130.9380771219512
32,1.0666666666666667,106.35672593246036,108.18029034723254,23.627838928934494,28.279408139129323,162.453628672974,158.36989607871092,129.67262460268873,131.14512708092326
33,1.1,106.50772211469656,107.77225038438816,23.922303026539655,27.918920237321224,163.34984895478405,158.05374953318645,129.83180401167024,131.55714945842396
34,1.1333333333333333,101.64241836581796,107.84957908572007,23.901430057104047,27.802434834827892,164.6879332625165,158.11147326431757,129.82299481679667,132.12498525502147
35,1.1666666666666667,100.93136354670675,108.2637000153631,23.90282962681094,27.788959398604042,164.28232703858228,158.71389838452347,128.8006916932981,131.96610311913793
36,1.2,102.71562866683473,109.66711539118738,24.58385549897571,27.784359500108035,167.13194960179132,159.56811513748553,131.69180879905383,134.39218779865817
37,1.2333333333333334,102.44124702246086,108.67853047667744,24.650491695910834,27.503398208763297,167.01041283098658,160.0840622276779,131.48812416561447,133.8203288201795
38,1.2666666666666666,100.75231561015609,107.61342211373264,25.437792355431014,27.176886808218345,165.16952170747663,160.40367532730727,129.90540624285777,132.60752689458107
39,1.3,98.44039855189234,107.30043985502968,25.171629107483987,27.224571072678657,165.25857911855869,160.77154016007722,128.44668141093686,131.93937150606519
40,1.3333333333333333,104.10736927806136,108.00086998235996,24.432942494087357,27.48356715457686,165.51517257315874,160.48793854757034,128.97084148945166,131.99500272589262
41,1.3666666666666667,108.9168031751241,108.63609975011789,25.40479597106321,27.581954980342076,165.6192792268116,160.85435368881886,129.28838562558502,131.54644236220244
42,1.4,109.97411575249373,108.79295665910128,25.606152554307062,27.603638483830085,165.21309219761517,160.54151932917623,130.0194570653732,131.6733159981051
43,1.4333333333333333,109.54245297293615,108.37577931963177,25.347316059450858,27.58490264778212,164.56789230921152,160.33554839621837,130.68906336574216,131.4288973956525
44,1.4666666666666666,110.21721493514235,107.12391446368876,25.671178267231276,27.605691671878724,164.06672683274095,160.59976695183957,130.3169886874577,131.37504042839643
45,1.5,109.06154800639571,106.77678815511747,24.72318799077298,27.26992389722902,163.0929483398269,160.30765576038579,129.39605024979136,131.31400981224587
46,1.5333333333333334,101.53878753008667,106.571400277736,25.379890519815135,27.505490899183332,165.46843183634726,162.21385765187964,128.24646734810287,131.65745024736583
47,1.5666666666666667,104.48802310018785,104.22757866182131,23.99280112768104,27.54626800488065,165.44040705410865,161.69561109351008,128.3387492647599,131.35061371050605
48,1.6,105.02352176019087,105.91254021793969,23.868969573792704,27.855107315317127,164.61885264011855,161.98237460477313,128.00821584528506,131.2301860679191
49,1.6333333333333333,105.04335716089042,106.06022969679482,24.054901883951818,27.75426344150665,164.25331737080023,161.77949597331107,127.70045323452014,131.3218766910353
50,1.6666666666666667,105.68487709657295,106.74996382566603,24.098178453070073,28.372505467635584,165.06601969294618,161.83817911595958,127.81055287576429,130.90445752447948
51,1.7,104.45610142985957,107.61323205868102,24.86442275424583,28.39722810146935,165.491013914912,161.53785061672883,128.2342809201575,131.4032886326633
52,1.7333333333333334,104.71263103672284,107.54683033805728,24.380029927176544,28.327525017871245,165.83427434468484,160.4990481632403,129.70362008528454,131.87600932389145
53,1.7666666666666666,105.40534814063095,107.52836582407167,24.407418176623374,28.53317746633184,166.73372806510227,161.11867237587103,129.77582103355226,131.94432558096358
54,1.8,104.48322351382225,108.07441693827585,24.607365872388183,28.387203116614227,166.73261969988818,160.910091850026,130.00121661349965,131.81051979527612
55,1.8333333333333333,105.36452628383933,107.80479068811957,24.164097330478572,28.42129830286033,167.27855683771617,161.48173092834628,129.79961045106583,131.62784716582962
56,1.8666666666666667,104.4271947959973,109.62848853640267,24.426707390369856,28.485004298662552,167.93809368327004,162.0720450483341,130.7245251382139,132.19818738945682
57,1.9,106.20180285164628,109.74907703247943,23.909520225850173,28.76541175351764,168.91841257934044,162.83708146565573,131.0301605951585,132.1879309107792
58,1.9333333333333333,106.22855426461668,109.62317933835705,23.860587181353388,28.835627126653694,168.61842912219853,162.70040565647923,131.44330266369835,132.23620000984303
59,1.9666666666666666,100.78118938509618,107.54371993243892,27.02497817869923,29.192942781395274,169.21243203821112,163.17458740327743,128.31103623724118,131.22245337457346
60,2.0,101.53782206272344,108.07627475944432,25.818871610013655,28.910456063535733,168.11460488185742,162.2054382144893,129.83480338736715,131.5644301799214
61,2.033333333333333,101.50332198202126,109.25432630580838,25.12225876569781,28.761625170965345,167.6786849957655,162.2715300013281,130.74310046695993,132.6081787371021
62,2.066666666666667,98.21855220799138,109.95966096211966,25.500713305417214,28.825214772138548,169.10552506511928,163.2029446279624,133.21436760740374,133.5991573072373
63,2.1,96.42497092175252,110.16997359460467,29.273692633471505,29.147016694877895,168.57432321698954,162.53770824605286,134.80944875411876,134.70557332771
64,2.1333333333333333,98.05516711444193,109.19766998737612,26.86529729601548,29.4083454406405,166.00904760947424,161.69607016334575,133.73602828122168,133.73404169228573
65,2.1666666666666665,98.22025397853223,111.22554974421863,26.569073873070916,29.078823824667047,162.91367983040678,160.57177553835487,132.0524582111714,132.98676482798498
66,2.2,97.95835950835348,112.16295947923085,26.316026841084863,28.977303012525432,159.46701376077823,159.43173998473716,130.9696841696786,132.77990048346874
67,2.2333333333333334,98.70751416780556,112.54431422835165,26.113495554650132,29.0818933494628,156.42037852491657,157.8451229526174,126.71359527330532,131.44191723427426
68,2.2666666666666666,95.82186381269833,111.97661566779747,27.84711539918464,29.14520636447151,154.96978297830415,157.29138158692658,124.5769147051562,131.61757590350592
69,2.3,94.53625100522274,110.81751325841194,29.768681339098972,29.344890110368496,155.47585490958048,156.67209868137547,123.61852419852696,130.77223443675538
70,2.3333333333333335,93.2732603300283,110.64849148557269,31.06118456536871,29.719126329063688,154.71476583075875,157.41687775130484,122.19234883325495,130.91789720173801
71,2.3666666666666667,92.97596404971026,111.08934330058683,32.54994152453956,30.124024486233683,153.90275987305867,158.1223909894892,121.14033320143668,131.2753977849972
72,2.4,95.40824639646326,110.82600266096001,31.152746468187498,30.130229378821255,151.56295866069115,157.8467259244326,119.15563485441099,131.15422686110423
73,2.433333333333333,94.24353550224744,110.25021004077061,31.020101082894804,30.378214575043167,150.15200132506024,159.1357871266766,115.03549059133863,131.4573107068267
74,2.466666666666667,94.50075212597093,110.46482079608612,29.33636882362279,30.485791565167528,149.98439319587195,159.90577610917785,113.82440599869936,131.36823683139318
75,2.5,101.11932622303159,113.06871196498673,25.005099311370344,30.091418352463084,153.36884701490743,156.47916515896185,115.42960654314548,127.56464542462682
76,2.533333333333333,100.23707640691659,113.98303554153742,25.698785862031265,29.82906077117302,150.90839090789422,158.183023536311,113.63010665445245,129.35279160380583
77,2.566666666666667,98.95657065949482,114.72834676161813,26.611917553981318,29.437072575794083,150.7073985924325,158.87890261598005,114.88456336385806,130.97786473602812
78,2.6,97.88745255412351,114.10290813981645,28.093006042479736,29.381810507619033,148.68558231723858,159.84762639812786,115.5914870735037,128.63101932991748
79,2.6333333333333333,92.40451157761119,113.82265580686114,31.98511339595783,29.453162635355774,148.05898880774947,160.3902112641495,114.9232065939391,129.00213666186755
80,2.6666666666666665,93.44601646730689,114.74729992227823,32.02010473742655,29.949596771685965,146.97461510357914,161.2473733777049,113.63927235420171,129.0951397441527
81,2.7,93.23045746804091,113.61036047274315,31.527889831173944,30.333131215960876,145.03773676224367,161.13616689437552,112.40421505525973,128.99751053304286
82,2.7333333333333334,91.72220713001451,113.79934137693968,31.88803000935812,30.363004148228285,141.88019716661904,162.44575855754587,111.3662925483459,130.66450677621603
83,2.7666666666666666,92.93001142190428,112.77623189035837,31.82337275512656,30.643816169536542,142.3023737013684,161.9477871092774,110.56318177778536,129.25163787037843
84,2.8,93.19750262590107,111.97134195585397,32.18889602959886,31.19475901788723,142.02872295715477,160.56333159717602,111.43916493777022,128.74200764048922
85,2.8333333333333335,93.3865223440702,111.26185882352044,31.93100036972664,31.082077955174164,142.38806009951273,160.3870701270155,111.91447146685292,128.5466532225484
86,2.8666666666666667,92.443848088193,112.31290656708723,33.927135963512995,31.041658839535863,143.14754577994898,160.17445762272635,111.77715269901525,128.00412487761207
87,2.9,92.64556819663807,112.95792342823584,33.89102387780852,30.69932822380122,144.3902016526019,160.31368437330678,114.18954446361798,128.22431221894203
88,2.933333333333333,92.81181655914584,112.4293112169703,34.33885602056068,30.708606625993365,145.22541474524903,160.40812952780442,114.87887524118501,128.53987332588653
89,2.966666666666667,89.22797226947104,115.07562640059183,37.77692799207871,29.627437935780375,147.8787700821558,159.91776210329252,117.62560358862846,129.8298474447423
90,3.0,90.72595059139532,114.63049767796194,36.658227986144745,29.56038081791061,148.30766480657596,159.15254592219,115.88631360911123,128.92262612172055
91,3.033333333333333,90.56920484350017,113.81464574921867,36.280772388533315,29.128506011030854,148.48680676472,158.47921795484,115.33316578562201,130.07291131008375
92,3.066666666666667,89.79417443854697,109.83005998436623,37.227293690051546,29.34739153893286,148.6442861983259,157.0357216973875,111.11063322902815,127.17874135147433
93,3.1,96.63335983776983,109.78417031608015,31.97311088295503,28.745870076180644,153.30414233984342,155.6002420297855,116.21264137104647,127.47577044835971
94,3.1333333333333333,95.17195674339358,111.82453719977983,33.5324033655971,29.0063662256587,153.7795237911332,157.50374106238976,117.8760141369848,127.82722503105725
95,3.1666666666666665,96.03665114969719,113.02168348387032,33.76162485455546,28.77461654750425,154.45570909055292,157.92043200457255,121.99612908839315,129.3222724744644
96,3.2,95.6507878067522,113.43573170651251,34.19822188556638,28.71758425381702,154.96649149147692,158.93870901122654,124.17410730119252,130.47366972690352
97,3.2333333333333334,97.12436387459036,114.28331338720919,32.609636396483054,28.152989080421744,155.24950723846143,157.30936883481863,128.302680148347,131.5963595733032
98,3.2666666666666666,98.16324261915801,114.83843215497537,34.1447780673702,28.24783805501988,157.38082083371322,157.7527693323842,127.23217991383216,130.87283747096697
99,3.3,97.16730489958918,114.53308089030736,34.08852405522683,28.15425604815738,159.26225980547412,158.06207844237585,129.62285833178672,131.32965490410388
100,3.3333333333333335,96.90880270496827,112.86353055395293,34.79942252938947,28.609861871223284,160.43535908569845,159.6079882652543,130.7632126148136,131.68292454611938
101,3.3666666666666667,96.70226086553436,111.62901024456968,34.69299688849514,28.780961216428114,159.22353805658716,158.48042429712356,127.09390187879833,129.94884414083256
102,3.4,96.48845236197347,111.53064027274905,34.284870359879214,28.856477773237117,160.93259025717086,158.47809146795754,126.98010894055659,129.34589894088592
103,3.433333333333333,96.68610839893601,112.03355935746359,33.29460203036056,29.029039596049344,162.63552728930665,158.89254598891247,127.67873154111679,129.34224474935388
104,3.466666666666667,100.64635000879872,113.10154446794976,29.773905224985494,28.840154333896717,162.68080033919915,157.92882599699269,127.9428775183712,129.55762261804728
105,3.5,97.90783439352984,113.12163273511412,32.9295627340525,29.177572693949156,164.27099314484227,158.66333026118542,129.5647867013283,130.1008425002271
106,3.533333333333333,98.1510513770538,113.6728975161888,33.55542008281145,29.08369678229509,166.09329188496534,159.4496992967542,131.19703617177507,130.81593718286646
107,3.566666666666667,98.685473452951,114.9446809074332,32.70998410257337,28.674909304425302,167.08773378795678,159.97475039344613,133.7233610006118,132.12784346326112
108,3.6,99.24838847041728,114.70872808583648,30.40636452945511,28.611276302247724,167.9532488383799,159.80440294249158,135.38729876141278,132.98947953751284
109,3.6333333333333333,105.02149811677164,114.91129235525828,26.51856008043514,28.49795457355177,167.84869864327257,161.14094386637876,135.55095633182518,134.10983845569413
110,3.6666666666666665,102.61451290488705,114.23142966277577,26.51253770980894,28.58816713301068,167.56968987212448,161.63800794058653,135.72851184172833,133.83942144559663
111,3.7,103.54158159313535,113.87812104870402,26.416413099465252,28.392326312286386,167.8541465366106,161.80082256207072,134.80735292562235,133.80785403112372
112,3.7333333333333334,109.11116441711539,112.86174641577472,25.530963671948033,28.22537283753547,164.1844226505542,160.14447380118028,131.074793627356,131.3132139990944
113,3.7666666666666666,107.82619972529986,113.61771034066832,25.695750465623366,28.199700873352885,164.73002267786015,159.48586851670768,131.3080577876234,131.76478895663783
114,3.8,110.09463630576516,113.02187636797498,25.952951322705506,28.059220343531695,165.2598130080882,159.61647429915115,131.24819248092302,132.2691124848462
115,3.8333333333333335,107.62549272280015,113.26237371828852,26.014113941706906,28.079115803359993,165.8328617770438,159.65464566632,131.38925184465444,133.41247499280482
116,3.8666666666666667,107.46517887053606,113.89269694634692,26.053532463350802,28.052551384911613,165.64503288570984,159.3356409433798,131.14318891166744,133.7454304314449
117,3.9,107.69935709730554,113.24160558526368,26.051858058320384,28.13205735646511,167.00530284063416,159.65600092336754,133.14459792629142,134.14862955956477
118,3.933333333333333,106.70180048485348,111.36254649481494,26.59667008437959,28.278095274571772,169.11100599089994,162.98340547795542,130.75531485998542,133.59839802649518
119,3.966666666666667,106.82615017493194,110.69921397401679,26.174373038572686,28.286880720468456,167.62996984918482,163.11084214763974,131.5055328982288,134.46634047313586
120,4.0,107.79535033855707,109.65325211171337,25.7654947611679,28.399991333571766,167.87637643703385,163.60318491067747,130.31058486124624,133.71727278608503
121,4.033333333333333,108.88777035558762,109.70785698235241,25.102985857963468,28.43871317507631,167.62642572237024,163.41663075520782,130.6670050372444,133.75563836554326
122,4.066666666666666,107.88219351264817,109.83691062859744,24.65982922872509,28.52946447557032,167.3964753327264,163.2071058246683,129.62997240686914,132.59570667513347
123,4.1,105.41246505228742,108.1850255950905,24.801189735412326,28.700857273368204,167.55487110763661,163.38885541438538,128.99376263528697,132.74808267983585
124,4.133333333333334,103.6467634314855,108.5306424454294,25.215658762538478,28.458055863258544,168.55141596150068,164.62578761386231,128.67618496850466,132.916602547777
125,4.166666666666667,104.02484450710409,108.19311203553781,24.62028046365772,28.24356299577604,168.8677197541503,163.80746123160066,128.79494024842592,133.1301761767285
126,4.2,102.83662741174598,107.02760532836113,24.712613499848683,28.234751863505252,168.591306781281,163.72149192619602,128.14439658004835,133.10730720383853
127,4.233333333333333,103.01466012349496,106.65946817686857,24.391231699519633,28.400690324216427,168.36726819104808,163.8518288997682,127.78352855951049,132.66365735395806
128,4.266666666666667,103.20163100244216,107.48012206214347,23.931674382483695,28.56336662400537,169.2867461139537,164.46088038188745,128.43275148892516,133.3077747676415
129,4.3,102.5975737048007,107.79275445563766,23.38544222919648,28.46290268414296,169.09734656980808,164.45371181082726,128.48097722202763,133.5907623857825
130,4.333333333333333,103.75881463704424,108.34866318722867,22.96092526941907,28.66277402311008,169.78340200574954,166.094473178517,128.87766313322857,133.97685172646882
131,4.366666666666666,105.7426243312357,108.00534473566833,22.21146353463888,28.406869999405615,167.79917003706157,165.93360466793638,127.43998666364256,133.82022242504036
132,4.4,106.04424357665819,107.9409590749606,22.32932385111958,28.448732790405973,168.16977450365496,165.5402873493375,127.86150114211782,133.5141510822267
133,4.433333333333334,106.7012362602277,110.36753832781912,22.121286913226072,28.20277771336815,170.93651854062273,165.34153746053485,131.64638587098287,134.2923028238349
134,4.466666666666667,105.36148378217716,109.93906368917285,22.628193214321982,28.215802437296485,169.7773933263726,165.32917540543482,130.3280190238305,134.03582582928178
135,4.5,102.3924908662759,110.03989390376225,24.039328322669856,28.214242416827553,170.08210357601166,164.5607953225584,129.82138358319037,133.5225638331174
136,4.533333333333333,105.17017584433428,111.7016736237045,23.166163262043753,28.2164426026935,170.6593924402661,164.2638688691738,129.9808586801084,132.95924202124974
137,4.566666666666666,104.3722270027818,112.76703168626659,24.737381104825314,28.481771390858835,172.66455491129068,164.9831877421216,130.31280506210194,134.11634441506942
138,4.6,103.89857487407298,113.5297399800654,24.89449865723228,28.66661193876642,171.19687119993844,164.54545335328385,130.1226462738182,134.2270706362948
139,4.633333333333334,102.48511478218914,112.95579104037269,24.7655481230476,28.494175480887087,168.93877568278143,162.0774757335328,130.23619732082958,133.00925336412834
140,4.666666666666667,103.43890881070125,111.37986779342656,23.82943986555826,28.78557890987494,167.41578533461777,161.34748066612352,129.8624055037817,133.25184851165517
141,4.7,106.46068185121406,112.5182871985025,22.092959689903207,28.664185378772213,167.21856720483675,161.25334092020762,131.85628170438224,133.8139314178419
142,4.733333333333333,101.03997715833705,114.67078703834586,24.24362394647399,28.699125553771584,167.29131223234467,161.95527481227955,134.38700796471994,136.00084849073505
143,4.766666666666667,98.47072646703884,115.17458330723298,28.348741659175023,28.916728531118686,168.2220606388782,162.66474036757424,135.62509355999012,135.6452568915889
144,4.8,101.46064826457042,115.44698877659674,25.030813685635238,29.25573224825372,164.27122429505758,160.85604382904086,133.77633614875285,135.11547821610415
145,4.833333333333333,101.6612425634531,114.5508082740573,24.225659217962356,29.15482930267475,162.14480393038508,160.20432466463433,135.63520072355286,135.09263738920941
146,4.866666666666666,97.17465205069082,116.104957874436,27.473309267873045,29.466535045035084,159.2919709140097,160.71186943205913,131.25753325151635,135.51616821802176
147,4.9,98.57266595234248,115.87428183539483,26.56449224019722,29.366299967147025,158.9072556125649,160.9969185728612,130.03347052051163,134.74712880950185
148,4.933333333333334,95.76835885407655,115.14502057614607,28.561562364384546,29.31564433915641,157.70108102179373,161.2464202068264,125.14850988072074,134.93465464658127
149,4.966666666666667,97.15272268263439,113.7701092195413,25.88569342517431,29.427450652164687,156.5925866389925,161.61150156566544,122.25643672447303,133.48245469775972
150,5.0,94.06020203101765,113.61894554833489,29.92012480910873,29.37699023618618,153.39566775613395,163.12140039334045,117.207868841154,134.57429362562425
151,5.033333333333333,93.49116280753275,109.31115611591844,30.438109987177604,29.931512179537613,153.99418495501075,162.61970579776843,115.68539206027332,131.49558768465002
152,5.066666666666666,95.0084290036197,111.63078582534703,29.794763169567275,29.76734647696196,154.24660312449157,162.9455967994466,114.38455484013892,131.1189660733716
153,5.1,94.84024844446672,112.50119778200275,30.503498750415538,29.514655681018834,156.7774899829871,158.76289242045263,115.47973655232576,126.13383536043055
154,5.133333333333334,92.11526281666791,114.28574976343577,32.60215330995396,29.228036164779777,154.84104704792034,160.34598284073365,120.63698137915812,132.51802641387647
155,5.166666666666667,93.17438130951366,113.18699833974416,32.99816051376474,29.2926751269472,153.66605179503316,161.30971128027758,121.1116067034564,133.093198306656
156,5.2,95.11417781443417,114.50817483010685,29.58209182994482,29.25556695734087,151.59673246441582,161.10034156117766,124.06401607463283,134.29450067356862
157,5.233333333333333,96.3122785168782,110.41732022234578,28.81188762233606,30.053624575848776,145.29815218468727,162.69937530873872,110.51148590910952,131.53379989632106
158,5.266666666666667,98.90132521105407,111.64143319618222,26.182436827485347,29.790003878240704,137.69393788821276,164.44177049553355,104.19876716098403,131.92642821987639
159,5.3,96.8087752206075,112.39346722472453,28.712101702388264,29.67528163542393,126.3379147911973,168.31929513292616,91.75263932676187,138.20211988149975
160,5.333333333333333,95.55103777639357,112.07558048043015,28.56334984177655,29.49123950543359,120.79078419179764,167.51271996979628,88.06347998005934,137.2594554324181
161,5.366666666666666,96.11302587731993,112.07031653061976,28.458139558978484,29.404098072949957,120.85546939462617,166.06146014478634,90.78264351904456,135.22637114997167
162,5.4,95.79191965792039,112.83043299896921,28.868076411625157,29.32267421851823,113.9594137084386,166.55668779087682,88.99571022351712,135.76846175893496
163,5.433333333333334,98.64563084266996,115.13134215158702,28.031806369076566,29.254003913963878,114.76650152627154,165.51206757718256,92.68122525024677,134.21697274860455
164,5.466666666666667,96.76740639830966,114.80427960351176,28.881716614633746,29.216202438073257,112.31461681381813,166.9963744400443,89.3767766417419,138.52406691012496
165,5.5,97.57413466255464,115.41442895786628,29.64903273515354,29.334389140574604,114.95005476296843,166.62135857709256,93.98932304819323,136.43249046666938
166,5.533333333333333,98.96883828657691,115.12051387948253,28.65259494089425,29.317748165560754,115.98684315282367,165.88615640507032,93.40486571139505,134.9109922444453
167,5.566666666666666,95.85991538806837,115.1681047745524,31.314550554319553,29.33104086913952,116.61562979227777,165.57205586290763,93.6209433770131,134.42309498291746
168,5.6,96.33389018434156,114.09608073445035,30.94336978173647,29.079420546861673,115.80968881298226,165.56910939123608,92.08327841855362,135.16343102281408
169,5.633333333333334,96.8839632977121,113.8153910779678,30.2203114224631,29.12742013203511,119.00510396184457,164.52886880379342,90.40206713150663,132.14292512178497
170,5.666666666666667,96.95206719859792,112.66817941847275,30.085469007490712,29.356388124135602,123.1969137608099,163.45288321690833,92.14332446268861,128.35775943154428
171,5.7,97.2308577998952,111.99164109761917,30.491056504777298,29.806722602255324,128.37508489155314,164.2122031467687,94.39239354362496,127.90330783438733
172,5.733333333333333,95.35732870363448,114.2379562299368,31.584931769323834,29.320961928270712,137.42743230224167,161.62005675101733,102.99145127357632,127.01840228016695
173,5.766666666666667,95.03895458080657,113.53400557469399,32.57929661562223,29.47109558500895,145.61312591532857,160.49756307995744,113.34224370838989,127.57044282985646
174,5.8,92.97820828889185,113.81708192239768,36.07743810116115,29.571164229407465,148.83330944137268,160.59844507945553,115.53242281505423,127.34797686389727
175,5.833333333333333,95.34437589740295,114.64970049507176,34.11223646049012,29.21942101273914,152.07396643874014,159.14673607582586,112.37912357308603,128.69097550840297
176,5.866666666666666,93.97517479199674,109.97562207487728,34.25259449372821,29.373196771301796,155.59347925130933,160.2974186805378,112.13729632872365,131.41285285560932
177,5.9,94.5430297002873,111.99933629575777,36.779303301826346,29.977822281619943,158.04181775894108,161.0110169119654,117.34483525953709,131.3202862452771
178,5.933333333333334,97.18912431529697,113.40472483161368,34.87082860733869,30.033755357161407,159.783308974566,161.46833856183042,121.54932167166562,130.51713126793402
179,5.966666666666667,98.6422238285338,110.99745539836064,33.432446018902624,29.949454206206852,160.1075522668048,159.70639678022417,129.48443250086493,130.64145359563256
180,6.0,98.6196509926516,112.65427535766939,34.03923427993226,29.527071952960565,160.10223812211117,159.77558011987696,128.0512730530172,130.12489464247776
181,6.033333333333333,96.15809834323593,112.79016181426671,34.010644368834534,29.451013665870512,160.72164704312632,158.89186944810314,127.98553028618144,129.8667410560783
182,6.066666666666666,97.47018607178433,112.07428546933478,31.8844022824298,29.526524321785892,162.37013996151887,159.0506682030771,125.48983942538237,128.45747391634524
183,6.1,97.42347968587758,111.34661015835376,32.017750966795866,29.720287891555174,164.06551318858055,159.52205493095886,126.82639953094555,129.21993261568392
184,6.133333333333334,103.2102116305425,112.13897548621811,26.74541856569673,29.540768295776488,166.5160352168294,159.3630458552442,129.486069096892,128.91302075625242
185,6.166666666666667,107.06282648314834,111.93091358450074,24.63858543258994,29.624202541058924,167.33598989821883,159.3962967523054,130.27161018605628,128.51955047926873
186,6.2,109.88457614115352,111.93210009965692,23.116139115628794,29.923545384770343,167.3444740255397,159.37603149386374,130.06451627578127,128.21890155931996
187,6.233333333333333,110.57726498567845,109.2617335040449,22.511284719123328,29.85386126853806,168.12902352198768,160.39852302067686,130.52055296518955,128.95866544304928
188,6.266666666666667,106.5488809860674,110.32795962808363,23.32439838080532,29.262811428586392,166.931787576998,159.47442354305292,128.95337405506422,129.32654965465318
189,6.3,109.63996980931555,111.46673618095332,23.04642595863785,29.164014736569246,171.0461450408689,160.92020613663436,131.29789638319048,130.88110388749558
190,6.333333333333333,109.25254424965846,113.6144014906971,23.413648251157817,28.644261387031218,172.54857837172275,162.28811120950292,132.94227774544714,133.16726846955342
191,6.366666666666666,110.513257302982,114.12895892565055,22.381403060240867,28.642193596216885,173.2773719694863,163.71229748207514,132.76967744059584,133.8526701178199
192,6.4,108.82051680436113,114.99056539951972,22.71327798300959,28.768098163431436,173.70623565708723,164.41272985127202,131.49671175480466,133.9791802590547
193,6.433333333333334,108.99378343640093,114.94550355698249,22.34252495824034,28.643868239841154,173.94726844204757,164.1006316362362,132.94787880178188,133.7896778540492
194,6.466666666666667,107.34005225888711,114.16610354080761,22.25609045289426,29.020318153436133,173.98504854769394,164.03514023757165,131.47718425355197,133.26809762859895
195,6.5,105.77850406955545,114.50955644670563,21.916283078154116,29.118714892353776,174.09770842294233,163.70905172644194,132.83251631607675,133.7692565965085
196,6.533333333333333,102.87834193240194,114.52797671061803,23.923018057243407,29.14287507990063,174.34720802406196,164.53014536616627,133.7675094471636,135.31670879286096
197,6.566666666666666,104.94369492373242,114.87581395422491,22.33247266107831,29.326324646352713,174.34787523253647,164.46445415394217,134.06472871489524,134.7718685291199
198,6.6,109.5667527652034,115.74467862760193,20.252099162213685,29.790909714802297,173.67623648803755,163.9206079632599,135.13441538036932,134.59023047529703
199,6.633333333333334,108.44774661443225,115.146882457188,20.031002909536255,29.50677493153974,172.73443730287318,163.15669374519777,134.30514843431843,134.9396166809919
200,6.666666666666667,107.79096129139529,114.36319389363787,20.276853529491298,29.426130046073023,172.63627766062726,163.53665560075973,133.91127561640045,134.9332702195536
201,6.7,107.75430512921324,114.81243527864244,20.52409347485498,29.466510770616495,172.5071880200366,163.8622230554864,133.9647240694746,135.1855065365346
202,6.733333333333333,107.07643046577299,114.70038218087822,20.059775612974725,29.290274695864365,171.53663856709628,163.35007891069995,134.2710296037623,135.88565094230353
203,6.766666666666667,111.57905632620894,113.94298392358688,20.256441212185532,29.448301751414167,171.01747313422675,163.2747372336133,134.3065730354593,135.3099590944425
204,6.8,109.79822294919428,113.87893602787094,19.781337070271903,29.46787930150188,171.36856839517472,163.59889456680634,134.08201093884384,134.6662263958869
205,6.833333333333333,109.86706974465075,114.32280916508867,19.685960494688075,29.392392146566312,170.66951531379246,163.25060043868595,133.12451864734672,134.58657889123
206,6.866666666666666,106.36348416912536,115.00351450134343,20.637804423867575,29.371957448126796,171.9470338211104,164.24557801902034,133.11278175400204,134.90938761546772
207,6.9,109.93492580249786,114.98641297660822,19.872199758825875,29.25506779840636,170.51043016296435,163.85538185515594,133.6734718484484,134.76875154028835
208,6.933333333333334,106.29848917331184,114.6144481070935,20.512714177666435,29.191606198880706,171.0621732805165,164.10751695602434,133.61642411793719,134.74915476148686
209,6.966666666666667,105.8278481772605,113.370284301004,20.93950354935613,29.142644824357735,170.41534620242953,164.54724507620722,132.8253485950407,134.57366247908064
210,7.0,105.33396512500315,113.37736895397185,21.058427584308745,29.135148205639005,170.18276576447334,164.08581243064924,133.10123716174922,134.54843578216972
211,7.033333333333333,107.3648228109212,112.93154426091176,20.415472792942257,29.12446410944919,169.49825156394564,163.76687436034,133.3206027093951,134.61139854482875
212,7.066666666666666,108.42211059117555,112.64470377157586,20.300163138278428,29.19210051381635,169.2200846615507,163.45291321156756,133.39167015986592,134.41339261754754
213,7.1,110.82818942255349,112.73518432802362,20.815344583086453,29.090942223446365,169.13956834249916,163.50766791222233,133.54976179785012,134.38916512031673
214,7.133333333333334,109.64182572819995,112.37355299006886,20.293599102319458,29.174163824083774,169.75884924234998,164.6008225095687,133.6427147447419,134.36039371254913
215,7.166666666666667,109.49007628973655,111.6053286620675,20.401907579796823,29.089674920150664,168.53069129387353,164.19798100261613,132.3280190408953,134.07245192776904
216,7.2,108.89915082545608,112.39804165826646,20.522881284280793,28.807404130596773,168.8351545335076,164.03748569998774,133.34313570289947,134.3535334534107
217,7.233333333333333,107.66586057766861,112.84698228703891,20.966679392514855,28.64943305717053,168.84900838080824,163.61761468148163,133.62771978022457,134.6416863602136
218,7.266666666666667,107.98070615799944,112.86559859403927,21.075583478153348,28.665921253823882,169.13420394901397,163.80745306826736,133.40254160050984,134.47932761153237
219,7.3,108.65781695562998,113.10560277356,21.016550845218397,28.656676866880208,169.37218474362504,163.64886952344517,132.7412654187586,133.09867346871457
220,7.333333333333333,106.65011008373757,112.16088164168299,21.51011008832609,28.525472939716096,168.26916167201108,163.03036599779466,131.2441292693166,131.89904574966627
221,7.366666666666666,106.50207030267269,111.23885458067353,21.405186582362493,28.52826723607197,168.07576606450507,162.65317755352598,130.7196196195773,131.62146750400575
222,7.4,107.18494417009605,112.01851528131333,21.46043946134049,28.451558772449584,168.75147761871438,163.64547691478532,130.95348617834767,132.43889338706322
223,7.433333333333334,107.271395888377,112.48627635122455,21.61971895369733,28.414218939105783,170.01530507728637,163.74732247423947,133.02816605377532,132.77507763627113
224,7.466666666666667,106.29503165576078,111.8560468919604,21.68341006043977,28.420990757458945,169.5942566778768,163.80773835983115,132.2617558701497,132.63162401287966
225,7.5,106.43346449681401,111.8863800206262,21.302175546802747,28.44634679555048,170.5713285295141,163.81650090036936,132.78324125609527,132.74223862125393
226,7.533333333333333,106.83159780689067,112.5251370454241,21.45387638994757,28.59095984101101,170.24250657946882,163.49594145583507,132.51961323917556,132.84959322379572
227,7.566666666666666,105.98640176545754,113.25105818282206,21.67407069083133,28.609786544299045,169.97595056483064,162.92791660748898,132.96762294434907,132.89500138066953
228,7.6,106.53433273390831,112.77004058603305,21.667290496586165,28.48329224792829,169.7256340621277,162.6792234727903,133.3629723420789,132.96174997688456
229,7.633333333333334,106.61009917182182,112.74663046871801,21.66274066138286,28.476241728260614,170.0227127677434,163.09979817478447,133.56089338956411,133.0459302574804
230,7.666666666666667,106.23691031918668,112.37375382786752,21.641065115932292,28.450518881733537,169.77083205110637,162.92912067035027,133.00520333232984,132.68833246825156
231,7.7,107.85899044103392,114.01662200082026,21.798051987737576,28.380466481628073,169.57685898850684,162.77875196835623,133.9360906809536,133.7993975900741
232,7.733333333333333,105.58630512086089,113.4757342520976,21.879408550438757,28.281924203707867,169.65411784650124,162.8256916413818,133.0333847359715,132.70619845283636
233,7.766666666666667,106.39779198624818,113.39364199368146,21.485149253149444,28.283256595022433,170.24538805740266,163.28482717623552,132.28097957492267,132.69486422308725
234,7.8,104.59541733632562,113.51347121057807,22.155248173322075,28.394383313334416,171.35772102804486,163.52316524554666,132.07701871253568,132.66507686416043
235,7.833333333333333,102.96777847056116,114.26945471498392,23.654264296348156,28.467245076733256,173.65206919288465,164.59079211423835,131.8354652064292,133.09862770499987
236,7.866666666666666,103.16993078542097,114.49167747999826,23.603570349475127,28.519112053564424,174.41050401222188,165.29412570527097,131.65128750723918,133.5431293746951
237,7.9,103.5732099709472,116.33719969512104,22.61350147076713,28.69776067827613,173.96590260095056,165.20658932589723,133.68422495772307,134.83055208943648
238,7.933333333333334,98.89575631236144,114.58830835602409,23.073486463434723,28.36158576568295,170.46473854903516,164.0282392644585,132.51543899773026,134.37935971723883
239,7.966666666666667,100.83892571606674,114.79940481540437,23.42363338786152,28.352742195844463,170.18494432759653,163.49531655377479,131.87157823664828,133.8876769304886
240,8.0,101.79349226143604,113.8076438876212,22.481784241170015,28.519309706756435,169.13997104628663,161.86796123398884,131.73095916365526,133.0409122329364
241,8.033333333333333,101.82689790729036,113.7393836543695,22.442029164490428,28.563375407863372,169.03085929007415,161.3746596209052,131.6035449292993,131.94850866918418
242,8.066666666666666,102.61983196245806,113.8844621521871,22.286647366290584,28.544673005055554,168.90725112960874,160.79175597446343,130.64246393562547,130.82696945721383
243,8.1,102.86746713111305,114.42033281824978,21.483692391108452,28.806965408015763,167.85614512679066,160.21324859374567,130.49223652122808,131.13690051820865
244,8.133333333333333,99.37942038454958,115.29479639196984,25.698787597589618,28.82720050968449,168.6778637020398,161.4286951440725,131.57805053029315,133.4092837025674
245,8.166666666666666,101.17519376815555,116.20402306012286,23.97671588324554,28.96923846717664,167.69638585180394,160.77493126935065,132.87057231493097,133.99809304994747
246,8.2,103.56656935382038,116.35425990816073,22.284552642600854,29.10262480295477,169.0625868586066,160.91988047280464,135.8119150526498,134.3833231411989
247,8.233333333333333,104.50573476704606,117.26475581566775,20.921494016118512,29.225412343120606,169.40055608761736,161.31984682451525,137.18315106752928,134.26609805166285
248,8.266666666666667,100.85355381446362,118.75108510727114,25.914730065332662,29.51413759669826,170.19670876063344,163.28995870363525,138.45152183975011,136.69020828688477
249,8.3,100.62713826777656,118.58336070407879,26.56847064077437,29.741417726812646,169.23189151591504,163.119583426382,137.135237980024,136.2727457258894
250,8.333333333333334,96.75432858837189,116.77871946284438,26.392326784256074,29.94375548398658,166.69472051747107,162.12039017491261,135.2499510684724,135.2598456043152
251,8.366666666666667,98.75781742393528,116.50080708313088,25.91881144055555,29.894395639478518,162.93286518630237,160.28319738064903,132.53809796555288,134.01529757580607
252,8.4,99.24287712078618,115.68980018343112,26.390847873270932,30.238536525218286,161.09789500127076,159.60233269515757,131.68067769732025,133.8600919763484
253,8.433333333333334,99.65998708371616,117.62066092775925,24.971824475354506,30.365923543760974,158.65666976289089,159.32618563573678,130.59743955674162,134.7495033498599
254,8.466666666666667,99.87556999366201,117.33442728621313,23.223393508438548,30.531966094722804,160.2562077524967,160.1627667810683,132.34325776727997,133.99318309913065
255,8.5,96.92028450887355,116.85882183869161,27.23975699100066,30.309055428931444,159.2595308141448,160.82514050012364,130.54657638360396,133.92557642955526
256,8.533333333333333,97.00085666330185,116.9733211808757,27.840984991885154,30.163967154886357,158.19934693485314,160.41577045630908,129.0838656405752,134.35108027433958
257,8.566666666666666,94.96219315224981,114.92344260767754,29.354361092928453,30.127641995249313,156.96907467963413,161.16808552964616,126.03992168004419,134.67090015228933
258,8.6,95.75490469383149,111.9205875721872,29.508192897313922,30.44004481500386,155.78735538661235,160.69467111888318,120.10628528290682,132.53813761698905
259,8.633333333333333,96.9941136535069,114.53868455474431,28.90470448647789,30.267362108591453,155.96916978805388,161.98247116597034,115.00179446915895,129.64544692262956
260,8.666666666666666,93.27942099022987,112.43528492379197,29.934156852352547,30.1587889967275,155.0238405735106,161.31863628149026,116.32272352501795,129.67159465347547
261,8.7,93.10997688901557,113.0673703232245,29.018207586623596,29.98886075868545,152.81086531295514,161.39517486008245,118.34652802231032,131.83478776366772
262,8.733333333333333,92.58549748509414,116.56916832439838,28.977393586658987,30.30668523891007,151.9845511394994,160.68180064082273,121.24764104846437,133.6346527565756
263,8.766666666666667,96.08498613389358,116.48118173658862,25.136028158441455,30.329138462687403,150.9579673132924,161.61094997027422,120.89706189554803,134.1407305162519
264,8.8,100.43633103925087,115.48455795112645,21.543305177334098,30.409010257597973,145.08964363573537,162.21191205756512,114.97575238297927,133.5054566678798
265,8.833333333333334,98.31219286366023,114.19530857581408,23.520479175439842,30.947382107377003,142.1744172873731,164.7406895383831,111.2053058154607,132.72109097264024
266,8.866666666666667,97.5229938277605,113.56363530870648,24.417452109724866,30.970383027669687,139.199913819394,165.64187831087742,106.23373260380328,133.0286808519496
267,8.9,97.7554954074083,113.92992471827876,24.78212840185578,30.67873647857967,135.78977390486017,165.09713597901754,104.53231022290488,132.32202964702586
268,8.933333333333334,97.65868895204014,113.62544151653549,25.3321528618769,30.878760867710465,134.97453246278866,164.92190830803943,101.58347855842291,132.6482682089912
269,8.966666666666667,100.60658784067931,111.77550436636528,23.477037846880656,30.82428115412338,136.00504675156475,163.2544956938107,104.4496370878932,130.87435695200924
270,9.0,96.58147365418569,113.04148919279383,27.274415507972506,30.756986646539776,138.22523781449235,164.3378661075908,105.43486876756124,132.80962222488205
271,9.033333333333333,99.60789945673596,112.19332350440311,24.598234035607092,30.81018348927862,139.24357687488802,161.8311603347437,106.9768057606933,129.65665787049178
272,9.066666666666666,102.04925117543115,112.93305519912245,24.05370323489696,30.84197034062548,141.11325871630393,161.90034341651898,109.528011787462,129.79111405825972
273,9.1,102.07060220870208,112.41897733060756,23.373976694741785,30.947435894936035,142.08081247815983,161.46095859699128,110.48761274615515,129.4379026413888
274,9.133333333333333,95.54913215454246,112.66427653946987,29.749084119407296,30.949909944586622,144.83851447584377,161.4583416813159,112.80598199014196,130.1848463436395
275,9.166666666666666,95.51869230924027,112.67321869409928,29.84418894726038,31.067413961088437,148.07760970224197,161.0616641855475,117.02633762307279,130.44088427947005
276,9.2,96.40398943690951,114.98064470173775,29.532378349405498,30.590375139724667,149.87230840236478,160.39660346496652,121.50265850674327,131.95986694731576
277,9.233333333333333,93.68655010106059,114.09444232865984,27.856793712045448,30.262210944081417,151.59390878945234,159.23634416013442,120.08742149895541,132.42022852911808
278,9.266666666666667,93.75263733217143,114.47713464266408,26.703324310347835,30.18358990800931,153.82493714444956,159.1514638120571,117.8163338192369,131.77172819215946
279,9.3,96.07311403860714,114.61681355063607,27.82537829883849,30.265310438319492,155.91215361658993,160.5648993401197,118.38879689491253,132.6208224190967
280,9.333333333333334,97.64826576097185,114.36398459528294,28.44062687031649,30.36387592609721,157.49274318840503,160.55664490289965,121.85393395118092,131.53787103611452
281,9.366666666666667,96.70249237218722,114.81607313842665,32.47680326951353,30.504430471130032,158.41304427020623,160.80868968126822,126.81541945635874,132.54288800514345
282,9.4,97.57757549453387,114.66487362933971,31.02654352941684,30.673215795739157,159.0669909029194,160.68518065719837,130.81370499466632,134.06102805318767
283,9.433333333333334,98.61987528578179,115.00358184429324,27.572520860223563,30.2732030231029,158.94700212293534,159.74443421072925,133.35647063951245,134.61408317026567
284,9.466666666666667,99.58537137049878,114.59386547309772,23.829954401265713,30.012812633966316,157.76276771033747,159.182983399984,133.6927629940282,134.17902861635795
285,9.5,100.1922594352478,115.03987125075764,24.519052835985526,30.100739704780523,156.01456191493034,160.54548456577564,128.81085021461075,134.15521895148632
286,9.533333333333333,100.30672486336728,114.71236546034035,23.544851847091596,30.073086301623057,157.08953402333412,159.4780495629575,128.82129788972597,132.34654063269937
287,9.566666666666666,98.92231592167478,113.79148317704544,26.762338554962742,30.462401187602076,159.40012419516594,160.07511844574904,128.6069926044686,130.83849705096938
288,9.6,97.55705773998761,114.75780380886759,30.249462366003435,30.49074258597535,160.93829807007992,160.4805315955125,129.1593588103625,131.30867024880993
289,9.633333333333333,100.33209993925851,113.42728778431571,24.926144785873422,30.248502072781665,162.513872708755,160.20009053515196,129.89769246158366,130.96401870899786
290,9.666666666666666,101.13587985728631,113.28057253703432,25.013854957242206,30.094660799351356,163.9409219552639,159.4597682778404,130.15314908308196,130.88049674472936
291,9.7,102.39708694457242,113.42955653470594,25.41377822475241,30.005387083973254,164.88834205444036,158.36847151618056,131.14172161425697,130.9168985427762
292,9.733333333333333,100.35992459662032,114.93019524957299,28.65172142121014,29.843156214837812,166.0779940153836,160.20147119848417,131.56476896313322,131.9232496937224
293,9.766666666666667,110.48647966974397,113.95058155009039,18.943318956072527,29.271210619242286,166.24936509541752,159.6128765923879,132.4493234309916,131.47852985989363
294,9.8,105.50864798317599,115.32130280039247,23.791965102751714,29.426774261948854,167.62013434223527,161.01661640236023,132.7995964376379,132.2709626707283
295,9.833333333333334,107.20389356534768,117.44520546259444,20.934702940580465,29.364626363177376,167.30808447640538,159.71160265753247,133.4804958563739,131.82205791304403
296,9.866666666666667,105.7434362212977,117.65883688456756,22.12648992769886,29.212836003313477,169.234395760433,160.30301239193273,135.4693919321669,132.41003390152832
297,9.9,105.15317911310451,117.38852476104456,22.624024902641672,29.009241583668057,169.32602986205808,160.26681770713526,135.71012331251453,132.7501316820083
298,9.933333333333334,104.7718340588192,116.83457999154838,22.517118722664506,28.892698949430205,168.65761147541977,159.859809960648,135.14164287136873,132.68266249539005
299,9.966666666666667,104.1856694012758,116.53688984989532,22.721616063661394,28.55332508327293,168.89104164907903,159.95141252317896,135.1745659355543,133.22140702942528
300,10.0,104.5009691163746,116.74891274043259,22.28678405092234,28.66148025448919,169.48406413221636,160.19639524524777,133.98038773882203,133.07248906331625
301,10.033333333333333,103.12742527053697,117.13784962984406,23.252091339991054,28.51213911954853,169.5884493740997,160.5648134217815,132.63769049689034,133.13483988666343
302,10.066666666666666,102.8796275608063,116.4345829310208,23.155082278035884,28.385751605583952,168.53327747603504,159.5384207529453,132.68617040002326,133.76848250064756
303,10.1,101.7425443633676,114.7318024379427,24.06116489870524,28.521942231846953,168.74809994424677,160.69057547463075,130.63015839651942,133.01848941475086
304,10.133333333333333,103.21905276093146,115.12697473118895,23.105216980475685,28.674847736879965,169.35079285568378,161.83720842683155,131.24528173323418,133.4806810775701
305,10.166666666666666,105.31431709089134,115.6334525148349,22.30955862966933,28.80196206282233,172.65099614237678,162.94880412836255,132.7845557276856,134.32405955350646
306,10.2,103.32918843649551,115.97855889113212,24.179396099946572,28.775363696269768,173.4129681513369,164.20843942113433,131.76598392096992,134.22684557121966
307,10.233333333333333,108.30477986268107,116.01079102983206,20.94609645913583,28.55716186619946,175.9091513427343,165.6401998353662,135.88527931793914,136.4706228039327
308,10.266666666666667,104.6111736622339,114.32142844971399,22.734853753208018,28.67572905827694,175.20811168347655,165.65222788563622,133.08071078844122,134.81277316170917
309,10.3,103.18913186601401,114.51515746811876,23.250103460523928,28.443681855956957,174.3620766866141,164.35307512256787,134.34263127997875,135.25625368296332
310,10.333333333333334,102.29491434751918,114.35793200501938,24.405748026699463,28.615363230120014,175.51469506860167,164.9586879564369,134.04592915265,135.06001661254138
311,10.366666666666667,106.13164791523602,114.27830529438646,20.71221337247916,28.693973782282832,175.35206811183602,164.595972309933,135.2325387314108,135.09084689881288
312,10.4,105.75906293202824,113.53107926429296,20.623893376828722,28.79246195289994,175.34655516275524,164.7499907239933,133.4754565707652,133.77312595540178
313,10.433333333333334,105.83788506521732,115.42543510789221,19.83046198496053,28.832033662522687,176.78117272549858,165.75253456951188,135.59948273139557,135.68657341364738
314,10.466666666666667,105.74175556666755,115.27497414649962,19.996070495486425,28.813922204655807,176.1419719303116,165.550411213995,135.24380918699882,135.41333517037373
315,10.5,106.361522506044,116.44580608617491,19.324781580357495,28.86247000614386,176.24949438875126,166.11746788374543,135.47326323563013,136.54068015337805
316,10.533333333333333,104.38042210788959,116.54932725156756,20.449432806805326,28.857156111598222,176.72819520647124,166.36556136325382,134.77432280705088,136.528790570695
317,10.566666666666666,104.55110678694751,116.3817938054453,20.520753244874033,28.870247550120407,176.75822152499322,166.33002218450693,135.58740845686472,136.95990071287355
318,10.6,104.42886419166015,115.94151137823143,21.030312321788113,28.864088194785648,174.7603857948342,165.85906761779378,132.34572336581647,134.98263173184128
319,10.633333333333333,105.12165523584488,116.13277078685392,20.90770891405598,28.754779967150437,175.32685760545718,166.3963739804786,132.38499181483854,134.98831748598667
320,10.666666666666666,105.03013580962363,116.19120213370456,20.907248609083624,28.664996964693767,175.6588421848401,166.5063918915222,132.41365704037912,134.8508662868669
321,10.7,103.87079518420082,116.15542682130007,22.481943757110532,28.507344441388472,176.13642927979564,167.4258624357837,132.6721271344338,135.5825237866415
322,10.733333333333333,104.10487630370643,115.9978771310986,22.193472275700405,28.458443292776124,176.30556026956373,167.57267036040093,132.32702827786676,135.3601568805798
323,10.766666666666667,103.69548581868648,115.38091512069371,21.796292420132136,28.352376811335443,176.05593973790235,167.4175284380017,132.51434116482199,135.2241673737511
324,10.8,106.78902683634553,116.13188946334178,19.76677307082199,28.209127790299263,176.162433993484,167.72113058040767,134.51964724542538,136.03497107328255
325,10.833333333333334,105.98148361351817,115.43019387621123,19.952710553369002,28.18390882924806,174.4761333352898,166.81418524831676,133.5169695381318,135.34172871181326
326,10.866666666666667,105.33663346580606,115.69751906929379,19.925931577215408,28.10244521127237,174.70179315930855,166.78422371018442,133.84025106686224,135.47227852770192
327,10.9,107.14278275373093,115.51498738428998,19.106163100122302,28.06299927573423,173.67025075489184,166.0658454075159,133.12780766907517,134.3949667028298
328,10.933333333333334,107.43235480590742,115.14924090913645,19.253078071896223,28.02369917581877,173.04948625105405,165.28525043856857,133.10842124866832,133.94995109795553
329,10.966666666666667,108.36645761451119,114.83634171047458,18.973225231754036,28.04353356259045,173.34323822342446,165.2434933557989,133.13964489466997,133.9476959983599
330,11.0,105.8873681115189,114.21752504321151,19.487471906553836,28.075442337049907,172.50978275898925,164.35500330242013,133.41892643534808,133.46333437068233
331,11.033333333333333,105.74239164410979,116.10227768704237,21.10064761590827,28.14645647438313,175.18155006729154,165.28820419399088,133.06473920356038,133.7655854950241
332,11.066666666666666,109.90276144368212,116.42557110228277,19.1095405362954,28.212742401602604,175.5929102318936,165.85870762060947,134.18713123594156,134.3746575678744
333,11.1,107.9908619695445,115.6803690646486,19.377717202048274,28.270800674479716,174.41211480237914,165.3107839001145,133.23117791372502,133.57292588534207
334,11.133333333333333,107.95443785873587,116.32974064915325,19.8018047461499,28.31335457917749,176.31862845532171,166.10094819131933,135.56864551273662,134.75822207298575
335,11.166666666666666,106.06991300018765,115.40864526663486,20.09475975000032,28.277035002239078,173.3884849980605,165.15347811132415,132.95313131420477,134.1157846640024
336,11.2,108.22677608026558,116.28654201391932,19.614214872729374,28.470116694412475,173.71813599641203,165.603558737532,132.8275376854848,133.46153144476233
337,11.233333333333333,108.3180851065267,117.77486708104237,19.69644794185015,28.650835380065388,175.57807521425738,165.82883957759483,136.313976713231,135.52538560951783
338,11.266666666666667,104.34677900897516,116.97783559402097,22.948581938572126,28.603875905389895,174.89541546936908,166.64167498818048,132.4171821214371,135.10020508807523
339,11.3,104.53370268493522,117.43016222158693,23.11101383555694,28.583565400859616,174.30687167492275,166.13135101220024,132.74271968399202,134.68710000734805
340,11.333333333333334,106.19101036184912,118.22526237873215,21.721700307184946,28.688263517693038,172.99392962587345,164.614426808636,132.9440103102282,134.87306249704181
341,11.366666666666667,105.6651953412431,115.78642722805029,19.62339320034184,28.466996773143435,167.94420689113295,162.06358345469616,132.06285066678112,133.76961537888772
342,11.4,103.24989184112061,114.3565655626124,21.294961951170535,28.424461622482326,167.6433289979998,161.28874924849904,131.60110676131706,133.54680734354307
343,11.433333333333334,100.78495700877043,115.79010467430632,24.142447326253965,28.849090696240793,170.0150696393145,162.91802076009975,135.29858258199377,135.920440430904
344,11.466666666666667,100.01082162171653,118.29212873029168,26.875803915899837,29.209343407473607,171.72474762579856,164.61548304727933,138.91248918422812,137.21712512072764
345,11.5,101.5627555750478,122.25914998546305,24.05986918124089,30.01354414365993,170.34456841467315,164.36765554265745,141.20959826357952,138.422866982683
346,11.533333333333333,103.93918721219245,120.48139513241527,23.925834552989052,29.925646398918126,168.0453713217256,163.75071063025723,137.55456661071705,137.66808053572987
347,11.566666666666666,100.59732615019229,121.05992440416047,24.58019556137066,30.27120302983804,163.72970415661553,163.61035643810018,134.2402961244313,137.1187648867133
348,11.6,100.17724378774145,120.21148461316396,25.5897565748296,30.420178269918704,160.44987410468676,162.66563505885682,133.76799423148668,137.30801826472384
349,11.633333333333333,99.32295220175489,119.52868746245385,22.987298418363157,31.005906277433425,158.66382323014867,161.026809365355,131.81769661874839,135.94831663177442
350,11.666666666666666,99.41082229487114,117.99974124221164,22.80308939760576,30.665098045470796,157.54725243228756,161.60850278079766,129.98371578914148,136.23289764160887
351,11.7,97.93560829143762,117.90901860381177,25.537872982261174,30.589800176235386,156.572908491455,161.72430278011433,123.78934879577034,136.37944558266543
352,11.733333333333333,98.4177898568082,118.70537430743494,25.004784228758407,30.450782441336905,155.97931755090866,161.23319905322361,120.97188337231245,134.14422286628823
353,11.766666666666667,95.5686207291516,114.38394273598145,29.51264855181902,30.24008483977697,154.99778192100385,162.44540609206678,117.84473376933033,132.50849188620992
354,11.8,96.1236775993518,114.97706668598804,29.49597075527953,30.153112919246258,155.31884486854318,162.66519936880997,110.0647708160937,129.79552825353383
355,11.833333333333334,94.60627682853365,115.53118218055666,30.596161816563647,29.939943159838315,153.71353815787356,162.73096086006476,111.6177010600202,129.16420520362917
356,11.866666666666667,92.82955118400182,113.85154288096463,30.78272890341854,29.664113010337875,153.56890969939647,162.21870463869837,114.57798371962546,130.6194025337221
357,11.9,91.60873155437149,113.24183961413155,31.043914192306516,30.022451834236744,150.8673171970392,161.58179046170162,117.71485744789803,131.46657230617896
358,11.933333333333334,95.53378155198908,115.02467819500828,25.82383034708031,30.230212162625335,148.20889763225162,162.48641018338452,116.47906019580854,132.5033342960575
359,11.966666666666667,92.72085502146236,115.29159993208862,28.75686764384856,30.25975596227515,144.57384583388378,163.11303207377082,112.80197592694242,133.15115567749348
360,12.0,93.4719858682112,115.59053933296538,30.04295498368219,30.2042445970314,138.2678579710737,164.9136688858928,106.27977795627264,134.69338170916365
361,12.033333333333333,95.9074802508228,114.82791358252874,27.07164689271631,30.24314034589246,130.5080665243268,167.39345252605787,98.27125572739422,137.48558513162084
362,12.066666666666666,95.04400319687048,115.98094167075683,26.441056767158898,30.177490864080806,128.2781563206946,167.02702055687146,94.85641526514176,137.34751242648332
363,12.1,100.06082496103993,117.73360747532271,24.197351917790638,30.507522735263027,127.36551469107565,166.4003150886033,89.50138091299658,131.99962525648903
364,12.133333333333333,99.24566416746444,117.06901872459015,24.373526053261436,30.547146982693004,131.46774283691792,166.23082826409996,95.07172852527812,132.10301401837546
365,12.166666666666666,98.16938271457471,116.75540376769932,25.016904008017114,30.530115549406847,132.56507507020333,166.424559765552,98.00190343257452,132.91981533205774
366,12.2,98.39286326228968,117.49471167093213,24.811934903178482,30.587974567670503,133.09283347427893,167.1688346930294,99.6267592491892,135.06305989333538
367,12.233333333333333,98.16258559974378,116.34767554649754,24.94720834498086,30.534845871268935,133.98726882795387,167.18476656919643,101.38027858038616,135.20104837165906
368,12.266666666666667,98.18872591876351,114.59269599373613,26.36450863161785,30.902125966825754,137.15938083135177,167.50166193817634,105.15250870185274,135.00413877510027
369,12.3,100.67896616220932,114.2575267457715,23.43862595206578,30.7234497528265,138.95351708677768,166.46008155436962,110.3703267556814,134.60252329808085
370,12.333333333333334,103.76150252261095,111.18006314685357,19.384748708742904,31.0947010528554,139.54831396271402,165.16789457097062,112.83470029014592,133.11626263463071
371,12.366666666666667,107.34812904378853,111.45308456146488,18.664811872586565,30.802624400942197,142.4295369312773,164.85192318277578,113.10328509876041,132.4542226420522
372,12.4,104.11915654671861,112.59603247646783,19.13179115116057,30.609329854915725,143.81187651188006,163.968153905479,115.48325954570171,132.56386097287094
373,12.433333333333334,102.67348304272892,113.01321720997707,19.860382853704625,30.572241763877958,144.65202632305946,164.28809821114342,117.22213846545122,133.08218939202084
374,12.466666666666667,103.25706064482137,115.4345569184378,20.637193341841797,30.27894889684606,147.74986269431383,162.95201078349245,118.7761856270232,132.11016498314433
375,12.5,97.2818524447958,116.88522546923576,23.932554383308137,30.480777152502558,149.81760349650455,162.30992490149228,119.49125054062026,131.22712903441717
376,12.533333333333333,94.73390738326049,117.47733873719093,26.774080666114337,30.42909118105584,151.61714636705324,162.18698808543616,122.1427530684717,131.77147684256187
377,12.566666666666666,94.22694324688699,116.66651496834363,26.70703368620012,30.343862423579797,152.9308839777127,162.03332241260765,121.10837649532711,133.09470860251045
378,12.6,96.34980358863218,114.68530761813565,27.73000747395203,30.30138166849062,154.65438487098444,164.0546608849307,120.57981109626205,133.5950353471581
379,12.633333333333333,96.23803634325742,115.75006209674662,27.793419906113122,30.183181969212317,155.47815284606014,163.52430334285862,120.11321782038284,133.55487901715514
380,12.666666666666666,97.37046388238457,116.10879565192951,27.020087295710223,29.877945723088423,156.65162066349689,162.5558381091108,122.01772671736984,132.83806447203187
381,12.7,95.46643882080524,117.92286359737689,29.219785543548095,29.523062911077496,157.9852209560583,162.59376886823978,122.64765869290562,133.721645025896
382,12.733333333333333,103.85126558546149,116.50319718106947,18.831078214411196,29.5233992752603,155.83686436089639,162.34110221934148,128.4526570964604,132.78030332692072
383,12.766666666666667,102.76802269662574,116.31354055185247,19.95422116157737,29.448235880697805,157.21338890074088,161.00732504286933,132.11087604946167,132.24823991769054
384,12.8,98.87845805406238,116.50122659031913,26.159223747314527,29.306115468148544,158.03804860923336,160.70884072821858,131.74495936316737,131.59535571746713
385,12.833333333333334,100.16133504828635,115.40097444949261,23.836555181123405,29.398222138644737,157.53415410019238,160.0317911454625,131.58565225923437,130.57396157733882
386,12.866666666666667,101.90266664400433,116.60449163341735,23.318030381609447,29.31723250032658,158.62710066250875,160.51530964620324,130.08392098597255,130.20463697875056
387,12.9,101.8639047043148,114.94863948557504,23.573285903639967,29.280849115630595,160.1346280034271,160.5905075637494,130.17938110428994,130.63523544837517
388,12.933333333333334,100.36121170818774,115.66156616167021,25.97033236602842,29.12321500362994,160.8808545564253,161.86946371862498,129.80791934121504,132.27652990847236
389,12.966666666666667,102.78031749775356,115.97204082699224,24.526634320050807,28.947100298573,164.77991843485214,163.02254433878704,133.46249997515406,132.84599926902013
390,13.0,102.2545133405909,116.82335580664693,25.25669367991277,29.012075080224093,165.15390034779418,163.40877526935984,132.19395323286602,132.68698863916805
391,13.033333333333333,108.79583363138147,118.66577648219042,19.96751008781888,29.093361218224267,165.80756934360684,161.88359361034924,133.21542554326618,131.98175231400893
392,13.066666666666666,109.12318332433478,118.3474823057163,19.6219478685518,29.36394825076997,166.31925686898555,161.40622748978197,133.503548424692,132.17074489057248
393,13.1,108.79362215557244,116.85750450342366,18.400204419301136,29.108013081593437,165.8150661360506,160.3664004327825,134.1249705234778,131.61879544746031
394,13.133333333333333,106.88445500623574,116.3203094511474,19.208266118940163,28.938351983131753,165.33227132270935,160.06051052920515,132.48977391737506,132.13768144611112
395,13.166666666666666,105.90252224084377,116.29493814671139,20.04830083637617,28.59502389488778,165.08465956616436,161.11988309454597,131.15417534608017,131.48372682525473
396,13.2,102.7596627812149,117.05402560479398,22.777161497187556,28.53161659068409,166.71184940082154,160.50472169805116,128.4450891617444,130.65474033317014
397,13.233333333333333,104.22945808332219,118.43571325862882,21.912025501552773,28.48285902684969,167.19592325190945,161.23392486214166,128.90685154644606,132.32322220828544
398,13.266666666666667,104.46377640277376,119.2349592566629,21.28438318423457,28.367745633785887,168.62740118960377,161.37199934183514,133.53248325127686,134.8141428575969
399,13.3,103.90593913613733,118.77012624701875,21.629068484299268,28.404525700787566,168.0842329857194,160.4739782390231,131.26453906846606,131.84239010312066
400,13.333333333333334,103.0358429568291,118.72583559848242,22.938918406860925,28.510163822925325,168.00792343431823,161.00522849908842,130.36520044381035,132.47274553870787
401,13.366666666666667,103.96675945351757,117.01576833526184,22.29717371902049,28.459648591446356,165.9409646983289,159.1289838890612,125.67837697233652,127.79075452990995
402,13.4,106.42875600297893,117.30041353721424,18.53501764970766,28.720489417201705,165.04267435512205,159.1274387597833,126.4752941140822,128.9428277871329
403,13.433333333333334,106.69299996477793,117.07206411599846,17.731714625095574,28.751371568773685,165.02341737420988,158.85994476771972,126.84596545539318,128.228855528387
404,13.466666666666667,106.15226788107222,117.40364926498751,17.54351198919411,28.884646419738722,165.1023895485893,159.02062675723838,126.73871975859474,128.69034940056721
405,13.5,109.06781927791651,117.04490440684518,16.99875472697629,29.055394675694554,164.63665810289262,159.16036134741634,127.41315768654235,129.1404732720173
406,13.533333333333333,107.69056183769285,117.27131663583832,17.0592305311664,29.201532450305958,165.72177614601617,160.12305245312206,128.11415634077335,130.3911701905983
407,13.566666666666666,110.90164182117181,116.68181455178195,17.914508060681655,29.417513724766795,164.7601837004642,160.00821466287272,129.52304137097397,130.5154479778584
408,13.6,109.29897845191103,116.51019406841651,17.227287883036823,29.768619591532264,168.1611245956498,160.15353615735955,133.10322410234687,132.0295416134219
409,13.633333333333333,108.69753708837602,117.51818285248491,16.95229632376035,30.045497419922693,170.50478819788776,160.7463532720893,134.85947311123655,133.13441621388526
410,13.666666666666666,110.88078178817243,117.9994175159525,17.518241167145863,30.25613152083117,169.67347155004603,160.85275998299792,134.86481979247037,132.89680889595363
411,13.7,108.61466144178438,118.1782449072271,16.87441616521928,30.33498927641719,170.85783053992304,161.55127381293298,135.64273788410182,133.7396377794858
412,13.733333333333333,108.99530774509432,117.89800455943518,17.368015488604133,30.213110127740755,169.74959183405414,161.8306648661926,134.91514305633862,133.2023529659301
413,13.766666666666667,102.00038581822218,117.36357597239066,18.520396285555265,30.023566668310988,170.618725490869,161.8521640570405,133.3285259636581,132.9887170716536
414,13.8,108.30005728960461,116.84150843726879,18.291167436780682,30.150154948022564,169.0053140972281,160.6626446445186,133.90533466633832,132.28048402277574
415,13.833333333333334,111.8651710867941,116.75454960084228,18.387233700671132,30.05780002782275,169.7290689381925,160.87229433728848,133.65430198664816,132.45075620992267
416,13.866666666666667,109.2882417065689,116.80092081562209,18.14784528822482,29.947352865678095,169.62908740766352,160.93024083956473,133.83341888372914,132.37738979718483
417,13.9,107.69579080393478,117.21560217712702,17.969913530298946,30.045416638552584,169.76473771471757,161.09065974412476,133.55050217648204,132.2845203710219
418,13.933333333333334,107.33542760672205,117.20899523906925,18.09075397279823,29.98580208212587,169.57686647184073,160.90642357316065,133.86382897075381,132.15126831973492
419,13.966666666666667,107.8088290940352,117.4435509211343,18.148476918180105,29.870144851474286,169.30870608123027,160.40501019195005,134.23183936085147,132.18121306406005
420,14.0,107.58543996564379,117.44672740512833,18.231471325552825,29.85747463558084,169.32343566514865,160.72238319594192,133.65274913614223,132.05918940332057
421,14.033333333333333,108.29246194230252,117.05970892005685,18.39191041811827,29.753401860342606,168.28466163322537,160.17870995795607,133.15224238157228,131.47377887563863
422,14.066666666666666,108.5937924482687,117.2065489458461,18.49493810893851,29.732736952817607,168.54273509001555,160.2903240290492,133.33192822669344,131.51487382723863
423,14.1,106.97267569709571,117.88118012999233,18.801709552319767,29.871226662802222,169.08110188804582,160.39399263612543,134.01333759438893,131.7580557966339
424,14.133333333333333,107.52042548698986,118.0376010735339,18.862458504046607,29.627692755222338,169.40652585353766,160.6760557883797,135.08094026918099,132.4945661570479
425,14.166666666666666,107.39108740891875,117.75636361973744,19.069899630085125,29.578774480521997,169.34528513099457,160.7507699500056,134.54490721516427,132.29759563886424
426,14.2,109.2388427365939,115.55870608342838,19.542004773270722,29.04758102326342,167.61590044615144,160.66976891032996,133.8159015943952,131.9683885177922
427,14.233333333333333,107.75362139912689,116.52675641720522,19.656565437484897,29.335311946959155,169.88219871451074,161.58109540098127,133.9092945667024,132.38211531323705
428,14.266666666666667,108.70486492446672,116.67275476181462,19.412077089662994,29.26007087719709,169.80955405956294,161.61724265474564,134.01763940193644,132.7624580213283
429,14.3,107.38895572199138,116.73582695203909,19.04410192946788,29.334399569999306,169.6297911619829,161.2133593011449,133.76792976829603,132.79560085666665
430,14.333333333333334,107.91227813482568,116.64632432296621,18.92535326020993,29.369269917690993,169.52296182617937,160.98048267620337,133.76492590279355,132.84209298669896
431,14.366666666666667,106.0738817837717,116.61340945631542,19.23889416237211,29.38772241497923,170.01296677581462,160.72826073588786,133.49568034596325,132.2715073083372
432,14.4,107.02113955373895,116.33220034786086,18.386014699322036,29.457104361503777,169.15464040754094,159.9139423894782,133.3866978018221,132.44614891721878
433,14.433333333333334,107.2987681037391,116.9120667523861,17.93118440495686,29.61360886445072,170.04750380837652,160.41254200209644,132.81386497744307,131.8166242575724
434,14.466666666666667,111.51635265098668,116.8327799596231,18.12404104272532,29.643982654597473,168.97330018057994,159.65783040773283,133.79222593407576,131.70025713896155
435,14.5,107.93611533612126,118.01085070498723,17.339564371924638,29.633562903270107,173.7115981264476,161.4718760184626,136.71005833600512,132.92760850335895
436,14.533333333333333,109.22456949428359,118.44218007774663,16.91542953823434,29.890847385510067,173.174125805149,161.46060601818706,136.32832973487174,133.61739177007772
437,14.566666666666666,108.97159209381168,119.27004530765448,16.625559463917373,30.128366385273246,172.9866044885533,161.95613279922136,136.10144116827036,133.76730031999764
438,14.6,108.7973908523347,118.21006847586969,16.25793313052962,30.11514994049094,171.49747646149902,161.70360802237283,136.12399507476573,133.6353180827786
439,14.633333333333333,107.17324006104745,117.50842836420217,16.313846073836817,29.94038371291996,170.82374454506453,162.18355580702763,134.497984693494,133.42912536348123
440,14.666666666666666,108.32042815876594,116.82532139178699,15.908141373212729,30.0834700909871,168.42281418057522,161.34200817419259,132.84069605683644,132.51003430780318
441,14.7,105.0186930565274,115.7217189992268,15.746585941893027,29.62359331033558,168.92000445518946,161.13488994841887,132.45299582419244,131.84921391791744
442,14.733333333333333,105.80019309204317,115.77781795425355,16.120972617168068,29.815527095184837,167.30385511577623,160.10122719215195,133.03863210929148,132.24013880428447
443,14.766666666666667,106.47229783655773,115.71754216178202,15.442765051524672,29.983050263913075,164.69142767450217,157.56875335434285,132.13709746003758,130.17139451136416
444,14.8,104.0469488711891,117.37553542474105,17.481432828745923,30.31728961411435,165.42239498463863,159.1435468638205,130.99426303024336,130.94029507099455
445,14.833333333333334,108.05161535026514,117.51212696276818,15.709360330779358,30.34725759319338,165.40881878326013,159.55123163474468,133.0932121238565,131.25823281541122
446,14.866666666666667,105.27449957617824,117.78068158624984,15.724369300389442,31.313922137274055,161.4155081177125,158.78720266249852,129.70300960484357,127.65732862747608
447,14.9,103.02930393050404,118.72915758065422,15.223237404820864,31.175276679996585,159.8095155069872,160.04655062380672,128.50150749099086,129.72537079196587
448,14.933333333333334,103.4905263410688,118.41751345907538,15.312338185839439,30.822433096861413,156.92345074245418,159.67231812387786,127.98525269389218,129.43121162261806
449,14.966666666666667,103.74753576887245,117.77505293565889,15.45667182997002,31.144620429627114,146.4194296045816,160.08921328867055,118.495553193183,130.18599861735817
450,15.0,99.73594687009042,117.33209978936996,17.9297416825146,31.04412243312817,145.89747925306887,160.66433087886426,113.69424627791189,130.22964623034494
451,15.033333333333333,97.08958711941743,118.23459730996753,22.64912771557884,30.84770799502571,144.10659616573145,162.52306939654372,113.08604287013394,132.5943350342844
452,15.066666666666666,101.19323926149352,115.80399695286422,19.835325019566685,30.44624209291969,144.5656334630619,160.84808580945833,111.39322610730189,131.12215732957154
453,15.1,102.58339807700574,115.91221826828598,17.696451128956838,30.417265134075528,143.19422042883798,160.26707131956044,111.42588451791485,130.35335643042455
454,15.133333333333333,99.33650528430081,115.152018976619,17.910449771645517,30.67420887034546,143.18112131178486,160.0308987837693,105.48864584198698,130.39223944854447
455,15.166666666666666,99.87781397507399,115.31958275769279,19.305263162320433,30.784165651486852,144.6094149420236,161.0883262360927,110.68897731990005,131.9952405058573
456,15.2,101.51982159484065,115.4735771743038,18.409003215998144,30.960733877692086,137.5065834128791,161.88296383211332,106.16142275348312,129.58883519902196
457,15.233333333333333,99.04315209195582,116.11899927208754,20.418718307055745,31.08825558355346,130.40881624828972,163.93718510181714,99.19179926480504,130.28743512749486
458,15.266666666666667,96.60361805188847,117.8658523059267,20.767713845471388,30.92413867418914,121.6463289958906,165.19656538634734,93.01374202181593,133.19874993711167
459,15.3,91.4688196092122,119.29938863010723,25.515016431843407,30.767931032315555,114.04927695421942,168.45742598445162,85.27621382874594,137.18114428212644
460,15.333333333333334,90.83153701694576,118.79715300601838,24.358237986449648,30.676952971440876,107.7945140530355,168.66949841032607,79.09635939064412,138.84798092195834
461,15.366666666666667,96.03262986558435,118.96438519626874,21.42296851381843,30.87775689717068,100.92175955098847,167.715677001221,77.13111100486657,139.67080002779787
462,15.4,97.41438967127094,118.47181130592325,21.11144131238848,30.896306383832815,99.13902361479383,167.68236181131775,79.82992632222104,139.6669901893585
463,15.433333333333334,96.29909061097655,117.9154780360893,21.70415723666495,30.874391323455793,101.4955565759393,166.85417776140793,82.4069633559527,139.93196412759298
464,15.466666666666667,96.36463376050264,118.1322573073556,22.247509425890712,30.816548861736074,97.82606157832268,166.9099522423406,80.00630178431886,140.19594573346095
465,15.5,97.53115961796509,120.08905492165516,21.932806414466317,31.358242733660873,96.55910487088897,167.12465217225989,83.51597236536963,140.37975769657552
466,15.533333333333333,97.36828672292413,118.5533703551722,21.779741378227733,31.15865071721299,95.6995209236198,167.3103968203137,79.28289704250172,140.49149729945256
467,15.566666666666666,97.80212566552525,117.99335383799618,21.240519183942986,31.059355660324545,93.73480933768087,167.37184031072758,74.61194332229658,139.80354483999008
468,15.6,98.48412404533671,117.96091708065424,21.390523962330597,30.97972237762053,94.00234205610865,167.55854704321305,73.71110559557722,140.13959623051534
469,15.633333333333333,97.25757614642369,114.73579610223402,21.05163263199547,30.471562815472517,101.7659007390316,166.65343321299906,84.63728954205419,139.18873625220016
470,15.666666666666666,92.21224968076679,114.86369612965314,23.19752940801359,30.45793827253667,99.80861518224589,166.67924704698032,80.24405442938645,139.22382432160546
471,15.7,90.82716294945416,114.42705743245072,25.0298355671686,30.629385148003788,105.79010640202767,167.19689995228848,79.64915628064603,136.6891339143283
472,15.733333333333333,93.32697519596664,114.73631537754487,23.718123505358033,30.56403441284585,109.23151391605981,164.49500987165496,81.48252523122969,131.57858836612002
473,15.766666666666667,92.26835806940491,114.38346114813984,23.828813122810416,30.577677913271124,111.20849117475665,164.1976751845496,83.45610899402683,131.53968497683525
474,15.8,90.8390209453395,115.01468216484373,23.40984946707545,30.545918472477766,112.21240032188275,164.3990140767479,84.06729914056613,130.25555919091104
475,15.833333333333334,93.00297479110007,115.21213467844386,22.526480350118813,30.541660494764702,116.62268786982737,165.88712156734118,87.43613187427647,133.50833213160485
476,15.866666666666667,97.2716771597601,113.95219388927363,20.482633759282436,30.664917980108374,127.53152141564269,165.16742856029148,102.32782243815232,134.08837019832555
477,15.9,98.2628745537078,116.2308898673866,20.843301502979934,30.776601115182185,132.0443834913321,165.6019165193737,105.20384635471143,133.6925848503925
478,15.933333333333334,105.35324874488397,114.66110920218017,19.523539163125943,30.87325364839317,144.27967204902885,163.34755966436063,115.8702075306045,129.95203580394463
479,15.966666666666667,102.09185740783998,113.52320544627882,20.19754860131467,30.513611951729935,148.71313147410092,161.74096795993364,120.2914118550446,130.65628388709067
480,16.0,97.84145904277409,113.68000855782681,24.943630039730678,30.76722237103495,149.7377043651682,161.61213079616743,115.19816503350928,127.8547334825017
481,16.033333333333335,97.88714179800645,115.73804540257663,26.66384794307317,30.529500943937375,152.29415879519976,161.90782391911875,120.38488872428816,130.62209582309856
482,16.066666666666666,98.67785962631233,115.56674581618984,24.403900653953205,30.23885260158422,153.58828422709462,161.3611555269523,120.99507766707876,129.67390757418363
483,16.1,97.65687176734363,116.18417742075731,27.150371483678953,30.12211268070575,153.65362600514842,161.61778369850654,120.44676727117074,130.52500274470464
484,16.133333333333333,99.69930535768927,115.4592953462765,24.867833361562624,30.057974632681553,153.69248104354682,161.52381095416533,123.5995386835833,132.4177856018038
485,16.166666666666668,106.32947924662436,114.89590348669024,18.177708388425597,29.8905825566091,155.26225332362063,161.50736721500544,128.32282076963403,131.5448421593994
486,16.2,106.80167424996608,114.22889678084165,17.767514669899857,29.688625955753857,157.32116919820814,161.45862471082043,131.12917441349921,131.15909315970296
487,16.233333333333334,108.70647382733031,116.24133642899496,17.92394606485026,29.674786150926504,158.42268768587832,163.42777498809886,130.19463981398175,132.21812048169872
488,16.266666666666666,108.49254682998144,117.42386383362133,17.940649358899442,29.306325762239357,159.09412416854943,164.20800338739275,130.31788384011918,132.93837842889542
489,16.3,108.25848925014314,117.08737499711553,18.109100355198674,28.970600217461932,161.94186484622057,163.7499536292095,132.35279158753525,133.38255320518147
490,16.333333333333332,107.05238676015104,117.66110310973723,18.657519221365167,29.05194109377769,164.3313938773104,164.35445306674768,132.02872310771394,131.88850820151578
491,16.366666666666667,112.86508544396926,118.85046015232554,17.78985043371342,28.912346440412893,168.41479254662806,163.84167832991915,134.86057745279498,131.1749903817995
492,16.4,110.10074766231902,118.48057577099189,17.80628685468002,28.849055578127775,167.90752506393184,162.86837994490025,134.6597155279539,131.2074958075986
493,16.433333333333334,109.13002568958451,118.15274696007491,17.86320098508748,28.891532301616788,167.6711633118623,166.94229539666898,131.22850863462105,133.70827329272797
494,16.466666666666665,108.87320720314587,119.85527877217113,18.191008542123303,28.76306408722835,167.85176683496914,165.2676903763232,132.00643028877178,134.38904022782586
495,16.5,109.5534058519618,118.9698717195175,18.110718282678537,28.67857268742088,166.99423453069912,164.39705117257196,130.6428078481424,133.42890657409316
496,16.533333333333335,108.9526413196844,116.85962294533356,18.05918743928474,28.667561909666805,165.93611045936873,162.95202883958413,127.66662937801198,131.99675325952384
497,16.566666666666666,108.09593850461218,117.16672077486172,17.862753950168937,28.76191875387836,165.43525362038258,163.03233850254963,125.94376278236594,130.30975410899353
498,16.6,107.83835098181811,117.69740945598808,17.71713535194355,28.60776429842292,168.42644336181408,160.79774826164098,131.6317496466659,131.2066315323835
499,16.633333333333333,109.79339927094931,116.98985392352118,18.062947153722572,28.782136217529683,167.6796601567769,160.41042478032233,131.6815250711952,131.08864332842535
500,16.666666666666668,112.58420440880275,117.06094631126,20.158912610866132,28.79563320956,169.14119049746319,159.91802870244175,133.63651265086787,131.23608471379964
501,16.7,110.92222649699956,117.01193387249025,19.187705638165745,28.81541625885362,169.20888849734825,160.0533491475227,133.28214816330376,130.9669195341399
502,16.733333333333334,106.66156566092924,118.66390198907307,17.514544876738178,28.61646123346571,170.7589926303502,161.14106019207816,133.9274320045613,131.8304983427639
503,16.766666666666666,108.4622752627439,118.82956948898946,17.502815695793895,28.585487802890572,171.72748666138116,161.43093170013486,135.77672833405114,132.1836552287973
504,16.8,106.73738659253634,117.59981013317328,17.338314586400788,28.40781266269674,170.5160717688967,161.38332874474168,134.2834593220559,131.72702691744902
505,16.833333333333332,106.78129930581171,116.84263667176529,17.331796098808244,28.30742037345371,171.08125003724638,163.00574645308484,133.70500554782586,132.53185658817338
506,16.866666666666667,105.41273108096556,118.33852884096562,17.598566267341408,28.185205287312716,172.74993834738132,163.7256559942782,134.91273242368388,134.59112511860104
507,16.9,107.4218092452236,118.2146152824713,17.345128978872992,28.158888340088065,172.79068076751912,163.5366153299154,135.30933678066475,133.95839606132506
508,16.933333333333334,107.45423810643503,118.27449041621139,17.292474692370526,28.1400150907751,173.00733549415943,163.891871911961,135.93612500655476,133.70908912188585
509,16.966666666666665,108.21767382873969,118.04407877715907,17.302725351130572,28.029688322275756,173.66995924724947,164.27569122706623,136.6443128827016,133.60069127171406
510,17.0,109.06161524093486,117.61910298356287,17.319814447899606,27.92621057317459,171.03671870139723,163.69185454151122,135.86493961062547,133.56550525564467
511,17.033333333333335,109.07741334851535,117.64701491320601,17.563478577869937,27.96440419737943,171.62016724224654,163.62387969589733,136.46726954433964,134.052431854388
512,17.066666666666666,111.44505509827614,117.01984908334808,18.368317885552276,27.724489612757356,170.51453868980235,163.463903141083,135.64066003529777,133.5379511179992
513,17.1,112.90780890751064,116.93110017814539,17.99815379542037,27.47361629234095,171.14378247114175,163.85385239900666,134.97954137114803,133.616541097583
514,17.133333333333333,109.71957149481513,117.0196594684384,17.65217284577149,27.510995165588508,171.60362700377513,163.97821983996138,134.195676124004,133.1876404241273
515,17.166666666666668,109.81582243208359,117.10376686676102,17.70992825835118,27.616485487208127,171.72309430480604,164.07091588955902,133.35413417899522,132.69656674659015
516,17.2,109.37494560009857,117.86100354670661,17.590221902945967,27.72504880471831,173.51050687415687,164.1169450120956,134.4870883545288,132.10942712919285
517,17.233333333333334,108.64186648127573,116.4312609273725,17.64760481980823,27.70194999360096,172.57531752844,163.36518528740095,134.4384530538756,132.33648672884277
518,17.266666666666666,108.4777874359839,115.39289186057279,17.76076062966237,27.50016234437164,171.97569827933262,163.71255617525074,133.27222151122646,132.2521653149439
519,17.3,106.34065787260465,118.24283119375526,18.970556378731413,27.566421527096896,174.43072907574327,163.96025115818156,134.54122575807966,133.2590695002605
520,17.333333333333332,111.42001281886995,117.66093389369618,18.497443191856156,27.91379194274455,172.39525201683747,163.44367429008545,134.5663046694671,132.964464571094
521,17.366666666666667,111.40086296284579,117.43265116650568,18.551360433226478,27.89218422650575,172.31881230817427,163.45660997880657,135.085404045962,132.88284387149278
522,17.4,110.94209227652118,117.85405057582864,18.69004431791296,28.18607036882666,171.6367659814453,162.65731541613715,135.53933537903632,132.8985137770502
523,17.433333333333334,110.45016236953192,116.82575798354654,18.651389972813114,27.93606044081638,171.71599517805552,163.03666816937746,135.63478291393116,132.92928717985473
524,17.466666666666665,110.19106314194796,116.96774206746443,18.694884276382506,27.799975015942437,171.8320510429665,163.00985720888835,135.89687185185755,133.28894022690375
525,17.5,107.59928367931718,118.1989292858599,18.317538555891904,27.787061169062834,172.34212654492381,163.17131558554973,136.44148832066378,134.3382506940405
526,17.533333333333335,111.04426188498029,118.0402924033319,19.159838099210877,27.979827922329303,171.94442938802658,163.38197739388363,137.55967237333354,134.05164880034343
527,17.566666666666666,110.9644252460244,117.92292096162741,19.048965722464548,27.791640185709582,172.17689556756747,163.56110256674847,137.48364787628856,134.21180317497104
528,17.6,111.03349577744625,117.68164632285071,18.793306621111295,27.576749905311665,171.81788781143663,163.61512029865852,137.30662484988528,134.27322861282056
529,17.633333333333333,106.33656770838957,118.2841957816271,18.356317289631843,27.744503484009474,172.74642565706077,163.92552470223376,136.9235625643953,134.22622315894347
530,17.666666666666668,106.9132053007612,119.49882580175174,18.09175588723672,28.04945600207985,172.37399793345008,163.99566393132866,137.4588778687059,134.9112428205359
531,17.7,106.05019311942398,120.13741958953928,18.240366571374494,28.129118674823754,172.12211766224007,163.87904563928242,136.69600971834396,134.40260927607207
532,17.733333333333334,105.29646881800072,119.41348680836052,18.205848209424047,27.95212228801895,170.0652851992156,162.31630546797257,136.26765951864724,133.11960802455067
533,17.766666666666666,104.18688811727515,118.81950456472897,18.62947892119272,27.87500082432946,168.51095830011232,160.3578560186389,133.26250728996524,129.34703034088196
534,17.8,105.06431517040338,120.22680125843355,17.9212447720558,28.515790115221012,167.01699467932187,161.1365663890602,134.15977764092284,131.45857212230234
535,17.833333333333332,103.40990264754849,122.42409722917567,19.364642447785965,28.94833300815405,169.84440252494878,162.56550339881642,136.6773112882168,132.1008022751139
536,17.866666666666667,105.22551239908226,121.67864539492166,18.44676645410758,28.76515257059048,169.26697418651997,162.93205020484945,138.05318854106818,134.15329568290554
537,17.9,103.9664349641124,120.52919198506783,18.69207814931482,29.14291336882676,165.5735093671614,162.36280723485783,134.39752111134803,131.67867314922046
538,17.933333333333334,110.0424159833259,120.1490969371171,18.120475213915586,29.044058688874426,163.0337236561689,161.38686592465095,135.82129478134655,133.1525731384914
539,17.966666666666665,103.12822409795159,119.51691004308437,19.258969976914532,28.911644592990346,160.49104074995975,161.3505354973102,133.839501172297,133.20486173334436
540,18.0,109.59061061948552,119.3471673609007,18.33929355525186,28.910771862961955,158.00667099650428,160.1138697486979,132.8235685561361,133.09305790044758
541,18.033333333333335,103.14945387166037,119.29629594076609,18.374806059201948,29.235932393856956,149.8594996933843,160.9973885881184,117.7782063427307,132.77238305669007
542,18.066666666666666,103.41250429853201,119.35181281172294,18.633993489632452,29.162158015101962,151.2915270264712,161.6198890377046,120.26274612238397,133.6116462990985
543,18.1,102.09846751492175,119.27128264528294,18.700623122411766,29.483163272393416,149.9411922347155,161.35496814935496,117.90222555882946,133.59880697298047
544,18.133333333333333,102.87836915723166,118.1674172899629,18.392568244868812,29.22332479603844,150.6674886817536,161.72892524425313,114.48280363351822,133.45749897419086
545,18.166666666666668,100.18330072465783,120.72361424065197,20.29804782225006,29.623349781353593,153.50676952042434,161.1130137508361,114.48349025552274,130.67141235439232
546,18.2,93.84354086405871,120.97625965701644,20.969676178066578,30.348508050330445,156.21163315936627,157.27285519126627,122.43999109558229,127.95939485028565
547,18.233333333333334,98.07048574139729,120.36601322510893,18.442931468154743,30.02499514602486,153.32183874235434,159.55737589550228,120.44132692108239,129.27148196478817
548,18.266666666666666,101.38648867746309,119.97262047140316,17.52959579730481,29.7196031505579,150.84653342419358,162.7857819697933,123.14335241588832,132.9428156428576
549,18.3,101.40339872049294,118.86206337430221,17.24899919338024,29.3908436428933,148.05995959394386,163.04611362398936,122.49571966858333,133.07231653454906
550,18.333333333333332,100.7793610340944,118.70263940652804,17.05056563592738,29.364621693014815,147.49887498691498,163.09641753218983,120.22764087421442,132.72725713165366
551,18.366666666666667,103.29822354795037,113.83039138604947,16.842521507952668,29.04770871030675,143.66635151777646,162.3485326910742,113.96964847251375,130.3041527812804
552,18.4,101.87623801889981,115.56373029231132,16.29348346983151,29.21257576903617,139.2230686465451,163.4053343142222,107.87493538970311,130.28273246651153
553,18.433333333333334,109.70489364120662,115.67782759114719,18.565221390123657,29.221831493873353,136.2220715318983,164.49237043139635,106.62749580847274,129.8592071342675
554,18.466666666666665,108.09666950532065,114.93359226238826,17.05151683442903,29.386445124177772,135.68515876257473,164.0853274382099,106.90869282792627,130.2564360307352
555,18.5,112.63142303628823,113.93940892957238,20.565364356136733,29.41297126359391,138.71251423644202,162.89035812766505,110.46114759504799,129.66022931243316
556,18.533333333333335,112.45328906853553,114.35913424391123,19.935696572737836,29.617665894738902,139.88203600539842,163.93057534054807,111.66449258646288,131.7754997547515
557,18.566666666666666,111.53526746062894,114.32038825830945,18.032083959616788,29.801427308538667,142.895055416405,163.37918534424335,112.82720028984139,131.39312481989063
558,18.6,108.69343486977229,115.02705494271987,16.09351202027414,30.101766485141777,149.41121980266328,161.23297636039143,122.81929945494531,131.23406796963133
559,18.633333333333333,103.92668272316233,116.14289255245251,13.142376763781392,30.515800357776758,155.42515977446706,155.49234334284523,126.91982544609321,127.6435752260488
560,18.666666666666668,102.1530022969723,117.5292627114742,13.583657614584325,30.26589126401442,157.66972236339186,158.82240983017456,132.50425396987004,128.07792475673153
561,18.7,101.61888367697333,119.5421252928444,12.175920254294772,30.782518254897465,158.77114158478486,157.93988647493515,138.08945095765637,129.57816204439632
562,18.733333333333334,104.6847545715028,120.14184139247374,11.885300341117944,31.275767880409088,157.2215332049785,158.84255589479906,128.17030212099164,129.77568159819756
563,18.766666666666666,104.86851875090566,119.31487760812138,11.538583439046004,31.389449345359814,154.76230962504368,158.88604616277877,127.75183005344115,130.98589249808924
564,18.8,108.20390798477187,120.02900224213359,11.894595313407596,31.733196661782895,156.0942920752949,159.7553378480253,128.49931798281952,132.33909136072072
565,18.833333333333332,107.90957206728159,121.10622894120297,11.16233842357345,31.940162158297394,159.01027197765612,161.97421739826308,129.84210281445067,135.0881617109716
566,18.866666666666667,107.95317016704294,119.85375468052266,11.943532585994872,30.923085731288324,161.7287833876288,161.9464737609196,131.61878714522075,135.1889592388093
567,18.9,107.18319235258097,119.56430237084571,13.192708410744867,30.9194796851804,164.0720997094155,163.0650520346355,132.70361493846207,136.6029203434412
568,18.933333333333334,107.20556441942766,119.75688906297408,13.635426906374134,30.584823856095145,168.6435110074358,163.9843759921126,134.56364972953077,135.34347914230912
569,18.966666666666665,111.73238548711258,120.62443999307787,12.553144740233513,31.01214049430895,168.10755680569667,160.93448525725458,135.03476776391787,133.30161400169231
570,19.0,108.18444093363644,121.42843293368,13.07776911750039,31.243297964031033,168.3704998549124,161.37098905736806,135.3181975989768,134.06078376580092
571,19.033333333333335,108.68901028358947,121.62807926689844,12.329520353069661,31.37894301407306,169.3658140560681,160.51958633653575,135.25607486283226,133.85153584151092
572,19.066666666666666,106.00696861202384,121.24404848996001,13.816541562316077,31.465247469306057,172.43287795892468,160.8202593335515,136.14935677061243,133.81619508626264
573,19.1,105.14121114515459,121.99791425469535,13.028400083750851,31.536046883849664,173.91486058300197,161.06438574394633,138.3156651320015,133.82965016293417
574,19.133333333333333,106.88203258883257,124.2006899975604,11.90854963456649,32.60621942258477,176.59496813125656,162.15393652336084,141.64220583577452,135.05191624532085
575,19.166666666666668,109.71485426457312,124.05777837600964,10.860543921887475,32.64917206470685,176.6991769193106,161.88105488754792,140.33250922700554,134.27195358271933
576,19.2,108.67538091233608,123.86626812524696,10.70203836925991,32.6565725714397,176.44459526518557,161.89494376279043,140.32303281223128,134.36536075735026
577,19.233333333333334,108.32452173294845,124.29249346532961,10.864188510274406,32.53189970206366,177.80181467367976,164.08020100937358,139.50718377329963,134.54713877191233
578,19.266666666666666,105.10126252253448,122.60766662194865,12.62242517594395,31.45069302718971,177.63426456408516,165.88939841691686,137.8182357003711,134.00624593264752
579,19.3,111.14146765541024,124.00592285811669,11.248848940428692,32.44392978077992,175.89152832450395,164.88509000533762,137.35016153522247,133.09793435567573
580,19.333333333333332,110.20966181877797,124.80471871668993,10.994547253395414,32.46698071188919,176.97778549236136,165.6266549910919,137.53099185594067,133.58553986979507
581,19.366666666666667,111.16578289829653,124.97524158707395,11.25864577223441,32.10209149821158,176.38440255028237,164.92181845219767,138.09303508881254,133.09994954677055
582,19.4,111.74531766589274,125.26511670162962,11.198631219706197,33.32579349768022,176.60355475204392,164.5509976792374,138.1126021118219,132.60356669874122
583,19.433333333333334,108.05735376632421,126.15223756432094,13.413576644304111,33.25317182636772,176.81538560584593,165.98038505114766,138.2219550414548,133.248802755495
584,19.466666666666665,109.34520156126281,125.10840527380131,12.423988627252609,32.98968347431138,176.42881095223524,164.7963587647857,139.02357343714704,133.10688552593902
585,19.5,109.5523891491496,125.63520115454855,11.318167252463045,34.06496009506732,176.55044881897902,164.71442286548904,138.2930813095302,133.001307281904
586,19.533333333333335,106.2467981231801,124.03011706350296,11.956367910398068,33.67312275794495,175.32092771014192,162.88407410958007,138.45600556445353,132.92648789921844
587,19.566666666666666,111.41718355082246,123.64439815356306,12.779975217680285,34.229091644979796,173.58699435518596,162.90681292347296,138.23363334600592,132.9464827480424
588,19.6,111.55498208200132,122.96703187525934,14.085393903063855,34.209673625185886,172.45056669086486,162.76567772975295,136.88577726521143,132.74087732101881
589,19.633333333333333,111.61935043685831,119.95411968429272,17.041407721877704,33.94043971135841,169.00263575790504,161.32219074861564,135.74296513429556,132.40863634158043
590,19.666666666666668,109.19916230650342,120.63862195557613,14.573961577391607,34.316034513618746,169.9076902151944,159.70013031596994,135.84151616883116,131.66485586204064
591,19.7,110.64363976620913,120.20022741172464,18.638175799791107,34.52765043057444,168.8784301945475,159.4265960865125,135.2494369324883,131.36336204613255
592,19.733333333333334,110.7572011857286,119.869165897539,20.912632460779104,35.21751088276375,167.7147144527113,158.30620843323376,135.1645390415635,131.08962575047772
593,19.766666666666666,113.36400472060714,120.22381677581625,25.048224824164215,35.26044787535819,168.662680967123,162.0121338217529,136.3145477258009,133.50198652133784
594,19.8,116.4636442520993,119.57068187312736,23.916427380668853,35.23417974895727,171.30025255330247,162.10714008459388,138.04052913121473,133.66568962216735
595,19.833333333333332,111.78019439788784,120.07425845613209,22.423952402163266,35.45800134405685,172.8948776394202,163.3672295735997,139.45002564064737,134.56732698940525
596,19.866666666666667,110.63993253458467,119.3127489447796,22.477360733520232,35.275931889746815,168.85350478220306,162.0790605619536,137.11978219061365,133.74698623508877
597,19.9,109.94948024003443,118.00065750389875,21.132749481553123,34.33724862428037,169.11587627202738,162.31050021810526,136.36194722936236,133.3977979907278
598,19.933333333333334,110.4539662644095,115.94382507440689,20.65316661835041,33.361089212384975,168.22444871918364,162.71464047126176,134.29130795831313,132.79566312622032
599,19.966666666666665,110.47874935741122,116.81975709393622,20.54197051479904,33.65638181789983,168.49437808303102,162.5172048196884,134.73024665390116,132.6055029574481
600,20.0,110.05783007378463,115.94617940119376,21.67958026356563,33.6190894575192,168.7515293368504,163.07788184332156,135.25322942581843,133.43307600573914
601,20.033333333333335,110.14383487407977,115.12118056305171,20.919141750403274,33.27818292329661,168.34659882520543,162.8631254835964,134.2094874951074,133.26529349598985
602,20.066666666666666,110.55565410524994,116.42479234708243,22.156834518487845,34.39194399382613,167.41720614935872,161.68705055082538,134.06106907704802,133.00299646300994
603,20.1,109.51057676679652,115.87602047740951,20.14033445823445,33.181796508191056,168.6648552871413,162.5025632748064,134.21523672690262,131.47313575030805
604,20.133333333333333,112.3341877786691,115.59631203204258,23.326347693392783,33.61077621727015,166.87879010806986,161.9457961458301,133.89337685829278,131.7373038170637
605,20.166666666666668,110.29273719277401,117.82862455408723,21.750497809486475,34.677232444987816,166.41342869131853,159.9238556126788,134.1828064816608,131.72005530730783
606,20.2,107.7883318315642,116.6116471225659,19.69494127770788,33.37455909030136,167.90451004956483,161.45934638154355,134.40629430847528,132.56042919666535
607,20.233333333333334,107.84911680226604,115.61420115263249,19.967098756918915,32.45547406978541,166.47236874375022,161.93955803534163,133.3487704441026,132.36475999181914
608,20.266666666666666,107.99726097870368,117.7671864281544,18.848736898563764,32.411048116869544,170.37160278928837,162.29013935598124,134.33777251899886,133.00059294445842
609,20.3,109.46802839978211,118.65112197129308,19.298174707870917,32.72872526447252,169.97584490299525,161.62564401721121,134.4213953664246,132.35865579840748
610,20.333333333333332,112.99998140330321,117.50338524656263,19.79709905309618,32.26748313018534,169.4734164016374,161.2179420881829,135.42858941620617,131.78812961095605
611,20.366666666666667,111.87146669508834,117.41120388146213,19.34090272304536,31.79558397427303,170.25567390753952,161.58707001537516,135.6243257181479,131.98920292870272
612,20.4,111.21352649348727,115.05236856640472,19.49996987150983,31.008379909975766,169.0773240929218,161.3631868971612,134.2903546791511,132.15122071614667
613,20.433333333333334,107.82933406815341,116.95794159630691,18.946360479491236,31.32674482631137,168.76152653888784,160.7949590271867,132.88872548134086,131.17016602044342
614,20.466666666666665,107.16519680913112,116.62640906158002,19.628743868562154,30.614154440854165,171.01037385488166,161.16589772599548,133.6054697733455,131.51381960274276
615,20.5,107.82081193303162,116.64816645070385,19.65326202272272,30.58258675854898,170.96608865459726,160.92461313930087,133.27207932660082,131.3506463012787
616,20.533333333333335,108.11449144956643,116.4044771387778,19.612171079940897,30.19247666263325,169.40819101272476,160.79313784217695,133.35043755419488,131.36306849589803
617,20.566666666666666,107.29339110614622,114.88984511058601,19.613554603963323,30.13427908334669,168.41663785126852,159.78884381815183,132.28944991672253,130.98410119879225
618,20.6,107.31363543483663,115.02695999084047,18.799307720438605,29.861417025139783,168.34709874200348,159.74307076742892,133.30875267607146,131.18242263490293
619,20.633333333333333,111.13691969387743,114.26401596589537,20.961323734812822,30.010883226490883,167.5526171897222,159.4277111469995,133.36732260513563,130.99046115486783
620,20.666666666666668,106.65017176042525,114.78122593575789,18.05771438590422,29.58799415353204,170.10774650410573,160.42318286836382,133.7223462667103,131.93640825484601
621,20.7,111.20564810142308,114.42158457791243,19.426336920968243,29.409288001199297,170.13855676682198,161.17773452605596,133.46170880977905,131.47066097485208
622,20.733333333333334,106.85587441279634,114.57128449893973,18.289686362965732,29.141206787738085,169.3983312003183,159.8755650223848,132.71135359839215,130.85907070507193
623,20.766666666666666,106.9212400657048,114.94665400165839,18.47178037955365,29.573479982424306,169.50891657623205,160.24043939580307,133.4748849152058,131.27201822960325
624,20.8,106.84999864991309,113.3808487049024,18.638304463375817,29.02905429820984,169.27722228031925,160.2833989459149,133.18108498041,131.3038275142498
625,20.833333333333332,108.80818017534885,116.31076530443708,19.477138705826754,29.447710800881037,170.30080089201113,161.23187852489258,133.65708820900238,131.52481567778585
626,20.866666666666667,108.71343196282581,115.69290099384173,18.946575354918032,29.18907489560149,170.4419531149993,160.26019503062017,135.1473536845155,131.8289357649023
627,20.9,109.31133704968389,117.71108452586428,19.424670124327562,29.36949731862718,171.12014476268106,160.25401283086993,136.51727549837133,132.1860284030726
628,20.933333333333334,109.13956781435795,117.91179228896185,18.03762323983386,29.483090439199046,172.06773656225636,160.7260148286461,137.29016240707944,132.93607917437262
629,20.966666666666665,108.10840588577567,117.78718231803525,18.1125021813294,29.396174792010406,172.7355361849405,161.22529541704927,137.48827000582435,133.08860124005605
630,21.0,108.75501642495917,117.9502380998544,17.56480542840862,29.58232117676299,173.0371292687974,161.44860300817595,137.44323077146183,133.34419298085615
631,21.033333333333335,106.88249265819782,117.32041773295407,17.921468242651095,29.074036450051697,173.5235912801386,162.20802086196,137.10073813764743,133.10581100681802
632,21.066666666666666,105.43763969333264,116.40544323295279,17.883155767399025,29.184651667418827,173.20477889734815,162.24771074793824,136.62645394418422,133.20189263319924
633,21.1,107.18968282223213,116.93094612066905,17.329235264259783,29.44711105711501,173.59003314036403,162.62197616349476,136.58069877968953,133.14958462408023
634,21.133333333333333,107.8867326223966,117.16284401692235,17.290835410177525,29.396256552373313,173.5042772037912,163.20033615185116,137.59035597373153,133.8029469497286
635,21.166666666666668,107.84671659456663,118.40424502795575,17.306370608903425,29.95348656023927,173.0799241166942,162.52334930735563,137.35870662179443,133.50708456796764
636,21.2,107.63864937476104,117.69697561294882,17.06449373174588,29.58409731270492,171.86966956019901,162.0406105700658,136.77656099416566,132.3827956203117
637,21.233333333333334,108.56876110351848,117.66251242554854,16.913154370371785,29.582021289253433,171.94192726685648,162.28504007445426,136.36174118857173,132.4235330043826
638,21.266666666666666,108.57303511341173,116.52879685192623,16.8835423904312,29.39224766323406,172.2376371384326,162.02761188280988,136.33732305448967,132.2026440513883
639,21.3,110.41963514483261,115.25650534126024,16.985328259531897,29.303177806366634,170.50932130317884,161.53007077504333,136.1131158382561,131.98788534215515
640,21.333333333333332,112.71819205803457,115.92517313651899,17.32995356540389,29.189848986888105,171.26717776200897,162.0710337919821,137.2833772163086,132.89771701910468
641,21.366666666666667,111.26954740205744,115.46747679807996,16.958444365562404,29.237236935213478,171.4489839831925,161.79765848519037,136.5802127493019,132.60441312024793
642,21.4,111.31494759393665,115.50810535799255,17.050939421519228,29.669157833973152,171.23272806296038,161.09657729785198,136.08427301224245,132.20838173151589
643,21.433333333333334,110.98154638817786,116.46511254763826,16.677009681955873,30.040719106988124,172.92383039279827,161.34638279732692,137.9958520402859,132.9615987386842
644,21.466666666666665,110.8469429215974,117.06040132386347,16.406651010074576,30.191927855024783,173.86867899084356,161.53132409172647,137.9056186179577,133.30145650592468
645,21.5,111.25504786316988,117.78583656543466,16.31291870153602,30.359463714802505,174.6735623156887,162.08694274732278,139.10981066911194,133.8751711112242
646,21.533333333333335,106.72620548208737,116.85146792016333,16.988143433289125,29.751696130282333,175.907536160628,162.86336474151358,139.99364554774223,134.85263577684816
647,21.566666666666666,107.28949933254295,116.31372331318966,16.741057791887496,29.836921441729373,175.5507270299094,162.34139936621048,140.3554467256577,134.70394114973664
648,21.6,108.9707308633287,116.4910140531578,16.050015782900875,30.012926196124415,174.96755843398685,162.759953827561,138.72910202634236,133.68710749731878
649,21.633333333333333,107.21517122254164,118.03900150466282,18.045284347505095,30.135339818761548,177.14853000275164,165.19655634783837,137.7894278606078,133.96687673432078
650,21.666666666666668,108.64715256661563,118.61025952630962,16.813359634111535,30.29545081103873,176.61915301554208,164.40962611651392,138.2873693774899,133.78226869877312
651,21.7,108.44657617586894,118.71951742698027,17.537360906355236,30.549933185824578,177.42169729866333,164.6999559317477,138.4736445318469,134.14864221088598
652,21.733333333333334,108.65760671031086,118.34257014653869,17.374886096888325,30.343433521647686,176.68952886742542,164.47176418045746,138.2316024314954,133.9752455530734
653,21.766666666666666,108.63037851705253,117.96362059144269,17.262019507916737,30.438952722915587,176.60828220427467,164.4693660269663,138.36528108096812,134.0029213020457
654,21.8,107.95036877930195,117.37275793713106,17.292343872238447,30.540291431970978,175.23573562029628,164.28767273811732,137.54776701606758,133.8589056255367
655,21.833333333333332,108.14148600828763,116.55088500336063,17.409406387267683,30.434135830036237,174.22765638519303,164.2259743431618,136.7057679254189,133.52367716637212
656,21.866666666666667,107.97219899605203,116.36917304709921,17.845228868022613,30.317837542860303,174.8144078606207,164.6778664575177,136.61227251172704,133.05844019663834
657,21.9,112.80439863596862,114.95316132139803,16.546634921936853,30.43080909322432,172.19905521153987,163.86179774605029,136.5041736499804,131.77342124415262
658,21.933333333333334,112.51540390322688,115.6401545967953,16.371106426548,30.343051871619195,172.29706072036296,163.7709705640594,135.91107308563718,132.04126255719694
659,21.966666666666665,111.97558003463926,115.32185133941888,16.248155328680074,30.558330987691342,173.40023085543234,163.87960532216402,135.9877137587262,132.6863460440219
660,22.0,105.03581269973999,116.93340244699115,20.591943709889307,30.599432222570087,176.00363356896713,164.2202150339048,136.83377532728915,133.0101295526031
661,22.033333333333335,112.75781100768022,116.18703065641212,16.57884097716251,30.516571357864176,173.78787016646785,163.23896065034137,136.81639139898516,132.73951853469384
662,22.066666666666666,109.20317347294893,115.74616826676314,17.349591262367074,30.541221149583958,171.18686694709587,162.22957566831795,134.61847354075974,131.99338568999372
663,22.1,104.23204011571033,115.5978190854102,21.268859639852177,30.584023751629882,168.70177480743968,159.42012049741388,131.84414346295188,129.1701686390321
664,22.133333333333333,104.79648813033367,117.10873119241441,20.64098803240597,30.72614586410689,170.78618880122332,161.28598206062034,136.23099453413673,132.64639676589425
665,22.166666666666668,105.49751963513383,117.46928974291585,19.24764348791914,30.944963382216866,170.017961905966,161.641354429142,138.20335920707373,133.73151467084244
666,22.2,106.4534648744239,116.59694930918657,19.020378891632443,30.721723863261214,167.43413856876688,161.723293768495,136.5616511772948,133.43741071111654
667,22.233333333333334,103.9497678972341,117.34521254045103,19.87401330225931,30.8646584526116,162.76778906017665,162.45641786707856,134.30995828044098,134.37707960998733
668,22.266666666666666,103.75318415834498,118.57908179094854,20.62679184734354,31.06935021364361,160.31264699230485,160.26010963756903,134.4994166597506,133.80758666928259
669,22.3,103.92700365558376,119.07844312380881,20.22237473519588,31.888734150077852,156.8045805399268,160.60620880999903,128.66531632020917,134.07893567710903
670,22.333333333333332,97.05005964573373,118.55905286861287,27.74338222857106,31.58704042654767,156.6637472538785,160.62694023697452,127.32848585904908,135.63876951472798
671,22.366666666666667,97.62248661181451,118.77331266271717,27.800907141486924,31.55634753595631,156.705911216963,160.9663295585698,124.45205489300619,136.65609841473494
672,22.4,96.95799371872815,116.39521852166494,28.84374991628453,31.608824460304973,155.55593546351116,163.08783292543916,122.68728921024443,135.18742213655477
673,22.433333333333334,98.13747352203582,115.00858959726966,28.244157933197574,31.201555822860172,155.2151537366221,161.74711142602615,119.64611032275936,133.75462579822255
674,22.466666666666665,88.06117054536199,114.57947163570155,30.904830430458954,30.907171852616155,152.09041222963415,159.27778503039525,118.75678390270087,130.30827586960424
675,22.5,89.67367059808369,114.08614520319021,30.215738656395484,30.856271608331248,147.18287858517374,160.32553146792006,114.88238009436006,131.1055102234532
676,22.533333333333335,89.37137496174957,113.91527497478604,29.051362991618877,31.143211952153624,142.50503685686274,162.09693239949854,112.35169143077712,130.57105783354476
677,22.566666666666666,91.86842487253652,113.30513246363031,25.36762725940377,31.089530038112937,137.55992221904697,162.05746968173128,107.33809032421406,130.1322843342146
678,22.6,91.06319947612813,112.35143481340216,26.17227514137895,31.269013256796494,127.10419662708621,164.2206442830556,96.12927233661122,131.18159048763064
679,22.633333333333333,89.92089833824217,111.40791438538423,29.88469617554113,31.742321332746364,121.82059033710213,164.05582035589103,91.74822165822025,130.4887254389001
680,22.666666666666668,91.09342280160914,112.95188419671162,30.69199685599535,31.554575244322834,118.84257298634743,166.00472105881383,92.58990224838067,134.20811724003607
681,22.7,89.22211167984628,115.59740922562332,30.997107998110664,31.061325224890876,111.49310192466558,167.84173925729672,88.5642246006144,141.26972934056866
682,22.733333333333334,92.4287606153615,115.09424007327134,24.927921394920837,31.083930031401195,105.76254802228212,167.72113545134084,88.3279060971219,140.75426316656842
683,22.766666666666666,91.89930574634144,116.87104866530647,24.815150790524545,30.86359059149309,104.24432219923756,167.65334438038883,86.2031249218173,142.14823535478914
684,22.8,91.83585241938637,115.73581855038171,25.3665647062161,30.830943498235314,104.91841299771815,167.40708826418393,88.00722573109957,142.4092531328807
685,22.833333333333332,96.3635606195835,117.04264937864599,19.62958073152576,31.11684036285327,102.82844145963365,165.84078481820592,86.91432103024043,141.60004357287158
686,22.866666666666667,87.88384662950665,118.20384838381202,28.55633023417305,31.016678218365854,104.11067579291323,166.31591052712756,87.69692198844464,142.45006096648342
687,22.9,91.60516753904236,116.83419020231392,22.119437629608413,31.017479823244454,103.32003191579982,166.82722302750818,90.10553050088039,141.7230634853233
688,22.933333333333334,86.5700975951634,116.06604600145427,28.18532633403715,31.1539583205395,100.55430774967189,167.5902210370582,81.0985847319618,142.27965308810067
689,22.966666666666665,87.75352100092604,115.20834686026706,28.062871811285813,31.027835241172948,101.5911157307553,166.81051304114476,81.54360172020051,138.42767046754645
690,23.0,87.57217653467687,116.08407414280333,32.839022698485515,31.128969281792813,102.87014703764719,167.97855519294416,78.33031609242221,139.7773749838713
691,23.033333333333335,89.05946434975829,114.09701861406971,32.43146750457454,31.47332519559216,106.11676064220919,167.5573394028224,83.99301543221293,138.2657704576118
692,23.066666666666666,90.19444521346381,114.10568654007184,33.09910311041241,31.448428801932014,112.04500455469754,164.87112231226956,92.36178191432106,133.27173141939178
693,23.1,89.06750460003511,116.22821948673064,34.16640184891629,31.350298593294646,119.7266630701132,165.04513020119913,89.55385336731364,133.2178660703819
694,23.133333333333333,95.53400503497595,114.90855560139647,25.44508910854387,31.52129566409503,126.65212424568756,165.77992998234654,92.87241592349422,132.39013745590935
695,23.166666666666668,97.47948658580366,112.76837160166589,24.87080487035287,32.08394119048428,139.49233295637399,164.73080477144455,109.07361676176707,131.30505390931762
696,23.2,101.14772264037859,112.75258143774522,21.576279051884356,31.580460978873553,148.29638437855863,161.87238994570515,120.27183706136894,130.0985984318731
697,23.233333333333334,97.80956080031606,113.32274360922835,24.41687935298545,31.40754931151503,153.17580401113932,161.73622936928564,120.270158143794,133.0268255456811
698,23.266666666666666,96.3806199361317,114.12098139944459,26.069469375046694,31.09429276141036,156.16958303036782,161.3658191995411,122.56777175916659,133.08413734521417
699,23.3,96.24204610685791,112.46279881483319,24.639583923518938,30.994627596852958,156.8044789558765,159.6788233153168,126.61541559720727,130.74855563930475
700,23.333333333333332,106.74321386167715,111.26984695926409,14.353201991918901,31.018237375636815,156.22623860458143,160.4864844223778,129.31692763200934,130.557511819468
701,23.366666666666667,104.66045173838852,112.24993714838014,16.473807967595878,31.211543248501474,156.49735498118253,160.4294499290098,130.22041233829486,129.69080741128678
702,23.4,105.71319157339884,113.58751004794688,16.332599459965575,30.944208247069515,156.6762207351188,161.0162622443844,128.02269601129407,130.33588780574027
703,23.433333333333334,105.66558272153164,115.04112210392948,16.41750781816695,30.78093049434235,157.3801479975506,161.2114730740997,127.48760316413063,130.44484822529415
704,23.466666666666665,105.21622992415493,116.63508385827542,17.255842921835974,30.579036164226654,160.24893127227355,161.3277445915104,130.08872590396092,129.7543977806656
705,23.5,104.91332913069897,116.71592041024776,17.5066429858442,30.77483177326903,163.33811903768367,161.15709731225292,131.96189512381713,129.00972350996847
706,23.533333333333335,104.8836138457875,116.8767335381413,18.28618405420392,30.696974948417616,165.63211816570308,161.43238888855447,132.88439475181815,129.23617262507244
707,23.566666666666666,109.29608895586279,116.48482843004551,14.977867683790203,30.192671559464802,165.74566506734078,160.2569591540584,135.84406774212022,130.9464326306931
708,23.6,106.31918345572336,114.9016516002031,16.49310080866528,30.079636398909745,166.09251721007112,162.75574975624627,132.67762502802373,131.226442267383
709,23.633333333333333,110.11322503696614,115.40229292958642,15.296245576269063,29.928182134895206,164.15745378075422,158.87559750294332,136.43779158402316,132.96090665949004
710,23.666666666666668,109.05482287600469,116.10286683872134,15.065483803008526,29.920131997005754,164.72585243698293,158.62589852176555,132.74685130154936,130.90267333198835
711,23.7,109.4461666250757,116.22419452656997,15.253519376668548,29.540086313641957,163.9166569855963,155.87699317226296,134.17563045900135,131.7856558443916
712,23.733333333333334,104.74449399458082,115.60055552601152,17.786090739993945,29.70343394368849,170.08245865334877,158.1782173657474,137.2237280467039,133.4599135047507
713,23.766666666666666,106.34614221048659,118.8055511108863,16.575772624148765,30.001339496575714,170.4050249600402,159.76535440656733,135.92676475735104,132.66395691459354
714,23.8,105.43160156517311,118.57783018427696,16.695455366939136,29.710282661600974,171.1159231762664,160.65411317206016,134.75164362291335,132.85234482865636
715,23.833333333333332,107.11117037040643,118.83789794894344,16.934657336823058,29.49325912499639,174.70671772821984,162.43774125959538,137.4313043763458,134.3844515050949
716,23.866666666666667,107.26944519091843,118.50527086666871,17.37620501328144,29.50165056184419,172.04546326408888,160.98561065827525,135.3501775770897,132.92171481371614
717,23.9,107.49929316920706,118.39822910601335,17.296144201605344,28.83658072144889,172.19089197813418,162.25914744527788,135.380468753518,133.80242293087622
718,23.933333333333334,107.93192996948297,118.90484671579708,17.606497607622195,29.107580092351675,172.4641267185601,162.1922446576264,135.67873400876354,133.4988742859126
719,23.966666666666665,108.69361266870258,119.83631958389249,17.94494549287053,28.768340091558212,172.754101776643,163.16518658352513,135.77229816768957,134.0729173814646
720,24.0,111.58859391147537,118.55602947518535,18.994182280557563,29.333523320869457,171.0384427563295,162.63122509143366,134.8286076450445,133.75917510973807
721,24.033333333333335,109.0371442444015,118.2742303511196,19.885502054099128,29.31891313346757,171.04683412016917,162.42489745558063,133.97330865254028,132.7669635759189
722,24.066666666666666,108.3111712554616,120.04266920518894,20.073327956446505,30.1918600848061,170.60713905804323,161.49629080376482,133.874015991353,132.8453170715512
723,24.1,108.95080902637672,116.68732113529195,21.555970635403696,29.591680061957383,164.95608836920906,158.37977757467837,130.28187686363708,129.15996609380124
724,24.133333333333333,108.84711970616539,117.82118483591697,20.59056174750215,29.613319609484957,169.92412356706154,160.5663620831608,135.108956614667,132.18036959046412
725,24.166666666666668,114.10320669721536,115.894747738919,26.644758805933087,29.617521207489492,164.23291777041038,157.63867942694108,135.18276876613592,131.28717645594264
726,24.2,116.37716745355657,117.27969861577748,26.284559177860498,29.053437959769305,161.85143466070005,157.3700474970074,130.63817529047554,130.01969396679866
727,24.233333333333334,116.5019234936311,119.46138832901036,25.710183262033237,28.271443012266186,163.85035669869984,158.4410350753018,131.15767887523396,131.22776552094103
728,24.266666666666666,121.89114798446786,120.46775776960385,33.855425843432414,27.04933929469615,162.16432731250987,157.7952550108438,130.3148492184839,131.04777678538028
729,24.3,123.58966755509547,120.37501619641529,35.854732807145666,24.855516021864958,160.7675871505483,157.75421837498087,130.08949658922506,131.18304304986813
730,24.333333333333332,119.00986003638039,126.3866251410411,28.073183258474806,24.348914639446743,157.1452697136366,154.428809121798,128.39248269477037,129.88214594664979
731,24.366666666666667,119.2782484626741,126.46275573409429,26.89596547294767,21.33759381503625,157.40483694476728,154.16305467471426,129.53064140646478,129.80055335329848
732,24.4,124.13033042379998,127.7008516347647,26.99223514821901,20.640905366187166,159.82354266106057,160.251601602187,130.82864059968946,133.03389023750896
733,24.433333333333334,119.81739124019026,125.07229279304623,24.257120809275705,18.4717130553396,159.36477683930036,156.72357977823424,132.47067721973863,133.88460427949093
734,24.466666666666665,116.03367931578194,127.35447225837146,16.70697025821074,15.80501378820995,161.95722796565715,158.36162728719836,132.18772184547413,134.44498324361686
735,24.5,115.67427723569266,127.42529457225176,17.414989957651304,15.717809080117542,160.35447340671874,157.29704631087702,132.32678834989557,134.531360904426
736,24.533333333333335,117.72159450163866,128.93693779499296,17.151037663787008,15.402584295521837,162.6050791769088,159.91400937487916,132.19798031248672,134.22746336418749
737,24.566666666666666,118.76080145000655,126.66125551727939,19.340078944228427,15.245458884973903,158.41978751345147,157.34436448524605,132.62677031454604,134.4904571643974
738,24.6,121.27902553026226,123.8485422098635,20.450228874476142,14.22131142762866,159.8103593979737,159.07711462542412,131.466555830774,134.20680402969722
739,24.633333333333333,120.19199544338696,126.93889379672665,20.15433398115331,15.649484510415729,160.76800435414444,159.40086681429466,132.6713925224181,135.04669416895658
740,24.666666666666668,122.86761546975231,127.65481375372507,23.129729781645455,15.99645859020945,159.71617828393303,158.97503540171712,133.20013763221047,135.32624089432468
741,24.7,121.01907756070337,130.84829504213283,22.52322103022301,17.12544712197745,161.57867904698676,158.9979669407721,134.9397044868054,135.52909200900032
742,24.733333333333334,120.16723322866955,128.74624792153554,23.103975748261476,17.13306228027585,159.12293724882164,158.31634599887317,134.6245082725731,136.7065762543281
743,24.766666666666666,120.65804640569088,127.73683657515772,21.371048772922883,16.49334722021729,158.96049319182987,157.58871323751873,134.89876644747764,138.25506463970234
744,24.8,118.87946422286137,128.42676935511838,20.289398415592668,16.43497606254494,160.36807069816442,157.79873829225917,133.80696036939793,136.25851020944438
745,24.833333333333332,119.74167366664712,129.73357681797643,21.144216734813334,17.50984850327394,159.03121053525393,156.8730782891389,134.14370049432938,137.1173528778287
746,24.866666666666667,118.24166103704158,130.20354796914597,21.569713585747053,17.425163934511342,159.24960733684784,155.68296956286122,131.34505119451808,133.2628028441954
747,24.9,116.26335607816323,128.94328415731974,21.025901371911743,17.08165164712851,157.91056622723045,155.51074007364838,132.48070785170123,134.69101901730826
748,24.933333333333334,113.50082158828806,128.7138577136392,18.816364621917142,17.263702928182525,159.103660537532,155.42221259612808,131.70076649384558,133.36121436994205
749,24.966666666666665,118.5855118808354,131.1381683125499,22.37282300340216,19.016621432681035,156.81384383131208,154.2147032585726,133.14455027023337,135.54388617687368
750,25.0,114.54976612547435,129.2697200720269,21.864118483350627,18.391945575652517,157.8655072867623,155.46242856451016,133.0727513492584,134.9976900400545
751,25.033333333333335,113.98481921425751,128.10578576532026,21.313043267796754,17.977025438420565,156.96827799997453,154.46986332249674,134.54567515284037,135.17734050449357
752,25.066666666666666,114.93663958368893,128.51043678329486,21.478009389500237,18.06593707926292,157.95741106144075,154.72048170159883,133.53935230408607,133.3826084666126
753,25.1,113.8839752741938,128.30203446014568,20.331460083140986,17.88432095107407,157.6881000056875,155.0288176984935,134.67418462434964,134.93594909401367
754,25.133333333333333,113.69179389047463,125.67398420664277,18.758654959785666,15.952376640192615,159.6096527468684,155.68445212707684,134.23128103058812,134.75647695596956
755,25.166666666666668,113.73627471877737,123.83012038734498,19.04655017578361,16.480840302145165,158.27858389756938,154.73089610081212,132.3029692016664,133.37504689695035
756,25.2,113.84755920091433,122.94006794337595,20.821579121103834,17.311268184720564,152.28233875914495,152.66778501793556,130.29963595704783,135.16083628913557
757,25.233333333333334,114.69565890162849,122.918160109746,17.790967119740234,15.796706373993347,155.5760089775339,153.2338463600215,129.4303690856275,131.94610145160547
758,25.266666666666666,114.79174477076968,123.47895649471299,17.69930883648507,16.024355978026666,156.06602516356497,153.15853799272514,130.56109991360722,132.14873248213422
759,25.3,116.27957274766109,123.90862177230524,20.08230802231776,16.332968762391946,153.73120878347788,152.5064518872333,132.3028832453888,134.39376661825685
760,25.333333333333332,117.45426491658203,124.878591550128,20.426152044221013,16.485900254371305,156.16215203564923,154.47099101522437,131.39926106245753,134.22359964618948
761,25.366666666666667,115.64545355535316,126.70369495829085,19.246430867904692,16.760353166610308,154.8652119009879,152.53933915971757,131.53200628955963,134.4936402933669
762,25.4,117.03326954025344,125.25778934172574,20.192574132862678,15.161801325198999,156.1168390119312,155.0043587339479,131.8369340847415,134.46372390973548
763,25.433333333333334,118.16376021990799,128.4152209211654,22.091408373988955,16.929455791821876,156.28189463565823,153.84654111960413,133.96204501185113,134.874974986993
764,25.466666666666665,117.22008621087555,128.2053417647239,23.264149623318715,17.772172531836944,156.8828334320318,155.21145543378205,133.5177407995555,135.73964078066405
765,25.5,120.00419113665325,129.01862728316604,22.045601635516608,16.918263173570416,156.1269735476889,154.75651827074995,133.56948861721347,136.09852862104077
766,25.533333333333335,118.1951801840533,129.04503615892096,21.309114034958768,16.708989874093742,158.61654770654138,154.83590070588568,133.39610445808165,135.4715890892352
767,25.566666666666666,115.44335902171038,127.15723885350523,20.560106261251168,16.691642117358498,155.62806042589534,153.224117768272,133.15844514377835,136.04168684923482
768,25.6,112.31062970996446,127.26370391452032,18.62425292699903,16.916562758644094,155.22663276983815,154.0063139834528,133.36973643388265,136.3273058629759
769,25.633333333333333,113.9215955513059,124.88629740710017,18.188336773899554,14.946557776885356,156.70895925189333,157.14667643923326,133.14712760947205,136.34144901449682
770,25.666666666666668,115.78318494041663,125.72255219992421,19.68056691813507,15.339473943872234,156.69834591979983,158.79523176090194,132.4500233247139,137.73338933267692
771,25.7,117.68920564592457,125.88614115170978,23.033893566155367,15.979566588314604,153.70209552799335,156.13887639773262,133.46222395407398,137.82909305456099
772,25.733333333333334,121.88388159663715,125.76539518022724,25.32696723790062,16.520985461628747,155.90216384301968,158.4912237209349,133.53008253261154,139.46807234431515
773,25.766666666666666,118.65382268679508,125.20997221143487,22.305552642209577,15.906297729902315,154.41973165217738,155.19333157732984,131.91233717046302,137.24496527270506
774,25.8,116.0519600166118,120.2879562123612,19.934950167247308,13.306060819379244,156.95411988114014,158.5388774292218,129.8079506002302,136.7847690603534
775,25.833333333333332,114.93477202817228,122.1548659653296,19.727335582393057,13.936489363242558,156.45981723852285,158.28875525581262,129.93806851425097,138.04742860317907
776,25.866666666666667,114.19435239982863,120.79139862802367,18.54902645314169,13.278533472045709,152.991681674737,154.3447023836851,128.33534314061387,136.2936531246196
777,25.9,112.83327955660027,119.31993236881785,18.772289795250284,13.474561569371668,154.26952308397517,155.64835998072743,128.90123157129955,136.57973140500204
778,25.933333333333334,114.01698129916839,120.15056006096819,17.815243030042993,13.445461163661022,152.60848293260116,153.6813457095185,127.4795462386278,135.09408869591394
779,25.966666666666665,116.17188422048702,121.9208533179234,22.303181936611683,16.291238711900828,152.89116280017555,154.57416825293842,127.94284612682992,134.88733929704352
780,26.0,116.36965118170716,121.32041505025808,22.51172824830077,15.65171901884589,152.29882446022572,154.43952575943814,128.31840628974584,135.1141738466151
781,26.033333333333335,116.79450115763467,122.15759018542023,22.70856489770605,15.639659891255695,156.04094740200333,157.70876943577815,132.38988074715712,137.87580209646865
782,26.066666666666666,114.80021605541152,120.03854117022321,21.975760956162233,14.288469896862306,152.5858493372471,155.80072067149376,130.92413725265018,136.63809770657505
783,26.1,117.70571753363247,123.82395260580064,24.22818752060903,15.9399840496087,153.09738722240346,156.54209028880288,131.61794918669142,137.42745916439273
784,26.133333333333333,116.75333894804896,123.60425129730686,22.246151110198635,13.546564705086572,153.93693546171656,157.6064883882984,131.9282556522919,137.5192526881698
785,26.166666666666668,116.52081665997558,122.91409538883772,22.200047011668257,13.832438550371274,153.95390166514065,157.23909130803122,131.5490620228046,137.58579519399464
786,26.2,115.55079071665449,121.83768590053262,23.586332708531685,14.016795573495793,152.8193126977258,156.3588235196866,130.30208559685335,136.71534154059853
787,26.233333333333334,114.80284733235943,119.90702698185882,23.165320241982492,13.114727677300772,152.96518854641153,157.32227199341685,129.81993997755688,136.26305765783187
788,26.266666666666666,113.21433239281073,118.8584351938356,22.369506797923083,12.92868106832575,150.97748474070022,155.0348588691263,128.7888366263303,135.39487816607297
789,26.3,112.4807090424685,119.08153640178892,20.586759936525485,13.158998566271123,150.61659471945018,154.27865828894372,128.13129862191573,134.835491678083
790,26.333333333333332,114.77630086939845,119.71831839648179,21.35157244876854,13.41931499360609,152.01168734145963,156.15286045778245,128.81716232724568,135.42224110442083
791,26.366666666666667,114.4108638318619,120.70084128934643,20.013963697516203,13.674037347754117,154.348538722329,156.2050202909842,129.0123401791491,135.39986508412292
792,26.4,113.23104146741218,120.54313350903483,20.1265689581184,13.723087875506103,151.03055805623026,152.9527487108233,129.15172058079534,135.41454298881018
793,26.433333333333334,115.68932906366035,123.02013858652938,22.926085063452177,14.446140272978718,155.6020102073711,157.7145252372203,131.908773185235,137.41403436401131
794,26.466666666666665,115.87014265715696,123.40960744935379,23.1673190769258,14.870232191202573,154.0550812637447,155.33586074991152,132.8006821540002,137.3856075280483
795,26.5,117.21809166013831,122.19260910136381,24.353988786800866,14.032575106528995,155.48094905162986,157.46824280859266,132.68574985346834,137.65715291096882
796,26.533333333333335,114.9254482362038,122.40225270924697,23.51636097764698,15.93164992826282,151.2877414541163,153.39364022282018,131.13060710989302,137.2072901404352
797,26.566666666666666,115.31415576627943,124.87450364449283,23.909883815941214,16.082468380446247,151.91159671928813,153.92365417598228,131.64680332214573,137.69330413473497
798,26.6,115.52021236913104,124.52529740654175,26.671767033084418,16.700576734875114,152.04317943425318,152.63019856172565,131.052886628451,136.15336697175448
799,26.633333333333333,115.57805256235203,126.00132910132353,23.205222434789814,16.974518213429306,155.51985835900015,153.4952540892817,135.33813578628153,137.73049681617945
800,26.666666666666668,115.66228521508978,125.71386805183602,24.45286015314578,17.148358883402484,154.8067084924621,153.29360408325368,134.83218582299403,137.48416442676918
801,26.7,115.80530530170834,126.27527344887663,24.454219819944935,17.545357583725817,154.56538920065688,152.46877974990673,134.36931946341136,136.7869182498578
802,26.733333333333334,118.27683386753905,126.73387264429657,26.342770242021114,17.485883105040994,154.72577349913675,153.63789789441978,136.05626644891956,138.8821194015231
803,26.766666666666666,117.52546620020809,126.55401032308767,25.869419727196057,17.366224407679766,152.46502592647704,152.2205134566661,133.6226686833125,137.2352020900514
804,26.8,118.68754319298431,126.86801971977268,26.42402789681802,17.121281844494867,154.61722069430985,153.23577745573073,134.53160992570778,137.25651179922474
805,26.833333333333332,119.1839898228359,126.38195852333163,27.19734368634526,16.715036421730037,154.19713705282018,152.59820516670717,134.57320637740074,136.86055946165823
806,26.866666666666667,117.8970866392331,125.8386374972055,26.409418136631842,16.973677381530887,154.28944349643018,152.187666333605,133.94329566795636,136.69705862651512
807,26.9,118.18175148992212,126.05197487998092,23.98234736277379,15.085024729362974,155.3188202134065,154.2861022420928,134.76901062147638,137.95875838794248
808,26.933333333333334,117.31074653275034,126.73050058185098,23.481222234729195,16.09274834147468,156.1520072423753,153.91662172365824,134.04612407074816,136.96086474549256
809,26.966666666666665,115.78729974118966,123.84633781320969,23.866081528544132,15.029750038784641,155.0707738424997,154.03415321656064,132.4881288718455,136.0409681704039
810,27.0,117.49707411694818,124.47703030203589,21.884580748734933,15.45237203037763,157.2030925928558,156.64343592254272,132.8326799111661,136.55641720841282
811,27.033333333333335,117.35532272624094,123.28390668009234,24.046745876947536,15.551480428008636,152.32360900969687,153.54685449251605,131.140909759532,135.9106211573001
812,27.066666666666666,114.24643341060381,120.87987684361545,18.98534227144194,13.613640954061673,152.6214669909832,153.03565324209004,128.72455503293284,134.15474705377846
813,27.1,117.03632630002258,121.88887217443599,20.694188163880867,14.5255217316787,153.41537087518955,154.3388878335367,129.3301736175399,134.49244299492364
814,27.133333333333333,116.97931875804147,121.75953209837327,20.406193213395085,14.226841511287855,154.36698224690645,154.63068456543184,131.4993822185248,135.5671504584012
815,27.166666666666668,114.44766670580641,121.43489716335344,20.19699345881499,14.438847250984873,153.2132510878112,154.51728926482556,129.47741372199235,134.82891154839817
816,27.2,115.80964899187043,120.584160365191,22.849886517084695,14.509762236018599,148.89903659314257,152.5753084991724,129.17003408688242,134.96782592203402
817,27.233333333333334,114.36254363930843,120.74063261740181,20.23374050362275,13.2033439046677,152.07292666202585,155.79745681808896,126.48656300177821,134.31258131349267
818,27.266666666666666,118.25517729768502,123.31856901257316,24.63187707037277,14.716865445041467,150.6218116039765,154.7631902051613,128.37480051470516,134.54658975733105
819,27.3,116.48235607774274,121.8000183279088,24.198416353949806,14.884291369283703,150.0057242147245,153.82342949982458,129.33926865069364,134.69435252162714
820,27.333333333333332,115.47282502087441,119.89111815233017,20.641176764982795,13.775699684644282,153.37836383343986,157.21879622671744,129.32030084338643,134.87945660474543
821,27.366666666666667,115.79972340812162,122.52012719328631,23.932964564476567,16.281272890807774,152.97331484844307,153.82812541642497,130.39605654610332,135.1609886095101
822,27.4,116.54467035242769,123.4652061543564,23.590208026230993,16.301063811005243,152.28817069554702,153.95001144604097,130.29417555450118,135.15759254317948
823,27.433333333333334,117.37504300038695,122.34640123655507,26.502318079855293,18.170405087106225,150.55091927140623,152.83048048287878,130.18120901966697,135.61323966314117
824,27.466666666666665,117.03581784197593,123.22206246237614,24.226861139201546,17.94840445043673,153.51786158634644,153.69328124903328,131.7580466687944,136.17272082708874
825,27.5,118.26396704100273,125.12882680267093,24.66557674689251,18.50799750707066,153.23632283022278,154.10107857425515,130.74320757274148,135.56632380148997
826,27.533333333333335,116.68197401018031,122.52182956774014,21.75304199165956,16.24897699083079,154.4754523119149,155.1707873916944,130.31611613578124,135.4049532406712
827,27.566666666666666,116.94219757237013,122.19630634257683,21.815547704017725,15.143895644721296,154.85876140329552,155.5351407193054,130.3578199585118,135.4897914904781
828,27.6,115.15331905830871,122.16057047932216,19.23653898685571,14.294991446233833,152.03548131006784,153.4533062962456,128.5806089557762,134.88985767469845
829,27.633333333333333,114.43653490926211,120.57036149416429,18.549553539185943,13.193839185010724,154.06237025466947,155.32685947547816,128.71021339303186,135.08767742535593
830,27.666666666666668,113.92853676749718,119.57966190344544,17.9919500151531,12.646526997180269,153.88399857757375,155.03867879942297,126.73290643232038,133.52896950087595
831,27.7,113.4693046987864,120.33480617004894,18.002827475105487,13.729675847422198,150.53638718678377,152.05842120811835,126.96227928881586,133.96907534305092
832,27.733333333333334,115.8323212377276,121.0352234042251,18.235960163277305,13.616729581474415,154.81193363889363,156.07283132917493,128.35044008516888,135.1310005288143
833,27.766666666666666,111.96432637412785,120.79256794592308,16.686992671562,15.4259990682417,147.82422058223653,148.62131751462329,124.2806621603332,132.82845511123736
834,27.8,112.50975654340219,119.45652595346037,16.68357013834428,14.263718396638529,152.3767310630209,152.87463512619144,126.4776571712552,133.89142414267576
835,27.833333333333332,114.47296829702378,120.34281843263578,17.115123615495854,12.969534543096351,154.30216349996812,156.2481178003357,127.67653790552129,135.04339838970415
836,27.866666666666667,114.2247071461322,120.40397667955125,17.45128558648535,13.176742387597171,152.58625556578886,155.5728629637113,126.8317477489412,135.2281591092546
837,27.9,114.85279206949133,121.94566495110702,19.12412579464205,14.46560141881353,151.866914557607,154.50340658453052,128.32071594190512,135.85996357720518
838,27.933333333333334,116.04941821218783,122.18743537808304,20.191897620020022,14.660373649573858,155.33391399968332,156.35990608248264,130.90270301719048,136.90681819027984
839,27.966666666666665,115.03494194893851,121.88209672756788,18.496232001982467,14.418445965322995,154.75596001541717,156.22565839329692,130.30669221085333,137.16612187940962
840,28.0,115.11189131416798,122.12462164870468,19.565699866168394,15.02233528814552,153.2929925140224,155.17667903696596,130.79125549072708,137.44847269689916
841,28.033333333333335,116.06523986567002,121.5224143392259,20.384521020631112,15.404309340305314,153.04956350761157,155.2376308864263,131.204750974188,137.2867305589431
842,28.066666666666666,116.17308839764581,122.5067081216399,20.92255340852536,14.81390785551577,153.73582390868026,157.17267238636822,130.74833351876217,137.5038177393065
843,28.1,116.32250703200245,123.75837495986282,22.36442165624067,16.318657439840674,153.7181968682052,156.89171792167065,130.21554719988364,137.21681669986617
844,28.133333333333333,115.93864622111973,123.05509960560694,24.472786912429452,16.769220504175777,150.95918291709762,154.3435353865853,130.20772781788187,137.5409959593649
845,28.166666666666668,115.66852718225594,121.91954976904557,23.75185936115289,16.541874324277888,153.29601450095944,155.76047989904964,131.45522698895485,138.34699646968704
846,28.2,116.40517234166752,124.08357253047147,28.357028031476045,20.21527274334219,148.93835656677942,151.5375914297298,131.5917660766553,138.3011429457964
847,28.233333333333334,122.20398342218874,117.88177799543232,30.1895326222842,17.256941370730598,150.70089823384617,153.37080326205898,130.49062740358454,137.36336279051878
848,28.266666666666666,120.4693575108121,117.56796788156538,26.564053532942243,17.334387867972396,149.3872783391293,151.80091112099424,132.3231424567064,137.78890486011642
849,28.3,122.4515091415841,119.96213157494294,28.851001248648647,15.81590064382268,153.67614580225097,155.24026302064223,130.96622094652102,135.65971067898846
850,28.333333333333332,117.40113032135427,123.87321308987121,26.93593063565324,17.562784733272068,149.6472105399421,150.68987452615917,132.43662791873805,136.57673736986308
851,28.366666666666667,113.3546363931436,123.60199287360948,22.045159702867277,14.867195587966759,155.60912009814925,153.9298286539291,131.68262116212347,135.16150387126507
852,28.4,116.0176049256069,125.21596705808143,26.70716948443779,16.756747158787793,152.03023870798543,151.40820917354898,132.8008286540067,134.64247700915
853,28.433333333333334,112.74223253676388,122.94360003047318,21.754054520709087,15.51750805974575,155.19457358224238,153.29996110212267,133.22009358821626,134.97593828112616
854,28.466666666666665,112.72774178623351,122.57911768461697,22.474514137464364,15.925660717607268,151.25928965807975,151.4795682217374,132.32091274730757,134.78779132637814
855,28.5,114.45238581897702,122.98891538214758,23.183209883074287,15.958634494491967,153.38413962644364,153.73715749655247,131.850840963401,135.598916971293
856,28.533333333333335,115.37541010302176,125.72085752134845,24.43554262335841,18.42805696212421,149.8173147011941,151.15227941553792,132.49248178681117,136.74072378271498
857,28.566666666666666,116.73327139933203,126.54430080581155,24.247504127196315,18.41327431059793,152.80397236949224,152.52513715532424,134.27720455593672,137.2495513797998
858,28.6,118.51764630028674,127.64237869490294,27.49754971985647,19.271406292955376,152.10909654327105,152.0674651793267,135.60535178798017,137.25597270491468
859,28.633333333333333,120.00137374449693,129.7656595666584,26.798745189281867,20.599468870444245,152.83650793962715,151.11041772100276,135.65391173179302,136.8025783309296
860,28.666666666666668,117.94234436182921,128.34837181405538,24.419586871393573,20.096007683999847,152.6875704337508,151.4758192751306,136.07815766062322,136.7150641080427
861,28.7,117.24191796305064,129.2978345898299,23.724722950594284,19.926810634101866,153.62161850796312,151.1465166382633,135.79761359796828,136.26096845863455
862,28.733333333333334,121.48349377542289,129.16980990687455,27.876189237545702,20.399351122559178,152.55905860664677,152.88845937779018,138.01440047079404,139.0400757317877
863,28.766666666666666,118.62810094287953,127.48437342432739,25.562409309604668,20.52819324176567,152.152109569604,152.10302484743346,136.26175166419569,137.68613007775087
864,28.8,121.14170269512458,126.59397751807487,25.010885688482823,19.20005491816976,149.6605125457371,150.18608167257125,132.94182676872256,134.63513408944985
865,28.833333333333332,119.08780616601928,125.8516546642756,24.034177905007436,19.56207365150576,148.7154102958725,149.82610837756604,132.80575023253527,134.0596788901894
866,28.866666666666667,121.22550515583512,126.38005129411215,26.38902130836943,20.170874682469815,149.11543903962817,149.19328931388674,132.7257256357387,133.78217703340542
867,28.9,121.92821885096275,126.80027942744216,23.24009260589059,20.33142849162114,147.92797703520944,147.31899316930733,131.5013496744473,132.23942505588226
868,28.933333333333334,121.58677271208276,129.16125873028557,24.15323249317645,22.541757340581878,147.03779421838652,147.3699454012468,130.15571890526402,132.84044730137583
869,28.966666666666665,121.02099085508469,129.09249368959223,23.240141875017905,22.197092631819842,146.88084808904446,145.72265223052926,130.60171133411052,132.88541843610554
870,29.0,120.67411196447651,130.54617567026676,23.073966225893713,23.593084457501647,146.98748955569488,145.48047654070592,130.64024703123573,133.13352589135022
871,29.033333333333335,120.89994635974786,131.2575388176829,23.072813175195588,23.94871648651395,148.35778363990306,146.73608536904598,130.65486670351814,132.808397489391
872,29.066666666666666,123.91913378806409,130.9170771239365,25.6853192693656,24.03375954093428,143.67609078193914,144.223391208271,131.40788623419542,133.42553708220458
873,29.1,119.59720339876995,129.1586341469558,20.471795325246067,22.638612479078187,149.54038449741535,145.47857923483548,132.5303325965879,133.71998822411808
874,29.133333333333333,121.78616858598942,131.81390855065504,21.831824398047427,22.488138258793107,151.4969719895186,148.62732435466236,132.9085190221817,133.51972754929116
875,29.166666666666668,120.56211686700297,131.56130299830167,20.341045864223975,22.396851600763405,150.81643247098125,148.40984893548006,132.61463247427534,133.41860377311127
876,29.2,120.99720659722507,128.5701284717197,20.41334117782366,21.06531704232093,149.5143562942532,148.6562170299522,131.26677703039343,132.53167287513784
877,29.233333333333334,122.10345374713248,128.75924526582108,21.11603384262657,21.13209661736008,147.08923503693276,146.75693632055766,129.64665348336717,131.36321588844658
878,29.266666666666666,121.3482767362072,127.60037434035848,21.80843935597136,21.304601628279418,148.41151933697844,147.42637596597766,129.79695150702298,131.38698998279298
879,29.3,123.26440613701841,128.27625557481508,22.912325990280127,21.39941342118539,147.5588403046907,147.4676079028701,130.04499797951385,131.27128713588863
880,29.333333333333332,121.53028371202701,128.3989299760993,20.770421797598836,20.110225336737532,148.3329792870891,148.0508597839921,130.3458816162688,131.66502122885
881,29.366666666666667,121.69754562186287,126.7169798870802,20.507555096144817,17.642751984004082,147.41250001204202,149.24530636985097,129.62338208911692,131.75161933995165
882,29.4,119.37149264593455,127.97251740466956,21.130370147025133,18.53295411653321,154.0621734468479,151.23715744968112,133.737698337688,133.2851745590656
883,29.433333333333334,118.0314081245567,128.3490614855655,22.261851672257716,18.800860939154173,153.1716262452688,150.82939736986341,134.15760181251198,133.89693480508868
884,29.466666666666665,119.05909269027802,131.90433765581588,22.67648589640189,21.106361408376046,155.7009277255463,151.38511760645454,136.5773789826995,136.11958833411126
885,29.5,118.02714518867981,130.87684985648002,22.73836672586402,21.088918126164156,154.46819323297845,151.77332937194834,135.47326906384768,136.5312471793499
886,29.533333333333335,118.59203904750977,131.06952296093598,22.620112422861457,21.13225889400718,154.19523465439963,151.76693200779906,135.41182639401288,136.52396472656957
887,29.566666666666666,116.78685930620126,128.2470928451897,21.31461214600742,19.870929881642112,155.24312630156814,153.03560305983288,136.4611751174614,138.095513946829
888,29.6,116.78921558362002,128.1301312520773,21.469179805295127,19.291093554178513,154.95237794141872,152.9086501390089,135.1046732608538,136.96260951670132
889,29.633333333333333,114.44361615529765,123.79938842973726,21.48198917276709,17.239251618019274,150.45120442369029,151.71469827292125,131.04253461179505,135.2401661563043
890,29.666666666666668,115.06488926888584,123.77398795886312,21.928237197411782,16.749523025671817,156.04868023701314,154.2873690366741,135.3531561088672,136.92557172043797
891,29.7,117.28703732278531,126.4976896547628,27.335995776024298,20.787479551577658,152.28641030720073,151.57113141895272,135.88319759256092,138.2950475125254
892,29.733333333333334,118.0003012036486,127.81359983947097,25.962365324827605,19.627892066608464,153.852161385511,153.58901618405136,134.83473703683512,138.46510910615206
893,29.766666666666666,118.33365547271721,128.13282052221257,25.42682781358902,19.92264846765046,154.24107701317607,153.25348525905855,135.7071784093556,138.45951766952126
894,29.8,116.98892189888099,126.649976420365,26.45749354628505,19.677757959470167,150.8901111492255,152.01942245380874,133.27677680301298,136.14459370165372
895,29.833333333333332,116.03619625438797,125.71370795269317,23.900392063489615,17.913950632522052,152.4034445179122,152.5852247429207,133.4670485893633,136.0946425691481
896,29.866666666666667,116.43320440461076,126.31365735310254,24.138980057839472,18.03252331380713,153.07825100168117,151.5086677098815,133.42196209470896,135.90565321444956
897,29.9,117.1631768702765,125.91317796937304,25.257858365817064,18.12794783640404,152.00260965926202,151.24746370403946,133.75629238642372,135.69471595184083
898,29.933333333333334,117.83103688176436,127.41586540308775,24.868903286159618,18.814181626444654,152.19092559044034,150.40691955532952,134.43326146040206,135.76896389755865
899,29.966666666666665,116.98694979436124,129.81943865563377,24.770164676749253,19.97965323949558,155.05830060199946,151.3627765783604,137.48681954734965,136.80785326608466
900,30.0,118.49138167634996,128.83847247691776,28.083827573935178,19.87085771721928,151.80242616315275,150.57862493955722,134.91686584085627,136.20043870241926
901,30.033333333333335,119.53277244613301,129.85254939853417,26.53173819998385,20.211874811756203,154.70688686512645,151.6603142781922,138.11855651747237,138.114853951542
902,30.066666666666666,118.3586548293485,127.90044289788884,24.719449089418433,18.875192640238488,154.22999631705613,152.01082506846254,137.03159370427025,137.96324058167926
903,30.1,118.27741261869576,127.93659763307024,23.680695209999488,18.763978014750382,153.71566947505366,152.3413573244938,136.98907300663515,138.15116975545493
904,30.133333333333333,118.300558889191,127.93120220186749,23.692993412512,18.520043722813178,154.04146244562207,152.29911972617535,136.7182937838247,138.03206625388023
905,30.166666666666668,116.85729887362767,126.16280907648631,23.988757201136064,19.063117401170608,148.225796563277,149.4119441679406,132.38183696011228,136.60247952671904
906,30.2,116.29237881184666,126.2092888370554,23.717340839918894,19.043533811196017,150.45052667422866,149.93927364268407,135.54314848824197,137.1825730107925
907,30.233333333333334,117.47234858136656,124.62179623890198,25.498986386608767,18.149073012410952,148.43817635656217,149.30807975641682,133.02673917314007,136.57415166937318
908,30.266666666666666,117.76247048903838,121.29563508211129,25.842416442625005,16.361580697991204,148.36705603153607,149.49885574047573,131.69858965010528,135.57682969125378
909,30.3,117.6260441353242,121.42520935899901,25.795217634411145,16.578878965185393,147.88322112377875,148.77157213847528,130.97508265555194,135.1342667166495
910,30.333333333333332,114.12470506451449,117.8746498235581,19.659476685956776,13.553888179290773,149.1627703850247,151.24221855279694,129.69496959839552,135.4015497841441
911,30.366666666666667,113.75511030125269,119.63548650779013,21.07544308406777,14.786307338217012,150.42253647178887,152.14320474593092,129.91729472556213,135.0560556164308
912,30.4,113.60938600137666,120.55698706771767,19.24119487067882,14.75873667977043,151.19227277266117,152.1001869537837,130.93168094158366,135.7351927925315
913,30.433333333333334,116.7025632665624,121.90693394146483,21.20608427505445,15.834244401056978,155.30436526218688,156.34251041627377,134.39272265842897,138.63153090946722
914,30.466666666666665,120.89537647764112,122.51093366915975,29.608812379984794,17.72441845936854,150.23147249569567,154.33020863170427,133.50905288427646,138.50759301715286
915,30.5,116.02342453382457,120.89117248478586,23.459082977316204,16.677591685679477,152.19945964108842,154.58076235002713,133.28901892309258,138.64274219647888
916,30.533333333333335,119.39805878442509,120.99923072390271,27.28332982135208,16.925179384136925,150.90440151021716,153.794973869524,132.36352215403883,138.29111115292116
917,30.566666666666666,118.47329513450819,119.7624714298721,25.621795015120885,14.380319376692064,150.94159923483613,155.58993039007967,130.62664629009737,137.9838676512518
918,30.6,117.39908195113921,120.27585129736553,23.501035892107776,14.962167805100647,154.96338582342358,155.21997547276905,133.25359638004434,137.46688207927127
919,30.633333333333333,117.81474110686301,122.0671220383266,23.227175050921375,14.550310254814953,155.8499731285925,156.67763137971247,132.72546746662647,137.33544565285646
920,30.666666666666668,117.66538359422786,121.91937370768511,23.125298979137067,14.256921271728636,155.553038925528,156.3839907475994,132.40787195902814,136.56054012619904
921,30.7,117.38605186012019,122.32771613778687,23.169779654770014,14.74806278386796,155.23124316798308,155.4542804801627,132.08787689209828,135.4986940418825
922,30.733333333333334,117.74759577135116,123.07890472574834,23.436525352752597,15.335494380732907,155.177720431017,155.59693283623426,132.3392500452117,135.8893561168993
923,30.766666666666666,118.49293460859754,126.35386489512211,23.9839735939478,17.314667384229217,153.56460406682322,153.28927963752537,133.64531409703204,136.678674142466
924,30.8,118.25132177273042,126.91337437519151,23.84421044966047,16.91199980784189,154.28511184618534,153.2975372470828,134.384949271794,136.76348150236205
925,30.833333333333332,121.12696111753813,129.53202646356448,26.948842060899583,19.225893917664457,151.88177180516686,151.51171392745593,134.67116775366657,137.0023536730009
926,30.866666666666667,119.04766973626171,127.18375316890949,25.27113273195477,18.04637712263462,151.63191178957453,151.38041281246495,134.52303641078058,136.89204812783365
927,30.9,118.25781548684328,128.19956640548486,25.040094985637868,19.37452414178217,152.05022440928153,151.51819175893777,134.7439832382181,136.72518308029177
928,30.933333333333334,118.17368621714978,129.01641540765235,23.19091844730643,19.603081029135506,153.06899091914696,151.4630022409655,134.43548482034322,136.080870455109
929,30.966666666666665,118.38344262731961,128.13393881371928,23.691679201796507,19.060383578717705,154.10267790756524,152.1738904474029,135.07503965494672,136.19283553489882
930,31.0,120.01511494891894,127.73861815404467,26.782148042313445,18.93575756919963,153.9036160482192,152.17826964022055,135.14191168675404,136.13074312307643
931,31.033333333333335,120.3273249992394,127.54057615019553,26.844145769561322,18.98405078253816,153.5367612808216,152.29917782072263,135.15879045870977,136.2505520741781
932,31.066666666666666,120.45967970513627,127.68856869133138,27.04624697680869,19.19071198689055,153.16013324921315,152.22391225334843,135.48489703412366,136.53948850668897
933,31.1,121.60858611694975,128.3656743248697,26.610021424776587,18.38339481899063,155.08409461901812,154.4898261389126,135.6099577975706,136.70007897128212
934,31.133333333333333,121.06119099818801,126.3985647705166,26.205203607946533,17.145796245381202,155.32113098286916,155.05267064302433,135.23372083741444,136.6325613246681
935,31.166666666666668,118.44290017402703,125.47487716577301,24.222757192009038,16.65487384717764,155.23572820160012,154.91683239400984,134.89440649838352,136.66190732712647
936,31.2,118.22250600562562,125.83214853788841,23.935376777953287,16.853328908773644,154.69705853200034,153.4785783011802,134.80012051633992,135.8906346394406
937,31.233333333333334,119.28164137569507,125.74227597722943,24.96276815040459,16.816704313810824,155.98022552371538,154.00027473634697,136.6955166846975,136.8386720205687
938,31.266666666666666,115.19376372427263,126.71929209337738,20.871234210005486,17.180422037684593,156.1336428310454,152.46904661769773,135.23319628888598,135.34891748183267
939,31.3,118.04490094647073,127.36400075638731,22.229764026197397,17.19175714368798,158.09476802632955,154.80859297815888,135.97687488551125,136.63817370088253
940,31.333333333333332,117.46366355304892,127.46272258376378,21.919394128306323,16.919218122188976,158.9732515948872,155.37787218872677,134.59677541022288,135.58093306965267
941,31.366666666666667,118.90009428518357,127.97680993400881,22.602889682361077,16.647947100510542,158.35563617624555,155.53983972300477,136.02897769019222,137.28044603524958
942,31.4,119.26475438421338,128.21496474538228,23.025808598226348,17.562446068070766,158.81266947277328,154.31075079591417,134.67392025336517,136.37007136538875
943,31.433333333333334,120.25098660698254,128.70943355946872,21.893062553238842,16.804674311311263,160.00667388227734,156.8986461100758,135.3253063633795,137.90520494076216
944,31.466666666666665,120.40754840968421,128.35571829647932,22.067811255072513,16.646403559494885,159.34517455864273,156.69290638216484,134.03180589031422,136.65244122022412
945,31.5,121.59835238402727,128.2487133055585,22.64894771297003,17.20065743172023,158.29067271081075,155.9035457518017,136.02478222324507,138.03043388874414
946,31.533333333333335,116.64565598880057,127.13099498684139,19.907956214174675,16.229741352418596,159.1422123018217,155.97932061840007,135.80150252991209,137.5759009952261
947,31.566666666666666,116.59745795298494,126.6003651562364,20.049235132668695,15.963875692358748,157.91995221523996,155.9498732983647,135.91791649492419,137.58553150150655
948,31.6,117.0553671576662,127.20356337513665,20.245830530285158,16.19468807551386,159.21067991444548,157.3047821521784,134.93230448848612,137.24341380665354
949,31.633333333333333,118.48257462594874,127.91928214957098,20.64509355076675,16.827946498497177,158.82320975545022,156.6000581169701,136.68443347960078,138.3685343604473
950,31.666666666666668,118.092513035877,127.88182721570405,20.65849539799301,16.92553388099169,158.9769900062252,156.87018898162808,135.38638358985807,137.01879405758385
951,31.7,120.69525753086748,128.44201983804797,21.016908098748733,16.720295284404752,159.89367605911173,157.96426632349252,136.87972653662285,138.51632838639375
952,31.733333333333334,120.44667360370227,128.9071948186288,20.93122085821957,16.91185879105362,159.70743353262853,157.69285751950773,135.2875152241615,136.97615841299023
953,31.766666666666666,121.30304754616337,128.68455291093449,19.563428390346687,15.369375369986322,160.79351381415563,157.9259694378774,137.00449398659612,138.32845953551026
954,31.8,122.37513801338827,129.85649434261032,22.350211682508466,17.035117745958555,158.39850014514005,156.7084824355161,136.50924352413475,138.0566954318974
955,31.833333333333332,122.60099652165538,128.12706201787415,22.504395797641727,15.80216293712088,158.47037003973526,157.72895984484074,136.13289203591657,138.11163944638093
956,31.866666666666667,121.2112142805977,128.785128220869,23.05836119974237,16.20274896042085,158.7617385643183,157.8769014918312,135.02996936331283,136.8625218879423
957,31.9,123.70153901744315,129.4949824525022,23.256730607276783,16.827717670627447,161.3942704807586,159.80047646715366,136.9086207501574,138.40583658813765
958,31.933333333333334,121.01941196228398,130.19243874321123,23.46840920675829,18.127021185122135,159.80774892495282,157.40276574719653,136.2457070240306,137.70695086144318
959,31.966666666666665,122.7688454094509,130.154874719956,23.543422476699792,18.062146916229793,158.89414035978808,156.58344214183805,137.87253690755023,139.12639160549992
960,32.0,120.01663594030333,130.34393857110493,22.061017976130845,18.296223225831366,159.69974983707772,156.23840348494898,136.54197351697306,138.04090645101962
961,32.03333333333333,119.46297012482646,128.60432965542427,21.686084127301005,17.844650580765848,158.84558984368743,155.9766217958378,137.33197848081232,138.35450228238855
962,32.06666666666667,119.8284111464334,129.76593489755936,22.276390174757104,18.355746106264775,159.2871374519037,156.72324534007907,136.39794233673464,137.91200615247612
963,32.1,119.4009504831672,130.38337798438405,21.311040837682196,18.536987104189848,158.41640951012428,155.50210660247367,137.22315205145782,138.0186556503106
964,32.13333333333333,119.90647568700992,130.38799135675245,22.3070004533156,19.195831112620453,158.3572632268144,155.3210453286091,136.26206908150309,136.82066260306408
965,32.166666666666664,121.4462177108859,128.54403457423857,23.257498504527653,17.701628895167204,158.4957941399306,156.12180146184392,137.41641139794274,138.09685816964927
966,32.2,119.21292584603856,127.78395605735663,22.06562925264081,17.146028462295583,157.95182230017244,154.22550129545897,134.96347254842465,136.7449981509026
967,32.233333333333334,119.39366637668464,123.90166665849713,21.666640257411032,14.94310307260133,154.2803416280461,154.7897836041199,132.38125305963698,136.0764613465029
968,32.266666666666666,119.8929380437637,126.45144914803754,21.93411039244149,16.290349649173127,156.01130958119546,156.3413815740986,132.86386054707216,135.94625287252038
969,32.3,121.40273450751778,126.59473813704727,21.629428515044925,16.393406362672053,156.8980759983643,155.84519477776016,135.37840053257116,137.83468560130527
970,32.333333333333336,120.16958960353176,126.82300300368068,21.69415096945038,16.417924816312862,159.64941244529615,157.95116156517363,133.9861716816428,135.6850830569654
971,32.36666666666667,120.80457500436616,128.17199775825117,21.133547811109686,16.810278075802966,155.58289688702078,153.11674809866082,133.90701964596715,134.86389621595833
972,32.4,119.5745068409091,126.25353838917734,21.74991725864461,15.6943049211394,155.89870091143737,154.23827775753767,134.1960531692853,134.76795936631916
973,32.43333333333333,120.02171724767246,126.56211493515181,22.289954353568593,15.566275823717506,155.93155873446614,155.04191388874727,132.11008387640325,134.41387713741608
974,32.46666666666667,122.42925797665552,128.0962208287873,22.12704448223629,16.31781211065635,157.7585026069908,156.15969457927505,133.15974227621777,135.91967344220387
975,32.5,121.11595481394941,128.43424035414904,22.21999068968731,16.56574621554691,157.94094289022246,156.33598872562712,132.11378648984117,135.0238422371749
976,32.53333333333333,121.52493108607943,128.01811589895684,22.47755340416545,16.203839160020053,155.02307949899676,155.0632668609424,133.77377013907412,135.99905956835423
977,32.56666666666667,120.09850201639058,127.70766515797916,21.985528317297288,16.60773079252497,155.2307006300311,154.0357818861158,132.29706941770164,135.46277065588197
978,32.6,121.50618772371796,127.15007910747345,23.76478603608852,15.553062189590992,155.28267071479604,154.44578983207603,133.68707638096228,135.53261415781503
979,32.63333333333333,119.81655337062934,128.3633483222925,22.06981826339003,15.856914734102707,158.7133946710512,156.08170293465818,133.09568453714638,134.35889202962463
980,32.666666666666664,117.83726246311485,126.81858048874692,20.712674161809467,15.29087287876218,153.708445286094,153.74710750078398,133.24969637887682,135.97855875445856
981,32.7,119.07328195002783,127.03710079552005,21.479206476396534,15.728073454922782,154.35191656675258,153.4668967210394,132.8573570984889,135.65195328113754
982,32.733333333333334,120.05476116541428,126.27466372288102,23.543012169950828,15.17039153510214,154.35517589265987,153.5663308728273,133.30000551740733,135.246490520549
983,32.766666666666666,120.18387088749147,126.95181309126768,23.507361021642662,15.519285650820542,154.7497283729793,153.9466270306747,133.05219680579296,134.25502770599354
984,32.8,121.60312764316349,127.09074322467072,24.400623026838574,15.883929810073248,153.6781234683277,154.08656365416175,133.972420568484,135.60464261072264
985,32.833333333333336,120.13192986016921,130.01625442174208,23.513519917714525,18.05636658358698,155.65775386452782,154.231655034417,134.158035652421,135.07561466672988
986,32.86666666666667,119.62782680466832,128.35635734775036,17.381529539997427,15.028645833458487,160.5186717776746,155.653274550158,135.4320978875161,136.0112711494415
987,32.9,120.23069715286975,127.03635581117533,21.437527780615554,15.853741832679157,156.63785931185544,153.47206945244716,134.3105770511278,135.20359517339583
988,32.93333333333333,120.11927462286752,126.78825863958824,21.616861463896992,15.737183814520167,155.56250519499383,154.88532067994305,134.58731626088985,136.17117701376597
989,32.96666666666667,119.50097992143847,129.22754688100022,24.033332124594267,20.14777399854762,154.01194952431533,151.77729716715857,134.16205890073888,136.03227121181735
990,33.0,120.34769217072997,128.64011006594802,24.569344834915526,18.888934625058184,153.89458846695973,152.12263840955603,135.1262677856903,137.717829203631
991,33.03333333333333,120.19994113827896,127.56949731265908,24.39392495046338,18.39847787289004,153.8538413147126,152.1010667434157,134.8587443423023,137.1814409255654
992,33.06666666666667,119.85093901102708,127.27016104800325,24.298584433236314,18.151402542602952,154.26811439405708,152.5036386076083,135.30523760765098,137.20525315929615
993,33.1,119.84776061835777,127.65745778113944,24.388653128417573,18.238968350458897,155.69189558674782,153.41054700331014,134.38283119079634,136.37431727821274
994,33.13333333333333,120.26812104977611,128.23410655130567,23.017324961249173,18.23325085900227,157.9981433741376,155.65346007839455,135.9198713979535,137.39217658905713
995,33.166666666666664,116.47766384522943,128.0438315928807,20.265253371953726,17.336750674487877,159.25774882762477,156.2351528677402,134.88190147304616,136.45201630776242
996,33.2,117.64278816504066,129.7556342036453,21.10276805053536,19.41636816076287,156.94020968873872,152.71628934736094,137.78686521033254,137.84974626182574
997,33.233333333333334,116.98765897509048,129.99103725055406,21.71621976286965,19.423892482198546,157.0796142118762,154.15190214067303,135.1091343229851,136.06674907781982
998,33.266666666666666,117.78664233356747,128.80369656033926,21.831425969867865,18.46229954049536,156.9100952742314,154.33120849475003,135.47310313793852,136.96069507826206
999,33.3,117.51109075637298,129.27380775610987,21.434952939248486,19.24770769344295,156.76604141695478,153.5182504683141,135.1549110852267,136.47549989645205
1000,33.333333333333336,118.05626383529635,128.04719308684253,21.784360842933154,18.892407710138883,156.89896562270954,153.81841643775255,136.45007123160335,138.05790149379163
1001,33.36666666666667,117.9868733109607,127.54878316267217,21.724806765347658,18.92049181419554,156.45752391033815,154.42206137490777,135.74771272593873,137.84646741879982
1002,33.4,118.46369153368776,127.2832148372306,22.981611337988983,18.72976170937104,156.32595324872779,154.88996552034527,136.08713250261164,138.3172264746037
1003,33.43333333333333,121.00292653896341,127.5723771960623,26.037429077792737,18.831138992836088,156.12021956318196,154.86521831489287,136.09917437773262,138.11925442129177
1004,33.46666666666667,121.16865596802094,128.14071586590825,26.415088150590915,19.20593742536725,156.62480245655735,155.20108952243854,137.0464803397422,138.52935668400025
1005,33.5,120.22368014734812,128.79188434984223,23.396978703350317,18.01150458277006,158.00175801395505,156.68619452099458,136.52279383098067,138.7456214671433
1006,33.53333333333333,120.72134579661913,128.51409146779056,24.111629857896204,18.973387939842436,155.30993070802708,154.88880918451554,137.17172542296075,139.5125263216445
1007,33.56666666666667,115.86907750632577,126.52242978024579,20.901717612224644,17.1398904647036,156.81117345829176,155.05917287162896,136.31107438777192,138.82763287238947
1008,33.6,120.3373651159041,128.1495259224963,25.080754104925234,19.10216834606556,155.5475253229225,154.68195493102962,138.03625319051358,140.07610599869574
1009,33.63333333333333,118.78228790922947,125.10342571925555,24.994246391435208,17.45282115729702,154.08715148922585,153.60621254270106,135.581858220482,138.92359980935768
1010,33.666666666666664,119.73637796903276,125.54247361878146,25.653777078475862,18.17902036072112,154.1091764590098,153.82052940687493,136.12857688484507,139.88009303590223
1011,33.7,118.48395275553693,122.34210166599264,26.041738153426582,18.969627018540073,151.61535497396898,151.14380173997316,132.60648366521974,136.68347970421118
1012,33.733333333333334,116.75317920864921,122.05306713933051,27.39439191544681,22.00851737935381,150.82299867631824,151.13533847872287,133.31625201373018,137.13476473906027
1013,33.766666666666666,111.66437135308482,117.62501525865443,23.771132573565577,22.838438909464625,150.59542830759426,150.59361503959644,131.967162338973,137.07142160817307
1014,33.8,110.30688795431126,112.35325141956552,22.081529931241267,22.547455522466638,152.7638385651133,153.72924593264983,132.1978578223512,137.87952703222058
1015,33.833333333333336,112.60305797922183,111.00510834234485,24.88225663077713,25.68722218592986,157.84901728882969,156.12200314242494,132.04781719917816,136.8768023310284
1016,33.86666666666667,114.60146734829335,107.29316672376454,28.2093367248889,28.5970484141606,159.10374714970393,159.64695779031496,129.00008106616363,134.4153293203011
1017,33.9,113.34893874941787,104.60540411773152,30.59382950298162,30.37891685353963,157.72897775318006,159.10686349725535,128.13012986772605,134.4053199366174
1018,33.93333333333333,109.10085926348442,102.71259362958149,28.74892216102274,34.004880263550106,159.09494069987045,158.9065207471039,128.6934097170934,134.70407821661502
1019,33.96666666666667,107.19847702069865,100.6602382720769,28.22442300013386,34.36472789706135,156.89670947840708,157.9897547047421,126.41723643394418,133.30707549158805
1020,34.0,106.61662675893888,99.64841546708628,29.114523648359867,34.61664758228975,155.27057055552564,155.75663404149574,127.18074757752274,132.98000782079177
1021,34.03333333333333,101.13295892899623,98.61231541699563,26.870914820888366,33.6442365365433,155.032686313344,154.59117210119564,126.9867261230762,133.11410598676233
1022,34.06666666666667,103.30763648720904,98.63247215612287,27.080858517074194,32.56839705005768,154.89106596072648,153.5134092421887,126.86554681285227,132.42116754825344
1023,34.1,102.02927658944846,100.16108369390707,26.668899380649663,32.307507975902254,154.5726679070202,154.2448509837011,127.21436391838272,132.80511057367048
1024,34.13333333333333,104.60401402654541,101.51917412837442,27.380010577965418,32.689986345105794,157.6242904365302,156.68110713559932,126.78254611261323,132.36825633751275
1025,34.166666666666664,101.9181058105418,100.26181179851628,26.993895272989057,32.09494714877642,156.7091223908722,155.79400753655523,127.1104168961291,132.57492805799654
1026,34.2,103.72499956705016,100.87810301187255,26.956771659081717,32.39013475262041,157.54711723368297,157.20869051313778,126.20888408602505,132.23198559668342
1027,34.233333333333334,103.40718612908228,100.62839538004805,26.770367351261136,32.392916160869355,157.53463946768116,156.91571483871235,126.52490547524637,131.54773207918765
1028,34.266666666666666,99.0771717614634,100.40555181875979,25.891055721933302,31.640788415158994,159.0314254688194,157.07669988724325,125.8988771102939,131.7422862488479
1029,34.3,101.3471515266706,99.03546378412273,25.90387177749547,31.873835042060737,157.10025517719743,156.55949689518962,125.0565642225502,130.87745464162185
1030,34.333333333333336,101.56590329063633,100.03045566311854,25.70524523958939,31.50586712060216,157.7578773451799,157.35882947897005,125.01772344636028,131.0576762987547
1031,34.36666666666667,101.34941003011663,99.07402791414992,25.67295985728196,31.72496740397237,157.36577623401806,157.06476195067842,124.00584375023769,129.71464633999054
1032,34.4,102.93692515014698,100.74017218308005,26.003251047511732,31.714501999225124,157.59386251727167,157.62999609125526,124.27182962701164,130.06549059599755
1033,34.43333333333333,103.93969153913773,101.09318562904593,25.732122564035475,31.86247495840215,157.20772274601515,157.46384974172125,123.95909296074517,130.05139527833467
1034,34.46666666666667,101.1389314877782,101.1600101854264,25.357870029099775,31.606281097596327,157.5271826766842,157.2191203656593,124.17726894731017,130.02012146535193
1035,34.5,101.72099464486803,99.17134978742186,25.24526323508167,31.26624079470196,157.153199385598,156.14349621776455,123.57888351006052,129.49928451985062
1036,34.53333333333333,101.67417821323704,99.22090478126033,25.21372558600627,31.141219815223977,157.29491706268706,156.29133938996912,124.10149830359914,129.85412698069712
1037,34.56666666666667,101.68208231649689,99.63554431749847,25.256969937390622,31.035234541716875,156.9112240962596,156.24243131576094,124.25558200121782,129.99875328764438
1038,34.6,101.45413642415053,99.64382256263313,25.375358660764284,31.153994657858494,157.24774447621553,156.96312308672427,124.18500320894982,130.42214080434618
1039,34.63333333333333,101.31308339975075,99.62358459004926,25.344639861734013,30.980715190261115,157.2414726735255,156.91680106444053,123.54966145211978,130.2200895730646
1040,34.666666666666664,103.58047915330596,99.91725580961267,25.360232534996417,30.822096791974875,156.47378492416794,156.59287511036663,123.65163836889275,130.09447394285178
1041,34.7,104.08942149847032,101.81063810064852,25.49820752002531,30.557293298691217,160.058187052627,157.91466752706046,126.38051884855969,131.37253664702183
1042,34.733333333333334,104.104769741399,101.44366916370734,25.554237533196922,30.16409018239597,159.63720347376736,158.41786862498648,126.57523925535635,131.77488919011614
1043,34.766666666666666,105.08818908515799,102.02814421080623,25.750033418531416,30.080536746397655,158.477273988697,159.5559861870842,124.41047653044909,131.54354889321542
1044,34.8,104.71139909073055,100.86523475263665,25.753564726180876,29.387121464055085,158.59075672657946,159.24210689219632,124.50406792049091,131.4020480449256
1045,34.833333333333336,104.82251975384247,101.07014033122226,25.775954931798,29.00243416952036,158.17355673448446,159.11361121256425,123.53489590075918,130.9390141419308
1046,34.86666666666667,107.03768981632209,99.33462068024976,26.422351038301635,28.861421700395677,157.95282515792528,158.74543607503102,123.44432251368184,130.92645906017185
1047,34.9,107.3615039732896,100.27122983768014,26.302709019542217,28.666349388400782,157.9586780573926,159.05596021463222,123.80920913311941,131.13279311114403
1048,34.93333333333333,106.04455793879461,101.00702024882456,25.653596311040044,28.297159034277524,157.11523286174443,158.8291964785664,123.52095085285406,130.65689909245836
1049,34.96666666666667,106.88475346094354,102.92958999148601,25.629540194318107,27.569927329671177,157.59897153087442,158.3569909036848,124.94219792024055,131.26725557098243
1050,35.0,113.14972266959873,104.00013110888102,28.493179809108785,27.13550973437672,158.11849135403355,159.86033315973387,124.83616506717524,132.26908934867402
1051,35.03333333333333,116.46989610493503,109.83259457868441,30.391202040106567,27.379891392165614,159.4907587929645,160.74495796304984,126.30123417303655,133.572837755555
1052,35.06666666666667,121.26302288467646,114.43914789117136,33.36297083911741,28.99501510858167,160.74922467972038,162.6443096280566,127.42992640489851,134.98918761354392
1053,35.1,120.79939016635802,117.22918116001885,31.736376912703637,27.891947555707688,159.48272462734698,162.17860448959036,126.77895756499527,134.53634293964893
1054,35.13333333333333,125.93876184687484,117.61551184165286,32.988245401668614,23.92343278128203,161.27896475970394,163.8330630854574,126.29388350425819,135.02660685669264
1055,35.166666666666664,122.52651341098374,117.7663967195682,33.423218500865225,22.613848973376424,158.7021502367719,161.78617083545996,126.08061192951097,134.88620420361102
1056,35.2,121.50039536146981,117.77553805229935,30.921316649125167,20.713272155197075,161.04532301876037,163.36862039151524,126.57180228942026,135.11077291396347
1057,35.233333333333334,120.35363919542718,117.30256000720198,30.64370254970162,19.75728927312692,160.72640704198193,162.02978716893065,129.29225628110632,137.1468384080565
1058,35.266666666666666,126.28630881657796,121.19817687626649,32.09354406182808,19.19473849878923,164.08410463988517,165.9632908908451,129.8122202772733,137.5422418623186
1059,35.3,123.00748739179787,116.51326399255915,32.646179783648975,17.180638236928232,159.7474370306766,161.83960514806478,128.35135632403004,136.19888050752215
1060,35.333333333333336,119.81381225805139,114.87374752248571,29.105905278383837,15.889439946430556,158.9050222077166,160.60338821589576,129.0086522392729,135.31121250841622
1061,35.36666666666667,116.1772401335089,117.8153837620091,22.138591980817896,16.380106994882862,160.4063229018486,159.7844127428926,128.66922128899745,134.5030396107438
1062,35.4,116.85610979488717,122.63472136900009,20.557395613836878,17.497141650529663,164.4227324600939,161.04780360418914,131.47631886220472,137.0529614402825
1063,35.43333333333333,114.6323425909841,119.35756161874359,19.026257753398248,15.272540197993505,163.20672652049092,161.31843545235282,129.95536737728654,136.93618108960908
1064,35.46666666666667,116.00028946293651,120.79340943804183,19.611724177489656,16.016982466457844,162.8755488905137,161.17583072796896,130.24984932143002,136.502949589227
1065,35.5,116.74026863438347,120.42101151226802,19.048065488720738,15.93837831613373,162.40037511684116,160.9300057320709,129.76938223360062,135.431190798622
1066,35.53333333333333,115.54201203775436,120.79667904295947,19.09550561869074,19.478583450927342,160.704626746225,159.00564481167686,128.0210066680535,134.2439210819889
1067,35.56666666666667,114.63504803460395,118.77550060713729,20.652836054524354,19.64251673279165,158.05521519530348,158.30372201124104,126.87904799713552,133.40318746815936
1068,35.6,113.84826363072739,118.43905402143768,18.054813008422848,21.723663291605394,155.19908797488975,156.24003293808644,125.18810269900062,133.4997305304483
1069,35.63333333333333,114.85015908356439,121.37644600760669,18.124756418137018,25.852289028264458,152.91784249351377,152.92425085680665,123.91692085564657,130.80427538408716
1070,35.666666666666664,112.59882165322827,119.30719955190621,20.207110629017727,28.462163980631416,156.51004983134567,154.4666524188399,127.09498830335211,132.07276042565985
1071,35.7,116.49893838752342,120.05244890482814,23.93705146780306,31.425094481820093,159.91035789117814,158.7702934604101,128.27857582870257,133.60115380776946
1072,35.733333333333334,116.25305247957604,119.93742255008472,26.584519053021513,34.871251652492845,158.89722873454835,158.18618233959063,126.77014859628142,131.98742356803015
1073,35.766666666666666,117.21158223144035,116.90419296462734,31.48673677020074,37.210091697479015,157.41301866281125,156.35217965753,126.19186087512175,129.59210428160063
1074,35.8,116.82750473439296,115.43121297596552,35.94231606096364,39.68898620527418,158.74763197086642,157.55449328998043,127.82098583301415,130.45432539494547
1075,35.833333333333336,120.20983841618069,112.70555059765641,42.738789235711536,40.35967086558439,160.69596116773366,161.12232083728506,131.52204590975288,132.17022566224588
1076,35.86666666666667,124.0655558250356,112.35324327254882,47.081386583177405,44.03215384265173,161.41733164526102,161.2597473535527,134.03759165820446,133.96343867783025
1077,35.9,130.5996047223178,114.11386118531539,51.09106429989038,50.185845508362604,166.3774163905331,161.6410699084168,135.3379402853871,134.47210865359997
1078,35.93333333333333,115.05585718211643,112.60684409112277,42.88130378432654,56.337228946313054,162.94293297584704,160.8927679076915,130.3461513350933,132.4457642724483
1079,35.96666666666667,113.85623496500395,107.12396586980871,44.42321621539714,58.76248194506565,162.49713079183883,162.05993480473057,130.3011089157287,132.72280797709732
1080,36.0,112.50559913016004,103.46886179001864,45.9884702801891,60.921682187766244,162.58369416502518,163.51779649772666,130.39164759451398,133.83271708808792
1081,36.03333333333333,111.00841842578889,101.47437941651518,45.97374475110096,59.81504259550619,164.52185383190738,165.48317158792744,129.88184352715092,133.8058519918896
1082,36.06666666666667,110.69128851706343,99.83873920557978,45.08349213049873,59.16764604187215,163.4949116334184,165.11121950100426,128.74044859999694,133.2330810030099
1083,36.1,108.64251349180644,101.16220294479827,43.98647090630254,58.0119587361522,163.69293298221896,165.62181267924188,129.66786906483614,134.92504398944203
1084,36.13333333333333,110.0401129708138,104.04608962653465,43.16752394673086,57.247150028055394,166.3653605641936,167.90415652610852,130.80314122953175,135.98577305534553
1085,36.166666666666664,129.17614116190623,112.4501314873344,50.80059465052302,54.12060456575304,168.25001198896368,166.65977116270864,134.35167147577363,136.75499219636222
1086,36.2,133.40545423171872,117.15345783309724,51.02178664825909,48.656645761277275,169.91043895395637,166.7350953706266,137.68753378032034,136.69562079186716
1087,36.233333333333334,119.34941913854522,111.6757500332974,41.817209461665506,42.87537958515384,162.55107619406414,159.37279227694083,132.74882900590887,133.2240990617293
1088,36.266666666666666,121.60826356765666,114.0232470990645,36.71250851999724,39.3164416877103,162.5490677032226,158.79380282818582,133.281809017449,134.13132861456504
1089,36.3,119.06772825591386,115.06019222230135,29.617063387476136,34.02834427024437,159.79355824269047,158.50074319971102,130.2261296650876,133.43065727126105
1090,36.333333333333336,115.64197610156413,119.26614190984552,26.408799592940312,33.137516006074385,161.32269293394512,157.13602912247993,131.42140286975683,132.8908771358751
1091,36.36666666666667,115.99887464734798,126.16406092825795,22.147991372892317,29.431381338627826,157.97598460033458,155.4130412445464,127.8187656678433,132.40328908502897
1092,36.4,116.13033266882276,118.36339878958108,22.712114050519585,20.501097605059062,156.17201070457463,153.66564408183874,124.44227697908286,128.6242267005478
1093,36.43333333333333,118.2848013204694,117.39008375863747,23.920142995438432,17.24586944104048,157.8308615792913,152.2459962281379,127.50948312822776,127.51033986728007
1094,36.46666666666667,118.03299136169322,116.53570132459036,21.849324782588305,14.463001526261333,156.3683043357746,152.45242577957052,129.1195026643072,128.59927842086339
1095,36.5,119.87504388373894,123.63872539285295,20.345201419728006,13.457905193337687,158.29398594638133,155.25359065860337,129.64931880649516,130.05804852832864
1096,36.53333333333333,120.89740597929361,123.73381182160877,17.589243337133816,11.027913257089018,158.51077344922444,156.6455368568108,130.1965199902641,131.10268941799902
1097,36.56666666666667,119.5806510958141,127.29048830133205,18.16776878960601,11.564916213375952,159.5196533899746,157.84421220965768,131.07933621109015,133.33071004676805
1098,36.6,122.06122540869687,125.23492696438915,18.360251764880882,11.23466389963364,158.63785316206196,158.63383543293475,131.71682492360233,134.5268444028446
1099,36.63333333333333,119.71483555737998,121.95582700388167,15.45279929889817,9.342947778488288,158.6542348630798,158.8779091261619,130.7689074840687,135.14505109372666
1100,36.666666666666664,121.87062248512224,121.41034760691132,16.364781118365176,9.694812618742729,159.23442238693488,161.29947853849103,131.16718127490174,136.6708233343203
1101,36.7,118.81999203172963,117.31349488518713,14.86003872076916,8.930513761706749,159.3563403605599,161.19361368769196,131.2548834890014,136.44763919268428
1102,36.733333333333334,117.32788468125227,115.59166163878282,14.558369637369506,9.304270921780445,158.31314821851385,160.81554257536337,129.49194660731663,135.7757795791472
1103,36.766666666666666,117.85055818170702,113.96048254853383,17.379464396000625,9.607223417413342,157.09954503861172,160.2070154375997,129.04059265311045,135.59062773354697
1104,36.8,118.15697987130285,114.1797922785503,17.456356323557404,10.34521638723656,159.97204961962242,161.65411816265996,129.03325900303744,136.2117317222598
1105,36.833333333333336,120.82797868217973,116.05044456605653,24.670250053364782,14.189066340017987,156.84932224142133,158.41825401726007,128.3991625324395,134.63122841087537
1106,36.86666666666667,120.90933769058763,118.12750092785443,24.29548655172864,17.141297649839398,154.76479663339634,157.35288558339556,125.53902613094607,133.23739729977353
1107,36.9,121.56220686468274,116.44118184616568,24.398444799712014,20.475395718853513,153.97138244510924,155.85134808933952,126.02676643586605,133.16734928160253
1108,36.93333333333333,120.60855464714584,117.51177345039648,25.458220078898997,25.84864376074348,155.01419409707552,156.1338700758721,127.14822822330277,133.64044687646944
1109,36.96666666666667,118.85404636400925,117.96622083470824,29.66863638809299,31.877500134453218,157.0714655660894,155.74319425202108,130.69006282712357,134.44782520599728
1110,37.0,118.0910033667261,118.07428871867538,36.56436436448764,38.29518351211888,157.21695482196859,155.95552095426393,130.21440078919255,133.32616164318296
1111,37.03333333333333,120.94142621106917,117.37633346476031,41.43345444988502,43.32944933790029,154.38027480253547,158.203563854724,135.40533908358867,140.94953971891294
1112,37.06666666666667,124.12748054120155,118.98542023213763,48.23103260288291,49.59808059019389,160.06960221194373,164.12286403095416,134.64043828244868,138.3344977970415
1113,37.1,123.56277245567806,114.78364749887233,51.56079850566743,57.435626343458736,160.40680168686774,163.70209366028664,137.12368125340655,140.56841223671753
1114,37.13333333333333,117.5467278689598,103.04751231066147,45.38095052253724,62.228899685988985,161.33761896870436,167.48088341274686,131.64712974976072,139.53186374404797
1115,37.166666666666664,118.94151642919013,101.25620431041254,49.38056425880205,64.92755180302959,162.97427546173859,169.55667156573494,133.54767553769608,141.68217426529245
1116,37.2,118.4797442809189,100.74978373140625,53.44265882027468,68.21732642265579,163.6295765947184,168.96720233014668,131.80617290749814,140.42744550936638
1117,37.233333333333334,116.2445885984884,101.42601506102619,57.95460539726315,73.46714405041013,163.1445251992213,168.01861788269443,131.7159982974714,140.6996045241805
1118,37.266666666666666,120.11107458279571,101.39278888288216,62.85978567101475,75.88992040828002,163.17485573397101,168.2630658821004,130.41605700984474,139.4813477615218
1119,37.3,121.93641560029916,103.27082878740464,68.09520831068895,81.75760535800725,160.29131006528564,167.216529636657,130.69032864518076,140.63295915010048
1120,37.333333333333336,124.86917228437203,103.5795337527067,68.88187439579768,79.80522467233696,161.1529733331417,166.97730756562217,130.28620837271598,139.99545672982273
1121,37.36666666666667,127.93130753479812,103.2563104463184,73.48654494919134,84.97514735004881,158.26618092541236,168.62605054643026,126.24187326476849,139.42961237754707
1122,37.4,128.69162399825484,100.67962213043035,71.91067594570735,82.72027393007123,158.6056375748902,167.84208501269202,126.0230021371081,139.3649999529893
1123,37.43333333333333,128.94877207755084,100.96232293322477,73.34200317933792,84.755569930203,159.0035639835455,168.4731674794387,127.88998002597124,141.09513733658835
1124,37.46666666666667,128.20170258632106,103.68731195425791,71.72363857886657,82.96022613014365,159.27203105620532,167.27754576747375,128.46701448329844,141.75808633022527
1125,37.5,125.01072618615693,102.83734096238686,72.4202713336687,86.54103803209468,157.0462603697185,166.1003252561708,129.48376805195875,142.35972728342884
1126,37.53333333333333,125.29615416801695,103.30387551091378,71.28114154689212,85.24986853360896,158.60944552821854,165.88466808872218,129.63484444326298,141.1046404161655
1127,37.56666666666667,122.67893331878759,103.40505170655717,71.04759953573432,85.77658824640713,157.65247432907492,164.51419728940743,130.0214190747405,141.30476843561152
1128,37.6,120.68031724309535,104.96274479574839,69.8310515454433,84.80339334501105,159.47208201080662,164.529281617622,131.9595583008918,141.5701468504985
1129,37.63333333333333,118.8197729072782,103.52342481331289,68.79848167289626,85.68243045052763,157.643117484703,162.26607233094026,131.70147645776586,139.8078280004991
1130,37.666666666666664,120.54787282195112,103.07469299459655,69.36735668919069,84.79645001460541,158.0953324122555,162.4155580430208,132.01353912017416,140.14482381957475
1131,37.7,116.8499923782381,104.29154370048238,68.4598626513781,84.52983263576314,158.63870759926647,161.81928992933686,131.3708887688662,138.9382383071807
1132,37.733333333333334,117.72069182421072,109.29388770900871,68.5018082568742,85.55070283101868,159.5499413171496,160.78600701740936,131.09240081532263,137.26317107566325
1133,37.766666666666666,116.64606839171805,110.65565016108252,68.2510516533915,85.74167004628623,163.99996754905786,162.39308304647776,131.4907673231348,137.58571826491936
1134,37.8,115.49344222023112,116.72982737573783,67.52671404401903,86.55304658515725,165.12791681190967,162.20062694558916,133.45346230883985,138.90301674946414
1135,37.833333333333336,118.39544251773192,112.12636752589925,68.3479811840043,85.12246023729028,165.09444747541013,161.96206455491543,132.1485114140187,138.39922135591806
1136,37.86666666666667,117.6445090219786,114.16347108585194,68.41393208107941,84.81075716670674,163.97963228098223,162.18053754034156,132.08977389043318,139.00484766608025
1137,37.9,118.55399341758148,115.1958202618101,69.75987905070393,85.02591766705143,163.41002867481063,162.346993534224,132.2139349083888,139.08977835970532
1138,37.93333333333333,118.19850954688549,116.18088760103771,70.35576972426014,85.33330100211745,164.70061027031926,163.0304329342365,131.91723172494898,139.02498578400125
1139,37.96666666666667,115.67110510007141,114.56384923141309,70.04027443389191,83.41181555452701,163.1246433017772,160.78110130902644,131.66910599061086,137.93879156919508
1140,38.0,118.3907650417479,118.71083289059911,72.47496142248492,84.05088138133905,163.67667982792685,162.14993713810458,131.5434757400719,137.89735404190355
1141,38.03333333333333,119.17385704821601,120.14986092656119,73.43300068318118,84.18416141251592,163.69790225121622,162.68657749178914,131.6977912548472,137.74115145179445
1142,38.06666666666667,119.09730320027927,116.80979515714344,73.35917704161538,80.50890326766357,163.731216258809,162.73058048060233,130.89649327789667,137.98935522411603
1143,38.1,118.88884514270306,116.53876451753484,74.42204195985443,80.36222271642818,163.8112984753745,162.67894636441085,131.3964260426352,138.34867981246066
1144,38.13333333333333,120.0926561814119,116.85007524573291,75.51952327854849,79.88562195223116,164.79956985158984,163.77931858458544,131.5818586841356,138.0943168109011
1145,38.166666666666664,114.04382419390956,117.20974032226405,76.07997950690377,78.93791153272916,162.75116611468624,159.18921835526982,134.4418711521517,140.042289821988
1146,38.2,120.8757778963312,119.08854393969771,77.87238860002967,78.45931512675874,164.94632837986026,162.06183315596562,135.01647502335635,139.72097765742282
1147,38.233333333333334,118.84121124050284,121.56264146458317,78.26799563399118,77.97082912227735,166.26317163633604,162.80846485473646,134.92022576528657,139.66043744245675
1148,38.266666666666666,118.94686868313613,116.09786649815271,78.73999339329721,76.17929380270824,164.5961071474529,163.38472308516685,131.19255107603686,137.54802784496093
1149,38.3,115.20869388895693,114.31569182045888,77.87001329851962,75.27082129946203,165.33801299539292,163.5460422723038,129.3374772827466,136.9819188608988
1150,38.333333333333336,119.87824468272284,116.08398611866282,78.91209288852292,74.67886006132692,166.83136628486855,164.53245222492524,130.1382261503019,137.06207309431556
1151,38.36666666666667,119.47746285643738,116.94167161853369,78.90317429954588,74.53653000329184,168.42951981491797,165.47777082424216,131.26835039288375,137.60469853979848
1152,38.4,120.77981340236227,118.17305099066365,78.56315158536638,74.91141065941984,168.77111708987067,165.91185802666777,132.42985729083082,138.2463176212872
1153,38.43333333333333,122.83977968705122,118.40594218079983,80.3267499077452,74.66418045859328,168.8796240764732,165.2829584694775,133.55181573337606,138.69064073249504
1154,38.46666666666667,120.81190046719055,115.98672278594529,79.62429302775354,73.58603046162573,166.8605965717316,164.45031102409357,133.4428558422947,139.24269383876023
1155,38.5,121.27733094345615,115.54995607968647,79.79579163039493,73.33738030658503,165.84172223259642,163.45126278014283,132.40695947297073,138.00808814823353
1156,38.53333333333333,119.13468300620568,114.44074926736778,78.94523527428129,72.4593979141539,165.29996198471824,161.3146527613325,134.80367044580376,139.71898106183002
1157,38.56666666666667,120.39930844987842,115.34314610597751,79.15946659535173,72.9281829888909,165.89388183628813,161.7780081264119,135.62310919615163,139.70829273593375
1158,38.6,121.02585912634659,116.2176091972621,79.19383511922352,73.95674139755911,163.70097597835192,161.83129357090448,133.74770069189827,139.44131457572811
1159,38.63333333333333,120.79898718813837,112.47513861000144,80.57093973681718,72.88962785833246,162.60943378651714,162.29919379156973,131.633052250479,138.80009827608546
1160,38.666666666666664,121.53396320290177,111.7496477804911,80.76622500541991,72.59747655208922,162.95793665142568,162.4379201949445,131.08538212220907,138.42386888361372
1161,38.7,120.87075915935328,112.03077632647027,80.80457585276075,72.66810322850955,163.17374997801423,162.56922172475777,131.1662028219878,138.46194786903177
1162,38.733333333333334,121.01148731182602,112.21221224727684,80.65895033902436,72.7150244183656,163.3165614049093,162.4732496148694,131.70031022943027,138.33355633235806
1163,38.766666666666666,121.09963233296138,112.63923215351187,80.5844572268235,72.91442238933257,162.53116686554995,162.80975882917747,131.14769983675717,137.5792163757484
1164,38.8,122.32189032493027,110.60454624794478,80.97021868621812,72.29505385990524,161.4270698330615,162.1190643911191,130.16217716430927,136.79162508084045
1165,38.833333333333336,125.22067496154375,113.19720075004308,82.42184851393387,73.16745173666976,162.4329703947586,162.8609539535936,130.43437233077591,136.9415188065953
1166,38.86666666666667,121.74646255280932,112.88911135644229,81.38598927997161,72.7419437212906,163.18750407525732,162.9482804822838,130.54807963521034,137.23289558668466
1167,38.9,122.0583435589671,113.00108821272558,81.82153944857164,72.53978051378114,163.27051988524153,163.12744794212787,130.7294637489313,137.31207527357483
1168,38.93333333333333,120.74813510268517,111.17869771624032,81.51660440022248,71.23503039823963,162.2987029503648,161.4678273129543,130.44666659852516,137.54778342780935
1169,38.96666666666667,121.16458261577009,112.49292531847856,80.93016083185137,71.65793205951753,163.03416492926445,162.642670649627,130.83745746832997,137.5765052917663
1170,39.0,121.037652608164,110.67603172344398,80.01600564867418,69.93579914002943,163.5311380263423,162.45570230163668,131.89551445069569,138.27562044031436
1171,39.03333333333333,120.65527634390753,110.0131275604077,78.44387371116852,67.98258884878,163.1729513912987,162.49882235159694,131.5848622667327,138.08072239797386
1172,39.06666666666667,120.17267782349012,110.9555995692995,73.3775925065729,67.21410828875709,163.5213171684928,162.57788079525704,132.72464034379442,138.45967443743942
1173,39.1,119.39824175326402,110.98245424605834,70.76268956324202,65.28218934049366,163.56730181624604,162.97019975131678,132.6248279530592,138.61072777167058
1174,39.13333333333333,116.99064173239393,110.94211066147804,65.89778948168613,63.77043540701513,164.48242323586612,164.2193325982268,132.4855276101682,138.84796964007356
1175,39.166666666666664,114.18368177041052,108.03565636332902,58.57316295788784,61.666337190000164,165.60788405631178,167.43892040851898,132.98972050038415,139.63210637472648
1176,39.2,110.55093730556547,109.08385052990032,51.745148875941766,58.80809436381935,167.73185033550573,168.8521650195547,132.1058873835028,139.44531820987655
1177,39.233333333333334,106.70810998320529,111.73910900044481,45.21202489673915,54.08426992749975,166.67286445052176,165.52344395570358,131.30027242574943,136.43212360222753
1178,39.266666666666666,107.54331746787123,109.77130333979957,41.95470502339952,46.951044032135094,165.938124424741,165.38828665978758,131.1954307857545,136.66671152426676
1179,39.3,104.95413146530575,111.57578502667218,38.683597253939496,44.1708154605488,170.36084080973922,166.14313919039162,134.09734272409202,137.08106004682105
1180,39.333333333333336,107.44757355537459,112.47059014424973,38.084316646565824,41.16282488236323,169.31725936247994,165.06301132845175,136.77710701871067,135.0035011767716
1181,39.36666666666667,122.03929933000511,116.427965805076,43.384116237414965,39.66610251780533,170.37068941093295,166.91438294792715,135.67756385054452,135.15404098839466
1182,39.4,131.88916414590702,119.63618816519111,46.46687055502186,38.61993103527699,171.33675791876107,167.93476506875572,136.39011563035749,134.8618559124958
1183,39.43333333333333,136.33548090455764,119.09742977525339,44.76749182535834,36.9811984593417,171.37475186582856,166.18109935612455,134.84578545993537,133.11732377424676
1184,39.46666666666667,134.2929451838,119.86627864370317,41.18924453362121,35.85000859058002,169.36951494605916,164.79554573556229,132.6687692696551,132.0634458217262
1185,39.5,132.3080110996502,119.81694664014078,39.533452797047154,35.1106841033736,165.65381322807232,163.2323018272286,128.15839876975684,130.56435447726864
1186,39.53333333333333,129.10833477531807,123.27604035192395,37.309047175718185,36.79525603503053,164.24197590512048,160.03865023479273,128.42353060778422,129.72960955917029
1187,39.56666666666667,124.42882155943569,119.64473974167858,32.9220140445621,34.42279180475449,164.28312465817595,157.73006478044906,130.29654800686473,131.77277018406048
1188,39.6,122.23157951278814,117.51608489391077,33.548969819258026,31.93110373966043,162.4913096417848,156.61749706493433,130.3697762980227,131.85655007706177
1189,39.63333333333333,116.00066073228557,125.85347529054894,29.30812203518825,32.6409381042328,164.3750328425461,159.54604744731512,132.3347257902259,133.51588003142206
1190,39.666666666666664,114.9486628797868,112.47049856069522,28.429519341660896,29.022943990043625,163.56530211900775,160.68387217786164,129.64535564718872,132.94521834891358
1191,39.7,108.02239135499475,106.63408752890274,25.41340217936153,29.708286330031523,162.71053417562317,161.83450254083107,125.3527785392141,132.1465930132055
1192,39.733333333333334,109.18958764531685,106.64613202447313,25.158245495573706,29.105874537873856,163.23556040871165,161.37031552723067,126.57048200308849,132.5428611176574
1193,39.766666666666666,106.4020509208718,103.43107185332984,24.811824511756967,29.524364043736604,162.00457373130763,161.12925461731908,125.85053629273081,132.6364526711825
1194,39.8,105.1605976570302,103.84304755216809,24.45493658791669,28.675033371114093,161.78336422709032,160.2952743259547,125.82317452945975,132.71354098524597
1195,39.833333333333336,105.44232075324435,103.59473972559101,23.06971629296554,28.408132286004154,163.70962537809058,160.60861777292143,127.97554491178617,132.96799202117006
1196,39.86666666666667,107.12893318664928,104.26017695243404,22.954433144621717,28.40831484118879,164.00180965550973,161.18302303265585,128.27760236099533,133.35336242854424
1197,39.9,99.13700836168529,102.57119349548279,22.919852493044502,27.73651988603695,161.02366434337063,161.13222670141428,127.13806474153402,134.426701884203
1198,39.93333333333333,100.35533107126913,102.14658922985116,22.716011895748597,27.70590894815289,160.86817199139125,160.7262006824517,126.52872590637993,134.34870744116705
1199,39.96666666666667,100.67602649721736,102.73681702253013,22.590411153807977,27.621803579144157,158.49728834767032,159.89952338041434,124.5523416376472,133.3897773737105
1200,40.0,101.81531983100638,103.19036704947042,22.660955424911943,27.867754443340278,159.16533722559967,159.67705668643106,124.73494322070381,133.2258342091922
1201,40.03333333333333,103.03346470370086,104.88598487566456,22.75651747972919,27.926396759443328,160.10769782428198,158.68200567553126,125.85872028322548,133.1315372622354
1202,40.06666666666667,102.63694165669006,105.9832467201249,22.82677651889179,28.340886849283976,159.64817368876732,157.3844562248532,126.02162754513294,133.05200614216167
1203,40.1,105.50930526097187,105.74618351170326,22.369762416658308,28.765727022738464,158.84438084251462,156.43228296456422,127.17964365252539,132.02258331326996
1204,40.13333333333333,104.50031580409296,104.73241066185605,22.70560278012118,28.705248482369015,158.52582819334359,156.52780441749783,126.85238958459772,131.74297724030373
1205,40.166666666666664,102.46204256850447,104.48189695513658,23.184103005211774,28.864968390756776,159.2175586190903,156.86325232790782,126.8453309262651,131.35928460701382
1206,40.2,103.17837155413199,104.04571451679362,23.230043417466433,28.57742481506954,161.5566404558312,157.75345324738558,129.70954398017722,132.37029964409246
1207,40.233333333333334,102.2075889783454,103.42645133013004,23.347304918603506,28.392860871294243,160.3422682613579,157.3742618894992,128.1783144510813,132.40079102600407
1208,40.266666666666666,104.09476680130066,104.15211331310663,22.87914412337271,27.921225827235247,161.41681522836365,158.44313920477032,129.878247227996,132.62411700070152
1209,40.3,103.9526956552555,105.191728626698,22.91659346739364,28.451093926483924,161.39593537481122,157.8128100261983,129.64672422284204,132.63114697418007
1210,40.333333333333336,106.13798405067969,105.50503227863614,23.229253816526697,28.170669011020333,161.10871932597956,157.67676835376705,129.72695009408542,132.40779217531755
1211,40.36666666666667,104.04051604899361,106.8439584169873,22.878290092401226,28.472379191816863,161.70275564207455,157.27955403288684,130.29724604327643,132.3981343495821
1212,40.4,111.06200713604659,107.07499219840444,25.095986073685214,28.61159827016579,159.6050677114166,156.6868836962122,130.2449049023261,131.8044289431018
1213,40.43333333333333,107.53701316149444,107.88223039198088,23.17564186029126,28.871145723111177,162.84983192296065,157.786809194637,130.08496961255236,131.59448879731184
1214,40.46666666666667,107.03300070259704,107.87801537195602,22.629087052679598,29.01033794355573,162.63078753703206,157.52060802956439,130.24328707684228,131.5067443078288
1215,40.5,103.25468473227679,106.51307805210197,22.80957049565272,27.604168874859976,164.05679752212788,159.16369794456904,129.49801310214872,131.38722133224243
1216,40.53333333333333,103.10724504389036,105.3754581179012,22.654624886130083,27.24403968603862,163.90106683936006,159.3059410892585,128.99227889291765,131.22802875469506
1217,40.56666666666667,103.16707602155125,106.5331757235397,22.606025012888743,27.588366102064796,164.46148828826364,159.3990696202417,128.59424521554277,131.25669458992215
1218,40.6,102.4526903905063,106.0276816884472,22.864112116463886,27.159895803838932,165.22298814367616,159.89712695579826,129.1366802689393,131.8334650261745
1219,40.63333333333333,103.68722301975764,106.59723241261986,23.13057653095721,27.263371854144832,165.93517793419832,161.11597393644615,129.52845031099338,131.88842843937303
1220,40.666666666666664,104.77517675679594,107.23760017639478,22.94323695965492,27.1771604510832,165.25473605534532,161.91994085471705,129.65737854560425,132.54111635290135
1221,40.7,104.90691229577715,105.02807946262284,22.86742637143523,27.159623603194333,163.51112355747492,162.06595023362712,127.65713270888844,131.898869397818
1222,40.733333333333334,106.56669176691624,107.12788595639095,22.746261963792485,27.336422084931595,166.0093829754888,163.5752871345266,128.05728357245286,132.40373555572447
1223,40.766666666666666,106.98146367459641,106.14793652811673,22.4540416195705,27.2634674148974,165.19660835000678,163.42141177840034,128.94169303320345,132.98872204345957
1224,40.8,106.76170228391354,105.04715642753948,22.739250967461416,27.647451953502884,164.3117426089897,162.29075856196502,129.03362348685175,131.88199396019425
1225,40.833333333333336,106.79256652198741,105.367712262042,22.155833377742443,27.92042270860181,165.5740611853967,162.20265064495874,131.45956816232197,132.35491978383686
1226,40.86666666666667,104.85985596772154,106.8319510559632,23.690950660365512,28.484471393934932,168.57752714940264,163.78353296781717,130.85013785182187,132.58753381368615
1227,40.9,106.11139908597855,106.74563497816422,22.45366033696283,28.574264455554793,166.88644551787803,163.62730273420482,130.54530388859385,133.1434305361658
1228,40.93333333333333,105.74399032202275,107.81393825100601,22.307292116998994,28.51657560142502,169.08780663496825,163.96630780375082,131.40542185306703,134.10245603724485
1229,40.96666666666667,104.21980353575802,107.26816025130425,22.912211329260224,28.756223729115145,168.03467767227895,162.8661724480963,131.59934834124513,133.08199349918925
1230,41.0,103.86742684896656,107.52836746363441,22.895201059074967,29.16492395530129,167.84082075839888,162.7098005765528,132.33203699378174,133.2387737340435
1231,41.03333333333333,102.63827926192803,106.87638226623058,23.88292679741033,29.205254996834654,166.05685718736123,160.19846932962128,133.15348574808382,132.1041174955554
1232,41.06666666666667,100.82571511586828,106.94372832915809,24.3531737789406,29.25853761222395,164.2317579891986,158.6671261988562,131.97168744211655,131.01622050143146
1233,41.1,100.20105335562224,106.8077227062255,23.538640359149884,29.657440591401585,163.02968690404742,158.08257373439747,131.71757255557162,130.6717145085356
1234,41.13333333333333,97.15450772086405,106.82162066438133,23.401697603640198,30.113132047726975,161.9029000025608,157.33525483164527,132.54511151340157,130.09742034750843
1235,41.166666666666664,99.16839788742486,107.39556843067248,22.281889736365162,30.345861798178795,161.60555435812307,157.23629893352734,133.9619068940647,131.14432610033091
1236,41.2,100.05108063547623,108.81559649734622,23.864535763233757,30.690655394474962,164.06779317836362,159.28375539166626,136.18893265884202,132.7631952530104
1237,41.233333333333334,101.66239923064299,110.12802780993417,22.04227702526435,30.771657435851644,162.191775200247,159.83771885174008,135.51787495520708,133.6549367807106
1238,41.266666666666666,100.79576846247917,110.4556911915435,24.383227756770125,31.04278245733688,161.5920051965995,160.17812105698698,134.43226640925383,133.55662002628134
1239,41.3,103.17365420224847,110.91844473393195,19.93265126707731,31.27959815539272,159.207980494624,160.55879373405398,135.26699521836497,133.39539895970375
1240,41.333333333333336,103.1052488949468,112.3342901510316,21.518858216248518,31.574308426731122,157.48348771706623,161.37783661055772,133.93992733435985,134.1049161817291
1241,41.36666666666667,96.44287509184404,112.35140014972409,28.83242401763889,31.7301788061741,148.81071738704773,160.85698868994584,117.52785298347028,130.949643177351
1242,41.4,99.08257611889836,111.77922065782582,25.38721508457984,31.98725844066788,148.48259815347217,160.52672557220666,116.09916011152988,129.96568843941915
1243,41.43333333333333,98.2398346094868,112.20372193808713,25.99999777785742,31.88258561415286,149.14115145469404,160.00574917091743,116.06394875468241,130.32895147103827
1244,41.46666666666667,94.3454394649188,113.08983233025651,32.43553055092576,32.06448618500677,152.73928157990136,160.04312882237835,120.22663221955473,131.3831367843761
1245,41.5,95.33727658645971,113.23302815832692,31.5301556789722,32.16743721717956,151.6185507311579,159.24550150341204,119.18100032384062,131.38690020519377
1246,41.53333333333333,94.4099981825927,112.09757020221011,36.702359432270086,33.39714015026729,152.2468808569294,161.20960083758527,113.07455534061367,128.51766158686019
1247,41.56666666666667,94.88286168545612,112.62169729373531,37.48491473607605,33.012383668847534,151.78147694823218,160.29264059134837,113.06781121402042,127.4764244167311
1248,41.6,94.62382329287986,110.78588919474106,31.768609061474642,33.25482890959877,147.89684552178906,160.06068834952802,111.0205011476798,127.41752777540748
1249,41.63333333333333,92.17144746036358,111.0463665903623,34.57108190581228,33.88238285780027,139.75660319735297,163.12103827526002,109.19122057665224,129.4317708253294
1250,41.666666666666664,93.25624716638606,110.1884474332821,33.9654173930479,36.345327513390224,140.95010642102682,164.62128650910057,112.68563936918416,131.05618861710724
1251,41.7,92.94753805037693,109.51707348200435,32.6018759984324,35.52389523405788,136.7830747527589,164.24032278864894,111.17373456434312,131.12178657439733
1252,41.733333333333334,92.40625407162459,109.50253054241084,32.7875350031807,35.54156312037912,133.16562028330668,164.31079005600915,105.87065823834571,131.0657478490729
1253,41.766666666666666,92.99167785797697,110.5731682957218,32.461807165073175,35.88831122949556,128.69401736050486,163.97063934096118,101.42627813154887,131.1025382854748
1254,41.8,91.25852697791159,112.056680381688,34.333662525176486,35.46276188808703,127.882151003323,165.9109426064666,100.73984311662792,134.47383550133628
1255,41.833333333333336,90.3775559783675,111.80755892566887,36.27978913962903,35.51930283279345,124.85592657794754,167.1096281738576,98.13360435809268,136.12432124068158
1256,41.86666666666667,91.28388048972195,114.45457048846784,34.524882295841785,33.757222475975595,123.15535152130336,164.43720139672345,97.55047222389797,135.99470680870047
1257,41.9,91.51918906594362,115.1361223629935,34.60418316222013,33.85231071566199,124.57902781466329,164.59200966324954,98.15603368103768,137.4365155258837
1258,41.93333333333333,91.8225168249187,116.47800306576526,32.7842878172274,33.80142152910683,122.36690217213363,164.56438986122126,97.91812873462624,138.63116287260777
1259,41.96666666666667,92.86377787043469,117.24183776152007,29.05058859441026,34.35114931658231,115.853679557733,167.08366577854096,90.58111499888544,140.8251445401695
1260,42.0,88.13083231058461,118.18086594884345,33.85803741505948,34.641440185278064,114.92703378353136,167.4898562376118,89.19482419467359,141.4646693120144
1261,42.03333333333333,88.63533001587345,117.79910536953905,32.229209462542805,34.98359327392465,120.25803074622286,167.56040920377248,95.31491241344578,141.01792073671078
1262,42.06666666666667,90.63576455956249,120.34011651870587,31.890177560032775,35.411866878466775,121.52960955172658,166.3996675881682,95.6568418044156,141.75418523971115
1263,42.1,90.18559382798979,119.92534148274909,34.78072036617095,35.693616741529404,117.96711126903375,169.1754591999578,90.8963691949541,141.5046078527978
1264,42.13333333333333,91.81902823013404,119.43483179004023,29.786525880729336,35.11621453433952,118.71731617830562,168.08812795526447,93.63917193644312,141.4040234823661
1265,42.166666666666664,90.23870850860547,119.78757562714888,30.486669966829492,35.22416215029481,117.13276203310005,167.9758641714733,90.44823010922183,140.54591631518014
1266,42.2,90.31485809395932,119.01118123146819,32.79632639213574,35.1248385760907,121.25818573276393,167.73299702554598,93.75865092470696,141.0077183883813
1267,42.233333333333334,87.9360498681162,119.00844249270176,33.7168085130039,35.05131161027764,128.38498573541463,167.86586889957223,101.09259187992927,141.28187352072314
1268,42.266666666666666,88.30755802072521,118.3727871312727,33.863497507691314,34.65531445103848,136.4919959295478,165.76392493304135,104.70343091437401,139.6435719457301
1269,42.3,90.95523040111202,115.96551859458012,35.84201490126661,34.730748349143525,141.10021455824398,162.45956280045468,108.86787202290255,133.0937470367665
1270,42.333333333333336,91.68109184706842,114.69512688602101,35.20749610694179,34.29625199838351,143.62488836605064,157.56944308215458,110.9663149770506,128.8471437138205
1271,42.36666666666667,90.48044907332113,115.52476383197603,40.19834865291259,35.46406176767113,150.27691112674208,159.552892211264,113.14458815371009,127.54338019034303
1272,42.4,91.97440267972084,113.14873874941425,31.779823954728194,34.65356728100762,148.22021864987673,157.10986585001464,117.9826286372337,127.89339021999592
1273,42.43333333333333,89.13420595314322,111.94837884419789,34.9774737845837,34.90946901701265,145.8024919974713,158.2905283735911,116.33151001139453,128.0633963433236
1274,42.46666666666667,96.5161204417241,110.87889122250051,23.65615486433397,35.49754230528792,148.80863980146177,159.610298975066,121.79983713164708,130.84929351785595
1275,42.5,98.97234317560692,111.865661274271,21.870933326337386,34.886040049528845,149.35784379325258,158.403982112463,124.81552699323498,129.55975249716607
1276,42.53333333333333,100.89650568870282,112.50890486724873,19.412243196768117,34.28206656039571,150.9140090142956,158.58025653602436,128.18653267668822,130.71039617081988
1277,42.56666666666667,101.547570579883,111.52523151015643,18.418022571735595,33.962463412790036,151.2276079486231,157.81509657312262,127.13780855822861,128.040731096122
1278,42.6,101.09586983652095,109.79810879640004,20.219993521838312,33.86126905621945,152.77193985186173,157.32771912027115,128.50891735040298,128.8243764673235
1279,42.63333333333333,99.55920509031291,108.57571282081823,21.58875736029589,33.579404841201935,152.03948071696357,158.38288385912523,125.33191873054129,128.10710054025668
1280,42.666666666666664,101.21447546026509,109.23482916149206,23.4503065621229,33.157338225227434,156.16144517199578,156.80579833817384,128.47633778569062,128.08527797256744
1281,42.7,101.62204479601297,109.23540789710543,22.98726236821671,32.58041665414866,160.77623030506012,157.05901604859096,128.59995072035136,127.51054865938525
1282,42.733333333333334,103.40224842741783,108.54163407905955,22.19824878767325,31.95523111716453,160.51903030950757,155.55257727107656,131.0819125084777,127.84210286106033
1283,42.766666666666666,102.72038028764662,108.76243830105513,24.568195665563227,31.910099156738315,163.196687762836,156.54086483905718,131.57302724500138,128.10216643611483
1284,42.8,99.9866052728804,105.87913108359817,26.836179449278536,32.62986568926801,161.27205313697775,156.98454469404604,127.66884053380048,127.9465019480891
1285,42.833333333333336,98.76097357523902,108.39964103527502,27.950275973974758,31.81387349182657,162.09922707813033,158.17083270173933,126.56015317289511,127.55174987217423
1286,42.86666666666667,102.70810743833303,109.48874332955657,25.70196573119489,31.15339568924003,162.009480499073,156.34643775664068,127.75080973995422,127.6816481951997
1287,42.9,101.36257346477356,109.37042999934323,27.540763703696072,31.203504928200992,164.57058964520442,158.89592755223967,128.78701949351486,129.60108542576415
1288,42.93333333333333,104.87251604264539,111.51546148516633,24.967018949783036,30.55594377527672,164.99316456146047,157.6249016031887,128.50980514747175,129.29242804816147
1289,42.96666666666667,106.47411938411686,109.4227005930021,25.343307961440175,30.319395941380552,165.48330754216911,158.80179146521257,128.15919223974646,129.96295611220253
1290,43.0,103.66336565172922,109.53109511900654,26.365751698344344,30.327133249584246,166.53392003228066,159.4619382099586,127.83791656472948,130.32635022822146
1291,43.03333333333333,110.05142774955615,108.44257489889713,24.13691558310862,29.85297826465732,166.14377579604437,159.70324956176054,128.58245659186457,129.77556545507565
1292,43.06666666666667,108.77271967171218,109.11412795016774,24.34544745224418,29.824743780194744,164.9176099870478,159.04308594532478,127.16109246083708,128.76319709928708
1293,43.1,107.20285931542416,109.76685384295646,24.556293722747192,29.607918010542452,167.70887068513423,160.63204786352958,130.04575687244693,130.85344135092086
1294,43.13333333333333,106.11382804025504,108.31275351185297,25.593955127008687,29.871927315455185,167.97747637364614,161.6934277793673,129.11280109658898,129.7645835476792
1295,43.166666666666664,104.86213665911534,109.01988033859686,26.052725056647567,29.754955299451577,169.59981569853278,162.6148523558924,129.65601131817738,130.3749021239401
1296,43.2,104.92655879796382,109.13260921846773,26.179939549255938,29.63741436861502,170.17935248855363,162.8667054426981,128.94243041801369,130.2832377245421
1297,43.233333333333334,105.54941632275185,108.74979620915346,25.984244386371937,29.505914659296064,170.16354312407788,163.14688004071436,128.81236543192352,130.3730773099613
1298,43.266666666666666,105.40138658999612,107.93742570575094,25.61920842616402,29.234131711184933,168.48443451292073,161.64281322751148,128.8175481711437,130.5524395897234
1299,43.3,104.29039425597215,107.52819237731914,25.650602708896965,28.98685626182323,168.16604670775527,160.4684164671165,128.6510571397712,130.15527666232174
1300,43.333333333333336,103.9111070059111,107.9421119550633,25.915002571406685,28.974592290850403,168.30014755676467,160.64138788489785,128.62410800485827,130.27211229462472
1301,43.36666666666667,105.06295330738624,107.9620477279142,25.714349890659864,28.995158152521316,169.43385717641527,160.9896817059104,128.90678881475714,130.54283834381525
1302,43.4,104.43092153023639,108.23475871187432,25.748240507894977,29.04636924442882,169.3631595109631,161.4895894274687,128.8348227147577,130.68878371883625
1303,43.43333333333333,104.73208444476344,108.52044203201525,25.480797906417774,29.16770901866584,169.44862651914664,162.06574696545002,129.05780044633931,131.42254705858792
1304,43.46666666666667,104.53438617027918,108.68650619184294,25.944314534480185,29.320791195220842,169.62310957330985,162.18241317923372,128.88318699766597,131.7889437633867
1305,43.5,101.2430630523615,108.97594301938018,27.821221643487032,29.604228754035464,169.32757479159707,161.74768856066385,128.5245901202201,131.53240312091222
1306,43.53333333333333,101.19197472324763,109.04881978059714,27.92757466584483,29.80517199921344,169.52149433528479,161.30206312752378,128.8124123655959,131.1618785341965
1307,43.56666666666667,101.33054198798541,109.65948886365267,28.252496656891186,30.32544686282495,171.65552831404386,162.21886628976097,129.06052734988785,131.26762426408848
1308,43.6,103.7409846123295,110.38040331591613,26.057581633604002,30.405280614104072,171.16021071346978,162.75884155641765,130.22905153964825,131.6627210299645
1309,43.63333333333333,104.14484324811302,110.14269752230774,25.457714186210453,30.596657174330375,168.51422700588827,159.5974086599341,130.07160527898466,130.49868597097208
1310,43.666666666666664,103.99992369759555,110.83019250063563,25.63574670614553,30.936504863256193,166.74700600387354,159.36008251989333,131.10734916020456,131.9415351145756
1311,43.7,102.68622491335522,110.48395256107699,26.35901316651033,31.10010462935995,165.02222511447167,158.31219343435527,130.70370363584772,131.74536517410917
1312,43.733333333333334,104.09169036852127,109.93096907761525,23.181837294509908,30.97277917826185,163.06749174697973,157.7631055824052,131.2132041563853,131.35149588677965
1313,43.766666666666666,99.77895263355111,109.91994292869809,26.615885030734542,31.066511157930734,163.73064533783452,157.74404845437627,131.79092543443383,131.45552746173993
1314,43.8,99.70497829435536,110.765895727601,27.123178768230115,31.04510895893542,164.3772351518896,157.5880521254189,133.4426375935829,131.31489123456885
1315,43.833333333333336,102.42109474616038,111.04977014817328,24.711562540644145,31.152894148614504,165.2811358875826,157.35245240483886,136.88620290433238,131.93977215096675
1316,43.86666666666667,100.51540029589759,109.80457857901608,26.86510520953015,32.65462311250537,165.12158040755364,159.6898770717649,137.1792185779597,132.50713411632412
1317,43.9,103.34810736068707,111.46787179608334,22.755168650432203,32.07720886774376,161.6075394411498,159.15146415356605,135.62887353903363,132.73073660472028
1318,43.93333333333333,104.04062170914973,111.18171086936671,22.71324398842369,31.986415607658,158.95411525462308,158.62874586131326,134.83484426130394,132.07867848748594
1319,43.96666666666667,98.72712390247396,110.77872299511338,26.12406753146498,32.09665908644595,156.39722442436397,157.61126156729034,133.46585120709437,131.23598831190787
1320,44.0,99.81346492016053,111.82437540876182,24.08524117462581,31.814992017275564,154.55661195697988,156.95750365266238,132.92526654875084,130.90334087871926
1321,44.03333333333333,97.94620805355665,111.77260104425243,23.9305766458128,31.686838959447446,152.17259153110948,155.06950711062174,132.11121161096455,131.48232914660971
1322,44.06666666666667,101.35866630868311,109.53831003303765,21.68702066319114,31.88960833671733,150.97342554487156,155.04928734053598,126.82251235567117,129.99639683260986
1323,44.1,100.28048016212769,110.48804160139717,27.206591054194586,33.36917346989302,152.84655849214639,158.28761265357812,127.71818362866506,129.630805671374
1324,44.13333333333333,99.4891128130985,110.45378200051236,27.687894839810816,33.115829838425256,151.45076670995803,157.48902337792777,127.1453634087421,127.88392995868719
1325,44.166666666666664,93.98097597350633,112.23008281747228,36.09743352857304,32.596373868287436,149.98990118065095,157.08400392361798,120.0346586818607,128.24305938237708
1326,44.2,92.4844879045702,108.7971067146353,34.641015062873635,32.47300531916419,145.70664153736314,154.3106438078924,116.23537510727975,127.44468829000519
1327,44.233333333333334,89.81989143127699,109.01255473460665,41.09872548223396,32.8043661182157,144.49397233581996,156.10437091864074,113.18774317284796,126.4807788636616
1328,44.266666666666666,92.6515526110022,109.35054866308901,37.199559413461955,33.12086037259161,140.70706524669558,156.50721179488363,112.73583178907779,127.0313000580433
1329,44.3,88.59647961373102,110.30777763697553,40.56943132458892,33.25888901836881,128.30650488880892,161.58653710102644,99.13903781938743,129.8903592778099
1330,44.333333333333336,91.34279918406587,110.07282373267,34.832460782226086,33.00449415766044,117.85302221422907,160.03623026399657,93.2742482122735,130.58023622826246
1331,44.36666666666667,92.2610849173187,111.19073066231536,35.365527675804174,32.95619945794449,107.38129339399936,163.1405727410122,86.74657903114046,134.15966889948143
1332,44.4,90.04360982501582,111.83912326665028,35.414157219655664,32.603094311166764,91.78372203283787,167.2959839085845,68.68753519126105,139.94630412416254
1333,44.43333333333333,94.0508541307545,117.00243069525746,36.607307747712646,32.6009634619752,93.71844222800591,164.3662195739304,79.06492741999486,137.77707954412085
1334,44.46666666666667,92.71003090352609,114.50962850798442,35.54387093736252,31.998770053355056,91.95159661783991,165.22844879278654,77.03266418524989,140.47694826930328
1335,44.5,95.8401602373082,115.60605795841195,36.17747628526298,32.17067080357294,89.49782391796907,164.21265634933067,82.05173618291161,139.87277674655266
1336,44.53333333333333,100.04022759438816,117.3916843810625,33.75990114171315,31.856279916213644,86.9010565897119,163.44099515305743,81.27585016509876,138.6103470214076
1337,44.56666666666667,97.2406911503818,115.55296514309345,24.972398277035357,32.04005156828736,80.20649676764542,164.74582545245255,78.36361668468933,138.86558399425684
1338,44.6,86.25738933566643,116.5119900687222,36.66082300604858,32.86515050857488,83.19607491873478,167.6407436035197,71.0592390792754,143.0737568671663
1339,44.63333333333333,97.19832526717822,116.08502160734716,20.497023046174803,32.9868172925884,77.04039326699649,167.66182685597974,70.76768311159783,144.74788594647688
1340,44.666666666666664,90.68088642203503,116.00670808395272,26.917663500580836,32.39963968163067,77.19140614259778,167.69334311580013,70.06168841503387,144.6813003900565
1341,44.7,91.2788666975149,115.5807075498465,26.192756551485637,32.297769335770425,75.87936283732923,167.63042626049048,69.9022137157182,145.44021722824655
1342,44.733333333333334,87.83846285240458,114.56603386598951,31.59968047720639,32.146075240513035,77.3619983377796,167.39433253780444,63.84030931193433,142.78930963809563
1343,44.766666666666666,90.82979927068406,115.489458718009,31.73333339089402,31.99879139501858,80.62427959610594,165.66296546931807,78.46461936497326,143.51761089184367
1344,44.8,93.46953109593122,114.44957407921558,29.298976082248405,31.550730594629933,80.4174375536395,163.21481297126567,83.10579285277346,142.0940262431873
1345,44.833333333333336,92.4127953413084,114.85701723604791,30.825186437449076,31.359122629780828,84.35527729723003,162.4060255100012,83.88805455350547,141.24629521937578
1346,44.86666666666667,92.59044067572367,114.12485601729391,30.294841424952214,30.955777149872816,85.36597076165388,162.0338697442318,81.47594242598154,141.27151030660536
1347,44.9,94.3402509129192,112.05368043846912,31.267230863811392,31.202853640431908,90.13147382893315,163.02603180595975,77.08386534534019,138.4382575021952
1348,44.93333333333333,92.84884404795892,110.39929886043393,30.62770412169107,31.25399747154064,95.87390725132694,164.6619716304393,80.68584628013717,140.55210418429758
1349,44.96666666666667,89.25345349025537,110.80591955891747,35.693192022534035,31.51992545048848,103.49856518634365,164.8151626125282,85.50241072641532,141.33929875393665
1350,45.0,91.56842881934911,110.56939640225505,41.68349726231558,34.87992780605298,121.37238595279568,160.35333710148447,95.92526318738048,129.80235150395288
1351,45.03333333333333,91.32434006777463,113.46815285270142,43.6077896903932,33.90241130050422,133.02460166374757,161.47966790935487,103.38767210560552,132.74280154095806
1352,45.06666666666667,91.0724116516364,111.86128166187216,43.018996754869036,33.436770116165434,136.03789138307658,159.48850772039836,102.83245173390772,130.01118407485913
1353,45.1,93.65942795114992,112.89488562403989,41.391522519437174,33.114787941108325,142.82513629863166,156.04393516797,115.50171099368636,129.5897015565218
1354,45.13333333333333,91.53371861158533,113.04819757342682,42.97760283165528,32.52397488873177,154.00403443334451,154.20112983431886,120.74182411235486,127.47374605351139
1355,45.166666666666664,94.00914587751,113.04799809227721,41.64839577656475,33.0853903166353,154.38511471607526,157.3411386705065,120.50525560279277,128.46581454836348
1356,45.2,97.43337417811023,115.00859018129553,38.614020492416465,32.22992949261028,154.83810898629304,155.34731064158007,125.68224559663567,128.42476995776914
1357,45.233333333333334,96.96511346384871,114.01565132465288,37.88756914005449,32.0578345637568,156.0038953434028,155.13196679547514,123.87815779212136,127.35713294005164
1358,45.266666666666666,95.06081012518749,113.45926128342434,38.35758917080074,32.305185068981565,152.1805142498152,152.14943920679426,121.46456664277058,124.2665857542321
1359,45.3,95.86924622387055,112.70258082671357,37.201930818126804,32.348234184481036,151.9178226733786,151.6775700622991,120.65867044042535,124.13435606971014
1360,45.333333333333336,94.60937298276822,109.81842970290374,34.47254527344175,31.836292160200816,155.75404420620646,153.00674793802398,123.74769003073382,123.38740435082202
1361,45.36666666666667,96.29371514142038,110.26896300125887,33.35634787858307,31.870689345067778,160.71551966209648,154.31516405684488,128.54859713075678,124.60209187391811
1362,45.4,100.53119006849357,109.50893955209192,27.09009340914635,32.11748610131883,160.9295415709008,155.05697176091348,126.81191373399415,124.98510811256266
1363,45.43333333333333,101.90458070248748,110.10047146798094,28.13381178958379,32.05238855140979,163.82846551791283,155.12060324372425,130.50108732662517,125.23710498676395
1364,45.46666666666667,103.4012119437708,108.75407749500258,26.62485715435017,33.1226658361488,165.55378311022318,155.1067474780579,131.6637692954825,124.98210999978672
1365,45.5,101.76779363248562,109.70519838048781,29.16005766857109,32.79174489004051,167.70906378336483,156.60597248891983,132.338023437348,127.44934991127977
1366,45.53333333333333,103.56385762112531,108.66997822845104,27.31842061054969,32.70775287266984,168.19238365092136,157.97144183940497,130.01612017260106,127.85809294124182
1367,45.56666666666667,102.11136585394087,108.010439523487,26.885261845937148,32.23527520410777,168.02327275755067,157.99426627672966,131.00854257647424,129.52165933154765
1368,45.6,102.0090420813184,109.05199483655811,27.67515993515696,31.487163463028704,167.9404845113374,158.24609152315222,130.87132930138867,130.30040944800987
1369,45.63333333333333,101.09494459242316,109.28027663225664,28.551010371277577,30.802895890077295,166.17028965833873,156.83707858124052,131.5144427580122,130.65911255922072
1370,45.666666666666664,101.75626238344078,108.10475517980416,27.508589059105198,30.944749533776783,167.51776785999127,158.90480190835916,130.47993400209089,131.5331602596796
1371,45.7,100.41500979609769,109.90294277264938,28.59302289734347,30.646829749757696,168.42120328908953,158.92952933362355,131.33870620236118,132.0024026834103
1372,45.733333333333334,101.48872245792012,109.74303827550361,28.13637595254531,30.57135049029105,172.19518440341182,161.8873401470847,133.7006146271703,133.88454607047166
1373,45.766666666666666,103.03791576936077,110.66121304021814,27.679667227235154,30.28378142098399,174.2405576075061,162.57093628097923,135.19565174600743,134.93672681721847
1374,45.8,103.2943006406972,110.79943781306581,27.731897504392894,30.13387267048178,175.60195941160728,164.77941024335877,134.46545882081182,136.106594658105
1375,45.833333333333336,102.12710988118125,112.4123090370698,29.822337597408225,29.958253995476348,176.6073542714363,165.81213236465166,133.45251876725845,136.28803434526998
1376,45.86666666666667,99.42181811636956,111.23413901501621,30.717669657732205,29.695953016024195,175.20182298796476,165.05880535815095,132.80023436375376,136.4418334191604
1377,45.9,99.80219882835613,111.0287458773602,30.895355340413456,30.005125666472857,176.15040954767684,165.6182681252188,132.6618695599972,133.98980852457234
1378,45.93333333333333,99.37745288454467,109.11374464180128,30.182780046090716,29.761677884049952,173.97879882127978,164.6989112829236,132.63944143850193,134.43135049565117
1379,45.96666666666667,98.60848906535585,107.9148511164525,30.911103287455486,30.176348140955096,173.23202107292883,165.16000816008497,130.72955860035717,133.68997183543536
1380,46.0,103.03555688795744,108.47473028587066,26.117854174412884,29.638121024958227,171.87849345928808,165.44152524377404,130.84720191048882,133.94734554629898
1381,46.03333333333333,103.46450222536026,108.59708034679002,25.437308350617496,29.49660039155876,171.58757688386584,165.74601959499648,130.14102165379322,133.73403715265235
1382,46.06666666666667,102.6699721487981,108.34002564576971,25.948321211757264,29.46985370769719,171.63454585019934,165.41553990138377,129.54405728619273,133.57626806499778
1383,46.1,103.47396238582749,107.7180747037558,24.607141001424687,29.32082969846925,170.41215594510194,165.22556117761036,129.65102761278058,133.32132082038626
1384,46.13333333333333,102.71770590477261,107.19192623688167,24.300811960544795,29.244889026775212,169.17594752190786,164.39824631792558,129.7915958309086,133.5140753741471
1385,46.166666666666664,103.8674809612022,107.60853907232016,23.52483203076886,29.10742193157564,169.08087595989434,164.18225524268198,129.888799729052,133.481463924561
1386,46.2,103.72413144130284,108.03567264680566,23.594880622776255,29.042128495088186,169.5782455879163,164.10764238429564,129.99076624332173,133.39225970125872
1387,46.233333333333334,103.45853641485631,108.89592532773607,23.708768846813413,28.960654777858082,169.8194770936675,164.03255536956752,130.01424338003298,133.3976420081699
1388,46.266666666666666,103.74686670005589,108.75393066098935,23.2958106028103,29.05892386313228,169.85015570221162,164.02669804739867,130.2062309525848,133.4719839443861
1389,46.3,104.26985102090133,108.80224166893441,23.448060912000066,29.043821942605955,169.90428063922712,163.99888117772934,130.13554585946096,133.70401830486102
1390,46.333333333333336,104.07001167906888,108.96890153782117,23.319912311034873,29.070228286118674,170.59745215371606,164.4293687667129,130.71480790665555,133.7556429856763
1391,46.36666666666667,104.32343008143548,108.49436978405222,22.83001854807166,29.077783275574266,170.1554923959961,164.5837412975327,130.7060160490168,133.59877783432583
1392,46.4,103.79692947029461,109.03853039814797,23.050264762765618,29.095656957730714,170.29998793261336,164.63534771636688,130.8390700748552,133.6617988665046
1393,46.43333333333333,103.597856236077,109.4661708240146,22.951216019038394,29.012991640255038,170.29111842186634,164.81988234112805,130.75368220573213,133.8667155391156
1394,46.46666666666667,102.19531559496869,109.51462570437855,23.911526889267442,29.107773938808933,170.62801543038591,164.7102093532931,130.5697111235506,134.23184691625127
1395,46.5,105.7724849084042,109.49032019507771,21.453814875658367,29.17478843599776,169.8015525606132,163.6211976278106,132.28713143811103,134.00228329464213
1396,46.53333333333333,104.63988303951538,110.41839500918246,23.884328385355598,29.58182399048061,171.36684437368885,163.4466175925928,132.40503874035687,132.98494469609653
1397,46.56666666666667,104.6460070638138,110.48910525329102,23.92673781581738,29.92399590871735,169.83450696550034,163.00542241670925,132.34773149196516,132.73035093590357
1398,46.6,102.44297096005107,113.00948086225743,24.97378839612659,30.30014950505599,166.80443961446738,160.51194310756145,131.32038972888202,133.40485180960437
1399,46.63333333333333,103.05043339194967,113.30809686309206,24.798465076028243,30.373816897589087,165.75848869204665,159.2155641872703,132.56566108245772,132.77848772108436
1400,46.666666666666664,101.78073696990164,111.92199472261898,23.275179226822694,30.676678075700636,165.15419895037888,158.95581838359453,133.14287690682698,131.394407252505
1401,46.7,99.64549827901185,110.33502620488562,23.24456593149527,30.920146823424822,162.7866763091648,155.1830213749125,135.28400655587794,130.0731859392594
1402,46.733333333333334,101.7006847903125,113.92890412496635,24.26088170386796,31.58856181914795,165.15045334785987,158.70175478334207,135.69012120399736,132.60438665677108
1403,46.766666666666666,102.29246855667702,113.591038320045,24.04764867649008,31.57964868510771,161.923944216176,157.8514703646824,135.09855343730592,132.89715502500545
1404,46.8,104.74512593842127,113.48710992538591,23.964206793120496,31.60513617709399,158.14574205264057,156.05393697516112,132.80758491398743,132.19514729613255
1405,46.833333333333336,99.18140899749442,113.79769681139685,29.49394221346535,31.452097779819294,154.62191192184974,154.7475062807403,126.90754656648845,128.24055348876874
1406,46.86666666666667,98.4611126039804,109.84603002014568,32.38643391852008,32.24397698699906,153.8007957010903,157.5451779840924,122.33929760475007,127.70853943371397
1407,46.9,97.58318254495292,105.47164429647519,30.546201884817652,32.369161470658774,151.06260796208687,155.63572445232106,120.67544062477003,128.57100768113727
1408,46.93333333333333,96.57739371197738,108.39848316374733,34.984411287019455,32.287075065283254,149.25456843869443,157.14892620525265,116.66153413537752,128.33155356076364
1409,46.96666666666667,92.04340527479474,111.47532464648377,43.354434731370816,32.42857084397597,151.37981093560518,157.97893368657523,113.30515762771995,127.65676956156076
1410,47.0,94.92500218485893,113.9870032796516,44.26436560620034,32.168275594056986,148.49677809378042,156.99368320762403,108.0271772293634,127.80923708949724
1411,47.03333333333333,88.35853774396243,113.90376063905016,49.08925177111432,32.54221157797765,141.56213212660765,161.131104026967,102.86937187309786,129.8694974193333
1412,47.06666666666667,88.22268341798564,114.01475563674983,44.859806021592384,33.528920308253184,137.47092406132566,161.63001343681518,100.48424188186651,129.06001651522234
1413,47.1,81.18892286054084,112.2204135385253,45.84088572156199,33.19557997054588,123.62372250907687,161.54261328891712,90.92771138425715,128.11218970766276
1414,47.13333333333333,83.37484337790596,114.22816060114842,42.34369743052794,32.22508811569043,112.64576139267383,159.9490133251035,89.75247773423877,130.6349108567189
1415,47.166666666666664,85.86092275106328,114.12466822881336,41.48649392092429,32.34140530471769,102.86097304167241,163.75771455121017,77.21157257195834,134.829451179048
1416,47.2,88.67949254814447,112.25304592446967,36.68050096857128,31.837697756441976,95.94035827882682,164.56584761920467,77.1135838365112,140.52755171222645
1417,47.233333333333334,93.63891431662682,113.39150751463886,28.61538272927959,31.645902776025167,91.64614874164937,162.9536911005368,83.28148748994903,141.1670322436597
1418,47.266666666666666,91.23936703860244,113.36467704821892,31.99974817569627,31.386079736636113,84.12768425830443,163.13379108799518,81.79819566876975,142.3951628533703
1419,47.3,89.55090163642679,112.98269958761554,33.60352141339496,31.704572012826045,75.71349306229142,165.49122003638212,74.96068112021038,147.11783329974
1420,47.333333333333336,93.74201232615646,115.1924855941058,23.857413058119686,32.01923714108054,73.07959928574489,163.70484773111804,76.13755631753266,144.46577935778578
1421,47.36666666666667,89.89516175081704,115.61546607316812,25.09325569449329,32.2880565418118,72.73905042580489,164.29334887007968,68.68690439681379,145.61426444517093
1422,47.4,92.91949527435843,114.63551566926861,20.541475390384655,32.40607224283523,71.48178044675977,165.35607467158465,72.92578520988403,147.01378715644745
1423,47.43333333333333,102.4251667941064,114.1398745367813,29.57505220836294,31.64225892949375,66.97151600966149,163.10382851290174,66.34713008920438,146.83054429245396
1424,47.46666666666667,99.45604405186991,115.46090829525714,14.660692237336226,31.938622766862345,63.10243298358317,158.6354521836781,55.064955865392044,141.5867201038039
1425,47.5,97.99314914633224,114.29061626965995,19.78281841135936,32.86170903581008,76.67201193898772,162.25399571095795,75.91057744542564,140.82830561330616
1426,47.53333333333333,98.21600329460647,113.47841209267291,23.169129565552254,32.07368625609903,75.76184473364981,159.9636102368559,83.7831868462564,140.97017032087277
1427,47.56666666666667,93.98675355459986,114.02206501192555,26.78976432603353,32.138236655458826,80.91154399347572,158.2893236770497,92.48641313384262,140.53006484856346
1428,47.6,95.74170653242561,115.76314610951972,21.515259045630174,31.816143884521605,82.74269589036336,156.01532835460986,91.8293282264492,137.97783884579852
1429,47.63333333333333,95.43343127895214,115.11079041755178,31.33337204242198,32.7875535963399,96.89632464692097,158.16842654057365,93.95244192166872,137.3767893618575
1430,47.666666666666664,93.72216884265806,115.49027738437789,34.18696889468657,32.64575205985625,101.2620456397862,157.1451079393579,90.97159558442674,136.37869869013366
1431,47.7,92.47480628789744,114.2177311509737,39.24842515311679,33.64410974969026,109.01306357738666,158.91192448418963,93.3264005361105,135.14423644436457
1432,47.733333333333334,88.83345614209752,112.076213246257,42.636922009807336,33.15647330267813,118.92638879024247,153.34285462517116,100.14440139171407,131.10863496794272
1433,47.766666666666666,82.07792610790649,108.52621700344211,40.541963549730525,34.73313614536999,123.17766006212166,157.18757700506185,100.06617187460807,129.67303831761015
1434,47.8,87.29174305730118,109.89591208236031,41.679092850546695,35.31557351266025,134.53072729591042,157.98593889992515,102.84344349168387,127.62483370368277
1435,47.833333333333336,83.88554637616727,108.6718194258411,42.06741671888762,35.817314973789635,138.508501535197,158.7374677894466,107.76185230478491,128.66031740776586
1436,47.86666666666667,90.49495326228528,110.89973289108735,39.814296353977994,34.25339813106611,142.10535115294692,158.13347999143852,108.29209446559531,129.22139903702157
1437,47.9,101.73577398441881,110.25027518595061,32.99317549842371,34.71669631560507,145.81161470384498,157.6212046391375,119.35901434949622,129.92441874609062
1438,47.93333333333333,95.86445150510698,111.44832638861863,44.383023534543966,33.55936680667389,158.78263844825403,153.98542354277245,125.95765847812828,128.22957036375917
1439,47.96666666666667,95.9176013630483,110.28622163879629,43.08167729594883,33.58129744152635,159.95390224351567,155.0736171060261,124.6316262005128,128.37654328304316
1440,48.0,96.62014605178689,112.12782041146849,39.66174348739136,32.48929031679672,161.40247672298432,153.9194972481615,127.38817992353287,128.20884251477605
1441,48.03333333333333,94.81104541431428,113.97390694099997,39.32474150020334,32.05921427400426,142.84173532820543,155.88750432540527,103.24211449426471,128.64637726510304
1442,48.06666666666667,97.70014485447989,113.74448748406496,34.02009332835071,32.0699255909205,150.19582674566792,154.71832382348683,111.09616352038798,126.00408455931814
1443,48.1,102.32935708491014,111.90864934652716,26.326062727404768,31.851735063970114,158.186761802776,153.0005860001262,124.84456343466857,123.74431026440627
1444,48.13333333333333,96.55463803329255,112.19569834306947,32.99446277075272,31.912460113530283,162.00104126704213,154.26439165057542,128.69800206112626,125.41247751832033
1445,48.166666666666664,101.84154337140347,109.90659952717373,25.318031347564833,32.03244665540348,159.11230273064268,154.61387638308727,129.51201069924707,127.43879782465673
1446,48.2,99.78106206283792,109.98299751512002,26.527327719644035,32.028329557831675,161.8375517421116,155.12751713699447,133.69125113925955,129.34855174125985
1447,48.233333333333334,102.95851268231547,109.35976165315357,21.622335890537336,32.06393271127068,163.63310140891278,155.63350539111923,135.76696847798888,131.70696395257102
1448,48.266666666666666,99.92943971657814,109.50203939670256,23.07062732699804,31.900449580451188,164.91707579179027,155.93916686828052,135.50976151594446,131.7027143634939
1449,48.3,100.24539045238605,109.72190699850847,23.92939320409416,31.87298698260322,165.28370757645342,156.00142684123463,134.8353671697655,131.43946071389246
1450,48.333333333333336,100.90002981388145,110.02555433193537,24.70174989716562,32.15460719811908,168.71985388419952,157.07992684220923,136.62405558888779,132.48154958866297
1451,48.36666666666667,105.94793416079126,109.52280399287733,19.674608069666835,31.48921130363929,167.952281613551,157.40377590528567,135.56286581525933,132.23175370879332
1452,48.4,109.49881796461197,113.18411122682888,19.71652817429148,30.958561329067628,169.51017563402712,158.24279391200855,137.3596452972228,133.69429805340596
1453,48.43333333333333,102.01257066604622,111.90329707937572,24.23195192574338,30.968566923079013,168.96351705240792,158.71463267188926,133.92509598509568,133.33966338027452
1454,48.46666666666667,107.30502434317677,111.80776078034434,19.68716705820985,30.969634294843498,169.0079615772704,159.61707447482362,135.3298069288003,134.07791627635373
1455,48.5,107.18247025696172,111.9676928496518,19.58901181833983,30.856052199167074,170.3931458445963,161.85728476810718,135.4480963931206,135.0946074085672
1456,48.53333333333333,107.77501094941918,112.94961283149645,19.999612555788094,30.575652833469647,170.97140264416407,162.22814600864288,134.33447095133874,134.51851710781074
1457,48.56666666666667,107.04418606850146,114.66957214924504,20.34664058449501,30.562238016252046,173.622007795043,162.9438649575563,135.58562384530453,134.2806535656959
1458,48.6,107.02428804325454,114.85752831642023,21.5184514287838,30.515284059279352,176.43022217519746,165.2222643612307,139.7096657824181,137.94643453058316
1459,48.63333333333333,104.09684793990881,114.30999327541953,23.254590237673586,30.392437678647813,175.46495438425657,165.1310414241496,134.39546257539777,134.93515276652198
1460,48.666666666666664,105.88916811053677,113.18312445132459,19.88153736908897,30.027855059724583,174.52666341423384,165.73975379138977,133.70621721299906,135.3539115494542
1461,48.7,106.0829722227405,114.1840362503639,19.48276528716134,29.94061449147794,174.41452458083262,164.6616863520114,134.04339416793815,135.8969276939526
1462,48.733333333333334,104.56039314316784,114.58121660669464,20.940507474577142,29.939072654894627,175.7077333118065,165.04340275392164,133.67233428287608,135.5214842940672
1463,48.766666666666666,102.81619538886501,115.0178630619161,22.743833836009085,29.76513324974423,175.8653657159695,165.11624808247245,134.02926045196415,135.53058283834903
1464,48.8,103.1865056197083,115.15032278422984,22.10589935798175,29.782777783950753,175.81179245232644,165.32775187801968,133.91122179505422,135.29354047716154
1465,48.833333333333336,104.15226758504313,114.76718645089737,21.68485162999875,29.825190844665794,175.7488994789906,165.7266224492516,134.2335013458864,135.25445660677792
1466,48.86666666666667,104.08273651331488,113.78431129705106,21.558977086916773,29.75198390732441,175.20517158259472,165.56517336928195,133.915262724928,135.26455085307435
1467,48.9,103.53137375595857,113.23788460445228,22.229581892497528,29.752185689072473,174.26881697569183,165.24184704086593,133.02202445265297,134.4705451068748
1468,48.93333333333333,105.30754183442676,113.75117530075435,21.075900835016554,29.917232169546338,172.49759120533813,163.83408804196608,131.90967391097453,132.71772758473546
1469,48.96666666666667,103.07401631001106,114.51151139214183,24.269244883309497,30.075640592301642,173.96665759266295,164.3849900174208,130.83806119573782,132.7147827770654
1470,49.0,102.2587293656704,114.26596357167523,25.373436096406007,29.99858805495087,174.81502423879314,164.3356730345098,130.66666358172114,131.9896031113146
1471,49.03333333333333,103.07962492739044,115.72040455388779,25.414903277672902,30.170524061724183,175.3647434125991,163.8386981158635,131.1794598078555,131.55311404367885
1472,49.06666666666667,100.05180755856429,115.5512112214472,25.791935710767696,30.171320318399754,173.3601490067612,163.51220693676404,132.12505367793705,132.23694629256235
1473,49.1,104.1024609479484,115.13993146845087,23.536616733899898,30.37012742819139,173.123876354892,162.30962144289188,134.12267876200318,132.37973739522403
1474,49.13333333333333,99.35820275145646,112.43671277720725,24.789029812491073,29.927536078158116,168.34961447556668,158.52367033301132,132.74691368747642,132.01803388857095
1475,49.166666666666664,100.43249045649233,113.62435865576991,25.007723494414627,29.89365571868569,166.98587081351056,157.4034234826884,132.0621255966982,132.08215679610652
1476,49.2,99.86639012787175,112.93965648738285,25.991309308248102,29.894840036746967,166.63933766725896,157.42914779367686,133.07399187949213,132.54790876654104
1477,49.233333333333334,102.78264277913865,113.82649596574409,23.07477475347103,29.922946596750844,165.79699105254426,157.03452012157058,134.12527272227402,132.56159272998778
1478,49.266666666666666,99.98873903719856,113.51726529054694,25.886385550774754,29.716523659074728,165.64463709487575,155.82776503931782,133.42488079447534,132.43840673142589
1479,49.3,99.10981998675524,115.45126456497158,30.258841756707664,29.80684950387217,165.56906308696267,155.76810957962047,135.8323335106771,133.543734359206
1480,49.333333333333336,99.54703035807097,114.54052398720641,31.794657212113368,30.340521326675013,164.74118768514143,155.35222628175637,136.3834903453812,134.40825169091812
1481,49.36666666666667,97.64722530458667,115.78826634672119,35.749431851448016,30.803944229499603,166.5001342254408,157.34637683096904,137.10354308425184,135.35749108824828
1482,49.4,85.59616701552322,115.04254599641428,38.07910380120107,30.416032036668486,160.35685871751716,155.9071242741813,129.36851504282944,132.82889859891458
1483,49.43333333333333,94.24664294764057,114.9850971690048,33.098861454925164,30.632328239763993,160.18587267043168,156.7682543783001,128.1928394938315,132.4954281577018
1484,49.46666666666667,97.82062343528946,112.91511201716203,32.253849231142325,31.12099614786487,159.4290456151827,157.59011654592024,127.56578851960161,131.38141253018182
1485,49.5,97.54625542507269,114.38500308484264,40.25441117560912,31.583044441518517,159.00104316616913,159.45640769433527,126.14811602153253,130.86317969623352
1486,49.53333333333333,97.57789331402945,114.1161754956724,37.588319501538066,31.481383230932988,154.5077507192232,158.70658135190592,121.12159454040997,129.30262530806428
1487,49.56666666666667,92.11320891635157,112.11646025740654,43.574330906775714,31.881807999244568,153.10751412426896,155.73951851224157,115.49571082746957,123.94123768400097
1488,49.6,92.40891016614374,115.49721850180119,40.68819218991368,31.159848010092166,148.65055337875827,153.61350086822208,112.6772045139154,124.64125468433413
1489,49.63333333333333,89.12124638950255,114.12600337935248,44.61127890624521,31.74751923661307,142.35542101289565,157.53744417407188,105.6913423227935,125.64434862776298
1490,49.666666666666664,85.11181750825614,113.53928991256093,42.754811499002116,31.68332062198917,131.50659800371096,156.597050255592,100.90140631250041,126.7800859657825
1491,49.7,89.03482797279386,112.50436146084378,30.261827174599805,31.469114234620033,118.38897056187334,159.16292830474475,88.56066965225345,128.9148552835662
1492,49.733333333333334,92.95977016258756,115.79871038352593,25.562228929513275,31.809494782485395,106.42471419443442,161.4264122578208,86.63258300396697,135.72071540189017
1493,49.766666666666666,95.25202280262553,113.34614125577518,26.078658950973168,31.804141617881275,98.58806308558574,164.63005103286193,77.8328779401366,137.48998321084673
1494,49.8,91.19987619291834,113.68635857899109,19.330983595743387,31.45520220899695,88.26610208669028,162.60420922768307,69.5144049575455,137.38703388493073
1495,49.833333333333336,90.86627058044417,119.0441815636036,23.592522668519962,31.897016017867994,85.87268117041539,159.2816571649352,75.7721612443211,138.64041288334633
1496,49.86666666666667,101.05798233086657,118.16544327557058,8.772621087048737,32.98258645380735,71.13716252782005,158.171348073957,68.59895499942552,139.75169712242328
1497,49.9,125.64962945178462,118.31907496095279,6.228395759071888,34.31759248053428,70.32928694043949,160.9893436227883,67.41315522413593,141.18170719519495
1498,49.93333333333333,104.07919207967404,119.71600481160115,12.679824318963282,35.28173252176403,69.15825706938674,160.14067289704192,69.87090151559428,141.7984716489574
1499,49.96666666666667,99.10218723196932,121.91677104133885,13.105370763146588,36.752689143338124,68.3007026141948,158.0433923029965,72.15154716925642,141.8586611638178
1500,50.0,100.95442882120932,122.41927262522046,16.525487972675855,37.55458942773248,69.80151007017255,160.80201452265754,75.35429942338055,146.4635883673715
1501,50.03333333333333,98.33365092904162,121.29423877805853,14.763797847098164,37.091358909285375,72.7288775170795,160.73088513273953,72.2827157351163,145.7406679118532
1502,50.06666666666667,100.69355039812876,122.11708529944008,14.647999203435583,37.563791911376484,75.4778354654918,159.9238488417612,77.92254263220427,145.0198835549045
1503,50.1,95.33549227139109,120.95553411752812,17.377072691465212,37.52241893090722,79.88482808058309,161.3394113030282,69.36617781591222,144.67225511099485
1504,50.13333333333333,92.78578876429854,122.44314750110355,17.683913593368036,37.413415095858475,85.91620394692774,163.5491011128578,75.05883248081244,145.70268026205898
1505,50.166666666666664,91.42474380373214,122.62353700635897,19.558584699716207,38.29564179497474,97.50249530717531,164.43691260629544,84.84516715177614,145.61191378051677
1506,50.2,86.53567962464865,120.78697549052315,21.676582093566335,36.57168488138832,104.3620126086608,160.262515062782,84.00956764011865,141.5707987511212
1507,50.233333333333334,85.82088183298563,119.3967180253624,24.93116443523828,36.833315697352674,110.37498308546385,164.30540841165706,84.19320449115813,139.82911280558233
1508,50.266666666666666,84.7053238099358,118.65944797590137,33.296621666082636,35.26188576340147,118.9888907732255,163.63342988111182,95.45450744981726,140.56435634462161
1509,50.3,88.90483684677368,118.64761273854218,31.19634539973448,35.21345888560273,130.40411236613076,161.9364780508465,102.84792607623605,140.21605372234478
1510,50.333333333333336,86.99396909841781,116.95305226021217,35.25453610815358,35.30369401493686,137.10284406647065,162.17621888890616,109.09827903909859,139.2242189856209
1511,50.36666666666667,84.6151265322575,116.91282023824098,39.35143521008662,35.053588185474155,144.2691149634501,160.72248389308655,105.96869718051354,135.89944709950362
1512,50.4,85.8639509207617,117.23923404321772,38.86197460549171,35.06386942178314,144.42280584799747,162.36661927024295,110.3497443300383,136.60819044407444
1513,50.43333333333333,81.62339429833206,117.16331181568749,34.3416297624576,34.78850699359432,143.31660705831942,158.68222962001778,113.95413684807963,134.7849835433
1514,50.46666666666667,87.33814134909996,118.8468089650271,32.94685897770835,35.08368075520535,149.38979023914632,159.5523960054499,119.58805782376116,134.29900141625077
1515,50.5,90.46700819543831,118.81784864922908,32.21404314971927,34.694434666027554,154.76668196328202,158.03340054014,126.89677197689012,133.91617545146042
1516,50.53333333333333,92.25733838513216,117.19079007333048,30.440839624299425,34.66138035297584,157.22112756131028,159.81056501914006,129.31917391642284,133.8175425965183
1517,50.56666666666667,100.51749767554071,115.99748252617181,23.25610622660422,34.396002547592786,162.7736220202248,158.9690814956708,134.19508531804343,131.68885361667262
1518,50.6,98.9901241336034,116.49363183387985,26.034542119963767,34.23786460518364,166.7825480307786,160.26633861717474,134.76015042174382,132.59253108095737
1519,50.63333333333333,106.11131471515145,115.83734033930443,18.50941371339715,33.714215633738725,166.26906143193267,157.89084850331662,135.95738817206356,132.74213400406464
1520,50.666666666666664,108.64948655345017,113.96521879860319,21.125180773632227,34.14424313911856,169.72841081671973,161.08715939509995,133.5426950804152,131.7174842053131
1521,50.7,103.20680664142095,114.23110490583447,23.86547471670114,33.55130794324741,168.59590081592518,158.25777039268436,133.12959391444141,130.44561543291815
1522,50.733333333333334,102.23249649788626,114.88649717473214,25.44626248101268,33.50170525427912,169.40132019114185,158.66593803736498,133.56569075130557,131.199428100086
1523,50.766666666666666,102.6055360560431,115.72329287444147,21.97135510935801,32.94080572026482,166.91343636766607,158.65660189918626,131.72738017780847,130.91600755985343
1524,50.8,101.04202473213458,115.7377526589964,23.4882131346536,32.700411229119666,168.1427922891205,159.18597525194474,131.92550175442426,131.15866959908823
1525,50.833333333333336,101.83739482818616,113.96258566059687,23.31708702300023,32.3436165205792,168.5309790794998,158.78609466301774,133.7988856940917,131.9494476945812
1526,50.86666666666667,102.54189887171839,114.73178465303067,23.392526460424303,32.10492411553069,169.87762054849924,160.07587535645433,133.55378166611322,133.4215303280007
1527,50.9,102.91726101606793,114.16371302428495,25.314631797502546,32.05960379929686,171.07759109940307,161.67591503533006,133.37509541538986,135.01212933160775
1528,50.93333333333333,105.42742833103487,112.76798713609823,21.446114496625825,31.791114702649562,170.66379570911621,161.36213940190643,133.14246192666718,133.9600969707573
1529,50.96666666666667,106.27235520298021,111.60508964067012,20.81553357467384,31.14064423166082,172.13006385204827,163.2541555450485,134.10282090759037,135.56495920404296
1530,51.0,101.73621527979716,113.73543017361617,25.288494182652673,30.853068700745034,172.5477810042963,162.95921576980155,131.6293169159442,134.0996186397208
1531,51.03333333333333,103.30202091782516,111.43142325605655,22.53627018665604,30.38208717862216,171.68583629088343,162.5913185182213,135.2674674316218,135.09583493403008
1532,51.06666666666667,106.07119592892347,113.09499622008744,21.75889220286213,30.622174782522045,173.68209921071465,164.19160784292902,135.81523350210554,134.7993130847102
1533,51.1,104.473348230356,113.08802120346289,23.318339730858746,30.205952213726057,173.10301868337123,164.51999444912718,133.70988629672814,134.41201375543747
1534,51.13333333333333,107.09415051981011,112.59988718618668,23.026545183716525,29.92035507362652,173.73891009193255,164.80686954849742,133.43339540642435,135.1025463038652
1535,51.166666666666664,107.79311060170922,112.59894046069063,22.86450840373748,29.684079392965966,173.4420257042739,164.10970552870728,133.9001065561808,134.45521923673087
1536,51.2,106.02858190089594,112.71171795441836,23.69256527894817,29.53353115150375,172.7488725522876,164.38645270279116,133.95486335466856,135.59729405254294
1537,51.233333333333334,107.84148744309759,112.80572861833019,23.256734527182335,29.41702813372875,172.343284264257,163.75488689729605,134.19645608530726,135.69161962342832
1538,51.266666666666666,110.4224633021513,112.18750382320817,22.810753396707412,29.428282773296257,172.6519232755088,164.1045365804533,134.46238387381982,135.21048759140433
1539,51.3,108.4670099720026,112.1823072387614,23.380171793031792,29.415427510169838,172.9896503850236,164.00851425455255,134.15805456650986,135.5781982223326
1540,51.333333333333336,107.68944897145141,111.7009013233495,23.796800526378547,29.240169361907004,172.73199647024035,163.7297930485181,133.2431119023135,135.155409535901
1541,51.36666666666667,108.02605581562428,111.17433683508713,24.101329895457663,29.167058943350135,172.7982488010687,164.13061423727112,132.26126052908603,134.1341671156631
1542,51.4,108.03410815270722,111.01121377522333,24.733964414812323,29.0967780850971,172.48419963418328,164.11682199969195,131.81410245564507,133.98156470318852
1543,51.43333333333333,108.17707066862557,110.99411341867241,24.901068985870634,29.15576111687093,172.3863717351133,164.18585451779055,131.32518043976083,133.89686841931706
1544,51.46666666666667,107.92177404523419,110.15770795958103,25.065175106386103,29.17754912648832,171.84597129656134,164.29465752451668,130.34398144528114,133.88063340792354
1545,51.5,105.36418654285619,107.59449544124409,26.999841820479663,29.946588071380415,170.27151083889532,164.88375362913249,125.69787897850054,131.64213042738538
1546,51.53333333333333,106.2773596732241,109.22818996033152,25.684011298255758,29.569754041465195,169.1738158976011,164.76376877917394,126.86718030830095,131.80665214731448
1547,51.56666666666667,105.9850345444295,108.57018911299276,26.119695057699232,29.528716913582166,169.22872437828076,164.4225802093042,125.23276605400271,130.4789389352333
1548,51.6,107.84607777674616,108.23419264667572,24.61119615205005,29.3104470259589,168.60427653905015,164.04474552592777,126.16110634750304,130.69980634184097
1549,51.63333333333333,108.89533417498762,106.94097713041374,24.441489587038507,29.431138909742234,168.72835721994804,164.01605546514693,125.91445398833989,130.64732823803
1550,51.666666666666664,108.46863798338339,107.36910746997053,24.3315959750291,29.349912259824723,168.75482890241858,163.87308160890757,125.62530834005719,130.54219054307566
1551,51.7,109.21378103706975,109.1761846085425,23.8473722236454,29.370738514268698,168.80058747149042,163.0102457695871,126.20574766135583,130.54345818939498
1552,51.733333333333334,109.33677848535407,112.34911850532227,23.630297877138126,29.46758272911062,171.0800793019245,163.29415180991322,130.98878152352736,133.25196872587154
1553,51.766666666666666,108.41952154832057,112.15696090575662,22.94110240282621,29.65445977727489,172.3270393731096,163.76750709323122,130.4130755593307,133.56325483810312
1554,51.8,108.69141889963129,112.83296662337976,22.299532325044307,29.925383565121034,172.27116753109996,163.71986279850955,131.41075290259857,134.20745267518217
1555,51.833333333333336,105.87356570772934,112.41495097744843,23.195833890177997,29.76175282679379,172.56201107989133,162.56663209371348,132.60918615399925,133.3524752602091
1556,51.86666666666667,102.76896542840117,113.06897017458988,22.949386956020636,29.774863232941843,171.00417605489994,160.92328704246893,134.32652818274912,133.03691150096824
1557,51.9,105.3665997207347,113.2524319532339,21.391603798804518,30.070305063669956,167.36214874559258,158.27801710021052,132.66339324339944,131.50600131004484
1558,51.93333333333333,106.15697758069406,112.32005599163666,20.662666702859067,30.19260240228812,165.97477012250792,158.04368641775497,132.07348660546324,131.5418616713105
1559,51.96666666666667,103.23013515529942,110.96446153464147,23.681803512827404,29.64135470257655,165.34017566227072,154.82166754760544,131.68369776461537,131.0182394992296
1560,52.0,98.05961656765405,113.44746821275538,28.57858281807923,29.87911664563872,165.6160990798502,154.7396543634891,132.07888596397368,131.96416895354633
1561,52.03333333333333,99.67431201277753,114.16511108885919,26.97637587296542,29.94994490020174,165.60548267579304,154.0552449025292,133.56706004959668,132.30514765700696
1562,52.06666666666667,99.98567287446382,114.24325446623808,28.518821401140745,30.458364169352357,165.35827323544473,153.77834542369857,134.95904420796663,132.7681587395529
1563,52.1,98.55548205540458,113.73392280047521,30.958656533566664,31.03170880677131,163.07064074918452,155.77303928511958,131.43233913936507,132.43945803111683
1564,52.13333333333333,102.55557936167457,112.52821081813204,27.587780570604053,30.977837644794363,161.7131123214202,155.07816141368127,129.49519132528462,130.99811015962766
1565,52.166666666666664,101.81127841151405,113.62478004181564,31.748898763043606,30.923443224710635,159.7265216389043,156.2481258476544,127.92580248702441,130.759017090854
1566,52.2,99.50131274188259,111.43306925502746,33.768406386681015,31.475768239360622,158.60197123436737,158.41000782437604,126.23028504958602,131.96544892583537
1567,52.233333333333334,99.02854562160748,110.71670380741804,32.675673417621034,31.61551099960997,156.4368609863609,158.25401907592266,122.32853083368802,131.41274659876552
1568,52.266666666666666,99.21519186368224,110.5217898869755,32.5430005145999,31.211341948773445,155.407767097326,157.95566931303767,122.16788367344886,130.28325112092654
1569,52.3,102.22763823321117,110.53530053573837,34.10291391054361,32.02361661841775,158.8911485981528,159.78597417598516,123.20371396570998,129.7776372466271
1570,52.333333333333336,101.79316080122976,109.66962096775053,37.00370445948783,32.157319553031456,159.15116580014367,159.1931497117522,117.3176954999751,128.72359035998767
1571,52.36666666666667,101.03542390636854,109.86489420645371,37.736334739449966,31.9148256650562,155.78275082693088,158.20004717607793,119.57621933444223,128.795100652687
1572,52.4,100.36929151999,108.57122287675638,37.962310541716434,32.79192151305477,149.29278404996415,158.2349849099549,114.0696183364148,128.45946568690076
1573,52.43333333333333,99.26027253373908,108.95888983509052,38.87989911669472,32.427591136346656,149.8227984078595,156.17088606695734,113.14139390977753,126.9865647389681
1574,52.46666666666667,96.058056238555,109.92090971263515,46.23387751944504,32.74049041847551,145.20793442290017,155.0752497895265,107.38520279023363,123.9565883416449
1575,52.5,97.86259018151497,109.58264100527691,40.99427707400342,31.6197072889221,132.57135888709485,156.13014703728493,99.50707552169204,128.433410813543
1576,52.53333333333333,96.93155321786857,110.09028669446555,38.71975651322175,30.889197271011636,112.03072342720512,159.8129668805524,86.80797676953324,136.27910917278615
1577,52.56666666666667,98.24398726086817,111.56275283616795,38.1066445606275,31.236158168174313,107.73740162218228,158.1644018325583,97.56751124246678,134.90581867581176
1578,52.6,95.79570433920274,112.49031083549548,36.09643005221309,30.472217287027135,94.02304364713297,157.2540846192813,88.80683214421026,138.0497186863122
1579,52.63333333333333,94.11812561929895,110.96533247427467,35.44028469847793,30.67518492177023,85.59737087739113,156.97119065961607,87.17435548597815,138.71116139528263
1580,52.666666666666664,97.28654581848014,115.12091453187173,30.132077450761916,30.788770718350364,76.11631559695175,154.8617918330497,82.00837562918615,139.9038078101578
1581,52.7,97.21737193760886,115.95996533771644,25.87494735940098,31.935367755572333,67.53200220567734,156.56986768547478,67.3382550046804,142.99241284170753
1582,52.733333333333334,91.7178282475448,114.57191760412395,26.075633132048793,31.237089104836915,62.11803359016455,155.32309586030433,50.50308154219758,142.56396121334328
1583,52.766666666666666,75.7055531895328,112.67628644670862,34.365086411642956,31.50715794624257,65.35057739603549,157.4403674307475,46.182288751516055,141.63024261186573
1584,52.8,89.90925471220682,114.49039802748575,23.124617282471462,32.010076528074016,68.72985594665174,157.7831091176745,48.96071181408238,142.66633041750214
1585,52.833333333333336,99.7978566205807,117.25880317488125,26.815909582534356,31.165467238356133,70.30285605082388,157.47335451901873,70.15010533051691,143.2359056298204
1586,52.86666666666667,100.78382415527284,117.70265224728767,25.20562743849168,31.357838420834817,75.10043981163109,157.69662801022642,80.58913539744285,142.5107614426622
1587,52.9,109.27032347338826,119.07183909307676,27.335817108312074,31.325403687661787,81.80806891312746,150.21767278814093,94.60503202862994,136.97217095284168
1588,52.93333333333333,104.08661156549367,118.3279799303961,30.989690992662066,31.389052172519765,88.15536470459526,151.50333360232594,96.0986903081634,137.41528347802893
1589,52.96666666666667,96.76681494676723,118.20412370152415,32.75937230016364,31.277557235144613,93.1863959564656,151.6739207385368,95.69635369962889,138.12008064948927
1590,53.0,97.46087161621517,118.00651355253898,33.920380323084004,32.16874928593436,100.55710175586569,157.31407070915776,95.40607505155263,139.2224692810086
1591,53.03333333333333,92.4664491775794,112.24647212014419,28.303397601396473,33.27865488293754,114.64325297474409,158.30584064207767,98.71731076540632,136.3089506406644
1592,53.06666666666667,91.47032902628446,111.31918814999902,30.861984476787406,33.072504783967084,124.698091357704,155.36829746650315,100.14209608264234,132.53110931283058
1593,53.1,88.5576934442443,112.6162538502379,33.80226168435905,32.88928074696811,136.67409894783293,151.57134812258954,108.66955038432562,127.76604871095518
1594,53.13333333333333,94.80380286728142,112.7199143439311,33.95980812627625,34.24978248070895,143.43666934730487,156.26390652450917,110.93839171861718,126.46945299488301
1595,53.166666666666664,106.07458793540039,111.99023905990921,26.596676608917434,34.42701856815472,145.91683855270892,157.61611171938256,115.71731523736184,127.13475074943966
1596,53.2,99.00502651877599,113.44668876479918,35.693543724506824,33.58137450527955,153.97529046061555,157.9699602677751,116.03836380361182,128.83699240462872
1597,53.233333333333334,102.65568176681853,115.54688425956452,33.30741959257988,32.55559521328859,159.5599849777547,157.22681296947047,124.40410813548318,130.17835363903222
1598,53.266666666666666,100.04811885019092,114.85997384672976,35.18213833661752,32.28101176445397,162.06192509999093,156.305217770216,126.62526789181531,130.5163420498308
1599,53.3,101.04480730906424,112.6104982009429,30.4168628365735,31.58539762933898,158.46573061318867,154.86287295639514,125.3167808551064,128.7513117735653
1600,53.333333333333336,104.09631418649955,113.61259611147851,27.96739371169814,30.637005814967335,159.50462647119392,152.98235619207512,120.82664641113477,126.32873192708732
1601,53.36666666666667,108.52372568281429,112.53540770880898,22.3794455741177,30.52005257834371,159.27086855805894,152.07811749304295,123.29107314596335,121.26567654891564
1602,53.4,102.72018836423364,111.97400568811634,26.768112625001883,30.68559348292463,163.94566948567166,153.04687114983955,126.86082159133493,121.39995655186053
1603,53.43333333333333,104.86373840865257,112.40597170406184,25.483834319460804,30.279233375095593,165.70114278404859,153.85447975475063,130.02959608689986,124.80737827057499
1604,53.46666666666667,104.75150775465248,111.5801638377592,25.676782060934467,30.574662116543998,165.96427259263487,153.78947866008576,131.04674377768094,127.64166286308424
1605,53.5,101.73668941198383,110.56129835413063,27.886612972858035,31.213027773311982,167.92027447115916,154.56049509430466,126.98103750693674,123.93813761614048
1606,53.53333333333333,103.67149565562192,111.74211231025642,23.78971765962558,30.70868820474015,166.6224036869325,153.70839885334524,127.43171064016312,124.32516816694572
1607,53.56666666666667,104.34735877290804,113.26926504141538,23.72275616832684,30.191003736619002,166.51475098780824,153.19958500482883,129.84524992225397,126.21989903931723
1608,53.6,101.42707369728035,114.50903209642037,28.185746299154438,30.25970160556568,168.38521217568967,155.93261100720224,127.1678146165401,127.19444532812558
1609,53.63333333333333,106.00160990409228,114.32693988373634,21.635841381429817,29.721200619932613,167.33166462599465,158.2636685676592,129.88151451030313,130.47414950524896
1610,53.666666666666664,106.34319419325358,116.25706411197487,21.793071375546862,29.75511178712756,172.63043129941758,161.88725649754733,136.19012296525054,134.99006906796467
1611,53.7,108.28198351152147,114.39683874183812,20.574180273690732,29.656596475987953,171.65093531444478,161.76079125330116,135.3492761509573,134.57303299246888
1612,53.733333333333334,105.88303548597412,113.06293953273304,20.09418657164399,29.768872734581436,169.98641303516092,161.97293412353366,131.2236234963971,132.98289155257382
1613,53.766666666666666,107.66128403134873,113.23553483143819,18.5998114390269,29.886230283611386,168.96622906641917,161.66732358514767,132.79288947302842,133.79490863730666
1614,53.8,105.11643129127386,112.23077000990202,19.51075639349839,29.774543976218716,169.542205627024,161.50121870936567,131.1847736346688,132.88565097093272
1615,53.833333333333336,105.7983340432868,114.88860630335587,20.36692870702525,29.59550459845902,169.7214343695979,160.61584454354104,132.1739160630759,133.00649006280386
1616,53.86666666666667,104.58989009654266,114.52720797161157,21.853397699730156,29.71330915237121,170.7706055205538,161.29378104213453,131.19749443054624,132.4923090753926
1617,53.9,105.26752629585648,114.87170130416177,22.08585061391457,29.45036768335758,170.58810938236624,161.54235857116635,131.54147666445243,132.8504872424799
1618,53.93333333333333,106.47627401330118,113.97021483128523,19.830936192217873,28.85393315468896,170.89081566718545,161.7682090801367,132.3991673338857,132.28312201604965
1619,53.96666666666667,106.37493239903935,114.54412115977466,20.022818776902614,28.34490004934726,171.17769039535085,161.47971214786446,132.0815335227894,131.3833484450362
1620,54.0,111.43586076734422,117.41678845139668,20.694223448139308,27.54815676543028,170.18690536989425,162.1137871029715,133.68224947350987,132.898662191039
1621,54.03333333333333,108.67106864144871,116.15393481770232,20.96275083279848,27.122099076889114,168.39847713495038,161.42310375215266,132.2311041021289,132.27036335460727
1622,54.06666666666667,109.17382309160404,116.42298391267559,20.227437760770673,26.400358908188327,167.84407732358014,161.43195795766732,130.98435832569066,131.41588445913212
1623,54.1,112.26536772395471,119.44460390575038,19.964525959591157,25.211526293048614,168.41502012056455,162.34241752524778,131.11821349563093,132.1971359042199
1624,54.13333333333333,117.17074779461664,117.78767567648322,22.48918036114077,23.519783327393466,163.8344415969594,161.23393473614541,129.58254418527818,132.13695629441165
1625,54.166666666666664,115.32668892189744,117.27360986989108,18.484204814114726,21.62774166789247,163.77848768025578,161.79629227036875,129.68580302821078,133.1383240186398
1626,54.2,115.31307525015376,119.76836168328379,16.24121214527994,18.92363631408553,164.1541257799089,160.967366434547,129.88964001773616,133.32766615000938
1627,54.233333333333334,117.74637653947003,121.33485368576447,17.810290322050104,17.153157872048,162.13471770156056,161.1709555452971,130.1610167186267,133.49301481582592
1628,54.266666666666666,116.72098889544714,123.88987430053679,16.624718215480435,16.3980435797821,162.83687738970696,157.9584392540807,132.7477979280423,134.41408029646055
1629,54.3,117.58733919610903,124.65020298199086,17.831419821695167,15.624751599679158,160.99922454130936,156.45414581578487,132.51924421362082,133.16699737140223
1630,54.333333333333336,115.26719748379162,128.81062672065792,15.456442142626347,16.974715129640074,162.0530540943304,155.11562436955435,134.6109998505681,134.8992298902141
1631,54.36666666666667,115.99652265804005,131.16270541630706,16.433016255817055,18.677788273398154,160.99878641860977,154.88433789905545,134.94319917259452,135.07528304235566
1632,54.4,116.53024115852861,131.13721824051424,15.78928549881138,18.16724797431994,162.81236908970067,156.7745528121881,134.9172862616926,134.79104479614
1633,54.43333333333333,119.15150875167664,133.33550951812572,15.870431276221199,18.931314300628586,164.9373828618988,156.47521031574098,137.47591348362266,135.57742996780487
1634,54.46666666666667,116.16068639795344,138.3500198531108,11.713957225430631,20.92147560585685,166.7374243352061,159.0182293549829,137.69534800512483,137.53330310185643
1635,54.5,115.09104641232207,140.68507323767724,10.03508932792044,21.37843190579757,171.47724597545815,162.35317490424657,139.31611419861284,139.4783394471605
1636,54.53333333333333,112.33535897950102,145.37193030645238,8.761166198140176,24.2327740161952,171.5771967142188,158.7410179532693,136.24239906292004,133.7277505309121
1637,54.56666666666667,114.56792534786285,146.65884287594977,8.300124620784729,24.18525970659002,170.7310422049522,158.28105469465137,135.6539859368854,135.04247624426839
1638,54.6,114.47286024721554,151.314100808984,8.271083910259891,27.32318326447018,172.79865467908468,161.07862773731466,138.7738575709411,137.2599949404673
1639,54.63333333333333,111.61823899657898,151.42262597539582,10.552675486383587,27.127476886247877,175.77817895259994,164.29124114911633,141.2736971396574,139.62480233348376
1640,54.666666666666664,112.82034883711935,148.8562150031937,11.986654561486832,25.496631029478813,176.4029074153177,164.0398738726778,142.493429821038,140.62043200969077
1641,54.7,112.62477131404367,161.15547453010018,12.547919467679796,31.029797819290035,176.88742010902334,164.81684254227594,152.3697008659842,146.35759111042165
1642,54.733333333333334,109.26941386516845,160.2573170131554,14.120312452362406,30.888683603724704,177.65770948792286,166.8785362660081,145.40900532919696,145.01058586307806
1643,54.766666666666666,110.55546383389999,162.3252445712025,16.138478303806863,31.064256227194473,175.03228068449928,165.47963520928826,155.30227563760147,147.47403798909536
1644,54.8,112.65206886079581,166.95178552407148,13.417591723323989,39.00298178679771,174.28227889725468,164.63908467132188,155.2173771337071,148.21071374147536
1645,54.833333333333336,113.14417509293574,164.80583427375197,10.814670281029315,38.161237416213204,178.30341184952894,161.30990633078977,149.47311777596093,151.43457560973695
1646,54.86666666666667,114.20838481338251,165.33622997938775,11.825939489844808,41.21808222542659,173.88800568834895,164.89888358001446,156.44104361544578,153.6759302016565
1647,54.9,111.5471135802074,163.41416329925,15.448662682299192,38.202755281680425,172.81981018276056,165.4147361490968,155.08856897137582,156.64884701200106
1648,54.93333333333333,113.78519927423078,164.70051612172514,13.966723445590919,41.13409290518638,170.12825024974742,165.43937555116966,159.77582123348148,154.00374803006216
1649,54.96666666666667,112.03051166460443,161.3006616692316,15.457502237794003,40.323924005043565,168.23981344577308,162.18937015605118,161.46783376035162,153.46511802455382
1650,55.0,115.45309359099122,161.31129955945514,12.753122343106098,43.9680674842457,167.21554506119023,160.4072279927432,164.30129277000572,152.50925935647226
1651,55.03333333333333,115.27611555583466,157.31927326977024,16.16793822058064,43.544987888727604,165.98791370038205,161.56272254867073,164.90054658813327,153.59832590853173
1652,55.06666666666667,115.29910597861162,156.59323599450545,14.51865961349619,48.49314693922677,170.87182367472286,167.3866952538461,163.18834318977596,160.42107842056487
1653,55.1,117.13993588596215,156.1840390843769,12.556805737966535,47.5626541634639,167.24085522636958,160.7759500579754,168.07125194505804,156.3714009823206
1654,55.13333333333333,118.85409333670282,151.81228352199963,14.054131526893926,47.94801306015214,162.3038238991555,159.1438952450507,170.70506280666262,154.33965495824572
1655,55.166666666666664,119.90935061739245,146.39341298157885,12.386480595521366,50.939182384339375,163.98345499544664,159.03620384639936,169.11760007830645,155.07868782462407
1656,55.2,,147.71369397583533,,51.70274232724443,164.16490473444122,156.98724454032637,169.42891846052055,154.49837160632796
1657,55.233333333333334,,149.09192849572665,,50.59692493394716,162.59742256086602,154.57031104319466,169.17508157561903,153.3976709375019
1658,55.266666666666666,,150.86095057303166,,48.9599661449189,162.02538637041155,152.63444216501432,169.7762254700612,151.6660731958005
1659,55.3,,149.6981605383291,,49.37450893356747,163.043256174526,154.47244781429353,169.1049536961705,153.59663267658576
1660,55.333333333333336,,149.60876409906243,,49.72140302419546,163.74625965858942,156.61291049383993,169.8270476518816,156.17463071698216
1661,55.36666666666667,,149.8601349370499,,50.0041547634882,164.85220600592754,155.18004030498787,170.57862136703426,155.84876553675971
1662,55.4,,149.9172742739596,,50.34878682324868,166.8821209223905,156.49891535544774,170.21662238023066,156.6730182372269
1663,55.43333333333333,,150.6100884287014,,49.8174985837218,166.2470858448431,154.9772285058967,171.7261414618155,156.38896628411183
1664,55.46666666666667,,145.4222586326904,,52.295375278468796,166.11324839794557,155.4813389365039,170.83333863976816,156.935143983372
1665,55.5,,145.07704233490054,,50.375970564164625,165.50064216832982,155.23465129566577,171.13321447425872,156.01229060945911
1666,55.53333333333333,,148.01596242510573,,50.76042214011137,165.06827048641307,155.44284824088757,170.4928141728053,156.68382809767067
1667,55.56666666666667,,149.2673716938766,,50.51155871163145,165.71421924379885,156.2447019562333,171.1072247439001,157.60354959658216
1668,55.6,,150.5691053997162,,50.96051569412452,164.30515685590854,156.12229182308863,172.49133179117567,159.04498870698555
1669,55.63333333333333,,151.98992901448713,,50.98448304908797,164.33281709973204,156.75519379553586,172.5999364553604,160.01194512679126
1670,55.666666666666664,,152.30955322389815,,49.28850849603259,164.88891466866673,157.59574391306847,171.8780900833665,162.22745248995247
1671,55.7,,152.48335037890635,,49.41076667382244,164.592121519718,155.86414821119308,170.50046319382201,160.83487823722007
1672,55.733333333333334,,152.16839973371071,,49.41718568502952,162.67516469688954,155.22657882196998,167.6493178854224,158.06512174689541
1673,55.766666666666666,,152.2737051461802,,49.7076073618922,162.43994309772106,157.68848400673812,169.2837667267363,159.3962692530568
1674,55.8,,153.5646303007032,,50.63460147596194,157.43077859985968,153.17059873535814,168.16411476509518,153.75476257309154
1675,55.833333333333336,,148.49426591160062,,50.428436923459955,160.389514367676,156.70813449130816,166.64377803138245,156.64234848579125
1676,55.86666666666667,,148.78456338968388,,50.184473986826326,157.68795522002281,151.95255673900942,169.06195935664377,153.1533299209205
1677,55.9,,149.0266012968888,,52.10840490977202,158.66326304570214,152.3792464019613,168.94197950422586,154.41367694161863
1678,55.93333333333333,,145.39392347307341,,51.37338424898866,159.65689441092368,152.3767558311755,168.15995420708853,155.01433662985852
1679,55.96666666666667,,146.56020067288424,,50.899494277510286,156.1022083276517,148.4588213096021,164.08858710561967,151.3545870955323
1680,56.0,,146.98609677968236,,49.0255961140114,154.39707203762404,149.73058260831962,168.07963056876088,153.11219672947638
1681,56.03333333333333,,146.88560850744113,,49.50692285658964,157.4120747781329,152.10892559727498,171.3572160629646,156.01207334861948
1682,56.06666666666667,,146.06293869532172,,48.83758306284368,162.83905575359148,157.89563751939994,166.30861911958044,161.60537063572843
1683,56.1,,143.96705292349517,,46.573439623990595,,158.4185259379985,,161.00457256573327
1684,56.13333333333333,,140.90183011320153,,45.00134518063224,,152.7692618608572,,156.0476937218894
1685,56.166666666666664,,138.56714064592884,,46.53370936373796,,164.20778767446612,,165.3376799241231
1686,56.2,,141.74174885746757,,46.57110678447656,,161.78094374949853,,163.45926569980423
1687,56.233333333333334,,143.88402762705965,,46.43016548730894,,160.63980290087622,,163.50902047558677
1688,56.266666666666666,,145.46612674048217,,49.49044910051612,,158.4506233926108,,162.3167821232529
1689,56.3,,147.08814698787435,,52.05202106975043,,158.20867193146634,,162.64897896946752
1690,56.333333333333336,,147.44880930039147,,52.76180744288283,,159.34208650387947,,162.12814143575156
1691,56.36666666666667,,147.1484338157216,,51.68318214181499,,159.47155673764965,,162.59886430146327
1692,56.4,,149.8819642391719,,51.10964628982405,,154.88715779786955,,155.73188827960882
1693,56.43333333333333,,151.63218493663317,,53.00449102933396,,158.0521303818891,,157.32504965633072
1694,56.46666666666667,,159.04408127573183,,49.6049107195095,,160.79105394318347,,161.60245066380426
1695,56.5,,161.79085359898195,,47.64510345516382,161.44325337150408,149.43734773749154,164.06206995195436,148.89921572729176
1696,56.53333333333333,,163.91437082956836,,45.39888444953483,162.2266971590552,150.45198252065117,167.26946643983575,146.9632188512813
1697,56.56666666666667,,165.4144883797523,,45.670428721867324,161.68637823370315,151.28265942368765,164.0789455967145,146.53104005794492
1698,56.6,,165.64358094662003,,43.57103677512018,159.8666366193646,151.17587955218752,162.0629997341944,145.75395232434755
1699,56.63333333333333,,164.07753242782465,,45.698931240069236,160.66587617604984,151.48478547832076,160.71060360936315,148.3183230557843
1700,56.666666666666664,,163.6936009671822,,46.57557653296312,157.91382256596978,153.9234981210495,163.83778436326352,147.57014253492432
1701,56.7,,159.44890731444565,,49.50780961417674,161.63347467425973,157.53753366006987,166.1913192551161,154.24143447190983
1702,56.733333333333334,,159.81930503859954,,49.90948253570383,164.5505318387689,160.67523944270576,167.3820212762588,159.546894916977
1703,56.766666666666666,,162.14673277197804,,48.92690882502436,164.25198578138523,162.6327035968431,167.63154069856205,161.77781997609796
1704,56.8,,170.88848782507,,40.970093734552854,161.68264332720491,169.63992892458663,169.48810540543158,167.93527217444287
1705,56.833333333333336,,175.10527078457054,,35.63761991171328,156.61630255744123,169.68507383899848,167.93822745352398,170.40630929320622
1706,56.86666666666667,,167.97016790202414,,32.74281125017527,151.83340642588567,171.0639851424083,168.31127858915008,172.75241599945548
1707,56.9,,161.51024587761972,,28.677858943710522,161.91776730053633,173.13765885806004,131.96615065894116,174.16996112265144
1708,56.93333333333333,,167.09995481214307,,36.91860703469817,156.99026992698742,172.947917000934,134.02891348882252,173.05759720499682
1709,56.96666666666667,,168.88152095815653,,39.67208704581683,154.6183940668483,173.07243711342866,136.70717854534507,170.47851504841728
1710,57.0,,154.97195303383282,,46.815637375084734,153.05657517074937,171.62403325068095,133.9959066299283,175.67527734762518
1711,57.03333333333333,,164.12890987513475,,48.48132464125195,157.92893265336485,169.8487188006819,130.28056052318325,174.87785852655088
1712,57.06666666666667,,162.7537385656083,,48.82692254087159,157.68466477826738,170.8290355284642,135.73364810504026,175.20194154764118
1713,57.1,,160.85827957914742,,50.77346040926266,154.81776277984676,170.23857734482297,128.29732991902674,176.82884537176847
1714,57.13333333333333,,159.5994326120851,,52.186762644418984,159.1606933586778,168.65029608309686,121.16167395307552,175.14130517188696
1715,57.166666666666664,,165.05173395043508,,68.714599944391,164.8069070793935,169.36786172636576,119.93779743145701,174.46737620712656
1716,57.2,,162.79595445426722,,71.99161979300553,163.6233971134349,167.82618804754514,116.7580974868632,168.67016007908794
1717,57.233333333333334,,161.70736178963097,,76.46472996657033,159.79805220791238,169.2282712302764,132.9868820783976,168.10516175782152
1718,57.266666666666666,,165.80790593686365,,81.41959027937523,150.9073238184085,172.67556443595458,149.48574382235364,174.58217896849177
1719,57.3,,167.38829911197988,,89.9853155267893,145.9596978199897,169.71398520717858,160.1845331090199,174.54193808117574
1720,57.333333333333336,,169.46880996297025,,100.05447007781525,148.29391205178015,166.3252836432861,161.24472119918366,171.30643567197814
1721,57.36666666666667,,169.19582429104844,,103.00575119060382,153.24232004086048,160.88830516920146,157.4471575836424,168.9940908027491
1722,57.4,,170.75583479883525,,106.51966101771136,152.38443017287247,162.38735029541223,165.33410860001666,168.42576872735867
1723,57.43333333333333,,172.54536675753988,,109.61035885747293,155.15318477925567,167.1164292961743,177.62835167315288,174.99528638937744
1724,57.46666666666667,,171.66526215922588,,113.43100573470853,157.26968462130176,166.7414184517835,174.3860521350132,172.27320383224554
1725,57.5,,172.6788235329876,,112.59087011572024,158.29802935982627,167.3327305732812,175.910496034999,173.15503217151544
1726,57.53333333333333,,173.47843046819779,,114.91528673445505,157.46190921144625,165.8069383248006,176.84325503457424,170.6196369080708
1727,57.56666666666667,,173.2462079495546,,115.82912405871684,154.70142358464372,164.48625708485085,175.0253258876955,172.0561476446836
1728,57.6,,173.04862900801263,,114.61648167348314,155.69425164890657,163.39451039802643,171.82175132121495,170.64313467517886
1729,57.63333333333333,,169.35638274861856,,115.12731285672021,157.23918518881143,155.684911312258,169.11069533377378,165.80368380890084
1730,57.666666666666664,,169.52896274851062,,113.4775948743015,157.20635113182087,158.28137457800935,168.6613773374073,168.41464912574693
1731,57.7,,169.7731614661282,,112.82546523562277,156.5617190880511,159.54218898176282,167.5825359409889,167.62033744953607
1732,57.733333333333334,,169.6710687206903,,110.34245871808831,161.04028714801763,160.41120489332442,167.91967327837185,167.3477970430619
1733,57.766666666666666,,170.77258412484557,,110.69464820371728,161.0050514844327,159.52393307781176,166.34940778049787,166.23893182505506
1734,57.8,,170.8431273872788,,110.55351475258729,161.34697299829008,158.46046955618644,169.46320229702832,166.9455379827269
1735,57.833333333333336,,172.09808636042567,,111.11997764940112,161.29702876727993,148.2052702132131,169.51206767021546,157.01213338793445
1736,57.86666666666667,,168.47629954480283,,111.54461970062435,161.6613972875682,152.95209724751197,168.9233202779993,161.83869242345912
1737,57.9,,168.16618200779402,,111.11369933564464,161.1127410923848,150.83327979119656,169.73669004642437,162.34403243998514
1738,57.93333333333333,,168.33564148502842,,106.14778883571384,162.0914758198259,156.99194595808186,166.75243664076484,162.03118484749075
1739,57.96666666666667,,168.51162542164988,,107.34295079960806,165.6331176495432,158.20078795515136,166.101447586928,164.64748458522067
1740,58.0,,167.71254641684294,,107.759921522198,164.94919025857146,157.2584923537207,165.80326792852728,164.49236435282305
1741,58.03333333333333,,166.81114280200185,,108.35239658805581,163.51671291213316,153.80910512350005,166.09498708167152,162.59167356715466
1742,58.06666666666667,,167.05677138616306,,108.37524889430296,161.35413734040603,156.26042371058526,168.4316793253211,165.02016500417227
1743,58.1,,166.67944647112526,,110.00743893390022,157.72780492530205,159.09584020038702,169.77867993733085,165.49731099630955
1744,58.13333333333333,,165.88115266070412,,112.03706350891251,161.1147876033113,157.25174582986054,168.97783551686575,163.62983716749875
1745,58.166666666666664,,167.56023588458982,,111.98405846255214,159.4271113535724,154.82091063656006,166.14174548744322,160.2082930725603
1746,58.2,,165.48402165471202,,110.83305791338172,163.60961639293922,154.0110668382115,165.09214651391144,160.07706081609606
1747,58.233333333333334,,169.01202616654214,,111.1851593533241,159.50205532223123,153.36083892104352,167.65243653016043,160.73707075507144
1748,58.266666666666666,,166.79573182890508,,113.82221303751074,157.08079275356013,161.39280171008937,168.65409452903356,164.1944827649557
1749,58.3,,167.7458907570477,,114.35480655917972,155.79320866607787,160.18170416717305,171.92713423612494,166.22963052173728
1750,58.333333333333336,,173.98474628936177,,112.00201141642738,153.44484743589734,162.55098095275835,174.9460124976505,170.0229361417473
1751,58.36666666666667,,174.959431485137,,110.8287926621342,151.6267541991092,161.3142843540192,175.08812571945455,166.78429608299493
1752,58.4,,173.96180650385404,,111.20902094940368,153.69812477662256,158.7149071768086,173.7988027191641,165.76403713778444
1753,58.43333333333333,,173.47275611662852,,109.42954002321126,153.14112673851048,155.92703038543928,172.7706410077501,165.74935525115916
1754,58.46666666666667,,171.16005021301,,106.61904145992672,159.7038327117702,154.90340349174448,166.42968747015343,163.61717592448653
1755,58.5,,170.00686678250653,,104.70451443912295,155.01004846454242,155.1795952586481,168.74376461974535,163.4376724620741
1756,58.53333333333333,,171.90671070786837,,106.98239631073602,154.52398400555205,164.41276048463533,173.63156227622085,168.45139699805222
1757,58.56666666666667,,169.89340879082405,,107.30184942206868,153.9608730656194,160.3294595385955,173.4956039167465,165.16492226677568
1758,58.6,,169.7519116085381,,107.2603993503842,153.2494021104368,153.5847190677018,171.9740582424712,162.16765532585197
1759,58.63333333333333,,165.49713932574105,,103.39615418396598,158.45026195293244,153.35979326798818,164.31601218540538,161.2050108666912
1760,58.666666666666664,,165.88771934442303,,104.63513140919983,156.02776098428927,152.36708692473908,166.10915774504386,161.55740668024208
1761,58.7,,166.54767537999967,,108.38282358839926,152.98152704511492,150.684669674241,171.4552549953586,161.9237280951117
1762,58.733333333333334,,165.3985792614643,,107.52953274562033,157.29772820047006,152.06431155322667,165.87742979405414,161.28339219285417
1763,58.766666666666666,,162.2817466765862,,103.39472995084257,157.89271410625776,156.4035122518154,166.5711841002093,162.7800714424488
1764,58.8,,162.76885259204738,,101.64961594415492,156.95577195266748,158.1980167276297,169.24397063700735,163.45490426656187
1765,58.833333333333336,,163.17286257255537,,102.75410366941277,158.70030902352403,157.21743453535532,167.6774427302791,164.68922036455956
1766,58.86666666666667,,162.9543799536854,,99.73208620944018,157.27821656470402,162.17459754914685,168.90840682666376,168.70506914211995
1767,58.9,,163.3960850667373,,99.43384213915498,158.5033328226492,155.87006226651627,166.58560931641867,166.00397919689357
1768,58.93333333333333,,165.05439430998413,,104.19290535052171,158.66614313987375,169.04345778322082,173.64745245099047,174.6527140432143
1769,58.96666666666667,,165.77388252414735,,104.00588349897829,159.49665892655304,159.8267997680437,168.29857113963172,169.8969144278053
1770,59.0,,165.99761691754333,,104.56031984986895,158.18096844883888,160.09968939840414,169.22711986021673,170.23234022264074
1771,59.03333333333333,,166.4990232139722,,105.01176649297524,158.67602080307557,159.18983712376843,168.91993719328124,169.2128371542565
1772,59.06666666666667,,166.3183963224427,,105.64503141759484,157.5681605543965,161.9557455685733,171.26603913485337,172.15353490176938
1773,59.1,,166.90767867986017,,106.08277015513143,157.93478401038269,160.15286102596932,168.9105070858138,168.81610697407962
1774,59.13333333333333,,167.68891973172032,,106.88564831978948,157.22091793267353,161.79346243881488,170.40485476736967,168.92084757952898
1775,59.166666666666664,,166.69521899179014,,103.45156180867279,162.2162256274018,162.97528708272236,163.89497118710136,168.1556583341139
1776,59.2,,166.2826166177237,,106.28134130397181,158.31954330230107,160.4757676117235,167.9643900251065,166.71967061864223
1777,59.233333333333334,,165.84839885747897,,104.01885989445418,161.41965956242396,161.69046484487725,164.82095622761142,166.71884514521406
1778,59.266666666666666,,166.31279286672836,,104.73815862393411,160.89243717053228,163.20160500557978,166.69029086976826,168.82982425272607
1779,59.3,,166.07102671281106,,104.70414824849837,162.28568878701589,162.2622678443242,166.24394821808102,167.9366077871373
1780,59.333333333333336,,167.51609970089524,,104.84488692980175,163.96591304395446,159.61397437805564,161.66592931625775,162.83948267322856
1781,59.36666666666667,,166.58693418737917,,101.93681099648086,167.9813940882398,158.73376787264456,158.6020271046438,160.17305565975587
1782,59.4,,166.35930388354117,,103.51424935180762,161.50029612000716,158.3076049132242,163.64148058320313,161.49159914654857
1783,59.43333333333333,,166.95558091714028,,103.5287809607736,165.44778559686134,160.89868871834025,161.9722759414127,163.86439718148296
1784,59.46666666666667,,167.27534913370323,,103.59263055336825,163.58244351358852,165.84341559725945,162.05685113742902,168.31208079766574
1785,59.5,,166.88738276448882,,101.45896182328116,167.90977281555737,159.42039737600075,158.38475603120963,162.94262311603356
1786,59.53333333333333,,167.85518279101765,,101.84448239566412,164.6378111215924,162.6286329776423,164.38521160402001,169.3798983737819
1787,59.56666666666667,,168.15523930391072,,102.23886578438027,165.2687394248965,164.70706915327017,164.9201329863752,164.5095515239745
1788,59.6,,170.27422300024102,,103.26846982845956,163.63119447127238,163.53340663240118,163.74812033800913,163.58639706898066
1789,59.63333333333333,,170.19769891043083,,105.00656309430994,164.24095524576606,164.80630151290342,164.12967464807943,168.90966112644546
1790,59.666666666666664,,171.33920985439522,,104.79096578639721,164.97603655357366,163.55407401169563,164.62680574358825,168.53657732689774
1791,59.7,,168.74905384071022,,106.0637012593824,160.69673051814559,164.47961348665163,170.09557118831174,171.81723795003614
1792,59.733333333333334,,168.0902438488675,,108.03437680681763,155.95635023827523,159.30120892322842,168.34354808044944,166.2071671102044
1793,59.766666666666666,,167.93414759984864,,107.51189875879658,158.6878174699231,153.37826849030154,167.78449304146204,162.9477119258882
1794,59.8,,167.17460677580218,,106.79448300577548,158.87325921970196,160.59783775839753,167.50444546820833,167.5467646290269
1795,59.833333333333336,,167.52025655068525,,103.75924676491711,160.05722820124646,164.83419296724142,174.85786226800218,173.90556566755174
1796,59.86666666666667,,167.50821811911382,,105.85934799118556,150.0140025842454,156.70713564783793,165.49038986398014,165.04081239407648
1797,59.9,,168.9169535913598,,104.37633041610783,155.01773568015633,159.9244915836201,166.03753852783862,167.97273146522156
1798,59.93333333333333,,168.5049131852003,,104.95620744786993,149.8607285653821,159.08767711976128,169.02786287062273,167.70110885755437
1799,59.96666666666667,,169.20312014773035,,102.45290241309644,153.30192797380562,165.24584892894387,168.99320834399546,173.10429908288057
1800,60.0,,168.5480907403292,,99.36718593238352,154.2068034211313,165.29285090910057,170.45606820570117,174.26890958360255
1801,60.03333333333333,,166.2887237711913,,95.05464013019497,154.07316524943175,165.43641221603204,170.18477090359448,173.00762345527042
1802,60.06666666666667,,166.40941634664654,,94.31120252528922,151.88259545400305,171.91222299836681,172.45906741640934,177.3069367927528
1803,60.1,,168.82309046245376,,90.30740545838731,148.94240422515196,173.87713223815942,175.99449431973295,179.4215377633515
1804,60.13333333333333,,168.05574207347163,,85.98125947918805,148.56606970466922,174.7976177520951,175.45518947174943,178.4660337120215
1805,60.166666666666664,,167.01632733455088,,84.35777075489428,149.60929406372532,174.87747868327259,170.9095695210514,176.2593765906655
1806,60.2,,164.12942611036272,,72.7571549855278,157.83005721440657,174.80686100650934,158.15191550857747,174.55181583781712
1807,60.233333333333334,,160.1789730543569,,60.143436744396986,156.46225964627763,167.759433833981,146.7629364224879,166.54462132565118
1808,60.266666666666666,,160.22078917008912,,47.582340273700304,152.31880801671693,170.76607574258298,147.28407415939748,168.96658226855058
1809,60.3,,166.06075478011965,,39.8227241426776,151.23508125099198,175.01174431879545,157.10071481871563,171.6949510601112
1810,60.333333333333336,,164.91057015592727,,35.436661028794354,153.27332843902084,173.38652227060481,157.00657770187217,172.05109239487723
1811,60.36666666666667,,167.47128423301166,,32.79189074393589,148.7520699370803,172.8716415962058,170.78851141047963,172.5285700300257
1812,60.4,,165.5893455924095,,30.51738970964642,152.2965206898332,172.0598822364825,172.48129171421232,171.2056753292321
1813,60.43333333333333,,166.39911171441798,,31.3505281619876,157.4781271791579,159.74907921530047,170.90226312986906,160.52786673397182
1814,60.46666666666667,,164.85365544648644,,32.19111990163905,162.33758689580347,156.63889370730044,168.74710192963917,154.53277474971523
1815,60.5,,166.16083823618715,,32.50350462583035,167.95356675887663,161.8297362110444,169.56295636452995,165.1404328951573
1816,60.53333333333333,,162.09964475682006,,32.84964294587724,165.27837484284578,162.5093215544927,167.42230684034186,162.07849724646192
1817,60.56666666666667,,166.8882029249751,,39.09495858775343,164.9959186629764,162.20474363669186,167.87856888957808,162.4135360064307
1818,60.6,,158.15362318734518,,50.17330228827916,164.16830340974258,160.5706084674408,166.65329795887848,160.88546923944264
1819,60.63333333333333,,155.07764956750427,,52.49883849011843,162.2799342242092,160.60033733860573,166.78558230565199,161.61029036697855
1820,60.666666666666664,,157.43869164169357,,49.87126363006499,160.6472800412576,162.61819382157765,166.3869201627295,161.68556897094527
1821,60.7,,153.96359522701616,,46.83043239921396,161.34476508222988,165.93218131145647,167.39479792297087,162.07608901638156
1822,60.733333333333334,,147.30507099718918,,50.37505902065566,156.54877524192335,164.83574339317352,169.38530902335307,160.5003058615706
1823,60.766666666666666,,141.17003312233234,,50.60476029704739,154.0621007951473,168.11468676286407,169.49240200661515,161.9034418855885
1824,60.8,,132.73254972498154,,53.098224161107,151.13850453612417,164.66643184277822,172.26496693185828,161.8298197648053
1825,60.833333333333336,,130.09523145934958,,55.57567502935506,151.98921521749062,167.32274543264091,168.30905991165,161.50927718489777
1826,60.86666666666667,,127.80688536514725,,56.35684936034538,155.21689012084016,172.24117604817295,166.3891575987461,165.86060474835386
1827,60.9,,124.9799688854561,,57.44432345505211,154.65528288535535,170.0179244441283,166.36901229022814,164.49278176732534
1828,60.93333333333333,,122.14608565098283,,54.52833142478913,155.39341092151682,168.71965262626654,166.03730869696517,163.0408762241488
1829,60.96666666666667,,125.86627056994068,,50.75343180115741,158.71233056903702,171.37766795138413,168.00065189213893,165.29500110989176
1830,61.0,,127.28250726870144,,53.28414745835493,157.17174525854088,171.16089913424713,167.2418908118001,165.06503351226732
1831,61.03333333333333,,128.12238813286098,,54.02802334688856,156.13550685180945,170.79411679076784,167.09200581765242,164.5521321909208
1832,61.06666666666667,,129.47662512281508,,53.480949304815766,157.4144802064552,173.2083662083688,168.37670331000606,167.17658170907205
1833,61.1,,129.34093975040963,,52.722243168284095,156.95464806609343,172.53678903785178,169.3241102614351,165.9019781266376
1834,61.13333333333333,,128.85675219571152,,50.45230963194363,156.68779476248588,172.87700291892202,171.0177680063775,166.51505295162676
1835,61.166666666666664,,128.31442200616945,,48.8416346843795,156.47608896295634,172.35477509552877,169.79397355902287,165.93758284118937
1836,61.2,,127.8082012795631,,48.52023495846262,159.89510891159236,171.58137937186768,167.53668558759227,163.42529568842394
1837,61.233333333333334,,126.09761896585546,,48.30704591855991,160.71543771228636,168.89442243502126,167.73455141710426,162.05777863943632
1838,61.266666666666666,,125.4354952786532,,48.95177953050659,161.33432333115326,167.84274342334683,167.84350693223325,161.38052376934812
1839,61.3,,124.57388414128965,,47.184717991375926,160.89601289783639,167.94751520528948,168.54272820672452,161.68262186412926
1840,61.333333333333336,,123.6037710507323,,42.620553772119926,162.03916015158063,168.4689390582051,168.8979447218707,161.3976774322691
1841,61.36666666666667,,123.44746570894895,,44.384955178658316,158.54474080618843,166.93816523310142,167.23201470969815,159.51189962865166
1842,61.4,,125.85027594164283,,46.287858665053975,158.97674525568192,169.7621073152984,169.07959107210837,162.60337476002454
1843,61.43333333333333,,127.001045795776,,47.359375684107064,157.18549970880704,170.25123409032554,168.45779749040003,163.156084711284
1844,61.46666666666667,,129.0781954248804,,54.88625686227952,157.67557011549053,171.54216885937916,170.0840508153053,166.28686196997364
1845,61.5,,130.98884816494734,,55.10859382023443,154.45330372433955,174.14119326360412,170.42524515382814,167.27240579821532
1846,61.53333333333333,,132.4754727570985,,54.6574234579204,155.86981622200602,173.75314805078435,170.62794712385283,168.16049735627948
1847,61.56666666666667,,131.64545788612907,,54.928822934025426,154.41101905150646,173.28145443568985,170.90576101655876,169.57321286270286
1848,61.6,,130.36548145678657,,55.02086235819769,153.89266271113678,171.71021674134076,172.41667489717554,168.07834930767623
1849,61.63333333333333,,130.10254877551145,,55.660298485225,152.11808152957704,167.38017391528462,169.67265722468346,164.69364486086843
1850,61.666666666666664,,130.6248617457539,,53.44778735654084,153.18556367597517,166.76344642067227,169.82168886314724,164.20011419733737
1851,61.7,,131.31925519489374,,50.46327175944446,153.75098739292582,166.85388928735333,168.99748453870347,165.118819908907
1852,61.733333333333334,,129.83606574723387,,47.64049490453238,153.65039607909685,162.62801083039238,167.4344351585347,160.85572204129537
1853,61.766666666666666,,129.61279805559303,,46.452235295792356,151.05846690225874,159.05898595697388,165.24102160881978,157.00050612298202
1854,61.8,,129.87874731332724,,45.181296502679686,147.43565659317832,152.55565908808222,161.77793065994422,150.28975025709812
1855,61.833333333333336,,130.06804311681685,,45.338608930433956,146.1068934738779,150.4087878780567,166.9994924308674,150.64389755886967
1856,61.86666666666667,,129.63153682330903,,44.18690975244581,140.68886876104514,147.54845653286947,162.880971912003,145.96173255196854
1857,61.9,,130.45831777322732,,47.238890681174006,145.8473231057191,156.84015222842797,166.084720713926,153.12082789417744
1858,61.93333333333333,,130.8379544709046,,47.925900386925235,138.86271433831868,152.31880970634987,167.00859514502977,151.6315213261479
1859,61.96666666666667,,131.88141720989535,,48.11137970372332,142.21229283106877,156.48225414746523,169.64043930627435,153.7073842495032
1860,62.0,,132.74430485075018,,49.22836646516352,145.47540555869435,164.06156768078392,166.5245185271735,158.00438119167745
1861,62.03333333333333,,132.90679185349018,,48.985169099368235,148.04196264446946,163.10986873460908,174.9014602071479,158.10825651125765
1862,62.06666666666667,,133.96228196918662,,49.256006656476494,147.8575805830663,165.39417760782655,173.4314218099081,159.69401322335506
1863,62.1,,132.83978575086377,,48.78006211769086,146.77229081686352,162.37354306899272,172.74087427201934,156.25100995289594
1864,62.13333333333333,,133.6484977071285,,52.694027544927955,148.0766475020611,162.99775156039246,172.8148702233549,158.3141391771708
1865,62.166666666666664,,132.81727738382904,,51.823416354770806,152.47843965922766,170.36934614716827,174.41882161603206,165.4679686657656
1866,62.2,,132.2983667957087,,50.10514611264245,148.49268781019668,169.42726108818638,174.2414799906011,162.1779552016047
1867,62.233333333333334,,132.51861436860113,,49.32561497406062,147.61948719535818,162.44305443821446,172.31871616481993,156.98332131958935
1868,62.266666666666666,,133.56096927403192,,50.02861496117614,146.46146324067058,163.50281551129805,171.45213537097825,158.4588263396798
1869,62.3,,132.8400830132389,,49.7175300730435,147.37339844488616,163.6130469338752,172.67019364104766,159.3013922794357
1870,62.333333333333336,,133.15854737952213,,49.938560317011664,146.90357417824154,164.26753034526598,173.04509228859945,159.65571556895435
1871,62.36666666666667,,132.0163715385493,,48.48281467985444,147.31262646124276,164.2018284278383,173.20169281678344,159.6927869104521
1872,62.4,,132.94432646982222,,52.03001741842167,150.85839620429923,166.06326943725324,173.1274010043281,161.50627223784608
1873,62.43333333333333,,133.08503096793123,,51.89381449570365,151.6996777381745,169.19354336356116,173.7953651540103,164.87592010045407
1874,62.46666666666667,,132.276064528746,,51.66044318055937,152.45918533702329,168.1044184653113,173.9187518017478,163.8931617834666
1875,62.5,,132.64717880658822,,52.072957424841334,154.73211849800796,168.14813955962748,174.89980016235077,162.38256569516827
1876,62.53333333333333,,132.4743886939465,,49.178335635727514,153.53667050459424,168.21724914616198,173.292900057393,165.7816388655754
1877,62.56666666666667,,132.51236062576342,,50.07610994989768,150.07726495176894,162.73033358494897,168.48004615900908,160.60695794207575
1878,62.6,,131.8805383646368,,49.56579390270529,147.74232656529642,164.54935957490122,171.3210410622963,163.1204706783253
1879,62.63333333333333,,131.59560448224562,,49.05939762527973,143.40685739547618,160.70317212458409,168.91119453636102,157.39693012027055
1880,62.666666666666664,,130.0341115574024,,46.22201835525678,153.949131479713,160.94941685789126,167.6074045186713,158.19162239364283
1881,62.7,,129.14068628576862,,46.58275892283071,150.57093893543916,159.35535312859776,164.84970426703148,155.56141821221476
1882,62.733333333333334,,127.37313999086516,,46.54770210847183,149.3851958507237,149.7805719653688,164.77841209397138,148.28123863406603
1883,62.766666666666666,,126.8701259552574,,45.221046537426616,151.21238652863596,143.75799255207866,164.3272670431624,144.53570664712507
1884,62.8,,127.25419597471144,,44.110885666612496,148.00080491640261,147.24687038112458,163.37706179402605,145.73714042163922
1885,62.833333333333336,,127.6245240259621,,44.66622428874943,145.86214947447644,147.0924057790624,163.34485279170005,145.07588651707698
1886,62.86666666666667,,127.49039981413445,,44.15697587213643,147.94442671562842,147.68568359812818,165.00029126204092,148.41328104403095
1887,62.9,,127.61076184107378,,44.2040237339891,149.63840764165494,144.1207393448262,164.94445844806367,145.55821759565416
1888,62.93333333333333,,126.30749681215,,46.53816714389412,144.11130281457824,142.75830796099754,164.20306613287684,142.554130958123
1889,62.96666666666667,,126.27091320495535,,46.55461574437672,145.88491381955353,144.32009327554889,165.40949463504762,143.21856700921282
1890,63.0,,126.25602096499154,,47.198824431477696,146.89023461056053,148.18020908997028,165.42165365834043,144.88754203670982
1891,63.03333333333333,,126.38750123002175,,47.11324771433316,145.06943444736697,148.84461824421678,165.90751509194112,145.70724023441352
1892,63.06666666666667,,126.25366313840664,,47.499478689184734,146.094633434752,150.85577067552268,163.97978018514274,148.38562935345675
1893,63.1,,125.04302757663315,,51.28064044257325,146.5769039173803,145.98106857174312,163.1039787265372,145.6650078772865
1894,63.13333333333333,,126.09971576647241,,49.83941196305625,152.74323456685033,155.55675143026565,168.26224774069183,153.14597659113502
1895,63.166666666666664,,125.8496361792967,,50.78007673577127,151.606829702529,152.92692422307567,164.1393943279074,151.96783327027052
1896,63.2,,126.45782508159016,,49.43869095638802,155.93728274207544,158.16467522632087,164.93320886218157,154.1162817464669
1897,63.233333333333334,,126.5932954630688,,49.73407814548976,153.74365199342992,156.78633617173998,163.17309082386936,152.5682858278439
1898,63.266666666666666,,126.97062348514605,,49.46723203005395,156.65532066309598,164.01650287204802,164.6156656556631,156.76352034328033
1899,63.3,,127.47901217367301,,48.894964565911444,155.68292306580784,163.37309901196886,166.20571956456138,157.3598216833856
1900,63.333333333333336,,127.30712095819706,,48.29722440228295,159.32582538454923,164.8407260858977,165.79645732261926,157.48526607674592
1901,63.36666666666667,,127.00284920170114,,48.17433339812617,162.15770266609596,165.16347918200074,165.2798888825411,158.66889297992668
1902,63.4,,126.80172260226678,,47.40414015466019,159.69422816536573,163.32736353381736,166.2871229146433,157.9910198042864
1903,63.43333333333333,,126.87263070635923,,47.73730926990683,161.67326940117212,166.12681129711845,165.82243656123677,159.42103641248818
1904,63.46666666666667,,126.65434777026829,,47.18623751704129,159.77992285266842,166.1198899602835,164.92494483261086,157.5743887356356
1905,63.5,,125.64136310025975,,49.714602948747,158.9925274376418,165.5651613373383,167.16279136015865,156.09270496140752
1906,63.53333333333333,,125.71110155861918,,50.07784464618434,152.28875161874674,155.0759070460821,166.4270811470541,151.12858186936262
1907,63.56666666666667,,127.0691152402147,,47.84438640223958,151.66301006108927,156.51574730914774,166.6337012420571,151.58997161676044
1908,63.6,,126.89621286128161,,48.88983459638182,149.5705856341871,160.00022000085445,167.8976026853697,153.66922223810593
1909,63.63333333333333,,126.91245068463118,,48.90995759249658,151.04550867543014,160.42127199286497,167.68751352129743,153.32014241739327
1910,63.666666666666664,,124.12162847738715,,53.335338528027464,154.58977596595344,155.64624635378334,167.23458225163216,152.00856574668
1911,63.7,,124.61899190823341,,52.909791858764,154.82038236722195,151.53513153825634,165.9621131039813,148.07232597218578
1912,63.733333333333334,,123.42664177042747,,53.790006416264596,155.54192150479258,158.26663691477637,165.60964309372454,155.73427036252264
1913,63.766666666666666,,124.72547330462578,,53.11364948557356,154.76219485748942,155.78957186616233,164.94020481255305,152.12217593643786
1914,63.8,,124.8496853731684,,53.11150032887485,154.40109947653636,156.90934892234225,165.2723191692167,152.4153228227287
1915,63.833333333333336,,127.15115421577612,,50.20150374873493,151.7092348531087,158.313349379604,166.38531154685205,152.23113364037377
1916,63.86666666666667,,126.4182234210823,,52.075276182525734,148.98808822172774,158.69063601302034,167.56497042840493,151.95184061165844
1917,63.9,,127.14433102189675,,50.66506168297624,152.611046065288,156.7906989018131,166.08760356204667,148.66966116034217
1918,63.93333333333333,,127.17310916400088,,48.53128759073474,149.87701744151417,157.89573706813113,166.82325201052373,150.42723643665286
1919,63.96666666666667,,127.04138590718662,,49.23428060037751,150.39649035238276,157.5794746036615,167.57418762617,150.03241475396888
1920,64.0,,128.52884504869334,,46.8224116546593,152.42157917260482,159.29327804809301,166.82552196997548,151.79194491863802
1921,64.03333333333333,,128.91286970615917,,47.04837606642815,149.75765054590212,158.9202941642942,166.81130937696975,151.70609631973124
1922,64.06666666666666,,129.42288339463875,,44.53090656889492,149.1959786912422,157.4825622301732,166.01672424014535,152.26630075922162
1923,64.1,,129.27327449832433,,42.482252797577246,153.98192361101593,157.42476360623206,163.91751344601354,151.5638364258747
1924,64.13333333333334,,128.94116719751307,,43.98105739851243,149.95153518227204,159.0612562406387,166.42936613154905,152.12903633282917
1925,64.16666666666667,,128.48017556181904,,43.52705291533973,150.7949558140976,157.7571674655486,165.9544494520926,151.1103451215228
1926,64.2,,128.3373635260998,,42.626895529111486,155.13987531909595,164.01687786315406,167.5061866459635,155.85801006575002
1927,64.23333333333333,,128.00177377389304,,43.34497046721239,154.57032404763652,165.04833508282144,168.7678816095582,160.4465174969302
1928,64.26666666666667,,127.78638354365388,,44.28606525608245,157.1329910328928,166.759900247018,169.66334658331496,160.26283757046227
1929,64.3,,127.58777210162285,,44.21316831977161,155.83048276022683,164.6656706675604,168.31979918600015,158.33345327535588
1930,64.33333333333333,,126.03811129055154,,48.93164028421323,158.61999925205797,165.9493061185739,168.40838673781406,159.31294659122437
1931,64.36666666666666,,126.81037200665784,,48.332815771169024,158.84377873446334,163.10863394321976,167.92177315399687,158.37084987430052
1932,64.4,,124.40772725471632,,50.12002243078454,160.343881097549,164.53797188244732,168.4274228471516,160.25328524200245
1933,64.43333333333334,,124.84996151908372,,50.142898210045,159.9825776030634,160.9951358656283,168.40959522000094,157.4492646337824
1934,64.46666666666667,,125.17151524339404,,49.725276857138944,155.12863499302247,155.10361866445209,167.51830034346068,152.53074247877007
1935,64.5,,125.56061972844577,,48.53341757468039,156.29826730579288,154.81441054775541,168.72196646321083,152.62054791233032
1936,64.53333333333333,,124.56406472897343,,49.53679798404091,155.10671502932016,155.11315495064602,169.1787584245793,153.28685171167456
1937,64.56666666666666,,125.07461972086213,,49.50369364823842,158.29515800729905,153.05123573034737,168.857095894044,152.4261277311373
1938,64.6,,124.27572278486392,,50.169150862366614,153.95623183148612,151.58985077596583,166.58784707809073,150.04688035228156
1939,64.63333333333334,,127.1555390305195,,44.94254597314436,158.63080253745306,154.01717828757108,164.2419444826271,149.5125008244828
1940,64.66666666666667,,127.47514900288004,,44.21023952601682,146.79686565165687,141.99953305878662,161.50107564274137,140.08571560978604
1941,64.7,,127.30446113783306,,44.78051566263254,152.14563731409694,145.9194605475346,163.04462733842558,142.53307266456505
1942,64.73333333333333,,127.05174254246953,,44.71871910938797,158.72237787545075,149.01443647918495,161.80077675604437,143.74913335368183
1943,64.76666666666667,,126.76483888518788,,45.64774455766551,151.35004418115815,150.68266650060886,163.92102348032782,147.0375310214275
1944,64.8,,126.79037847269599,,45.468957669989095,150.0509586460081,152.2603895106885,167.29970903789123,145.31289221785997
1945,64.83333333333333,,127.06251521559385,,44.069714445212014,152.48525853486083,157.5928135505075,166.04498943627772,149.75269805239418
1946,64.86666666666666,,126.42852615391799,,47.733548429820814,152.5462125733479,158.45985165565494,166.25359498375943,150.4397280298432
1947,64.9,,127.12613294898877,,46.68621904492947,151.26412540384092,158.31848604837953,166.3844922751819,150.1991640913051
1948,64.93333333333334,,128.045229516712,,43.759581495721775,149.7345873742444,157.29264424596096,165.50137975619444,150.2513464389395
1949,64.96666666666667,,128.4196258220573,,43.72453153107263,149.22286252831887,157.32331675488433,165.55446501108344,149.99505280754533
1950,65.0,,128.33742175998995,,44.01201314548507,150.7047894222078,160.17220782433193,164.85802356630828,152.0923829738246
1951,65.03333333333333,,128.28277268757932,,44.24003546950871,149.66788005179706,160.46739704220542,163.61670376947143,151.56069449336005
1952,65.06666666666666,,128.48096493185707,,44.67787692930563,148.3456153818041,157.68071513120262,160.6734366827834,147.26400943014076
1953,65.1,,128.7700706714543,,44.586495844567956,148.62564178903014,157.7775923791217,161.56223637694632,147.0066865806225
1954,65.13333333333334,,129.0487718063255,,45.20164111321007,147.01306419958507,156.86549591931572,162.31646675691226,145.61211313923636
1955,65.16666666666667,,127.94914877325684,,46.920271290541095,148.27276594930944,158.65375662929134,164.69978536870454,148.0047542599442
1956,65.2,,128.70528004530243,,46.18581680084076,148.96912643380873,156.80954763998585,164.90392571155965,147.797535451121
1957,65.23333333333333,,128.7401629161973,,45.705274614718626,153.34309799619015,157.97967880493252,165.51707100742522,149.34165877171398
1958,65.26666666666667,,128.75330113046724,,45.33442655826394,157.39199550591394,156.58768409541238,165.41930392538367,151.92389761514718
1959,65.3,,128.61203273473222,,46.11814526238077,150.04193256795892,150.43072730001563,163.17501763793243,145.98053109674146
1960,65.33333333333333,,128.31678841345766,,46.821652184762506,156.238309424621,152.66672742679734,165.7192853401017,147.68874430282952
1961,65.36666666666666,,128.5179877524994,,47.44822824837288,152.13787352361365,152.6478383444058,167.0434031440792,146.18681644472667
1962,65.4,,128.00201800793045,,48.17492397947663,156.23920310206094,156.60228957989017,168.36047060337265,150.00167222457108
1963,65.43333333333334,,129.48644371606204,,48.47654359345356,154.71215649687053,153.69020965510106,168.87569784918372,152.07181700861335
1964,65.46666666666667,,128.6799174245003,,48.88181741167312,153.9826572195825,152.2070742541711,168.61348352412722,149.48630386654193
1965,65.5,,127.59904030689263,,49.43851777921692,153.75241716593615,152.6784987891243,168.26052283751557,149.11910550516427
1966,65.53333333333333,,126.98699745501492,,49.82963988156725,154.4592575272922,156.73036695771287,168.5304688611868,151.09940016375222
1967,65.56666666666666,,125.08854122414952,,50.936332841008486,150.84210679384262,155.203453769732,168.09217523531814,150.9846847535187
1968,65.6,,126.71693885131732,,50.29596490787878,156.2271115546388,161.36563079865303,167.89553526786278,155.09382838379648
1969,65.63333333333334,,127.12494199863504,,49.90327787880553,156.67411245967938,157.290076639084,167.3450863408904,148.05881071270898
1970,65.66666666666667,,127.24651334841649,,49.82465467583258,158.0827609153942,156.82877648260148,167.85986125949012,150.47848541080796
1971,65.7,,126.64501868988181,,49.929109209700655,154.95724827012518,152.60212238647782,167.4150327389075,148.17430983524878
1972,65.73333333333333,,125.50634326316143,,50.122387510913455,152.44897175244674,151.11215312776307,168.34272612711302,147.2395437301013
1973,65.76666666666667,,125.57496929870584,,50.09364285214192,153.12146543990158,150.61493234474486,168.49258121295512,146.4512150688651
1974,65.8,,127.00106641925709,,48.96951953672253,155.53576152017905,159.6585250087912,168.90416406241917,152.52430878113074
1975,65.83333333333333,,125.33835036401686,,50.65072355634813,153.14390138919325,156.27821854475897,169.05324617046003,150.72876897779244
1976,65.86666666666666,,125.70253787012426,,50.889361097982686,152.73312924075776,155.2315170171826,168.91646614830128,150.68419140787952
1977,65.9,,125.72759145474289,,50.84357784666267,157.04432958728856,160.0086502743148,168.2847952633891,154.0062226589911
1978,65.93333333333334,,125.6372504416372,,50.387352355440605,149.1735942445453,152.52854755354798,167.47419604278394,146.62855683493638
1979,65.96666666666667,,125.48583727833731,,49.84828498718832,156.5536393531897,162.44457297836456,165.97187153551326,153.5310288707317
1980,66.0,,125.5379301681696,,50.19891340301737,155.01567929824273,153.63560811142634,167.2542597277221,147.8329402955701
1981,66.03333333333333,,125.31967263327093,,50.713551966380706,156.07475294878626,156.8183224092574,168.45504151754074,151.3511683721506
1982,66.06666666666666,,126.38019131159211,,48.495176695914104,155.12960107107853,156.21246407670898,167.9117158468901,149.55145705217828
1983,66.1,,125.61834838989103,,49.24600231524097,157.76710984038516,156.35074053235513,168.47935845071788,151.06362404541133
1984,66.13333333333334,,125.83950862537007,,49.16742817836143,150.6314826946473,149.74711943974398,167.69084816428764,144.6136570742577
1985,66.16666666666667,,126.06283164019247,,48.6665257664427,155.6269826710178,156.35482599549815,165.78762955609645,148.48905945057066
1986,66.2,,126.01183471569284,,48.79007538530673,154.65538086508445,148.21952922974043,167.5202306671059,146.18016596793254
1987,66.23333333333333,,127.18104658242541,,47.227761660630854,149.94919041623206,147.63254993142647,167.46134790813994,141.64056851371407
1988,66.26666666666667,,126.58562440966462,,47.77369041659795,151.75054400620104,146.97750966086883,168.68511428330518,142.0893693887081
1989,66.3,,126.76131685556422,,47.942817505423406,153.75304859952575,147.9929857874023,170.0125738721244,142.87148131564143
1990,66.33333333333333,,126.98444792428056,,48.34398725607656,149.66952966353517,147.38822280980585,169.04229680229383,141.52083817870005
1991,66.36666666666666,,126.97216116456194,,47.790889033762355,150.8621602380953,143.26848152934733,168.79447372882052,138.81746591402228
1992,66.4,,127.23653656634444,,46.33583711927727,150.28090297865492,144.69710234223166,168.6329164527497,139.4344316108236
1993,66.43333333333334,,126.99995400972497,,46.70488604846058,154.85628677726945,152.81977437695093,169.83566970843594,146.64354335649847
1994,66.46666666666667,,127.18251998964708,,46.56633256508659,153.61884032364514,147.99849180892448,168.66389121631116,143.616448257044
1995,66.5,,127.90565964442423,,47.09285806976326,152.734300649891,146.72761317782968,168.46856523125493,143.80677136083844
1996,66.53333333333333,,127.78470824009894,,46.98673243422526,149.48566396629988,144.39642036151395,168.19095753975463,140.1514954110426
1997,66.56666666666666,,128.1194478074191,,46.67122873616773,151.12948049219597,149.0239598738802,171.01808502054564,143.81359775650412
1998,66.6,,128.1862049124446,,44.184456914800016,150.4606970011629,146.98957582786693,166.81401281436123,141.0709655251719
1999,66.63333333333334,,128.09128226646314,,44.55431114763068,154.97624679785156,151.6298232987056,169.26693499187212,145.4576158730891
2000,66.66666666666667,,128.39353696810878,,45.06320871799749,156.65023810639437,151.08135672344036,166.73288965952406,144.87618951579879
2001,66.7,,128.34087546577663,,43.45637543813953,155.04604505791397,147.88476808068418,162.990893256073,142.27572164293647
2002,66.73333333333333,,128.2942967558094,,43.014322982758294,155.65381047608975,148.43006770820534,163.8537705916277,140.92050262231146
2003,66.76666666666667,,128.23294384332175,,43.177932625166115,156.66043510068744,145.8649417453579,162.71470605844607,139.49139673966292
2004,66.8,,128.695554406449,,43.61596791003837,156.01466030231023,146.40521090206434,162.14025184672244,139.09343289193106
2005,66.83333333333333,,128.55152014181348,,43.94830792818726,156.1690633420794,146.46003390792822,162.0547033356546,138.4342681724621
2006,66.86666666666666,,128.86987432453233,,42.966483736146316,157.81813708372866,153.10283676617286,161.383853787258,140.85042330248294
2007,66.9,,128.63571926992734,,44.40701416382715,154.134108024496,151.5256765416626,162.88938121028386,139.3166069626252
2008,66.93333333333334,,128.55460952868413,,44.65131293965488,153.4744824308047,146.7936589617023,160.96241789198265,134.0286150484196
2009,66.96666666666667,,128.3857981073688,,45.70186039317687,151.3213244603655,139.8855412236651,160.09014594830535,127.50436388547271
2010,67.0,,128.39341201488685,,47.46230087172474,148.15443710340867,136.46034827300096,160.76460601309861,125.12349079982647
2011,67.03333333333333,,129.1854111601008,,45.749433165640255,143.8401981092842,131.2912171577896,161.6314556361193,124.51590353688658
2012,67.06666666666666,,129.93713890558502,,45.30358793048777,140.54218133948882,136.55150159516924,160.40462538025216,128.71732877722664
2013,67.1,,130.63414279198997,,45.38058089986616,135.40119353052748,135.40656920315158,160.67939797069891,123.66880067270546
2014,67.13333333333334,,130.98100761419357,,42.62974653741582,133.99550506616444,138.67157094322542,159.91320761217875,125.61757057878893
2015,67.16666666666667,,130.91898618749133,,42.63560929917568,131.24159111994388,136.4961001900926,160.91945552653448,123.05982488167153
2016,67.2,,131.56428781967665,,43.47542304872358,131.01223513047444,134.27745220111782,159.39408979425303,123.56760170931423
2017,67.23333333333333,,130.30630496540672,,40.95495583909293,127.23731138231395,134.4633937336745,154.9916836810874,123.7059251345894
2018,67.26666666666667,,130.2714659368514,,41.4434215948937,122.4029383535479,135.12735614932143,158.1907129376781,124.85702574832473
2019,67.3,,130.59195542976371,,41.3060247652871,120.9018215877316,135.00655785640214,155.6649144929038,122.79307114541186
2020,67.33333333333333,,130.70353981255366,,41.7900887975556,118.4981292993508,135.69707949753766,162.91151402741207,125.29404550440837
2021,67.36666666666666,,130.0348932436316,,44.54333919301994,120.87258655063499,132.46887857300868,162.23913638906888,122.9556351451367
2022,67.4,,129.72493001507448,,42.64550564954885,120.88850084458369,133.58336347480648,161.58773105759977,125.12648888324956
2023,67.43333333333334,,129.6337451349261,,41.317572660808224,119.92275029369074,132.70888422538252,163.3987029339212,127.38603780847549
2024,67.46666666666667,,129.91487382831315,,40.987400590727006,120.52537796370656,131.18308166865864,164.14881777837698,128.60173688227886
2025,67.5,,130.20040844794872,,43.68161214763281,121.49979460592208,127.344682650078,164.41301755751059,126.41160489159613
2026,67.53333333333333,,130.38890795598857,,43.50591225707017,121.88902952185269,128.3039742074035,164.0257334196592,127.38231573031155
2027,67.56666666666666,,129.9103320807274,,43.65265611141878,123.0455299407473,129.0763005241097,161.68667555434615,127.52545831016091
2028,67.6,,130.37312673916512,,39.752408090363055,123.33142305727876,132.779524537235,,132.86899055451883
2029,67.63333333333334,,130.66996694375538,,39.953434552449906,124.96257968545457,133.8221331071507,,132.843604804104
2030,67.66666666666667,,130.2794930656183,,41.60888393956096,125.02230527786311,132.60225677052802,,130.01110893040257
2031,67.7,,129.80854265562226,,41.15108088883938,124.55502167505942,133.05545785345836,,129.83473203557327
2032,67.73333333333333,,129.5825303289039,,42.12886098201221,122.4147712983924,132.6182577171899,,128.23830325478605
2033,67.76666666666667,,127.85156311779791,,40.394941249322294,130.73084826011748,134.55282648160215,,130.2534241823539
2034,67.8,,128.11873560855676,,39.80962840934126,126.82953235855935,136.4882001663672,,129.67217994598877
2035,67.83333333333333,,128.6852234299034,,39.647295924637966,130.30566488946596,135.4459610249931,,130.2362443393432
2036,67.86666666666666,,128.7115209052378,,39.939975967012664,127.90714606381839,134.83593735986855,,127.33449834658778
2037,67.9,,128.84070479871005,,40.18032986516229,128.2298564808066,134.4570336424868,,129.32170984836836
2038,67.93333333333334,,128.79672416996098,,40.412646527694946,122.00980634129523,136.29133516859366,,128.14236767474796
2039,67.96666666666667,,129.1959579316936,,39.188662136899715,125.8367898707205,139.0316466777888,164.23482862641126,129.2674418441231
2040,68.0,,129.5931080763053,,42.47931275543261,126.0836343398901,138.88851958030875,163.90201005138726,127.72148229259355
2041,68.03333333333333,,129.62574406554978,,41.78433166120485,128.51621624085894,139.7485511047201,160.34101036095473,127.78976023339995
2042,68.06666666666666,,129.03082286385322,,42.34983179526435,131.41758472117823,139.7132466785691,161.08716784302283,124.45411289902441
2043,68.1,,128.9646514152055,,42.29862182579001,133.55543180084135,141.6036518547554,158.0677752665395,126.60731532801239
2044,68.13333333333334,,128.87750303732903,,42.56815456294179,137.5736812278036,143.21014684710215,159.03453681599282,129.83444028158692
2045,68.16666666666667,,128.44516155080828,,39.57914858429568,143.51008646417628,148.46425404409928,154.4133268990727,134.92598331994998
2046,68.2,,128.42997445045836,,40.49836084292878,144.3594981121081,147.06312911639765,157.56564531542043,133.11030699310936
2047,68.23333333333333,,128.527964987169,,41.322619963066686,147.00670154280812,147.75032037950714,158.11678934545836,134.62710897504036
2048,68.26666666666667,,128.65522649576536,,43.411362965992055,147.31484904021403,147.8235293028132,159.61254599943751,135.91128029593685
2049,68.3,,128.580049099881,,43.613938911589635,149.6671801370209,150.9155771631998,159.7082651550286,138.5836737599583
2050,68.33333333333333,,128.2857350107749,,45.55838149450077,149.89503284690326,154.18881736686743,163.1075399122963,143.98866803745975
2051,68.36666666666666,,128.1397952994382,,44.826663478133995,150.43498543790508,154.67557981696334,163.41474959711667,143.5879902719875
2052,68.4,,129.37671009262388,,48.16708404344873,149.29380856702804,152.8906954195618,164.95225445177832,142.96457154426963
2053,68.43333333333334,,130.30406792313144,,46.565855711726826,152.4224708574461,159.20464875026582,168.2757638734701,149.18799378554237
2054,68.46666666666667,,131.3720637858751,,46.59297317244303,152.09310079446277,158.66819559026737,168.20857921907472,148.7271148150926
2055,68.5,,132.81078587531096,,46.27146806287723,152.06519029472554,156.74472683777103,166.6586679140236,147.26204002481296
2056,68.53333333333333,,133.35872487042096,,46.09374772599784,153.23781494779635,158.88858939702195,167.21833343210045,149.2402425607401
2057,68.56666666666666,,133.24132472055558,,44.07179162026137,153.73908193831514,157.9605323869738,166.83402558272297,149.2279426634331
2058,68.6,,132.60699317416967,,44.19562862980059,154.0682057944356,156.57172290081508,166.84702665198395,147.18244620278816
2059,68.63333333333334,,132.1865844905629,,45.847776654122384,156.4081382434341,161.88747666505995,169.03401240425873,152.04991365976204
2060,68.66666666666667,,132.48545454740113,,46.0144922009928,156.17104119082666,161.88011759150237,168.25687768227635,152.7474754050469
2061,68.7,,132.8769337537491,,45.18441681510835,156.9088303676088,163.65187981929085,168.62614595611157,153.96060799062369
2062,68.73333333333333,,133.0923529305414,,45.39888868551178,156.12969745126867,161.37298097454374,167.0024376993292,152.0248245947282
2063,68.76666666666667,,133.3842128145428,,43.95717431482789,154.98059988875036,162.84476055228646,169.73517666321203,152.36409300388755
2064,68.8,,133.29516865977732,,41.28524154719483,151.3122598095672,160.37628841110433,169.96783704234173,153.73973482063005
2065,68.83333333333333,,131.20019775506574,,44.57734986862222,145.2411126226595,149.91285497829034,166.5502291596002,143.6726257869511
2066,68.86666666666666,,130.98508466863143,,45.48031065207462,147.84325193652091,151.94083879505018,173.00319017304915,143.7946602262752
2067,68.9,,130.2758197850964,,47.1437342052589,149.00431069381614,151.47181830024553,170.20783064775964,146.8635715694776
2068,68.93333333333334,,130.4049310764195,,45.48294919792041,148.51414568673718,152.63211677106332,168.07530884187767,146.04424049108815
2069,68.96666666666667,,131.33247994019578,,43.25110162858262,148.7168957766202,153.6350854355424,168.97710454708266,147.7194301047439
2070,69.0,,130.99230440528345,,43.96481623379805,145.00192349945405,148.736431042187,169.00333566945383,142.72159541315955
2071,69.03333333333333,,131.00353407305548,,43.91648207540047,147.21634100902713,150.3666842802507,168.69414499078445,144.1321844778204
2072,69.06666666666666,,130.94823650366902,,43.42573405196951,146.32381608992063,150.91911244802287,170.0399781227676,143.64233776510068
2073,69.1,,131.46479322869055,,42.08844419460859,146.02955030386522,149.01037065066802,168.56218904926362,144.37362013826893
2074,69.13333333333334,,129.43331442182998,,44.93456288086507,147.3652393261015,146.58554966168325,167.34508253382447,143.37605921077684
2075,69.16666666666667,,129.39924582835485,,45.048025028335886,147.4806807119739,147.81773811389957,167.76250808333106,143.78346390454703
2076,69.2,,130.10097670017146,,44.52729828577349,147.4508620583797,148.64364288940516,166.3710085773161,144.21415349469777
2077,69.23333333333333,,128.30729988247484,,47.93140143084368,146.79206238724646,151.62687527675507,168.36291904409984,146.55397219057542
2078,69.26666666666667,,128.95219003795455,,47.04942629573635,148.26052821094788,153.16233447476802,171.98074304406174,148.73215577752086
2079,69.3,,127.85018275346853,,48.693822212290534,149.8773260363169,154.8479177773347,171.22835122230683,150.36851987137166
2080,69.33333333333333,,128.330902602984,,47.78614178165479,149.95687126505075,155.06676541181835,171.6115619700676,150.67856065770388
2081,69.36666666666666,,127.7494070553207,,47.47121386943109,150.48453785046567,153.16235943477005,170.069351535726,148.48023040655028
2082,69.4,,127.5917549217889,,48.70126928372424,150.33756764688906,152.6311767549332,169.77430201667394,148.28370994618058
2083,69.43333333333334,,127.38896687068241,,48.55607389046905,150.2878772759898,150.7334129871327,167.7882341565933,145.8067701527269
2084,69.46666666666667,,127.91402354850209,,48.37401419092104,150.29657730075544,149.21685953718926,167.8402621336111,145.13319490569668
2085,69.5,,128.42018547790934,,48.4107133433191,150.36304641373815,150.4191807672107,168.274766658158,146.15905138006184
2086,69.53333333333333,,129.39653065410667,,47.70936817008925,152.38643620806138,149.23442474194133,168.70424553506214,146.76748837135563
2087,69.56666666666666,,129.97903522374833,,47.83065344817311,152.09638476715838,150.32624500906564,169.72692152536504,149.06341424874233
2088,69.6,,128.69854317987517,,47.9753717544903,152.39943157785285,149.25486280604136,169.50629775900674,146.30813946176693
2089,69.63333333333334,,128.43440415090973,,48.24346967706353,154.27948133238027,154.6052202025406,171.4877970274708,150.37321129939778
2090,69.66666666666667,,128.6470939501614,,48.244689896372684,152.0351050247687,148.3093057148598,166.27477170577737,144.45218237947222
2091,69.7,,128.3354352174105,,49.62770288942117,154.6068165841725,158.93753065576936,171.94112591677094,152.48624725454076
2092,69.73333333333333,,129.11174339149918,,49.55189640536524,153.4628390622991,154.67667223825285,169.20182240829095,148.84073193205873
2093,69.76666666666667,,130.06642204709757,,45.998655262270496,154.14004300979846,157.7401909947311,168.50570987017832,149.29348050594524
2094,69.8,,130.3111645950226,,46.40259506421782,153.94630454893954,155.57366493860903,167.82368108500083,147.81418692425675
2095,69.83333333333333,,130.5168952208832,,48.02602769148595,150.84309753557827,154.64451949229758,168.51520226449165,148.4255519959059
2096,69.86666666666666,,130.81971200739835,,48.445350870971154,150.17832601774217,152.35047523213734,166.1592690529754,145.261292335234
2097,69.9,,132.67419216357368,,46.01747803993011,149.7762364222837,146.5568897955022,163.9338513829701,139.25268021781545
2098,69.93333333333334,,131.68942926404233,,46.965690780209734,146.06248355204897,141.32392005112072,161.63880042299678,130.31721849073267
2099,69.96666666666667,,132.32879173645958,,46.63867684169857,146.49919463087656,143.18707680869124,162.7753562028003,133.72153080266713
2100,70.0,,131.70248517209836,,40.77891116722333,142.07735043412944,142.59012706749093,163.33748889970093,134.02041303669495
2101,70.03333333333333,,130.17465169083854,,40.92473127699033,142.75727082309336,135.36498721220545,158.05842533758494,128.82635435242767
2102,70.06666666666666,,130.4037423310865,,41.26974296633284,137.80768725931915,133.69142026809294,157.9873834793995,121.93240943825096
2103,70.1,,129.70108391981424,,38.77594441422047,137.58986532897694,135.26381897322747,157.0008530185942,126.2224863678831
2104,70.13333333333334,,129.86534825386593,,39.91092279705164,133.38935815723784,133.50240900973475,158.76606660255305,123.35542270029313
2105,70.16666666666667,,129.04030196144225,,37.959734129103616,137.44945631257858,139.37965641257787,156.3981698305719,130.0231646259644
2106,70.2,,127.54567175834846,,40.45271433877692,127.3317814781417,133.2830379629188,163.26835431687468,124.40511699474199
2107,70.23333333333333,,127.18919177192527,,43.91643799563086,125.47109526811789,132.58276358516753,166.6712648405896,125.5886732827668
2108,70.26666666666667,,128.15573056855308,,42.257898470943836,123.45769556966977,132.39004518014247,166.13449911456146,125.03392310924953
2109,70.3,,128.1005262185587,,45.61514515425327,134.71398929717085,134.27377483820675,156.01011160045675,128.67123393601779
2110,70.33333333333333,,128.45943496047582,,44.64301392167537,129.66857740501763,132.26340790187638,157.56718019911776,127.79889080912285
2111,70.36666666666666,,128.88385351546737,,41.29897528079411,127.91224904041171,134.50324361225515,153.33093200724846,128.34581846041038
2112,70.4,,129.29701356081094,,41.61376696052174,125.97421638906019,136.40256734591344,158.19843593760237,132.49310342441268
2113,70.43333333333334,,129.0001642385033,,43.193161429216126,127.76327235360725,140.3931252084714,155.3489317313184,135.02953909522503
2114,70.46666666666667,,128.97159836623982,,43.334984183350684,123.98984897505638,139.63892421653674,158.58656626351245,134.58132098587842
2115,70.5,,129.62248973161923,,43.254952957279556,120.98001402749675,137.99119926488567,161.31051725364935,133.2815240771126
2116,70.53333333333333,,130.2259723485581,,42.589964875719694,121.05914779041264,139.39177946762888,161.51536995461964,133.92016838411263
2117,70.56666666666666,,130.21044330540977,,43.035446336433765,120.1964509275953,135.88571565363583,,133.18148870493295
2118,70.6,,130.37943483874312,,43.68419646548356,123.50117846691685,133.29146597874993,,132.57266159676755
2119,70.63333333333334,,130.32073355388357,,41.68906749198954,118.14077345779684,132.20732602889427,,129.53412836887279
2120,70.66666666666667,,130.80499727541047,,44.400495057711986,139.35643752679906,131.49278651537912,,129.69014012984096
2121,70.7,,130.8592323421074,,42.50773055005415,122.47426662609243,132.45434199530553,,130.7403715063448
2122,70.73333333333333,,130.96904422451559,,42.30728951781168,120.32205161901109,134.19636719739236,,130.77675246320166
2123,70.76666666666667,,130.67893975702597,,41.78515445736645,124.10215458108732,135.09796661583238,,130.1044802581915
2124,70.8,,129.8984899669395,,41.65835836099439,121.21189313537104,132.00536768113275,,126.17582398941659
2125,70.83333333333333,,130.07787708029284,,41.04424287716906,129.78454218033247,137.68479987328686,167.80318262887448,130.43723024076058
2126,70.86666666666666,,129.80762313775426,,38.22753888402748,128.59613073816269,139.13458584771894,161.0351538210265,129.45925834269383
2127,70.9,,130.07560474299476,,41.35696232586328,130.46208120269324,140.14035804143575,161.2269333558062,125.44070213689074
2128,70.93333333333334,,131.1781015680519,,41.35173041245862,134.1509578842881,139.8598714617304,161.2178221273135,124.81058139161514
2129,70.96666666666667,,130.84706587244645,,40.40936696540447,136.1806915419615,139.6831340794315,161.4143249767865,126.91965655231526
2130,71.0,,130.753774113433,,40.179814819313805,138.44450972124113,140.106092969009,161.14694246261422,127.90049163885651
2131,71.03333333333333,,130.37573708432635,,41.1569298628558,145.46025759580485,140.6750347622769,160.8257450039748,128.92556621194845
2132,71.06666666666666,,131.02180738078067,,42.33318259079526,148.63031102614653,148.75735830874416,162.5166063543811,138.86983043617505
2133,71.1,,130.29068285979997,,45.872829593700494,149.0478532927562,153.83135527623304,163.59098083609464,142.36062625155768
2134,71.13333333333334,,132.98743282830395,,44.73792560428834,156.6310120806988,162.3616958254439,163.3039274295759,150.6299649345467
2135,71.16666666666667,,131.36508156306158,,43.871571676395604,158.8646830787035,157.1375532248175,161.644825845581,145.83622034671436
2136,71.2,,132.35114525463845,,44.669036400252445,155.58532505366304,154.92734299748253,164.37031084016937,146.03960375555855
2137,71.23333333333333,,132.67932955784391,,44.859076414500606,153.35718507688674,155.59049758972984,164.95879049012265,146.76982564202845
2138,71.26666666666667,,132.98921530198064,,44.7011661568666,154.1931926854341,157.1228868100165,165.41037376369542,147.82814762104195
2139,71.3,,132.66932479696973,,44.53126330738032,154.9225124793732,155.77592290307035,165.04958052160742,146.34067668732564
2140,71.33333333333333,,132.06156854930654,,45.643862794187086,154.38133827542023,154.2671406048786,164.0583285912266,145.2005727884625
2141,71.36666666666666,,132.897019676636,,42.39238310675293,151.0751192816169,157.18403440133727,165.11422116861345,149.9200010626612
2142,71.4,,132.78669614104558,,42.647167066814475,151.50363369696407,157.78077189655525,168.5658812708027,151.14761711410992
2143,71.43333333333334,,132.9771358480769,,42.12009944988802,151.0280397921075,154.58145550648504,166.96662466281785,150.51993346922282
2144,71.46666666666667,,131.56600228228015,,45.63953351720224,147.91011795958747,147.41126967719435,167.42144103591127,145.1696574117382
2145,71.5,,131.6312048938711,,45.26940593065053,148.5903296973383,148.5612309559484,167.91951581630212,145.3261528227734
2146,71.53333333333333,,130.87382600120938,,44.453306562131175,149.59269313285475,145.81790203190127,168.81188843273736,145.23486952630023
2147,71.56666666666666,,131.10418495125975,,44.52904680672758,149.89217116004684,147.13131017367036,168.73340195319327,148.15447356966968
2148,71.6,,131.5942216172684,,43.83265347569801,148.92819078349655,145.56569074887474,168.43534037297255,144.89401049858344
2149,71.63333333333334,,131.528065386922,,43.965502771010385,150.69077951536653,146.63690182414246,167.80426147275855,144.18512964766467
2150,71.66666666666667,,131.7098851644832,,43.873506469184846,150.12301472339797,146.65048997580607,167.01580454591752,143.91372933071708
2151,71.7,,130.7229137171931,,45.02137272588269,150.287656359606,146.58200086324953,168.18187847604418,144.75429851331884
2152,71.73333333333333,,131.04377973815778,,44.922211077893465,151.84835903571195,149.60814054782264,169.24833675326815,147.4032787702122
2153,71.76666666666667,,131.0001127231119,,45.152887490211654,150.81105211258043,149.79997200237364,168.73595699685146,148.10041430486854
2154,71.8,,131.27231289387058,,45.08181211789116,151.18506863433979,149.68136935427827,167.96016058630403,148.0871130744165
2155,71.83333333333333,,131.55565846208364,,44.27174728954116,151.42220943706997,151.3836189538057,168.77658022721843,149.5120421012583
2156,71.86666666666666,,131.9870987424046,,43.848706604240334,151.4543118191717,150.06293783282564,168.22740183082834,148.50896022786984
2157,71.9,,131.57739524044345,,43.763233749572386,150.2929390491578,149.84238939995967,168.37025708558596,148.4814470841962
2158,71.93333333333334,,131.52271720172337,,43.94454828149343,151.11045601436078,148.48041667719215,168.01787550131596,147.80797631793337
2159,71.96666666666667,,131.52202170077123,,44.24124937666613,149.56012345894615,146.9957723579131,168.11613320016912,145.79374801200987
2160,72.0,,130.86515910665395,,45.631776372199134,147.21446468794147,145.72772738434202,167.15912645531833,144.13083189612175
2161,72.03333333333333,,130.16200038628057,,46.312936631668656,147.36119697186123,146.4304148038931,168.09631112675854,144.37898249486884
2162,72.06666666666666,,130.3267541314791,,46.052934087727444,147.0735684865095,148.0526773678151,168.45260557802015,145.35561474203976
2163,72.1,,131.80967757285248,,44.09498884037897,144.61261205490126,143.51420052635208,166.16230248710173,141.8882236591916
2164,72.13333333333334,,131.59288664277938,,43.73191766095134,148.55070855342916,152.23798448594246,170.76270960236033,149.36807694210538
2165,72.16666666666667,,132.75867958505046,,42.16102732778692,148.54135853422557,151.90014351011044,169.14326660756373,149.9811712017052
2166,72.2,,133.4014897073381,,42.382927765904455,149.2524618527604,149.59317139772273,168.9088980179469,148.38226672675162
2167,72.23333333333333,,132.4371136741082,,43.81918158773004,146.0424667850662,146.05134899047096,167.00701191272472,144.67863423218085
2168,72.26666666666667,,132.51388449611125,,43.81069128413481,147.70946055247086,144.69037980484538,164.3524380349312,142.50034473401843
2169,72.3,,132.20340923677801,,45.2858765108167,148.1722278757173,149.1303722902465,166.5840958743285,142.5679938452711
2170,72.33333333333333,,130.74901190768716,,47.17208169904168,151.16657632620996,149.12891251081092,167.27649682340189,141.360811448992
2171,72.36666666666666,,131.50213067996722,,46.430198970535606,152.60935386305044,155.140894746227,166.74132917053117,146.49910752953645
2172,72.4,,131.4038594409156,,46.78111989874263,152.75295810198992,152.96606672204223,165.51849846110588,143.71002554733604
2173,72.43333333333334,,132.84962400360644,,42.56018032734769,153.27807835502955,151.66943229276012,164.6264908319851,143.52822267011373
2174,72.46666666666667,,133.39905666747535,,42.31863707202386,151.93917769016153,149.96409141685615,163.9287448469238,140.53495502653172
2175,72.5,,133.51372606007632,,43.95187003217937,144.10770585998824,142.5381214451606,163.73770575691455,134.14545032274367
2176,72.53333333333333,,133.02828482745844,,45.059056182534675,142.87926359267107,137.33215216995094,157.7383104564364,127.65496143043168
2177,72.56666666666666,,133.51242104260174,,39.79318106605676,139.10243289177816,138.17621984207068,159.75887762687276,130.65395519650474
2178,72.6,,132.7701530292903,,39.917040803911384,134.46149003807344,139.10110800865735,160.1000071521974,128.85916777021333
2179,72.63333333333334,,132.0343660266376,,40.29172418574629,134.69101312846692,138.35458163307823,157.0190555025706,126.36530066214901
2180,72.66666666666667,,130.86671041831337,,38.154098125961916,133.58053159790853,137.44972125334166,158.28977445157147,128.39690414216375
2181,72.7,,129.6931736735817,,39.78715222294376,132.94039567220455,136.3722137996073,158.0458647026256,127.81863478447931
2182,72.73333333333333,,128.71604168120845,,40.40953640826921,129.47547433645136,135.6672357975451,163.40357792598857,129.00891568190676
2183,72.76666666666667,,128.30897969492227,,43.381954391373085,127.26333156000697,132.3642335174267,165.0465719936241,126.12993822084886
2184,72.8,,128.16275185226328,,46.653521893202395,126.98167754222015,133.56793974911085,166.15450970488217,125.07534441605827
2185,72.83333333333333,,128.42618276380296,,49.05768018080107,154.80264516239586,139.218154314201,115.48027176608053,135.8176911908097
2186,72.86666666666666,,127.92024256726941,,53.237457939217,146.4850167925594,136.45020047809848,122.26041212048959,135.4533376737882
2187,72.9,,128.0283974554818,,51.47056403186318,129.9760079538274,136.9191560439094,89.19182502171729,136.36345889356687
2188,72.93333333333334,,129.97845374547734,,47.19802067077397,132.68534891076675,138.68591640294903,85.42541493120801,135.0546325717034
2189,72.96666666666667,,130.30328820810564,,46.460878505354174,123.55042550750319,132.79687135266704,165.1027251394548,129.06186013149306
2190,73.0,,131.1718498652189,,45.06275555832594,131.3496745388903,133.85221683053257,158.13845611648293,131.07509492830116
2191,73.03333333333333,,131.16117583597875,,43.89299190529348,147.9616449026313,137.3918384350407,136.0218069979364,134.66447329106322
2192,73.06666666666666,,130.96046922736224,,44.312350604069124,126.9115040613851,133.67507064164562,162.7482984164171,129.63709630406106
2193,73.1,,130.98099622475263,,46.07528916767772,146.13874980183928,139.832980791455,99.19089391674605,135.76795545681975
2194,73.13333333333334,,130.53869380514783,,46.56368192434803,129.45999929008786,142.84121410765638,77.66694468882328,139.09663636512653
2195,73.16666666666667,,130.70834010927013,,45.49472589182991,115.01807171455799,144.39767894884608,65.33956012158033,141.4135310814242
2196,73.2,,130.76689829833506,,43.892274540008366,123.64997643897382,144.77939640610003,78.84978937440195,139.95485016434094
2197,73.23333333333333,,130.56138804769,,43.38592595247566,128.83620355698372,143.48394192059143,163.104927103018,133.99448626807487
2198,73.26666666666667,,131.90157789360075,,39.10548289239118,132.56619325452186,141.9363887497987,160.46255536062142,129.98137431048565
2199,73.3,,130.88997871916104,,39.16464151281875,135.0226292161772,141.24211710761756,157.56356088700576,129.08775928599056
2200,73.33333333333333,,130.94498548528068,,43.4843883021326,138.0314485140286,139.28543145899638,158.14269713549257,127.73520810939638
2201,73.36666666666666,,130.59327526307268,,44.807985546555926,142.7660866412269,136.43778727898908,157.65048838189853,127.76728309094891
2202,73.4,,132.03289394494865,,43.58340201908697,149.86345776790543,143.77349015170148,157.46686452333054,132.28675169909332
2203,73.43333333333334,,132.9531624593504,,46.62348106317932,149.26720138867458,141.33955411483956,160.1479591732692,132.5035635259076
2204,73.46666666666667,,134.21733418029874,,45.56614110677296,150.75148321705345,144.22794499322688,160.43880408946234,135.0686420079446
2205,73.5,,133.0373923611256,,47.18363202584659,152.62264883450382,149.54851516453087,161.90982016343204,140.69289601724753
2206,73.53333333333333,,132.48389259759946,,46.6639092199941,153.68801466614528,147.09923055687884,159.99986663484458,138.5001680321189
2207,73.56666666666666,,132.50040647899505,,45.997652760318424,154.48876827960876,147.66878571637807,161.45105796615792,138.69105830231757
2208,73.6,,131.31260084262163,,47.9754200557356,152.79428062225836,145.38978838344786,160.52298463645587,138.1725679081386
2209,73.63333333333334,,132.55515093986142,,46.86276933255727,149.07694189875045,145.9271305474308,162.78849586542856,141.8786525360512
2210,73.66666666666667,,133.82411583727068,,44.20735002760654,146.20627935816762,144.50467510560287,162.08033220519323,139.82221669909774
2211,73.7,,134.4317213965116,,43.82466829549006,146.3198122384506,143.37038266460692,162.72217143234886,139.40375125490715
2212,73.73333333333333,,134.283725515036,,43.495052328738744,146.72126690963137,140.60294804000802,161.24368876940324,136.37204782871544
2213,73.76666666666667,,134.4400865064834,,43.11171483230332,146.446026439846,141.90020684442834,161.61830025694132,137.26133645805376
2214,73.8,,134.6086575035892,,42.120686788602576,147.63477849866726,141.36804263558082,159.78381119913294,138.54558178844275
2215,73.83333333333333,,134.6230222272607,,42.00871056576826,144.86453483738626,140.59702804258836,159.6786717232345,137.50942071296322
2216,73.86666666666666,,134.41781194870447,,42.40389517036434,145.17403983873024,139.58999270137699,160.08984005758234,138.05484435586396
2217,73.9,,134.420459871192,,42.62416950787645,144.81635370979916,139.2297213688855,161.1334904107376,138.02255193977777
2218,73.93333333333334,,134.4140737160571,,42.70258327440979,142.95519800718856,139.26025499666613,158.61474998641472,137.05139913714865
2219,73.96666666666667,,133.96888980020856,,44.21386468961838,149.11045587182346,138.23893812608475,158.96575423784338,137.60675414499926
2220,74.0,,133.77578943956954,,43.12596451597072,146.33703345532288,141.6599100891249,159.73463422690546,141.19797448453062
2221,74.03333333333333,,133.90091941637095,,43.28926288742368,141.6726087587371,137.70482467819875,163.2580868975164,138.5622610065672
2222,74.06666666666666,,133.80250946392746,,41.407188270672464,140.7178214233018,139.8103379106241,161.10523953062366,137.53127262218908
2223,74.1,,133.6512056321625,,41.13545612747441,149.3194293882328,141.8182964100683,168.89328832780083,140.51132919553893
2224,74.13333333333334,,132.62448209439944,,42.55107036250606,133.63181115605067,139.84611495771722,163.4976432541626,139.16083291876885
2225,74.16666666666667,,133.2096840607562,,41.39569742525146,149.93065982751284,142.9518304804915,170.07635635945775,142.49504594213587
2226,74.2,,131.87301519889468,,44.7317603431203,142.06321194488908,143.9411142893171,165.9252912423754,142.32836962345425
2227,74.23333333333333,,131.29781957335007,,43.628883905672964,146.58226596733343,144.47176945150304,169.9035394383726,143.81720302301082
2228,74.26666666666667,,132.19579985773592,,45.753303187028386,143.55930782033673,141.3196449687146,164.3932918314276,142.61351118246176
2229,74.3,,131.20901056420936,,45.52264775062403,147.52426105448438,141.9181321052025,171.06413534302473,143.35646398799756
2230,74.33333333333333,,131.04730837457086,,46.349415438651384,145.90381905018376,139.81330060914811,166.7303120413918,141.299891982451
2231,74.36666666666666,,131.33623154572635,,46.10538877835989,142.11990123857814,139.69687635447463,164.68559391895806,139.65897642519812
2232,74.4,,131.75234819932788,,45.6794623650349,144.2397173735318,139.9091133762906,165.62295270270081,139.51196534359448
2233,74.43333333333334,,131.78418802541438,,45.52333691469904,145.59818263933968,140.1506547069178,165.68610034956814,140.13097650197855
2234,74.46666666666667,,132.40986741172847,,45.288423119743726,141.70766440100158,139.46569001420758,161.30108227938055,138.78666103322624
2235,74.5,,132.33784826583152,,45.34527699818653,145.0449580653976,141.95165615714558,166.33085059310193,141.45618653014364
2236,74.53333333333333,,132.35636865519797,,45.77561635401366,138.2180082824569,140.3902796537045,162.52940050561386,138.1774819969767
2237,74.56666666666666,,131.98027142508337,,45.03105651246835,148.31706050271282,151.74385245504354,170.8186690784778,149.6521587972244
2238,74.6,,132.31675862548374,,45.33334125010689,147.82491834711143,148.87712689408335,167.15585187523178,147.10331373622182
2239,74.63333333333334,,131.4262511396559,,47.561561065628524,148.35889077231397,148.71034515796393,165.8954892459834,145.02527054459452
2240,74.66666666666667,,131.36489335719034,,47.60880996121158,152.1807114871688,146.4023291859126,167.09252925585673,141.52140037522264
2241,74.7,,131.29281369651113,,49.66148948458405,147.50302881168278,147.00642685974066,168.5729099992629,140.31710011605992
2242,74.73333333333333,,132.1379279214269,,47.608612921458906,147.55320637720007,145.19913096860563,165.12528114629134,138.64163171905196
2243,74.76666666666667,,134.63830301690172,,46.99546401164817,148.87106880360292,150.33146916120077,164.38681360034693,140.94835581505222
2244,74.8,,135.02615475811558,,46.7631388735474,150.6068755378662,149.43552058123367,163.15485421634688,137.87042909086563
2245,74.83333333333333,,134.19050127907445,,47.41830857123626,147.7675258063547,145.8577453398405,161.51097885397326,134.55533573182544
2246,74.86666666666666,,134.15903351253723,,48.804148659474556,140.78861293360285,141.9922663517179,162.6603161407558,129.64724050180882
2247,74.9,,134.01666900994425,,48.297355048828436,138.70514818336025,135.0580068836618,164.2755840698586,123.92960131420705
2248,74.93333333333334,,131.07627607309482,,50.647753520004734,138.19777024323406,137.0672345474868,163.52959304330219,126.1445348138611
2249,74.96666666666667,,130.45029150635878,,50.92802054105127,135.83022411947428,136.703051849651,161.9353158195521,127.63849217565983
2250,75.0,,127.09675751494026,,53.61000997056584,135.06392570191403,137.01716112899237,162.28718686231363,131.94300578428243
2251,75.03333333333333,,127.44700732162025,,52.37412973347222,133.6447935013109,137.612308584789,165.46022971509205,131.06445036491735
2252,75.06666666666666,,126.6591041480012,,52.107189952786406,133.522760134222,139.6580954327062,164.97780102749985,131.6092123493982
2253,75.1,,126.93912183643444,,51.708331763499174,131.08435411433854,139.18679737107823,167.46138396181038,130.29251436307288
2254,75.13333333333334,,129.3879885200233,,51.691758662917614,127.52463810006583,140.885077222942,167.0741069128553,131.52142446291023
2255,75.16666666666667,,129.18809419800678,,52.557585680843346,129.71156776004213,140.6172898202031,166.65534218928732,130.8309466542423
2256,75.2,,129.99055829491607,,52.07067059786801,127.33926392743028,139.0612635159516,167.43423285514072,131.0908437280766
2257,75.23333333333333,,128.67859077940113,,50.11992051367589,129.9771527555928,140.0609777775133,165.07866023792383,130.39149751319255
2258,75.26666666666667,,128.3965140094744,,49.7631695505663,124.7697258289657,137.26875423295255,168.45310993976835,131.47752926857146
2259,75.3,,126.60297761313072,,52.15448982061627,121.15604439906629,134.70338587384632,170.68160856623348,129.3030345172932
2260,75.33333333333333,,125.92541423921398,,53.327419233927245,118.98893247090194,133.8917492356465,170.7748115366566,129.84465021312167
2261,75.36666666666666,,126.85509485274298,,53.790031803825386,121.13902078181346,137.5810144598686,168.34452777988886,132.63884619181619
2262,75.4,,126.55338053581819,,55.625030746075346,113.19790770385956,147.05076351449523,74.95609596238252,146.07213577957353
2263,75.43333333333334,,128.44285393994215,,54.475725112657365,126.10433261090847,141.90914287708486,160.21375532336424,139.356698598092
2264,75.46666666666667,,127.90738762663396,,54.1346578265689,116.24247854432402,140.28435487300627,171.32134310109242,135.19210179915964
2265,75.5,,128.10313976789615,,54.916036286933256,122.68667739107667,137.85525435661498,166.93037305158657,136.61247285405253
2266,75.53333333333333,,125.31347019559333,,56.66369260427515,142.60269077615817,139.58654089416103,145.21326431303683,141.0530432245059
2267,75.56666666666666,,124.87770424820896,,56.31316751467279,132.4103481763555,139.43325277523306,86.88230138204074,140.8488080745893
2268,75.6,,125.84811990433525,,55.899028986469226,132.2865979840609,149.47252313312325,90.45834048749103,149.17071645700446
2269,75.63333333333334,,128.344891467933,,52.850843786858995,146.55276799176497,133.8395428852153,141.80437230063268,134.46858275837235
2270,75.66666666666667,,128.9404667961162,,53.168679435443956,138.39320854062663,133.501935556053,152.18710290471853,132.70258629582963
2271,75.7,,129.6114447785776,,50.519146093054474,128.32656172705254,133.70741308545496,159.92380813825702,132.1872643301832
2272,75.73333333333333,,132.11963628752986,,47.07719342434888,127.311363043257,136.90626552034453,159.6875607459943,131.4532041843011
2273,75.76666666666667,,130.94054543642827,,49.524599357238095,131.50472847250256,137.37300977981621,159.72976762452188,133.49021203122757
2274,75.8,,135.6756844625004,,44.655019602947746,126.18088924198008,139.950376540327,157.50706550909288,129.8039405244716
2275,75.83333333333333,,136.08494780374298,,43.12896060388844,126.20757132852476,136.92643491941553,162.1992456225278,123.97710681807584
2276,75.86666666666666,,134.9431557621773,,44.98516748016122,132.04415863204378,135.68699212499496,160.66213829414966,123.55600398371986
2277,75.9,,134.9566572305874,,45.674650125357786,136.6646239762216,137.14243711188948,161.00489341905765,127.05882920668124
2278,75.93333333333334,,135.90922865848236,,46.21936955645747,137.1703952884565,138.34197824770737,165.76270339092747,129.88937068231863
2279,75.96666666666667,,134.89048920240103,,47.07823134558356,138.79409454333188,145.8692311597908,168.3046606110895,135.12494397859825
2280,76.0,,134.59135764335983,,46.277640861040766,146.3154614076241,154.48452951249587,167.24921199418864,143.7958237175096
2281,76.03333333333333,,133.17901909406532,,46.826389565196266,148.02616526814143,154.8876413505349,167.5426108372884,145.3892448678069
2282,76.06666666666666,,133.71719817258864,,49.51835024658194,149.9399751508482,159.7034619986936,172.1606524894938,151.3133143019921
2283,76.1,,134.3648077571547,,50.33873044069838,150.46764959805242,159.9705882038578,170.5324150796187,152.3788279607799
2284,76.13333333333334,,134.00283339698802,,50.901635510333726,150.6592183652829,160.13636275089843,171.46911402484048,152.72862710939415
2285,76.16666666666667,,133.206446388933,,52.201689845446495,148.1589529417686,159.58341991722594,172.8716529314532,152.55362340188066
2286,76.2,,135.0176731919974,,49.29933692735043,147.85374143338322,150.56835191215492,170.76686578155866,146.88883291174005
2287,76.23333333333333,,135.24817650721334,,48.48677571746506,144.85280339391235,148.84070976081733,171.0859908862048,144.39990044269214
2288,76.26666666666667,,135.64647842784345,,47.74008130695318,144.69462508529529,146.75221680196796,171.39351073322436,142.6691760914509
2289,76.3,,135.47302191837005,,48.513039551605864,143.72061457909388,147.85878712326942,167.73584840402546,142.91572113714636
2290,76.33333333333333,,135.25706712923434,,47.61865313427398,140.03024891352544,147.084556707731,169.91787005261972,140.9898894805283
2291,76.36666666666666,,135.74640479521875,,47.65551628448974,142.55949498982847,145.28397127336765,169.01331325596183,144.29082941009756
2292,76.4,,137.482269973924,,48.1375827491022,144.00937342493447,147.0762318509079,169.82608353478213,143.61809514973493
2293,76.43333333333334,,135.36920222567073,,51.49462093187559,143.97754703614908,149.04370452673078,169.19458447139314,146.45764053446894
2294,76.46666666666667,,137.34038528536755,,51.265371812959884,143.91170744857047,147.02602409647483,167.23478377023307,144.49327173686717
2295,76.5,,136.62787590453482,,51.941158680482914,144.14846407720904,147.92262281427253,167.16972899156514,144.75558453420376
2296,76.53333333333333,,136.03939677307582,,49.99062231621703,145.38650318744897,148.2808861665115,166.95454205333488,145.21655883296927
2297,76.56666666666666,,137.01795763487272,,49.2591862908871,144.52358995615023,151.54297819489477,166.9100846190734,150.24243297837566
2298,76.6,,136.55207693860154,,49.074868903287964,142.8293580175047,149.36022698054614,164.2158670710693,147.37167321968764
2299,76.63333333333334,,136.5898169282623,,49.98601786439575,146.72440358161705,149.27668505032733,167.2389413378419,148.16482818513006
2300,76.66666666666667,,139.17859600964232,,47.428197782738756,140.59744867266312,152.5374715373188,170.93952344782082,148.70909039914315
2301,76.7,,135.7384249400417,,51.66505566069151,142.60369498582014,149.34184194690786,168.87331695011542,148.48146411538661
2302,76.73333333333333,,137.80032624164787,,51.15335836406651,140.38050431979585,149.2657030549676,168.4640538408945,148.2693580177527
2303,76.76666666666667,,137.46736393371566,,51.13252731173879,144.06140330712023,149.63853316148064,169.57765536122727,148.58041047311082
2304,76.8,,137.86226433271793,,51.25181733806949,143.94711208043108,151.41477593610065,169.6924808967852,149.35302339182536
2305,76.83333333333333,,137.7577313739987,,51.3381398205237,150.2462599344653,149.52225049830815,168.24739106005927,149.14770539654072
2306,76.86666666666666,,137.34847928661094,,48.87469447280174,149.32741284359693,150.33709556178346,167.77112246655722,148.47223547477924
2307,76.9,,135.87440838289464,,50.23224055258798,148.7660612244625,152.51979209684393,166.94179496028232,149.27808560353054
2308,76.93333333333334,,135.4353278313121,,50.29624857405375,145.16406287002394,153.81240661643903,167.85785858967637,150.23105305927962
2309,76.96666666666667,,135.18053389196012,,51.056104817793084,142.3818895788765,153.34920018987034,169.48186282667749,150.19364029379267
2310,77.0,,135.9279252745238,,50.491911176133065,144.97142251289927,153.38071059350744,168.90087535387198,150.36233386503366
2311,77.03333333333333,,136.6191148648469,,49.59657902253278,145.01617746080802,152.99657161022,169.404351137606,150.08591420676944
2312,77.06666666666666,,136.63919463859554,,51.267965104181954,145.7999544469063,152.54041217150044,169.00260163797088,148.32148079544461
2313,77.1,,136.83069073751665,,50.89338472472447,146.96299448693264,152.27056282250166,170.18981893849414,149.99642226900008
2314,77.13333333333334,,136.405702304279,,51.63257223383021,146.77709019129983,154.27060463648868,169.85660530533804,150.95415995399338
2315,77.16666666666667,,136.042757597579,,51.598696058070864,144.80060154287847,153.90807872525005,169.14206158960968,150.67468375006857
2316,77.2,,135.78653626782616,,51.62369098941243,144.6104120749077,154.52028755712067,171.0099301542117,150.92717680874026
2317,77.23333333333333,,135.21589730132004,,52.51075153880607,146.3747583740078,148.708591619285,170.94644584210272,148.32068370957336
2318,77.26666666666667,,133.1010935838992,,53.045209434607514,146.83221254703992,147.9082666822035,171.03253601392478,148.1834896779002
2319,77.3,,133.39166492255794,,52.94168904622371,147.4850895281011,146.8690502553957,170.97534252892038,146.85858094115434
2320,77.33333333333333,,132.85674988375285,,54.64481621175852,147.37543650878789,145.97362102654273,171.18518451783362,145.68802365448443
2321,77.36666666666666,,135.48340780986803,,54.975637801836804,141.97338369830277,141.97897383360555,162.71205690962347,141.45029113311264
2322,77.4,,135.3696256671877,,53.98344936782203,141.28202438947034,149.74558236581476,167.57508548250948,147.5886847707321
2323,77.43333333333334,,133.94184536819782,,53.91123580117153,142.88804859087813,147.99693336626487,165.64181425644998,145.89414587350566
2324,77.46666666666667,,132.53638804651786,,54.22726264162821,144.7256817834236,153.30485722177195,165.64895865548996,149.18394545264908
2325,77.5,,132.1968235295694,,52.429128708385335,144.86538490308638,148.27357545889058,164.9671267299272,145.43770348105357
2326,77.53333333333333,,131.24080261209852,,51.07064484075273,146.36196570967508,149.81929651266282,165.55125038974742,144.98428458521147
2327,77.56666666666666,,130.88692676065875,,52.504133874194316,145.4038011562894,149.58116705490968,166.8134602237,144.75567561822493
2328,77.6,,131.3395064353723,,52.75756897514371,147.2512826037154,148.998356712562,167.73141078010667,143.11635047355108
2329,77.63333333333334,,132.89763141194274,,52.71844048566273,147.1473871881254,148.79940799582172,168.21984004358646,143.19969355068304
2330,77.66666666666667,,134.0551447188171,,49.06694881405121,147.59545153413666,144.75913161907764,166.44458175924962,136.87961738125384
2331,77.7,,133.60292560451433,,49.75384682430472,143.78125027864422,141.37235864648324,165.85499034966782,133.056840919038
2332,77.73333333333333,,133.2114775266784,,52.23821264491155,138.09528136353345,138.77696331686246,166.2515256637503,130.21058210624295
2333,77.76666666666667,,133.6695771437856,,51.09841809873885,133.44153700846894,135.4355681072635,162.5608961680921,128.06157633224356
2334,77.8,,133.06730851852979,,51.51189797612696,131.90945822894645,136.95963248674775,163.76905080311803,129.28572819184677
2335,77.83333333333333,,133.40547555477977,,51.28247934932069,129.5485343113049,136.87096356661502,164.1164874205996,127.37666590370065
2336,77.86666666666666,,131.92145177924624,,51.10702562860235,128.04184568827398,138.73254019077174,164.82886702810322,130.77039630387472
2337,77.9,,127.04497170040013,,53.51597821515752,139.01360423392984,139.23496693639513,92.73888262170777,135.54154314358223
2338,77.93333333333334,,127.70323035706306,,53.14535083097204,153.97095364623019,135.51585760433665,124.70090173204629,133.97949557542668
2339,77.96666666666667,,123.70586888919188,,56.636611498946166,105.00211410020174,142.5260162698455,68.88546022476066,141.79389844119993
2340,78.0,,122.9610955348559,,57.49222206571614,111.35888477995738,141.2066412852535,69.74804341944491,142.51926887663598
2341,78.03333333333333,,122.32236546656023,,57.171420558254376,122.10260680600965,133.74085215882334,158.17068487449356,133.27808997653204
2342,78.06666666666666,,123.62557963007353,,56.60311066386256,117.80767399193962,143.29762351654014,79.93421172952054,142.11156042163728
2343,78.1,,124.17119105049376,,54.42306507208681,120.72650021795448,142.222265290286,168.598963407717,140.45135499161856
2344,78.13333333333334,,126.9740589129263,,51.768791367842866,118.04214875200512,136.36043281031374,171.62955639317147,135.17237925772264
2345,78.16666666666667,,131.03060268127464,,47.81684682363591,125.34850828696075,137.05169498692783,164.0884622255844,135.2433228223384
2346,78.2,,131.7063358289576,,46.518559812754205,126.09821465855471,137.2242801020881,166.08554068254992,135.86781435095796
2347,78.23333333333333,,130.81944461908498,,47.568000389673536,118.11673605840669,136.56481602206296,164.92287287561928,135.6647423616052
2348,78.26666666666667,,129.9636604725988,,50.056493836503535,130.47204571386845,131.09213520687797,139.40248161187375,133.65250230079943
2349,78.3,,128.52185663030198,,50.7961472471527,121.51483426396278,131.12235423618125,162.75272244969466,132.0137380445887
2350,78.33333333333333,,129.6931647013086,,50.09033151680808,127.01782432541668,132.27946471436113,85.05460477273971,132.39461032959042
2351,78.36666666666666,,131.96869428928775,,45.194361407712584,128.24512095325437,131.67048934806516,156.1570247179173,128.50735030262038
2352,78.4,,132.9638657951225,,45.2198270436979,148.57673100040932,131.33502352400856,140.77646869841882,129.9687343477858
2353,78.43333333333334,,132.42189331160523,,46.48767416442627,142.40908703261917,133.6217046146115,141.21195658624163,133.81966225219597
2354,78.46666666666667,,132.13800238066645,,46.97883836846096,125.81868612447971,132.22980413799857,161.8258527949663,129.3849374231911
2355,78.5,,132.46850565968845,,48.33214791419802,141.9486891729601,132.76061307572658,149.20816874853713,130.8901716119023
2356,78.53333333333333,,132.0560644771587,,48.625782530302274,122.0731230730177,131.57655663533592,164.8496945528694,126.81171407217931
2357,78.56666666666666,,132.14181516115644,,46.33735626259756,132.0376925693818,134.27506279746723,168.98928181190857,129.93691451035096
2358,78.6,,133.3841258379655,,43.40146932685211,134.38786523133032,135.8493219031987,162.59496543035186,129.11965361529394
2359,78.63333333333334,,134.47207422848712,,46.76932336724911,124.09900005426984,132.9744152970782,167.28218110098186,123.73131750602603
2360,78.66666666666667,,133.3249761473239,,42.48584787759879,129.85125281545768,136.54978228204385,164.45404112655734,123.99049465241127
2361,78.7,,133.45575458944592,,41.26487903330334,130.59380983966312,138.54076323214025,160.41894098963277,122.21934813813105
2362,78.73333333333333,,132.19492891506215,,43.83219128505139,131.1546884826544,139.11759780358844,160.5982188141098,124.77770005875698
2363,78.76666666666667,,131.98904265910306,,43.11880841356529,129.894156908703,140.8682592604508,160.4580006403842,129.16756137608044
2364,78.8,,132.8430074846147,,43.42253966782857,134.08124293896768,139.54743224166654,160.58715574886335,128.74486832117216
2365,78.83333333333333,,133.32681029224898,,45.72326252016563,135.79254977435338,146.82318603242481,161.40054170671485,132.4380708816503
2366,78.86666666666666,,132.89714398974698,,47.202906280741026,136.85609067404474,154.3635502812507,170.49168512486796,140.9798819101197
2367,78.9,,131.92369861227573,,51.0365550558144,140.02146639292343,154.22615159459184,169.34075990752714,141.81356056865567
2368,78.93333333333334,,132.37246500145505,,50.921599219324754,143.47528774001134,157.41923466162567,168.75715212245112,145.9034381014431
2369,78.96666666666667,,132.54094848252518,,50.086208017132336,145.23798437855964,155.99359823548886,170.23727756206,145.7975463613256
2370,79.0,,131.51644365015684,,51.039238898808364,147.90620894179537,155.60599892257417,166.9914834984128,146.7514016009425
2371,79.03333333333333,,132.25912010465316,,51.3063794132904,148.41372193389543,159.66667516717558,169.590080959533,149.71681847613684
2372,79.06666666666666,,131.9887340220405,,51.11520135967411,145.67678943805572,155.65017780758487,167.4350698849906,146.44656519001435
2373,79.1,,132.450290577236,,51.03966791974358,148.9885155283717,153.0110467944899,168.5088257886818,145.61615164723378
2374,79.13333333333334,,134.13590183440772,,51.256777119124784,148.4037279508394,145.93560553351878,167.52290998236435,143.7542141722705
2375,79.16666666666667,,134.54749203565277,,51.412029090364534,149.95730854024237,150.19560855404535,172.59281491419742,146.95915542266482
2376,79.2,,133.33146441427448,,51.46041440900918,146.8004509590168,145.76017085507138,167.08108452693048,143.7525534985366
2377,79.23333333333333,,134.03856442645943,,51.875894505769715,146.17106351938182,145.49204650210496,168.7688090924926,144.16387372693148
2378,79.26666666666667,,134.88379582161417,,51.65868542465771,143.7572856233005,144.05687672802298,168.61530872859717,142.9842894288201
2379,79.3,,134.23535130366804,,51.30007233051071,143.2192583742996,143.9450477691692,170.010849328953,142.36213386977116
2380,79.33333333333333,,135.77177119577317,,52.04436699838489,145.0457346355144,144.34449615476112,168.34214599277206,143.2832119818539
2381,79.36666666666666,,137.09468671118194,,52.85937381973531,144.89001651924883,144.18459037115383,164.3456998116048,142.36313714815878
2382,79.4,,134.37204498295503,,50.136919903013556,143.8212414002174,147.02202981238,169.72127110183428,141.35291008179112
2383,79.43333333333334,,133.84557400522525,,46.86137974960575,143.06192849988807,149.00782739133004,169.50839375798915,144.17212832664447
2384,79.46666666666667,,133.48655931031715,,47.712609772712064,143.634379642667,151.91328749823992,170.78703089321706,147.43319507954547
2385,79.5,,136.4743932688093,,45.77393064009368,145.68304180966348,152.83053580152395,170.14142425830858,150.48964502891994
2386,79.53333333333333,,135.91922041488277,,46.89215448708221,142.88268717920127,154.21805947415655,169.1508123462534,148.3077443605659
2387,79.56666666666666,,137.26602577945437,,46.62117878960249,142.07027490441916,154.8832042518018,169.8696238080514,150.75247666707284
2388,79.6,,136.45333274297369,,47.672734600473625,143.75453763491555,154.50715485078325,170.1116356639845,149.101393048979
2389,79.63333333333334,,137.18459119433402,,46.45985605773613,144.0078553594832,152.17821771477222,170.36737043551256,149.2933931787152
2390,79.66666666666667,,137.1729727511431,,45.92027675150993,141.96656980906891,149.82928445637341,168.68011057931628,148.02884374697354
2391,79.7,,137.15839818160606,,46.451826588873416,139.59249251351247,149.4141688400101,168.4522554003966,146.35942775407088
2392,79.73333333333333,,134.3879428519829,,48.674387378612494,143.21883206037455,147.16339371144278,171.26707627206554,144.63893100925426
2393,79.76666666666667,,134.36261933179628,,48.72849966290178,139.56171814199703,144.16596710909658,164.5984098736771,142.56325242860643
2394,79.8,,133.65868319162902,,50.82647712912057,141.9083536884848,147.64971266309985,170.3857264293769,145.74851136433617
2395,79.83333333333333,,135.5610181118202,,45.53865360569769,137.20651785506553,146.37911727646912,167.46297360333025,144.72176815284195
2396,79.86666666666666,,134.8482826367469,,47.57294344770213,140.1392103949074,151.05022079525475,171.87809432201857,148.0569921272996
2397,79.9,,133.31415126570062,,50.024827677082506,140.3100346767329,150.34111721793073,171.66542309015784,147.09721171089194
2398,79.93333333333334,,133.32808413840345,,50.87381997481048,144.4962159255798,149.44058933080424,168.79622634471266,146.73186779462173
2399,79.96666666666667,,133.02513571464658,,50.961567301712336,145.1004370013309,148.00227882951663,169.21631089365323,145.8544452822175
2400,80.0,,133.4469323626044,,46.75352483161636,144.5432897202735,149.905814665786,164.61981988844977,145.9102198007203
2401,80.03333333333333,,133.44448601235453,,46.797032565673575,144.67484541628755,150.25912118916094,170.14823055324229,146.45585487950916
2402,80.06666666666666,,134.06671754009147,,46.77043440525721,143.80690911281582,149.21135704652315,169.62027587134187,145.2843167228823
2403,80.1,,133.48109403366612,,48.041566388705064,143.03634064141474,147.682175628114,170.4913221671642,146.11871998629357
2404,80.13333333333334,,132.68426885152783,,48.55132350427824,143.5679764405117,151.04394912737953,167.85550515688237,146.6930187372591
2405,80.16666666666667,,134.12197614842623,,50.09859811368507,140.4661270990755,152.15723936415787,170.6234609464708,147.06089092971655
2406,80.2,,133.40652045473388,,50.0572713922989,137.72622088396758,145.84269801517308,167.4933317081347,137.52875305613045
2407,80.23333333333333,,133.80785723687234,,51.28080802500689,137.20341080546893,144.8066914732355,166.72247204998402,136.97173095339295
2408,80.26666666666667,,130.19893777390104,,50.463405208589336,136.02567115034162,139.28445191974515,170.1203591888187,134.24373612789992
2409,80.3,,130.17709887757755,,51.27761348305202,141.86226596015442,140.5184594354349,163.12328644621064,137.25271692689935
2410,80.33333333333333,,131.34174608163076,,51.11045743722674,140.34592519758476,142.12520012782755,160.44031452559508,136.65677577653938
2411,80.36666666666666,,133.85954507539026,,48.47855511053668,138.13907354047606,145.84244775674543,153.36277891849713,137.77961640757522
2412,80.4,,136.02692561788274,,48.18473531710746,135.46962578301535,142.10593122422247,152.92987214650023,133.80355087175948
2413,80.43333333333334,,134.802107190039,,49.73087658073507,151.66711628936034,141.09219364235074,143.3396952106771,135.8613030827766
2414,80.46666666666667,,131.02044421545332,,50.839687505243965,130.51720852273863,138.66946615249822,160.16510284803886,136.93745093976025
2415,80.5,,130.59476833510251,,53.958713456665855,106.34669459397739,146.92178466039746,63.082652033758166,149.07756052606976
2416,80.53333333333333,,129.22709580901315,,55.74522909045754,100.91750625124513,148.80208145749407,52.76852469729341,151.28998926413644
2417,80.56666666666666,,126.01938305373733,,57.27451558055584,138.2284208805395,143.71862049630644,126.7754751534266,147.63773591769683
2418,80.6,,125.08245081958353,,56.37236691808034,139.83203007450913,142.19499325888623,136.07094447759712,144.38822606060378
2419,80.63333333333334,,126.95328524037429,,54.58763563479529,117.94027054977681,143.5765423108716,163.49312960542088,142.9169316177049
2420,80.66666666666667,,131.45638341380305,,49.41821594967639,122.60484991415296,135.79732436468305,161.99278439131479,135.204677768064
2421,80.7,,132.64615001644447,,48.89281973988783,124.08169026257025,128.91707630820486,163.55154025675247,130.0953556113412
2422,80.73333333333333,,129.9233724419359,,52.46807051750348,134.22706923089194,141.74822124699438,167.30031756615708,139.58407756431853
2423,80.76666666666667,,130.62162906003095,,52.2748214699688,131.85538181704416,141.52961663498448,168.76188551746594,140.03772130990703
2424,80.8,,130.27766863887612,,51.79011765200217,135.00819584544487,145.10571188007842,165.76862487503126,144.02825221376412
2425,80.83333333333333,,129.6853809495797,,51.77430166858313,127.06859093099986,142.04557033310041,164.47068215745864,139.14499744653816
2426,80.86666666666666,,128.13525264278184,,54.97774929621614,125.43823075589542,141.74825009688558,86.95374503643518,141.47980943895172
2427,80.9,,127.88411639931662,,55.160528146489064,130.9372603338876,136.62949019456397,156.74344262794412,136.17397110331564
2428,80.93333333333334,,128.39189349107764,,54.52450164503735,,137.72228337634442,,137.14905351154698
2429,80.96666666666667,,126.63676715621449,,57.21440492874983,125.98532254242707,138.19872046372848,87.35881345841796,139.60412307320055
2430,81.0,,129.6269193330722,,52.119918962339824,135.38194713885252,135.48053510134162,166.72549012274277,136.0590252287765
2431,81.03333333333333,,129.59397918127218,,54.067004767463104,127.3922199704989,140.26169441604958,86.70702864591485,140.73560253021185
2432,81.06666666666666,,131.20047632914492,,52.158457153806104,128.6794949399795,139.07979537029246,162.83541860179682,134.90881328286287
2433,81.1,,133.34971624035722,,48.063810828313756,129.43457748931985,137.31072778260688,157.85089215768133,130.74464560576624
2434,81.13333333333334,,136.00966328536583,,45.818111703312496,129.13983605214722,138.7879543586272,157.9581897149546,129.42855022476664
2435,81.16666666666667,,134.89625854323774,,46.913327257025735,129.29720059531365,139.58672209588383,164.40007114173875,131.49624792077094
2436,81.2,,135.98277625165312,,50.07087495211256,133.847333040552,145.04946778648548,165.76649185876366,136.4338275149068
2437,81.23333333333333,,134.21960224996047,,53.26792624157049,135.12987199740334,148.56700178719785,169.39688903590917,138.44316602205723
2438,81.26666666666667,,131.81486550091645,,53.15182436012925,139.1016457963477,147.8507866713844,170.5752565786848,140.38418779246746
2439,81.3,,137.26925812998468,,50.62515694931099,139.32904185605008,154.11098061538638,173.7459439575759,144.65990393902317
2440,81.33333333333333,,137.3346815700877,,51.110263192006734,140.29406191093375,153.27616203354012,171.5952693690131,143.31180987827693
2441,81.36666666666666,,138.59900365912108,,51.09726025926367,140.1601799040518,153.79235499865038,171.20036939538406,145.45163841945168
2442,81.4,,138.48398355503463,,51.150710595202014,140.54660473871084,151.98739577097558,167.43965913443913,144.80832982864624
2443,81.43333333333334,,134.34556435388185,,50.911696641390115,141.16514426715926,151.36211400911142,173.90379584947493,145.82352974346034
2444,81.46666666666667,,135.22136536583898,,50.01614498902735,138.6431294752934,153.5530313624727,171.09317012638755,150.81742340199318
2445,81.5,,132.62356858394324,,50.26695480133574,139.16975524429435,154.81907471395982,175.35922480293337,150.1373994835182
2446,81.53333333333333,,134.12749100027182,,49.50240433067194,137.24310339371348,153.0862068195413,168.37133126620884,150.45962146048913
2447,81.56666666666666,,131.18246398585114,,49.9620619514051,137.51772675211657,154.6002332171227,168.72682488555753,149.72312877105855
2448,81.6,,133.76093641753442,,48.691012630284824,140.62548846566352,154.9431460067846,171.82393996657353,151.77050861162957
2449,81.63333333333334,,133.77350341540003,,47.41980093674315,140.04321881528932,155.3171727374483,168.73109331588523,150.64588766275145
2450,81.66666666666667,,137.02392512412317,,45.393511373866055,140.83430741298628,156.09065846185672,167.09439857215204,151.22111236774307
2451,81.7,,135.21981728339026,,46.66980705029533,142.6839295757906,151.9499516466583,167.28930837725335,146.61400718207443
2452,81.73333333333333,,134.3784637318038,,47.17860519505623,142.42492995524225,151.09827177647065,166.4432966432798,146.92642868348474
2453,81.76666666666667,,133.1492882653238,,49.647982044327975,142.3139041238928,149.63241574043838,166.57153287202664,147.09744278529917
2454,81.8,,134.05592315941055,,49.76957745776293,141.37300511910502,152.3620469783471,168.11673712606904,148.80345842127605
2455,81.83333333333333,,135.31078413122538,,49.81894624118093,140.39501201659996,148.19673727884881,161.80258290059933,145.75731977341712
2456,81.86666666666666,,136.31758127519862,,50.07960363695892,148.61771598555157,147.0768393074235,157.99634397176808,146.44080859227103
2457,81.9,,139.0305791017468,,46.167681859633745,146.4232922913275,142.9252556769071,153.48860716338612,142.73020935871085
2458,81.93333333333334,,137.7017931219514,,49.637990965890765,142.53523578448716,142.34746485975998,153.88935340068105,148.69589573168244
2459,81.96666666666667,,139.55276536889335,,46.11225283427511,,147.06512278512923,,145.73813045359276
2460,82.0,,139.84767886105067,,46.5674135579964,,147.46940290806484,,145.40044621674835
2461,82.03333333333333,,140.23311016493534,,47.50216609662853,,150.81475118925698,,147.90197177485783
2462,82.06666666666666,,137.41711510308988,,49.21877794688254,,149.0347701588447,,147.93845466830635
2463,82.1,,138.66195085121146,,49.369946957456264,,149.5009915639731,,147.80423379022056
2464,82.13333333333334,,140.5683498437757,,45.4135369876136,,153.2488807185465,,150.31883070696534
2465,82.16666666666667,,141.46972600557646,,45.503399952602095,,151.51899727472406,,148.94935775392432
2466,82.2,,140.16733017736144,,49.78952210335054,,151.14087765266038,,148.80186324727973
2467,82.23333333333333,,140.00431300648717,,50.09369674328342,,155.89622405446448,,152.63138272739798
2468,82.26666666666667,,141.07920952187004,,50.090235228289636,,160.3138080785769,,156.16046817048553
2469,82.3,,139.71709840712253,,50.48057386315607,,156.88731364863034,,152.8173783700565
2470,82.33333333333333,,140.4755624308924,,48.33413104287511,,155.957336239399,,151.3562130910528
2471,82.36666666666666,,139.38985716818306,,47.19815628741597,,156.61661228007878,,152.47465685965616
2472,82.4,,140.5530257300898,,47.6810053029427,141.4182712895504,161.61917274749777,171.33699971659127,155.0748421794022
2473,82.43333333333334,,140.48559921776854,,47.90928245111014,141.92038610375238,161.5978164026016,172.3654396258759,155.80008626934784
2474,82.46666666666667,,139.88095394221068,,48.36904748363091,140.09754948591294,160.42665501198866,169.99703247532884,153.49033208863898
2475,82.5,,136.85735338724217,,50.83571688175289,142.35569563087782,156.49013267124067,171.47561963432221,152.6128037247226
2476,82.53333333333333,,139.24682698389609,,52.21486291469894,144.93204431470778,155.38024375462322,171.50022996626464,153.70691414093355
2477,82.56666666666666,,138.26979396468982,,51.51628133175373,145.64807094338025,155.06650334858057,170.29903465224052,153.91477339876045
2478,82.6,,138.23541489638555,,50.967814178028924,142.96973520831818,155.379871499235,171.3138832870152,154.61975518435565
2479,82.63333333333334,,138.47059679429884,,50.589827886033596,143.08072586971662,154.1962843903375,171.27748336299118,153.06003343090933
2480,82.66666666666667,,139.13120563972313,,50.57925005465196,145.13406696333212,153.66605014360863,170.76855073239284,152.41747135183817
2481,82.7,,138.58404122205954,,52.0275693818943,147.66472193832763,153.91040409874495,171.6062241893655,151.34421998453163
2482,82.73333333333333,,138.02922747795546,,54.22842490533367,144.72566395246383,145.55197932897096,164.00080957969146,143.77750074185727
2483,82.76666666666667,,140.60868919207368,,52.98570153133113,150.93659492111115,146.87238185563592,166.11094400906995,145.0520600191498
2484,82.8,,140.96222979950835,,52.86090800059788,151.5722818138247,148.05797108175153,164.63314111893155,145.88733401387393
2485,82.83333333333333,,140.51687311717103,,53.251616515309394,148.1570438325587,150.1876657216782,166.2069315973297,146.18710542167904
2486,82.86666666666666,,141.68459804900564,,53.50441735548965,150.06839280342783,152.54683958108998,168.2167021058596,148.7458200529641
2487,82.9,,139.00533774141604,,54.96313155651419,146.94493760999848,151.28241999813244,168.6131721974991,147.03121210161603
2488,82.93333333333334,,137.86773886903802,,55.67115808853007,146.32310296078455,154.6053603505178,169.49306966793213,147.4973470959576
2489,82.96666666666667,,135.63140218086835,,55.16607770812973,148.7493475412492,159.07772284901893,167.7376949836399,149.25623525998947
2490,83.0,,136.33672940362018,,54.6346892110522,150.556341837723,158.4050321317598,167.33801386067077,149.99137207433458
2491,83.03333333333333,,136.35425516354283,,53.24706798421086,153.16048520371461,157.54983592603796,167.18310453116575,149.52636729334975
2492,83.06666666666666,,138.26566296627985,,52.893877499583866,150.6176484782452,151.74695751014875,161.71936039786272,142.70445128535192
2493,83.1,,137.22312356429114,,52.73390459705523,147.21887484525203,152.0077472271491,164.48500049249225,142.19082971780006
2494,83.13333333333334,,136.69735868561665,,52.71087214980006,143.24928678775933,149.83706213862692,164.89750009650461,140.00395033060065
2495,83.16666666666667,,135.9142534434625,,51.93629203170613,140.20337870179944,145.4659747399119,168.49821053461397,138.69026197335737
2496,83.2,,135.76266027427977,,52.09222269357579,134.00233320994806,144.02497617021754,167.9392314408738,138.43812824588326
2497,83.23333333333333,,134.9724900206161,,51.37697760438936,133.94038696633297,147.45830881184463,167.36049143113357,141.09100234455042
2498,83.26666666666667,,135.1099739497872,,51.55742147871166,135.48448435574772,144.96713105339782,166.9622398564004,138.4595900817169
2499,83.3,,136.32508917723595,,46.640751135951234,131.29742106613554,143.58597220529418,163.86457221254602,134.60772435606543
2500,83.33333333333333,,136.20056297608733,,47.45113860789552,130.29909968753586,140.0846870668428,160.92135922457507,130.83586679356466
2501,83.36666666666666,,136.77329044928138,,47.72680938394241,128.3739739576397,142.29325737271304,161.19718354346028,132.35116691888427
2502,83.4,,136.01216734159178,,48.09690639974218,127.97400436763053,142.23410723454302,162.8684694690004,133.09979525445755
2503,83.43333333333334,,135.2275630169812,,47.113865833711266,126.27164733353557,138.90202182702663,159.49666552183137,129.17053512845968
2504,83.46666666666667,,135.0970024395139,,48.28795861849545,155.09064556724888,135.19930191687902,134.66017080696395,131.85256792264047
2505,83.5,,132.6844143102923,,48.52397863100382,145.31858046808284,125.30348825075635,150.9422338964778,127.03671407467985
2506,83.53333333333333,,130.97154265958645,,53.993928715484955,121.79594773886656,140.42646241902156,68.8451855594518,140.75514993079852
2507,83.56666666666666,,130.2219632864097,,52.54930598377799,151.1935219069442,141.68021300172632,92.41661036039456,142.52676904578996
2508,83.6,,129.20687135600176,,53.1249455129013,108.06721608196668,144.7422186731815,60.763237347382585,144.39273082803078
2509,83.63333333333334,,128.94662617896415,,50.468921772060035,145.0694843012903,130.66470143419397,132.15257043961032,134.13417217276762
2510,83.66666666666667,,129.56836557180858,,45.42719613587947,123.88280392254883,132.43886643710692,165.43747785023206,132.26720552954805
2511,83.7,,131.26695773748503,,44.89551901937886,122.67990469091508,131.89416775169784,165.01906566890094,130.90894302450354
2512,83.73333333333333,,131.35596453563605,,44.644060747918836,125.11472781925241,132.3993569566785,160.57951633157415,130.03333944275923
2513,83.76666666666667,,131.8153417862454,,42.95114374516352,124.01046512770994,132.84529757150185,160.01364167794077,130.57397809036937
2514,83.8,,129.80302728020962,,48.741577761535645,124.24387490004767,134.2518024668633,163.81081104959213,133.7084799343541
2515,83.83333333333333,,130.1596488397252,,44.07049512084579,121.65118380550008,136.65931396916375,164.2788923758538,133.6894053165868
2516,83.86666666666666,,131.7749387810765,,41.12468462507937,123.79372102564618,135.8557754771854,164.21044372051432,132.50813527543036
2517,83.9,,128.46480975602051,,45.77317106243576,141.9546815671993,136.18810476583693,137.33701547149906,133.05227195244845
2518,83.93333333333334,,129.89391642926168,,46.1341156361705,137.73295876977895,132.30025021050236,147.66533468523835,133.5983375585701
2519,83.96666666666667,,131.0590152367681,,47.614658137771855,138.43600854346346,131.60886096982185,149.58153415838166,134.24783632644835
2520,84.0,,130.06673487336056,,49.80866336803459,114.68079476196915,141.31816838297502,66.29817437181464,141.66746975044896
2521,84.03333333333333,,131.0696006349645,,48.024857059111405,133.28872164980345,133.1633960403223,166.97877731379907,133.69569901201365
2522,84.06666666666666,,131.93820655952177,,46.03285803912224,125.67090536889542,134.47895649970044,164.72150729277405,131.4231292589382
2523,84.1,,133.15038766199606,,47.828519073305195,133.40878044919805,135.6022216605956,159.0352145545134,132.18252338878116
2524,84.13333333333334,,133.40531199996272,,45.67333363460011,129.64806090234026,144.27903171739825,160.5043998793623,133.33269849485737
2525,84.16666666666667,,133.69186031153916,,40.971528472642234,136.2468919569126,144.4283046240178,158.87360855073283,134.46925418833737
2526,84.2,,133.8341362770726,,39.95683815999458,132.50752824571114,141.79658524827266,162.95300024493528,131.42715097986513
2527,84.23333333333333,,133.22311887830708,,38.51202884993583,133.94613815399234,141.28915764829662,163.5680472245159,131.67830574509887
2528,84.26666666666667,,135.36929834031204,,42.27982687086421,133.55395499153366,142.15620798701354,164.96998129568652,132.23815379595936
2529,84.3,,137.44830377315668,,42.057756028217085,137.54039613804588,148.76863604758836,164.2831063155309,138.98336101912307
2530,84.33333333333333,,137.2109850258019,,42.54276565548024,143.17318962551434,155.13477704051596,169.34227894994478,143.231242624162
2531,84.36666666666666,,139.82426243641717,,40.45262435334616,149.1394517766648,152.97499149881818,165.23908272755585,142.5720964751325
2532,84.4,,139.46769399066903,,41.250194930163005,147.37087520339318,153.34692868241862,165.54369305351756,144.5537330701234
2533,84.43333333333334,,137.8721196006675,,44.84463596989751,146.4811435058389,159.43083379091905,166.84048411747835,149.72309717422394
2534,84.46666666666667,,139.4585966483889,,44.85723711220261,143.52070330184858,156.4848002592487,166.87491992257233,146.668145048841
2535,84.5,,138.3849317018073,,45.251281843893025,139.54805595566566,155.22179436234674,166.32371955062183,152.568679782542
2536,84.53333333333333,,136.3529399256249,,47.57858777799376,142.8615885080391,160.47723009388756,171.00254984422838,155.41953836084534
2537,84.56666666666666,,137.2854561920312,,49.21313600277619,140.6070085353361,159.2707091023938,170.26997481560798,154.42703414805317
2538,84.6,,135.61503417731535,,46.01920079317525,139.62534650452307,162.28183735919,166.9084954096813,153.59406017852035
2539,84.63333333333334,,136.16263721894043,,50.84151221473386,140.21660665562624,157.3108588695929,166.95479124145473,150.18305019810555
2540,84.66666666666667,,137.56228720980457,,52.22344266576261,139.6990367323451,157.15382752609622,164.95852689363048,148.51524862148855
2541,84.7,,137.20075251998057,,51.7407991946877,140.71821226356604,157.0071997607402,160.00315994738887,147.7292842105801
2542,84.73333333333333,,139.0482681656142,,45.83933506304356,144.06910683387383,158.34693304315087,153.43311677687825,147.9851158367536
2543,84.76666666666667,,137.9262830406503,,45.7341604742106,142.38058352344808,157.57207222989896,150.47066455439094,147.97473652938376
2544,84.8,,139.9906539888236,,46.43558962348472,139.4966383925686,156.4504273657152,156.6988256979064,149.23341744686965
2545,84.83333333333333,,139.1605763506056,,45.19014469892492,135.48129436430509,153.2892572211848,158.0393773440391,147.42072197041162
2546,84.86666666666666,,139.5935086600058,,44.54853175546152,140.05338793935937,153.77262445989717,161.1732845184414,147.21674561010238
2547,84.9,,138.53739459775346,,40.37126043655802,143.8771348551254,148.81831795301355,152.81732243528916,143.09323456828525
2548,84.93333333333334,,146.4442702024516,,41.17921009023959,146.76907527050793,142.3657827279419,149.12031311717013,137.0581404060464
2549,84.96666666666667,,151.90556390466236,,41.33593859171104,146.03674819359887,139.63186188591175,152.37364672862938,134.81812269724028
2550,85.0,,153.93540872491369,,41.54167302229579,150.27046269633385,138.063977547814,150.9347950181367,133.3797685291413
2551,85.03333333333333,,153.82924833264087,,48.784774387910126,153.04799364141184,144.08936928631314,154.15149331242253,141.48129487052802
2552,85.06666666666666,,153.04764547843016,,51.17566898536562,154.42436581532587,144.83615920729704,155.96584968375902,143.3707681397056
2553,85.1,,156.7235549701006,,47.90626720830522,154.21928518742828,146.26386363862795,161.028446323113,144.05651920368624
2554,85.13333333333334,,152.76293913741915,,48.84101336127754,158.83721704065292,148.26701315975873,157.93490543498044,148.33554531142389
2555,85.16666666666667,,151.58158752469004,,49.15690523117934,158.2223625083233,149.97372662969747,162.4675089892788,150.40451218993442
2556,85.2,,152.86923834265943,,47.804010472090575,160.91506130645774,152.55333857573427,165.96422284491726,153.27501768522964
2557,85.23333333333333,,150.28750740004392,,46.9312173136068,161.05548606409815,151.50933139378284,164.17724330404255,152.4595634518225
2558,85.26666666666667,,147.9886778431907,,46.300995406765054,160.43774164724243,153.1373515201579,164.08809003762826,153.87740334000608
2559,85.3,,149.3903721200698,,47.76832344441461,160.40306864151069,152.44863177790577,166.79229251000964,154.86067948912526
2560,85.33333333333333,,137.75299880065606,,46.019223719664716,153.96283674393968,151.7198961049507,166.6997764669219,153.75126052323847
2561,85.36666666666666,,142.18114114296046,,46.24840822578288,152.7995461192935,144.856727741878,164.03244409951486,147.68339891477643
2562,85.4,,149.08613812847537,,49.17529238486043,150.4300502554661,140.4010718081253,164.18640418837452,143.4556523518444
2563,85.43333333333334,,150.19111391117107,,47.79283926789068,148.72196186918762,144.8108971367393,168.04994867812283,146.18067767710906
2564,85.46666666666667,,148.19612992380257,,50.07881464281332,152.21461519983433,147.83707933175583,166.78408474507876,149.4381855736158
2565,85.5,,148.74151506802107,,50.03043342041211,152.4038460693072,148.0515176999789,169.67880260417945,149.72496842359527
2566,85.53333333333333,,146.2316623636313,,46.420797308329064,155.8216934217963,149.33906376521998,167.0072304448786,151.42926277961212
2567,85.56666666666666,,153.41415677854707,,47.14374473180164,160.3454749123726,146.6499645563837,162.05375753638134,149.0950804356549
2568,85.6,,150.06527021946408,,51.05003829514143,161.81679082052065,148.85769165612132,162.54784929890033,151.36197397612952
2569,85.63333333333334,,150.43290785254837,,51.000478393511926,165.71596713020222,149.14558173809212,166.03428739896682,152.0535934856594
2570,85.66666666666667,,147.5742025303061,,54.077910418685406,162.93283892719424,151.64309143811627,163.3453682946983,154.40999269859338
2571,85.7,,147.71089043066814,,53.80910185516598,164.36801869609218,153.28668974579384,164.82181739141745,155.02154814913735
2572,85.73333333333333,,149.48996991521918,,52.1584644396533,162.42593604806135,152.6567255816262,165.93728060860508,155.08746783004065
2573,85.76666666666667,,143.08447870108364,,48.73926869184949,164.45556858324767,156.53409913860528,164.57730960051703,158.81372055274093
2574,85.8,,145.10043077853038,,46.62247797576841,,156.68943206105635,,159.43392500370356
2575,85.83333333333333,,150.5926013212865,,44.35033148787594,165.74482803135433,151.56027246772106,163.82475731406709,152.32295822033936
2576,85.86666666666666,,148.4238295505154,,46.52242482043454,165.09380078491958,153.77067353995122,164.57328511744373,155.19943156972346
2577,85.9,,151.51123155059736,,43.00394183369849,163.72874316550684,154.43501560733924,166.78158755209745,155.1597124563727
2578,85.93333333333334,,152.80351001445862,,44.049732214175286,158.46795453509574,151.1376806175879,168.28418790692243,151.17887447578303
2579,85.96666666666667,,151.60250943090054,,45.935825985079084,158.10761242918454,151.09974288786805,165.07487292681517,149.74794140346913
2580,86.0,,154.02813491844958,,45.556415394918574,161.36007153097512,149.38877172792843,163.74551400363222,148.1698257378274
2581,86.03333333333333,,154.13840339691575,,45.90725673822598,159.2718408979648,148.69849966638438,162.37013169977752,148.32173477894267
2582,86.06666666666666,,147.7340546861682,,49.59395054125639,146.78184894122697,148.87483873514816,166.1046307867777,146.6544370431067
2583,86.1,,148.12230115641995,,50.150749392049256,151.39629415501292,151.41783371704403,159.06190743415561,150.7086752589103
2584,86.13333333333334,,147.03531991891043,,50.17290829932939,151.05892184635908,149.59748343562958,160.4760126610528,148.45099630573674
2585,86.16666666666667,,147.92763798796187,,43.395316084531075,157.1992977763454,146.87467732192812,140.55626018039052,147.70444047335124
2586,86.2,,134.5468526423356,,48.40964750823525,118.91945854480238,145.63407782774223,118.39287247383315,150.84644665011956
2587,86.23333333333333,,134.26816470594613,,48.601515113583396,106.31344210236527,146.73197168539122,85.83087271763425,150.88081698889073
2588,86.26666666666667,,143.21864183802163,,49.89149974054525,136.73762857668737,142.2990903449217,160.06095709498626,145.0310210099867
2589,86.3,,144.10857788072732,,51.54699021277242,136.736147269188,140.47706646944397,142.97558478885472,146.16366901766887
2590,86.33333333333333,,146.49121953922298,,52.571681583986845,146.44916257504605,139.7700291893851,159.58233559760447,142.71394629933718
2591,86.36666666666666,,146.0647310476489,,50.37356704754532,145.4231976274795,133.88419618627597,159.12370557096702,138.98708109770604
2592,86.4,,151.003279419425,,50.94099876290645,140.4890474502582,137.34223123689955,165.30819616123145,141.1732074598638
2593,86.43333333333334,,147.47510904775837,,54.16537349663913,150.63696132544916,138.25054768659803,164.17967155809868,142.8434300587905
2594,86.46666666666667,,149.45094780428326,,50.14661391057307,153.79000471293048,138.59526099803054,156.96713352457493,142.31485588066238
2595,86.5,,154.26101588599533,,48.82643861604245,124.37970745151763,151.10435570090144,83.92725716968816,151.59301985359053
2596,86.53333333333333,,157.29733929961534,,47.81292949267618,75.01996027643366,150.79217251921426,47.40912932442665,151.96110691537143
2597,86.56666666666666,,160.62127139993225,,47.59965725829455,157.1443781265564,151.3827468041638,130.58022592394505,151.31683668130648
2598,86.6,,160.04484749824516,,45.04290458392088,137.2699065400158,156.75860916738102,101.80881076564887,156.36394669153538
2599,86.63333333333334,,161.02688274073256,,44.33678096100492,160.7388361428678,153.68816642207295,123.03408415791787,152.77271490551797
2600,86.66666666666667,,162.91872195971914,,39.07348377827154,150.60164132588682,141.5540324033931,114.84021799360582,146.11524437564046
2601,86.7,,162.38203636808495,,42.088262575279856,164.3632322305515,141.66790218247326,152.90928726605992,134.53670844946873
2602,86.73333333333333,,160.90881409177229,,41.89267648110446,174.1946724530349,153.3274161671855,141.54548809482583,147.54116966599125
2603,86.76666666666667,,161.43552655773203,,42.69212629870155,161.81710060312182,160.0175923181821,124.67839711779449,153.70172609406103
2604,86.8,,161.6444649045193,,41.164510666220714,150.15720113054758,163.34107635531132,115.91519328870726,158.97483434998182
2605,86.83333333333333,,161.97926401906975,,39.84055085568716,163.90284357307002,156.92301463713764,158.31502874635473,156.70069977103716
2606,86.86666666666666,,160.95474856283576,,43.09856090781122,166.8152307667936,153.30422860841009,162.93651208781893,151.81793870557644
2607,86.9,,159.70891805150816,,41.637072467444256,165.60420940312636,152.0993847206805,161.5613881713242,152.2603571775508
2608,86.93333333333334,,158.94556384365129,,42.79169462836674,163.51895261585884,150.71852340362116,162.37695491029626,150.28307371619724
2609,86.96666666666667,,160.3223469149176,,43.40883276694641,162.57348367916697,151.18912573143612,160.4976010521724,151.32142847833444
2610,87.0,,160.69517035889683,,41.370146090731446,164.12894666552256,147.23078529998912,157.74049349239192,146.32772936234733
2611,87.03333333333333,,160.78331229015325,,42.67808525950975,160.09699588143502,146.4871656484746,161.83858676969882,144.83949927918536
2612,87.06666666666666,,160.2437344475493,,39.63174468737504,159.73968037657986,148.6788172482993,160.45601166634603,145.18681220243442
2613,87.1,,158.7395283338411,,32.926359793511864,166.57947816815812,152.4741605645161,158.78402276565666,148.04737233205606
2614,87.13333333333334,,161.63760820400043,,35.9222365892958,162.54975164956545,146.1566363666261,157.74770646758043,144.783261331441
2615,87.16666666666667,,158.92757789391956,,37.175492370548405,165.9461848025573,144.90772766191697,158.14499828589413,144.4586740807856
2616,87.2,,159.2087818368461,,37.1929968360653,163.5649055474194,141.62317821049015,151.43977251945032,141.2799482028598
2617,87.23333333333333,,160.16744946531196,,40.82647707358774,159.3827903506587,140.60062603400806,154.7521292251773,140.6882603540249
2618,87.26666666666667,,162.58442607159074,,33.76390021667741,160.7465342323339,151.52358676415642,160.27081918365187,151.05511063134776
2619,87.3,,159.74472120371217,,34.05398359310017,160.45300625586285,144.9878331399498,158.25780805676098,144.11116380057078
2620,87.33333333333333,,161.22508595133604,,35.66922606292077,165.2428080776281,147.38900767228895,156.99798990109048,148.10222285275464
2621,87.36666666666666,,159.2898567085226,,33.023891732848966,154.4404039591511,147.98517282956433,142.65773325097123,148.74574594169854
2622,87.4,110.61267152067356,159.20274515208803,5.743576238455993,33.36073179441295,154.74709090312945,144.1150119174006,149.9289695507721,146.38121929460124
2623,87.43333333333334,109.05184603130391,155.94233282854435,6.469256747914993,33.810077789784906,161.62471001383517,136.423575042831,147.51955955134252,138.28761367459802
2624,87.46666666666667,107.85932593592044,155.60408386592218,6.217006471240981,34.13364416837361,158.56722911675595,135.3402668206197,151.2560733718295,135.72595514811178
2625,87.5,107.79679534439317,157.88516686723693,6.312201611003049,34.50676162585872,152.75277924300954,137.818721508959,141.60711375356888,138.37375407788616
2626,87.53333333333333,106.18518396096506,158.14773506843355,8.94180253404632,31.315017255338468,164.10401578049192,136.84201584247376,147.27440636764538,138.15860165545735
2627,87.56666666666666,106.92047051010668,159.85233512175373,8.138962886279074,34.43271209534026,151.90834748577248,131.16802263503882,152.28451121809215,133.5185293084142
2628,87.6,107.16803598096264,159.6666714968499,10.768916308151075,29.40527496878715,155.21258673375903,134.1074916097585,151.16324759755776,131.3629182943688
2629,87.63333333333334,105.95427882749384,160.40003790703298,10.803135327852093,30.363757482310753,152.18355570388772,134.65172120724043,156.0474290068209,135.4845699270974
2630,87.66666666666667,102.53045789919528,159.37147917493647,16.24478629528024,30.20924516238838,157.82940158660497,145.48939786028225,130.6174567217155,147.88278834487593
2631,87.7,104.57345369711895,160.1887025267141,13.356932450644337,32.223978513974494,154.75463625256722,136.59056074126408,154.4955861122371,140.13502197079902
2632,87.73333333333333,104.12411308426387,158.35680673932242,10.909391535827435,31.04743078101971,157.141003894518,136.94274267447543,154.21494113636535,139.97740347869365
2633,87.76666666666667,105.65834034697248,160.26645539436507,11.72756687431702,29.814419563301975,163.8702410389091,138.6506266946823,157.1163697178004,141.09771836722848
2634,87.8,106.30313731840415,160.6189689048659,12.31767519449368,29.823859742324842,164.7860827627449,139.41508254068398,161.13543571718748,142.02232013195876
2635,87.83333333333333,106.42519781397392,161.11038006298767,14.939304691038172,26.31717954874139,169.94348852235055,144.38344665703565,163.6498769915974,146.93768351144394
2636,87.86666666666666,106.04725332164898,161.00787708875765,14.098437662520904,27.915664477258712,171.13342212902356,152.55829212292093,161.09790116572321,151.34764492044818
2637,87.9,104.7653226404114,159.1698328322495,14.505747446861317,26.67227741544729,172.9579874125047,153.731495064546,161.17532517036676,153.28710007613864
2638,87.93333333333334,106.88670068003555,162.04549181929335,11.97368884199892,32.32618492989074,172.04461548109714,154.67306022623538,159.51233681505104,152.83202284578948
2639,87.96666666666667,106.6660622379726,157.57257303646972,15.332406613666759,26.385823850387627,174.5414462790307,161.13706325211635,163.35823863697962,159.96908076638616
2640,88.0,106.21777292125041,160.07685511624243,15.203595914578361,34.761365591682576,173.380707104669,156.43813424330028,160.68729521984912,155.82026768196235
2641,88.03333333333333,106.7366342137883,155.41334320004714,11.445276742213784,36.61295938338207,171.36679553034955,152.72127086181058,161.6716445829655,151.97014387831453
2642,88.06666666666666,107.23559560633858,155.37637054769343,9.013847576323178,38.75991474386974,173.40561385525376,150.9174930288214,161.4985694095064,151.05061496243906
2643,88.1,107.11679155932872,156.55183501686724,8.705377270740298,37.99005828246065,175.0155666106948,153.21999819790992,161.74749085644507,153.01569636135073
2644,88.13333333333334,106.45481739036224,158.60404731852228,8.645139521425964,42.18825723132037,175.82801879157273,149.57054185121254,162.38488230812158,150.11445642356773
2645,88.16666666666667,109.15946691658124,160.06189448540957,9.629197614080049,40.08328380202058,175.39835313742734,150.83059210580242,162.8992809652316,149.44176960498132
2646,88.2,,165.09826496498707,,41.87149646159729,175.10571607395283,149.79640092627685,159.68982153368356,148.4354781732435
2647,88.23333333333333,,165.23858155897875,,47.35764590918693,173.6960800347034,151.13824454623017,160.34045457069402,149.06876510802525
2648,88.26666666666667,,165.20878474777524,,45.542484568500846,173.82668907240998,150.45115514442224,159.4852957997931,147.80946988023925
2649,88.3,,162.2185148781345,,47.760127545478625,172.73254899918427,152.65153308385808,160.7310610181705,149.72503978725476
2650,88.33333333333333,,162.04640524489346,,46.837671272185126,174.77216658553652,154.7372511496229,159.6285238178216,151.3715005210915
2651,88.36666666666666,,162.96657658514147,,46.72245599335888,174.0453726524507,152.4499654970884,157.80517872012172,148.46375896586358
2652,88.4,,159.7831415872083,,47.8999837737574,172.58615606850933,152.77760073725338,158.1248291788557,149.57836513505828
2653,88.43333333333334,,153.55459555768473,,50.080225942410074,173.50164021928694,156.18549499518855,157.81520991380884,152.37189421024658
2654,88.46666666666667,,152.77929751337322,,48.546926124396805,168.04168656625828,158.57949332323977,163.18251628745227,154.60171507675943
2655,88.5,,151.90970835932794,,51.05121020477023,165.7740782937291,157.6110010348421,165.75984420745496,154.35807710604917
2656,88.53333333333333,,146.64367701997367,,49.714193914971425,166.66854217002583,159.58450081385777,165.8744439385387,155.44937972577034
2657,88.56666666666666,,146.578560994465,,49.79640933372788,166.9787071961367,162.7664923906155,166.37265933574628,158.35465299086002
2658,88.6,,150.4738273201567,,49.2370619446815,165.35504197164772,160.8612571549154,167.44371437778045,156.92609086399153
2659,88.63333333333334,,148.74041167491754,,49.50046150776506,162.40292388967828,157.20296586725624,169.0500645202469,153.53465840886724
2660,88.66666666666667,,147.42902963997753,,48.1836970326815,161.8779876465917,156.69099246375038,170.45056450614706,153.4297928079513
2661,88.7,,155.63095202214254,,46.08511929542942,164.068953368887,157.36163031461192,169.88063522858477,153.81858902313004
2662,88.73333333333333,,157.7387477566207,,47.03127458051581,163.05563759328714,154.52473785971853,170.2275055629297,154.14159075853308
2663,88.76666666666667,,159.93693026049831,,48.758127703891034,163.65394315974604,154.79208778436077,170.15962205880308,153.24585640898286
2664,88.8,,161.7783904159026,,49.24263345995022,164.46210452694504,156.62742076316258,169.76353016566745,156.21963810666676
2665,88.83333333333333,,161.7501406046998,,49.048226312007735,165.0569860283116,156.73956015942386,169.78993160089803,156.2396535966131
2666,88.86666666666666,,150.95761756476392,,46.485674886956666,160.77863509076596,158.82113144070945,172.84816873888298,158.83247963115744
2667,88.9,,152.56394911623727,,46.7007614407038,161.10476455829354,156.90181252308426,169.9892788704812,156.7783486406512
2668,88.93333333333334,,154.98828113209802,,46.91659441640279,163.8771506564722,160.69644869003727,168.63890831994095,161.9792123389195
2669,88.96666666666667,,159.55948131176527,,45.6995822858171,163.45236323230492,156.17101629674994,167.76759181369653,155.63248781056677
2670,89.0,,159.93301769850254,,42.489513437823156,165.18506978481906,159.71171295195091,165.13156640688058,158.97312365508225
2671,89.03333333333333,,159.28849238832964,,42.542294798171,164.67349839588996,160.95508329361502,164.56553571861824,160.8279277861744
2672,89.06666666666666,,158.6652487602102,,43.87759625534147,164.9466441673884,158.73538746342822,163.80371691015858,159.36287911073822
2673,89.1,,157.598432171835,,44.648539834298006,163.10745604907567,153.22576101230263,163.85756972993187,156.10930270090037
2674,89.13333333333334,,157.6300789137409,,47.32687193746946,160.64050568648753,152.63837244440563,165.33891630539188,154.27568047438174
2675,89.16666666666667,,158.84273927138577,,45.22128300890027,158.48311782965334,142.2741860447417,166.18633829908754,147.66166149058208
2676,89.2,,162.25050239235307,,45.20394139976324,151.44360897298697,142.47903080792085,160.77254368090524,145.2311003758358
2677,89.23333333333333,,164.70354534634583,,43.944425086079065,155.38660003464648,146.8391693868293,163.85537475866184,148.06448374840096
2678,89.26666666666667,,159.03735868248555,,42.127673582689766,148.2704647001052,139.07530703792668,160.10246219497293,142.64259952745135
2679,89.3,,156.26811252923528,,44.66062871427961,147.96227407003755,139.30509717681576,159.87938979596512,141.26145185459202
2680,89.33333333333333,,156.3679768402205,,44.62653413231046,148.56101658798974,140.02728296976207,156.66269921354814,143.93177039495262
2681,89.36666666666666,,155.8333474028592,,47.69540954982874,148.0536678947895,142.12548975936934,159.89742960017387,145.0084348966664
2682,89.4,,159.11753518893212,,41.91409012193824,153.96836296880815,143.37520494833979,159.12966464337725,146.14298489811492
2683,89.43333333333334,,157.02264204938953,,48.168344899303825,150.3529263522105,141.52592348637975,162.11439769924928,145.49622150265986
2684,89.46666666666667,,155.3480013393809,,44.4633869753109,147.3298401791677,138.2673822508867,159.01848461213663,144.5383340787733
2685,89.5,,158.19144856052958,,47.34863380887213,143.66530092173835,139.29135243104338,154.98481222804043,143.68111345639335
2686,89.53333333333333,,159.68037729852458,,46.9602992873701,158.82422224743678,145.72736069410348,154.67674449146875,145.68660369968475
2687,89.56666666666666,,160.05595985296137,,46.650888955601225,148.8294978557222,144.06941390521297,157.46312937618063,146.10553407019685
2688,89.6,,160.86735516958043,,46.78359164728579,149.12377432432237,139.5699186040919,154.1672130571869,146.68636300200387
2689,89.63333333333334,,162.94277363640097,,48.554005130255725,138.23787024089134,142.9425335393117,163.97679245415603,144.05428809989283
2690,89.66666666666667,,164.412152515744,,41.57183650316103,146.61604811339348,140.45486388806157,161.71348085498786,141.88605371970394
2691,89.7,,161.54807473287883,,44.0318882596411,144.2767184688223,137.17959433259202,162.2151846363836,139.44408423962864
2692,89.73333333333333,,155.53019109337117,,51.73678205582631,,146.27576986199924,,147.09554451924868
2693,89.76666666666667,,156.680503208605,,49.204712918761984,,142.7944506093908,,148.68382406039393
2694,89.8,,147.33875361765692,,47.49891342578281,,145.72176127750123,,152.73645111935045
2695,89.83333333333333,,149.66141307258337,,47.0682990503227,,140.44165609739412,,146.95890850851754
2696,89.86666666666666,,146.84058002640765,,49.06978340234018,,141.5766375982548,,145.92883042967475
2697,89.9,,146.44307713416447,,48.94622808522004,,144.2301165176095,,150.08614331261774
2698,89.93333333333334,,153.3637679601006,,47.785048179622414,,144.08882281061176,,149.45911815746697
2699,89.96666666666667,,158.5976045737882,,47.410671495099606,,146.830987167984,,154.1038120753804
2700,90.0,,159.14780720090454,,48.22509452062014,,146.6349594027877,,149.95991311840734
2701,90.03333333333333,,157.16846405177714,,48.97568671161179,,146.49297064748205,,151.68584766183764
2702,90.06666666666666,,155.68485104872897,,47.60463943050986,,143.53370633403514,,147.8403277361189
2703,90.1,,153.25801245369004,,49.115798922195545,,141.0347025391399,,144.53007415110324
2704,90.13333333333334,,148.42065102746602,,50.83388420458279,,145.33040101199376,,151.56132551563186
2705,90.16666666666667,,142.78111422660018,,50.78857238841191,,140.43203896008947,,144.77713172822814
2706,90.2,,145.2427907706224,,47.08827316195475,,141.26892892034908,,149.3796491323129
2707,90.23333333333333,,140.5781821306051,,50.158192013823495,,138.48813619295933,,145.52667069269953
2708,90.26666666666667,,138.51645649388772,,51.180399815671834,,139.41323256444238,,145.20879711007214
2709,90.3,,138.59900555815082,,50.404223151971706,,133.54464044023626,,138.7837207070618
2710,90.33333333333333,,134.9619616781749,,51.72588253560462,,139.88778678674555,,140.6736697150614
2711,90.36666666666666,,135.90984212786225,,52.52321686092734,,150.3371792447361,,146.0045784851057
2712,90.4,,133.89242493113468,,53.789940058169414,,147.90242074493852,,145.08178907323475
2713,90.43333333333334,,132.42175983129846,,54.417048305734475,,146.96788425673006,,145.08043389547632
2714,90.46666666666667,,134.41496078007782,,52.365770699269355,,151.8462958673111,,146.49014481024946
2715,90.5,,133.11977420983578,,53.30844517125292,138.86177149756278,148.94571164491083,155.56568791396467,145.81999625112155
2716,90.53333333333333,,134.34747897300088,,53.338035575605424,137.82554121428896,150.51085126730825,157.31682318441284,145.76265543451888
2717,90.56666666666666,,132.7677195560047,,50.39103247379028,135.38889843536668,150.1272583712585,158.14682624118754,145.47288835677475
2718,90.6,,133.04208870505556,,49.155270619270425,133.72215205808212,149.5738960897721,162.09795966062853,145.79751253175056
2719,90.63333333333334,,130.31518431705976,,45.29910533081603,130.16121108255996,148.2746926338459,165.21856580587163,143.6228899195449
2720,90.66666666666667,,129.20062441899663,,46.50297797144962,132.5473309975175,146.91298170696098,165.32699791960226,141.7937904246573
2721,90.7,,129.41293159070062,,47.96297945535991,134.53996482251296,148.06662132736753,165.44307665549113,142.4130853646508
2722,90.73333333333333,,128.89515319971082,,47.09200783258512,134.63355726058373,151.86874650163287,166.62185008264976,145.9997424607607
2723,90.76666666666667,,128.70612074477395,,45.491726051077215,133.66188453119025,148.2007303656958,159.95236870213586,142.3468092699305
2724,90.8,,128.26768802376145,,45.68936136001983,133.83372663112098,147.9901868433319,162.68628064938005,143.28516805413963
2725,90.83333333333333,,128.01553415270214,,46.228459998182906,134.07024308857626,148.38337847957115,162.92806101110187,143.42066051907278
2726,90.86666666666666,,129.56430906460363,,46.12945289161297,136.3247650323703,153.87856098060365,161.76430543570604,147.5780264044769
2727,90.9,,129.61462575596815,,44.365987734692126,139.82963689031223,153.73546597613287,160.61250106561894,147.57015436297996
2728,90.93333333333334,,129.77089614628363,,43.68761976063543,141.66414033271556,154.08001465832336,163.56823619695703,148.27445484302754
2729,90.96666666666667,,129.8080695418617,,47.33039125357797,141.49282495066205,157.06141100315628,162.76486112880772,150.13912461732167
2730,91.0,,128.9273396903841,,48.99216173849617,141.4295540869366,155.67807122256957,162.28920405829226,150.18343677928144
2731,91.03333333333333,,127.36460711323048,,48.593824447630666,144.0268622115183,160.71898296385496,168.76697863137616,156.04258434699574
2732,91.06666666666666,,127.98114455062404,,49.72463433552622,148.56485779436463,163.62087925697386,169.7900899166911,160.7935408668422
2733,91.1,,130.9754696089622,,46.72066124584487,146.98318224987557,162.44734630750145,165.11611072019133,165.0611926449628
2734,91.13333333333334,,128.98463920500498,,48.92509944753532,146.8637595189881,163.79960165929566,167.53561604048227,162.20039076522812
2735,91.16666666666667,,131.0575279011942,,48.53981420609502,145.7443500144428,162.11853531553763,167.3751455935495,159.3666988309062
2736,91.2,,131.6376217573581,,48.66037445500035,145.07398596446677,165.1522217976651,169.479173673904,163.32481056536605
2737,91.23333333333333,,133.10080802246085,,48.838600507013865,144.85488971195903,164.09175528978545,167.71261281973676,161.9380419387806
2738,91.26666666666667,,133.60932980077348,,49.261300772344775,148.03764515276706,167.91501334879567,169.81054421844195,164.8581998832741
2739,91.3,,134.40770548939437,,49.824311102354606,147.90646959532543,168.21419652848644,170.51997689590868,166.82621263106472
2740,91.33333333333333,,135.53084879507725,,47.12964711252195,147.81597532269745,165.75556120794278,170.676416855852,163.69940783155027
2741,91.36666666666666,,134.97033834459492,,47.08657401993437,148.23702105773359,165.94819083536083,169.86552457860464,163.62428500737283
2742,91.4,,133.01119350646294,,46.71627212226693,150.90187086295614,165.81281682201245,169.93571478252997,162.69257745495213
2743,91.43333333333334,,133.56481522570425,,47.4962371778138,151.8288232879501,167.15107571691206,170.3482520272588,164.86168581103547
2744,91.46666666666667,,132.016101447433,,46.680711969023214,155.2765963635956,163.53286269429384,168.58420461193978,161.41718137374562
2745,91.5,,133.38017256297516,,46.407605476796995,156.6303805292501,167.07120784237148,166.3177690151433,164.68794541900417
2746,91.53333333333333,,134.5879054062945,,46.33228350695185,155.54394018746842,167.32630772291395,165.61859414254872,163.69650189094344
2747,91.56666666666666,,133.23382067960492,,44.11322345355614,161.22678928708038,164.88515909161868,160.88731790265552,159.80168747953186
2748,91.6,,131.40102632022567,,41.88136793497259,162.04633084106703,159.15173392588113,161.80955857105235,154.54959420730162
2749,91.63333333333334,,129.03814389219832,,38.50793795285473,161.70382181666602,157.57526418790687,159.69760214752415,152.4142300918637
2750,91.66666666666667,,130.67337453945507,,36.211969551515764,157.21033218469842,151.73355819529579,143.50160776437244,148.03712593782797
2751,91.7,,129.88159992473248,,33.44061969611708,160.57261262721153,152.58923125055824,149.78868940693994,142.5382022618561
2752,91.73333333333333,,134.33554978308382,,31.975998286331908,159.44772629401987,153.35601598791212,153.3478042113498,144.13520285676663
2753,91.76666666666667,,135.69021897690416,,27.710977919092542,164.1436138916517,158.19233969620686,154.25545486750212,149.7268268151213
2754,91.8,,137.55441672716165,,24.042970263664465,163.6259999679125,158.8808680399555,151.25313981149114,150.43328528282413
2755,91.83333333333333,,143.71728100610517,,22.49180154993808,166.8520716166024,158.5076468646998,152.26173834714876,152.4338385611783
2756,91.86666666666666,,143.34889111972146,,20.19819838388038,169.66889067816794,160.2256174639222,149.44534210709276,151.19849143614715
2757,91.9,109.20914985785707,141.0502564617275,18.827305181611084,19.746594952988367,165.3289626760872,155.89381530565356,150.26309490766178,150.38997187396265
2758,91.93333333333334,108.53196239089705,142.54027345166097,15.87345359723436,20.09298259979593,169.64005835865504,153.3432655630612,147.86222151365104,151.63952263426057
2759,91.96666666666667,109.71451930219268,149.57836530207373,15.865775163485152,23.20095761734426,168.05970421049815,156.48342508715595,153.0744490694823,153.9510087359794
2760,92.0,108.95439543592666,153.97324201102919,15.146305297011049,25.952918612964385,164.37492743127578,153.73658338417144,155.76565690382125,151.3324364344464
2761,92.03333333333333,108.33581899592946,154.015136998178,16.433650803644497,24.83884199692929,169.34801872179125,160.13916934353497,159.53776668872152,157.91678983609825
2762,92.06666666666666,107.86377462273832,154.88930881129735,16.788211421861178,24.78100330254234,169.63749003634248,159.35298810389668,157.99561977663018,156.60087138909054
2763,92.1,110.23823843191236,157.10230131938144,12.258375947613873,26.65475196311268,163.3824225852152,151.00357603311573,158.61233186791392,146.29115788758216
2764,92.13333333333334,107.96310053896117,155.32032761777836,13.919863096883677,25.253080539964863,166.1034410473266,160.70135087586706,164.78765522262395,156.02480859858846
2765,92.16666666666667,108.0099944944784,155.6386363824666,14.219323535569995,25.016088765614803,167.5935685418518,157.0764930118169,157.31348142153072,151.6394455128566
2766,92.2,107.91986526438484,154.9489345059809,14.659549061541693,22.218110213864723,168.73022915099668,156.1793827973142,158.55406164163503,152.2157840029159
2767,92.23333333333333,107.27092482979265,151.84365595749634,15.042432902564606,20.169108661306772,168.78652087451755,155.94255190998854,157.3546970046837,151.78743201262316
2768,92.26666666666667,105.56254991508445,156.69886307659937,14.347244623429267,25.082575867859926,169.94601425009557,152.64322960705778,156.92341787391064,151.04552631820616
2769,92.3,105.42892812130128,158.39153544674502,13.298358452179105,26.71185626583811,168.0492121059965,150.22301304986632,155.2444777401012,150.42174539233324
2770,92.33333333333333,104.7006748663476,156.8589442633821,14.4983118855999,25.727420997074155,167.93883109105658,147.49562739196844,155.42434979964847,149.83942641448704
2771,92.36666666666666,106.69106385506049,155.58317394220828,9.899444758093741,24.893916085232824,164.0598618881239,143.8960370970559,151.75853800013056,143.25219414469484
2772,92.4,106.25604880401711,157.5479681996381,10.65935853805545,27.487484977354256,165.5647313664599,142.6063853973678,155.8808509850853,144.6904207877094
2773,92.43333333333334,106.40068233883723,156.57655766016038,10.049051506375339,28.319530082582126,158.5567862945069,138.16288547033406,151.00382729634038,138.1105891282912
2774,92.46666666666667,106.34837298255161,156.27970079615318,10.558356551654773,26.827433839962385,160.61466905691995,142.1053243109807,151.72012847220384,142.7255542606319
2775,92.5,106.41409531810838,157.59249402448802,10.430413904776293,28.62627177639119,156.37944110767947,138.22566156512488,150.93050619251,139.4987496823754
2776,92.53333333333333,107.1241840703226,149.39464544884126,9.476149453653337,20.291729896432752,161.99175320450752,141.3805403799769,148.10646909838235,138.47378147469564
2777,92.56666666666666,109.61553353036425,152.71148702476088,7.234610226022252,21.749961121526145,161.62799776124712,141.07364891787932,150.82011523063912,139.48381581868395
2778,92.6,110.37506052707107,153.80086769293547,7.769863554563288,22.25325002473789,168.32891234409806,141.53428317811284,150.29217617899272,138.70041477444641
2779,92.63333333333334,111.17580428163963,159.23375388476757,6.202336832834492,29.36867336780767,162.76203130085975,137.22167943161904,148.27675205822442,137.25264647711424
2780,92.66666666666667,111.93553814941173,156.00663274560284,7.514621517918133,22.315210122993467,167.28742505990397,143.2380790844764,148.14130329360603,140.5625665669852
2781,92.7,110.4601270816162,151.83829355214982,8.266543759092237,22.49428843291437,168.01126312485584,142.12698646706815,146.46465088893422,139.70182983023903
2782,92.73333333333333,110.42992299701275,152.05765851218214,8.235211856588963,22.807319665851093,172.27507916985311,145.50281111765148,143.60368266017392,142.18533306584658
2783,92.76666666666667,109.38559343270248,149.39639603423387,7.8497211056628595,22.951154624482793,166.82160609041884,144.44009710226717,139.85689758472657,141.43173457295973
2784,92.8,109.7838595052588,150.58726425494544,6.686932039412253,23.00859040802633,162.26376809603718,143.03930015335123,141.31852976756068,139.68316830069855
2785,92.83333333333333,108.35886165670283,155.72166899476906,10.625928903309138,27.68399888607651,157.80965084478865,140.61439865750756,150.06452295199466,142.97778340808972
2786,92.86666666666666,106.33296782359137,158.1738791064104,16.525130359392183,29.107852214015136,156.68480506824434,142.06493738892465,157.14690605231897,143.8675838558118
2787,92.9,106.50996251422714,157.31592894797416,14.780779927249693,29.57060252364502,164.2291496065671,140.86903500658727,159.21837973530563,143.31800606181966
2788,92.93333333333334,107.16469445067145,161.03427373710048,17.776112901933757,31.855432426209745,163.08986418914688,142.0660093001941,159.74863875261798,146.6485406954581
2789,92.96666666666667,108.57789605469605,161.17679739560677,15.303641006191816,36.20045182320503,164.0606371429586,149.3971287962882,163.0703923454947,151.95269651789218
2790,93.0,107.26865974268888,161.28804039943884,18.234864019825196,36.117610357694204,164.53085936754633,154.4617160451179,166.93647073236917,158.14468847567153
2791,93.03333333333333,108.21953510647133,162.3809530334453,21.130150388560946,31.65884943314601,164.73607230071156,159.47568436587895,169.9654423004358,161.470770984741
2792,93.06666666666666,107.30600026736234,164.41124379074128,21.288669822107337,35.56812626746556,166.94487997135082,155.0800205925989,162.7738070925185,157.05042200972966
2793,93.1,107.3470950731878,161.78131656709246,23.23334628166797,33.0544646801394,164.45650840722473,151.58382764351668,162.88943035288472,157.0154962325524
2794,93.13333333333334,105.73512902330691,160.3722838893497,21.063020523611925,34.25758285780441,165.91137524402603,152.69605652996916,160.53481685817007,156.2834850947009
2795,93.16666666666667,106.98722721508042,160.42497899426854,19.854664221797076,35.81128503437586,164.51523881558398,149.8871694731034,164.0030708563202,154.19832340895087
2796,93.2,113.74373665991219,159.0229483030548,9.496741987559261,42.69115216178234,159.67962407939171,132.17833036400435,156.50392136360767,138.21945064754058
2797,93.23333333333333,110.61218236820844,159.96615547317603,11.347631700048801,40.60782079010601,162.96977118047283,136.35322040882033,156.63469050782277,141.56136817169735
2798,93.26666666666667,112.15145494086308,154.00463382456093,13.720187716293031,41.70366295716926,161.6863765902052,136.9983359783768,159.5461323544875,142.49999357167226
2799,93.3,110.95156350952308,152.80760283754265,20.56942715529809,37.086519843085284,168.4123407617699,152.5451963041866,165.31321665829344,158.2122670025165
2800,93.33333333333333,110.0168196764852,152.88970952077324,20.339035878398086,36.75475357115373,170.13317344252462,152.69975707576512,160.77540384351704,156.37518802730608
2801,93.36666666666666,,155.00895784034356,,33.36207187947541,167.3443687606887,156.94658916844585,164.52653832419858,158.6833259142436
2802,93.4,,155.6802031108442,,32.613270676491624,167.43043683491382,156.77715541730845,159.44204431460616,156.73198248503667
2803,93.43333333333334,,155.23111517760827,,32.45946694393438,165.17817923479416,156.99487474083108,161.78038831638045,157.16263328978377
2804,93.46666666666667,,153.5270550967305,,37.729040854044584,163.08391738906104,156.04448635759442,166.5115278457106,155.71254680854648
2805,93.5,,157.24945707658372,,36.38898869781064,160.99340922004745,158.7282564843047,167.39053973141242,154.92467172957427
2806,93.53333333333333,,157.5339070664817,,37.944673335484865,158.74883114319874,160.21084456158715,167.87740800164684,153.42383727651656
2807,93.56666666666666,,156.71288699748558,,37.48577247039616,161.68497945879093,157.65951098142895,167.11259300625582,152.27280941800439
2808,93.6,,155.53331946090248,,39.18507112299399,160.93212942075544,156.07752742870892,168.38959695918064,152.25198687894283
2809,93.63333333333334,,155.6741856550328,,39.00647788490454,162.39241458760165,156.16500738293473,167.352561920506,151.90925451980144
2810,93.66666666666667,,156.87541194873253,,39.440334787370226,163.17944587514583,152.54008884910164,166.8920970394247,148.93618042859643
2811,93.7,,159.19861542532928,,38.13999033237939,162.21539756171438,156.76562460277853,166.39564449799423,150.537158661289
2812,93.73333333333333,,156.2491354941876,,42.29640091790805,164.50939947286432,155.99811726450426,164.9123093873413,153.36482048800943
2813,93.76666666666667,,155.8276526167343,,42.64155974168194,162.57284728405637,155.62461095993012,166.38619213031436,152.24349348735754
2814,93.8,,158.52193672065684,,40.42697294800988,164.0936662242048,156.28331370507206,166.39435869217797,153.37452204221725
2815,93.83333333333333,,157.5322874892155,,40.548126124493024,164.07098637895422,156.4174868820476,165.56380783124487,152.68567488229013
2816,93.86666666666666,,158.07785620560747,,40.70137878479028,164.8212801940101,158.95741094036964,164.9945974016539,154.29486862809952
2817,93.9,,155.33817404677524,,42.51771571678222,164.75986891201518,160.5471485657639,164.06881836488648,155.699434557271
2818,93.93333333333334,,154.5060511504582,,43.29143334317038,166.26796884997142,163.77910422694265,164.9334358903226,158.87579618802073
2819,93.96666666666667,,153.81367474807783,,45.990621328968736,168.7695684874267,162.91790085671235,163.9938209107058,157.36477353378368
2820,94.0,,155.0833496874456,,44.34095846108822,168.4854292209601,162.42409406047835,164.5027797251208,157.30815769583455
2821,94.03333333333333,,156.76301870443936,,42.80201647150149,168.66486763916325,161.6227046969791,165.13756703168298,157.40185674202436
2822,94.06666666666666,,158.73469823941116,,42.32658135472447,168.94296794898378,162.07893715549085,164.8342249070677,157.7355433388959
2823,94.1,,157.89101696289433,,40.44082763455551,168.28391933316996,160.13901362064814,164.24967173721524,155.606691958997
2824,94.13333333333334,,159.5503457532211,,37.56681081299181,165.9289865463312,163.2785978582626,162.93489998855608,159.21818334854217
2825,94.16666666666667,,154.1061885512281,,39.325879750956915,167.30565902403978,164.9206437607427,165.54372282287366,163.1990428607467
2826,94.2,,154.96718100200997,,34.65623051875905,166.20083173397845,165.8763744159833,164.03357505740908,162.39029591630901
2827,94.23333333333333,,152.28534944823735,,36.894859085915485,167.91949987464187,163.62165748293467,165.16288587956168,160.41023575470948
2828,94.26666666666667,,150.28344346059936,,34.62608937451825,165.57275424319093,151.5330419861315,156.79800360630028,149.86657499223116
2829,94.3,,152.27224048577835,,34.61389055485862,165.4626478623954,153.21887200013873,160.60825215566393,150.30015427210412
2830,94.33333333333333,,152.56571188690086,,35.1963718045704,163.7153683861709,148.54252630067955,157.58207006310448,148.482556463956
2831,94.36666666666666,,153.96358340100767,,33.46304193878013,168.3511625968252,151.16037435809181,164.83758086556062,150.1024986712767
2832,94.4,,154.61823662474035,,32.11071155131724,168.5551832494112,148.53801541136434,160.91048702401855,153.46506396820567
2833,94.43333333333334,,156.4211271849985,,30.83991881486171,168.32115884687693,145.785273761376,161.12016416607634,147.0371969736905
2834,94.46666666666667,,154.54373760135525,,34.74663787825566,165.8643664392511,146.56112461629618,161.86737801691248,150.02217838555143
2835,94.5,,157.8738220731473,,34.07681759668346,167.3715906524323,152.67243124087858,164.2302634220335,161.23837030306728
2836,94.53333333333333,,157.53918468705368,,35.61672638970897,167.20579347289586,149.40871256261133,164.94567405059883,154.0324692624979
2837,94.56666666666666,,157.0191571434245,,35.95284809771763,167.26027472024037,146.20455931026407,164.33749828208764,150.589939759789
2838,94.6,,157.24016862186585,,35.73921594075142,166.81853212430065,145.78648417487497,163.6349279633157,150.4580385921465
2839,94.63333333333334,,156.50372179489497,,36.06400039870075,166.46009113178854,154.72279069018106,167.5811668625002,158.85596756066963
2840,94.66666666666667,,156.39060055682015,,34.50633321184342,167.4907195464594,155.11414813090596,165.26046379862245,160.2248189227349
2841,94.7,,156.8833879196948,,37.081762222175676,166.5107576372245,154.4176279290606,166.060168826608,157.3823047442543
2842,94.73333333333333,,160.5134374535512,,39.49832077809943,165.37479821854188,154.38669298268582,164.23011942386796,155.95108382513308
2843,94.76666666666667,,163.34742426620798,,41.14331205068514,166.33062810373113,155.11681955264984,165.01074984073642,156.35067532640332
2844,94.8,,161.41119452744275,,40.535323975698674,165.90171439375632,157.53332502534371,164.78811566082607,156.51610400234875
2845,94.83333333333333,,158.98068769981953,,39.80511108538592,166.093314945681,155.6689682391527,161.72331783196014,153.0119176212494
2846,94.86666666666666,,156.35120273972603,,42.45017825929892,164.3376923808156,155.12730736486682,163.57445370843485,152.09245793511099
2847,94.9,,156.10815564441086,,41.83762954484867,164.46547010670835,153.93000271988564,162.95206481585183,151.08467683290786
2848,94.93333333333334,,154.34570757345676,,42.30088273959245,165.74842449951322,160.9793460071799,163.03548142088806,154.71130790144775
2849,94.96666666666667,,159.72015917072787,,40.83597078507412,166.35848416496108,160.14223764171473,163.56629485753993,153.9040839461026
2850,95.0,,157.91854679080805,,40.58990887101837,165.85223264970566,155.16327066193784,162.86658445570552,145.44321088971896
2851,95.03333333333333,,161.8755971823029,,41.28878970298763,164.06156561483687,152.98834582948263,165.55053307226657,144.79071628764532
2852,95.06666666666666,,158.0395859258342,,42.47903734803681,164.84665367236082,152.69599558115584,165.05444904011435,146.2696133751469
2853,95.1,,158.52439095454437,,44.88528212803509,161.412857473,152.28513645054744,166.90973142136806,147.15328797321214
2854,95.13333333333334,,161.6406442335643,,44.25121233719729,160.92392246389255,151.72512520031026,167.21037242329436,147.0373591752969
2855,95.16666666666667,,163.74325887789072,,42.90383173775123,162.01113184071866,154.75810497093033,166.07201044916025,149.39419413093955
2856,95.2,,160.89712460961334,,47.52822999361941,163.1504149793857,159.54153054506273,164.10909535302522,154.28139932298993
2857,95.23333333333333,,161.82543619704384,,45.551570670630596,161.63407287399795,160.03491411271528,166.0177130975152,155.1448563569078
2858,95.26666666666667,,158.24328644008122,,40.60718443548764,159.83328161371625,158.89095386255954,166.57351178103377,154.7060072546966
2859,95.3,,158.54471823386731,,41.40076487305315,160.39091095449504,156.8329249206479,165.05793165426113,153.35351075859145
2860,95.33333333333333,,152.30397686732556,,40.235456543929864,160.60258640312293,155.71974282752126,165.90671014856184,152.23269982244528
2861,95.36666666666666,,152.59242388066755,,40.81332421699032,162.65761844097187,149.2901720844771,164.74133722808742,146.79320939748058
2862,95.4,,157.09565333082486,,35.671716032926085,165.8634254865985,151.2117690236807,164.83600496267857,149.25009350819423
2863,95.43333333333334,,158.3098850442447,,36.482435495548735,164.5409287810141,145.46720878013898,166.89965380320032,144.5965340897858
2864,95.46666666666667,,158.40733285030836,,38.79231639230755,161.60815947847493,145.1417899108272,164.6940534869646,144.5302489009767
2865,95.5,,158.40658454424153,,39.8673783863855,157.16232225343708,138.67857703181625,159.0301886733924,137.96303840828
2866,95.53333333333333,,157.772584208734,,37.46277678280732,162.10906190395272,152.14203576110225,165.40625560623405,148.31427677390505
2867,95.56666666666666,,155.98557393656364,,37.602414607258645,162.506624248666,151.24579464107228,165.82531244855483,148.2040728780531
2868,95.6,,152.31537769568865,,44.66156169874466,147.81524292948188,135.8565494643671,161.1980266681516,134.58256428877394
2869,95.63333333333334,,151.6801066658073,,43.129474811909034,159.3305812669291,154.67488074281025,170.6846521575442,151.40138092350267
2870,95.66666666666667,,149.85094628891514,,38.74299804779011,161.10535043481647,157.17548756791706,170.39611685273425,152.68484089836227
2871,95.7,,150.04784443346463,,42.27255617930377,161.51354042744816,155.12166228491944,170.74742583139002,150.07792920726797
2872,95.73333333333333,,150.68010317891208,,39.90947549654621,161.42815824144114,157.48427654387112,167.25618413568995,150.47731742914104
2873,95.76666666666667,,146.81992609986446,,45.85192898344565,158.8152842963496,152.5892240878405,167.55449653549897,148.4295048722611
2874,95.8,,145.63067595694187,,47.62823467675654,155.47682315966975,155.7847902932518,169.9591698366572,149.20273354839182
2875,95.83333333333333,,140.66108247004763,,50.43580959903227,152.17092321115973,157.93395030397656,170.42759661117756,151.38148279485824
2876,95.86666666666666,,136.17757347649004,,53.85134122570228,151.1502185507647,161.29868426999616,171.03517178578707,154.9885339399446
2877,95.9,,134.34865079895687,,58.04332748601159,153.66794191820276,167.73789366243076,171.42879458362242,161.61703549534022
2878,95.93333333333334,,133.8767391973531,,58.706040571217635,154.08678384195355,167.32394088695796,170.09152427288578,162.4668347609615
2879,95.96666666666667,,127.51955288682039,,60.33214645511605,157.30868846812425,167.16773922328244,169.09683496943538,161.9607230292816
2880,96.0,,125.00882808776072,,56.64164127402595,160.43757561604778,167.74528073422138,168.2944534029707,165.14274137611295
2881,96.03333333333333,,123.10550646058802,,54.16404438208494,157.5329050269719,168.59957226823244,168.72344839880935,164.0143482818051
2882,96.06666666666666,,125.82519538749547,,54.57303261396602,155.6182355590834,168.0081788213841,168.8995095551322,163.6431933932626
2883,96.1,,124.99229853058641,,54.70531385215219,156.64955360301715,167.80162689537423,168.60985230280065,162.95228019643636
2884,96.13333333333334,,126.45619432562212,,54.14711986678344,157.0985452160295,168.33736237476114,167.35554959180917,163.01830472743555
2885,96.16666666666667,,128.00553070192555,,53.47992078593278,155.9814875943834,168.69075397829448,169.4740573900843,163.2052343640502
2886,96.2,,127.72035134341068,,54.52563156125546,155.03511422713976,170.06353681498476,171.55163147259407,165.3337414978412
2887,96.23333333333333,,126.35715051659517,,53.171236094396086,154.49325429655104,167.9774716249438,172.25692106267667,163.27768648658719
2888,96.26666666666667,,126.73993522630059,,54.0291877108394,154.69750884284764,169.546935380935,171.57989159757554,164.0534044143369
2889,96.3,,126.68478869500667,,53.49988360829383,154.92455537354624,169.13074372455642,171.53755597403065,163.7148891600309
2890,96.33333333333333,,126.72794043668301,,53.514952738293076,153.5076564823095,169.66970535679803,172.2091547259274,164.75872071042758
2891,96.36666666666666,,127.28307095694228,,53.81118567680288,153.18547117842047,170.85854759261642,172.82767535646974,165.6402930415941
2892,96.4,,128.8409336183733,,54.347282597602025,153.02674111063504,171.70905865554738,173.43133386979176,166.99211186999597
2893,96.43333333333334,,127.37636205914397,,53.27136976780567,153.10538832044978,170.56139861557676,173.42457860810745,166.80179396083014
2894,96.46666666666667,,128.5231498837386,,53.69177328544695,154.97181974681223,171.06053425655418,172.56514209821046,166.83750920607807
2895,96.5,,127.537566309108,,52.49909500278052,153.68059983214886,170.16273394985913,173.7230939692742,167.59873628825812
2896,96.53333333333333,,125.1774092097102,,51.96400831607138,154.6261246129174,169.65766673365505,172.48504565212988,167.3886492290109
2897,96.56666666666666,,124.35827539276995,,51.02508964617266,154.7858532191718,168.95124814383607,171.6675783393757,166.6811137667581
2898,96.6,,122.4212205379505,,52.491617407024215,156.03475161939826,169.15697344616362,170.71076196021463,166.64368056563572
2899,96.63333333333334,,123.60811279974244,,51.506555087063106,155.5611614908807,169.24205755879163,170.09983948451125,166.1137037308282
2900,96.66666666666667,,124.1892832616552,,51.77158500039697,155.9174873767301,170.05822202723968,169.7431120713123,165.28765915727035
2901,96.7,,124.52649175556273,,52.00884512658114,155.91649088364744,170.1721677189151,169.24621092789596,165.22607873456852
2902,96.73333333333333,,124.81524789206615,,52.16276065937702,155.72811409375234,170.82732586716702,169.66234113528608,165.48222459948985
2903,96.76666666666667,,125.05082392553625,,50.6940750733066,156.53275567772124,171.1070349768056,169.63051327887018,165.6348482328177
2904,96.8,,124.8344156185377,,50.974015847550696,156.195449308462,171.155775301253,169.61396182930477,167.2961629403548
2905,96.83333333333333,,123.91951597985546,,52.30802205104013,155.53165700805133,171.57517478808316,169.49939657276232,166.37278052664698
2906,96.86666666666666,,124.38262142165891,,51.85290632844611,156.29816735272345,172.7166069353472,169.4815393436511,167.21611941584666
2907,96.9,,124.73160283712895,,52.22377303408172,156.12646938661075,172.6737097717081,169.29314646831935,166.5857052904255
2908,96.93333333333334,,124.29168522837823,,50.49020864209327,157.81802561820916,172.45233509349816,168.91041986360148,166.26472659811463
2909,96.96666666666667,,124.63243665779122,,50.96653207652284,157.01566804987036,172.90310319685145,169.78370992352535,166.77102696452792
2910,97.0,,126.30270632364233,,49.80266468278902,156.51828340549798,173.76470148914476,170.48485271515412,167.35241453455615
2911,97.03333333333333,,126.3082765428026,,50.10758115663824,156.04534195987426,174.24441436057023,170.69923051285028,169.25619456936562
2912,97.06666666666666,,126.54189691200287,,50.123141295975095,154.91451646939154,174.6247608521043,171.5131796571098,171.12166391411623
2913,97.1,,126.27000065344275,,49.147066270953445,155.1754838260717,173.673844875325,171.02310074231286,170.08975448791895
2914,97.13333333333334,,125.80192557269075,,47.161053618510074,156.28983087166213,171.2535657294771,170.26809243074598,167.32260979742006
2915,97.16666666666667,,125.71348305543223,,45.57675932513314,157.83953103230965,170.81198271348734,169.80897098902798,166.5499569461102
2916,97.2,,126.06150188010618,,43.949683296492566,157.60738990528165,169.5001065251257,170.375435087921,165.5063968851071
2917,97.23333333333333,,126.96917709130749,,43.4237991409257,158.49786244987206,171.06918283185618,170.8257124449319,166.29122925371163
2918,97.26666666666667,,126.29509068610137,,44.90282697281284,158.75231080681758,171.3695831761581,170.09822746385848,164.6874479976268
2919,97.3,,126.23545404984041,,44.27629940301554,158.687445318062,170.6813678616281,169.57845844439348,164.39964913183587
2920,97.33333333333333,,126.07938730435689,,44.60447005842196,158.7342528669387,170.87855905975908,169.35573566615201,164.17297485710566
2921,97.36666666666666,,125.8691659158204,,45.53624651372387,158.93488961957968,169.94216930078136,169.4410144911942,164.4035876295926
2922,97.4,,126.07695011056032,,45.359912644051676,159.24938598084947,169.89930749993087,169.12071859499713,164.56510766044832
2923,97.43333333333334,,127.45542423148972,,47.934656959340174,156.83501772596784,171.70262683232403,170.15489222714461,166.81357289472635
2924,97.46666666666667,,127.99700805845285,,49.70178543013355,152.42473369260208,171.8930031268107,172.8596232473303,168.6515494251489
2925,97.5,,127.01133981360046,,50.7160993148103,151.59511878998777,172.6607035306171,173.1557838987551,168.81846114994917
2926,97.53333333333333,,127.20624298477256,,51.78300952600014,150.79990957366545,171.8956779680513,172.63807983504526,167.9232170147556
2927,97.56666666666666,,127.32403855412213,,52.65806429013509,151.4060869902063,172.56957413113182,171.87172883248755,167.1788930743289
2928,97.6,,126.12930029866179,,51.50570725811743,153.91608411624182,170.97872935030173,170.0910051219255,166.24677330752633
2929,97.63333333333334,,125.88131030762143,,51.146356394349986,154.40278301718627,171.519754923033,169.23070202013756,165.69127763913204
2930,97.66666666666667,,126.41869085062154,,51.17466442531908,153.4094754167308,172.10243693879983,170.1414140339269,166.2515802789771
2931,97.7,,126.1986292962812,,50.8856700114713,154.1607097555782,172.88895071039082,170.66955243121328,167.89060436769293
2932,97.73333333333333,,126.47332634482223,,53.233691910724474,151.87134757281203,172.07791196009208,170.3768069589627,166.79385489794177
2933,97.76666666666667,,126.29735064888108,,52.40792250973328,152.61265645751354,171.82061506714757,170.47473252649195,167.46840551591322
2934,97.8,,126.0208973442571,,52.203517779190015,153.16930976649624,171.46763134827705,170.03416841919903,167.42436529035038
2935,97.83333333333333,,126.0576641539974,,52.23519683608943,152.63924221940513,171.5263137416924,169.91063105095276,167.44665053643826
2936,97.86666666666666,,126.28663420680003,,52.62886358481764,152.60775494441305,172.089185194077,169.71878910656278,167.78802108052517
2937,97.9,,126.67942652201508,,52.98603111508092,152.41782658507685,171.87563424437212,170.87155808447216,169.45925575412
2938,97.93333333333334,,127.35702534835407,,53.476125664087625,152.1451324986898,172.01712827274133,173.50478386992287,169.53640695591255
2939,97.96666666666667,,130.53830768438615,,51.22352708385251,153.0798028859956,169.29175407605175,173.76144860005425,167.35039276318778
2940,98.0,,128.8315634373061,,49.87348776061347,150.40163315675264,163.61514964698756,174.3830661852577,163.64770058906103
2941,98.03333333333333,,126.55212600859933,,49.34525051293624,151.45955053920179,162.84583558566158,173.21012854227448,161.2923575604373
2942,98.06666666666666,,126.60702058721677,,49.63328108357299,152.06016963228694,162.3277367074068,172.7932783561079,160.7864831080272
2943,98.1,,126.99151780619974,,49.72423998787495,152.41902964565497,156.99071219274987,172.59704079221066,157.48256527122857
2944,98.13333333333334,,127.34695298474561,,49.583761270333206,152.44400058958232,156.41675365878265,171.25691697968364,156.7778008952098
2945,98.16666666666667,,127.6606143526665,,49.75519950655424,152.28811443819066,153.6692737428579,171.40165768191164,155.87353488813307
2946,98.2,,127.67458237329687,,49.195818426138864,153.8656137394962,150.19706209146005,169.94714465120788,152.42364776705404
2947,98.23333333333333,,129.36303380109692,,49.23764963611992,153.576350215893,151.87140987360183,169.68249497225418,153.20933449370506
2948,98.26666666666667,,129.9652060795842,,49.29348340967557,153.49020988290306,154.77422875913464,170.02943424499634,154.70405533310347
2949,98.3,,129.6095055347354,,52.14241736189092,149.37472900829755,155.26422131668488,172.22498784048628,153.15643558673713
2950,98.33333333333333,,128.52119449252987,,51.94976564474898,149.48626461991225,158.3481115490716,173.4343172889823,155.1749871118609
2951,98.36666666666666,,127.26476980855936,,51.18975664292505,150.60823589227527,159.6610866422651,173.84600297412615,157.11388010462522
2952,98.4,,129.21229443078786,,52.529233507059,149.92017028408685,164.39460585557677,173.2478878832291,164.06821189300103
2953,98.43333333333334,,129.100885826175,,52.935442824330366,150.35844683666676,167.03367832029537,175.45505302788183,167.1107890015281
2954,98.46666666666667,,128.97912290827554,,54.21269148829719,150.58135823219664,169.6074128038871,175.01732638419156,167.34886462241377
2955,98.5,,128.73885626005,,56.09654572478352,150.3842082811404,168.02288562150702,175.46230815765313,166.4948870829373
2956,98.53333333333333,,128.7393053212669,,59.41388701132657,150.7521612811818,171.22548782954777,173.3360541736383,166.74769745294213
2957,98.56666666666666,,131.69449928286056,,58.01686569353511,153.0421864342704,171.51447919462902,174.34331511433194,167.16221294392827
2958,98.6,,131.408590826565,,57.93804846755794,151.94892237405637,167.50849318184225,175.5842602617667,165.3959776947651
2959,98.63333333333334,,128.91741663345726,,59.085598236782204,152.64065980598156,166.18484613575995,174.5934082153664,163.63673683199636
2960,98.66666666666667,,128.98666608406035,,58.977502799550166,152.52914782460454,168.0562808059803,174.4036605435165,164.1933746708906
2961,98.7,,128.4401595739003,,60.35546119178455,153.06239237697682,166.8612032554109,173.04660392688072,163.35544689492752
2962,98.73333333333333,,126.77299208887206,,61.09631096812057,153.60625009698165,168.68303115477718,173.75028125767733,165.4477690678677
2963,98.76666666666667,,125.37091486303949,,60.73914453310436,154.11247903305855,165.10258176644444,171.90044583983575,163.2017315337915
2964,98.8,,130.71376840843575,,60.03318736183813,155.22050577910133,166.8877082638436,171.74808079707938,163.15608579714032
2965,98.83333333333333,,131.76373169835966,,59.77952103184908,154.5982586025032,167.2370498357249,172.49387227072248,163.65035940538485
2966,98.86666666666666,,131.21559195024207,,61.02928984220971,153.46607565112373,166.62508649931743,173.06528186560126,162.57988064951456
2967,98.9,,130.97942769336896,,59.96426762078449,153.43947269495322,165.70611671944974,172.97315766812338,161.55981731787085
2968,98.93333333333334,,130.76613028431248,,59.70160431954407,153.36683275547952,161.38129641606793,172.54838565355016,158.83969683864942
2969,98.96666666666667,,130.98426323405533,,59.620055079828674,153.3845028521028,156.3424089059766,172.07578685571795,155.26008112283685
2970,99.0,,131.6708048361584,,58.914484685891864,152.8506575140688,154.7275034914572,171.16453174546302,154.28135320072647
2971,99.03333333333333,,130.69574194448967,,53.2708135319953,153.4826576949699,156.1585527175719,170.63039706423734,153.86826772242839
2972,99.06666666666666,,130.2323290353941,,52.343593480435935,152.9281273701408,156.6830786597007,168.92969293124867,152.17586675592779
2973,99.1,,127.99101392085443,,54.44548986700298,152.38222184303234,153.44610360857087,168.1812887762172,149.698638008436
2974,99.13333333333334,,128.4596316620844,,52.366310238230355,152.1045209693699,154.52299410500018,168.88587560308227,151.19332048886292
2975,99.16666666666667,,126.4271796790219,,54.0487077206104,154.91649075898044,155.07895589722278,168.95399437741025,149.48046474322337
2976,99.2,,125.6654198936436,,51.44472818240849,154.35933838199466,156.69798765662668,169.17687963025497,150.3446261454903
2977,99.23333333333333,,125.6730974985368,,52.94651864171119,155.02422562129897,164.56634438334453,168.1573433324109,156.40002393136356
2978,99.26666666666667,,123.89399461211413,,50.91245091083329,152.68128171318713,164.1020646244275,169.87521044156387,156.63256358014627
2979,99.3,,118.55663312052337,,55.048618314076364,153.58000987170385,166.46380992598907,169.72845797670294,159.4779436077352
2980,99.33333333333333,,122.70402466498415,,54.168720307870394,153.27792940271692,164.96894461120672,170.82848961502685,162.40551883923268
2981,99.36666666666666,,124.6953169229,,52.28901444223096,154.0872593839854,165.03531299337698,171.89644901436753,160.92833832318553
2982,99.4,,123.38508986905335,,55.430933187748735,154.02077405196275,163.45368977955562,169.61425208019642,158.98062205512954
2983,99.43333333333334,,124.0241444381276,,56.528547895340104,150.520046379648,160.67706338880328,169.37492721221707,156.5971804421943
2984,99.46666666666667,,124.94448844535896,,57.100435440241384,150.91296238072104,164.00762993872576,169.4587081224692,158.56028954025626
2985,99.5,,125.74977056616423,,56.451351544912725,151.0486618137242,163.89658448907772,170.9168380851044,158.9840789286867
2986,99.53333333333333,,123.31643600528498,,58.426091595916795,151.80976229054303,166.00373918812582,170.4557058731189,160.1785087485264
2987,99.56666666666666,,123.7534555704231,,57.760974530488525,152.6223224929449,166.20178306025636,171.18504554970238,161.3650522781663
2988,99.6,,128.32632376788666,,57.738975144863005,152.67491471940923,167.74436092785584,171.63196783084373,163.10807338090098
2989,99.63333333333334,,129.78625964420462,,56.407956000540025,152.87698763425954,167.54054082923895,172.9721817821767,163.8994061168444
2990,99.66666666666667,,131.0894872487801,,55.60260540492563,152.98537482580673,168.52035220962472,173.2712085319618,165.24951711615853
2991,99.7,,130.96001986244463,,54.9941440051804,153.2400806020531,168.711423534534,173.57045154069516,165.08499973911233
2992,99.73333333333333,,132.22089206133617,,55.74953432259904,153.73679946507062,169.71297924784713,173.67917649856898,165.3775951997407
2993,99.76666666666667,,130.89694242019212,,55.87721822324153,153.06879826994918,168.52056028098403,173.33640203784896,165.4508676482199
2994,99.8,,130.65367764768212,,56.05469494197014,153.79482546806207,169.2590056965207,173.59666148193537,165.12033341893948
2995,99.83333333333333,,127.75074722806416,,57.56561714104593,154.17508302260862,168.85320906306706,172.1181401801966,163.8183575673363
2996,99.86666666666666,,127.33423938385518,,57.5523018124588,154.2410083609075,168.44150247471924,172.53299724243496,164.2170035530166
2997,99.9,,129.27612156955843,,57.87407575986349,154.41653717646662,170.91400350544436,172.47389897057514,166.4480784443612
2998,99.93333333333334,,129.6837092490037,,57.1036492221439,155.01232071580608,171.22602578487522,172.33458987660703,167.2757297778947
2999,99.96666666666667,,128.39609989975716,,56.85623329060223,156.32264490339162,170.53385071806915,171.64807688909517,166.74644441729097
3000,100.0,,131.54351707780359,,58.41758154956592,155.7040247605113,171.55523936754005,171.52022810385014,167.29211984457942
3001,100.03333333333333,,130.73818945433453,,58.589373101671505,155.19985442500024,168.2220852666085,172.65592061862412,165.67674081119472
3002,100.06666666666666,,132.3807937426899,,57.871228113213554,154.95833260315868,169.67327572646957,172.90113719034647,166.28390921225437
3003,100.1,,126.82397724541427,,58.880967555655275,155.62849981070835,165.46865729805594,172.9310312679648,164.00250844130986
3004,100.13333333333334,,130.5788286982943,,56.286693076303706,154.99828056652896,167.15312535861898,173.1396004649386,164.3689114660707
3005,100.16666666666667,,130.38584966147974,,56.36970855950738,153.13681956593905,157.95487697652877,173.71012614356738,157.58754380922684
3006,100.2,,130.03806481032439,,56.87003696395215,154.21737539688334,159.0263469616174,173.41664821989684,152.34582918235856
3007,100.23333333333333,,129.97461426785324,,56.93502410731219,152.7059913287928,162.74487850052896,173.90530648881642,159.63993172021708
3008,100.26666666666667,,129.77580764345657,,57.44150267381505,151.42448773714673,160.17108172531624,174.5656248786509,158.72492059541958
3009,100.3,,130.0300231166683,,57.23450851416645,151.52711334857943,162.55497612844405,174.56482878792823,160.3886210903621
3010,100.33333333333333,,129.41780198638625,,56.78374863151717,150.91147081603958,161.91369025794467,175.11031593878624,160.82216553607515
3011,100.36666666666666,,129.71350195762085,,55.42603632891304,149.80871542977226,156.88507737266926,171.7396908343965,155.19452260660637
3012,100.4,,130.2530541496959,,54.230120389622186,150.42494930360664,165.13631782958126,173.15535183860507,163.56987323299214
3013,100.43333333333334,,132.95653160582492,,52.085200983966864,149.2866745617532,164.0673310544453,173.2099961198541,162.40808254648329
3014,100.46666666666667,,132.88588997758566,,50.73648981114089,149.15490175049072,164.15083912715488,175.49362833234096,161.7980483815488
3015,100.5,,132.9245178226674,,48.176679573924645,149.2510344366596,159.93020606400646,175.16561737884652,159.18076442289174
3016,100.53333333333333,,132.14590453393572,,49.9778108341286,149.7835495816313,159.62089942961583,175.06756597468666,155.6904663044888
3017,100.56666666666666,,132.37469105289657,,49.379539055704356,150.70608187195398,161.09951562470062,174.98124384199104,159.68650924493383
3018,100.6,,131.06365294104162,,48.759821713171746,149.0983812611364,160.4170219211668,174.2875593849362,160.0718700079698
3019,100.63333333333334,,131.385622180896,,49.69300236157916,150.32147638548958,168.2176348496434,173.5374899582816,165.84950381563712
3020,100.66666666666667,,131.37459390161627,,48.88706422722982,149.8299069111444,162.99695659040145,174.77574357220868,162.28906484826516
3021,100.7,,131.91640553021153,,48.90448619394617,149.7038516874979,163.70763844542955,174.96133773685096,163.25942017246027
3022,100.73333333333333,,132.8066528260465,,50.35262662193877,148.48676893873082,166.53943779845758,175.0443312940864,165.1021469261084
3023,100.76666666666667,,132.35304938705465,,52.716192652298645,150.32366429202187,168.78571787824623,174.97272206866313,166.6795906195348
3024,100.8,,132.95001878428502,,51.7301655910851,150.43212363118022,166.7524006424384,175.7837744362793,166.91840654685143
3025,100.83333333333333,,132.8262709444814,,51.60136113891412,150.62376000731828,166.31126696654968,175.78180149800386,166.06895433231486
3026,100.86666666666666,,133.7784252420521,,50.19764477464753,150.2469622411404,163.71989851372814,175.86731760418135,163.30383433982288
3027,100.9,,133.16194715425308,,49.74535324146677,147.78973320838762,160.526714665249,174.42758425082278,158.74787483109776
3028,100.93333333333334,,132.85919017032094,,50.52039591656702,151.37570367249484,160.65298995656212,175.571820354968,156.9007688487979
3029,100.96666666666667,,131.8656698811569,,50.05754183914675,154.01390749689295,159.04924232618495,173.57285993534776,156.74886750483773
3030,101.0,,132.43698153118277,,50.55285351409749,152.98213985851817,159.32443915588678,174.51763185168224,156.8328037589959
3031,101.03333333333333,,132.55494609836066,,50.29842620798915,152.76805811311394,159.2440266687129,173.3501585601616,156.50570386604028
3032,101.06666666666666,,132.77770154337725,,50.772692704127834,151.7784593962057,159.00386756615737,173.6064278752898,156.49498543961954
3033,101.1,,133.23754299581458,,50.808696621117846,152.72564703741102,159.04506933578924,173.00991181843628,156.54703440131038
3034,101.13333333333334,,133.90114087490977,,52.14808643482596,153.00627880593697,155.83649407325265,170.7355130471211,153.0240836958997
3035,101.16666666666667,,134.29708826492626,,51.59793691086179,153.37905749597257,153.19739161877158,171.75648707551247,152.44496280335372
3036,101.2,,133.23353533494713,,52.6569547933304,155.50462595313547,151.8369056067878,169.6081874922995,148.0955057219628
3037,101.23333333333333,,132.03288705416506,,53.71722822528653,154.80606144204347,152.15490332708197,171.32448734820014,149.3086730516558
3038,101.26666666666667,,132.65750097632193,,53.56920620449817,155.13209632071744,156.32926936386392,171.9080453518171,153.4461898368253
3039,101.3,,130.8915943437542,,52.84427268341339,158.11441612010827,156.9814313875412,172.31686281141197,155.47364475157042
3040,101.33333333333333,,130.7427863274962,,52.287114749106955,159.4074068432966,156.51691092398772,170.99848812292657,154.2110692851765
3041,101.36666666666666,,131.70095349954835,,52.70653253915615,158.00627992376997,157.0634663535244,170.56097679043089,154.67175280020902
3042,101.4,,130.4388179374193,,52.59021515674263,158.06496733056935,157.89632487093908,171.66697799652445,155.2768254613736
3043,101.43333333333334,,132.72441125756143,,52.87950579367739,156.3644619174581,155.38777068169085,171.10393843035214,152.56511452582953
3044,101.46666666666667,,132.06255600657977,,52.589620645307974,156.82907693776767,154.81988625185627,170.4174779023702,150.73729232635495
3045,101.5,,132.4169715480228,,52.61932312614373,156.7147545862323,154.6893681279092,171.10641211712587,151.54179418846098
3046,101.53333333333333,,133.93450916287537,,50.83747616470321,156.60975191969868,153.4369498807706,171.18555235084196,150.56312194046683
3047,101.56666666666666,,134.24309222222587,,49.92085627602684,156.851290716335,153.57235330548158,171.77236697053115,150.721087526802
3048,101.6,,134.3113162753089,,50.000859712463956,155.6953628537698,153.68573340573386,169.48841047500957,149.03783864107473
3049,101.63333333333334,,133.84218742283647,,50.61998373128834,155.66973696822305,153.54017658645841,168.78392474497988,148.64485265350262
3050,101.66666666666667,,132.55480673808586,,50.63197236665273,155.09335894756805,152.28493480655615,168.84996078576867,147.56668334624098
3051,101.7,,130.9302961017775,,49.47071149865118,158.02042214087373,150.62791445926294,168.42183079489715,148.3631103525297
3052,101.73333333333333,,130.53900264232672,,47.04085071123697,163.11270428333745,147.03140308868586,167.23959929789166,144.98155982636766
3053,101.76666666666667,,128.72190627440304,,51.274954695254266,158.51787125449897,140.98276787436689,164.2871583735753,140.74935093501125
3054,101.8,,129.7735970552201,,54.2943609603585,150.43428826621994,141.22905688270836,166.496988555867,140.00167079675322
3055,101.83333333333333,,129.5784645707581,,56.24925808503932,145.17776226420392,134.57335119685686,165.26822498791364,134.40830657254034
3056,101.86666666666666,,125.7706678472228,,56.10847519848295,139.84997191205258,133.86493329484114,160.55081906065973,131.4914787849888
3057,101.9,,122.42750839259432,,55.496747764207704,135.57633263094337,144.14205195884693,103.64544860760519,146.55279388357852
3058,101.93333333333334,,122.25055693785157,,52.281011100374094,132.4332098031075,138.68189968226005,162.27860296864142,137.21580322297496
3059,101.96666666666667,,125.53701082450662,,50.64891064772748,135.0677212695965,137.62972122256414,156.75699382891574,139.37862821166425
3060,102.0,,122.99753035129943,,53.480025314177304,137.08178821239105,131.42195033497637,161.96784195106952,135.76176114016954
3061,102.03333333333333,,125.98901601788202,,50.07052187840963,139.0935829944203,133.95401534898713,160.73444815601553,139.99242848462015
3062,102.06666666666666,,125.74611342389561,,52.40927241284899,137.1647641705868,133.54808590998374,156.79999857561705,140.0075084715674
3063,102.1,,124.84847929684294,,52.073471108062805,124.75636752495501,137.94396026358683,125.76358043257035,149.4297366303127
3064,102.13333333333334,,124.68263858902242,,52.4547251880507,128.63898062022875,138.37998411715233,151.09382392542122,146.68437773145854
3065,102.16666666666667,,125.83710258879454,,52.27064728367604,123.0931688495607,140.3224369920704,163.8660185820734,144.7120853033277
3066,102.2,,128.14792581341203,,50.62936865896149,125.51823232513112,140.03428125700205,162.45251644548594,143.21472211834393
3067,102.23333333333333,,126.49405548185854,,53.11094859225628,129.01772060933362,142.8556913775603,162.86175730803353,146.11034777516545
3068,102.26666666666667,,126.87818694878597,,53.20463982876579,130.24656633324787,146.8484453327965,164.8208795712477,147.23101190296939
3069,102.3,,125.10338217325051,,54.538519588448786,,146.96511607750918,,150.65897302952345
3070,102.33333333333333,,123.87431697340408,,54.374099606700355,,146.3351996809502,,151.88649273780655
3071,102.36666666666666,,122.47789838227676,,54.62120112425591,,147.9996257559052,,155.39012219901994
3072,102.4,,124.18807622811973,,53.37559161757491,,148.75020905138172,,155.39753018465427
3073,102.43333333333334,,124.68875730320788,,53.5837773736763,,147.96401860804525,,154.4235066379022
3074,102.46666666666667,,125.34482247307776,,53.708348889045155,,147.3295294999241,,153.53673207276432
3075,102.5,,126.06615415910946,,53.19477899535727,,145.6987350758932,,152.66002841873873
3076,102.53333333333333,,125.76264356604898,,54.96960268354156,,136.62172744313534,,142.70611966972712
3077,102.56666666666666,,125.46792095133904,,54.98121676479535,,134.90983827575516,,140.1359543885866
3078,102.6,,128.5641411095944,,52.08882188247925,,134.01459371057956,,136.84354981755476
3079,102.63333333333334,,129.06125464345033,,55.53922332175586,,128.49719888554927,,129.91354953904914
3080,102.66666666666667,,127.20875742994916,,55.12138027120248,,135.13789750061574,,138.72194432638366
3081,102.7,,129.50491639600475,,49.437924829993385,,135.42950337352895,,136.64047972290408
3082,102.73333333333333,,130.96474087397127,,46.50572170884183,,128.55912142262773,,128.97571747751493
3083,102.76666666666667,,131.40207550832662,,45.43116611594111,,130.88283634345257,,130.0776770610201
3084,102.8,,130.5547344481183,,46.379608718061135,,130.98224272551263,,128.76818225346986
3085,102.83333333333333,,129.73645975704858,,46.70753287746094,,138.34556167949845,,135.7330782217114
3086,102.86666666666666,,132.7965297534506,,46.60159190806352,,137.48456202389292,,135.10471288161352
3087,102.9,,133.04585495044847,,43.118669151775926,158.57159469065414,140.65281817474838,147.57427114909538,139.68287498834985
3088,102.93333333333334,,128.73689385783854,,54.106718543411475,152.05679310129972,136.79912671731202,161.65285362341527,133.8499613038735
3089,102.96666666666667,,129.9722415384748,,52.94090045146153,155.89707132318003,138.30657495377184,163.2641356876259,136.1158668913842
3090,103.0,,130.15698197049974,,51.3590420434692,159.6972897059879,147.05007292496592,167.4147943289236,143.60696196382912
3091,103.03333333333333,,131.32868242220408,,52.256159757083964,163.969220599419,150.00690257290924,166.12441900135153,147.7472614589106
3092,103.06666666666666,,130.21319423069076,,51.79832210664966,166.14781525095805,152.01075121332659,164.2309060254003,148.84411039666952
3093,103.1,,131.22303375176995,,51.670446500747595,166.15033802217724,155.05907808154677,164.72739286830108,150.45458430593717
3094,103.13333333333334,,132.0428265942943,,51.14150695146684,160.77679985859368,159.28210567559114,162.9965565343422,151.43797453622858
3095,103.16666666666667,,132.2084762076812,,48.695351508288226,157.87373917238364,163.50644361907376,165.61729740992712,154.23629624877287
3096,103.2,,132.6105373472424,,48.95127150540879,157.66709228947454,165.96013339374775,167.48187739250747,156.16840294525815
3097,103.23333333333333,,132.52026924364444,,48.429786054814876,157.11479447063093,165.37836559204013,170.85914721646006,156.46646511568213
3098,103.26666666666667,,133.0688406440444,,46.27063745875362,154.67898407217655,166.71115094905468,171.28263483681135,162.35401813940317
3099,103.3,,132.44180986669892,,46.7965157681424,156.93383379379827,164.45789775265635,170.47281944994486,160.45108297586094
3100,103.33333333333333,,130.8744494875019,,46.09289811357116,155.85107072217474,162.59869156043905,170.37128269482713,160.5826720285871
3101,103.36666666666666,,127.67706482089957,,50.63325341699457,156.63407008043097,162.67320816477854,169.68868509194343,157.68906399091256
3102,103.4,,127.271894775338,,50.9259371561961,158.818516217128,165.21551949213858,169.5011732808047,159.50417997963527
3103,103.43333333333334,,128.53401596929007,,50.14217779037084,157.58345371913754,165.69359864436234,171.28466799822223,161.17931414437078
3104,103.46666666666667,,128.30478218746958,,49.57731580995992,156.76191968025734,164.39515652019065,169.1955135311583,161.13336604184067
3105,103.5,,127.50679659782251,,53.98956743128938,158.42057190917177,161.95047838708462,167.61006461076101,157.85621216657267
3106,103.53333333333333,,127.57125860711811,,52.774100574977126,159.1362088515637,163.87334919313176,170.29389471772166,160.55922564201788
3107,103.56666666666666,,127.29079184345711,,52.556931753863786,159.36166611468167,166.0036972756382,169.99724669962927,160.1654041773753
3108,103.6,,127.56889880292479,,52.187638057416706,159.08982170600908,166.62221243460775,169.7550327088179,159.96242278748576
3109,103.63333333333334,,128.96749909905304,,52.32145395273121,159.50127958726165,169.3393421949256,168.89544894386503,162.84453436442521
3110,103.66666666666667,,129.3455516866095,,53.54454300476219,159.23495524116154,169.53354712228432,168.79170989679005,162.88097751899522
3111,103.7,,130.15262825756417,,53.58018609087916,159.18709578696496,169.69000329656336,169.23460969053366,163.5671498924841
3112,103.73333333333333,,130.91799577545459,,53.78608247147269,158.31860525179775,169.04175445817825,168.84763298575805,162.3234099458601
3113,103.76666666666667,,129.32059362113742,,53.16772847161522,157.172609550238,169.25199391369378,170.6371715844288,164.00381533461498
3114,103.8,,129.5366762533008,,56.49520943948923,155.2319699435865,168.39121416190972,171.4272250786924,162.21242332150598
3115,103.83333333333333,,130.0850911510816,,55.58985266545835,156.66743656086425,168.81483331638637,171.23156995722735,162.41579959283865
3116,103.86666666666666,,130.2633653205284,,55.3693038234497,157.51533531974636,169.27346862876698,171.02614333828276,162.32269480377335
3117,103.9,,128.710978918806,,52.505540225433045,156.97802710519204,167.82941182881257,172.41191646075046,162.92874006627045
3118,103.93333333333334,,129.10235587751183,,56.04696828450781,156.00549316233946,165.73876598242134,173.95836904791656,162.7006508923249
3119,103.96666666666667,,129.23066794022657,,56.393400670729264,156.04259237420507,166.23317876387938,173.73380533199378,161.95011935372673
3120,104.0,,130.55349132819364,,55.48725286228779,156.82520353205499,166.1922300766829,172.28842165591197,160.95420529893383
3121,104.03333333333333,,130.65264155482842,,55.234090357897614,156.74755998605815,165.2178443724442,171.97821694309752,159.4686023232003
3122,104.06666666666666,,130.67628643681232,,55.09611812499944,156.93380090721269,163.01544149536446,170.34818400412757,158.2458371434313
3123,104.1,,130.67536775646477,,54.531416246620196,157.1277370307103,162.15530395598552,170.0119795914523,157.8617485009562
3124,104.13333333333334,,130.4909794998521,,54.25766750328438,157.93867270675332,158.81252087932393,169.8096555387847,155.31671510656477
3125,104.16666666666667,,129.77369135042238,,52.93761904228817,155.87116511814133,154.65131687804754,170.43544439242228,152.10979041957643
3126,104.2,,130.19531785047675,,53.24193495526595,155.44971973283143,156.33908870923574,170.57084687003962,152.93237952873682
3127,104.23333333333333,,130.78522088813534,,51.765300778010726,155.2562955730216,156.41513568687327,170.4992886803409,152.23523501073572
3128,104.26666666666667,,131.1104214200819,,51.4421626034753,155.52223884888002,157.83762884709853,170.4612075932229,152.9185909614401
3129,104.3,,131.46308335871527,,51.68053798127168,154.69274676789803,156.90611862291138,170.25510195997654,151.7909110772403
3130,104.33333333333333,,131.12337523080015,,51.83818414296979,154.84373644257445,156.64974576112908,170.32955407905808,151.71446322152192
3131,104.36666666666666,,130.83757858466225,,51.80134942537818,154.09046629327906,157.3284121376878,170.73492541999343,151.57992460093755
3132,104.4,,128.2029012643921,,52.47548488399266,156.47874080150123,154.1351130423507,171.44419085824745,148.17711890046087
3133,104.43333333333334,,127.70099490097034,,53.326723064151686,156.50257512553466,155.16091357911586,169.12984111396892,148.80811458021714
3134,104.46666666666667,,126.7920703155441,,52.990435402580935,153.3568536285399,154.0559236028652,167.93482953092092,148.08856457492115
3135,104.5,,127.0318856817203,,52.704165206730686,153.84323710070205,154.14281778135685,168.41810835028403,148.96647145804587
3136,104.53333333333333,,127.27909024398677,,52.58110442594022,154.2076894348035,152.7554610951047,167.91807429487966,145.76036547124968
3137,104.56666666666666,,126.43929029901032,,53.39586481432893,153.9809228499325,151.5795800922465,168.6914475204158,146.6147061515389
3138,104.6,,126.36043097028914,,55.10177627625317,148.39292557714532,143.8537425292898,167.16089126459497,139.46994622315017
3139,104.63333333333334,,126.13776290553086,,54.55594597170086,141.85250618076688,139.63227791653543,170.86126788889797,135.35787375216617
3140,104.66666666666667,,125.5403496852655,,53.31522331672333,140.797636994346,137.906316695798,166.07944198381247,135.55774133521777
3141,104.7,,125.0423560707276,,53.110221382785255,141.52006535458776,140.89701869467166,166.97479584365925,138.4540635132941
3142,104.73333333333333,,122.62622473415023,,52.49552570701814,136.71763963646177,143.75868122796038,169.83301188629252,142.44257843706004
3143,104.76666666666667,,122.98564597493277,,48.57859196996831,134.06040147746222,145.70468820510774,166.77437614456503,143.45780802419864
3144,104.8,,124.06318006115706,,48.6423780971283,130.18779960457573,142.60197154749906,166.33236657388548,141.20315373324988
3145,104.83333333333333,,124.30179684037942,,48.16913111538229,133.36101152717956,146.7284596530655,164.34253058504822,147.7651822669849
3146,104.86666666666666,,121.5901070581837,,50.30607564974267,145.30847267767237,141.13006542879543,144.29380248261873,147.49421516282806
3147,104.9,,121.43575217644803,,51.95897755372767,117.16737363802386,141.22395392003227,101.54404156063845,147.80996684491942
3148,104.93333333333334,,122.79199411269494,,52.174714837096246,123.10409241790191,145.99141757390194,123.83252700756606,154.65936118560427
3149,104.96666666666667,,127.55770437100881,,46.17343166910865,129.41943330085607,146.5636272712179,148.9977881839135,152.2705113014082
3150,105.0,,129.52835547615328,,47.68949882193279,121.16941299135891,145.133414764153,163.42185674831808,149.26265491715654
3151,105.03333333333333,,129.62088881730014,,44.76664561010029,123.32499446062631,148.6304051329696,161.6071803222121,154.43474735268836
3152,105.06666666666666,,129.91086681743084,,47.08013295801051,,149.29269830538462,,157.93472514801695
3153,105.1,,128.93724686916948,,49.05712877646201,,150.79067221931624,,154.13451774109998
3154,105.13333333333334,,128.58007739243354,,50.06988687144816,,150.36801368448099,,153.5491791609885
3155,105.16666666666667,,132.7523822174857,,50.5243650178253,,139.72467314990794,,151.9600737935504
3156,105.2,,133.93161604850985,,51.669695624388694,,134.339042535469,,145.55050812671456
3157,105.23333333333333,,129.41540330968647,,55.71939410588984,,138.19459177576107,,146.60279584143746
3158,105.26666666666667,,128.7283797342839,,55.79997903149562,,141.25737568439283,,150.0716461760849
3159,105.3,,128.3415767457493,,55.723602655048424,,146.38356393738215,,154.8809081013555
3160,105.33333333333333,,127.43513105058763,,55.541164306100434,,139.69079490037697,,152.96935087916452
3161,105.36666666666666,,128.01052381008,,54.91784644762738,,140.09370244670228,,153.47786815070918
3162,105.4,,128.22847967696467,,54.64540502162126,,147.1511526491056,,154.7251455952368
3163,105.43333333333334,,129.63794313956066,,52.955877906800396,,146.40307787558848,,154.0221422795434
3164,105.46666666666667,,128.88032569643528,,53.04794409385694,,143.61807372651097,,151.4750940253402
3165,105.5,,129.1525086113758,,51.31914864348113,,144.46661530800822,,149.33015438754177
3166,105.53333333333333,,130.46962688140795,,48.439191652454795,,148.30693319663035,,152.75445880724735
3167,105.56666666666666,,130.2157974994385,,48.82800829657846,,145.7394889786825,,148.84287079699814
3168,105.6,,129.5368563772329,,49.063625391482326,,145.1062325227814,,151.3708835691482
3169,105.63333333333334,,125.01891733825362,,50.46128736432742,,147.8059230765722,,154.02181041038136
3170,105.66666666666667,,125.65729417405706,,48.476845732534706,,148.03446656523676,,154.63593460055495
3171,105.7,,128.33800189041014,,46.937646177801064,,149.40025630236315,,155.08868880244503
3172,105.73333333333333,,130.80958701935438,,46.282191303714804,,147.9344402317272,,155.42363549113747
3173,105.76666666666667,,127.76648588146176,,49.042574676665765,,145.57730976533384,,147.48535795904837
3174,105.8,,127.60540123711652,,52.74144409122722,,143.0734695686559,,141.70253168597853
3175,105.83333333333333,,127.83436462310775,,54.30304836902194,,147.7433228763007,,144.7604909393463
3176,105.86666666666666,,127.95852806035185,,53.049637884358475,,152.22660695601985,,149.8775965954195
3177,105.9,,129.25285515613928,,52.35860053391907,157.70939705472247,154.85014186183005,165.99460377115022,151.71704678510787
3178,105.93333333333334,,130.2860584659622,,51.36999943615969,157.4071011904562,155.26619421374167,165.58050927866503,151.01972875652908
3179,105.96666666666667,,131.48230719500336,,49.76107757656427,158.74005590037595,153.78843907869162,166.75219143249655,151.16218137359522
3180,106.0,,130.21183292844555,,50.639503707005495,157.03816195318672,155.39468336195878,167.7497026992226,152.28678545788895
3181,106.03333333333333,,130.60553766917045,,50.776514636212056,158.9743760893728,158.49958426889825,166.90491540986025,151.71039212465885
3182,106.06666666666666,,130.66018726407734,,49.91063865104634,158.99562969221853,157.2411691192587,167.6902097239884,151.5798815649567
3183,106.1,,129.36684004567456,,50.6273967085813,158.96306633677432,156.7908704037715,171.3269115865967,152.3123634897674
3184,106.13333333333334,,131.75834494508103,,48.08257492035686,157.94730866390847,155.92110101525117,170.59221458605097,152.8062514356434
3185,106.16666666666667,,131.21211996870431,,48.65873192365212,157.81848718707454,156.4448321434745,169.97967224106728,152.98438987428932
3186,106.2,,130.23746069510364,,49.028868490077706,157.84346087241943,157.27831938165681,171.92700986055175,154.4688286206109
3187,106.23333333333333,,131.10684075362116,,47.889089526829416,156.0976479254652,157.2314299739872,171.51344206799516,153.95520238200695
3188,106.26666666666667,,132.7840819512424,,47.21644560116384,154.5303362342431,161.4052181479465,173.05489502523707,156.35701342813655
3189,106.3,,132.86783377701192,,46.70060756171554,156.08331234989743,162.65351008644717,172.40046135740045,157.67307521917775
3190,106.33333333333333,,133.2541175802213,,44.220548693522694,157.24272987403432,164.495200593746,170.3860854732741,157.19071990863793
3191,106.36666666666666,,131.90487136841398,,45.58777945813559,157.3236878690183,165.54942440126717,169.87704254724216,158.2415392005874
3192,106.4,,131.5527424144259,,46.13284891859187,157.43003189961212,166.10066500238784,168.72329004020793,158.74115477032728
3193,106.43333333333334,,130.95213809948584,,47.420711584080145,158.55500275475532,165.89792908946518,166.50032898395892,155.46380613847933
3194,106.46666666666667,,131.88617441390747,,44.391088505521324,161.6206268457527,166.31352366657507,166.45003358633966,157.17247330929064
3195,106.5,,131.6133985808175,,45.66756777761527,159.9503194571721,165.93976789661642,167.64382263251693,156.19982728284083
3196,106.53333333333333,,130.91322788117364,,45.74301356898168,159.2126836083218,164.9985965344359,167.99853571171204,155.93898017647427
3197,106.56666666666666,,129.75677230891574,,47.10324211580727,158.46654317500105,166.7317063243313,168.01720774408685,158.04634251444133
3198,106.6,,130.67894894292905,,46.56310913972373,159.7331182810776,168.1721457896244,167.8962168866986,159.06954696838878
3199,106.63333333333334,,130.63911961068683,,46.94753156905574,158.56745107086508,167.99559415145865,168.63579762987055,157.68257501777694
3200,106.66666666666667,,132.28768065621642,,48.10093602884647,158.841953844545,168.75223818979276,168.64377090584367,158.74210493307288
3201,106.7,,132.45017444707827,,48.809318142111536,157.55638287407334,169.3627293714416,170.40694813553,162.3081866446497
3202,106.73333333333333,,131.63206427568642,,48.21292105735752,156.75990480054242,167.51008756068782,169.9312006973182,160.10271796479978
3203,106.76666666666667,,131.5643874133991,,49.006756688694914,155.73333064213008,167.06891343222117,169.8827121915468,160.80307977289664
3204,106.8,,131.64161720572287,,48.91971327377682,155.80362128079918,165.70883316074082,169.78896272912928,158.60140739491524
3205,106.83333333333333,,131.76230724920472,,49.44968994267092,156.10569374551102,164.77337784059915,169.2510318262951,157.4324728347403
3206,106.86666666666666,,131.68294950240517,,51.59352965396698,155.90172336977773,162.8364246527618,168.85886546288515,156.4130893265315
3207,106.9,,131.0496408896431,,51.64324123897454,155.87933577996623,162.85424863979145,170.3146428529789,157.09600874986435
3208,106.93333333333334,,130.70033864072218,,51.106596070907656,156.08740933189677,161.95487205265502,170.19522729651143,156.97073422655313
3209,106.96666666666667,,131.22520814198472,,50.879581132129395,154.40179944552233,161.1854059007692,171.1729864350813,156.46548818328355
3210,107.0,,130.7323563496552,,49.064068119468836,152.52973214182396,156.8220652707214,173.21803646747108,154.7370912198191
3211,107.03333333333333,,131.36640490824837,,48.52651022392645,152.36974693465086,155.22166968691513,172.75788122059262,152.1168940629874
3212,107.06666666666666,,131.87040485233487,,48.11436015886915,152.86679072089717,155.00935761989786,172.60006432267943,153.36839722775466
3213,107.1,,132.28284172104082,,47.9305470664534,152.2104791209663,155.47001435245403,173.07718853458198,152.38773387015596
3214,107.13333333333334,,132.42169797473088,,47.67160056525006,151.32948010619444,155.35825328618236,172.4352842988639,151.12298942732366
3215,107.16666666666667,,132.52996604270612,,47.69892418628244,151.59215642345356,156.97279457147175,172.52246009155303,149.29290748903324
3216,107.2,,130.8416646270328,,47.421909198611836,150.81156935050956,157.90882948477477,170.97165791412482,149.17234302016075
3217,107.23333333333333,,130.79386198058816,,46.41608550368884,150.62194624473247,155.86666505920553,168.18875111849175,147.46836173439047
3218,107.26666666666667,,132.61886276591554,,45.46487278485807,151.32942728334996,156.29033661558452,168.29386418407591,148.4597187502472
3219,107.3,,129.04099526791111,,48.523136982518736,151.29330799478788,155.7405460548618,167.74836557427724,149.73760329470994
3220,107.33333333333333,,127.20435472545769,,49.67229374472606,150.420268985613,153.6613774280322,169.64305530106427,148.50235259552898
3221,107.36666666666666,,126.52242984002869,,50.32304765900481,153.18518963814176,152.02816597552723,168.89255350017302,148.03562583629997
3222,107.4,,125.73981578628624,,52.491754668735844,155.2884165898896,149.49451300741072,168.26216103472288,147.72330718338458
3223,107.43333333333334,,125.55066272260055,,53.452793812563364,155.2718354549993,149.072895766437,168.39949099295404,147.73149697790103
3224,107.46666666666667,,127.40990239427467,,52.55906289386136,146.94272901803689,139.5724972252286,165.02929165833663,137.98551063258043
3225,107.5,,127.87040566831406,,51.8835769333463,145.54239488525175,143.5984405427337,165.16000212152554,142.48903722418223
3226,107.53333333333333,,127.27021265952516,,50.1852875009018,141.71081635435777,140.62642991448254,159.35038798410562,141.62290403073368
3227,107.56666666666666,,126.38073916285015,,49.76943742993226,136.9915339363479,142.76032712364315,161.3728409779726,140.41197148808044
3228,107.6,,124.07307911536603,,46.870743703370835,139.4743208362324,142.28782058274726,158.48685877929395,138.9873985645122
3229,107.63333333333334,,124.52324790054088,,46.41997825591917,147.36116201719466,143.2583267998607,117.83513095207707,145.9362061412343
3230,107.66666666666667,,124.87498419741459,,47.11787792679441,147.44445051738657,142.27529064513544,142.75165546086018,145.0937239450764
3231,107.7,,123.49587481603804,,51.46803442730847,122.86914984606572,134.3218741689707,107.2701384927279,147.6844485430076
3232,107.73333333333333,,126.60208197688246,,48.17257329928063,133.4098930955247,137.28560670069294,137.44003192381783,146.95436653012817
3233,107.76666666666667,,125.2552201035455,,48.34606113326837,102.40707135468512,137.60554141196624,94.47716552707827,146.90223235901377
3234,107.8,,125.66551084494904,,45.26685461041941,115.70075833106088,138.83821780465988,159.2457043753137,146.2699912385586
3235,107.83333333333333,,125.60230290071827,,45.74474664873128,117.77422394794182,142.75270047501013,143.82547260036245,152.17071407749168
3236,107.86666666666666,,124.44322950047714,,46.03974013421413,,147.72481011945422,,159.32786332367274
3237,107.9,,120.80648271659663,,49.72839357002802,,144.12281955024721,,157.3386847821604
3238,107.93333333333334,,122.46563328577719,,51.11913320406841,,143.35036459796913,,156.94947100118773
3239,107.96666666666667,,125.51651496546748,,48.77132970909005,,147.57385074650637,,159.15233057973944
3240,108.0,,127.6525498344045,,49.10502364512969,,148.6079509063299,,158.7461236411886
3241,108.03333333333333,,128.1108331781978,,49.40495634591166,,145.48929767088245,,158.0299875758051
3242,108.06666666666666,,126.51405664699308,,49.92110434824719,,148.85698575750615,,159.0394554986249
3243,108.1,,125.80095791997873,,46.69640047145444,,154.14660992129208,,160.6962284683227
3244,108.13333333333334,,121.1868946366335,,49.235440222065556,,153.87990541052645,,160.03529016899654
3245,108.16666666666667,,121.53888902630909,,48.37956396269637,,143.5276875229256,,146.83029871490697
3246,108.2,,118.14361032521666,,49.85359954653404,,144.0880893098342,,147.5549735772399
3247,108.23333333333333,,117.71610211364064,,51.201796330897004,,144.4898725922227,,150.31254203670557
3248,108.26666666666667,,120.87083237809009,,53.25122368198304,,143.90298798583632,,150.29722813160123
3249,108.3,,120.35208343748472,,52.99867939423386,,138.83963464817214,,144.15991383758487
3250,108.33333333333333,,124.16428912985305,,54.54671812587209,,132.34422211895742,,137.53139359350314
3251,108.36666666666666,,125.66267158248624,,53.02599992084623,,134.3910186982151,,141.2961944083886
3252,108.4,,127.27765108104543,,50.07054441815758,,136.49505386486078,,143.68225388314406
3253,108.43333333333334,,126.55986700683346,,49.29665390284482,,137.24021217526501,,143.13622580116285
3254,108.46666666666667,,126.32037405685497,,52.957369239438485,,130.60212668793804,,133.67596022333814
3255,108.5,,127.4945827271345,,50.792750464069194,,138.28746702518956,,140.773536671196
3256,108.53333333333333,,126.70688798250116,,50.53571797836022,,139.3381521028211,,139.79405035206506
3257,108.56666666666666,,127.16794637237558,,50.127003093028904,,138.69436701151966,,137.90851241463326
3258,108.6,,127.74348248059239,,50.51746911792869,,137.74517456621209,,136.7955261166865
3259,108.63333333333334,,127.42883216379106,,52.164743647001806,,134.86111635384066,,133.50522558227095
3260,108.66666666666667,,132.6137539734577,,52.50359545198425,,132.73971839943474,,132.9631322910892
3261,108.7,,127.53637146339851,,55.23045380022463,,140.97551997162475,,143.03175694312503
3262,108.73333333333333,,128.55157489258707,,54.5010224760809,,141.53650526201983,,143.01888177217043
3263,108.76666666666667,,127.85307564240452,,54.76963260317687,,149.3847101858685,,151.21468845471358
3264,108.8,,125.72651985556007,,55.04321662162045,,149.07562866345535,,150.30379216601665
3265,108.83333333333333,,129.4507691147886,,51.757383901155336,,148.1032216095494,,149.26751154834548
3266,108.86666666666666,,128.88157758566234,,52.484447548464814,167.0072727555472,148.27536967622243,161.17511194411782,149.06932278313977
3267,108.9,,131.32599033075485,,49.0316632766815,162.4343958949801,148.54863577966006,162.775585148411,147.14571124608509
3268,108.93333333333334,,129.6782104987052,,54.64935607271746,158.82875571522672,148.12939028291626,167.07287753493947,147.97100388745204
3269,108.96666666666667,,129.33451647205072,,54.76083542029196,158.6928656072911,150.97460419868673,169.54474745079239,153.02017387607907
3270,109.0,,130.61122858570263,,51.137928464192555,162.06929811130507,151.24769956055295,169.20577465069908,151.80671178775793
3271,109.03333333333333,,127.05229418434652,,51.80490869626114,159.7446205077081,153.17702873853804,171.46450037073697,153.18698719790936
3272,109.06666666666666,,126.80014345434512,,52.03045317364859,159.3015206486307,154.27106208744684,171.39270415834446,155.27491446208796
3273,109.1,,124.40916327217316,,53.62715974802253,159.9910534460454,157.34696608792774,171.60316365055024,157.38554714615972
3274,109.13333333333334,,125.02851396063258,,53.71816583009653,160.02751205299086,162.9492615325338,171.224450509346,160.77433541904705
3275,109.16666666666667,,124.78855720059723,,54.40778115851482,161.30207809646276,166.1177086326539,171.23476298097566,164.67766171006343
3276,109.2,,125.44375600771224,,55.45053205605842,162.33122807050145,162.23552641338497,171.15827941803312,160.63301513928133
3277,109.23333333333333,,126.26509692680733,,53.081115595498254,163.17914316387672,163.10905495451485,172.4744270545536,162.04342641773877
3278,109.26666666666667,,125.290398704759,,54.12161870223715,163.47703943707035,162.3282605373607,171.22035506819586,161.9574214873208
3279,109.3,,125.47798396303905,,53.77455756322059,163.36208721519836,160.9944121063872,170.89843750992296,160.867230695297
3280,109.33333333333333,,125.11569305835188,,54.006526772239695,161.62913073953928,161.87721807630183,170.46575837385768,161.92288220486196
3281,109.36666666666666,,124.80673530244928,,56.095192732920054,163.81140406475205,165.6383390047479,170.2588337164643,163.32192334966342
3282,109.4,,127.42629202144535,,52.00588178779516,162.0578578898572,165.74274484210616,170.24039737899633,162.38849611581048
3283,109.43333333333334,,126.66436722321657,,52.59517625342429,162.9894574332772,167.59704364271943,170.78594911164444,164.33270282039723
3284,109.46666666666667,,126.20839186275221,,53.13461729708971,161.82635315418761,163.38989141136136,170.56506138835556,162.5347612434689
3285,109.5,,126.38415513459123,,55.997228723694285,162.11579414471277,168.25721872599823,170.2622165753135,165.06322167067577
3286,109.53333333333333,,127.2280461687048,,53.12974251377921,161.7960919000848,168.50240467826458,169.36807953581882,164.29573094747963
3287,109.56666666666666,,124.24679777044356,,58.79483457304695,158.58922684510296,166.64610937680777,170.79461785703805,163.8858584834403
3288,109.6,,128.12019277500923,,55.523779417830305,158.41456785361174,168.38352634578519,170.97312103287427,164.02318068355882
3289,109.63333333333334,,128.29693141244067,,55.48603477226979,158.9247833539868,168.5698918936317,170.1654651811788,163.53440054619088
3290,109.66666666666667,,128.1155934610154,,55.77498755329871,156.9779642708911,169.43300239230098,170.07961580354913,164.370050510288
3291,109.7,,128.34101241452976,,57.54041612831431,156.1294226827058,168.4479564975381,169.38635923738923,162.72055154401906
3292,109.73333333333333,,127.15414976998906,,58.240573531603104,154.07205094416489,169.55713287293526,170.12337482780794,164.1304514759898
3293,109.76666666666667,,126.95158152502388,,59.94339049335175,157.1919700469162,166.89207156985358,170.27164358857965,163.121679631958
3294,109.8,,130.09248015869278,,57.872231533594224,157.42248063619965,169.44882186163161,170.5575851860938,163.56549136096248
3295,109.83333333333333,,127.1748237330034,,58.95949110523067,159.46550729174743,168.86046710798783,170.57335910436058,164.3942026439403
3296,109.86666666666666,,126.44183129744829,,58.61739822416564,158.6008722955546,168.66195032539363,171.42757119861812,164.4420838708768
3297,109.9,,125.8644722097224,,59.89949237939949,158.75070335299148,168.59993078572424,170.79951556101454,163.57546541644393
3298,109.93333333333334,,126.09839194882763,,59.181190735628796,158.45413635992037,168.47359016124554,170.45726558409635,163.6336760927173
3299,109.96666666666667,,126.69544169108397,,58.59686973743639,158.88527042607882,168.853220671323,170.343336791943,164.0737802090793
3300,110.0,,127.12350958808167,,57.56101913706331,159.80306432836448,168.48338043918025,169.10340997104376,161.95271507961044
3301,110.03333333333333,,127.4463334918343,,56.16027265828474,160.28360991615781,164.76899395566855,168.60502331510074,159.45875077854836
3302,110.06666666666666,,126.79746256249426,,56.32951760189364,161.65395522333182,163.6322912905721,166.69234244110737,155.63394513290564
3303,110.1,,127.20821753952785,,56.996306118448324,161.2293320061531,162.7936186607904,166.83474797208575,154.9780097828588
3304,110.13333333333334,,126.49810019047557,,55.27698607360532,157.8015647641993,159.34699600540733,167.02857760515624,151.91036471954123
3305,110.16666666666667,,127.03804267298598,,54.27434568186015,152.19057359219715,144.51184341176454,167.00182833384258,139.30764474602847
3306,110.2,,124.85997439580846,,53.69862355186647,150.38323386182486,139.76836767788618,164.95493680990754,136.17617502742263
3307,110.23333333333333,,124.49006081965258,,54.259273570776806,149.24866133794814,144.44028497762,163.40696143248437,139.513891517563
3308,110.26666666666667,,126.29854626123156,,53.36947271100065,140.09350694573138,131.493164327322,166.093671928292,126.5330531796912
3309,110.3,,124.50602928861258,,53.33630341977664,139.89117282009946,142.4778479508278,172.65892085668344,138.61446089547712
3310,110.33333333333333,,122.41503222195233,,53.80422331139101,135.47632786551836,144.59662673980696,169.25828613264835,139.08361116205324
3311,110.36666666666666,,121.56596716802476,,52.822609629588555,138.11081076198866,146.46769311512435,157.084777488509,141.83676851677308
3312,110.4,,123.17126005320904,,51.75666281041171,134.9932258524597,147.69363093021516,162.33960362456446,146.3881198699262
3313,110.43333333333334,,122.59596970833621,,53.6542794211083,130.4271772361804,139.51292425467767,118.06119822399958,142.4782366251581
3314,110.46666666666667,,122.1570717583964,,54.29280670402866,106.39301498892875,141.28187682930093,85.48430863290781,143.6847333641508
3315,110.5,,126.78668446966978,,49.24433607805145,132.80840319580298,137.166429576086,142.89446586232327,142.23238827901372
3316,110.53333333333333,,127.33164584211964,,50.03645488311306,120.12046595283138,133.780102478134,150.51267262732665,141.81802656214023
3317,110.56666666666666,,125.29867642763868,,52.239546835750225,124.34408991463363,137.53373835207302,132.97232878250333,148.33829230791443
3318,110.6,,126.38751459952522,,50.8642287852617,130.49449423088546,142.8945868063965,154.71507662759274,148.18720874682802
3319,110.63333333333334,,127.976105556286,,51.766977412338555,107.59762652579067,147.89846094714235,129.22573043070324,156.54073800963954
3320,110.66666666666667,,126.59332444457455,,51.850895041249984,,147.06141913796657,,158.31736720841047
3321,110.7,,130.9957986672496,,49.28529889105599,,146.0538607864539,,159.55780907539523
3322,110.73333333333333,,132.0111283562575,,48.549489655565864,,150.08131803310505,,162.06281379937064
3323,110.76666666666667,,131.85598616232198,,48.604934683258875,,143.71813818157736,,155.54153302800896
3324,110.8,,133.09518378055176,,48.50077235446808,,141.15893352885246,,155.0941370718255
3325,110.83333333333333,,133.87844338071207,,48.607569048222075,,141.77269843236994,,154.65732379751552
3326,110.86666666666666,,132.23348886312684,,48.923953789659954,,142.31759038852906,,156.04567633557633
3327,110.9,,130.44784845636724,,47.919293030112044,,142.3431297836139,,155.63388373323767
3328,110.93333333333334,,132.31405454492963,,49.119587236750675,,143.03899524191908,,156.13388284647206
3329,110.96666666666667,,133.21536312670833,,48.00737048500181,,143.77898603596563,,156.03880738978876
3330,111.0,,132.13511539655713,,48.055000226754494,,141.6388797158447,,153.2023205583011
3331,111.03333333333333,,129.84122398766718,,48.56221889548279,,144.54800121958746,,153.44750895066056
3332,111.06666666666666,,126.7285100914347,,50.07471074728921,,144.08422298718835,,151.9932988548693
3333,111.1,,124.09126607799286,,51.53663072758292,,145.30239244650804,,153.19660747494933
3334,111.13333333333334,,121.4861067947469,,51.966866332319746,,142.59278688144474,,149.1962293341056
3335,111.16666666666667,,120.86277649367904,,55.395649040827145,,142.8233850588339,,148.36130735703637
3336,111.2,,118.32704594412088,,56.321749593144546,,144.33287461267582,,148.65906149791533
3337,111.23333333333333,,119.42882650871101,,52.75949621343164,,149.50425359894962,,152.99057455510825
3338,111.26666666666667,,121.9304623080792,,50.80500206028261,,145.6358023444423,,144.97350611580464
3339,111.3,,122.6833115608971,,50.07996283412713,,152.82197034823523,,152.97434022463798
3340,111.33333333333333,,126.27696777688313,,51.26663327016224,,143.95564165193522,,142.16020474448976
3341,111.36666666666666,,126.22309160812881,,52.51584376928943,,143.7068285076777,,143.28311262233967
3342,111.4,,125.96584643677927,,51.52245525604667,,150.05855372428553,,145.39011186133308
3343,111.43333333333334,,127.50608104934125,,51.59948021518447,,156.92653557696804,,151.69930922802524
3344,111.46666666666667,,127.10028162486098,,51.62724139558335,159.87933348772594,157.9370266440762,165.10430688628185,153.71169150857637
3345,111.5,,130.0007014255551,,48.94420793141018,160.41711761781661,158.33725582781508,168.37881192216653,155.40625768651745
3346,111.53333333333333,,128.19701329102298,,47.53923356233155,157.22031694179626,163.14718182374233,170.44056498649206,159.6562821422126
3347,111.56666666666666,,129.95910214857062,,45.480776300500054,157.5546002846109,162.6681899222449,172.17612151086777,164.0909721919224
3348,111.6,,129.53234518322427,,46.92446192457828,156.55935232821398,162.2354500366422,172.87604015229024,162.71427548182044
3349,111.63333333333334,,129.02462067558469,,45.86680220926482,156.15937071580464,161.0726848718923,171.59870665507214,163.51904651062353
3350,111.66666666666667,,129.49358362822045,,45.084957362374105,155.11360533167831,161.4359526726234,170.23628091858617,163.0828802077237
3351,111.7,,129.28163232810456,,45.882988564430846,155.07913081386394,157.52316063487172,170.58906490095117,160.16831499979526
3352,111.73333333333333,,129.24933359745066,,44.867523552136916,156.09294620467412,158.7468234909081,171.37799320620758,158.4259311975256
3353,111.76666666666667,,128.0859590531778,,46.27173006996513,154.44754439424003,154.73443013458476,172.0371566096126,156.15081128608955
3354,111.8,,128.16833914095463,,46.38798749657973,155.43006540251602,155.11838940893543,170.3791032647166,155.92406368028534
3355,111.83333333333333,,129.424618323571,,45.330665471853536,156.00689982044648,154.88902001145655,169.70588913739945,156.77192904684412
3356,111.86666666666666,,129.75136207764075,,48.0065657597955,,153.52197407126113,,155.42023420374878
3357,111.9,,132.02062263923384,,43.17465689863645,,158.9892673767774,,158.84242022980467
3358,111.93333333333334,,131.61683674813304,,43.73941009344044,,158.09771639778825,,159.04457281860016
3359,111.96666666666667,,132.913410813998,,43.364784250471914,,156.74674764597955,,156.9177754302256
3360,112.0,,129.79851161463702,,44.84298864815883,,156.94376333796393,,156.73374495037672
3361,112.03333333333333,,129.0490048386773,,45.593650176305864,,154.52127826673268,,156.17970454700952
3362,112.06666666666666,,128.51337914329176,,47.304813516234894,,154.96405655062696,,155.8575704356061
3363,112.1,,126.82158340415168,,48.81107621146298,,154.53773463927303,,156.21956802650385
3364,112.13333333333334,,125.87492872219097,,48.526910133759735,,155.7211376194804,,157.71577563630672
3365,112.16666666666667,,126.28500239654623,,48.79046498788475,,157.96202376138848,,158.00886829310338
3366,112.2,,126.61794507570526,,47.77553999699279,,158.65979262001937,,159.13379542908393
3367,112.23333333333333,,126.77997798398275,,47.74020780879159,,158.19570631731014,,158.2921704830648
3368,112.26666666666667,,128.4295083263242,,44.269638266780916,,161.51582355655836,,159.2375426315045
3369,112.3,,127.64688998970189,,44.93101608475704,,160.20454926482844,,158.66031129422848
3370,112.33333333333333,,127.49038780972249,,45.10800319666431,,158.8289256382342,,158.3995243057924
3371,112.36666666666666,,127.31148192637787,,45.38319735330917,154.73287846623018,156.312269847791,169.50330143383772,156.84486585568084
3372,112.4,,126.23844479484956,,46.13567793166198,155.01000229741084,159.38339246185615,169.62272116365264,158.419978152907
3373,112.43333333333334,,125.71962546734947,,46.309516768654376,,156.75191532468975,,158.27217250748328
3374,112.46666666666667,,125.81054981790345,,46.35289529437852,155.99805092285544,159.76243929408383,169.71667603042224,159.00947569806826
3375,112.5,,127.17865602798275,,46.61708484252936,155.43076108482416,158.5178956763306,169.99548348558523,158.34314975202125
3376,112.53333333333333,,126.6734387485546,,47.76915058675459,156.95278013430624,155.46322685388236,169.7083312861918,156.23327758454613
3377,112.56666666666666,,128.1430156112862,,47.41054007404711,154.62435934367463,157.61036458856066,169.9373811293087,155.69072230051006
3378,112.6,,126.66894987637505,,47.400471273630885,157.84987038474569,157.19808903413417,169.47719850003685,156.58721588461566
3379,112.63333333333334,,129.08537581375137,,47.216445107953405,160.08632226718805,158.04053921656256,169.57523383883026,158.16181738665537
3380,112.66666666666667,,128.4701134146419,,48.15344783981395,159.29151726421838,158.15805637701425,168.6199791040501,159.1773712596805
3381,112.7,,129.31811048591229,,47.16856512128992,157.33041815615536,157.88213348311712,168.5270378144311,157.20165082508632
3382,112.73333333333333,,131.61588862502205,,44.62652518757467,156.5134656972644,159.46302449290116,168.89673828071892,156.87977258597863
3383,112.76666666666667,,131.11880821077958,,44.28709377779357,156.63694722266803,157.51364261026998,168.97164576590677,154.889237242278
3384,112.8,,131.21289122097193,,43.89526742543234,156.12331230061793,159.2858564570529,168.97791425615952,156.18641212443373
3385,112.83333333333333,,131.5345033595105,,44.256830230403445,155.02554729907234,159.11848427769968,168.9688847392502,156.07814431349223
3386,112.86666666666666,,132.1632872735471,,44.404454447575446,155.04953655855624,158.7399573535712,169.26441675540343,156.41152015637758
3387,112.9,,126.0959619728541,,49.18559500909257,157.74968870014777,156.91174234162892,170.2029325927882,157.09973563421374
3388,112.93333333333334,,131.0890523151441,,43.866345278328374,158.69170444125302,160.37420538131232,169.5066830717165,158.5391949871613
3389,112.96666666666667,,129.14249295339818,,44.87427752904311,158.97616747506686,158.62701764399512,169.31442437748692,157.07728061876136
3390,113.0,,129.65109823156325,,44.080222438200096,158.45200072270418,157.5297380296228,169.92305489122577,156.10210099367475
3391,113.03333333333333,,129.04165935297604,,44.469018876642934,158.70822899580705,157.20773652098268,169.5825977168063,156.1961656625284
3392,113.06666666666666,,130.18801863339945,,44.95387561486861,157.6569022956126,161.70720934633349,170.032541855617,159.0658398946386
3393,113.1,,131.5797518871055,,44.6145542409049,158.48803157868483,162.4264604497198,169.16631009683874,157.83090573884107
3394,113.13333333333334,,131.60223290505613,,45.07321795048992,158.6218815878016,160.8373692911997,168.8492596154634,156.7887502076291
3395,113.16666666666667,,130.65322317455838,,45.29572879877614,157.85076508073055,158.28721836087132,169.03116890369716,154.88961567393753
3396,113.2,,129.89678730689258,,47.296684680010884,158.21308681248536,158.76943670743267,168.3645142248347,154.25005678463776
3397,113.23333333333333,,129.5778790909996,,47.792768542800445,157.55913136128865,156.32185144150898,169.27654284135716,154.0430652104249
3398,113.26666666666667,,128.12532682420382,,50.05659228179326,157.63935032443098,153.96983756019142,170.39437007706206,153.08101634446032
3399,113.3,,128.5865418715947,,49.13062825195754,158.00109937690505,154.059334403448,170.33507648380538,152.16713690549383
3400,113.33333333333333,,127.85533327758485,,51.583325151395414,157.62570719833866,150.67835944564618,172.137022339856,147.59858478151932
3401,113.36666666666666,,123.8172385999522,,53.48197744051194,152.87671235395956,151.80939229312878,174.01559464328002,148.84813793719294
3402,113.4,,124.55379870770939,,53.58109202539509,154.37220607771263,155.59956111570912,172.71128005517903,150.09128686436665
3403,113.43333333333334,,123.9809061841951,,53.74980514709775,152.16049791587412,155.3534515707214,167.75255427160195,150.44010462014225
3404,113.46666666666667,,124.77523237624176,,53.106517887719754,147.94537788018314,148.3218067898901,169.00854054938563,140.57006382611522
3405,113.5,,126.70431265454677,,52.458569131050055,147.74704702805806,142.09959158155164,169.4013750098964,136.0507864919806
3406,113.53333333333333,,128.0808967389086,,53.91302050931777,145.98728791272774,135.73904647119667,168.93109253323357,132.21628794550455
3407,113.56666666666666,,128.63428642801628,,51.66458038520737,141.42745975145618,133.7687920877619,168.03960905098998,131.23355566878308
3408,113.6,,130.52884082018772,,49.98876462197563,138.1701259685259,136.0549386738183,169.42446105483546,136.83727917011032
3409,113.63333333333334,,127.4630134036705,,48.46514761678921,138.72467985240965,140.73302477379957,164.05295624721424,139.13871924974458
3410,113.66666666666667,,128.41631657019516,,49.61854193847742,149.1912421139315,147.02863309975362,148.11740745276242,150.03962665905328
3411,113.7,,128.1012539944004,,50.23818831081019,127.4776007273389,146.4265724014526,110.41783779142075,153.39590917458696
3412,113.73333333333333,,133.09065897887186,,47.15674070094376,131.8492960257519,139.72405851421965,142.48891649029656,147.5866810114534
3413,113.76666666666667,,130.4272293699582,,48.795163722994985,133.7375073244942,138.16090968003402,133.8913579724798,148.71382597322977
3414,113.8,,129.33099852626222,,48.68603630594679,127.01094673275857,138.37387124903677,132.60748334362992,147.7526235841712
3415,113.83333333333333,,125.62295006900759,,49.125950134529326,122.99640472788438,136.01059052895997,130.6824438607135,146.73130449604912
3416,113.86666666666666,,125.44414428965734,,49.01946784326405,124.09269940259026,135.20389250180244,124.72172438741525,147.75305759939693
3417,113.9,,125.070160769422,,41.531427718831594,117.19004671732203,138.39510666125435,158.2551714325097,145.66193844748906
3418,113.93333333333334,,126.32147766190543,,44.23183153159677,120.39961797744519,141.45179440131895,156.3616443209573,148.52867531795013
3419,113.96666666666667,,127.98264363727505,,42.236627191615575,,143.78169446816779,,149.60966280496075
3420,114.0,,123.06933829398504,,44.46688250812405,,159.84678465226096,,157.82948535852532
3421,114.03333333333333,,120.55712702971559,,43.68702691840249,,163.35383300391283,,160.7374565421446
3422,114.06666666666666,,124.98993005287868,,44.145681374162336,,159.2566086872697,,158.83946485921282
3423,114.1,,120.89520928914145,,43.94799055529133,,156.38659584136462,,156.0520389219496
3424,114.13333333333334,,122.59522152458091,,43.511178870995096,,159.6097290078207,,158.0686707085704
3425,114.16666666666667,,123.74978648056864,,44.149367180145866,,160.0951681798471,,157.54092634571822
3426,114.2,,122.58917340474606,,49.25694334561948,,157.8479658345728,,158.20074806904177
3427,114.23333333333333,,124.21393239634254,,53.783332492761325,,157.63411038013047,,157.91636271812268
3428,114.26666666666667,,111.84889997561963,,54.76951178642905,,154.4173530788939,,156.22853768849475
3429,114.3,,113.59533094346067,,51.19769531996174,,153.7154629607031,,158.36817291405532
3430,114.33333333333333,,117.95948730689246,,52.79517569639656,,145.56964434047566,,152.64597085155734
3431,114.36666666666666,,117.9668446059789,,56.56266868825367,,133.87180315093696,,146.8338551095614
3432,114.4,,115.47856528092615,,59.77830498962634,,135.8141893507152,,150.15312096339412
3433,114.43333333333334,,123.89548235147,,57.71483271921413,,125.87255562275641,,148.63659596090517
3434,114.46666666666667,,128.01270477590316,,56.204061303945686,,128.38261771910675,,149.530439140255
3435,114.5,,133.94653371450835,,49.444865902356185,,130.58938059750074,,138.83378455009614
3436,114.53333333333333,,134.4855957514914,,48.941413439543254,,140.67826590186587,,144.47407530219166
3437,114.56666666666666,,136.8866740383035,,46.534190529505445,,146.9363520927556,,151.97107209402668
3438,114.6,,137.9060526042668,,47.82071215556371,,142.1039654328847,,149.70841968840767
3439,114.63333333333334,,136.63507513537732,,50.39003200660994,,148.0747418129822,,153.85264669623749
