exercise_label,source_video,source_video_id,subject_id,rep,rep_uid,split_group,shift,start_frame,end_frame,sampled_frames,segmentation_confidence,review_status,augmentation,rotation_degrees
1,C:\Users\Utente\Desktop\AriuFitness-copia-A\uploads\videos\ex_antoniopisello\PM_014-Camera17-30fps.mp4,PM_014-Camera17-30fps,PM_014,1,PM_014-Camera17-30fps__rep_001,PM_014-Camera17-30fps__rep_001,-5,150,394,"150,185,220,255,289,324,359,394",0.9028544654670356,accepted,original,0.0
1,C:\Users\Utente\Desktop\AriuFitness-copia-A\uploads\videos\ex_antoniopisello\PM_014-Camera17-30fps.mp4,PM_014-Camera17-30fps,PM_014,1,PM_014-Camera17-30fps__rep_001,PM_014-Camera17-30fps__rep_001,-5,150,394,"150,185,220,255,289,324,359,394",0.9028544654670356,accepted,rotation,-10.0
1,C:\Users\Utente\Desktop\AriuFitness-copia-A\uploads\videos\ex_antoniopisello\PM_014-Camera17-30fps.mp4,PM_014-Camera17-30fps,PM_014,1,PM_014-Camera17-30fps__rep_001,PM_014-Camera17-30fps__rep_001,-5,150,394,"150,185,220,255,289,324,359,394",0.9028544654670356,accepted,rotation,10.0
1,C:\Users\Utente\Desktop\AriuFitness-copia-A\uploads\videos\ex_antoniopisello\PM_014-Camera17-30fps.mp4,PM_014-Camera17-30fps,PM_014,1,PM_014-Camera17-30fps__rep_001,PM_014-Camera17-30fps__rep_001,-4,151,395,"151,186,221,256,290,325,360,395",0.9028544654670356,accepted,original,0.0
1,C:\Users\Utente\Desktop\AriuFitness-copia-A\uploads\videos\ex_antoniopisello\PM_014-Camera17-30fps.mp4,PM_014-Camera17-30fps,PM_014,1,PM_014-Camera17-30fps__rep_001,PM_014-Camera17-30fps__rep_001,-4,151,395,"151,186,221,256,290,325,360,395",0.9028544654670356,accepted,rotation,-10.0
1,C:\Users\Utente\Desktop\AriuFitness-copia-A\uploads\videos\ex_antoniopisello\PM_014-Camera17-30fps.mp4,PM_014-Camera17-30fps,PM_014,1,PM_014-Camera17-30fps__rep_001,PM_014-Camera17-30fps__rep_001,-4,151,395,"151,186,221,256,290,325,360,395",0.9028544654670356,accepted,rotation,10.0
1,C:\Users\Utente\Desktop\AriuFitness-copia-A\uploads\videos\ex_antoniopisello\PM_014-Camera17-30fps.mp4,PM_014-Camera17-30fps,PM_014,1,PM_014-Camera17-30fps__rep_001,PM_014-Camera17-30fps__rep_001,-3,152,396,"152,187,222,257,291,326,361,396",0.9028544654670356,accepted,original,0.0
1,C:\Users\Utente\Desktop\AriuFitness-copia-A\uploads\videos\ex_antoniopisello\PM_014-Camera17-30fps.mp4,PM_014-Camera17-30fps,PM_014,1,PM_014-Camera17-30fps__rep_001,PM_014-Camera17-30fps__rep_001,-3,152,396,"152,187,222,257,291,326,361,396",0.9028544654670356,accepted,rotation,-10.0
1,C:\Users\Utente\Desktop\AriuFitness-copia-A\uploads\videos\ex_antoniopisello\PM_014-Camera17-30fps.mp4,PM_014-Camera17-30fps,PM_014,1,PM_014-Camera17-30fps__rep_001,PM_014-Camera17-30fps__rep_001,-3,152,396,"152,187,222,257,291,326,361,396",0.9028544654670356,accepted,rotation,10.0
1,C:\Users\Utente\Desktop\AriuFitness-copia-A\uploads\videos\ex_antoniopisello\PM_014-Camera17-30fps.mp4,PM_014-Camera17-30fps,PM_014,1,PM_014-Camera17-30fps__rep_001,PM_014-Camera17-30fps__rep_001,-2,153,397,"153,188,223,258,292,327,362,397",0.9028544654670356,accepted,original,0.0
1,C:\Users\Utente\Desktop\AriuFitness-copia-A\uploads\videos\ex_antoniopisello\PM_014-Camera17-30fps.mp4,PM_014-Camera17-30fps,PM_014,1,PM_014-Camera17-30fps__rep_001,PM_014-Camera17-30fps__rep_001,-2,153,397,"153,188,223,258,292,327,362,397",0.9028544654670356,accepted,rotation,-10.0
1,C:\Users\Utente\Desktop\AriuFitness-copia-A\uploads\videos\ex_antoniopisello\PM_014-Camera17-30fps.mp4,PM_014-Camera17-30fps,PM_014,1,PM_014-Camera17-30fps__rep_001,PM_014-Camera17-30fps__rep_001,-2,153,397,"153,188,223,258,292,327,362,397",0.9028544654670356,accepted,rotation,10.0
1,C:\Users\Utente\Desktop\AriuFitness-copia-A\uploads\videos\ex_antoniopisello\PM_014-Camera17-30fps.mp4,PM_014-Camera17-30fps,PM_014,1,PM_014-Camera17-30fps__rep_001,PM_014-Camera17-30fps__rep_001,-1,154,398,"154,189,224,259,293,328,363,398",0.9028544654670356,accepted,original,0.0
1,C:\Users\Utente\Desktop\AriuFitness-copia-A\uploads\videos\ex_antoniopisello\PM_014-Camera17-30fps.mp4,PM_014-Camera17-30fps,PM_014,1,PM_014-Camera17-30fps__rep_001,PM_014-Camera17-30fps__rep_001,-1,154,398,"154,189,224,259,293,328,363,398",0.9028544654670356,accepted,rotation,-10.0
1,C:\Users\Utente\Desktop\AriuFitness-copia-A\uploads\videos\ex_antoniopisello\PM_014-Camera17-30fps.mp4,PM_014-Camera17-30fps,PM_014,1,PM_014-Camera17-30fps__rep_001,PM_014-Camera17-30fps__rep_001,-1,154,398,"154,189,224,259,293,328,363,398",0.9028544654670356,accepted,rotation,10.0
1,C:\Users\Utente\Desktop\AriuFitness-copia-A\uploads\videos\ex_antoniopisello\PM_014-Camera17-30fps.mp4,PM_014-Camera17-30fps,PM_014,1,PM_014-Camera17-30fps__rep_001,PM_014-Camera17-30fps__rep_001,0,155,399,"155,190,225,260,294,329,364,399",0.9028544654670356,accepted,original,0.0
1,C:\Users\Utente\Desktop\AriuFitness-copia-A\uploads\videos\ex_antoniopisello\PM_014-Camera17-30fps.mp4,PM_014-Camera17-30fps,PM_014,1,PM_014-Camera17-30fps__rep_001,PM_014-Camera17-30fps__rep_001,0,155,399,"155,190,225,260,294,329,364,399",0.9028544654670356,accepted,rotation,-10.0
1,C:\Users\Utente\Desktop\AriuFitness-copia-A\uploads\videos\ex_antoniopisello\PM_014-Camera17-30fps.mp4,PM_014-Camera17-30fps,PM_014,1,PM_014-Camera17-30fps__rep_001,PM_014-Camera17-30fps__rep_001,0,155,399,"155,190,225,260,294,329,364,399",0.9028544654670356,accepted,rotation,10.0
1,C:\Users\Utente\Desktop\AriuFitness-copia-A\uploads\videos\ex_antoniopisello\PM_014-Camera17-30fps.mp4,PM_014-Camera17-30fps,PM_014,1,PM_014-Camera17-30fps__rep_001,PM_014-Camera17-30fps__rep_001,1,156,400,"156,191,226,261,295,330,365,400",0.9028544654670356,accepted,original,0.0
1,C:\Users\Utente\Desktop\AriuFitness-copia-A\uploads\videos\ex_antoniopisello\PM_014-Camera17-30fps.mp4,PM_014-Camera17-30fps,PM_014,1,PM_014-Camera17-30fps__rep_001,PM_014-Camera17-30fps__rep_001,1,156,400,"156,191,226,261,295,330,365,400",0.9028544654670356,accepted,rotation,-10.0
1,C:\Users\Utente\Desktop\AriuFitness-copia-A\uploads\videos\ex_antoniopisello\PM_014-Camera17-30fps.mp4,PM_014-Camera17-30fps,PM_014,1,PM_014-Camera17-30fps__rep_001,PM_014-Camera17-30fps__rep_001,1,156,400,"156,191,226,261,295,330,365,400",0.9028544654670356,accepted,rotation,10.0
1,C:\Users\Utente\Desktop\AriuFitness-copia-A\uploads\videos\ex_antoniopisello\PM_014-Camera17-30fps.mp4,PM_014-Camera17-30fps,PM_014,1,PM_014-Camera17-30fps__rep_001,PM_014-Camera17-30fps__rep_001,2,157,401,"157,192,227,262,296,331,366,401",0.9028544654670356,accepted,original,0.0
1,C:\Users\Utente\Desktop\AriuFitness-copia-A\uploads\videos\ex_antoniopisello\PM_014-Camera17-30fps.mp4,PM_014-Camera17-30fps,PM_014,1,PM_014-Camera17-30fps__rep_001,PM_014-Camera17-30fps__rep_001,2,157,401,"157,192,227,262,296,331,366,401",0.9028544654670356,accepted,rotation,-10.0
1,C:\Users\Utente\Desktop\AriuFitness-copia-A\uploads\videos\ex_antoniopisello\PM_014-Camera17-30fps.mp4,PM_014-Camera17-30fps,PM_014,1,PM_014-Camera17-30fps__rep_001,PM_014-Camera17-30fps__rep_001,2,157,401,"157,192,227,262,296,331,366,401",0.9028544654670356,accepted,rotation,10.0
1,C:\Users\Utente\Desktop\AriuFitness-copia-A\uploads\videos\ex_antoniopisello\PM_014-Camera17-30fps.mp4,PM_014-Camera17-30fps,PM_014,1,PM_014-Camera17-30fps__rep_001,PM_014-Camera17-30fps__rep_001,3,158,402,"158,193,228,263,297,332,367,402",0.9028544654670356,accepted,original,0.0
1,C:\Users\Utente\Desktop\AriuFitness-copia-A\uploads\videos\ex_antoniopisello\PM_014-Camera17-30fps.mp4,PM_014-Camera17-30fps,PM_014,1,PM_014-Camera17-30fps__rep_001,PM_014-Camera17-30fps__rep_001,3,158,402,"158,193,228,263,297,332,367,402",0.9028544654670356,accepted,rotation,-10.0
1,C:\Users\Utente\Desktop\AriuFitness-copia-A\uploads\videos\ex_antoniopisello\PM_014-Camera17-30fps.mp4,PM_014-Camera17-30fps,PM_014,1,PM_014-Camera17-30fps__rep_001,PM_014-Camera17-30fps__rep_001,3,158,402,"158,193,228,263,297,332,367,402",0.9028544654670356,accepted,rotation,10.0
1,C:\Users\Utente\Desktop\AriuFitness-copia-A\uploads\videos\ex_antoniopisello\PM_014-Camera17-30fps.mp4,PM_014-Camera17-30fps,PM_014,1,PM_014-Camera17-30fps__rep_001,PM_014-Camera17-30fps__rep_001,4,159,403,"159,194,229,264,298,333,368,403",0.9028544654670356,accepted,original,0.0
1,C:\Users\Utente\Desktop\AriuFitness-copia-A\uploads\videos\ex_antoniopisello\PM_014-Camera17-30fps.mp4,PM_014-Camera17-30fps,PM_014,1,PM_014-Camera17-30fps__rep_001,PM_014-Camera17-30fps__rep_001,4,159,403,"159,194,229,264,298,333,368,403",0.9028544654670356,accepted,rotation,-10.0
1,C:\Users\Utente\Desktop\AriuFitness-copia-A\uploads\videos\ex_antoniopisello\PM_014-Camera17-30fps.mp4,PM_014-Camera17-30fps,PM_014,1,PM_014-Camera17-30fps__rep_001,PM_014-Camera17-30fps__rep_001,4,159,403,"159,194,229,264,298,333,368,403",0.9028544654670356,accepted,rotation,10.0
1,C:\Users\Utente\Desktop\AriuFitness-copia-A\uploads\videos\ex_antoniopisello\PM_014-Camera17-30fps.mp4,PM_014-Camera17-30fps,PM_014,1,PM_014-Camera17-30fps__rep_001,PM_014-Camera17-30fps__rep_001,5,160,404,"160,195,230,265,299,334,369,404",0.9028544654670356,accepted,original,0.0
1,C:\Users\Utente\Desktop\AriuFitness-copia-A\uploads\videos\ex_antoniopisello\PM_014-Camera17-30fps.mp4,PM_014-Camera17-30fps,PM_014,1,PM_014-Camera17-30fps__rep_001,PM_014-Camera17-30fps__rep_001,5,160,404,"160,195,230,265,299,334,369,404",0.9028544654670356,accepted,rotation,-10.0
1,C:\Users\Utente\Desktop\AriuFitness-copia-A\uploads\videos\ex_antoniopisello\PM_014-Camera17-30fps.mp4,PM_014-Camera17-30fps,PM_014,1,PM_014-Camera17-30fps__rep_001,PM_014-Camera17-30fps__rep_001,5,160,404,"160,195,230,265,299,334,369,404",0.9028544654670356,accepted,rotation,10.0
1,C:\Users\Utente\Desktop\AriuFitness-copia-A\uploads\videos\ex_antoniopisello\PM_014-Camera17-30fps.mp4,PM_014-Camera17-30fps,PM_014,2,PM_014-Camera17-30fps__rep_002,PM_014-Camera17-30fps__rep_002,-5,394,607,"394,424,455,485,516,546,577,607",0.8974262125669203,accepted,original,0.0
1,C:\Users\Utente\Desktop\AriuFitness-copia-A\uploads\videos\ex_antoniopisello\PM_014-Camera17-30fps.mp4,PM_014-Camera17-30fps,PM_014,2,PM_014-Camera17-30fps__rep_002,PM_014-Camera17-30fps__rep_002,-5,394,607,"394,424,455,485,516,546,577,607",0.8974262125669203,accepted,rotation,-10.0
1,C:\Users\Utente\Desktop\AriuFitness-copia-A\uploads\videos\ex_antoniopisello\PM_014-Camera17-30fps.mp4,PM_014-Camera17-30fps,PM_014,2,PM_014-Camera17-30fps__rep_002,PM_014-Camera17-30fps__rep_002,-5,394,607,"394,424,455,485,516,546,577,607",0.8974262125669203,accepted,rotation,10.0
1,C:\Users\Utente\Desktop\AriuFitness-copia-A\uploads\videos\ex_antoniopisello\PM_014-Camera17-30fps.mp4,PM_014-Camera17-30fps,PM_014,2,PM_014-Camera17-30fps__rep_002,PM_014-Camera17-30fps__rep_002,-4,395,608,"395,425,456,486,517,547,578,608",0.8974262125669203,accepted,original,0.0
1,C:\Users\Utente\Desktop\AriuFitness-copia-A\uploads\videos\ex_antoniopisello\PM_014-Camera17-30fps.mp4,PM_014-Camera17-30fps,PM_014,2,PM_014-Camera17-30fps__rep_002,PM_014-Camera17-30fps__rep_002,-4,395,608,"395,425,456,486,517,547,578,608",0.8974262125669203,accepted,rotation,-10.0
1,C:\Users\Utente\Desktop\AriuFitness-copia-A\uploads\videos\ex_antoniopisello\PM_014-Camera17-30fps.mp4,PM_014-Camera17-30fps,PM_014,2,PM_014-Camera17-30fps__rep_002,PM_014-Camera17-30fps__rep_002,-4,395,608,"395,425,456,486,517,547,578,608",0.8974262125669203,accepted,rotation,10.0
1,C:\Users\Utente\Desktop\AriuFitness-copia-A\uploads\videos\ex_antoniopisello\PM_014-Camera17-30fps.mp4,PM_014-Camera17-30fps,PM_014,2,PM_014-Camera17-30fps__rep_002,PM_014-Camera17-30fps__rep_002,-3,396,609,"396,426,457,487,518,548,579,609",0.8974262125669203,accepted,original,0.0
1,C:\Users\Utente\Desktop\AriuFitness-copia-A\uploads\videos\ex_antoniopisello\PM_014-Camera17-30fps.mp4,PM_014-Camera17-30fps,PM_014,2,PM_014-Camera17-30fps__rep_002,PM_014-Camera17-30fps__rep_002,-3,396,609,"396,426,457,487,518,548,579,609",0.8974262125669203,accepted,rotation,-10.0
1,C:\Users\Utente\Desktop\AriuFitness-copia-A\uploads\videos\ex_antoniopisello\PM_014-Camera17-30fps.mp4,PM_014-Camera17-30fps,PM_014,2,PM_014-Camera17-30fps__rep_002,PM_014-Camera17-30fps__rep_002,-3,396,609,"396,426,457,487,518,548,579,609",0.8974262125669203,accepted,rotation,10.0
1,C:\Users\Utente\Desktop\AriuFitness-copia-A\uploads\videos\ex_antoniopisello\PM_014-Camera17-30fps.mp4,PM_014-Camera17-30fps,PM_014,2,PM_014-Camera17-30fps__rep_002,PM_014-Camera17-30fps__rep_002,-2,397,610,"397,427,458,488,519,549,580,610",0.8974262125669203,accepted,original,0.0
1,C:\Users\Utente\Desktop\AriuFitness-copia-A\uploads\videos\ex_antoniopisello\PM_014-Camera17-30fps.mp4,PM_014-Camera17-30fps,PM_014,2,PM_014-Camera17-30fps__rep_002,PM_014-Camera17-30fps__rep_002,-2,397,610,"397,427,458,488,519,549,580,610",0.8974262125669203,accepted,rotation,-10.0
1,C:\Users\Utente\Desktop\AriuFitness-copia-A\uploads\videos\ex_antoniopisello\PM_014-Camera17-30fps.mp4,PM_014-Camera17-30fps,PM_014,2,PM_014-Camera17-30fps__rep_002,PM_014-Camera17-30fps__rep_002,-2,397,610,"397,427,458,488,519,549,580,610",0.8974262125669203,accepted,rotation,10.0
1,C:\Users\Utente\Desktop\AriuFitness-copia-A\uploads\videos\ex_antoniopisello\PM_014-Camera17-30fps.mp4,PM_014-Camera17-30fps,PM_014,2,PM_014-Camera17-30fps__rep_002,PM_014-Camera17-30fps__rep_002,-1,398,611,"398,428,459,489,520,550,581,611",0.8974262125669203,accepted,original,0.0
1,C:\Users\Utente\Desktop\AriuFitness-copia-A\uploads\videos\ex_antoniopisello\PM_014-Camera17-30fps.mp4,PM_014-Camera17-30fps,PM_014,2,PM_014-Camera17-30fps__rep_002,PM_014-Camera17-30fps__rep_002,-1,398,611,"398,428,459,489,520,550,581,611",0.8974262125669203,accepted,rotation,-10.0
1,C:\Users\Utente\Desktop\AriuFitness-copia-A\uploads\videos\ex_antoniopisello\PM_014-Camera17-30fps.mp4,PM_014-Camera17-30fps,PM_014,2,PM_014-Camera17-30fps__rep_002,PM_014-Camera17-30fps__rep_002,-1,398,611,"398,428,459,489,520,550,581,611",0.8974262125669203,accepted,rotation,10.0
1,C:\Users\Utente\Desktop\AriuFitness-copia-A\uploads\videos\ex_antoniopisello\PM_014-Camera17-30fps.mp4,PM_014-Camera17-30fps,PM_014,2,PM_014-Camera17-30fps__rep_002,PM_014-Camera17-30fps__rep_002,0,399,612,"399,429,460,490,521,551,582,612",0.8974262125669203,accepted,original,0.0
1,C:\Users\Utente\Desktop\AriuFitness-copia-A\uploads\videos\ex_antoniopisello\PM_014-Camera17-30fps.mp4,PM_014-Camera17-30fps,PM_014,2,PM_014-Camera17-30fps__rep_002,PM_014-Camera17-30fps__rep_002,0,399,612,"399,429,460,490,521,551,582,612",0.8974262125669203,accepted,rotation,-10.0
1,C:\Users\Utente\Desktop\AriuFitness-copia-A\uploads\videos\ex_antoniopisello\PM_014-Camera17-30fps.mp4,PM_014-Camera17-30fps,PM_014,2,PM_014-Camera17-30fps__rep_002,PM_014-Camera17-30fps__rep_002,0,399,612,"399,429,460,490,521,551,582,612",0.8974262125669203,accepted,rotation,10.0
1,C:\Users\Utente\Desktop\AriuFitness-copia-A\uploads\videos\ex_antoniopisello\PM_014-Camera17-30fps.mp4,PM_014-Camera17-30fps,PM_014,2,PM_014-Camera17-30fps__rep_002,PM_014-Camera17-30fps__rep_002,1,400,613,"400,430,461,491,522,552,583,613",0.8974262125669203,accepted,original,0.0
1,C:\Users\Utente\Desktop\AriuFitness-copia-A\uploads\videos\ex_antoniopisello\PM_014-Camera17-30fps.mp4,PM_014-Camera17-30fps,PM_014,2,PM_014-Camera17-30fps__rep_002,PM_014-Camera17-30fps__rep_002,1,400,613,"400,430,461,491,522,552,583,613",0.8974262125669203,accepted,rotation,-10.0
1,C:\Users\Utente\Desktop\AriuFitness-copia-A\uploads\videos\ex_antoniopisello\PM_014-Camera17-30fps.mp4,PM_014-Camera17-30fps,PM_014,2,PM_014-Camera17-30fps__rep_002,PM_014-Camera17-30fps__rep_002,1,400,613,"400,430,461,491,522,552,583,613",0.8974262125669203,accepted,rotation,10.0
1,C:\Users\Utente\Desktop\AriuFitness-copia-A\uploads\videos\ex_antoniopisello\PM_014-Camera17-30fps.mp4,PM_014-Camera17-30fps,PM_014,2,PM_014-Camera17-30fps__rep_002,PM_014-Camera17-30fps__rep_002,2,401,614,"401,431,462,492,523,553,584,614",0.8974262125669203,accepted,original,0.0
1,C:\Users\Utente\Desktop\AriuFitness-copia-A\uploads\videos\ex_antoniopisello\PM_014-Camera17-30fps.mp4,PM_014-Camera17-30fps,PM_014,2,PM_014-Camera17-30fps__rep_002,PM_014-Camera17-30fps__rep_002,2,401,614,"401,431,462,492,523,553,584,614",0.8974262125669203,accepted,rotation,-10.0
1,C:\Users\Utente\Desktop\AriuFitness-copia-A\uploads\videos\ex_antoniopisello\PM_014-Camera17-30fps.mp4,PM_014-Camera17-30fps,PM_014,2,PM_014-Camera17-30fps__rep_002,PM_014-Camera17-30fps__rep_002,2,401,614,"401,431,462,492,523,553,584,614",0.8974262125669203,accepted,rotation,10.0
1,C:\Users\Utente\Desktop\AriuFitness-copia-A\uploads\videos\ex_antoniopisello\PM_014-Camera17-30fps.mp4,PM_014-Camera17-30fps,PM_014,2,PM_014-Camera17-30fps__rep_002,PM_014-Camera17-30fps__rep_002,3,402,615,"402,432,463,493,524,554,585,615",0.8974262125669203,accepted,original,0.0
1,C:\Users\Utente\Desktop\AriuFitness-copia-A\uploads\videos\ex_antoniopisello\PM_014-Camera17-30fps.mp4,PM_014-Camera17-30fps,PM_014,2,PM_014-Camera17-30fps__rep_002,PM_014-Camera17-30fps__rep_002,3,402,615,"402,432,463,493,524,554,585,615",0.8974262125669203,accepted,rotation,-10.0
1,C:\Users\Utente\Desktop\AriuFitness-copia-A\uploads\videos\ex_antoniopisello\PM_014-Camera17-30fps.mp4,PM_014-Camera17-30fps,PM_014,2,PM_014-Camera17-30fps__rep_002,PM_014-Camera17-30fps__rep_002,3,402,615,"402,432,463,493,524,554,585,615",0.8974262125669203,accepted,rotation,10.0
1,C:\Users\Utente\Desktop\AriuFitness-copia-A\uploads\videos\ex_antoniopisello\PM_014-Camera17-30fps.mp4,PM_014-Camera17-30fps,PM_014,2,PM_014-Camera17-30fps__rep_002,PM_014-Camera17-30fps__rep_002,4,403,616,"403,433,464,494,525,555,586,616",0.8974262125669203,accepted,original,0.0
1,C:\Users\Utente\Desktop\AriuFitness-copia-A\uploads\videos\ex_antoniopisello\PM_014-Camera17-30fps.mp4,PM_014-Camera17-30fps,PM_014,2,PM_014-Camera17-30fps__rep_002,PM_014-Camera17-30fps__rep_002,4,403,616,"403,433,464,494,525,555,586,616",0.8974262125669203,accepted,rotation,-10.0
1,C:\Users\Utente\Desktop\AriuFitness-copia-A\uploads\videos\ex_antoniopisello\PM_014-Camera17-30fps.mp4,PM_014-Camera17-30fps,PM_014,2,PM_014-Camera17-30fps__rep_002,PM_014-Camera17-30fps__rep_002,4,403,616,"403,433,464,494,525,555,586,616",0.8974262125669203,accepted,rotation,10.0
1,C:\Users\Utente\Desktop\AriuFitness-copia-A\uploads\videos\ex_antoniopisello\PM_014-Camera17-30fps.mp4,PM_014-Camera17-30fps,PM_014,2,PM_014-Camera17-30fps__rep_002,PM_014-Camera17-30fps__rep_002,5,404,617,"404,434,465,495,526,556,587,617",0.8974262125669203,accepted,original,0.0
1,C:\Users\Utente\Desktop\AriuFitness-copia-A\uploads\videos\ex_antoniopisello\PM_014-Camera17-30fps.mp4,PM_014-Camera17-30fps,PM_014,2,PM_014-Camera17-30fps__rep_002,PM_014-Camera17-30fps__rep_002,5,404,617,"404,434,465,495,526,556,587,617",0.8974262125669203,accepted,rotation,-10.0
1,C:\Users\Utente\Desktop\AriuFitness-copia-A\uploads\videos\ex_antoniopisello\PM_014-Camera17-30fps.mp4,PM_014-Camera17-30fps,PM_014,2,PM_014-Camera17-30fps__rep_002,PM_014-Camera17-30fps__rep_002,5,404,617,"404,434,465,495,526,556,587,617",0.8974262125669203,accepted,rotation,10.0
1,C:\Users\Utente\Desktop\AriuFitness-copia-A\uploads\videos\ex_antoniopisello\PM_014-Camera17-30fps.mp4,PM_014-Camera17-30fps,PM_014,3,PM_014-Camera17-30fps__rep_003,PM_014-Camera17-30fps__rep_003,-5,607,799,"607,634,662,689,717,744,772,799",0.8878458671045445,accepted,original,0.0
1,C:\Users\Utente\Desktop\AriuFitness-copia-A\uploads\videos\ex_antoniopisello\PM_014-Camera17-30fps.mp4,PM_014-Camera17-30fps,PM_014,3,PM_014-Camera17-30fps__rep_003,PM_014-Camera17-30fps__rep_003,-5,607,799,"607,634,662,689,717,744,772,799",0.8878458671045445,accepted,rotation,-10.0
1,C:\Users\Utente\Desktop\AriuFitness-copia-A\uploads\videos\ex_antoniopisello\PM_014-Camera17-30fps.mp4,PM_014-Camera17-30fps,PM_014,3,PM_014-Camera17-30fps__rep_003,PM_014-Camera17-30fps__rep_003,-5,607,799,"607,634,662,689,717,744,772,799",0.8878458671045445,accepted,rotation,10.0
1,C:\Users\Utente\Desktop\AriuFitness-copia-A\uploads\videos\ex_antoniopisello\PM_014-Camera17-30fps.mp4,PM_014-Camera17-30fps,PM_014,3,PM_014-Camera17-30fps__rep_003,PM_014-Camera17-30fps__rep_003,-4,608,800,"608,635,663,690,718,745,773,800",0.8878458671045445,accepted,original,0.0
1,C:\Users\Utente\Desktop\AriuFitness-copia-A\uploads\videos\ex_antoniopisello\PM_014-Camera17-30fps.mp4,PM_014-Camera17-30fps,PM_014,3,PM_014-Camera17-30fps__rep_003,PM_014-Camera17-30fps__rep_003,-4,608,800,"608,635,663,690,718,745,773,800",0.8878458671045445,accepted,rotation,-10.0
1,C:\Users\Utente\Desktop\AriuFitness-copia-A\uploads\videos\ex_antoniopisello\PM_014-Camera17-30fps.mp4,PM_014-Camera17-30fps,PM_014,3,PM_014-Camera17-30fps__rep_003,PM_014-Camera17-30fps__rep_003,-4,608,800,"608,635,663,690,718,745,773,800",0.8878458671045445,accepted,rotation,10.0
1,C:\Users\Utente\Desktop\AriuFitness-copia-A\uploads\videos\ex_antoniopisello\PM_014-Camera17-30fps.mp4,PM_014-Camera17-30fps,PM_014,3,PM_014-Camera17-30fps__rep_003,PM_014-Camera17-30fps__rep_003,-3,609,801,"609,636,664,691,719,746,774,801",0.8878458671045445,accepted,original,0.0
1,C:\Users\Utente\Desktop\AriuFitness-copia-A\uploads\videos\ex_antoniopisello\PM_014-Camera17-30fps.mp4,PM_014-Camera17-30fps,PM_014,3,PM_014-Camera17-30fps__rep_003,PM_014-Camera17-30fps__rep_003,-3,609,801,"609,636,664,691,719,746,774,801",0.8878458671045445,accepted,rotation,-10.0
1,C:\Users\Utente\Desktop\AriuFitness-copia-A\uploads\videos\ex_antoniopisello\PM_014-Camera17-30fps.mp4,PM_014-Camera17-30fps,PM_014,3,PM_014-Camera17-30fps__rep_003,PM_014-Camera17-30fps__rep_003,-3,609,801,"609,636,664,691,719,746,774,801",0.8878458671045445,accepted,rotation,10.0
1,C:\Users\Utente\Desktop\AriuFitness-copia-A\uploads\videos\ex_antoniopisello\PM_014-Camera17-30fps.mp4,PM_014-Camera17-30fps,PM_014,3,PM_014-Camera17-30fps__rep_003,PM_014-Camera17-30fps__rep_003,-2,610,802,"610,637,665,692,720,747,775,802",0.8878458671045445,accepted,original,0.0
1,C:\Users\Utente\Desktop\AriuFitness-copia-A\uploads\videos\ex_antoniopisello\PM_014-Camera17-30fps.mp4,PM_014-Camera17-30fps,PM_014,3,PM_014-Camera17-30fps__rep_003,PM_014-Camera17-30fps__rep_003,-2,610,802,"610,637,665,692,720,747,775,802",0.8878458671045445,accepted,rotation,-10.0
1,C:\Users\Utente\Desktop\AriuFitness-copia-A\uploads\videos\ex_antoniopisello\PM_014-Camera17-30fps.mp4,PM_014-Camera17-30fps,PM_014,3,PM_014-Camera17-30fps__rep_003,PM_014-Camera17-30fps__rep_003,-2,610,802,"610,637,665,692,720,747,775,802",0.8878458671045445,accepted,rotation,10.0
1,C:\Users\Utente\Desktop\AriuFitness-copia-A\uploads\videos\ex_antoniopisello\PM_014-Camera17-30fps.mp4,PM_014-Camera17-30fps,PM_014,3,PM_014-Camera17-30fps__rep_003,PM_014-Camera17-30fps__rep_003,-1,611,803,"611,638,666,693,721,748,776,803",0.8878458671045445,accepted,original,0.0
1,C:\Users\Utente\Desktop\AriuFitness-copia-A\uploads\videos\ex_antoniopisello\PM_014-Camera17-30fps.mp4,PM_014-Camera17-30fps,PM_014,3,PM_014-Camera17-30fps__rep_003,PM_014-Camera17-30fps__rep_003,-1,611,803,"611,638,666,693,721,748,776,803",0.8878458671045445,accepted,rotation,-10.0
1,C:\Users\Utente\Desktop\AriuFitness-copia-A\uploads\videos\ex_antoniopisello\PM_014-Camera17-30fps.mp4,PM_014-Camera17-30fps,PM_014,3,PM_014-Camera17-30fps__rep_003,PM_014-Camera17-30fps__rep_003,-1,611,803,"611,638,666,693,721,748,776,803",0.8878458671045445,accepted,rotation,10.0
1,C:\Users\Utente\Desktop\AriuFitness-copia-A\uploads\videos\ex_antoniopisello\PM_014-Camera17-30fps.mp4,PM_014-Camera17-30fps,PM_014,3,PM_014-Camera17-30fps__rep_003,PM_014-Camera17-30fps__rep_003,0,612,804,"612,639,667,694,722,749,777,804",0.8878458671045445,accepted,original,0.0
1,C:\Users\Utente\Desktop\AriuFitness-copia-A\uploads\videos\ex_antoniopisello\PM_014-Camera17-30fps.mp4,PM_014-Camera17-30fps,PM_014,3,PM_014-Camera17-30fps__rep_003,PM_014-Camera17-30fps__rep_003,0,612,804,"612,639,667,694,722,749,777,804",0.8878458671045445,accepted,rotation,-10.0
1,C:\Users\Utente\Desktop\AriuFitness-copia-A\uploads\videos\ex_antoniopisello\PM_014-Camera17-30fps.mp4,PM_014-Camera17-30fps,PM_014,3,PM_014-Camera17-30fps__rep_003,PM_014-Camera17-30fps__rep_003,0,612,804,"612,639,667,694,722,749,777,804",0.8878458671045445,accepted,rotation,10.0
1,C:\Users\Utente\Desktop\AriuFitness-copia-A\uploads\videos\ex_antoniopisello\PM_014-Camera17-30fps.mp4,PM_014-Camera17-30fps,PM_014,3,PM_014-Camera17-30fps__rep_003,PM_014-Camera17-30fps__rep_003,1,613,805,"613,640,668,695,723,750,778,805",0.8878458671045445,accepted,original,0.0
1,C:\Users\Utente\Desktop\AriuFitness-copia-A\uploads\videos\ex_antoniopisello\PM_014-Camera17-30fps.mp4,PM_014-Camera17-30fps,PM_014,3,PM_014-Camera17-30fps__rep_003,PM_014-Camera17-30fps__rep_003,1,613,805,"613,640,668,695,723,750,778,805",0.8878458671045445,accepted,rotation,-10.0
1,C:\Users\Utente\Desktop\AriuFitness-copia-A\uploads\videos\ex_antoniopisello\PM_014-Camera17-30fps.mp4,PM_014-Camera17-30fps,PM_014,3,PM_014-Camera17-30fps__rep_003,PM_014-Camera17-30fps__rep_003,1,613,805,"613,640,668,695,723,750,778,805",0.8878458671045445,accepted,rotation,10.0
1,C:\Users\Utente\Desktop\AriuFitness-copia-A\uploads\videos\ex_antoniopisello\PM_014-Camera17-30fps.mp4,PM_014-Camera17-30fps,PM_014,3,PM_014-Camera17-30fps__rep_003,PM_014-Camera17-30fps__rep_003,2,614,806,"614,641,669,696,724,751,779,806",0.8878458671045445,accepted,original,0.0
1,C:\Users\Utente\Desktop\AriuFitness-copia-A\uploads\videos\ex_antoniopisello\PM_014-Camera17-30fps.mp4,PM_014-Camera17-30fps,PM_014,3,PM_014-Camera17-30fps__rep_003,PM_014-Camera17-30fps__rep_003,2,614,806,"614,641,669,696,724,751,779,806",0.8878458671045445,accepted,rotation,-10.0
1,C:\Users\Utente\Desktop\AriuFitness-copia-A\uploads\videos\ex_antoniopisello\PM_014-Camera17-30fps.mp4,PM_014-Camera17-30fps,PM_014,3,PM_014-Camera17-30fps__rep_003,PM_014-Camera17-30fps__rep_003,2,614,806,"614,641,669,696,724,751,779,806",0.8878458671045445,accepted,rotation,10.0
1,C:\Users\Utente\Desktop\AriuFitness-copia-A\uploads\videos\ex_antoniopisello\PM_014-Camera17-30fps.mp4,PM_014-Camera17-30fps,PM_014,3,PM_014-Camera17-30fps__rep_003,PM_014-Camera17-30fps__rep_003,3,615,807,"615,642,670,697,725,752,780,807",0.8878458671045445,accepted,original,0.0
1,C:\Users\Utente\Desktop\AriuFitness-copia-A\uploads\videos\ex_antoniopisello\PM_014-Camera17-30fps.mp4,PM_014-Camera17-30fps,PM_014,3,PM_014-Camera17-30fps__rep_003,PM_014-Camera17-30fps__rep_003,3,615,807,"615,642,670,697,725,752,780,807",0.8878458671045445,accepted,rotation,-10.0
1,C:\Users\Utente\Desktop\AriuFitness-copia-A\uploads\videos\ex_antoniopisello\PM_014-Camera17-30fps.mp4,PM_014-Camera17-30fps,PM_014,3,PM_014-Camera17-30fps__rep_003,PM_014-Camera17-30fps__rep_003,3,615,807,"615,642,670,697,725,752,780,807",0.8878458671045445,accepted,rotation,10.0
1,C:\Users\Utente\Desktop\AriuFitness-copia-A\uploads\videos\ex_antoniopisello\PM_014-Camera17-30fps.mp4,PM_014-Camera17-30fps,PM_014,3,PM_014-Camera17-30fps__rep_003,PM_014-Camera17-30fps__rep_003,4,616,808,"616,643,671,698,726,753,781,808",0.8878458671045445,accepted,original,0.0
1,C:\Users\Utente\Desktop\AriuFitness-copia-A\uploads\videos\ex_antoniopisello\PM_014-Camera17-30fps.mp4,PM_014-Camera17-30fps,PM_014,3,PM_014-Camera17-30fps__rep_003,PM_014-Camera17-30fps__rep_003,4,616,808,"616,643,671,698,726,753,781,808",0.8878458671045445,accepted,rotation,-10.0
1,C:\Users\Utente\Desktop\AriuFitness-copia-A\uploads\videos\ex_antoniopisello\PM_014-Camera17-30fps.mp4,PM_014-Camera17-30fps,PM_014,3,PM_014-Camera17-30fps__rep_003,PM_014-Camera17-30fps__rep_003,4,616,808,"616,643,671,698,726,753,781,808",0.8878458671045445,accepted,rotation,10.0
1,C:\Users\Utente\Desktop\AriuFitness-copia-A\uploads\videos\ex_antoniopisello\PM_014-Camera17-30fps.mp4,PM_014-Camera17-30fps,PM_014,3,PM_014-Camera17-30fps__rep_003,PM_014-Camera17-30fps__rep_003,5,617,809,"617,644,672,699,727,754,782,809",0.8878458671045445,accepted,original,0.0
1,C:\Users\Utente\Desktop\AriuFitness-copia-A\uploads\videos\ex_antoniopisello\PM_014-Camera17-30fps.mp4,PM_014-Camera17-30fps,PM_014,3,PM_014-Camera17-30fps__rep_003,PM_014-Camera17-30fps__rep_003,5,617,809,"617,644,672,699,727,754,782,809",0.8878458671045445,accepted,rotation,-10.0
1,C:\Users\Utente\Desktop\AriuFitness-copia-A\uploads\videos\ex_antoniopisello\PM_014-Camera17-30fps.mp4,PM_014-Camera17-30fps,PM_014,3,PM_014-Camera17-30fps__rep_003,PM_014-Camera17-30fps__rep_003,5,617,809,"617,644,672,699,727,754,782,809",0.8878458671045445,accepted,rotation,10.0
1,C:\Users\Utente\Desktop\AriuFitness-copia-A\uploads\videos\ex_antoniopisello\PM_014-Camera17-30fps.mp4,PM_014-Camera17-30fps,PM_014,4,PM_014-Camera17-30fps__rep_004,PM_014-Camera17-30fps__rep_004,-5,799,1004,"799,828,858,887,916,945,975,1004",0.847309684392167,accepted,original,0.0
1,C:\Users\Utente\Desktop\AriuFitness-copia-A\uploads\videos\ex_antoniopisello\PM_014-Camera17-30fps.mp4,PM_014-Camera17-30fps,PM_014,4,PM_014-Camera17-30fps__rep_004,PM_014-Camera17-30fps__rep_004,-5,799,1004,"799,828,858,887,916,945,975,1004",0.847309684392167,accepted,rotation,-10.0
1,C:\Users\Utente\Desktop\AriuFitness-copia-A\uploads\videos\ex_antoniopisello\PM_014-Camera17-30fps.mp4,PM_014-Camera17-30fps,PM_014,4,PM_014-Camera17-30fps__rep_004,PM_014-Camera17-30fps__rep_004,-5,799,1004,"799,828,858,887,916,945,975,1004",0.847309684392167,accepted,rotation,10.0
1,C:\Users\Utente\Desktop\AriuFitness-copia-A\uploads\videos\ex_antoniopisello\PM_014-Camera17-30fps.mp4,PM_014-Camera17-30fps,PM_014,4,PM_014-Camera17-30fps__rep_004,PM_014-Camera17-30fps__rep_004,-4,800,1005,"800,829,859,888,917,946,976,1005",0.847309684392167,accepted,original,0.0
1,C:\Users\Utente\Desktop\AriuFitness-copia-A\uploads\videos\ex_antoniopisello\PM_014-Camera17-30fps.mp4,PM_014-Camera17-30fps,PM_014,4,PM_014-Camera17-30fps__rep_004,PM_014-Camera17-30fps__rep_004,-4,800,1005,"800,829,859,888,917,946,976,1005",0.847309684392167,accepted,rotation,-10.0
1,C:\Users\Utente\Desktop\AriuFitness-copia-A\uploads\videos\ex_antoniopisello\PM_014-Camera17-30fps.mp4,PM_014-Camera17-30fps,PM_014,4,PM_014-Camera17-30fps__rep_004,PM_014-Camera17-30fps__rep_004,-4,800,1005,"800,829,859,888,917,946,976,1005",0.847309684392167,accepted,rotation,10.0
1,C:\Users\Utente\Desktop\AriuFitness-copia-A\uploads\videos\ex_antoniopisello\PM_014-Camera17-30fps.mp4,PM_014-Camera17-30fps,PM_014,4,PM_014-Camera17-30fps__rep_004,PM_014-Camera17-30fps__rep_004,-3,801,1006,"801,830,860,889,918,947,977,1006",0.847309684392167,accepted,original,0.0
1,C:\Users\Utente\Desktop\AriuFitness-copia-A\uploads\videos\ex_antoniopisello\PM_014-Camera17-30fps.mp4,PM_014-Camera17-30fps,PM_014,4,PM_014-Camera17-30fps__rep_004,PM_014-Camera17-30fps__rep_004,-3,801,1006,"801,830,860,889,918,947,977,1006",0.847309684392167,accepted,rotation,-10.0
1,C:\Users\Utente\Desktop\AriuFitness-copia-A\uploads\videos\ex_antoniopisello\PM_014-Camera17-30fps.mp4,PM_014-Camera17-30fps,PM_014,4,PM_014-Camera17-30fps__rep_004,PM_014-Camera17-30fps__rep_004,-3,801,1006,"801,830,860,889,918,947,977,1006",0.847309684392167,accepted,rotation,10.0
1,C:\Users\Utente\Desktop\AriuFitness-copia-A\uploads\videos\ex_antoniopisello\PM_014-Camera17-30fps.mp4,PM_014-Camera17-30fps,PM_014,4,PM_014-Camera17-30fps__rep_004,PM_014-Camera17-30fps__rep_004,-2,802,1007,"802,831,861,890,919,948,978,1007",0.847309684392167,accepted,original,0.0
1,C:\Users\Utente\Desktop\AriuFitness-copia-A\uploads\videos\ex_antoniopisello\PM_014-Camera17-30fps.mp4,PM_014-Camera17-30fps,PM_014,4,PM_014-Camera17-30fps__rep_004,PM_014-Camera17-30fps__rep_004,-2,802,1007,"802,831,861,890,919,948,978,1007",0.847309684392167,accepted,rotation,-10.0
1,C:\Users\Utente\Desktop\AriuFitness-copia-A\uploads\videos\ex_antoniopisello\PM_014-Camera17-30fps.mp4,PM_014-Camera17-30fps,PM_014,4,PM_014-Camera17-30fps__rep_004,PM_014-Camera17-30fps__rep_004,-2,802,1007,"802,831,861,890,919,948,978,1007",0.847309684392167,accepted,rotation,10.0
1,C:\Users\Utente\Desktop\AriuFitness-copia-A\uploads\videos\ex_antoniopisello\PM_014-Camera17-30fps.mp4,PM_014-Camera17-30fps,PM_014,4,PM_014-Camera17-30fps__rep_004,PM_014-Camera17-30fps__rep_004,-1,803,1008,"803,832,862,891,920,949,979,1008",0.847309684392167,accepted,original,0.0
1,C:\Users\Utente\Desktop\AriuFitness-copia-A\uploads\videos\ex_antoniopisello\PM_014-Camera17-30fps.mp4,PM_014-Camera17-30fps,PM_014,4,PM_014-Camera17-30fps__rep_004,PM_014-Camera17-30fps__rep_004,-1,803,1008,"803,832,862,891,920,949,979,1008",0.847309684392167,accepted,rotation,-10.0
1,C:\Users\Utente\Desktop\AriuFitness-copia-A\uploads\videos\ex_antoniopisello\PM_014-Camera17-30fps.mp4,PM_014-Camera17-30fps,PM_014,4,PM_014-Camera17-30fps__rep_004,PM_014-Camera17-30fps__rep_004,-1,803,1008,"803,832,862,891,920,949,979,1008",0.847309684392167,accepted,rotation,10.0
1,C:\Users\Utente\Desktop\AriuFitness-copia-A\uploads\videos\ex_antoniopisello\PM_014-Camera17-30fps.mp4,PM_014-Camera17-30fps,PM_014,4,PM_014-Camera17-30fps__rep_004,PM_014-Camera17-30fps__rep_004,0,804,1009,"804,833,863,892,921,950,980,1009",0.847309684392167,accepted,original,0.0
1,C:\Users\Utente\Desktop\AriuFitness-copia-A\uploads\videos\ex_antoniopisello\PM_014-Camera17-30fps.mp4,PM_014-Camera17-30fps,PM_014,4,PM_014-Camera17-30fps__rep_004,PM_014-Camera17-30fps__rep_004,0,804,1009,"804,833,863,892,921,950,980,1009",0.847309684392167,accepted,rotation,-10.0
1,C:\Users\Utente\Desktop\AriuFitness-copia-A\uploads\videos\ex_antoniopisello\PM_014-Camera17-30fps.mp4,PM_014-Camera17-30fps,PM_014,4,PM_014-Camera17-30fps__rep_004,PM_014-Camera17-30fps__rep_004,0,804,1009,"804,833,863,892,921,950,980,1009",0.847309684392167,accepted,rotation,10.0
1,C:\Users\Utente\Desktop\AriuFitness-copia-A\uploads\videos\ex_antoniopisello\PM_014-Camera17-30fps.mp4,PM_014-Camera17-30fps,PM_014,4,PM_014-Camera17-30fps__rep_004,PM_014-Camera17-30fps__rep_004,1,805,1010,"805,834,864,893,922,951,981,1010",0.847309684392167,accepted,original,0.0
1,C:\Users\Utente\Desktop\AriuFitness-copia-A\uploads\videos\ex_antoniopisello\PM_014-Camera17-30fps.mp4,PM_014-Camera17-30fps,PM_014,4,PM_014-Camera17-30fps__rep_004,PM_014-Camera17-30fps__rep_004,1,805,1010,"805,834,864,893,922,951,981,1010",0.847309684392167,accepted,rotation,-10.0
1,C:\Users\Utente\Desktop\AriuFitness-copia-A\uploads\videos\ex_antoniopisello\PM_014-Camera17-30fps.mp4,PM_014-Camera17-30fps,PM_014,4,PM_014-Camera17-30fps__rep_004,PM_014-Camera17-30fps__rep_004,1,805,1010,"805,834,864,893,922,951,981,1010",0.847309684392167,accepted,rotation,10.0
1,C:\Users\Utente\Desktop\AriuFitness-copia-A\uploads\videos\ex_antoniopisello\PM_014-Camera17-30fps.mp4,PM_014-Camera17-30fps,PM_014,4,PM_014-Camera17-30fps__rep_004,PM_014-Camera17-30fps__rep_004,2,806,1011,"806,835,865,894,923,952,982,1011",0.847309684392167,accepted,original,0.0
1,C:\Users\Utente\Desktop\AriuFitness-copia-A\uploads\videos\ex_antoniopisello\PM_014-Camera17-30fps.mp4,PM_014-Camera17-30fps,PM_014,4,PM_014-Camera17-30fps__rep_004,PM_014-Camera17-30fps__rep_004,2,806,1011,"806,835,865,894,923,952,982,1011",0.847309684392167,accepted,rotation,-10.0
1,C:\Users\Utente\Desktop\AriuFitness-copia-A\uploads\videos\ex_antoniopisello\PM_014-Camera17-30fps.mp4,PM_014-Camera17-30fps,PM_014,4,PM_014-Camera17-30fps__rep_004,PM_014-Camera17-30fps__rep_004,2,806,1011,"806,835,865,894,923,952,982,1011",0.847309684392167,accepted,rotation,10.0
1,C:\Users\Utente\Desktop\AriuFitness-copia-A\uploads\videos\ex_antoniopisello\PM_014-Camera17-30fps.mp4,PM_014-Camera17-30fps,PM_014,4,PM_014-Camera17-30fps__rep_004,PM_014-Camera17-30fps__rep_004,3,807,1012,"807,836,866,895,924,953,983,1012",0.847309684392167,accepted,original,0.0
1,C:\Users\Utente\Desktop\AriuFitness-copia-A\uploads\videos\ex_antoniopisello\PM_014-Camera17-30fps.mp4,PM_014-Camera17-30fps,PM_014,4,PM_014-Camera17-30fps__rep_004,PM_014-Camera17-30fps__rep_004,3,807,1012,"807,836,866,895,924,953,983,1012",0.847309684392167,accepted,rotation,-10.0
1,C:\Users\Utente\Desktop\AriuFitness-copia-A\uploads\videos\ex_antoniopisello\PM_014-Camera17-30fps.mp4,PM_014-Camera17-30fps,PM_014,4,PM_014-Camera17-30fps__rep_004,PM_014-Camera17-30fps__rep_004,3,807,1012,"807,836,866,895,924,953,983,1012",0.847309684392167,accepted,rotation,10.0
1,C:\Users\Utente\Desktop\AriuFitness-copia-A\uploads\videos\ex_antoniopisello\PM_014-Camera17-30fps.mp4,PM_014-Camera17-30fps,PM_014,4,PM_014-Camera17-30fps__rep_004,PM_014-Camera17-30fps__rep_004,4,808,1013,"808,837,867,896,925,954,984,1013",0.847309684392167,accepted,original,0.0
1,C:\Users\Utente\Desktop\AriuFitness-copia-A\uploads\videos\ex_antoniopisello\PM_014-Camera17-30fps.mp4,PM_014-Camera17-30fps,PM_014,4,PM_014-Camera17-30fps__rep_004,PM_014-Camera17-30fps__rep_004,4,808,1013,"808,837,867,896,925,954,984,1013",0.847309684392167,accepted,rotation,-10.0
1,C:\Users\Utente\Desktop\AriuFitness-copia-A\uploads\videos\ex_antoniopisello\PM_014-Camera17-30fps.mp4,PM_014-Camera17-30fps,PM_014,4,PM_014-Camera17-30fps__rep_004,PM_014-Camera17-30fps__rep_004,4,808,1013,"808,837,867,896,925,954,984,1013",0.847309684392167,accepted,rotation,10.0
1,C:\Users\Utente\Desktop\AriuFitness-copia-A\uploads\videos\ex_antoniopisello\PM_014-Camera17-30fps.mp4,PM_014-Camera17-30fps,PM_014,4,PM_014-Camera17-30fps__rep_004,PM_014-Camera17-30fps__rep_004,5,809,1014,"809,838,868,897,926,955,985,1014",0.847309684392167,accepted,original,0.0
1,C:\Users\Utente\Desktop\AriuFitness-copia-A\uploads\videos\ex_antoniopisello\PM_014-Camera17-30fps.mp4,PM_014-Camera17-30fps,PM_014,4,PM_014-Camera17-30fps__rep_004,PM_014-Camera17-30fps__rep_004,5,809,1014,"809,838,868,897,926,955,985,1014",0.847309684392167,accepted,rotation,-10.0
1,C:\Users\Utente\Desktop\AriuFitness-copia-A\uploads\videos\ex_antoniopisello\PM_014-Camera17-30fps.mp4,PM_014-Camera17-30fps,PM_014,4,PM_014-Camera17-30fps__rep_004,PM_014-Camera17-30fps__rep_004,5,809,1014,"809,838,868,897,926,955,985,1014",0.847309684392167,accepted,rotation,10.0
1,C:\Users\Utente\Desktop\AriuFitness-copia-A\uploads\videos\ex_antoniopisello\PM_014-Camera17-30fps.mp4,PM_014-Camera17-30fps,PM_014,5,PM_014-Camera17-30fps__rep_005,PM_014-Camera17-30fps__rep_005,-5,1004,1183,"1004,1030,1055,1081,1106,1132,1157,1183",0.8456530191274774,accepted,original,0.0
1,C:\Users\Utente\Desktop\AriuFitness-copia-A\uploads\videos\ex_antoniopisello\PM_014-Camera17-30fps.mp4,PM_014-Camera17-30fps,PM_014,5,PM_014-Camera17-30fps__rep_005,PM_014-Camera17-30fps__rep_005,-5,1004,1183,"1004,1030,1055,1081,1106,1132,1157,1183",0.8456530191274774,accepted,rotation,-10.0
1,C:\Users\Utente\Desktop\AriuFitness-copia-A\uploads\videos\ex_antoniopisello\PM_014-Camera17-30fps.mp4,PM_014-Camera17-30fps,PM_014,5,PM_014-Camera17-30fps__rep_005,PM_014-Camera17-30fps__rep_005,-5,1004,1183,"1004,1030,1055,1081,1106,1132,1157,1183",0.8456530191274774,accepted,rotation,10.0
1,C:\Users\Utente\Desktop\AriuFitness-copia-A\uploads\videos\ex_antoniopisello\PM_014-Camera17-30fps.mp4,PM_014-Camera17-30fps,PM_014,5,PM_014-Camera17-30fps__rep_005,PM_014-Camera17-30fps__rep_005,-4,1005,1184,"1005,1031,1056,1082,1107,1133,1158,1184",0.8456530191274774,accepted,original,0.0
1,C:\Users\Utente\Desktop\AriuFitness-copia-A\uploads\videos\ex_antoniopisello\PM_014-Camera17-30fps.mp4,PM_014-Camera17-30fps,PM_014,5,PM_014-Camera17-30fps__rep_005,PM_014-Camera17-30fps__rep_005,-4,1005,1184,"1005,1031,1056,1082,1107,1133,1158,1184",0.8456530191274774,accepted,rotation,-10.0
1,C:\Users\Utente\Desktop\AriuFitness-copia-A\uploads\videos\ex_antoniopisello\PM_014-Camera17-30fps.mp4,PM_014-Camera17-30fps,PM_014,5,PM_014-Camera17-30fps__rep_005,PM_014-Camera17-30fps__rep_005,-4,1005,1184,"1005,1031,1056,1082,1107,1133,1158,1184",0.8456530191274774,accepted,rotation,10.0
1,C:\Users\Utente\Desktop\AriuFitness-copia-A\uploads\videos\ex_antoniopisello\PM_014-Camera17-30fps.mp4,PM_014-Camera17-30fps,PM_014,5,PM_014-Camera17-30fps__rep_005,PM_014-Camera17-30fps__rep_005,-3,1006,1185,"1006,1032,1057,1083,1108,1134,1159,1185",0.8456530191274774,accepted,original,0.0
1,C:\Users\Utente\Desktop\AriuFitness-copia-A\uploads\videos\ex_antoniopisello\PM_014-Camera17-30fps.mp4,PM_014-Camera17-30fps,PM_014,5,PM_014-Camera17-30fps__rep_005,PM_014-Camera17-30fps__rep_005,-3,1006,1185,"1006,1032,1057,1083,1108,1134,1159,1185",0.8456530191274774,accepted,rotation,-10.0
1,C:\Users\Utente\Desktop\AriuFitness-copia-A\uploads\videos\ex_antoniopisello\PM_014-Camera17-30fps.mp4,PM_014-Camera17-30fps,PM_014,5,PM_014-Camera17-30fps__rep_005,PM_014-Camera17-30fps__rep_005,-3,1006,1185,"1006,1032,1057,1083,1108,1134,1159,1185",0.8456530191274774,accepted,rotation,10.0
1,C:\Users\Utente\Desktop\AriuFitness-copia-A\uploads\videos\ex_antoniopisello\PM_014-Camera17-30fps.mp4,PM_014-Camera17-30fps,PM_014,5,PM_014-Camera17-30fps__rep_005,PM_014-Camera17-30fps__rep_005,-2,1007,1186,"1007,1033,1058,1084,1109,1135,1160,1186",0.8456530191274774,accepted,original,0.0
1,C:\Users\Utente\Desktop\AriuFitness-copia-A\uploads\videos\ex_antoniopisello\PM_014-Camera17-30fps.mp4,PM_014-Camera17-30fps,PM_014,5,PM_014-Camera17-30fps__rep_005,PM_014-Camera17-30fps__rep_005,-2,1007,1186,"1007,1033,1058,1084,1109,1135,1160,1186",0.8456530191274774,accepted,rotation,-10.0
1,C:\Users\Utente\Desktop\AriuFitness-copia-A\uploads\videos\ex_antoniopisello\PM_014-Camera17-30fps.mp4,PM_014-Camera17-30fps,PM_014,5,PM_014-Camera17-30fps__rep_005,PM_014-Camera17-30fps__rep_005,-2,1007,1186,"1007,1033,1058,1084,1109,1135,1160,1186",0.8456530191274774,accepted,rotation,10.0
1,C:\Users\Utente\Desktop\AriuFitness-copia-A\uploads\videos\ex_antoniopisello\PM_014-Camera17-30fps.mp4,PM_014-Camera17-30fps,PM_014,5,PM_014-Camera17-30fps__rep_005,PM_014-Camera17-30fps__rep_005,-1,1008,1187,"1008,1034,1059,1085,1110,1136,1161,1187",0.8456530191274774,accepted,original,0.0
1,C:\Users\Utente\Desktop\AriuFitness-copia-A\uploads\videos\ex_antoniopisello\PM_014-Camera17-30fps.mp4,PM_014-Camera17-30fps,PM_014,5,PM_014-Camera17-30fps__rep_005,PM_014-Camera17-30fps__rep_005,-1,1008,1187,"1008,1034,1059,1085,1110,1136,1161,1187",0.8456530191274774,accepted,rotation,-10.0
1,C:\Users\Utente\Desktop\AriuFitness-copia-A\uploads\videos\ex_antoniopisello\PM_014-Camera17-30fps.mp4,PM_014-Camera17-30fps,PM_014,5,PM_014-Camera17-30fps__rep_005,PM_014-Camera17-30fps__rep_005,-1,1008,1187,"1008,1034,1059,1085,1110,1136,1161,1187",0.8456530191274774,accepted,rotation,10.0
1,C:\Users\Utente\Desktop\AriuFitness-copia-A\uploads\videos\ex_antoniopisello\PM_014-Camera17-30fps.mp4,PM_014-Camera17-30fps,PM_014,5,PM_014-Camera17-30fps__rep_005,PM_014-Camera17-30fps__rep_005,0,1009,1188,"1009,1035,1060,1086,1111,1137,1162,1188",0.8456530191274774,accepted,original,0.0
1,C:\Users\Utente\Desktop\AriuFitness-copia-A\uploads\videos\ex_antoniopisello\PM_014-Camera17-30fps.mp4,PM_014-Camera17-30fps,PM_014,5,PM_014-Camera17-30fps__rep_005,PM_014-Camera17-30fps__rep_005,0,1009,1188,"1009,1035,1060,1086,1111,1137,1162,1188",0.8456530191274774,accepted,rotation,-10.0
1,C:\Users\Utente\Desktop\AriuFitness-copia-A\uploads\videos\ex_antoniopisello\PM_014-Camera17-30fps.mp4,PM_014-Camera17-30fps,PM_014,5,PM_014-Camera17-30fps__rep_005,PM_014-Camera17-30fps__rep_005,0,1009,1188,"1009,1035,1060,1086,1111,1137,1162,1188",0.8456530191274774,accepted,rotation,10.0
1,C:\Users\Utente\Desktop\AriuFitness-copia-A\uploads\videos\ex_antoniopisello\PM_014-Camera17-30fps.mp4,PM_014-Camera17-30fps,PM_014,5,PM_014-Camera17-30fps__rep_005,PM_014-Camera17-30fps__rep_005,1,1010,1189,"1010,1036,1061,1087,1112,1138,1163,1189",0.8456530191274774,accepted,original,0.0
1,C:\Users\Utente\Desktop\AriuFitness-copia-A\uploads\videos\ex_antoniopisello\PM_014-Camera17-30fps.mp4,PM_014-Camera17-30fps,PM_014,5,PM_014-Camera17-30fps__rep_005,PM_014-Camera17-30fps__rep_005,1,1010,1189,"1010,1036,1061,1087,1112,1138,1163,1189",0.8456530191274774,accepted,rotation,-10.0
1,C:\Users\Utente\Desktop\AriuFitness-copia-A\uploads\videos\ex_antoniopisello\PM_014-Camera17-30fps.mp4,PM_014-Camera17-30fps,PM_014,5,PM_014-Camera17-30fps__rep_005,PM_014-Camera17-30fps__rep_005,1,1010,1189,"1010,1036,1061,1087,1112,1138,1163,1189",0.8456530191274774,accepted,rotation,10.0
1,C:\Users\Utente\Desktop\AriuFitness-copia-A\uploads\videos\ex_antoniopisello\PM_014-Camera17-30fps.mp4,PM_014-Camera17-30fps,PM_014,5,PM_014-Camera17-30fps__rep_005,PM_014-Camera17-30fps__rep_005,2,1011,1190,"1011,1037,1062,1088,1113,1139,1164,1190",0.8456530191274774,accepted,original,0.0
1,C:\Users\Utente\Desktop\AriuFitness-copia-A\uploads\videos\ex_antoniopisello\PM_014-Camera17-30fps.mp4,PM_014-Camera17-30fps,PM_014,5,PM_014-Camera17-30fps__rep_005,PM_014-Camera17-30fps__rep_005,2,1011,1190,"1011,1037,1062,1088,1113,1139,1164,1190",0.8456530191274774,accepted,rotation,-10.0
1,C:\Users\Utente\Desktop\AriuFitness-copia-A\uploads\videos\ex_antoniopisello\PM_014-Camera17-30fps.mp4,PM_014-Camera17-30fps,PM_014,5,PM_014-Camera17-30fps__rep_005,PM_014-Camera17-30fps__rep_005,2,1011,1190,"1011,1037,1062,1088,1113,1139,1164,1190",0.8456530191274774,accepted,rotation,10.0
1,C:\Users\Utente\Desktop\AriuFitness-copia-A\uploads\videos\ex_antoniopisello\PM_014-Camera17-30fps.mp4,PM_014-Camera17-30fps,PM_014,5,PM_014-Camera17-30fps__rep_005,PM_014-Camera17-30fps__rep_005,3,1012,1191,"1012,1038,1063,1089,1114,1140,1165,1191",0.8456530191274774,accepted,original,0.0
1,C:\Users\Utente\Desktop\AriuFitness-copia-A\uploads\videos\ex_antoniopisello\PM_014-Camera17-30fps.mp4,PM_014-Camera17-30fps,PM_014,5,PM_014-Camera17-30fps__rep_005,PM_014-Camera17-30fps__rep_005,3,1012,1191,"1012,1038,1063,1089,1114,1140,1165,1191",0.8456530191274774,accepted,rotation,-10.0
1,C:\Users\Utente\Desktop\AriuFitness-copia-A\uploads\videos\ex_antoniopisello\PM_014-Camera17-30fps.mp4,PM_014-Camera17-30fps,PM_014,5,PM_014-Camera17-30fps__rep_005,PM_014-Camera17-30fps__rep_005,3,1012,1191,"1012,1038,1063,1089,1114,1140,1165,1191",0.8456530191274774,accepted,rotation,10.0
1,C:\Users\Utente\Desktop\AriuFitness-copia-A\uploads\videos\ex_antoniopisello\PM_014-Camera17-30fps.mp4,PM_014-Camera17-30fps,PM_014,5,PM_014-Camera17-30fps__rep_005,PM_014-Camera17-30fps__rep_005,4,1013,1192,"1013,1039,1064,1090,1115,1141,1166,1192",0.8456530191274774,accepted,original,0.0
1,C:\Users\Utente\Desktop\AriuFitness-copia-A\uploads\videos\ex_antoniopisello\PM_014-Camera17-30fps.mp4,PM_014-Camera17-30fps,PM_014,5,PM_014-Camera17-30fps__rep_005,PM_014-Camera17-30fps__rep_005,4,1013,1192,"1013,1039,1064,1090,1115,1141,1166,1192",0.8456530191274774,accepted,rotation,-10.0
1,C:\Users\Utente\Desktop\AriuFitness-copia-A\uploads\videos\ex_antoniopisello\PM_014-Camera17-30fps.mp4,PM_014-Camera17-30fps,PM_014,5,PM_014-Camera17-30fps__rep_005,PM_014-Camera17-30fps__rep_005,4,1013,1192,"1013,1039,1064,1090,1115,1141,1166,1192",0.8456530191274774,accepted,rotation,10.0
1,C:\Users\Utente\Desktop\AriuFitness-copia-A\uploads\videos\ex_antoniopisello\PM_014-Camera17-30fps.mp4,PM_014-Camera17-30fps,PM_014,5,PM_014-Camera17-30fps__rep_005,PM_014-Camera17-30fps__rep_005,5,1014,1193,"1014,1040,1065,1091,1116,1142,1167,1193",0.8456530191274774,accepted,original,0.0
1,C:\Users\Utente\Desktop\AriuFitness-copia-A\uploads\videos\ex_antoniopisello\PM_014-Camera17-30fps.mp4,PM_014-Camera17-30fps,PM_014,5,PM_014-Camera17-30fps__rep_005,PM_014-Camera17-30fps__rep_005,5,1014,1193,"1014,1040,1065,1091,1116,1142,1167,1193",0.8456530191274774,accepted,rotation,-10.0
1,C:\Users\Utente\Desktop\AriuFitness-copia-A\uploads\videos\ex_antoniopisello\PM_014-Camera17-30fps.mp4,PM_014-Camera17-30fps,PM_014,5,PM_014-Camera17-30fps__rep_005,PM_014-Camera17-30fps__rep_005,5,1014,1193,"1014,1040,1065,1091,1116,1142,1167,1193",0.8456530191274774,accepted,rotation,10.0
1,C:\Users\Utente\Desktop\AriuFitness-copia-A\uploads\videos\ex_antoniopisello\PM_014-Camera17-30fps.mp4,PM_014-Camera17-30fps,PM_014,6,PM_014-Camera17-30fps__rep_006,PM_014-Camera17-30fps__rep_006,-5,1841,2013,"1841,1866,1890,1915,1939,1964,1988,2013",0.8527991927763261,accepted,original,0.0
1,C:\Users\Utente\Desktop\AriuFitness-copia-A\uploads\videos\ex_antoniopisello\PM_014-Camera17-30fps.mp4,PM_014-Camera17-30fps,PM_014,6,PM_014-Camera17-30fps__rep_006,PM_014-Camera17-30fps__rep_006,-5,1841,2013,"1841,1866,1890,1915,1939,1964,1988,2013",0.8527991927763261,accepted,rotation,-10.0
1,C:\Users\Utente\Desktop\AriuFitness-copia-A\uploads\videos\ex_antoniopisello\PM_014-Camera17-30fps.mp4,PM_014-Camera17-30fps,PM_014,6,PM_014-Camera17-30fps__rep_006,PM_014-Camera17-30fps__rep_006,-5,1841,2013,"1841,1866,1890,1915,1939,1964,1988,2013",0.8527991927763261,accepted,rotation,10.0
1,C:\Users\Utente\Desktop\AriuFitness-copia-A\uploads\videos\ex_antoniopisello\PM_014-Camera17-30fps.mp4,PM_014-Camera17-30fps,PM_014,6,PM_014-Camera17-30fps__rep_006,PM_014-Camera17-30fps__rep_006,-4,1842,2014,"1842,1867,1891,1916,1940,1965,1989,2014",0.8527991927763261,accepted,original,0.0
1,C:\Users\Utente\Desktop\AriuFitness-copia-A\uploads\videos\ex_antoniopisello\PM_014-Camera17-30fps.mp4,PM_014-Camera17-30fps,PM_014,6,PM_014-Camera17-30fps__rep_006,PM_014-Camera17-30fps__rep_006,-4,1842,2014,"1842,1867,1891,1916,1940,1965,1989,2014",0.8527991927763261,accepted,rotation,-10.0
1,C:\Users\Utente\Desktop\AriuFitness-copia-A\uploads\videos\ex_antoniopisello\PM_014-Camera17-30fps.mp4,PM_014-Camera17-30fps,PM_014,6,PM_014-Camera17-30fps__rep_006,PM_014-Camera17-30fps__rep_006,-4,1842,2014,"1842,1867,1891,1916,1940,1965,1989,2014",0.8527991927763261,accepted,rotation,10.0
1,C:\Users\Utente\Desktop\AriuFitness-copia-A\uploads\videos\ex_antoniopisello\PM_014-Camera17-30fps.mp4,PM_014-Camera17-30fps,PM_014,6,PM_014-Camera17-30fps__rep_006,PM_014-Camera17-30fps__rep_006,-3,1843,2015,"1843,1868,1892,1917,1941,1966,1990,2015",0.8527991927763261,accepted,original,0.0
1,C:\Users\Utente\Desktop\AriuFitness-copia-A\uploads\videos\ex_antoniopisello\PM_014-Camera17-30fps.mp4,PM_014-Camera17-30fps,PM_014,6,PM_014-Camera17-30fps__rep_006,PM_014-Camera17-30fps__rep_006,-3,1843,2015,"1843,1868,1892,1917,1941,1966,1990,2015",0.8527991927763261,accepted,rotation,-10.0
1,C:\Users\Utente\Desktop\AriuFitness-copia-A\uploads\videos\ex_antoniopisello\PM_014-Camera17-30fps.mp4,PM_014-Camera17-30fps,PM_014,6,PM_014-Camera17-30fps__rep_006,PM_014-Camera17-30fps__rep_006,-3,1843,2015,"1843,1868,1892,1917,1941,1966,1990,2015",0.8527991927763261,accepted,rotation,10.0
1,C:\Users\Utente\Desktop\AriuFitness-copia-A\uploads\videos\ex_antoniopisello\PM_014-Camera17-30fps.mp4,PM_014-Camera17-30fps,PM_014,6,PM_014-Camera17-30fps__rep_006,PM_014-Camera17-30fps__rep_006,-2,1844,2016,"1844,1869,1893,1918,1942,1967,1991,2016",0.8527991927763261,accepted,original,0.0
1,C:\Users\Utente\Desktop\AriuFitness-copia-A\uploads\videos\ex_antoniopisello\PM_014-Camera17-30fps.mp4,PM_014-Camera17-30fps,PM_014,6,PM_014-Camera17-30fps__rep_006,PM_014-Camera17-30fps__rep_006,-2,1844,2016,"1844,1869,1893,1918,1942,1967,1991,2016",0.8527991927763261,accepted,rotation,-10.0
1,C:\Users\Utente\Desktop\AriuFitness-copia-A\uploads\videos\ex_antoniopisello\PM_014-Camera17-30fps.mp4,PM_014-Camera17-30fps,PM_014,6,PM_014-Camera17-30fps__rep_006,PM_014-Camera17-30fps__rep_006,-2,1844,2016,"1844,1869,1893,1918,1942,1967,1991,2016",0.8527991927763261,accepted,rotation,10.0
1,C:\Users\Utente\Desktop\AriuFitness-copia-A\uploads\videos\ex_antoniopisello\PM_014-Camera17-30fps.mp4,PM_014-Camera17-30fps,PM_014,6,PM_014-Camera17-30fps__rep_006,PM_014-Camera17-30fps__rep_006,-1,1845,2017,"1845,1870,1894,1919,1943,1968,1992,2017",0.8527991927763261,accepted,original,0.0
1,C:\Users\Utente\Desktop\AriuFitness-copia-A\uploads\videos\ex_antoniopisello\PM_014-Camera17-30fps.mp4,PM_014-Camera17-30fps,PM_014,6,PM_014-Camera17-30fps__rep_006,PM_014-Camera17-30fps__rep_006,-1,1845,2017,"1845,1870,1894,1919,1943,1968,1992,2017",0.8527991927763261,accepted,rotation,-10.0
1,C:\Users\Utente\Desktop\AriuFitness-copia-A\uploads\videos\ex_antoniopisello\PM_014-Camera17-30fps.mp4,PM_014-Camera17-30fps,PM_014,6,PM_014-Camera17-30fps__rep_006,PM_014-Camera17-30fps__rep_006,-1,1845,2017,"1845,1870,1894,1919,1943,1968,1992,2017",0.8527991927763261,accepted,rotation,10.0
1,C:\Users\Utente\Desktop\AriuFitness-copia-A\uploads\videos\ex_antoniopisello\PM_014-Camera17-30fps.mp4,PM_014-Camera17-30fps,PM_014,6,PM_014-Camera17-30fps__rep_006,PM_014-Camera17-30fps__rep_006,0,1846,2018,"1846,1871,1895,1920,1944,1969,1993,2018",0.8527991927763261,accepted,original,0.0
1,C:\Users\Utente\Desktop\AriuFitness-copia-A\uploads\videos\ex_antoniopisello\PM_014-Camera17-30fps.mp4,PM_014-Camera17-30fps,PM_014,6,PM_014-Camera17-30fps__rep_006,PM_014-Camera17-30fps__rep_006,0,1846,2018,"1846,1871,1895,1920,1944,1969,1993,2018",0.8527991927763261,accepted,rotation,-10.0
1,C:\Users\Utente\Desktop\AriuFitness-copia-A\uploads\videos\ex_antoniopisello\PM_014-Camera17-30fps.mp4,PM_014-Camera17-30fps,PM_014,6,PM_014-Camera17-30fps__rep_006,PM_014-Camera17-30fps__rep_006,0,1846,2018,"1846,1871,1895,1920,1944,1969,1993,2018",0.8527991927763261,accepted,rotation,10.0
1,C:\Users\Utente\Desktop\AriuFitness-copia-A\uploads\videos\ex_antoniopisello\PM_014-Camera17-30fps.mp4,PM_014-Camera17-30fps,PM_014,6,PM_014-Camera17-30fps__rep_006,PM_014-Camera17-30fps__rep_006,1,1847,2019,"1847,1872,1896,1921,1945,1970,1994,2019",0.8527991927763261,accepted,original,0.0
1,C:\Users\Utente\Desktop\AriuFitness-copia-A\uploads\videos\ex_antoniopisello\PM_014-Camera17-30fps.mp4,PM_014-Camera17-30fps,PM_014,6,PM_014-Camera17-30fps__rep_006,PM_014-Camera17-30fps__rep_006,1,1847,2019,"1847,1872,1896,1921,1945,1970,1994,2019",0.8527991927763261,accepted,rotation,-10.0
1,C:\Users\Utente\Desktop\AriuFitness-copia-A\uploads\videos\ex_antoniopisello\PM_014-Camera17-30fps.mp4,PM_014-Camera17-30fps,PM_014,6,PM_014-Camera17-30fps__rep_006,PM_014-Camera17-30fps__rep_006,1,1847,2019,"1847,1872,1896,1921,1945,1970,1994,2019",0.8527991927763261,accepted,rotation,10.0
1,C:\Users\Utente\Desktop\AriuFitness-copia-A\uploads\videos\ex_antoniopisello\PM_014-Camera17-30fps.mp4,PM_014-Camera17-30fps,PM_014,6,PM_014-Camera17-30fps__rep_006,PM_014-Camera17-30fps__rep_006,2,1848,2020,"1848,1873,1897,1922,1946,1971,1995,2020",0.8527991927763261,accepted,original,0.0
1,C:\Users\Utente\Desktop\AriuFitness-copia-A\uploads\videos\ex_antoniopisello\PM_014-Camera17-30fps.mp4,PM_014-Camera17-30fps,PM_014,6,PM_014-Camera17-30fps__rep_006,PM_014-Camera17-30fps__rep_006,2,1848,2020,"1848,1873,1897,1922,1946,1971,1995,2020",0.8527991927763261,accepted,rotation,-10.0
1,C:\Users\Utente\Desktop\AriuFitness-copia-A\uploads\videos\ex_antoniopisello\PM_014-Camera17-30fps.mp4,PM_014-Camera17-30fps,PM_014,6,PM_014-Camera17-30fps__rep_006,PM_014-Camera17-30fps__rep_006,2,1848,2020,"1848,1873,1897,1922,1946,1971,1995,2020",0.8527991927763261,accepted,rotation,10.0
1,C:\Users\Utente\Desktop\AriuFitness-copia-A\uploads\videos\ex_antoniopisello\PM_014-Camera17-30fps.mp4,PM_014-Camera17-30fps,PM_014,6,PM_014-Camera17-30fps__rep_006,PM_014-Camera17-30fps__rep_006,3,1849,2021,"1849,1874,1898,1923,1947,1972,1996,2021",0.8527991927763261,accepted,original,0.0
1,C:\Users\Utente\Desktop\AriuFitness-copia-A\uploads\videos\ex_antoniopisello\PM_014-Camera17-30fps.mp4,PM_014-Camera17-30fps,PM_014,6,PM_014-Camera17-30fps__rep_006,PM_014-Camera17-30fps__rep_006,3,1849,2021,"1849,1874,1898,1923,1947,1972,1996,2021",0.8527991927763261,accepted,rotation,-10.0
1,C:\Users\Utente\Desktop\AriuFitness-copia-A\uploads\videos\ex_antoniopisello\PM_014-Camera17-30fps.mp4,PM_014-Camera17-30fps,PM_014,6,PM_014-Camera17-30fps__rep_006,PM_014-Camera17-30fps__rep_006,3,1849,2021,"1849,1874,1898,1923,1947,1972,1996,2021",0.8527991927763261,accepted,rotation,10.0
1,C:\Users\Utente\Desktop\AriuFitness-copia-A\uploads\videos\ex_antoniopisello\PM_014-Camera17-30fps.mp4,PM_014-Camera17-30fps,PM_014,6,PM_014-Camera17-30fps__rep_006,PM_014-Camera17-30fps__rep_006,4,1850,2022,"1850,1875,1899,1924,1948,1973,1997,2022",0.8527991927763261,accepted,original,0.0
1,C:\Users\Utente\Desktop\AriuFitness-copia-A\uploads\videos\ex_antoniopisello\PM_014-Camera17-30fps.mp4,PM_014-Camera17-30fps,PM_014,6,PM_014-Camera17-30fps__rep_006,PM_014-Camera17-30fps__rep_006,4,1850,2022,"1850,1875,1899,1924,1948,1973,1997,2022",0.8527991927763261,accepted,rotation,-10.0
1,C:\Users\Utente\Desktop\AriuFitness-copia-A\uploads\videos\ex_antoniopisello\PM_014-Camera17-30fps.mp4,PM_014-Camera17-30fps,PM_014,6,PM_014-Camera17-30fps__rep_006,PM_014-Camera17-30fps__rep_006,4,1850,2022,"1850,1875,1899,1924,1948,1973,1997,2022",0.8527991927763261,accepted,rotation,10.0
1,C:\Users\Utente\Desktop\AriuFitness-copia-A\uploads\videos\ex_antoniopisello\PM_014-Camera17-30fps.mp4,PM_014-Camera17-30fps,PM_014,6,PM_014-Camera17-30fps__rep_006,PM_014-Camera17-30fps__rep_006,5,1851,2023,"1851,1876,1900,1925,1949,1974,1998,2023",0.8527991927763261,accepted,original,0.0
1,C:\Users\Utente\Desktop\AriuFitness-copia-A\uploads\videos\ex_antoniopisello\PM_014-Camera17-30fps.mp4,PM_014-Camera17-30fps,PM_014,6,PM_014-Camera17-30fps__rep_006,PM_014-Camera17-30fps__rep_006,5,1851,2023,"1851,1876,1900,1925,1949,1974,1998,2023",0.8527991927763261,accepted,rotation,-10.0
1,C:\Users\Utente\Desktop\AriuFitness-copia-A\uploads\videos\ex_antoniopisello\PM_014-Camera17-30fps.mp4,PM_014-Camera17-30fps,PM_014,6,PM_014-Camera17-30fps__rep_006,PM_014-Camera17-30fps__rep_006,5,1851,2023,"1851,1876,1900,1925,1949,1974,1998,2023",0.8527991927763261,accepted,rotation,10.0
1,C:\Users\Utente\Desktop\AriuFitness-copia-A\uploads\videos\ex_antoniopisello\PM_014-Camera17-30fps.mp4,PM_014-Camera17-30fps,PM_014,7,PM_014-Camera17-30fps__rep_007,PM_014-Camera17-30fps__rep_007,-5,2013,2297,"2013,2054,2094,2135,2175,2216,2256,2297",0.8527991927763261,accepted,original,0.0
1,C:\Users\Utente\Desktop\AriuFitness-copia-A\uploads\videos\ex_antoniopisello\PM_014-Camera17-30fps.mp4,PM_014-Camera17-30fps,PM_014,7,PM_014-Camera17-30fps__rep_007,PM_014-Camera17-30fps__rep_007,-5,2013,2297,"2013,2054,2094,2135,2175,2216,2256,2297",0.8527991927763261,accepted,rotation,-10.0
1,C:\Users\Utente\Desktop\AriuFitness-copia-A\uploads\videos\ex_antoniopisello\PM_014-Camera17-30fps.mp4,PM_014-Camera17-30fps,PM_014,7,PM_014-Camera17-30fps__rep_007,PM_014-Camera17-30fps__rep_007,-5,2013,2297,"2013,2054,2094,2135,2175,2216,2256,2297",0.8527991927763261,accepted,rotation,10.0
1,C:\Users\Utente\Desktop\AriuFitness-copia-A\uploads\videos\ex_antoniopisello\PM_014-Camera17-30fps.mp4,PM_014-Camera17-30fps,PM_014,7,PM_014-Camera17-30fps__rep_007,PM_014-Camera17-30fps__rep_007,-4,2014,2298,"2014,2055,2095,2136,2176,2217,2257,2298",0.8527991927763261,accepted,original,0.0
1,C:\Users\Utente\Desktop\AriuFitness-copia-A\uploads\videos\ex_antoniopisello\PM_014-Camera17-30fps.mp4,PM_014-Camera17-30fps,PM_014,7,PM_014-Camera17-30fps__rep_007,PM_014-Camera17-30fps__rep_007,-4,2014,2298,"2014,2055,2095,2136,2176,2217,2257,2298",0.8527991927763261,accepted,rotation,-10.0
1,C:\Users\Utente\Desktop\AriuFitness-copia-A\uploads\videos\ex_antoniopisello\PM_014-Camera17-30fps.mp4,PM_014-Camera17-30fps,PM_014,7,PM_014-Camera17-30fps__rep_007,PM_014-Camera17-30fps__rep_007,-4,2014,2298,"2014,2055,2095,2136,2176,2217,2257,2298",0.8527991927763261,accepted,rotation,10.0
1,C:\Users\Utente\Desktop\AriuFitness-copia-A\uploads\videos\ex_antoniopisello\PM_014-Camera17-30fps.mp4,PM_014-Camera17-30fps,PM_014,7,PM_014-Camera17-30fps__rep_007,PM_014-Camera17-30fps__rep_007,-3,2015,2299,"2015,2056,2096,2137,2177,2218,2258,2299",0.8527991927763261,accepted,original,0.0
1,C:\Users\Utente\Desktop\AriuFitness-copia-A\uploads\videos\ex_antoniopisello\PM_014-Camera17-30fps.mp4,PM_014-Camera17-30fps,PM_014,7,PM_014-Camera17-30fps__rep_007,PM_014-Camera17-30fps__rep_007,-3,2015,2299,"2015,2056,2096,2137,2177,2218,2258,2299",0.8527991927763261,accepted,rotation,-10.0
1,C:\Users\Utente\Desktop\AriuFitness-copia-A\uploads\videos\ex_antoniopisello\PM_014-Camera17-30fps.mp4,PM_014-Camera17-30fps,PM_014,7,PM_014-Camera17-30fps__rep_007,PM_014-Camera17-30fps__rep_007,-3,2015,2299,"2015,2056,2096,2137,2177,2218,2258,2299",0.8527991927763261,accepted,rotation,10.0
1,C:\Users\Utente\Desktop\AriuFitness-copia-A\uploads\videos\ex_antoniopisello\PM_014-Camera17-30fps.mp4,PM_014-Camera17-30fps,PM_014,7,PM_014-Camera17-30fps__rep_007,PM_014-Camera17-30fps__rep_007,-2,2016,2300,"2016,2057,2097,2138,2178,2219,2259,2300",0.8527991927763261,accepted,original,0.0
1,C:\Users\Utente\Desktop\AriuFitness-copia-A\uploads\videos\ex_antoniopisello\PM_014-Camera17-30fps.mp4,PM_014-Camera17-30fps,PM_014,7,PM_014-Camera17-30fps__rep_007,PM_014-Camera17-30fps__rep_007,-2,2016,2300,"2016,2057,2097,2138,2178,2219,2259,2300",0.8527991927763261,accepted,rotation,-10.0
1,C:\Users\Utente\Desktop\AriuFitness-copia-A\uploads\videos\ex_antoniopisello\PM_014-Camera17-30fps.mp4,PM_014-Camera17-30fps,PM_014,7,PM_014-Camera17-30fps__rep_007,PM_014-Camera17-30fps__rep_007,-2,2016,2300,"2016,2057,2097,2138,2178,2219,2259,2300",0.8527991927763261,accepted,rotation,10.0
1,C:\Users\Utente\Desktop\AriuFitness-copia-A\uploads\videos\ex_antoniopisello\PM_014-Camera17-30fps.mp4,PM_014-Camera17-30fps,PM_014,7,PM_014-Camera17-30fps__rep_007,PM_014-Camera17-30fps__rep_007,-1,2017,2301,"2017,2058,2098,2139,2179,2220,2260,2301",0.8527991927763261,accepted,original,0.0
1,C:\Users\Utente\Desktop\AriuFitness-copia-A\uploads\videos\ex_antoniopisello\PM_014-Camera17-30fps.mp4,PM_014-Camera17-30fps,PM_014,7,PM_014-Camera17-30fps__rep_007,PM_014-Camera17-30fps__rep_007,-1,2017,2301,"2017,2058,2098,2139,2179,2220,2260,2301",0.8527991927763261,accepted,rotation,-10.0
1,C:\Users\Utente\Desktop\AriuFitness-copia-A\uploads\videos\ex_antoniopisello\PM_014-Camera17-30fps.mp4,PM_014-Camera17-30fps,PM_014,7,PM_014-Camera17-30fps__rep_007,PM_014-Camera17-30fps__rep_007,-1,2017,2301,"2017,2058,2098,2139,2179,2220,2260,2301",0.8527991927763261,accepted,rotation,10.0
1,C:\Users\Utente\Desktop\AriuFitness-copia-A\uploads\videos\ex_antoniopisello\PM_014-Camera17-30fps.mp4,PM_014-Camera17-30fps,PM_014,7,PM_014-Camera17-30fps__rep_007,PM_014-Camera17-30fps__rep_007,0,2018,2302,"2018,2059,2099,2140,2180,2221,2261,2302",0.8527991927763261,accepted,original,0.0
1,C:\Users\Utente\Desktop\AriuFitness-copia-A\uploads\videos\ex_antoniopisello\PM_014-Camera17-30fps.mp4,PM_014-Camera17-30fps,PM_014,7,PM_014-Camera17-30fps__rep_007,PM_014-Camera17-30fps__rep_007,0,2018,2302,"2018,2059,2099,2140,2180,2221,2261,2302",0.8527991927763261,accepted,rotation,-10.0
1,C:\Users\Utente\Desktop\AriuFitness-copia-A\uploads\videos\ex_antoniopisello\PM_014-Camera17-30fps.mp4,PM_014-Camera17-30fps,PM_014,7,PM_014-Camera17-30fps__rep_007,PM_014-Camera17-30fps__rep_007,0,2018,2302,"2018,2059,2099,2140,2180,2221,2261,2302",0.8527991927763261,accepted,rotation,10.0
1,C:\Users\Utente\Desktop\AriuFitness-copia-A\uploads\videos\ex_antoniopisello\PM_014-Camera17-30fps.mp4,PM_014-Camera17-30fps,PM_014,7,PM_014-Camera17-30fps__rep_007,PM_014-Camera17-30fps__rep_007,1,2019,2303,"2019,2060,2100,2141,2181,2222,2262,2303",0.8527991927763261,accepted,original,0.0
1,C:\Users\Utente\Desktop\AriuFitness-copia-A\uploads\videos\ex_antoniopisello\PM_014-Camera17-30fps.mp4,PM_014-Camera17-30fps,PM_014,7,PM_014-Camera17-30fps__rep_007,PM_014-Camera17-30fps__rep_007,1,2019,2303,"2019,2060,2100,2141,2181,2222,2262,2303",0.8527991927763261,accepted,rotation,-10.0
1,C:\Users\Utente\Desktop\AriuFitness-copia-A\uploads\videos\ex_antoniopisello\PM_014-Camera17-30fps.mp4,PM_014-Camera17-30fps,PM_014,7,PM_014-Camera17-30fps__rep_007,PM_014-Camera17-30fps__rep_007,1,2019,2303,"2019,2060,2100,2141,2181,2222,2262,2303",0.8527991927763261,accepted,rotation,10.0
1,C:\Users\Utente\Desktop\AriuFitness-copia-A\uploads\videos\ex_antoniopisello\PM_014-Camera17-30fps.mp4,PM_014-Camera17-30fps,PM_014,7,PM_014-Camera17-30fps__rep_007,PM_014-Camera17-30fps__rep_007,2,2020,2304,"2020,2061,2101,2142,2182,2223,2263,2304",0.8527991927763261,accepted,original,0.0
1,C:\Users\Utente\Desktop\AriuFitness-copia-A\uploads\videos\ex_antoniopisello\PM_014-Camera17-30fps.mp4,PM_014-Camera17-30fps,PM_014,7,PM_014-Camera17-30fps__rep_007,PM_014-Camera17-30fps__rep_007,2,2020,2304,"2020,2061,2101,2142,2182,2223,2263,2304",0.8527991927763261,accepted,rotation,-10.0
1,C:\Users\Utente\Desktop\AriuFitness-copia-A\uploads\videos\ex_antoniopisello\PM_014-Camera17-30fps.mp4,PM_014-Camera17-30fps,PM_014,7,PM_014-Camera17-30fps__rep_007,PM_014-Camera17-30fps__rep_007,2,2020,2304,"2020,2061,2101,2142,2182,2223,2263,2304",0.8527991927763261,accepted,rotation,10.0
1,C:\Users\Utente\Desktop\AriuFitness-copia-A\uploads\videos\ex_antoniopisello\PM_014-Camera17-30fps.mp4,PM_014-Camera17-30fps,PM_014,7,PM_014-Camera17-30fps__rep_007,PM_014-Camera17-30fps__rep_007,3,2021,2305,"2021,2062,2102,2143,2183,2224,2264,2305",0.8527991927763261,accepted,original,0.0
1,C:\Users\Utente\Desktop\AriuFitness-copia-A\uploads\videos\ex_antoniopisello\PM_014-Camera17-30fps.mp4,PM_014-Camera17-30fps,PM_014,7,PM_014-Camera17-30fps__rep_007,PM_014-Camera17-30fps__rep_007,3,2021,2305,"2021,2062,2102,2143,2183,2224,2264,2305",0.8527991927763261,accepted,rotation,-10.0
1,C:\Users\Utente\Desktop\AriuFitness-copia-A\uploads\videos\ex_antoniopisello\PM_014-Camera17-30fps.mp4,PM_014-Camera17-30fps,PM_014,7,PM_014-Camera17-30fps__rep_007,PM_014-Camera17-30fps__rep_007,3,2021,2305,"2021,2062,2102,2143,2183,2224,2264,2305",0.8527991927763261,accepted,rotation,10.0
1,C:\Users\Utente\Desktop\AriuFitness-copia-A\uploads\videos\ex_antoniopisello\PM_014-Camera17-30fps.mp4,PM_014-Camera17-30fps,PM_014,7,PM_014-Camera17-30fps__rep_007,PM_014-Camera17-30fps__rep_007,4,2022,2306,"2022,2063,2103,2144,2184,2225,2265,2306",0.8527991927763261,accepted,original,0.0
1,C:\Users\Utente\Desktop\AriuFitness-copia-A\uploads\videos\ex_antoniopisello\PM_014-Camera17-30fps.mp4,PM_014-Camera17-30fps,PM_014,7,PM_014-Camera17-30fps__rep_007,PM_014-Camera17-30fps__rep_007,4,2022,2306,"2022,2063,2103,2144,2184,2225,2265,2306",0.8527991927763261,accepted,rotation,-10.0
1,C:\Users\Utente\Desktop\AriuFitness-copia-A\uploads\videos\ex_antoniopisello\PM_014-Camera17-30fps.mp4,PM_014-Camera17-30fps,PM_014,7,PM_014-Camera17-30fps__rep_007,PM_014-Camera17-30fps__rep_007,4,2022,2306,"2022,2063,2103,2144,2184,2225,2265,2306",0.8527991927763261,accepted,rotation,10.0
1,C:\Users\Utente\Desktop\AriuFitness-copia-A\uploads\videos\ex_antoniopisello\PM_014-Camera17-30fps.mp4,PM_014-Camera17-30fps,PM_014,7,PM_014-Camera17-30fps__rep_007,PM_014-Camera17-30fps__rep_007,5,2023,2307,"2023,2064,2104,2145,2185,2226,2266,2307",0.8527991927763261,accepted,original,0.0
1,C:\Users\Utente\Desktop\AriuFitness-copia-A\uploads\videos\ex_antoniopisello\PM_014-Camera17-30fps.mp4,PM_014-Camera17-30fps,PM_014,7,PM_014-Camera17-30fps__rep_007,PM_014-Camera17-30fps__rep_007,5,2023,2307,"2023,2064,2104,2145,2185,2226,2266,2307",0.8527991927763261,accepted,rotation,-10.0
1,C:\Users\Utente\Desktop\AriuFitness-copia-A\uploads\videos\ex_antoniopisello\PM_014-Camera17-30fps.mp4,PM_014-Camera17-30fps,PM_014,7,PM_014-Camera17-30fps__rep_007,PM_014-Camera17-30fps__rep_007,5,2023,2307,"2023,2064,2104,2145,2185,2226,2266,2307",0.8527991927763261,accepted,rotation,10.0
1,C:\Users\Utente\Desktop\AriuFitness-copia-A\uploads\videos\ex_antoniopisello\PM_014-Camera17-30fps.mp4,PM_014-Camera17-30fps,PM_014,10,PM_014-Camera17-30fps__rep_010,PM_014-Camera17-30fps__rep_010,-5,2727,2876,"2727,2748,2770,2791,2812,2833,2855,2876",0.9285714285714286,accepted,original,0.0
1,C:\Users\Utente\Desktop\AriuFitness-copia-A\uploads\videos\ex_antoniopisello\PM_014-Camera17-30fps.mp4,PM_014-Camera17-30fps,PM_014,10,PM_014-Camera17-30fps__rep_010,PM_014-Camera17-30fps__rep_010,-5,2727,2876,"2727,2748,2770,2791,2812,2833,2855,2876",0.9285714285714286,accepted,rotation,-10.0
1,C:\Users\Utente\Desktop\AriuFitness-copia-A\uploads\videos\ex_antoniopisello\PM_014-Camera17-30fps.mp4,PM_014-Camera17-30fps,PM_014,10,PM_014-Camera17-30fps__rep_010,PM_014-Camera17-30fps__rep_010,-5,2727,2876,"2727,2748,2770,2791,2812,2833,2855,2876",0.9285714285714286,accepted,rotation,10.0
1,C:\Users\Utente\Desktop\AriuFitness-copia-A\uploads\videos\ex_antoniopisello\PM_014-Camera17-30fps.mp4,PM_014-Camera17-30fps,PM_014,10,PM_014-Camera17-30fps__rep_010,PM_014-Camera17-30fps__rep_010,-4,2728,2877,"2728,2749,2771,2792,2813,2834,2856,2877",0.9285714285714286,accepted,original,0.0
1,C:\Users\Utente\Desktop\AriuFitness-copia-A\uploads\videos\ex_antoniopisello\PM_014-Camera17-30fps.mp4,PM_014-Camera17-30fps,PM_014,10,PM_014-Camera17-30fps__rep_010,PM_014-Camera17-30fps__rep_010,-4,2728,2877,"2728,2749,2771,2792,2813,2834,2856,2877",0.9285714285714286,accepted,rotation,-10.0
1,C:\Users\Utente\Desktop\AriuFitness-copia-A\uploads\videos\ex_antoniopisello\PM_014-Camera17-30fps.mp4,PM_014-Camera17-30fps,PM_014,10,PM_014-Camera17-30fps__rep_010,PM_014-Camera17-30fps__rep_010,-4,2728,2877,"2728,2749,2771,2792,2813,2834,2856,2877",0.9285714285714286,accepted,rotation,10.0
1,C:\Users\Utente\Desktop\AriuFitness-copia-A\uploads\videos\ex_antoniopisello\PM_014-Camera17-30fps.mp4,PM_014-Camera17-30fps,PM_014,10,PM_014-Camera17-30fps__rep_010,PM_014-Camera17-30fps__rep_010,-3,2729,2878,"2729,2750,2772,2793,2814,2835,2857,2878",0.9285714285714286,accepted,original,0.0
1,C:\Users\Utente\Desktop\AriuFitness-copia-A\uploads\videos\ex_antoniopisello\PM_014-Camera17-30fps.mp4,PM_014-Camera17-30fps,PM_014,10,PM_014-Camera17-30fps__rep_010,PM_014-Camera17-30fps__rep_010,-3,2729,2878,"2729,2750,2772,2793,2814,2835,2857,2878",0.9285714285714286,accepted,rotation,-10.0
1,C:\Users\Utente\Desktop\AriuFitness-copia-A\uploads\videos\ex_antoniopisello\PM_014-Camera17-30fps.mp4,PM_014-Camera17-30fps,PM_014,10,PM_014-Camera17-30fps__rep_010,PM_014-Camera17-30fps__rep_010,-3,2729,2878,"2729,2750,2772,2793,2814,2835,2857,2878",0.9285714285714286,accepted,rotation,10.0
1,C:\Users\Utente\Desktop\AriuFitness-copia-A\uploads\videos\ex_antoniopisello\PM_014-Camera17-30fps.mp4,PM_014-Camera17-30fps,PM_014,10,PM_014-Camera17-30fps__rep_010,PM_014-Camera17-30fps__rep_010,-2,2730,2879,"2730,2751,2773,2794,2815,2836,2858,2879",0.9285714285714286,accepted,original,0.0
1,C:\Users\Utente\Desktop\AriuFitness-copia-A\uploads\videos\ex_antoniopisello\PM_014-Camera17-30fps.mp4,PM_014-Camera17-30fps,PM_014,10,PM_014-Camera17-30fps__rep_010,PM_014-Camera17-30fps__rep_010,-2,2730,2879,"2730,2751,2773,2794,2815,2836,2858,2879",0.9285714285714286,accepted,rotation,-10.0
1,C:\Users\Utente\Desktop\AriuFitness-copia-A\uploads\videos\ex_antoniopisello\PM_014-Camera17-30fps.mp4,PM_014-Camera17-30fps,PM_014,10,PM_014-Camera17-30fps__rep_010,PM_014-Camera17-30fps__rep_010,-2,2730,2879,"2730,2751,2773,2794,2815,2836,2858,2879",0.9285714285714286,accepted,rotation,10.0
1,C:\Users\Utente\Desktop\AriuFitness-copia-A\uploads\videos\ex_antoniopisello\PM_014-Camera17-30fps.mp4,PM_014-Camera17-30fps,PM_014,10,PM_014-Camera17-30fps__rep_010,PM_014-Camera17-30fps__rep_010,-1,2731,2880,"2731,2752,2774,2795,2816,2837,2859,2880",0.9285714285714286,accepted,original,0.0
1,C:\Users\Utente\Desktop\AriuFitness-copia-A\uploads\videos\ex_antoniopisello\PM_014-Camera17-30fps.mp4,PM_014-Camera17-30fps,PM_014,10,PM_014-Camera17-30fps__rep_010,PM_014-Camera17-30fps__rep_010,-1,2731,2880,"2731,2752,2774,2795,2816,2837,2859,2880",0.9285714285714286,accepted,rotation,-10.0
1,C:\Users\Utente\Desktop\AriuFitness-copia-A\uploads\videos\ex_antoniopisello\PM_014-Camera17-30fps.mp4,PM_014-Camera17-30fps,PM_014,10,PM_014-Camera17-30fps__rep_010,PM_014-Camera17-30fps__rep_010,-1,2731,2880,"2731,2752,2774,2795,2816,2837,2859,2880",0.9285714285714286,accepted,rotation,10.0
1,C:\Users\Utente\Desktop\AriuFitness-copia-A\uploads\videos\ex_antoniopisello\PM_014-Camera17-30fps.mp4,PM_014-Camera17-30fps,PM_014,10,PM_014-Camera17-30fps__rep_010,PM_014-Camera17-30fps__rep_010,0,2732,2881,"2732,2753,2775,2796,2817,2838,2860,2881",0.9285714285714286,accepted,original,0.0
1,C:\Users\Utente\Desktop\AriuFitness-copia-A\uploads\videos\ex_antoniopisello\PM_014-Camera17-30fps.mp4,PM_014-Camera17-30fps,PM_014,10,PM_014-Camera17-30fps__rep_010,PM_014-Camera17-30fps__rep_010,0,2732,2881,"2732,2753,2775,2796,2817,2838,2860,2881",0.9285714285714286,accepted,rotation,-10.0
1,C:\Users\Utente\Desktop\AriuFitness-copia-A\uploads\videos\ex_antoniopisello\PM_014-Camera17-30fps.mp4,PM_014-Camera17-30fps,PM_014,10,PM_014-Camera17-30fps__rep_010,PM_014-Camera17-30fps__rep_010,0,2732,2881,"2732,2753,2775,2796,2817,2838,2860,2881",0.9285714285714286,accepted,rotation,10.0
1,C:\Users\Utente\Desktop\AriuFitness-copia-A\uploads\videos\ex_antoniopisello\PM_014-Camera17-30fps.mp4,PM_014-Camera17-30fps,PM_014,10,PM_014-Camera17-30fps__rep_010,PM_014-Camera17-30fps__rep_010,1,2733,2882,"2733,2754,2776,2797,2818,2839,2861,2882",0.9285714285714286,accepted,original,0.0
1,C:\Users\Utente\Desktop\AriuFitness-copia-A\uploads\videos\ex_antoniopisello\PM_014-Camera17-30fps.mp4,PM_014-Camera17-30fps,PM_014,10,PM_014-Camera17-30fps__rep_010,PM_014-Camera17-30fps__rep_010,1,2733,2882,"2733,2754,2776,2797,2818,2839,2861,2882",0.9285714285714286,accepted,rotation,-10.0
1,C:\Users\Utente\Desktop\AriuFitness-copia-A\uploads\videos\ex_antoniopisello\PM_014-Camera17-30fps.mp4,PM_014-Camera17-30fps,PM_014,10,PM_014-Camera17-30fps__rep_010,PM_014-Camera17-30fps__rep_010,1,2733,2882,"2733,2754,2776,2797,2818,2839,2861,2882",0.9285714285714286,accepted,rotation,10.0
1,C:\Users\Utente\Desktop\AriuFitness-copia-A\uploads\videos\ex_antoniopisello\PM_014-Camera17-30fps.mp4,PM_014-Camera17-30fps,PM_014,10,PM_014-Camera17-30fps__rep_010,PM_014-Camera17-30fps__rep_010,2,2734,2883,"2734,2755,2777,2798,2819,2840,2862,2883",0.9285714285714286,accepted,original,0.0
1,C:\Users\Utente\Desktop\AriuFitness-copia-A\uploads\videos\ex_antoniopisello\PM_014-Camera17-30fps.mp4,PM_014-Camera17-30fps,PM_014,10,PM_014-Camera17-30fps__rep_010,PM_014-Camera17-30fps__rep_010,2,2734,2883,"2734,2755,2777,2798,2819,2840,2862,2883",0.9285714285714286,accepted,rotation,-10.0
1,C:\Users\Utente\Desktop\AriuFitness-copia-A\uploads\videos\ex_antoniopisello\PM_014-Camera17-30fps.mp4,PM_014-Camera17-30fps,PM_014,10,PM_014-Camera17-30fps__rep_010,PM_014-Camera17-30fps__rep_010,2,2734,2883,"2734,2755,2777,2798,2819,2840,2862,2883",0.9285714285714286,accepted,rotation,10.0
1,C:\Users\Utente\Desktop\AriuFitness-copia-A\uploads\videos\ex_antoniopisello\PM_014-Camera17-30fps.mp4,PM_014-Camera17-30fps,PM_014,10,PM_014-Camera17-30fps__rep_010,PM_014-Camera17-30fps__rep_010,3,2735,2884,"2735,2756,2778,2799,2820,2841,2863,2884",0.9285714285714286,accepted,original,0.0
1,C:\Users\Utente\Desktop\AriuFitness-copia-A\uploads\videos\ex_antoniopisello\PM_014-Camera17-30fps.mp4,PM_014-Camera17-30fps,PM_014,10,PM_014-Camera17-30fps__rep_010,PM_014-Camera17-30fps__rep_010,3,2735,2884,"2735,2756,2778,2799,2820,2841,2863,2884",0.9285714285714286,accepted,rotation,-10.0
1,C:\Users\Utente\Desktop\AriuFitness-copia-A\uploads\videos\ex_antoniopisello\PM_014-Camera17-30fps.mp4,PM_014-Camera17-30fps,PM_014,10,PM_014-Camera17-30fps__rep_010,PM_014-Camera17-30fps__rep_010,3,2735,2884,"2735,2756,2778,2799,2820,2841,2863,2884",0.9285714285714286,accepted,rotation,10.0
1,C:\Users\Utente\Desktop\AriuFitness-copia-A\uploads\videos\ex_antoniopisello\PM_014-Camera17-30fps.mp4,PM_014-Camera17-30fps,PM_014,10,PM_014-Camera17-30fps__rep_010,PM_014-Camera17-30fps__rep_010,4,2736,2885,"2736,2757,2779,2800,2821,2842,2864,2885",0.9285714285714286,accepted,original,0.0
1,C:\Users\Utente\Desktop\AriuFitness-copia-A\uploads\videos\ex_antoniopisello\PM_014-Camera17-30fps.mp4,PM_014-Camera17-30fps,PM_014,10,PM_014-Camera17-30fps__rep_010,PM_014-Camera17-30fps__rep_010,4,2736,2885,"2736,2757,2779,2800,2821,2842,2864,2885",0.9285714285714286,accepted,rotation,-10.0
1,C:\Users\Utente\Desktop\AriuFitness-copia-A\uploads\videos\ex_antoniopisello\PM_014-Camera17-30fps.mp4,PM_014-Camera17-30fps,PM_014,10,PM_014-Camera17-30fps__rep_010,PM_014-Camera17-30fps__rep_010,4,2736,2885,"2736,2757,2779,2800,2821,2842,2864,2885",0.9285714285714286,accepted,rotation,10.0
1,C:\Users\Utente\Desktop\AriuFitness-copia-A\uploads\videos\ex_antoniopisello\PM_014-Camera17-30fps.mp4,PM_014-Camera17-30fps,PM_014,10,PM_014-Camera17-30fps__rep_010,PM_014-Camera17-30fps__rep_010,5,2737,2886,"2737,2758,2780,2801,2822,2843,2865,2886",0.9285714285714286,accepted,original,0.0
1,C:\Users\Utente\Desktop\AriuFitness-copia-A\uploads\videos\ex_antoniopisello\PM_014-Camera17-30fps.mp4,PM_014-Camera17-30fps,PM_014,10,PM_014-Camera17-30fps__rep_010,PM_014-Camera17-30fps__rep_010,5,2737,2886,"2737,2758,2780,2801,2822,2843,2865,2886",0.9285714285714286,accepted,rotation,-10.0
1,C:\Users\Utente\Desktop\AriuFitness-copia-A\uploads\videos\ex_antoniopisello\PM_014-Camera17-30fps.mp4,PM_014-Camera17-30fps,PM_014,10,PM_014-Camera17-30fps__rep_010,PM_014-Camera17-30fps__rep_010,5,2737,2886,"2737,2758,2780,2801,2822,2843,2865,2886",0.9285714285714286,accepted,rotation,10.0
1,C:\Users\Utente\Desktop\AriuFitness-copia-A\uploads\videos\ex_antoniopisello\PM_014-Camera17-30fps.mp4,PM_014-Camera17-30fps,PM_014,11,PM_014-Camera17-30fps__rep_011,PM_014-Camera17-30fps__rep_011,-5,2876,3068,"2876,2903,2931,2958,2986,3013,3041,3068",0.9285714285714286,accepted,original,0.0
1,C:\Users\Utente\Desktop\AriuFitness-copia-A\uploads\videos\ex_antoniopisello\PM_014-Camera17-30fps.mp4,PM_014-Camera17-30fps,PM_014,11,PM_014-Camera17-30fps__rep_011,PM_014-Camera17-30fps__rep_011,-5,2876,3068,"2876,2903,2931,2958,2986,3013,3041,3068",0.9285714285714286,accepted,rotation,-10.0
1,C:\Users\Utente\Desktop\AriuFitness-copia-A\uploads\videos\ex_antoniopisello\PM_014-Camera17-30fps.mp4,PM_014-Camera17-30fps,PM_014,11,PM_014-Camera17-30fps__rep_011,PM_014-Camera17-30fps__rep_011,-5,2876,3068,"2876,2903,2931,2958,2986,3013,3041,3068",0.9285714285714286,accepted,rotation,10.0
1,C:\Users\Utente\Desktop\AriuFitness-copia-A\uploads\videos\ex_antoniopisello\PM_014-Camera17-30fps.mp4,PM_014-Camera17-30fps,PM_014,11,PM_014-Camera17-30fps__rep_011,PM_014-Camera17-30fps__rep_011,-4,2877,3069,"2877,2904,2932,2959,2987,3014,3042,3069",0.9285714285714286,accepted,original,0.0
1,C:\Users\Utente\Desktop\AriuFitness-copia-A\uploads\videos\ex_antoniopisello\PM_014-Camera17-30fps.mp4,PM_014-Camera17-30fps,PM_014,11,PM_014-Camera17-30fps__rep_011,PM_014-Camera17-30fps__rep_011,-4,2877,3069,"2877,2904,2932,2959,2987,3014,3042,3069",0.9285714285714286,accepted,rotation,-10.0
1,C:\Users\Utente\Desktop\AriuFitness-copia-A\uploads\videos\ex_antoniopisello\PM_014-Camera17-30fps.mp4,PM_014-Camera17-30fps,PM_014,11,PM_014-Camera17-30fps__rep_011,PM_014-Camera17-30fps__rep_011,-4,2877,3069,"2877,2904,2932,2959,2987,3014,3042,3069",0.9285714285714286,accepted,rotation,10.0
1,C:\Users\Utente\Desktop\AriuFitness-copia-A\uploads\videos\ex_antoniopisello\PM_014-Camera17-30fps.mp4,PM_014-Camera17-30fps,PM_014,11,PM_014-Camera17-30fps__rep_011,PM_014-Camera17-30fps__rep_011,-3,2878,3070,"2878,2905,2933,2960,2988,3015,3043,3070",0.9285714285714286,accepted,original,0.0
1,C:\Users\Utente\Desktop\AriuFitness-copia-A\uploads\videos\ex_antoniopisello\PM_014-Camera17-30fps.mp4,PM_014-Camera17-30fps,PM_014,11,PM_014-Camera17-30fps__rep_011,PM_014-Camera17-30fps__rep_011,-3,2878,3070,"2878,2905,2933,2960,2988,3015,3043,3070",0.9285714285714286,accepted,rotation,-10.0
1,C:\Users\Utente\Desktop\AriuFitness-copia-A\uploads\videos\ex_antoniopisello\PM_014-Camera17-30fps.mp4,PM_014-Camera17-30fps,PM_014,11,PM_014-Camera17-30fps__rep_011,PM_014-Camera17-30fps__rep_011,-3,2878,3070,"2878,2905,2933,2960,2988,3015,3043,3070",0.9285714285714286,accepted,rotation,10.0
1,C:\Users\Utente\Desktop\AriuFitness-copia-A\uploads\videos\ex_antoniopisello\PM_014-Camera17-30fps.mp4,PM_014-Camera17-30fps,PM_014,11,PM_014-Camera17-30fps__rep_011,PM_014-Camera17-30fps__rep_011,-2,2879,3071,"2879,2906,2934,2961,2989,3016,3044,3071",0.9285714285714286,accepted,original,0.0
1,C:\Users\Utente\Desktop\AriuFitness-copia-A\uploads\videos\ex_antoniopisello\PM_014-Camera17-30fps.mp4,PM_014-Camera17-30fps,PM_014,11,PM_014-Camera17-30fps__rep_011,PM_014-Camera17-30fps__rep_011,-2,2879,3071,"2879,2906,2934,2961,2989,3016,3044,3071",0.9285714285714286,accepted,rotation,-10.0
1,C:\Users\Utente\Desktop\AriuFitness-copia-A\uploads\videos\ex_antoniopisello\PM_014-Camera17-30fps.mp4,PM_014-Camera17-30fps,PM_014,11,PM_014-Camera17-30fps__rep_011,PM_014-Camera17-30fps__rep_011,-2,2879,3071,"2879,2906,2934,2961,2989,3016,3044,3071",0.9285714285714286,accepted,rotation,10.0
1,C:\Users\Utente\Desktop\AriuFitness-copia-A\uploads\videos\ex_antoniopisello\PM_014-Camera17-30fps.mp4,PM_014-Camera17-30fps,PM_014,11,PM_014-Camera17-30fps__rep_011,PM_014-Camera17-30fps__rep_011,-1,2880,3072,"2880,2907,2935,2962,2990,3017,3045,3072",0.9285714285714286,accepted,original,0.0
1,C:\Users\Utente\Desktop\AriuFitness-copia-A\uploads\videos\ex_antoniopisello\PM_014-Camera17-30fps.mp4,PM_014-Camera17-30fps,PM_014,11,PM_014-Camera17-30fps__rep_011,PM_014-Camera17-30fps__rep_011,-1,2880,3072,"2880,2907,2935,2962,2990,3017,3045,3072",0.9285714285714286,accepted,rotation,-10.0
1,C:\Users\Utente\Desktop\AriuFitness-copia-A\uploads\videos\ex_antoniopisello\PM_014-Camera17-30fps.mp4,PM_014-Camera17-30fps,PM_014,11,PM_014-Camera17-30fps__rep_011,PM_014-Camera17-30fps__rep_011,-1,2880,3072,"2880,2907,2935,2962,2990,3017,3045,3072",0.9285714285714286,accepted,rotation,10.0
1,C:\Users\Utente\Desktop\AriuFitness-copia-A\uploads\videos\ex_antoniopisello\PM_014-Camera17-30fps.mp4,PM_014-Camera17-30fps,PM_014,11,PM_014-Camera17-30fps__rep_011,PM_014-Camera17-30fps__rep_011,0,2881,3073,"2881,2908,2936,2963,2991,3018,3046,3073",0.9285714285714286,accepted,original,0.0
1,C:\Users\Utente\Desktop\AriuFitness-copia-A\uploads\videos\ex_antoniopisello\PM_014-Camera17-30fps.mp4,PM_014-Camera17-30fps,PM_014,11,PM_014-Camera17-30fps__rep_011,PM_014-Camera17-30fps__rep_011,0,2881,3073,"2881,2908,2936,2963,2991,3018,3046,3073",0.9285714285714286,accepted,rotation,-10.0
1,C:\Users\Utente\Desktop\AriuFitness-copia-A\uploads\videos\ex_antoniopisello\PM_014-Camera17-30fps.mp4,PM_014-Camera17-30fps,PM_014,11,PM_014-Camera17-30fps__rep_011,PM_014-Camera17-30fps__rep_011,0,2881,3073,"2881,2908,2936,2963,2991,3018,3046,3073",0.9285714285714286,accepted,rotation,10.0
1,C:\Users\Utente\Desktop\AriuFitness-copia-A\uploads\videos\ex_antoniopisello\PM_014-Camera17-30fps.mp4,PM_014-Camera17-30fps,PM_014,11,PM_014-Camera17-30fps__rep_011,PM_014-Camera17-30fps__rep_011,1,2882,3074,"2882,2909,2937,2964,2992,3019,3047,3074",0.9285714285714286,accepted,original,0.0
1,C:\Users\Utente\Desktop\AriuFitness-copia-A\uploads\videos\ex_antoniopisello\PM_014-Camera17-30fps.mp4,PM_014-Camera17-30fps,PM_014,11,PM_014-Camera17-30fps__rep_011,PM_014-Camera17-30fps__rep_011,1,2882,3074,"2882,2909,2937,2964,2992,3019,3047,3074",0.9285714285714286,accepted,rotation,-10.0
1,C:\Users\Utente\Desktop\AriuFitness-copia-A\uploads\videos\ex_antoniopisello\PM_014-Camera17-30fps.mp4,PM_014-Camera17-30fps,PM_014,11,PM_014-Camera17-30fps__rep_011,PM_014-Camera17-30fps__rep_011,1,2882,3074,"2882,2909,2937,2964,2992,3019,3047,3074",0.9285714285714286,accepted,rotation,10.0
1,C:\Users\Utente\Desktop\AriuFitness-copia-A\uploads\videos\ex_antoniopisello\PM_014-Camera17-30fps.mp4,PM_014-Camera17-30fps,PM_014,11,PM_014-Camera17-30fps__rep_011,PM_014-Camera17-30fps__rep_011,2,2883,3075,"2883,2910,2938,2965,2993,3020,3048,3075",0.9285714285714286,accepted,original,0.0
1,C:\Users\Utente\Desktop\AriuFitness-copia-A\uploads\videos\ex_antoniopisello\PM_014-Camera17-30fps.mp4,PM_014-Camera17-30fps,PM_014,11,PM_014-Camera17-30fps__rep_011,PM_014-Camera17-30fps__rep_011,2,2883,3075,"2883,2910,2938,2965,2993,3020,3048,3075",0.9285714285714286,accepted,rotation,-10.0
1,C:\Users\Utente\Desktop\AriuFitness-copia-A\uploads\videos\ex_antoniopisello\PM_014-Camera17-30fps.mp4,PM_014-Camera17-30fps,PM_014,11,PM_014-Camera17-30fps__rep_011,PM_014-Camera17-30fps__rep_011,2,2883,3075,"2883,2910,2938,2965,2993,3020,3048,3075",0.9285714285714286,accepted,rotation,10.0
1,C:\Users\Utente\Desktop\AriuFitness-copia-A\uploads\videos\ex_antoniopisello\PM_014-Camera17-30fps.mp4,PM_014-Camera17-30fps,PM_014,11,PM_014-Camera17-30fps__rep_011,PM_014-Camera17-30fps__rep_011,3,2884,3076,"2884,2911,2939,2966,2994,3021,3049,3076",0.9285714285714286,accepted,original,0.0
1,C:\Users\Utente\Desktop\AriuFitness-copia-A\uploads\videos\ex_antoniopisello\PM_014-Camera17-30fps.mp4,PM_014-Camera17-30fps,PM_014,11,PM_014-Camera17-30fps__rep_011,PM_014-Camera17-30fps__rep_011,3,2884,3076,"2884,2911,2939,2966,2994,3021,3049,3076",0.9285714285714286,accepted,rotation,-10.0
1,C:\Users\Utente\Desktop\AriuFitness-copia-A\uploads\videos\ex_antoniopisello\PM_014-Camera17-30fps.mp4,PM_014-Camera17-30fps,PM_014,11,PM_014-Camera17-30fps__rep_011,PM_014-Camera17-30fps__rep_011,3,2884,3076,"2884,2911,2939,2966,2994,3021,3049,3076",0.9285714285714286,accepted,rotation,10.0
1,C:\Users\Utente\Desktop\AriuFitness-copia-A\uploads\videos\ex_antoniopisello\PM_014-Camera17-30fps.mp4,PM_014-Camera17-30fps,PM_014,11,PM_014-Camera17-30fps__rep_011,PM_014-Camera17-30fps__rep_011,4,2885,3077,"2885,2912,2940,2967,2995,3022,3050,3077",0.9285714285714286,accepted,original,0.0
1,C:\Users\Utente\Desktop\AriuFitness-copia-A\uploads\videos\ex_antoniopisello\PM_014-Camera17-30fps.mp4,PM_014-Camera17-30fps,PM_014,11,PM_014-Camera17-30fps__rep_011,PM_014-Camera17-30fps__rep_011,4,2885,3077,"2885,2912,2940,2967,2995,3022,3050,3077",0.9285714285714286,accepted,rotation,-10.0
1,C:\Users\Utente\Desktop\AriuFitness-copia-A\uploads\videos\ex_antoniopisello\PM_014-Camera17-30fps.mp4,PM_014-Camera17-30fps,PM_014,11,PM_014-Camera17-30fps__rep_011,PM_014-Camera17-30fps__rep_011,4,2885,3077,"2885,2912,2940,2967,2995,3022,3050,3077",0.9285714285714286,accepted,rotation,10.0
1,C:\Users\Utente\Desktop\AriuFitness-copia-A\uploads\videos\ex_antoniopisello\PM_014-Camera17-30fps.mp4,PM_014-Camera17-30fps,PM_014,11,PM_014-Camera17-30fps__rep_011,PM_014-Camera17-30fps__rep_011,5,2886,3078,"2886,2913,2941,2968,2996,3023,3051,3078",0.9285714285714286,accepted,original,0.0
1,C:\Users\Utente\Desktop\AriuFitness-copia-A\uploads\videos\ex_antoniopisello\PM_014-Camera17-30fps.mp4,PM_014-Camera17-30fps,PM_014,11,PM_014-Camera17-30fps__rep_011,PM_014-Camera17-30fps__rep_011,5,2886,3078,"2886,2913,2941,2968,2996,3023,3051,3078",0.9285714285714286,accepted,rotation,-10.0
1,C:\Users\Utente\Desktop\AriuFitness-copia-A\uploads\videos\ex_antoniopisello\PM_014-Camera17-30fps.mp4,PM_014-Camera17-30fps,PM_014,11,PM_014-Camera17-30fps__rep_011,PM_014-Camera17-30fps__rep_011,5,2886,3078,"2886,2913,2941,2968,2996,3023,3051,3078",0.9285714285714286,accepted,rotation,10.0
1,C:\Users\Utente\Desktop\AriuFitness-copia-A\uploads\videos\ex_antoniopisello\PM_014-Camera17-30fps.mp4,PM_014-Camera17-30fps,PM_014,12,PM_014-Camera17-30fps__rep_012,PM_014-Camera17-30fps__rep_012,-5,3629,3778,"3629,3650,3672,3693,3714,3735,3757,3778",0.8476037351495405,accepted,original,0.0
1,C:\Users\Utente\Desktop\AriuFitness-copia-A\uploads\videos\ex_antoniopisello\PM_014-Camera17-30fps.mp4,PM_014-Camera17-30fps,PM_014,12,PM_014-Camera17-30fps__rep_012,PM_014-Camera17-30fps__rep_012,-5,3629,3778,"3629,3650,3672,3693,3714,3735,3757,3778",0.8476037351495405,accepted,rotation,-10.0
1,C:\Users\Utente\Desktop\AriuFitness-copia-A\uploads\videos\ex_antoniopisello\PM_014-Camera17-30fps.mp4,PM_014-Camera17-30fps,PM_014,12,PM_014-Camera17-30fps__rep_012,PM_014-Camera17-30fps__rep_012,-5,3629,3778,"3629,3650,3672,3693,3714,3735,3757,3778",0.8476037351495405,accepted,rotation,10.0
1,C:\Users\Utente\Desktop\AriuFitness-copia-A\uploads\videos\ex_antoniopisello\PM_014-Camera17-30fps.mp4,PM_014-Camera17-30fps,PM_014,12,PM_014-Camera17-30fps__rep_012,PM_014-Camera17-30fps__rep_012,-4,3630,3779,"3630,3651,3673,3694,3715,3736,3758,3779",0.8476037351495405,accepted,original,0.0
1,C:\Users\Utente\Desktop\AriuFitness-copia-A\uploads\videos\ex_antoniopisello\PM_014-Camera17-30fps.mp4,PM_014-Camera17-30fps,PM_014,12,PM_014-Camera17-30fps__rep_012,PM_014-Camera17-30fps__rep_012,-4,3630,3779,"3630,3651,3673,3694,3715,3736,3758,3779",0.8476037351495405,accepted,rotation,-10.0
1,C:\Users\Utente\Desktop\AriuFitness-copia-A\uploads\videos\ex_antoniopisello\PM_014-Camera17-30fps.mp4,PM_014-Camera17-30fps,PM_014,12,PM_014-Camera17-30fps__rep_012,PM_014-Camera17-30fps__rep_012,-4,3630,3779,"3630,3651,3673,3694,3715,3736,3758,3779",0.8476037351495405,accepted,rotation,10.0
1,C:\Users\Utente\Desktop\AriuFitness-copia-A\uploads\videos\ex_antoniopisello\PM_014-Camera17-30fps.mp4,PM_014-Camera17-30fps,PM_014,12,PM_014-Camera17-30fps__rep_012,PM_014-Camera17-30fps__rep_012,-3,3631,3780,"3631,3652,3674,3695,3716,3737,3759,3780",0.8476037351495405,accepted,original,0.0
1,C:\Users\Utente\Desktop\AriuFitness-copia-A\uploads\videos\ex_antoniopisello\PM_014-Camera17-30fps.mp4,PM_014-Camera17-30fps,PM_014,12,PM_014-Camera17-30fps__rep_012,PM_014-Camera17-30fps__rep_012,-3,3631,3780,"3631,3652,3674,3695,3716,3737,3759,3780",0.8476037351495405,accepted,rotation,-10.0
1,C:\Users\Utente\Desktop\AriuFitness-copia-A\uploads\videos\ex_antoniopisello\PM_014-Camera17-30fps.mp4,PM_014-Camera17-30fps,PM_014,12,PM_014-Camera17-30fps__rep_012,PM_014-Camera17-30fps__rep_012,-3,3631,3780,"3631,3652,3674,3695,3716,3737,3759,3780",0.8476037351495405,accepted,rotation,10.0
1,C:\Users\Utente\Desktop\AriuFitness-copia-A\uploads\videos\ex_antoniopisello\PM_014-Camera17-30fps.mp4,PM_014-Camera17-30fps,PM_014,12,PM_014-Camera17-30fps__rep_012,PM_014-Camera17-30fps__rep_012,-2,3632,3781,"3632,3653,3675,3696,3717,3738,3760,3781",0.8476037351495405,accepted,original,0.0
1,C:\Users\Utente\Desktop\AriuFitness-copia-A\uploads\videos\ex_antoniopisello\PM_014-Camera17-30fps.mp4,PM_014-Camera17-30fps,PM_014,12,PM_014-Camera17-30fps__rep_012,PM_014-Camera17-30fps__rep_012,-2,3632,3781,"3632,3653,3675,3696,3717,3738,3760,3781",0.8476037351495405,accepted,rotation,-10.0
1,C:\Users\Utente\Desktop\AriuFitness-copia-A\uploads\videos\ex_antoniopisello\PM_014-Camera17-30fps.mp4,PM_014-Camera17-30fps,PM_014,12,PM_014-Camera17-30fps__rep_012,PM_014-Camera17-30fps__rep_012,-2,3632,3781,"3632,3653,3675,3696,3717,3738,3760,3781",0.8476037351495405,accepted,rotation,10.0
1,C:\Users\Utente\Desktop\AriuFitness-copia-A\uploads\videos\ex_antoniopisello\PM_014-Camera17-30fps.mp4,PM_014-Camera17-30fps,PM_014,12,PM_014-Camera17-30fps__rep_012,PM_014-Camera17-30fps__rep_012,-1,3633,3782,"3633,3654,3676,3697,3718,3739,3761,3782",0.8476037351495405,accepted,original,0.0
1,C:\Users\Utente\Desktop\AriuFitness-copia-A\uploads\videos\ex_antoniopisello\PM_014-Camera17-30fps.mp4,PM_014-Camera17-30fps,PM_014,12,PM_014-Camera17-30fps__rep_012,PM_014-Camera17-30fps__rep_012,-1,3633,3782,"3633,3654,3676,3697,3718,3739,3761,3782",0.8476037351495405,accepted,rotation,-10.0
1,C:\Users\Utente\Desktop\AriuFitness-copia-A\uploads\videos\ex_antoniopisello\PM_014-Camera17-30fps.mp4,PM_014-Camera17-30fps,PM_014,12,PM_014-Camera17-30fps__rep_012,PM_014-Camera17-30fps__rep_012,-1,3633,3782,"3633,3654,3676,3697,3718,3739,3761,3782",0.8476037351495405,accepted,rotation,10.0
1,C:\Users\Utente\Desktop\AriuFitness-copia-A\uploads\videos\ex_antoniopisello\PM_014-Camera17-30fps.mp4,PM_014-Camera17-30fps,PM_014,12,PM_014-Camera17-30fps__rep_012,PM_014-Camera17-30fps__rep_012,0,3634,3783,"3634,3655,3677,3698,3719,3740,3762,3783",0.8476037351495405,accepted,original,0.0
1,C:\Users\Utente\Desktop\AriuFitness-copia-A\uploads\videos\ex_antoniopisello\PM_014-Camera17-30fps.mp4,PM_014-Camera17-30fps,PM_014,12,PM_014-Camera17-30fps__rep_012,PM_014-Camera17-30fps__rep_012,0,3634,3783,"3634,3655,3677,3698,3719,3740,3762,3783",0.8476037351495405,accepted,rotation,-10.0
1,C:\Users\Utente\Desktop\AriuFitness-copia-A\uploads\videos\ex_antoniopisello\PM_014-Camera17-30fps.mp4,PM_014-Camera17-30fps,PM_014,12,PM_014-Camera17-30fps__rep_012,PM_014-Camera17-30fps__rep_012,0,3634,3783,"3634,3655,3677,3698,3719,3740,3762,3783",0.8476037351495405,accepted,rotation,10.0
1,C:\Users\Utente\Desktop\AriuFitness-copia-A\uploads\videos\ex_antoniopisello\PM_014-Camera17-30fps.mp4,PM_014-Camera17-30fps,PM_014,12,PM_014-Camera17-30fps__rep_012,PM_014-Camera17-30fps__rep_012,1,3635,3784,"3635,3656,3678,3699,3720,3741,3763,3784",0.8476037351495405,accepted,original,0.0
1,C:\Users\Utente\Desktop\AriuFitness-copia-A\uploads\videos\ex_antoniopisello\PM_014-Camera17-30fps.mp4,PM_014-Camera17-30fps,PM_014,12,PM_014-Camera17-30fps__rep_012,PM_014-Camera17-30fps__rep_012,1,3635,3784,"3635,3656,3678,3699,3720,3741,3763,3784",0.8476037351495405,accepted,rotation,-10.0
1,C:\Users\Utente\Desktop\AriuFitness-copia-A\uploads\videos\ex_antoniopisello\PM_014-Camera17-30fps.mp4,PM_014-Camera17-30fps,PM_014,12,PM_014-Camera17-30fps__rep_012,PM_014-Camera17-30fps__rep_012,1,3635,3784,"3635,3656,3678,3699,3720,3741,3763,3784",0.8476037351495405,accepted,rotation,10.0
1,C:\Users\Utente\Desktop\AriuFitness-copia-A\uploads\videos\ex_antoniopisello\PM_014-Camera17-30fps.mp4,PM_014-Camera17-30fps,PM_014,12,PM_014-Camera17-30fps__rep_012,PM_014-Camera17-30fps__rep_012,2,3636,3785,"3636,3657,3679,3700,3721,3742,3764,3785",0.8476037351495405,accepted,original,0.0
1,C:\Users\Utente\Desktop\AriuFitness-copia-A\uploads\videos\ex_antoniopisello\PM_014-Camera17-30fps.mp4,PM_014-Camera17-30fps,PM_014,12,PM_014-Camera17-30fps__rep_012,PM_014-Camera17-30fps__rep_012,2,3636,3785,"3636,3657,3679,3700,3721,3742,3764,3785",0.8476037351495405,accepted,rotation,-10.0
1,C:\Users\Utente\Desktop\AriuFitness-copia-A\uploads\videos\ex_antoniopisello\PM_014-Camera17-30fps.mp4,PM_014-Camera17-30fps,PM_014,12,PM_014-Camera17-30fps__rep_012,PM_014-Camera17-30fps__rep_012,2,3636,3785,"3636,3657,3679,3700,3721,3742,3764,3785",0.8476037351495405,accepted,rotation,10.0
1,C:\Users\Utente\Desktop\AriuFitness-copia-A\uploads\videos\ex_antoniopisello\PM_014-Camera17-30fps.mp4,PM_014-Camera17-30fps,PM_014,12,PM_014-Camera17-30fps__rep_012,PM_014-Camera17-30fps__rep_012,3,3637,3786,"3637,3658,3680,3701,3722,3743,3765,3786",0.8476037351495405,accepted,original,0.0
1,C:\Users\Utente\Desktop\AriuFitness-copia-A\uploads\videos\ex_antoniopisello\PM_014-Camera17-30fps.mp4,PM_014-Camera17-30fps,PM_014,12,PM_014-Camera17-30fps__rep_012,PM_014-Camera17-30fps__rep_012,3,3637,3786,"3637,3658,3680,3701,3722,3743,3765,3786",0.8476037351495405,accepted,rotation,-10.0
1,C:\Users\Utente\Desktop\AriuFitness-copia-A\uploads\videos\ex_antoniopisello\PM_014-Camera17-30fps.mp4,PM_014-Camera17-30fps,PM_014,12,PM_014-Camera17-30fps__rep_012,PM_014-Camera17-30fps__rep_012,3,3637,3786,"3637,3658,3680,3701,3722,3743,3765,3786",0.8476037351495405,accepted,rotation,10.0
1,C:\Users\Utente\Desktop\AriuFitness-copia-A\uploads\videos\ex_antoniopisello\PM_014-Camera17-30fps.mp4,PM_014-Camera17-30fps,PM_014,12,PM_014-Camera17-30fps__rep_012,PM_014-Camera17-30fps__rep_012,4,3638,3787,"3638,3659,3681,3702,3723,3744,3766,3787",0.8476037351495405,accepted,original,0.0
1,C:\Users\Utente\Desktop\AriuFitness-copia-A\uploads\videos\ex_antoniopisello\PM_014-Camera17-30fps.mp4,PM_014-Camera17-30fps,PM_014,12,PM_014-Camera17-30fps__rep_012,PM_014-Camera17-30fps__rep_012,4,3638,3787,"3638,3659,3681,3702,3723,3744,3766,3787",0.8476037351495405,accepted,rotation,-10.0
1,C:\Users\Utente\Desktop\AriuFitness-copia-A\uploads\videos\ex_antoniopisello\PM_014-Camera17-30fps.mp4,PM_014-Camera17-30fps,PM_014,12,PM_014-Camera17-30fps__rep_012,PM_014-Camera17-30fps__rep_012,4,3638,3787,"3638,3659,3681,3702,3723,3744,3766,3787",0.8476037351495405,accepted,rotation,10.0
1,C:\Users\Utente\Desktop\AriuFitness-copia-A\uploads\videos\ex_antoniopisello\PM_014-Camera17-30fps.mp4,PM_014-Camera17-30fps,PM_014,12,PM_014-Camera17-30fps__rep_012,PM_014-Camera17-30fps__rep_012,5,3639,3788,"3639,3660,3682,3703,3724,3745,3767,3788",0.8476037351495405,accepted,original,0.0
1,C:\Users\Utente\Desktop\AriuFitness-copia-A\uploads\videos\ex_antoniopisello\PM_014-Camera17-30fps.mp4,PM_014-Camera17-30fps,PM_014,12,PM_014-Camera17-30fps__rep_012,PM_014-Camera17-30fps__rep_012,5,3639,3788,"3639,3660,3682,3703,3724,3745,3767,3788",0.8476037351495405,accepted,rotation,-10.0
1,C:\Users\Utente\Desktop\AriuFitness-copia-A\uploads\videos\ex_antoniopisello\PM_014-Camera17-30fps.mp4,PM_014-Camera17-30fps,PM_014,12,PM_014-Camera17-30fps__rep_012,PM_014-Camera17-30fps__rep_012,5,3639,3788,"3639,3660,3682,3703,3724,3745,3767,3788",0.8476037351495405,accepted,rotation,10.0
1,C:\Users\Utente\Desktop\AriuFitness-copia-A\uploads\videos\ex_antoniopisello\PM_014-Camera17-30fps.mp4,PM_014-Camera17-30fps,PM_014,13,PM_014-Camera17-30fps__rep_013,PM_014-Camera17-30fps__rep_013,-5,3778,3945,"3778,3802,3826,3850,3873,3897,3921,3945",0.8476037351495405,accepted,original,0.0
1,C:\Users\Utente\Desktop\AriuFitness-copia-A\uploads\videos\ex_antoniopisello\PM_014-Camera17-30fps.mp4,PM_014-Camera17-30fps,PM_014,13,PM_014-Camera17-30fps__rep_013,PM_014-Camera17-30fps__rep_013,-5,3778,3945,"3778,3802,3826,3850,3873,3897,3921,3945",0.8476037351495405,accepted,rotation,-10.0
1,C:\Users\Utente\Desktop\AriuFitness-copia-A\uploads\videos\ex_antoniopisello\PM_014-Camera17-30fps.mp4,PM_014-Camera17-30fps,PM_014,13,PM_014-Camera17-30fps__rep_013,PM_014-Camera17-30fps__rep_013,-5,3778,3945,"3778,3802,3826,3850,3873,3897,3921,3945",0.8476037351495405,accepted,rotation,10.0
1,C:\Users\Utente\Desktop\AriuFitness-copia-A\uploads\videos\ex_antoniopisello\PM_014-Camera17-30fps.mp4,PM_014-Camera17-30fps,PM_014,13,PM_014-Camera17-30fps__rep_013,PM_014-Camera17-30fps__rep_013,-4,3779,3946,"3779,3803,3827,3851,3874,3898,3922,3946",0.8476037351495405,accepted,original,0.0
1,C:\Users\Utente\Desktop\AriuFitness-copia-A\uploads\videos\ex_antoniopisello\PM_014-Camera17-30fps.mp4,PM_014-Camera17-30fps,PM_014,13,PM_014-Camera17-30fps__rep_013,PM_014-Camera17-30fps__rep_013,-4,3779,3946,"3779,3803,3827,3851,3874,3898,3922,3946",0.8476037351495405,accepted,rotation,-10.0
1,C:\Users\Utente\Desktop\AriuFitness-copia-A\uploads\videos\ex_antoniopisello\PM_014-Camera17-30fps.mp4,PM_014-Camera17-30fps,PM_014,13,PM_014-Camera17-30fps__rep_013,PM_014-Camera17-30fps__rep_013,-4,3779,3946,"3779,3803,3827,3851,3874,3898,3922,3946",0.8476037351495405,accepted,rotation,10.0
1,C:\Users\Utente\Desktop\AriuFitness-copia-A\uploads\videos\ex_antoniopisello\PM_014-Camera17-30fps.mp4,PM_014-Camera17-30fps,PM_014,13,PM_014-Camera17-30fps__rep_013,PM_014-Camera17-30fps__rep_013,-3,3780,3947,"3780,3804,3828,3852,3875,3899,3923,3947",0.8476037351495405,accepted,original,0.0
1,C:\Users\Utente\Desktop\AriuFitness-copia-A\uploads\videos\ex_antoniopisello\PM_014-Camera17-30fps.mp4,PM_014-Camera17-30fps,PM_014,13,PM_014-Camera17-30fps__rep_013,PM_014-Camera17-30fps__rep_013,-3,3780,3947,"3780,3804,3828,3852,3875,3899,3923,3947",0.8476037351495405,accepted,rotation,-10.0
1,C:\Users\Utente\Desktop\AriuFitness-copia-A\uploads\videos\ex_antoniopisello\PM_014-Camera17-30fps.mp4,PM_014-Camera17-30fps,PM_014,13,PM_014-Camera17-30fps__rep_013,PM_014-Camera17-30fps__rep_013,-3,3780,3947,"3780,3804,3828,3852,3875,3899,3923,3947",0.8476037351495405,accepted,rotation,10.0
1,C:\Users\Utente\Desktop\AriuFitness-copia-A\uploads\videos\ex_antoniopisello\PM_014-Camera17-30fps.mp4,PM_014-Camera17-30fps,PM_014,13,PM_014-Camera17-30fps__rep_013,PM_014-Camera17-30fps__rep_013,-2,3781,3948,"3781,3805,3829,3853,3876,3900,3924,3948",0.8476037351495405,accepted,original,0.0
1,C:\Users\Utente\Desktop\AriuFitness-copia-A\uploads\videos\ex_antoniopisello\PM_014-Camera17-30fps.mp4,PM_014-Camera17-30fps,PM_014,13,PM_014-Camera17-30fps__rep_013,PM_014-Camera17-30fps__rep_013,-2,3781,3948,"3781,3805,3829,3853,3876,3900,3924,3948",0.8476037351495405,accepted,rotation,-10.0
1,C:\Users\Utente\Desktop\AriuFitness-copia-A\uploads\videos\ex_antoniopisello\PM_014-Camera17-30fps.mp4,PM_014-Camera17-30fps,PM_014,13,PM_014-Camera17-30fps__rep_013,PM_014-Camera17-30fps__rep_013,-2,3781,3948,"3781,3805,3829,3853,3876,3900,3924,3948",0.8476037351495405,accepted,rotation,10.0
1,C:\Users\Utente\Desktop\AriuFitness-copia-A\uploads\videos\ex_antoniopisello\PM_014-Camera17-30fps.mp4,PM_014-Camera17-30fps,PM_014,13,PM_014-Camera17-30fps__rep_013,PM_014-Camera17-30fps__rep_013,-1,3782,3949,"3782,3806,3830,3854,3877,3901,3925,3949",0.8476037351495405,accepted,original,0.0
1,C:\Users\Utente\Desktop\AriuFitness-copia-A\uploads\videos\ex_antoniopisello\PM_014-Camera17-30fps.mp4,PM_014-Camera17-30fps,PM_014,13,PM_014-Camera17-30fps__rep_013,PM_014-Camera17-30fps__rep_013,-1,3782,3949,"3782,3806,3830,3854,3877,3901,3925,3949",0.8476037351495405,accepted,rotation,-10.0
1,C:\Users\Utente\Desktop\AriuFitness-copia-A\uploads\videos\ex_antoniopisello\PM_014-Camera17-30fps.mp4,PM_014-Camera17-30fps,PM_014,13,PM_014-Camera17-30fps__rep_013,PM_014-Camera17-30fps__rep_013,-1,3782,3949,"3782,3806,3830,3854,3877,3901,3925,3949",0.8476037351495405,accepted,rotation,10.0
1,C:\Users\Utente\Desktop\AriuFitness-copia-A\uploads\videos\ex_antoniopisello\PM_014-Camera17-30fps.mp4,PM_014-Camera17-30fps,PM_014,13,PM_014-Camera17-30fps__rep_013,PM_014-Camera17-30fps__rep_013,0,3783,3950,"3783,3807,3831,3855,3878,3902,3926,3950",0.8476037351495405,accepted,original,0.0
1,C:\Users\Utente\Desktop\AriuFitness-copia-A\uploads\videos\ex_antoniopisello\PM_014-Camera17-30fps.mp4,PM_014-Camera17-30fps,PM_014,13,PM_014-Camera17-30fps__rep_013,PM_014-Camera17-30fps__rep_013,0,3783,3950,"3783,3807,3831,3855,3878,3902,3926,3950",0.8476037351495405,accepted,rotation,-10.0
1,C:\Users\Utente\Desktop\AriuFitness-copia-A\uploads\videos\ex_antoniopisello\PM_014-Camera17-30fps.mp4,PM_014-Camera17-30fps,PM_014,13,PM_014-Camera17-30fps__rep_013,PM_014-Camera17-30fps__rep_013,0,3783,3950,"3783,3807,3831,3855,3878,3902,3926,3950",0.8476037351495405,accepted,rotation,10.0
1,C:\Users\Utente\Desktop\AriuFitness-copia-A\uploads\videos\ex_antoniopisello\PM_014-Camera17-30fps.mp4,PM_014-Camera17-30fps,PM_014,13,PM_014-Camera17-30fps__rep_013,PM_014-Camera17-30fps__rep_013,1,3784,3951,"3784,3808,3832,3856,3879,3903,3927,3951",0.8476037351495405,accepted,original,0.0
1,C:\Users\Utente\Desktop\AriuFitness-copia-A\uploads\videos\ex_antoniopisello\PM_014-Camera17-30fps.mp4,PM_014-Camera17-30fps,PM_014,13,PM_014-Camera17-30fps__rep_013,PM_014-Camera17-30fps__rep_013,1,3784,3951,"3784,3808,3832,3856,3879,3903,3927,3951",0.8476037351495405,accepted,rotation,-10.0
1,C:\Users\Utente\Desktop\AriuFitness-copia-A\uploads\videos\ex_antoniopisello\PM_014-Camera17-30fps.mp4,PM_014-Camera17-30fps,PM_014,13,PM_014-Camera17-30fps__rep_013,PM_014-Camera17-30fps__rep_013,1,3784,3951,"3784,3808,3832,3856,3879,3903,3927,3951",0.8476037351495405,accepted,rotation,10.0
1,C:\Users\Utente\Desktop\AriuFitness-copia-A\uploads\videos\ex_antoniopisello\PM_014-Camera17-30fps.mp4,PM_014-Camera17-30fps,PM_014,13,PM_014-Camera17-30fps__rep_013,PM_014-Camera17-30fps__rep_013,2,3785,3952,"3785,3809,3833,3857,3880,3904,3928,3952",0.8476037351495405,accepted,original,0.0
1,C:\Users\Utente\Desktop\AriuFitness-copia-A\uploads\videos\ex_antoniopisello\PM_014-Camera17-30fps.mp4,PM_014-Camera17-30fps,PM_014,13,PM_014-Camera17-30fps__rep_013,PM_014-Camera17-30fps__rep_013,2,3785,3952,"3785,3809,3833,3857,3880,3904,3928,3952",0.8476037351495405,accepted,rotation,-10.0
1,C:\Users\Utente\Desktop\AriuFitness-copia-A\uploads\videos\ex_antoniopisello\PM_014-Camera17-30fps.mp4,PM_014-Camera17-30fps,PM_014,13,PM_014-Camera17-30fps__rep_013,PM_014-Camera17-30fps__rep_013,2,3785,3952,"3785,3809,3833,3857,3880,3904,3928,3952",0.8476037351495405,accepted,rotation,10.0
1,C:\Users\Utente\Desktop\AriuFitness-copia-A\uploads\videos\ex_antoniopisello\PM_014-Camera17-30fps.mp4,PM_014-Camera17-30fps,PM_014,13,PM_014-Camera17-30fps__rep_013,PM_014-Camera17-30fps__rep_013,3,3786,3953,"3786,3810,3834,3858,3881,3905,3929,3953",0.8476037351495405,accepted,original,0.0
1,C:\Users\Utente\Desktop\AriuFitness-copia-A\uploads\videos\ex_antoniopisello\PM_014-Camera17-30fps.mp4,PM_014-Camera17-30fps,PM_014,13,PM_014-Camera17-30fps__rep_013,PM_014-Camera17-30fps__rep_013,3,3786,3953,"3786,3810,3834,3858,3881,3905,3929,3953",0.8476037351495405,accepted,rotation,-10.0
1,C:\Users\Utente\Desktop\AriuFitness-copia-A\uploads\videos\ex_antoniopisello\PM_014-Camera17-30fps.mp4,PM_014-Camera17-30fps,PM_014,13,PM_014-Camera17-30fps__rep_013,PM_014-Camera17-30fps__rep_013,3,3786,3953,"3786,3810,3834,3858,3881,3905,3929,3953",0.8476037351495405,accepted,rotation,10.0
1,C:\Users\Utente\Desktop\AriuFitness-copia-A\uploads\videos\ex_antoniopisello\PM_014-Camera17-30fps.mp4,PM_014-Camera17-30fps,PM_014,13,PM_014-Camera17-30fps__rep_013,PM_014-Camera17-30fps__rep_013,4,3787,3954,"3787,3811,3835,3859,3882,3906,3930,3954",0.8476037351495405,accepted,original,0.0
1,C:\Users\Utente\Desktop\AriuFitness-copia-A\uploads\videos\ex_antoniopisello\PM_014-Camera17-30fps.mp4,PM_014-Camera17-30fps,PM_014,13,PM_014-Camera17-30fps__rep_013,PM_014-Camera17-30fps__rep_013,4,3787,3954,"3787,3811,3835,3859,3882,3906,3930,3954",0.8476037351495405,accepted,rotation,-10.0
1,C:\Users\Utente\Desktop\AriuFitness-copia-A\uploads\videos\ex_antoniopisello\PM_014-Camera17-30fps.mp4,PM_014-Camera17-30fps,PM_014,13,PM_014-Camera17-30fps__rep_013,PM_014-Camera17-30fps__rep_013,4,3787,3954,"3787,3811,3835,3859,3882,3906,3930,3954",0.8476037351495405,accepted,rotation,10.0
1,C:\Users\Utente\Desktop\AriuFitness-copia-A\uploads\videos\ex_antoniopisello\PM_014-Camera17-30fps.mp4,PM_014-Camera17-30fps,PM_014,13,PM_014-Camera17-30fps__rep_013,PM_014-Camera17-30fps__rep_013,5,3788,3955,"3788,3812,3836,3860,3883,3907,3931,3955",0.8476037351495405,accepted,original,0.0
1,C:\Users\Utente\Desktop\AriuFitness-copia-A\uploads\videos\ex_antoniopisello\PM_014-Camera17-30fps.mp4,PM_014-Camera17-30fps,PM_014,13,PM_014-Camera17-30fps__rep_013,PM_014-Camera17-30fps__rep_013,5,3788,3955,"3788,3812,3836,3860,3883,3907,3931,3955",0.8476037351495405,accepted,rotation,-10.0
1,C:\Users\Utente\Desktop\AriuFitness-copia-A\uploads\videos\ex_antoniopisello\PM_014-Camera17-30fps.mp4,PM_014-Camera17-30fps,PM_014,13,PM_014-Camera17-30fps__rep_013,PM_014-Camera17-30fps__rep_013,5,3788,3955,"3788,3812,3836,3860,3883,3907,3931,3955",0.8476037351495405,accepted,rotation,10.0
1,C:\Users\Utente\Desktop\AriuFitness-copia-A\uploads\videos\ex_antoniopisello\PM_014-Camera17-30fps.mp4,PM_014-Camera17-30fps,PM_014,14,PM_014-Camera17-30fps__rep_014,PM_014-Camera17-30fps__rep_014,-5,4081,4258,"4081,4106,4132,4157,4182,4207,4233,4258",0.8476037351495405,accepted,original,0.0
1,C:\Users\Utente\Desktop\AriuFitness-copia-A\uploads\videos\ex_antoniopisello\PM_014-Camera17-30fps.mp4,PM_014-Camera17-30fps,PM_014,14,PM_014-Camera17-30fps__rep_014,PM_014-Camera17-30fps__rep_014,-5,4081,4258,"4081,4106,4132,4157,4182,4207,4233,4258",0.8476037351495405,accepted,rotation,-10.0
1,C:\Users\Utente\Desktop\AriuFitness-copia-A\uploads\videos\ex_antoniopisello\PM_014-Camera17-30fps.mp4,PM_014-Camera17-30fps,PM_014,14,PM_014-Camera17-30fps__rep_014,PM_014-Camera17-30fps__rep_014,-5,4081,4258,"4081,4106,4132,4157,4182,4207,4233,4258",0.8476037351495405,accepted,rotation,10.0
1,C:\Users\Utente\Desktop\AriuFitness-copia-A\uploads\videos\ex_antoniopisello\PM_014-Camera17-30fps.mp4,PM_014-Camera17-30fps,PM_014,14,PM_014-Camera17-30fps__rep_014,PM_014-Camera17-30fps__rep_014,-4,4082,4259,"4082,4107,4133,4158,4183,4208,4234,4259",0.8476037351495405,accepted,original,0.0
1,C:\Users\Utente\Desktop\AriuFitness-copia-A\uploads\videos\ex_antoniopisello\PM_014-Camera17-30fps.mp4,PM_014-Camera17-30fps,PM_014,14,PM_014-Camera17-30fps__rep_014,PM_014-Camera17-30fps__rep_014,-4,4082,4259,"4082,4107,4133,4158,4183,4208,4234,4259",0.8476037351495405,accepted,rotation,-10.0
1,C:\Users\Utente\Desktop\AriuFitness-copia-A\uploads\videos\ex_antoniopisello\PM_014-Camera17-30fps.mp4,PM_014-Camera17-30fps,PM_014,14,PM_014-Camera17-30fps__rep_014,PM_014-Camera17-30fps__rep_014,-4,4082,4259,"4082,4107,4133,4158,4183,4208,4234,4259",0.8476037351495405,accepted,rotation,10.0
1,C:\Users\Utente\Desktop\AriuFitness-copia-A\uploads\videos\ex_antoniopisello\PM_014-Camera17-30fps.mp4,PM_014-Camera17-30fps,PM_014,14,PM_014-Camera17-30fps__rep_014,PM_014-Camera17-30fps__rep_014,-3,4083,4260,"4083,4108,4134,4159,4184,4209,4235,4260",0.8476037351495405,accepted,original,0.0
1,C:\Users\Utente\Desktop\AriuFitness-copia-A\uploads\videos\ex_antoniopisello\PM_014-Camera17-30fps.mp4,PM_014-Camera17-30fps,PM_014,14,PM_014-Camera17-30fps__rep_014,PM_014-Camera17-30fps__rep_014,-3,4083,4260,"4083,4108,4134,4159,4184,4209,4235,4260",0.8476037351495405,accepted,rotation,-10.0
1,C:\Users\Utente\Desktop\AriuFitness-copia-A\uploads\videos\ex_antoniopisello\PM_014-Camera17-30fps.mp4,PM_014-Camera17-30fps,PM_014,14,PM_014-Camera17-30fps__rep_014,PM_014-Camera17-30fps__rep_014,-3,4083,4260,"4083,4108,4134,4159,4184,4209,4235,4260",0.8476037351495405,accepted,rotation,10.0
1,C:\Users\Utente\Desktop\AriuFitness-copia-A\uploads\videos\ex_antoniopisello\PM_014-Camera17-30fps.mp4,PM_014-Camera17-30fps,PM_014,14,PM_014-Camera17-30fps__rep_014,PM_014-Camera17-30fps__rep_014,-2,4084,4261,"4084,4109,4135,4160,4185,4210,4236,4261",0.8476037351495405,accepted,original,0.0
1,C:\Users\Utente\Desktop\AriuFitness-copia-A\uploads\videos\ex_antoniopisello\PM_014-Camera17-30fps.mp4,PM_014-Camera17-30fps,PM_014,14,PM_014-Camera17-30fps__rep_014,PM_014-Camera17-30fps__rep_014,-2,4084,4261,"4084,4109,4135,4160,4185,4210,4236,4261",0.8476037351495405,accepted,rotation,-10.0
1,C:\Users\Utente\Desktop\AriuFitness-copia-A\uploads\videos\ex_antoniopisello\PM_014-Camera17-30fps.mp4,PM_014-Camera17-30fps,PM_014,14,PM_014-Camera17-30fps__rep_014,PM_014-Camera17-30fps__rep_014,-2,4084,4261,"4084,4109,4135,4160,4185,4210,4236,4261",0.8476037351495405,accepted,rotation,10.0
1,C:\Users\Utente\Desktop\AriuFitness-copia-A\uploads\videos\ex_antoniopisello\PM_014-Camera17-30fps.mp4,PM_014-Camera17-30fps,PM_014,14,PM_014-Camera17-30fps__rep_014,PM_014-Camera17-30fps__rep_014,-1,4085,4262,"4085,4110,4136,4161,4186,4211,4237,4262",0.8476037351495405,accepted,original,0.0
1,C:\Users\Utente\Desktop\AriuFitness-copia-A\uploads\videos\ex_antoniopisello\PM_014-Camera17-30fps.mp4,PM_014-Camera17-30fps,PM_014,14,PM_014-Camera17-30fps__rep_014,PM_014-Camera17-30fps__rep_014,-1,4085,4262,"4085,4110,4136,4161,4186,4211,4237,4262",0.8476037351495405,accepted,rotation,-10.0
1,C:\Users\Utente\Desktop\AriuFitness-copia-A\uploads\videos\ex_antoniopisello\PM_014-Camera17-30fps.mp4,PM_014-Camera17-30fps,PM_014,14,PM_014-Camera17-30fps__rep_014,PM_014-Camera17-30fps__rep_014,-1,4085,4262,"4085,4110,4136,4161,4186,4211,4237,4262",0.8476037351495405,accepted,rotation,10.0
1,C:\Users\Utente\Desktop\AriuFitness-copia-A\uploads\videos\ex_antoniopisello\PM_014-Camera17-30fps.mp4,PM_014-Camera17-30fps,PM_014,14,PM_014-Camera17-30fps__rep_014,PM_014-Camera17-30fps__rep_014,0,4086,4263,"4086,4111,4137,4162,4187,4212,4238,4263",0.8476037351495405,accepted,original,0.0
1,C:\Users\Utente\Desktop\AriuFitness-copia-A\uploads\videos\ex_antoniopisello\PM_014-Camera17-30fps.mp4,PM_014-Camera17-30fps,PM_014,14,PM_014-Camera17-30fps__rep_014,PM_014-Camera17-30fps__rep_014,0,4086,4263,"4086,4111,4137,4162,4187,4212,4238,4263",0.8476037351495405,accepted,rotation,-10.0
1,C:\Users\Utente\Desktop\AriuFitness-copia-A\uploads\videos\ex_antoniopisello\PM_014-Camera17-30fps.mp4,PM_014-Camera17-30fps,PM_014,14,PM_014-Camera17-30fps__rep_014,PM_014-Camera17-30fps__rep_014,0,4086,4263,"4086,4111,4137,4162,4187,4212,4238,4263",0.8476037351495405,accepted,rotation,10.0
1,C:\Users\Utente\Desktop\AriuFitness-copia-A\uploads\videos\ex_antoniopisello\PM_014-Camera17-30fps.mp4,PM_014-Camera17-30fps,PM_014,14,PM_014-Camera17-30fps__rep_014,PM_014-Camera17-30fps__rep_014,1,4087,4264,"4087,4112,4138,4163,4188,4213,4239,4264",0.8476037351495405,accepted,original,0.0
1,C:\Users\Utente\Desktop\AriuFitness-copia-A\uploads\videos\ex_antoniopisello\PM_014-Camera17-30fps.mp4,PM_014-Camera17-30fps,PM_014,14,PM_014-Camera17-30fps__rep_014,PM_014-Camera17-30fps__rep_014,1,4087,4264,"4087,4112,4138,4163,4188,4213,4239,4264",0.8476037351495405,accepted,rotation,-10.0
1,C:\Users\Utente\Desktop\AriuFitness-copia-A\uploads\videos\ex_antoniopisello\PM_014-Camera17-30fps.mp4,PM_014-Camera17-30fps,PM_014,14,PM_014-Camera17-30fps__rep_014,PM_014-Camera17-30fps__rep_014,1,4087,4264,"4087,4112,4138,4163,4188,4213,4239,4264",0.8476037351495405,accepted,rotation,10.0
1,C:\Users\Utente\Desktop\AriuFitness-copia-A\uploads\videos\ex_antoniopisello\PM_014-Camera17-30fps.mp4,PM_014-Camera17-30fps,PM_014,14,PM_014-Camera17-30fps__rep_014,PM_014-Camera17-30fps__rep_014,2,4088,4265,"4088,4113,4139,4164,4189,4214,4240,4265",0.8476037351495405,accepted,original,0.0
1,C:\Users\Utente\Desktop\AriuFitness-copia-A\uploads\videos\ex_antoniopisello\PM_014-Camera17-30fps.mp4,PM_014-Camera17-30fps,PM_014,14,PM_014-Camera17-30fps__rep_014,PM_014-Camera17-30fps__rep_014,2,4088,4265,"4088,4113,4139,4164,4189,4214,4240,4265",0.8476037351495405,accepted,rotation,-10.0
1,C:\Users\Utente\Desktop\AriuFitness-copia-A\uploads\videos\ex_antoniopisello\PM_014-Camera17-30fps.mp4,PM_014-Camera17-30fps,PM_014,14,PM_014-Camera17-30fps__rep_014,PM_014-Camera17-30fps__rep_014,2,4088,4265,"4088,4113,4139,4164,4189,4214,4240,4265",0.8476037351495405,accepted,rotation,10.0
1,C:\Users\Utente\Desktop\AriuFitness-copia-A\uploads\videos\ex_antoniopisello\PM_014-Camera17-30fps.mp4,PM_014-Camera17-30fps,PM_014,14,PM_014-Camera17-30fps__rep_014,PM_014-Camera17-30fps__rep_014,3,4089,4266,"4089,4114,4140,4165,4190,4215,4241,4266",0.8476037351495405,accepted,original,0.0
1,C:\Users\Utente\Desktop\AriuFitness-copia-A\uploads\videos\ex_antoniopisello\PM_014-Camera17-30fps.mp4,PM_014-Camera17-30fps,PM_014,14,PM_014-Camera17-30fps__rep_014,PM_014-Camera17-30fps__rep_014,3,4089,4266,"4089,4114,4140,4165,4190,4215,4241,4266",0.8476037351495405,accepted,rotation,-10.0
1,C:\Users\Utente\Desktop\AriuFitness-copia-A\uploads\videos\ex_antoniopisello\PM_014-Camera17-30fps.mp4,PM_014-Camera17-30fps,PM_014,14,PM_014-Camera17-30fps__rep_014,PM_014-Camera17-30fps__rep_014,3,4089,4266,"4089,4114,4140,4165,4190,4215,4241,4266",0.8476037351495405,accepted,rotation,10.0
1,C:\Users\Utente\Desktop\AriuFitness-copia-A\uploads\videos\ex_antoniopisello\PM_014-Camera17-30fps.mp4,PM_014-Camera17-30fps,PM_014,14,PM_014-Camera17-30fps__rep_014,PM_014-Camera17-30fps__rep_014,4,4090,4267,"4090,4115,4141,4166,4191,4216,4242,4267",0.8476037351495405,accepted,original,0.0
1,C:\Users\Utente\Desktop\AriuFitness-copia-A\uploads\videos\ex_antoniopisello\PM_014-Camera17-30fps.mp4,PM_014-Camera17-30fps,PM_014,14,PM_014-Camera17-30fps__rep_014,PM_014-Camera17-30fps__rep_014,4,4090,4267,"4090,4115,4141,4166,4191,4216,4242,4267",0.8476037351495405,accepted,rotation,-10.0
1,C:\Users\Utente\Desktop\AriuFitness-copia-A\uploads\videos\ex_antoniopisello\PM_014-Camera17-30fps.mp4,PM_014-Camera17-30fps,PM_014,14,PM_014-Camera17-30fps__rep_014,PM_014-Camera17-30fps__rep_014,4,4090,4267,"4090,4115,4141,4166,4191,4216,4242,4267",0.8476037351495405,accepted,rotation,10.0
1,C:\Users\Utente\Desktop\AriuFitness-copia-A\uploads\videos\ex_antoniopisello\PM_014-Camera17-30fps.mp4,PM_014-Camera17-30fps,PM_014,14,PM_014-Camera17-30fps__rep_014,PM_014-Camera17-30fps__rep_014,5,4091,4268,"4091,4116,4142,4167,4192,4217,4243,4268",0.8476037351495405,accepted,original,0.0
1,C:\Users\Utente\Desktop\AriuFitness-copia-A\uploads\videos\ex_antoniopisello\PM_014-Camera17-30fps.mp4,PM_014-Camera17-30fps,PM_014,14,PM_014-Camera17-30fps__rep_014,PM_014-Camera17-30fps__rep_014,5,4091,4268,"4091,4116,4142,4167,4192,4217,4243,4268",0.8476037351495405,accepted,rotation,-10.0
1,C:\Users\Utente\Desktop\AriuFitness-copia-A\uploads\videos\ex_antoniopisello\PM_014-Camera17-30fps.mp4,PM_014-Camera17-30fps,PM_014,14,PM_014-Camera17-30fps__rep_014,PM_014-Camera17-30fps__rep_014,5,4091,4268,"4091,4116,4142,4167,4192,4217,4243,4268",0.8476037351495405,accepted,rotation,10.0
1,C:\Users\Utente\Desktop\AriuFitness-copia-A\uploads\videos\ex_antoniopisello\PM_014-Camera17-30fps.mp4,PM_014-Camera17-30fps,PM_014,16,PM_014-Camera17-30fps__rep_016,PM_014-Camera17-30fps__rep_016,-5,4369,4963,"4369,4454,4539,4624,4708,4793,4878,4963",0.8214285714285714,accepted,original,0.0
1,C:\Users\Utente\Desktop\AriuFitness-copia-A\uploads\videos\ex_antoniopisello\PM_014-Camera17-30fps.mp4,PM_014-Camera17-30fps,PM_014,16,PM_014-Camera17-30fps__rep_016,PM_014-Camera17-30fps__rep_016,-5,4369,4963,"4369,4454,4539,4624,4708,4793,4878,4963",0.8214285714285714,accepted,rotation,-10.0
1,C:\Users\Utente\Desktop\AriuFitness-copia-A\uploads\videos\ex_antoniopisello\PM_014-Camera17-30fps.mp4,PM_014-Camera17-30fps,PM_014,16,PM_014-Camera17-30fps__rep_016,PM_014-Camera17-30fps__rep_016,-5,4369,4963,"4369,4454,4539,4624,4708,4793,4878,4963",0.8214285714285714,accepted,rotation,10.0
1,C:\Users\Utente\Desktop\AriuFitness-copia-A\uploads\videos\ex_antoniopisello\PM_014-Camera17-30fps.mp4,PM_014-Camera17-30fps,PM_014,16,PM_014-Camera17-30fps__rep_016,PM_014-Camera17-30fps__rep_016,-4,4370,4964,"4370,4455,4540,4625,4709,4794,4879,4964",0.8214285714285714,accepted,original,0.0
1,C:\Users\Utente\Desktop\AriuFitness-copia-A\uploads\videos\ex_antoniopisello\PM_014-Camera17-30fps.mp4,PM_014-Camera17-30fps,PM_014,16,PM_014-Camera17-30fps__rep_016,PM_014-Camera17-30fps__rep_016,-4,4370,4964,"4370,4455,4540,4625,4709,4794,4879,4964",0.8214285714285714,accepted,rotation,-10.0
1,C:\Users\Utente\Desktop\AriuFitness-copia-A\uploads\videos\ex_antoniopisello\PM_014-Camera17-30fps.mp4,PM_014-Camera17-30fps,PM_014,16,PM_014-Camera17-30fps__rep_016,PM_014-Camera17-30fps__rep_016,-4,4370,4964,"4370,4455,4540,4625,4709,4794,4879,4964",0.8214285714285714,accepted,rotation,10.0
1,C:\Users\Utente\Desktop\AriuFitness-copia-A\uploads\videos\ex_antoniopisello\PM_014-Camera17-30fps.mp4,PM_014-Camera17-30fps,PM_014,16,PM_014-Camera17-30fps__rep_016,PM_014-Camera17-30fps__rep_016,-3,4371,4965,"4371,4456,4541,4626,4710,4795,4880,4965",0.8214285714285714,accepted,original,0.0
1,C:\Users\Utente\Desktop\AriuFitness-copia-A\uploads\videos\ex_antoniopisello\PM_014-Camera17-30fps.mp4,PM_014-Camera17-30fps,PM_014,16,PM_014-Camera17-30fps__rep_016,PM_014-Camera17-30fps__rep_016,-3,4371,4965,"4371,4456,4541,4626,4710,4795,4880,4965",0.8214285714285714,accepted,rotation,-10.0
1,C:\Users\Utente\Desktop\AriuFitness-copia-A\uploads\videos\ex_antoniopisello\PM_014-Camera17-30fps.mp4,PM_014-Camera17-30fps,PM_014,16,PM_014-Camera17-30fps__rep_016,PM_014-Camera17-30fps__rep_016,-3,4371,4965,"4371,4456,4541,4626,4710,4795,4880,4965",0.8214285714285714,accepted,rotation,10.0
1,C:\Users\Utente\Desktop\AriuFitness-copia-A\uploads\videos\ex_antoniopisello\PM_014-Camera17-30fps.mp4,PM_014-Camera17-30fps,PM_014,16,PM_014-Camera17-30fps__rep_016,PM_014-Camera17-30fps__rep_016,-2,4372,4966,"4372,4457,4542,4627,4711,4796,4881,4966",0.8214285714285714,accepted,original,0.0
1,C:\Users\Utente\Desktop\AriuFitness-copia-A\uploads\videos\ex_antoniopisello\PM_014-Camera17-30fps.mp4,PM_014-Camera17-30fps,PM_014,16,PM_014-Camera17-30fps__rep_016,PM_014-Camera17-30fps__rep_016,-2,4372,4966,"4372,4457,4542,4627,4711,4796,4881,4966",0.8214285714285714,accepted,rotation,-10.0
1,C:\Users\Utente\Desktop\AriuFitness-copia-A\uploads\videos\ex_antoniopisello\PM_014-Camera17-30fps.mp4,PM_014-Camera17-30fps,PM_014,16,PM_014-Camera17-30fps__rep_016,PM_014-Camera17-30fps__rep_016,-2,4372,4966,"4372,4457,4542,4627,4711,4796,4881,4966",0.8214285714285714,accepted,rotation,10.0
1,C:\Users\Utente\Desktop\AriuFitness-copia-A\uploads\videos\ex_antoniopisello\PM_014-Camera17-30fps.mp4,PM_014-Camera17-30fps,PM_014,16,PM_014-Camera17-30fps__rep_016,PM_014-Camera17-30fps__rep_016,-1,4373,4967,"4373,4458,4543,4628,4712,4797,4882,4967",0.8214285714285714,accepted,original,0.0
1,C:\Users\Utente\Desktop\AriuFitness-copia-A\uploads\videos\ex_antoniopisello\PM_014-Camera17-30fps.mp4,PM_014-Camera17-30fps,PM_014,16,PM_014-Camera17-30fps__rep_016,PM_014-Camera17-30fps__rep_016,-1,4373,4967,"4373,4458,4543,4628,4712,4797,4882,4967",0.8214285714285714,accepted,rotation,-10.0
1,C:\Users\Utente\Desktop\AriuFitness-copia-A\uploads\videos\ex_antoniopisello\PM_014-Camera17-30fps.mp4,PM_014-Camera17-30fps,PM_014,16,PM_014-Camera17-30fps__rep_016,PM_014-Camera17-30fps__rep_016,-1,4373,4967,"4373,4458,4543,4628,4712,4797,4882,4967",0.8214285714285714,accepted,rotation,10.0
1,C:\Users\Utente\Desktop\AriuFitness-copia-A\uploads\videos\ex_antoniopisello\PM_014-Camera17-30fps.mp4,PM_014-Camera17-30fps,PM_014,16,PM_014-Camera17-30fps__rep_016,PM_014-Camera17-30fps__rep_016,0,4374,4968,"4374,4459,4544,4629,4713,4798,4883,4968",0.8214285714285714,accepted,original,0.0
1,C:\Users\Utente\Desktop\AriuFitness-copia-A\uploads\videos\ex_antoniopisello\PM_014-Camera17-30fps.mp4,PM_014-Camera17-30fps,PM_014,16,PM_014-Camera17-30fps__rep_016,PM_014-Camera17-30fps__rep_016,0,4374,4968,"4374,4459,4544,4629,4713,4798,4883,4968",0.8214285714285714,accepted,rotation,-10.0
1,C:\Users\Utente\Desktop\AriuFitness-copia-A\uploads\videos\ex_antoniopisello\PM_014-Camera17-30fps.mp4,PM_014-Camera17-30fps,PM_014,16,PM_014-Camera17-30fps__rep_016,PM_014-Camera17-30fps__rep_016,0,4374,4968,"4374,4459,4544,4629,4713,4798,4883,4968",0.8214285714285714,accepted,rotation,10.0
1,C:\Users\Utente\Desktop\AriuFitness-copia-A\uploads\videos\ex_antoniopisello\PM_014-Camera17-30fps.mp4,PM_014-Camera17-30fps,PM_014,16,PM_014-Camera17-30fps__rep_016,PM_014-Camera17-30fps__rep_016,1,4375,4969,"4375,4460,4545,4630,4714,4799,4884,4969",0.8214285714285714,accepted,original,0.0
1,C:\Users\Utente\Desktop\AriuFitness-copia-A\uploads\videos\ex_antoniopisello\PM_014-Camera17-30fps.mp4,PM_014-Camera17-30fps,PM_014,16,PM_014-Camera17-30fps__rep_016,PM_014-Camera17-30fps__rep_016,1,4375,4969,"4375,4460,4545,4630,4714,4799,4884,4969",0.8214285714285714,accepted,rotation,-10.0
1,C:\Users\Utente\Desktop\AriuFitness-copia-A\uploads\videos\ex_antoniopisello\PM_014-Camera17-30fps.mp4,PM_014-Camera17-30fps,PM_014,16,PM_014-Camera17-30fps__rep_016,PM_014-Camera17-30fps__rep_016,1,4375,4969,"4375,4460,4545,4630,4714,4799,4884,4969",0.8214285714285714,accepted,rotation,10.0
1,C:\Users\Utente\Desktop\AriuFitness-copia-A\uploads\videos\ex_antoniopisello\PM_014-Camera17-30fps.mp4,PM_014-Camera17-30fps,PM_014,16,PM_014-Camera17-30fps__rep_016,PM_014-Camera17-30fps__rep_016,2,4376,4970,"4376,4461,4546,4631,4715,4800,4885,4970",0.8214285714285714,accepted,original,0.0
1,C:\Users\Utente\Desktop\AriuFitness-copia-A\uploads\videos\ex_antoniopisello\PM_014-Camera17-30fps.mp4,PM_014-Camera17-30fps,PM_014,16,PM_014-Camera17-30fps__rep_016,PM_014-Camera17-30fps__rep_016,2,4376,4970,"4376,4461,4546,4631,4715,4800,4885,4970",0.8214285714285714,accepted,rotation,-10.0
1,C:\Users\Utente\Desktop\AriuFitness-copia-A\uploads\videos\ex_antoniopisello\PM_014-Camera17-30fps.mp4,PM_014-Camera17-30fps,PM_014,16,PM_014-Camera17-30fps__rep_016,PM_014-Camera17-30fps__rep_016,2,4376,4970,"4376,4461,4546,4631,4715,4800,4885,4970",0.8214285714285714,accepted,rotation,10.0
1,C:\Users\Utente\Desktop\AriuFitness-copia-A\uploads\videos\ex_antoniopisello\PM_014-Camera17-30fps.mp4,PM_014-Camera17-30fps,PM_014,16,PM_014-Camera17-30fps__rep_016,PM_014-Camera17-30fps__rep_016,3,4377,4971,"4377,4462,4547,4632,4716,4801,4886,4971",0.8214285714285714,accepted,original,0.0
1,C:\Users\Utente\Desktop\AriuFitness-copia-A\uploads\videos\ex_antoniopisello\PM_014-Camera17-30fps.mp4,PM_014-Camera17-30fps,PM_014,16,PM_014-Camera17-30fps__rep_016,PM_014-Camera17-30fps__rep_016,3,4377,4971,"4377,4462,4547,4632,4716,4801,4886,4971",0.8214285714285714,accepted,rotation,-10.0
1,C:\Users\Utente\Desktop\AriuFitness-copia-A\uploads\videos\ex_antoniopisello\PM_014-Camera17-30fps.mp4,PM_014-Camera17-30fps,PM_014,16,PM_014-Camera17-30fps__rep_016,PM_014-Camera17-30fps__rep_016,3,4377,4971,"4377,4462,4547,4632,4716,4801,4886,4971",0.8214285714285714,accepted,rotation,10.0
1,C:\Users\Utente\Desktop\AriuFitness-copia-A\uploads\videos\ex_antoniopisello\PM_014-Camera17-30fps.mp4,PM_014-Camera17-30fps,PM_014,16,PM_014-Camera17-30fps__rep_016,PM_014-Camera17-30fps__rep_016,4,4378,4972,"4378,4463,4548,4633,4717,4802,4887,4972",0.8214285714285714,accepted,original,0.0
1,C:\Users\Utente\Desktop\AriuFitness-copia-A\uploads\videos\ex_antoniopisello\PM_014-Camera17-30fps.mp4,PM_014-Camera17-30fps,PM_014,16,PM_014-Camera17-30fps__rep_016,PM_014-Camera17-30fps__rep_016,4,4378,4972,"4378,4463,4548,4633,4717,4802,4887,4972",0.8214285714285714,accepted,rotation,-10.0
1,C:\Users\Utente\Desktop\AriuFitness-copia-A\uploads\videos\ex_antoniopisello\PM_014-Camera17-30fps.mp4,PM_014-Camera17-30fps,PM_014,16,PM_014-Camera17-30fps__rep_016,PM_014-Camera17-30fps__rep_016,4,4378,4972,"4378,4463,4548,4633,4717,4802,4887,4972",0.8214285714285714,accepted,rotation,10.0
1,C:\Users\Utente\Desktop\AriuFitness-copia-A\uploads\videos\ex_antoniopisello\PM_014-Camera17-30fps.mp4,PM_014-Camera17-30fps,PM_014,16,PM_014-Camera17-30fps__rep_016,PM_014-Camera17-30fps__rep_016,5,4379,4973,"4379,4464,4549,4634,4718,4803,4888,4973",0.8214285714285714,accepted,original,0.0
1,C:\Users\Utente\Desktop\AriuFitness-copia-A\uploads\videos\ex_antoniopisello\PM_014-Camera17-30fps.mp4,PM_014-Camera17-30fps,PM_014,16,PM_014-Camera17-30fps__rep_016,PM_014-Camera17-30fps__rep_016,5,4379,4973,"4379,4464,4549,4634,4718,4803,4888,4973",0.8214285714285714,accepted,rotation,-10.0
1,C:\Users\Utente\Desktop\AriuFitness-copia-A\uploads\videos\ex_antoniopisello\PM_014-Camera17-30fps.mp4,PM_014-Camera17-30fps,PM_014,16,PM_014-Camera17-30fps__rep_016,PM_014-Camera17-30fps__rep_016,5,4379,4973,"4379,4464,4549,4634,4718,4803,4888,4973",0.8214285714285714,accepted,rotation,10.0
