frame,time_seconds,left_elbow,right_elbow,left_shoulder,right_shoulder,left_hip,right_hip,left_knee,right_knee
0,0.0,167.5591216670321,131.4315493328046,109.0762932079899,96.162727949475,153.23363813261952,170.4191913797169,123.12899970578631,122.1670907750292
1,0.03333333333333333,167.08026838392956,139.3783252384307,102.00509293851248,91.83790439107975,151.42602396731488,168.94076528843053,135.23806763341466,118.05656752416213
2,0.06666666666666667,168.6265110606022,141.91608561821897,98.04749926263848,91.54087013492797,153.04787103827056,170.62406611562534,131.35315823543874,110.93960678729582
3,0.1,164.6094594452581,142.64749048583965,96.51543294026762,90.26747999576283,151.9266487769564,169.55402880047373,131.5486924235447,110.32713398497481
4,0.13333333333333333,167.36099639582156,141.826740663804,95.00156467876606,88.34070778955815,153.77377636777393,164.83011531434784,129.93437576953548,111.51506568185543
5,0.16666666666666666,167.23565851341579,142.56290242620045,93.55692719540215,88.26621279744104,152.73942326033327,164.09237648597065,131.75876766385915,112.81702172534636
6,0.2,165.52315405908547,146.1049951066508,91.80873321554894,86.5978205220254,153.72781220001096,164.57738981713985,127.77986394603417,111.34270897967028
7,0.23333333333333334,165.7358194389724,141.21114442072164,92.85692470547818,88.5164584004837,153.6830923942216,161.18447318727866,131.10970917728775,113.38403874568822
8,0.26666666666666666,170.34808538273978,141.70677930788491,91.49693140042282,86.98285673449477,155.93978749935047,160.4346247076877,129.80861653983186,112.66286482521569
9,0.3,169.34017451501666,140.91651775630538,92.53085905358438,88.4049941401541,155.9292467375866,160.91608175830234,129.7058749770578,112.95691801588721
10,0.3333333333333333,168.58803889579696,140.09986214129583,91.28207452711332,87.88465427809021,155.36639586245215,161.3256451625884,130.13243703150243,113.01062229860314
11,0.36666666666666664,169.0633178278609,139.75251418543618,91.25775775509219,88.36322923886249,156.09542383833204,162.16094155976893,129.69214948600833,112.51107153144541
12,0.4,170.38760386354224,138.2421766881022,90.08132199909014,87.39952208959511,154.75809812779056,159.19967540014503,133.4290334834233,114.51990365339636
13,0.43333333333333335,169.6246766538116,138.13679369157043,89.2493502770547,88.5355312889644,155.31226344368068,163.97843859995447,132.5030220956606,111.14019987120018
14,0.4666666666666667,169.29313727324268,139.39039181086306,90.89898396143487,88.22788033506976,157.18534647232957,164.16608869563998,128.37293295135177,110.44042046171468
15,0.5,168.85657801973537,142.60290147236518,93.09414174407404,91.04592296676557,157.4790912820678,168.51858860835543,125.39210125168508,109.60670140959256
16,0.5333333333333333,167.3213119321575,142.29476600794405,89.5560187950795,90.8769344531352,155.39480486129798,169.64309904306168,126.76240382233199,108.04897570474705
17,0.5666666666666667,168.6591721444763,148.53405333698043,88.65834125230617,85.6729063331369,152.9519520576038,168.31426506239399,129.74180424950035,110.57811131659864
18,0.6,167.84095185516574,147.06977263942198,88.89858327890755,86.59394334862395,153.28400887128697,167.7381322845901,130.76061964298458,110.53743087455231
19,0.6333333333333333,170.53814648569656,143.06123565780388,93.15744009410258,87.02026374958565,155.9844084022684,163.87112487069155,131.1367359602296,111.62795124676566
20,0.6666666666666666,168.99195330235986,141.24394129698237,94.39623763834858,89.04993575220905,155.62271838770937,166.1039954092648,130.7935346571749,111.02344405340025
21,0.7,170.73352480720763,137.1561564097057,97.25198017108814,90.81653760253931,159.06760658349896,161.1863629906507,122.88714049525497,114.5421281687992
22,0.7333333333333333,168.39207756746006,137.00820035204143,98.64753855503437,92.15558628129386,158.02940136910055,163.8177880346528,127.69841271622815,114.79810796558397
23,0.7666666666666667,169.33306763820713,135.56311579352501,95.4094817978244,90.12965375017664,157.72216201239115,162.54965291732478,128.0327910768221,111.99999212205721
24,0.8,171.04090628108534,136.66053112927153,97.92010685042173,90.06210170256125,158.83087936956352,152.5548364233778,127.04306884251271,121.4851108711588
25,0.8333333333333334,170.0389364162406,136.8466267028916,97.48285013266829,90.03667272792413,158.9680204492607,155.70995804906326,119.3270049956411,119.73388488614103
26,0.8666666666666667,167.46768772956733,142.76843135467558,95.68026331977116,89.96228183166434,158.5632658489452,167.10265415311875,121.20957634660626,111.32643247867571
27,0.9,170.35511807774986,132.26972968345208,94.4906892373596,90.4418351843696,159.08390660543287,164.68872977520277,120.79932750921166,108.76716222757099
28,0.9333333333333333,170.9847977287347,134.2653524502526,97.48242506876562,90.4126994845508,158.88899104923968,160.22522299105717,119.94431240734743,114.32885952761961
29,0.9666666666666667,170.73017998288796,135.0685526348779,98.85494722493063,90.71644329531122,158.7701068153842,160.7102151926979,120.2774072438427,114.19566765609616
30,1.0,171.69714285399562,133.2371251312373,104.36144238248164,91.98596407882569,158.18228274591712,157.2146940020827,122.70977301337405,119.40217276281327
31,1.0333333333333334,167.90645916261838,141.82384288678227,103.5659684482905,92.23858496038946,158.47440561170734,166.2123797635387,121.60963864155654,115.44786765567027
32,1.0666666666666667,168.70237405017988,137.63577079267992,101.22264008823403,91.51967812640122,157.20499156839244,163.72037059312476,115.24264670740543,115.27714378579485
33,1.1,167.01846237874256,137.2604424697888,95.41738111927525,91.16543427009285,157.94978700095646,168.09147468863284,123.76946966010006,109.91483198845003
34,1.1333333333333333,168.88387183504202,137.4843961963861,94.44175219977562,91.02594885766833,157.42846298119275,168.42685280476678,125.13614911596991,108.7229823315249
35,1.1666666666666667,171.1058252048494,136.0078677278446,98.31174424976464,90.52967748493585,158.24775069536815,161.6310598356683,126.85543805345357,113.0348808815222
36,1.2,170.32573464999524,132.38974873654,106.43903823023578,93.39136791024058,156.73367851003803,161.22443739921584,120.17652716477083,116.88793976080593
37,1.2333333333333334,169.6169341309941,133.32864095655904,104.27363435077514,93.32278744544324,157.16915523901147,161.92186874351708,119.53235183873024,117.12730255282594
38,1.2666666666666666,167.95047852843365,133.75722792687264,102.4760108431339,93.79860626378509,158.5936643312626,159.51547066446682,128.03601914336397,119.6167688219365
39,1.3,167.5361975816626,135.91425561326602,101.40262201063221,92.82112732964819,158.67814237767746,159.7797057835249,127.56584631407982,118.97805194028741
40,1.3333333333333333,165.0781146888427,136.66334605131772,94.66993026456214,92.76752286960158,156.80897642456662,164.67543946775098,126.72116524552331,113.76049811526985
41,1.3666666666666667,166.2173012278782,134.76554724869513,94.30579010288746,90.82656242721052,157.4860775524765,160.81394129902844,126.48961997756838,113.77330242300881
42,1.4,166.49204820511335,134.03803970007726,94.99585800891174,91.05390167567305,157.8393943238607,162.94307902263915,125.44683788789659,111.07233105975557
43,1.4333333333333333,167.4385253739665,136.494554424753,92.21646153178376,89.79675354799333,156.76829756442206,164.4695786727073,123.99401380381903,110.50892002845545
44,1.4666666666666666,166.37478583286628,137.2416753052699,92.44612793128212,89.86635377281513,157.08195737685202,164.21637870491364,123.19048849517488,110.99149422891773
45,1.5,163.8682428889143,139.23221821787646,92.7233520157434,88.9835985523487,156.14321324296986,164.215552949006,126.48557575520333,110.65296761874146
46,1.5333333333333334,167.34315666924056,135.748448018398,91.06403498047202,87.85578998712887,157.6427703778853,160.71522776427747,129.5879853321876,112.6495183795575
47,1.5666666666666667,171.24774196277014,136.73532302607515,102.14190254973427,88.75901887283926,159.60826476570833,149.8352504485429,129.01045992976165,120.719779698954
48,1.6,169.28031621967278,136.7406303351059,102.97486800291261,94.7200062001824,159.52371089121883,163.73659738296803,122.82341336748162,117.76506098598605
49,1.6333333333333333,165.1634497072719,130.79387348339878,98.61176656979481,95.72378734070257,158.8020255093347,168.01224565380426,123.61212475691822,112.11318738966386
50,1.6666666666666667,168.22459432345303,134.75513677413105,96.68085257373572,92.755397964864,156.64954539742132,164.21665977237606,129.94417099984193,115.23218266042224
51,1.7,168.63624093511993,134.68663301131454,97.17956886402936,93.42047767975595,157.07540706887173,164.2447155300172,129.77768272180543,114.95292114357278
52,1.7333333333333334,168.0818489608185,135.0365884429261,96.84538571683659,92.51002163338379,157.6244039652138,161.61714166149753,128.06799626163192,115.19014710043004
53,1.7666666666666666,168.6692869794152,135.8635274595989,93.89265515468956,90.81512438381316,157.51868670239082,161.78203165856422,127.79809202437269,114.86198415425783
54,1.8,166.50956587054824,145.1518934908501,87.37064141751091,86.06586587527583,151.95346987419566,165.20563508231038,129.00112110731908,110.81303587391277
55,1.8333333333333333,169.04188428896347,139.83422908263623,87.83144111500651,87.75073830433412,152.723461381763,164.24602229836216,129.50735148198677,110.18574236641604
56,1.8666666666666667,168.5591469896676,142.86316829197727,87.76180370612272,88.3980356117457,150.23393671585637,163.35930772449163,130.49539106824537,112.4588344035801
57,1.9,168.06899077423432,143.2462692490826,88.60303695158562,88.34399661134246,151.4782762052205,164.2729321476836,129.537756217543,112.05028775774689
58,1.9333333333333333,167.55326279524482,141.41434859208647,90.6640102782692,89.40100557466272,151.75560975350265,165.2952094055886,130.96423355005766,112.33027983356587
59,1.9666666666666666,168.1298027394756,143.46512228181052,91.86221088839368,89.42018769247166,153.92557046492104,166.34508988871698,129.08805021695713,112.0779587182145
60,2.0,167.71282998322602,144.52512613306436,91.27314313494202,88.82115336397176,154.54899606333805,167.03977934447607,128.6628132823458,111.3105816422902
61,2.033333333333333,167.34387508571322,146.40840092509592,90.88317114869683,88.5469633825291,154.09777999080185,166.74013582425434,129.1209919406179,111.54928526263134
62,2.066666666666667,170.01858643309447,138.98913903576863,90.84518189092098,87.82054055538372,157.2772069356047,165.88508372941823,126.8125378622119,107.65729042392398
63,2.1,164.94390196286665,144.45615665667452,93.69127202567265,89.21661160758663,155.89413935541268,167.62701227926146,125.01509018566611,111.1724789420788
64,2.1333333333333333,165.2929358995595,137.92705792188394,95.22590593551097,91.4136853095578,156.88748866296407,167.35417463130014,125.08678414457025,111.04197681301966
65,2.1666666666666665,165.14071662245667,136.9295871319838,98.26754660660129,92.15081013072354,158.3114583355476,167.14440557498887,123.3273766783487,110.99354887487202
66,2.2,166.1092278099251,137.3134801823029,96.91213052980662,91.58274313985208,158.63879996868425,167.1630038293957,121.71117410166083,110.15231476842095
67,2.2333333333333334,170.89630241533675,130.60123217178514,91.45849026980626,90.64698758852593,158.7910253724069,165.4554479373431,128.8667097722562,105.25175334104748
68,2.2666666666666666,170.14618858761472,122.02929311750076,91.7509111592702,93.4990703813586,158.5328557111941,167.31030346781773,125.90591294755912,104.86295957546619
69,2.3,170.77578659382857,130.7709853677558,92.77849013674486,91.13919027028085,159.24923311454808,167.92171401566827,123.07999067880876,104.88693700604539
70,2.3333333333333335,170.89448107657546,132.72137136591195,93.02253151292939,90.36157864289197,159.57068304294066,168.30606885806523,122.28429971243779,105.18286080023883
71,2.3666666666666667,171.7217795719101,129.70679942244158,93.20353155764454,92.39134886037421,159.28106418190146,169.23806472017904,122.50720590920282,104.95780112094334
72,2.4,170.48611466795128,139.03970667564724,93.77956112527619,88.37057919405561,159.6115323541068,169.2389785490347,120.75075912693404,105.1284009589686
73,2.433333333333333,169.6231447446667,139.3192354972324,93.42610001255022,88.90340893381834,159.42274257135946,169.2030521635383,120.9302158927806,104.55626451718325
74,2.466666666666667,172.38344248875782,128.54440148616985,97.63928262227931,92.47359360806264,160.75550734376688,162.01284465102032,128.83165893731632,112.43552620202694
75,2.5,171.4489814143115,132.92331779181836,96.26876258972862,90.74553617500717,160.43231887263576,160.67691002657168,126.98177910807489,114.671864010552
76,2.533333333333333,167.9253999062221,135.40437355655487,94.9373097585589,91.02123677609171,160.51284007210236,168.72895212805426,121.35175953301078,104.78860857165493
77,2.566666666666667,170.20973441752074,134.0130322832574,93.91663701338315,90.41628927015091,160.6868056994739,168.14744338301077,119.23477273997528,103.74761153764733
78,2.6,170.00469528876917,133.45073159212922,88.4097914374692,87.04021148532175,161.02444763374328,160.09125379551327,126.97667388808144,109.84942473337225
79,2.6333333333333333,169.70067726497152,134.18033080098056,88.64182096255529,87.9694394790226,161.00017466934938,162.17770519940646,122.98525728447413,110.37274076335694
80,2.6666666666666665,168.91657403629125,131.75759233418265,89.94151481216792,90.46315867077712,160.85945395349887,165.30880017323503,124.68303350201147,109.12170113963433
81,2.7,169.3839995167695,131.60021155684535,89.74509616681796,89.1462899225253,161.26373681751798,165.03297913043386,123.46688574596824,108.40252813597365
82,2.7333333333333334,169.5938169067336,128.8515187048517,97.12158010225534,91.51556676922002,161.06492959618402,164.79293261639066,125.55546228849907,108.31147213525499
83,2.7666666666666666,168.97992449375496,126.3169890890077,99.5207265222335,92.96523513993962,158.97667302808009,164.48863036758578,121.18015153924794,109.36230044096526
84,2.8,165.59261243538901,134.1935583272163,90.98480086820774,90.22070290383007,161.491033308356,169.12299272405056,114.55434368070097,102.7498073054109
85,2.8333333333333335,168.47026283671556,133.00513983755297,96.30725240205787,90.45314999004225,160.65681196347057,167.94096531396858,120.79608068809488,104.93006333360302
86,2.8666666666666667,166.6816090107601,134.3147407083869,94.12449947895286,90.7365650034243,161.2651354390947,168.25202013609547,124.8332698552413,104.31560296162716
87,2.9,166.6776847090203,133.61607154028655,94.85130672671053,91.48332712463755,160.88891904870496,167.77223614531346,124.26694897633318,104.6216737816333
88,2.933333333333333,166.0015924571014,132.37544416221837,98.55273147033327,93.55014948279023,159.48104852427753,165.13875394061628,119.19917946910248,110.87462763176927
89,2.966666666666667,162.21138650610527,131.09345694772333,96.10586598881459,94.3338505827444,158.54087298905003,167.90237804609848,115.1357558898691,106.15664167329078
90,3.0,164.75511343206585,131.4524595095468,96.98552837533994,93.89663433970229,158.84432728392608,162.39496441369124,118.92895031952617,116.00125542141765
91,3.033333333333333,165.13012382502782,132.5844322677916,96.92565185154093,93.65851649067491,158.26549877023632,162.19421757656974,118.6255247122849,116.6274734024227
92,3.066666666666667,165.22062194128625,139.94764472855988,93.11165622351362,90.58319695536927,156.946503894134,165.08046964074714,125.28359741929692,112.6929101502133
93,3.1,164.03303182398693,136.97756882319098,92.6461563852746,91.57230637604047,157.37447985359046,165.3515457222279,124.3391799208585,112.21878195678791
94,3.1333333333333333,164.8540833917108,135.93974646134026,92.78466159829246,91.84966771843311,157.833280714691,162.66886131662073,123.64562077817021,114.37579684226621
95,3.1666666666666665,165.4559271569141,135.21067545326144,92.98080881255565,92.2629122678026,157.95623993738346,163.21016767352566,122.11961545609725,114.73376624443435
96,3.2,166.43000946967445,140.44959427337528,92.56301162416648,89.09877118458888,158.08473836591963,161.00900941533678,118.71549984399701,115.7721183601828
97,3.2333333333333334,165.99519240777272,132.48438532552234,92.75456571595481,90.09790098917924,158.33023080633862,158.66584493837993,114.8946823831065,115.00191449055094
98,3.2666666666666666,164.88121895852788,139.87063162107248,93.32633449790491,85.964383653756,156.64157941665076,153.18231195889544,108.29587017477753,121.66478359288763
99,3.3,164.6100492171009,146.91734612393418,90.88799058732992,82.16340531029823,156.67937541495743,152.62497865755833,105.04909089848684,120.36866358810158
100,3.3333333333333335,162.5380702359508,150.05389801179336,88.23611018238424,81.05197496562049,157.97078582514837,153.65740320038913,105.37550343911019,119.50124292605052
101,3.3666666666666667,163.029131505641,149.88792161267457,86.61334851135798,80.52602236745174,158.2770180579273,150.1241890124399,105.24830236168474,121.68414464494823
102,3.4,162.12601987593513,144.26324467209918,89.61506332006768,82.83704616765601,158.1415055315571,142.58301479406947,108.45281826247387,129.74550642538475
103,3.433333333333333,160.94956206056858,139.52451964861459,90.0617223168058,84.490738068865,158.07154056368518,141.2339833934381,106.44019655226423,131.39436665669322
104,3.466666666666667,159.76505960281577,139.33480261546708,89.81950401206338,84.04366923671307,158.5147667890579,144.23223374573925,107.24823104369864,128.59300318334948
105,3.5,158.5882342777046,144.26873184671723,88.68874548422724,82.34275510707612,158.9630310707014,144.56732411484984,107.04637502816647,128.18031817849854
106,3.533333333333333,158.9159073850062,138.7142485764069,89.2109505976576,82.39112166807125,158.66594355490426,141.36057367551132,107.27413167751376,129.2137449603499
107,3.566666666666667,157.7587426111301,155.1449332281619,86.62944544491211,79.10233694368395,157.86533087513794,148.90785428884567,112.82644267903618,126.52516148178704
108,3.6,157.66108986494174,159.1807280439537,83.42037208574416,71.4313964015798,156.44494681025114,150.2683932449584,115.66271927913245,118.7841984006062
109,3.6333333333333333,155.7432264182331,159.71391310067256,81.92950232535533,74.76104584919557,154.5704650713084,150.49811452323354,115.8547132669063,122.9666240709101
110,3.6666666666666665,154.58433646790868,153.61022588904152,83.9783787767422,77.10346643502189,156.52555275205438,145.1735182945617,114.65860857698034,127.35163489075097
111,3.7,154.2253487220869,151.09997860376907,84.09796163383164,78.05704107957479,156.66489710551875,147.71772945328104,115.09616144025723,124.52555380992338
112,3.7333333333333334,156.19240794749976,146.39131461879754,83.4618171274631,76.16111393011367,159.50451174585803,145.05208933388127,107.34238530349953,122.50123919277655
113,3.7666666666666666,155.68766534821455,151.24660117422783,81.45939972598826,73.82353108543082,156.2511382930463,149.5333850500815,113.79718656130973,118.23949694703681
114,3.8,154.1527297156273,137.37761662078438,80.35312109425094,78.0418554553395,158.87675793349752,149.55692403665603,108.8466391105589,114.02612523632921
115,3.8333333333333335,152.92458256672535,153.58996581840123,80.84244737684979,70.03701624478246,157.89543336380734,146.61941123248067,110.16507883573577,117.12424200714355
116,3.8666666666666667,151.53761901257832,146.1432097487566,87.47881512737933,76.05818495624445,158.56851123720386,147.14222204299745,109.87412581897715,116.8887314296766
117,3.9,151.02959789156654,145.6011308539878,88.49812825249167,76.81397583305562,158.20060010934438,147.22035140955015,111.69906678262151,118.25330365386286
118,3.933333333333333,148.4911078792865,137.13470051174122,91.27461835198459,85.55711307919195,154.1033027741442,152.3164295928417,119.66828078092796,119.5437192235324
119,3.966666666666667,144.98888954788424,136.99095943031344,91.39651254257272,85.1987907652596,153.84519043433804,155.23104643593956,117.42611070246419,117.12105063346714
120,4.0,153.58352291814936,147.01069045459246,87.48883178013874,83.13820315755684,156.5302708067306,156.95388097378873,113.98738172512805,115.8371324185111
121,4.033333333333333,147.9427224168588,146.31227205807184,88.72319141240114,82.482159950937,151.78890622507885,163.81759779743743,119.4553040998505,109.63697878499681
122,4.066666666666666,155.60272118622015,149.90918173137052,94.14664408843628,89.03038942907752,158.32454401423752,166.6081007842292,115.92844947529086,110.3478407678293
123,4.1,154.102880942806,148.58691596705174,94.8145536220677,88.29680960320341,155.80166808866608,167.75199392685406,124.97733574426843,107.52126302263783
124,4.133333333333334,154.3107757879108,147.40638604030903,96.15940942264665,88.10568319163183,157.66781328282403,167.0028422536271,121.76008087069671,108.44171491801045
125,4.166666666666667,154.74641331510267,153.98852809582365,98.92234985346704,86.83662631898048,154.73484864688137,165.66053946211804,129.20265206179374,111.8068045786015
126,4.2,155.58204538919637,156.5230964809968,98.29559389011683,87.29082010889505,155.77966132211526,165.90297380293148,127.04909993500372,111.45211598270177
127,4.233333333333333,155.60326506869038,155.98658812041862,98.41750513436511,88.555369514391,155.77263846961122,166.95944660166927,125.71321495609224,109.98205114272301
128,4.266666666666667,155.10676473657475,155.16594267162228,94.3083041576782,79.89820572687998,154.74646262831084,160.34868191945702,126.49699459807078,111.064018194504
129,4.3,155.2917672313601,158.10556394960514,90.53343611494877,78.9023752506475,152.0584468996472,164.51652840336575,127.66872924283238,107.59103246569654
130,4.333333333333333,152.6722660410635,154.92202989298605,94.58081442994296,80.97637368839582,153.04015049897643,166.30236944000876,129.1633499062694,105.0934567613115
131,4.366666666666666,148.57333824481702,149.83740601924512,97.12635871342196,81.92033191335369,153.19907541428907,165.30974760098914,126.82627929367162,104.6290628711123
132,4.4,147.75218619661715,150.20995651881387,92.50445237634146,77.78801654168782,154.2292213287553,164.0182786406812,119.3065881965641,105.2243544285223
133,4.433333333333334,150.8030995321494,153.14314729877876,90.72439113516481,75.62535168570243,153.41285897760247,161.8653790877749,119.40832600168727,105.6593804293963
134,4.466666666666667,152.21101237095087,154.0792390987096,90.64496532525042,74.12080453125755,154.54572654877694,159.83667894504933,118.32420875401918,107.22864505695881
135,4.5,150.81952598501593,152.9430267878378,88.65593107113727,72.66641274533515,153.04266535274985,155.80803668031115,119.04725602872301,109.39055789707702
136,4.533333333333333,151.14648056099657,151.7220977523574,89.0310500383177,76.0882228487821,153.15756148308705,157.6894162826616,118.25842881942634,109.4200184413342
137,4.566666666666666,153.23726326692773,153.57285099637159,86.97896502317717,73.84870617136765,152.10079554872988,156.11931830948342,118.96358735942842,109.4492356094467
138,4.6,156.7952787098999,150.86971557096913,96.47779112569347,78.5448153153237,156.54611395144576,157.34639552856862,121.13895989924383,108.62055726609867
139,4.633333333333334,154.01285019382615,149.88695902202866,93.0814019533979,82.07490345106187,155.68741033014882,159.448896003589,116.8388387951233,108.7759494087922
140,4.666666666666667,159.4462084476835,151.14228263214963,98.19374424094727,83.11607629260303,157.8407224338761,160.25060519147456,120.25689827498272,107.99750514476972
141,4.7,157.25167048851242,155.30468023072464,89.80123612607306,79.92853930516564,154.81666600179236,164.20864288318037,119.30137818575255,105.26026134900673
142,4.733333333333333,161.19001332287954,164.32843334696915,95.27480617671806,89.0950138186024,158.03320335984554,169.01781370555898,113.88430881759002,106.14116719668853
143,4.766666666666667,156.254917330448,158.04108732123368,94.39301858023933,91.1771150601058,157.4603073622627,169.41012850640988,113.16167729612906,107.82415769847705
144,4.8,158.72432012473743,161.22061523432558,94.50163146769953,86.55129331788451,158.18147075652604,169.1421201435309,111.03194612093387,105.7907814800948
145,4.833333333333333,159.9836131957949,160.6456998090539,95.42695385377466,85.58102162321427,158.61200966662207,168.14025172330062,110.99832174020172,105.08820053624729
146,4.866666666666666,159.38258863041958,155.45164465594033,105.70531118978082,91.22818195994937,158.62650813709183,164.85770251975245,115.06283687941821,111.60159415732784
147,4.9,161.07579373686406,153.7079010870475,108.0854225489225,93.17165405723962,158.2796974623705,162.5356798733929,117.34016399977779,114.46091548609972
148,4.933333333333334,159.10857994339264,151.32906470306656,111.08893156119008,96.46071830243957,158.16766656719483,162.3868857897113,118.52978922762561,115.44250672871193
149,4.966666666666667,160.60567670217998,151.83858966804212,110.04757116682397,93.9431538312103,158.36283842146148,161.60301134116284,119.51490971300208,113.61494948057012
150,5.0,159.2983808844564,142.11570175572064,117.60959511356592,101.46595175050894,156.93746436318526,158.24609431263843,121.1414169755853,117.33508890976614
151,5.033333333333333,156.89335399357358,129.4817537348144,112.53020692641167,105.27533610098777,156.04512502546623,154.49779116547575,115.63223030702113,115.59813487592362
152,5.066666666666666,159.90097630489183,138.3058319426705,119.14059935191504,100.14256498174336,154.16399416193534,151.04858308263587,117.66860884893788,120.76567756813793
153,5.1,159.830469983871,134.9699116646325,121.44268493245742,101.19528294238347,153.03364172463978,151.77150833328304,116.52509788177528,118.83237088829505
154,5.133333333333334,158.0612944462902,119.5059366418233,122.2594775760119,110.85513850340975,155.59120757236704,148.36056155611251,119.23940840190157,122.4891187679953
155,5.166666666666667,159.54501277020472,126.68517859888101,131.43154507638516,108.44836163235271,149.01774151560113,150.41106432742524,119.8547166798922,123.92074714916023
156,5.2,154.76949444103704,126.21590320608057,124.15213452178989,109.54577938767346,152.7017259105162,151.67816660642146,116.69688534859326,122.23822693724783
157,5.233333333333333,162.71536653353866,127.77032842097304,129.51967099320538,109.2606613476962,148.35474738210323,145.365547202904,116.23356794816928,129.25885802576082
158,5.266666666666667,160.0197854093593,124.99895654661013,129.35599646882565,111.79395499746138,148.34385654034557,151.5959314713577,116.78028170012176,122.75186301933137
159,5.3,161.80728596481197,125.02729059307872,130.99690973503556,112.29487827092055,146.58726414814294,147.68775697752451,115.85074448897834,127.6549723821694
160,5.333333333333333,159.91799966008736,127.0097115960813,135.5848349719575,112.61910780823511,143.8334000288355,151.8310070705391,116.58413251259506,125.50166440501224
161,5.366666666666666,161.6486171106434,130.39643965391784,138.36940747606323,116.30581842913244,140.80930027482094,158.73936803104877,116.15252205513082,124.93155316682827
162,5.4,161.7852447423945,133.0881751573767,137.68246862938554,118.47379975254722,141.63032546244523,164.4679004921129,116.55910343308705,123.27492794026782
163,5.433333333333334,160.7610262492295,134.46980019601523,137.21932701562437,116.38215303886162,139.16271154456993,162.8588008345699,112.03270640887729,124.55827459891395
164,5.466666666666667,166.67332073347495,140.01961937584952,134.53663355986308,112.10309186715588,143.3989805027219,161.73586371888027,112.92752043349611,122.50673032261075
165,5.5,165.66869370050725,135.95874975063435,139.72222344206864,117.63467202039195,138.81596398044542,164.97868810006386,112.21255168890639,122.11022559037778
166,5.533333333333333,163.41199992601855,135.31930843373027,142.3059693349667,118.71597235008625,138.16519131558152,160.6473165163053,111.83952075213182,127.8294966399317
167,5.566666666666666,164.60440521959612,137.86319255930465,141.3277528430646,119.94319972397936,139.20073534221123,159.5072267115404,111.74816599080613,128.82125428502158
168,5.6,161.5505764256139,134.71132852977982,149.56414749835878,125.26770459309803,134.25398146320194,160.9508896156313,113.38340598178593,131.3036727293478
169,5.633333333333334,163.85403304001366,134.5470028891313,148.2973603668338,127.25416568572835,136.93561561858635,164.333076471449,114.46890988447407,130.29726875912488
170,5.666666666666667,162.61713487999353,132.92015559636008,151.6435772711926,129.16670151500006,135.22015637328946,158.49508011637977,115.85833364202693,136.8425939464005
171,5.7,163.47281095592405,131.526514474159,151.96670733124424,130.6178670590472,135.75905194412232,162.32201964657108,116.6554203117343,133.35100473997105
172,5.733333333333333,161.7188617058531,123.812532477171,152.6813456730979,132.55649476139175,136.02425395839296,161.62769321698718,117.75857708325043,132.5999311420979
173,5.766666666666667,157.42940855521832,126.70230829487899,148.68962767016487,130.1664956149717,139.67682928907354,158.75219846548782,116.80431456183271,132.83965633065358
174,5.8,163.36657677273965,127.01439430918384,147.7427936351397,130.11947241162255,142.20307836813572,155.80069607035168,117.81192749672032,133.44740264494442
175,5.833333333333333,159.3074969136498,126.50407856078857,149.53125639510472,132.8772177081101,140.53299839043288,158.93216809747088,116.90294559879817,133.9312915699129
176,5.866666666666666,152.21525045406509,119.66699364431756,152.85119219281876,133.5994804423788,139.39430329170466,150.89825389492944,119.62242935657883,138.40971692855007
177,5.9,155.47430032496072,122.001916559966,153.556261982517,134.25293124822903,139.6065646802887,152.16103366881006,118.49492089882558,138.7733638677569
178,5.933333333333334,154.850544227818,120.70878538935096,154.7080536446194,135.59838340895828,139.5492845227446,153.71491672802298,118.5579401539391,137.80895698361792
179,5.966666666666667,152.6523582543578,119.2961105309207,154.336496086262,135.02930426325148,139.1580076386718,146.36224073768818,117.89131255324811,144.31627652512137
180,6.0,154.92971792178494,117.02566706332466,153.49755495687282,137.01015834279457,144.51473657881408,145.70274053387718,121.66175325841635,145.20767863057864
181,6.033333333333333,154.700919815377,117.67766847366107,155.69615613139493,137.44941497466831,136.72108835780116,154.1468370190274,117.8373507397057,140.3523866460272
182,6.066666666666666,153.2131840276072,120.11805537639349,151.14827828181268,135.4526652986367,142.46853810666246,153.76532481784827,119.68563290564212,138.7490691417199
183,6.1,151.10309656690953,121.20331080312293,151.83549704619344,134.73169258510552,141.6240895089753,154.09638545555407,120.62758664020632,138.8184274990518
184,6.133333333333334,149.48637245187462,121.50576017473205,153.29662055745885,133.33468505990274,138.6638292513317,152.72029388593384,118.83960332751255,138.35259786037938
185,6.166666666666667,150.6003032212042,122.01812378683864,153.19295185335596,133.47812306914778,138.53376978519276,153.7808843124535,118.80992135328304,137.00211173586766
186,6.2,157.33012123154558,128.79898261252828,149.3591965880616,131.49454611908442,142.1625628177338,149.9969996570697,117.1669156143315,140.18146365232673
187,6.233333333333333,156.50044259312827,126.82646228897146,155.14556011334307,134.8653373462539,132.21063991371108,157.43963792827745,114.61926090862015,135.80336251730867
188,6.266666666666667,154.39619736155709,126.12549001576,154.99582993284983,134.83058590743335,137.47441059387086,153.75440365556992,118.99712007020946,138.62580924394763
189,6.3,159.0965663423911,127.450858726011,154.9818207680733,136.2585561540868,132.24098745874153,165.14940021854466,117.65193580588559,132.29274658082903
190,6.333333333333333,160.20049180760316,126.26083843730687,154.4826458648623,134.3853555798511,133.86464831720144,153.89324017947465,117.03678483642561,139.09178169991213
191,6.366666666666666,157.6973876728062,123.28966879964837,153.00759157508887,131.7733723271375,134.94787083062351,148.89744161348673,116.51813846845272,138.31486351388648
192,6.4,157.87889854168796,124.37668128620514,150.1410204667188,129.912194385296,137.2466137406135,149.6845234044915,116.5035597286438,137.500961171195
193,6.433333333333334,156.12405937161526,123.55803170606217,150.29642102151269,128.64140932465875,139.64972849515593,149.08991569464203,120.69526221655711,137.568579060133
194,6.466666666666667,158.64932127008856,123.9738745404282,145.08279234257344,126.3690052872145,141.92785819385543,153.11486180608506,117.18592631815436,132.10043080827043
195,6.5,157.92597635499908,124.60869771910983,145.2122847323599,126.63213409860997,140.75455830701728,153.30099126549183,116.45467109781224,130.42248245218693
196,6.533333333333333,157.30452756866475,126.21871358167614,145.51016277609176,126.89254110194109,140.15682689949014,153.58829099724508,115.23432174239288,131.97947527718478
197,6.566666666666666,161.9535628576671,128.0251685957248,144.8117474215254,125.14049658988164,135.46917599985142,160.0265763134154,114.96497248944395,125.62682756032257
198,6.6,153.20428676061007,123.49348097991327,145.70588507380086,123.55148911447328,139.93312057415724,147.85350806826824,118.49177574767378,132.00178728771775
199,6.633333333333334,160.9433072144678,136.3437007344006,142.84230712182605,123.69833024644643,142.16478790919197,158.2144196006851,115.6377325045948,127.63763564940778
200,6.666666666666667,160.6351212172149,126.80847171701252,148.1227618138664,127.1599978293469,138.54567939423592,158.1715181414164,118.81658864436304,128.17266938113795
201,6.7,161.79356338861956,131.67151918009276,140.4927909190647,120.59114734884925,145.2114685020247,151.67516440568363,118.13495633490109,130.43410879149656
202,6.733333333333333,159.28882145771232,126.22048871166459,151.21292169003456,125.91623494428269,134.24922838623658,150.1932025931216,117.02794333956786,137.5841581920792
203,6.766666666666667,160.30139978901994,122.54412034483418,149.45355076264744,126.48643135825235,137.32474808060067,150.4029817588559,118.23311508926298,135.15429514014085
204,6.8,158.9112291699899,120.17651132564532,150.42678263579253,127.53287304167813,137.6835813267173,151.56222431118925,119.38483459121785,134.07693422486204
205,6.833333333333333,160.31776891823523,122.74168847578431,144.97125829393653,125.49068610727609,142.63736795556906,153.6960465798533,119.95614474800551,129.83451063513422
206,6.866666666666666,168.45106892267728,117.60680840092542,147.59020379627202,130.0272863537966,135.98115802449706,159.9815596797922,119.65902892608598,126.4474050812266
207,6.9,154.27096556625176,118.13440438428026,147.39763533578417,128.30956703975804,138.0700986778854,155.9745864658718,120.30384327226581,128.0379168823372
208,6.933333333333334,162.99354587131842,109.65702891439483,147.45808415069268,131.51373946499555,139.58451845162114,155.4743346312799,122.77311063227135,128.43232302420088
209,6.966666666666667,157.20214204025305,114.28430169401294,147.45354604009225,127.57586722294667,136.872274020523,156.37879932128632,121.2138932586081,125.5632448702544
210,7.0,158.7059973201411,113.9093980882681,150.98180297571363,129.36089727680775,134.0523588795506,157.07768821922744,120.5379363899049,126.0865732605768
211,7.033333333333333,143.38574489575936,113.5612362904406,150.41588195041552,126.26191483955303,134.85970706024966,152.86454349536004,119.28615990196126,124.51260238997544
212,7.066666666666666,139.0137390492018,115.7910943770978,151.5577343626879,125.76401139692739,134.30514273747596,152.01449354337865,118.12713973403748,123.97368349561974
213,7.1,154.8265095854373,108.8950449072576,150.83874211260178,128.29185876096767,133.85751424132766,151.92415283560698,118.6834487334928,122.52223780603808
214,7.133333333333334,144.1662502395703,111.90002001135954,151.06338951927606,127.62051009640031,134.26122773474177,151.32212320494529,118.25501767934749,122.65500014038625
215,7.166666666666667,145.84117333761102,114.73039152805936,151.10404921330888,127.98349192868015,141.44759893471186,147.7775241196864,121.85451766157917,129.2456118585096
216,7.2,155.02400345742038,112.17428719916184,152.22695201653664,128.92719072534186,139.51656617608265,149.55378577168702,122.53065520078515,129.49599594547038
217,7.233333333333333,141.23404505891696,111.88088889897354,152.52765316428196,128.0263139946696,139.7515204560225,148.96099204292813,122.06200675918367,129.9382513322549
218,7.266666666666667,146.46834014104545,110.17101130672506,151.92986244215265,127.65313963654864,134.98526876402119,150.35585853286233,119.76816469626321,126.79591003819463
219,7.3,147.58417146979804,111.08481548767813,151.8473407620284,127.61872354811729,135.73230179065206,149.5767254565329,118.92309615749294,126.99833354888179
220,7.333333333333333,150.6012903904174,111.88521733444243,150.62561523954045,126.71650935751208,134.81941539095024,151.979549972585,117.715279314169,123.71120444566377
221,7.366666666666666,155.0067685653589,119.23591003564887,149.5738150175261,123.03812719810591,135.67725024688696,151.8600852104047,117.68215392318423,125.17167283535996
222,7.4,160.50549622538546,120.43170527577576,148.69067893682842,121.81599740675394,134.80644075251686,152.496947795504,117.11928193307268,125.37258267154198
223,7.433333333333334,158.4196252033222,117.8126210294674,151.03111290097962,123.56919811662682,136.11767920447005,144.02578516714453,117.79020953335964,135.9928456414391
224,7.466666666666667,151.36609078600935,119.03988008786958,151.49631993076156,121.30561717687861,136.56730296197927,142.6901623284454,118.40869574996809,133.9951249763284
225,7.5,151.66847113127665,114.63739786839214,153.11503718716978,124.38181301545492,135.9795553443071,144.04588267879356,118.6172463622979,135.1836906594256
226,7.533333333333333,148.18660003854475,116.87046140911782,153.31435233988023,123.35913817111762,137.47712240411363,143.71038832888428,118.90858115034469,135.33545165489326
227,7.566666666666666,145.86245187930544,116.6733600032531,152.8096493289078,121.8797533958632,142.37492700985388,140.25204956949247,121.11226665276911,138.52430482782108
228,7.6,142.75164133351504,116.62184647962698,152.57661452728883,121.88960270097202,141.41675935869876,141.71544453498873,120.5847239595131,136.75315128818593
229,7.633333333333334,144.17379428292958,117.11460572928931,152.28688429114317,121.61727027366537,141.26362130988292,142.5918937960284,121.21119553632269,136.06294262396827
230,7.666666666666667,146.2887827790618,117.71946716748809,151.92187367785556,121.31401707246451,140.95118644225215,143.66998885982986,120.89809471003642,133.35071222964203
231,7.7,149.0632275253226,119.24771396814604,149.9578675009245,120.42259609775486,135.9594521401968,142.70781465576792,116.04060627527176,134.16299986807533
232,7.733333333333333,151.28130200320797,119.7850346085029,145.05457316584517,117.46342862384078,119.75788533382892,126.35434361055027,95.65673836169564,146.0251590855547
233,7.766666666666667,148.92612551295755,119.03272155178456,146.1916449538116,117.50275568613996,117.57086004852545,127.13867048137335,94.0401012102545,145.86557615879704
234,7.8,152.825581962378,126.2456518841673,147.70393397488206,116.20973663199692,112.96263539343785,134.31192167945326,89.9281169409873,142.90261972086006
235,7.833333333333333,150.6713388868323,122.70826101248937,148.14198645520048,116.65368418336858,113.56766964778019,133.2795757973982,93.00346204770668,143.13731995273778
236,7.866666666666666,155.26809365611012,126.96344696050238,144.08625801504272,112.62309160473973,116.71704862805677,133.61024340617072,92.25556187364383,141.18175778678625
237,7.9,152.55525339713245,124.8171460554345,145.03145086961158,113.67843041165378,115.43723536837287,135.49345709597264,92.38134668252668,140.05728900563395
238,7.933333333333334,151.67551100605613,123.06360967416174,146.3297054205073,116.10460296927293,114.12848346898686,139.74234800113328,91.82660724876825,138.83429354366646
239,7.966666666666667,153.17187532351014,124.68096485533508,144.85820469179305,115.33671703164542,115.11350754742394,138.9919034944786,91.80681007380757,139.1144700854258
240,8.0,158.90854932615775,126.79365155817923,145.9321654967145,116.22543321417041,113.53963700338933,137.95788639155913,90.77071186476294,142.62259053537935
241,8.033333333333333,155.28464986771652,121.46367841343066,146.13047820924126,117.17801484807475,114.64279407960152,138.55029350758173,92.1883524546019,141.40355004183067
242,8.066666666666666,155.46230748408212,123.90151963157653,145.02313121412712,116.0861934577783,114.83312196032915,143.4661875318502,92.23133694908296,135.9068753669279
243,8.1,155.7487429518024,127.19485357337712,144.60725791635528,114.80660693008866,111.3824691206865,143.46383362424731,88.37711264779338,135.16949190891688
244,8.133333333333333,152.1710045660848,123.54686035747562,145.07824131424871,115.49612969244447,111.68859450878307,143.75951082358148,89.3479043664616,133.9508503458015
245,8.166666666666666,151.36078061645603,122.97156082262792,144.94870522463955,115.12374710817376,115.46908204247967,142.71297426656304,91.64913339273801,134.4907923095145
246,8.2,150.24727936293922,120.86602502981724,144.91204477509436,115.0713739839626,113.8942267641736,140.57237761129036,91.1264340129196,134.90599701170638
247,8.233333333333333,150.41326129344125,119.06179551522835,144.46117986207364,115.40499694420494,113.56855486174443,134.29278764666682,90.79906808178212,139.81571185902564
248,8.266666666666667,150.48513709099942,119.64210092778596,144.9608862522953,114.78790753859388,119.4061586112704,134.2830240437306,95.85371401329904,139.16942417991797
249,8.3,150.67304523233258,121.55429686867842,144.83938251241898,113.7152716758058,110.62095453846918,129.1570677187905,86.59530425001341,143.73409490456334
250,8.333333333333334,156.5940138109448,117.9445378931313,143.7690649346745,115.33854236288843,110.54324737767736,126.55443046457428,87.57343553899015,146.2108667895998
251,8.366666666666667,152.83781140712296,117.9937050876683,144.63113501612082,115.84561843362964,116.2572503003623,136.58631374754853,93.5156558695496,137.99344297434445
252,8.4,158.70759360297868,122.44844218329828,144.16749772395772,114.80968802034911,115.80812500740267,137.43945653292758,92.89287094096427,138.0013261588532
253,8.433333333333334,157.9547812038993,121.35087487002498,145.1105297687785,116.80296286208575,120.40895426755581,149.29877702244275,98.77883734245043,128.50326622575992
254,8.466666666666667,157.93310481720752,121.34605883179103,144.92748379643632,116.67887611934646,116.82826127273529,147.05138612516603,95.62227303949696,130.95911413767493
255,8.5,156.39963754566614,123.39997339211807,145.2446194501043,116.13704342814624,112.83018269877807,143.9797434990478,91.25262305431104,134.38322128392187
256,8.533333333333333,155.06489595819184,123.15616168789427,145.90848496142868,116.39815203006559,115.90751772846454,146.507326890473,94.84476526441857,131.2154610379338
257,8.566666666666666,155.58672921102684,124.99375675438169,146.0264640492445,116.07021676532914,114.73763556234215,146.54979449070674,93.40273316507862,131.78939869201184
258,8.6,157.89725251649347,125.09604699951001,145.39980383640676,114.55676861447822,115.60752478357436,143.24798505844947,93.75815474495323,132.6665203489071
259,8.633333333333333,153.0513657876061,122.3394909524909,145.24925715849974,114.26267650032835,116.73423422882901,138.56500774402687,94.74871932400201,134.82202540997625
260,8.666666666666666,152.19032001597358,120.78091599898731,145.50398691309059,115.04526566248764,114.58791749158422,137.0657466228808,93.10003229187566,136.71157598521583
261,8.7,152.52159750264812,120.6507411377142,147.07997995560356,116.00549739223223,110.73475809497727,130.61411958550195,89.65233763524101,144.20750622226072
262,8.733333333333333,152.6246333703169,121.15957510095065,146.80361896739433,115.42284661966987,118.09961226754986,133.97431462763714,96.83115426309921,140.63484296576965
263,8.766666666666667,147.91479668292146,120.35526708528604,145.08194303641227,114.07988211349043,115.31167173045232,129.5032749675578,92.34182533695977,142.18591232531574
264,8.8,151.22148456434763,121.65974246940088,144.52960097153138,112.61560291104779,122.06666374351008,136.12755872636038,98.73806177868727,135.7503842084738
265,8.833333333333334,151.55973322280425,121.59648137515973,144.5019360555531,112.70477052749189,117.83236858863042,136.03784604008274,94.81208529821896,136.2636494059098
266,8.866666666666667,152.8747124106114,122.32094787830394,145.91945711184832,113.96060715531651,116.59454032608977,129.91372469471705,94.07701822163925,144.53189684761816
267,8.9,152.12040551863782,122.14733901700846,145.55689429372163,114.22281820052723,117.32909097826236,135.09524586857103,94.74495007035082,139.53537042929486
268,8.933333333333334,152.47835910758332,122.39371347930262,145.5099581590102,113.22705316952222,118.93746050981609,134.66861762893748,95.5189845894717,139.19874460829016
269,8.966666666666667,147.66860294215684,119.23980157603253,143.27091422604008,113.06123595629244,120.78847167254933,135.9633628520605,97.55174732276869,135.0718224352842
270,9.0,157.61006226349278,121.88073227251101,142.4551174063083,111.97113704056441,131.18266718704916,145.39084221436053,107.41614863302497,125.6666803320767
271,9.033333333333333,155.5496920111245,118.98552019052264,145.73776225093943,114.01203935854194,127.91476757767599,143.43770605498773,105.9080385563111,128.66146524419128
272,9.066666666666666,154.21265043777535,118.63779187657786,147.85428422723552,115.66686627911844,125.6456673605109,144.85630430029872,104.87847501050244,130.29587733497317
273,9.1,153.7025660339831,117.82918155579141,147.16666678385369,114.32947345393038,126.6359129497922,142.01670663920802,105.2345235450015,130.5637922585702
274,9.133333333333333,152.90845191757379,117.6763546486317,147.76824196524018,114.43367651367953,122.9455346618556,138.22585982801303,101.75698623732264,135.43887857234216
275,9.166666666666666,151.86452867281398,117.23640149533229,147.7534099560447,114.97632297021231,124.88069136717863,147.15297354712058,104.02942551306722,127.61382314283382
276,9.2,150.59343783920957,116.66682395459827,148.27855090397148,115.13140817192189,123.76502270622117,138.07538080614003,103.40507859906396,137.2532166310757
277,9.233333333333333,146.331499210048,115.02844316279331,148.24851729642646,115.69706200820552,123.90252597794114,137.9675767994603,103.38042757366186,137.40392139160735
278,9.266666666666667,150.38157673991145,115.0971306639736,148.01751305796935,115.8596726151838,124.56039388183892,133.03168135531553,103.7063377794929,142.37127978220025
279,9.3,147.95984382310027,115.52431333326696,148.6374589820999,116.15176012192475,119.35305084304126,134.81726319353234,98.24768601753286,141.54148497881314
280,9.333333333333334,148.89023337459705,114.7934589179138,149.31458053902966,116.26497574812424,126.83440388678865,137.6428723428037,106.32833006862433,138.14157269243296
281,9.366666666666667,151.86496587417867,118.7247165104966,148.545309607402,115.75869551984977,119.10882322021946,137.42801114386245,98.36489267562311,139.06502974461392
282,9.4,151.61341478485764,119.58780534884531,147.88529314681787,115.35106189829575,124.25514458897185,139.16899061171705,103.2141548699338,137.63870840048196
283,9.433333333333334,152.81018485548267,119.14471937206284,146.37989874819647,115.00032588800583,126.29337550056302,139.49068365665033,104.34369234477427,136.27671591205376
284,9.466666666666667,154.35393380345337,119.20878186390517,145.68950089470292,115.49000741422182,121.84823225015671,135.9874939485014,99.6979446087107,139.55189885245647
285,9.5,155.34298835514116,120.1883741751886,146.37396989708648,115.49100626517654,122.48975400296999,134.1535329632766,100.21390987847515,141.9371958175607
286,9.533333333333333,151.79213728337314,116.7783729958945,145.0462037321494,114.96547329929993,130.8809387178347,137.88755554413754,108.57159618160777,135.50643577626923
287,9.566666666666666,154.98875355876424,121.03202108855021,145.33181073719567,114.86980879180607,128.6472637955537,138.95664223392538,106.75981023167577,136.48425947534932
288,9.6,155.0397253832928,122.18336370330738,145.44537240810135,114.45289994692476,125.33834181720978,135.24220026017937,103.0090152393838,140.7083803773301
289,9.633333333333333,154.4940151150427,118.35075247175469,145.13350617361024,113.6474037140249,126.66494479574507,133.79971747977723,104.16954394580449,138.8482223615312
290,9.666666666666666,153.34364829349684,118.67374734700458,146.48806313162407,114.00364742463312,123.31685176115951,134.1420928311483,102.28427745283128,138.9699725232841
291,9.7,146.73218562916807,118.70826861902319,145.26186771969662,112.8575779130396,129.1772119032627,143.19381339575534,107.54248614624011,127.66237335787885
292,9.733333333333333,153.87192767733413,120.6953732509122,145.76557187791394,114.07634573773517,127.48950289558255,146.80001120514225,106.10564344898856,127.78839400319083
293,9.766666666666667,150.04808225250213,120.63967474793758,146.04819092203496,114.11959553343141,127.1937602645198,145.85892143450545,105.48070308721026,128.81924899843924
294,9.8,150.25429910121125,119.05403035052385,145.6657306634378,114.27794029238099,126.9052794565041,143.99646872160557,105.92218472722904,129.5308555942926
295,9.833333333333334,152.88242640684496,117.49149685862484,146.13627468331936,115.34306988239052,126.92908236128686,135.97459414551204,104.553837574514,138.5945136971068
296,9.866666666666667,148.95212715866853,116.54162778403733,146.58670251270607,115.86129430795319,123.54910218862015,133.94975587371837,100.19649327047304,141.21631739320375
297,9.9,149.28796459281892,116.76650964898865,146.40877948121428,115.42095917255511,125.43098952003015,132.55292534682516,101.3995069107246,141.62437889163607
298,9.933333333333334,149.6438095175685,117.05368824718889,146.31749409226077,114.81768325743357,124.9879518508963,132.88194481295903,100.9297170976943,141.07212427454616
299,9.966666666666667,149.08467306348817,116.97585875815093,146.43120867669757,114.67849386543398,123.74738567613127,131.23782052387924,99.98722085877591,142.35219885991893
300,10.0,153.95745833002408,117.2241407850331,146.09248311137756,114.43979589674379,117.56960678668604,130.33217673534062,95.59951407639198,143.43477591036512
301,10.033333333333333,156.96701106575156,122.20086242214045,143.34803458060162,112.5833858557507,119.05978878729077,130.14978163698635,94.7941406173337,143.74475818562468
302,10.066666666666666,158.0128658352802,120.58974328922565,142.74528003089978,112.55429344773846,125.91171145707098,133.95376882107985,102.36093880144357,139.57492023477835
303,10.1,157.64826123479423,124.95880345689714,141.73330814192101,111.56018609858889,125.95321580955923,133.8943662159393,101.33585561323821,140.48362886500263
304,10.133333333333333,155.2645132457666,123.6650447653356,139.96960502304867,110.66554392727134,127.10467436418799,140.14609598860145,100.47576291654372,133.3896822022634
305,10.166666666666666,160.60649291776528,123.64123189091347,140.41931894942115,112.00181176486359,128.44013049431408,140.5807872623297,102.73116550362509,134.1370984397976
306,10.2,157.39252016015547,123.56806545897933,136.45727230717807,109.96583993335938,130.31278890604108,144.41216923579876,101.57215433604408,128.48760623451804
307,10.233333333333333,155.68880047949628,122.93730617021764,136.66159522560434,109.90075150566456,131.12140361539662,145.02531472626723,103.06567740715298,127.49616386641617
308,10.266666666666667,156.23968021358976,123.81942864328289,134.15131937391436,108.82288093051977,131.621221162439,141.14380637458044,103.59536473645927,130.94935918498837
309,10.3,156.2547887543618,122.54742460455043,134.26137834899112,109.67404948539382,129.87195380119013,143.27470164720276,101.62085225599664,130.77387009269316
310,10.333333333333334,157.0961126149547,118.80688415934567,133.5458484012267,110.07457539789502,130.3409349918936,142.92622697350362,102.66757879423973,130.17752295751097
311,10.366666666666667,155.61299629614598,119.71864248107414,131.4473258346203,108.22308734920712,136.3992174596199,148.9538801245773,108.13512638292762,121.7562603239413
312,10.4,155.15518038054475,122.08320774649239,129.69956220429287,105.9065493670364,136.3940265810286,146.11327912631387,108.51180037899134,122.6049749522336
313,10.433333333333334,156.28546150111399,128.4491496297867,131.19663146444745,106.23940717004189,130.38292787498,148.4768043976051,102.76854910019142,124.8469461049547
314,10.466666666666667,154.64940701493958,130.1147264103777,131.26979102208895,106.03484655164273,130.40542791985794,146.8253906791511,100.52094152685167,127.82453837020554
315,10.5,151.8255460637384,129.6441048401838,129.44965959803167,101.50856948899253,131.31469122000846,137.12493061306438,100.45983577186429,131.70922443531967
316,10.533333333333333,143.97085310673444,118.12380265930227,129.51289697654096,106.02560759601546,127.42664844741162,132.35996776600342,96.59175900101971,135.8105264056761
317,10.566666666666666,141.25800249745396,126.42376767254888,129.4249457817266,103.0755639532481,128.71064769724762,134.78013065613476,96.54212150347315,135.72437654015508
318,10.6,146.09911531422534,124.21527791682622,129.2997755593565,103.23621493229128,128.02635950158427,132.32502946907397,95.94580213991125,138.75160208617777
319,10.633333333333333,151.71908171603337,133.32622686031732,130.9089934927543,106.3395608730149,131.2336847825047,150.6089620409503,100.45767561117849,127.28266013689633
320,10.666666666666666,149.49401927301662,128.91696288212574,130.80609000055406,106.082778020785,132.38215028307448,147.6914969562484,102.36800509582274,128.64409321590026
321,10.7,151.6965781964204,133.25611718801707,130.3047642695083,105.64801893824078,133.34103761507106,147.9292041074301,103.22308463091545,129.8318922375203
322,10.733333333333333,143.06073119601243,116.15578647358258,128.95677211885584,105.49989915943831,135.6607494998294,142.15486998758936,106.0642603941659,127.67158348441572
323,10.766666666666667,148.01914840938235,117.42467843375003,128.26900370370646,105.19946101235526,130.96918888873782,139.78936001022157,98.87666605028811,130.6173373657622
324,10.8,133.534167717504,105.86745587994255,127.20941689200973,107.12703367328992,126.48519312098868,135.1264696747161,94.94255033495227,129.700255313375
325,10.833333333333334,140.89118039265324,117.89408920384173,125.95404989180159,102.82583379233733,126.94143741267312,137.0442837998529,93.0581962304113,130.62616296413458
326,10.866666666666667,136.3850013815694,107.31581268669309,122.16882213055284,104.95048830546197,132.28787754107117,132.65200874775,98.30250074437018,129.44323767408216
327,10.9,134.0721009101535,112.10994304520295,122.0307399041952,102.79829266507706,133.50273272553866,137.61021137860695,99.3590898860586,125.61811677034541
328,10.933333333333334,135.52173781143424,115.08153472855956,122.11952462482444,101.16180776670264,136.8267615016901,139.6803742970863,104.07002513752138,122.57725029372862
329,10.966666666666667,140.92621568180346,108.52294488813406,120.46394921773344,102.85027786061285,141.7840947821234,148.89199606138635,112.28700597749577,111.51666357845508
330,11.0,142.43516007041808,113.23601013115393,115.93382569780775,100.47676322736342,143.89521657744476,146.98919349058184,113.53766923130576,113.4488216356023
331,11.033333333333333,144.4440231641603,129.7960528372246,113.1036645050287,90.93592252085189,148.92701487738674,152.65772700703195,123.35306319371954,105.07819217829442
332,11.066666666666666,147.82304647546263,135.399011528683,102.85606482230001,84.68607335811829,149.43156398450571,154.27495248459104,123.52789690151889,100.54931420388591
333,11.1,151.39056964045486,136.05461427083722,104.58053360607626,84.44111493235654,148.61513161775795,151.15906306971482,119.48341585842326,104.39880642046599
334,11.133333333333333,151.1728434911768,137.12961343465037,101.79364845204955,81.42461855445609,147.9054522782735,146.37801706471896,113.48875623531595,107.40207259366261
335,11.166666666666666,151.3143264817225,141.28597445408334,103.17116396130395,80.97242561914827,146.23724431867555,145.14489194993118,109.16817918299515,111.08450717192832
336,11.2,151.19598897002044,138.41732748616593,100.92546784277857,78.31495249521491,146.0779206369625,149.36819761921495,109.13896689145214,103.40899190628473
337,11.233333333333333,151.3625729583024,138.24461291020427,102.81143997954202,78.99227825836519,140.04788602498877,141.6703926606388,98.26136007716762,111.88205480924702
338,11.266666666666667,150.79017184751729,136.00798288978,103.92393218021552,83.37183239361143,139.80950732547146,139.2290053608942,99.28899393619712,117.60553758388768
339,11.3,151.980625165883,141.90348028185835,106.9913802725541,90.32856849430361,137.39007234314036,153.5244822669776,95.91645513448016,110.36448610403002
340,11.333333333333334,151.7716692844747,139.08821917480267,108.85930165396492,90.79748107743383,135.47627511077977,153.42209049938538,95.137252891348,110.65129334063333
341,11.366666666666667,152.17780401611168,132.54621574226098,108.68190483638458,91.43906523858242,133.58025805201342,152.46150510866886,95.11567202318257,110.87823206338537
342,11.4,151.1629342866015,133.23003042508768,108.78557290436324,90.4008875165176,133.29441362996639,152.43351794771314,94.8905724665377,110.1045785160303
343,11.433333333333334,151.56191579400527,140.38791506476338,106.95030610949478,89.46943748864946,133.2101866757953,153.50155111999683,92.46231494861155,109.21699640980438
344,11.466666666666667,152.12542807027205,138.55407703177355,106.1794946613664,88.12703892410552,128.98919059251213,152.0682522442766,88.74713087498985,110.44688071403677
345,11.5,152.0989117367229,136.90709200272215,107.63283570962993,88.72764416407689,127.92483277651758,152.50228552715623,89.51337627336284,110.22379619483577
346,11.533333333333333,151.76816624209076,136.46710062693882,107.96781453752641,87.89137137001858,128.37721809259463,152.0274430267943,90.3319746579301,110.85657952312104
347,11.566666666666666,150.61877290273324,138.50033381999796,107.95002547523343,88.78364007430774,128.81978651380248,152.4492182903988,89.43156350120242,111.31237510963619
348,11.6,151.35701663642232,138.18004445998974,110.26260470521218,88.27692543499813,126.64089582644743,148.56372287560302,89.08642358652135,117.13856884654338
349,11.633333333333333,150.60199145755666,137.45909084485743,109.27188747578795,88.25460700887,127.80060175569575,151.3450527074574,90.2432070976601,113.15231727421347
350,11.666666666666666,150.89276296222974,137.39440755953493,108.91199265735993,86.88895652073687,125.00710313158906,144.003538012496,86.75061751604137,122.18397804131432
351,11.7,149.8804649870837,132.035993147608,106.85737741383092,85.18326760498562,125.9682898994039,129.7369966699812,87.71725172225126,133.78431705355854
352,11.733333333333333,150.00116232076357,135.0119151327513,108.30446113443976,87.58714678244452,125.42368329272476,147.8857873964159,86.48014511203104,118.60653634016363
353,11.766666666666667,150.02651950843273,134.94442112501585,108.06774558412684,86.70599231721773,121.90506139455222,136.1347567307256,80.63943844291995,132.11268402490973
354,11.8,148.0746754611983,138.45694934256144,107.54513191691235,89.26341925238252,123.607556064295,147.08144450516426,82.49238600513415,123.32575115940703
355,11.833333333333334,147.68492541931244,136.60494536515938,108.96594203170974,88.36236741057041,121.8937830466732,143.11635560726074,82.27778770411348,127.23069065373042
356,11.866666666666667,146.91744889123487,134.59895776606922,111.16370514177171,89.83612685572152,122.32159925690812,143.78268794802648,84.96705536563547,128.85761616912154
357,11.9,145.50539939574878,132.55488408855982,109.72814987160419,86.69393269668633,123.67541673019234,145.4332652747911,86.32977040033508,123.25137153311856
358,11.933333333333334,145.85791833292768,132.74421326035332,109.65352051568479,86.51007283463298,125.03551575777455,138.07834612755826,87.7045084317307,131.48103340220325
359,11.966666666666667,146.75195861590424,138.39619429226605,99.06525780116581,75.00542931072226,134.56189728974928,136.4575084159525,93.09991586411664,123.4076131018904
360,12.0,146.57522362398163,136.59554274949096,101.27928061890243,83.50525148701738,132.94625282596658,139.9969204239863,88.52558516520998,127.61137507796704
361,12.033333333333333,144.53903283204536,133.36303771533085,100.25627457034575,79.53188562503648,134.41526736541172,141.0307264155002,91.50213166896606,121.79002358447488
362,12.066666666666666,143.91428657922646,131.20731530818313,102.01972744703946,85.86432063581668,133.99176136056013,139.15008249769625,89.91565895803947,131.41170237621603
363,12.1,144.0495302288471,135.9450131787466,95.65645205439498,72.65379659748929,138.33037030321094,127.52297530766975,95.15972499563517,129.15560464528912
364,12.133333333333333,148.8893378298908,137.1572114392399,97.84039601908489,79.14011792888577,133.2930880618831,130.73885058871457,91.39504420475627,132.8989474664647
365,12.166666666666666,147.707954959549,137.0656145348984,98.04655601318868,78.77637032437559,133.23026102102088,132.05728241535,90.457736646515,131.03332820760326
366,12.2,148.0350643021776,137.69121454007018,100.08940715189397,80.70736688629957,130.67914819070728,132.97034050760834,88.76620344476851,133.40816721209333
367,12.233333333333333,146.00344558064802,138.0494759671985,100.61175383708704,79.65021209076625,130.93263174324147,132.59945242118374,89.12059654754208,133.87255403235233
368,12.266666666666667,146.25682250636106,139.48635685131183,100.77380827826364,79.09481815841177,130.469402908202,133.22033646208934,87.87507012798464,133.33878774930218
369,12.3,147.11522070585312,138.07270006850092,99.6192486940679,78.28113689070047,130.45294501149792,136.85979734098163,89.80138109784318,128.66087888265727
370,12.333333333333334,149.0451116863186,139.62599679304986,98.53489283735487,77.59481834900603,130.48423635428054,136.70802922203808,87.10906427930261,128.5826632509552
371,12.366666666666667,148.08296530253497,139.14105143493092,98.42828418631146,77.76702476127701,131.22681628567886,144.67949597492245,89.24492288584537,120.21750033672421
372,12.4,148.72835883412498,138.70910736906558,98.19167304728438,77.94474709365913,130.99495727002937,142.42583955840743,88.54625442174546,122.35675905859657
373,12.433333333333334,148.36097230722885,136.90481352921515,97.4183611895339,77.115395490539,131.42298646887758,146.40787252624105,91.6325601229489,116.8676340452513
374,12.466666666666667,150.231141375312,139.35635572795644,95.40879892565394,75.22651099647793,128.03155799208636,140.37940746701034,83.71713533095685,121.25206585437071
375,12.5,149.9165477922916,138.6313146308917,93.00500166324883,71.98561262857076,131.38824349464326,141.57407397154864,84.68628827527053,116.6162291386699
376,12.533333333333333,150.05652982427696,143.3274015487498,91.01130504326842,71.28572160880454,132.32741582524298,136.69792901883991,82.86080890190229,121.98388780162519
377,12.566666666666666,151.2870686341033,143.77248941728334,89.63481329130576,69.0910155937304,133.7353290524843,135.55014255144314,84.34156135499195,121.23143168531386
378,12.6,151.89217936941645,145.42018328630016,85.3711811049392,65.94614970820679,136.85790294791957,136.4022848781116,84.91335205139205,118.10899710939512
379,12.633333333333333,151.64492927133256,141.65674200587003,79.91667607699891,62.89533501347094,140.597177229962,133.54326097553877,86.59565357159967,116.42572402920015
380,12.666666666666666,152.21883613091222,142.46474660962764,80.08600143159872,63.515751037271535,140.46947623150973,135.92596852889548,84.51387447853118,115.07994754687329
381,12.7,151.796932185255,139.5296252674217,81.20781697986588,65.02467866921432,139.45420110003525,132.43722614092457,82.42944160354199,119.65353567932999
382,12.733333333333333,152.2002969115783,139.99678758319857,81.53163312264157,65.00534534253902,139.4978940044593,138.0992300620909,81.31079335061122,114.42345448175193
383,12.766666666666667,150.7029812519473,139.66156254331042,78.73439686272762,63.42856285639482,144.0035470996634,139.27275732807644,84.59934496702675,112.6352929670178
384,12.8,151.8186280134662,143.47720207328248,73.4532334414161,57.15754850389118,149.74869792967888,139.44028379067,87.62308245055738,107.54370430069811
385,12.833333333333334,151.50400714585442,142.31059812896848,70.51182726895358,56.07310598133688,152.0861024516238,137.6047825327837,89.23968209793676,108.11939952847769
386,12.866666666666667,151.7600431993567,142.60246765009768,72.21220590633882,56.26488977755617,150.53156378101312,137.6512665872663,87.02649473816064,108.77588561922882
387,12.9,152.3917660352822,142.56420582640672,72.78627431710149,56.442997148082405,149.5691117186854,138.1201110120509,85.55609374940002,109.02892778281635
388,12.933333333333334,152.1995270440506,142.25000543041511,73.00831046505563,55.60007202469599,149.65595850530875,137.83956523632733,83.74754221229692,109.50612062614486
389,12.966666666666667,151.064539342306,140.61918915676233,71.33626935319215,54.484980248067636,152.69871734198705,145.93199723434805,87.4641441056524,100.16005272672588
390,13.0,151.47642571504088,138.50019164422838,70.86656054311094,54.61575821892469,151.04246525563315,137.75803265596497,87.17326622225549,108.44821186382056
391,13.033333333333333,151.4551727929204,134.2841267482308,70.52785292708185,54.86751253804017,151.92316828486696,137.44164510123989,89.27724742763638,108.23298950636458
392,13.066666666666666,151.35133054341043,136.6361468618741,67.37200025325765,51.65422146175965,153.94052774286018,137.67590556953527,87.845898516091,107.51009301739131
393,13.1,151.3955467258539,136.93632847555062,67.91843663532227,49.759881009937416,154.22105473721635,148.66058633244268,90.16559704821195,95.10654222660015
394,13.133333333333333,151.83398090999825,139.36342679491975,67.57635093721443,48.266796179870305,151.57820005796026,145.58003974191658,83.01617635841949,97.30384438467671
395,13.166666666666666,152.22213033180347,141.80509838915154,66.55839285999282,45.85214550751968,152.13261967297964,149.32496783335264,82.88234108842882,92.9285101032953
396,13.2,152.43760857116382,143.68240468707157,66.06642698394597,44.005925776944785,152.51952901615394,147.93907684439162,83.47903436014751,93.86321652912939
397,13.233333333333333,151.6893485827708,143.99098634705902,68.38079342792534,44.208095786028366,149.90524910562405,144.07984017319416,82.55125003550742,98.74638638118988
398,13.266666666666667,151.90686916608857,144.03070112613366,68.14196943297681,43.336373018110706,149.95831845254574,143.53948951887574,81.34656599670069,99.45582346101622
399,13.3,152.14939301446796,145.94812610415394,68.58773176980162,43.0371318271866,151.08082882269656,138.9989117369466,80.63543394115446,104.96720912484538
400,13.333333333333334,152.67284654510843,145.85379483761227,68.86120545320343,41.898151196306415,150.62148220315655,141.00023686946903,81.692922374979,103.1635220682493
401,13.366666666666667,152.49443453230256,145.82754165621725,69.30280850305044,42.4473804378121,150.6978115504094,139.13187548754263,79.31571265221106,104.99166973776842
402,13.4,153.08712584387928,146.30474806249975,69.10446095650438,41.9565387599794,149.6996661576578,133.89919037912526,77.4397527768113,110.67901741709157
403,13.433333333333334,152.82192880722985,145.21974766017112,68.94339800461496,40.87015529973688,149.60898487798895,133.55297228335112,78.57211682178752,111.01933719776302
404,13.466666666666667,152.6108430198724,144.30658394149333,67.61004237137844,38.62494446651266,150.67785638382077,132.33016598887875,83.16276519585432,110.99165616024555
405,13.5,152.886300280156,146.18846487854603,61.40764104861897,36.54653526247198,155.13921234685785,138.463631855224,82.95438150403612,104.02057252289393
406,13.533333333333333,153.2392661073452,146.87313866835518,61.588272819779164,35.9871996181036,153.9910575811432,135.37869040904613,81.81337504442206,107.25879191678402
407,13.566666666666666,152.5265374303055,147.26969629693778,62.01031324561907,35.573028672600564,153.33533690323083,126.60323776069323,81.95094360632504,116.22680072074442
408,13.6,151.69401553887593,147.1278521752051,63.35751675515784,35.95913205431462,152.4601176115819,124.61842918761388,78.74343244707002,118.87551366834032
409,13.633333333333333,151.80674956040238,146.65160594531648,63.345667810828154,35.12758492635167,152.68148342869392,126.02014997263825,79.46917962295583,116.96421347713176
410,13.666666666666666,151.3421372410795,147.50637100218097,59.989434177335845,32.81060233468629,153.3496558989008,119.22363861347279,80.82760044053124,122.18710185629631
411,13.7,152.09404892013578,147.611214666714,60.413178144013486,32.16268480846009,153.5176520286438,120.3486663505207,83.81041604359531,121.02455583972163
412,13.733333333333333,151.71534623020557,147.6829983569803,63.90577801654879,35.01413052534185,149.61784895937652,111.73226127609287,79.12432681413881,131.4877708990785
413,13.766666666666667,151.6616174355755,145.24442217939847,64.14875099014901,33.02004328443952,149.55978504758232,114.03337456464938,81.08654814051218,128.47774933927698
414,13.8,151.23806920657404,145.4840628378366,65.54454437714179,33.26837727529678,147.78481790885218,110.09475217847076,77.89324705933747,132.33642080605193
415,13.833333333333334,151.8278607348234,146.03338607994584,69.9271099251017,33.91850160963423,143.4170168671912,107.27272071144857,76.435998211526,136.14177313358104
416,13.866666666666667,151.84575198379014,146.73132385677874,69.48348116488583,34.3692579736056,142.85929208879708,108.10416919755446,74.68057186995735,135.82568153300014
417,13.9,151.88127240112354,144.70047903121744,68.81836175869053,34.23706408487824,144.72638027186363,110.58853917384077,76.4246520935471,133.68273978898884
418,13.933333333333334,152.61765440479843,146.78247132902294,65.04128673866346,32.59185361669402,146.0606219096774,107.39855862451836,77.71547945092402,134.71238624320912
419,13.966666666666667,152.272890493944,146.9372765526321,66.72353774614552,32.96959506376565,146.3992076028727,114.17784230864824,76.80609497195509,128.6428410707189
420,14.0,151.86130470588253,145.75520881605652,64.79407834200684,32.45531717513055,148.47551040384667,114.3596454731319,77.06872375978774,128.09793303850634
421,14.033333333333333,151.7306065501461,146.199612837732,65.29034215770054,33.00465093697733,147.9633246126012,113.93998349386696,76.29242966639518,128.71655879802714
422,14.066666666666666,151.94403052307698,145.51737770343692,64.88494191688592,32.73201675434313,148.78383887376114,112.88459983221767,77.45748315940853,129.47501443391883
423,14.1,151.96507680081285,146.9120173502031,62.96356028605738,32.59759491148326,152.98743049912844,120.16927559374321,81.51003952285083,122.48833621001414
424,14.133333333333333,151.79831064219508,146.35498497118937,63.51936715227458,32.68302531681403,151.3662212331,114.73011598641976,81.20493703419775,127.44191866422639
425,14.166666666666666,151.30391091502537,146.56855565479114,63.90162261916888,32.83188224844284,150.817873169908,116.46739443074273,81.84939592311439,126.15311754787989
426,14.2,151.42755032723244,146.22804370614801,66.58258789432388,33.690458914885916,148.69844340631818,116.45909212597127,80.1555771506041,127.14170318790669
427,14.233333333333333,151.91864542387142,146.8577910768301,66.58740084484066,33.87770360326283,146.4426052662549,111.16583526740393,74.47598012476159,131.19063270364646
428,14.266666666666667,151.83543163961446,147.53244049023354,67.20943826761608,34.72731123306145,147.34132687400822,112.16203059628718,74.77330625361546,131.45244118985718
429,14.3,151.8114323506951,145.80379275999942,67.2300075261654,34.47883514914317,146.4395189283275,111.19379588035096,74.50422278761678,132.21682616252696
430,14.333333333333334,151.79484941581734,147.49419912687517,66.14356475180136,34.85742077452881,147.6878627222383,111.11296384694235,74.84156503912871,132.6239309550414
431,14.366666666666667,152.1227593377869,148.49782496196275,64.7228379680559,34.12062675065758,148.1138575099009,110.3726722230287,76.99204697485362,132.50147297256416
432,14.4,151.95774755149543,148.9472465627614,60.67819721229692,33.219824687584286,153.17839274351863,112.29079719112427,80.30115142330341,130.77612343853158
433,14.433333333333334,152.04885122971896,148.66007230176206,59.340281877474176,30.997125547655855,155.0861650309846,114.79078099368222,83.34741349288781,126.71905636147537
434,14.466666666666667,151.4202957438542,147.16457834536985,62.19944152393561,32.04361079758155,154.11069089241548,115.51394232721142,82.0670020900393,127.4290754832413
435,14.5,151.6496381162989,147.16846232646327,62.348150330137265,32.425319896684634,154.26403365884315,115.46565558250526,81.31685653314942,127.7262265953492
436,14.533333333333333,151.85030305280432,146.96580756578336,62.142442107091846,32.562313817025725,151.0898326838092,109.9274524205134,77.03848005699209,131.5705983691252
437,14.566666666666666,151.58878856858487,147.25389494660186,64.89099894359545,34.613500191463295,148.50459409794317,109.39728866202645,75.66636255632368,133.9857123067701
438,14.6,151.59749064903477,145.37821055256532,65.71226202678905,34.39467184704776,148.08661605037358,109.2131613805675,76.37521775163746,134.79915297403502
439,14.633333333333333,151.53198972440498,145.76726055249065,66.40318002483484,34.58975851981575,148.20287024838606,109.34606450517313,77.28332083810689,134.72487643077554
440,14.666666666666666,152.17118493052686,146.97663509744595,63.31698444104969,31.91444088800731,150.98363357195754,107.28634950731032,80.4010502228181,134.09300057930665
441,14.7,151.5450481550156,147.27813291520002,62.24778225609486,31.823757716275246,150.5008302816509,106.89313859280962,78.3675572110927,134.4085772600069
442,14.733333333333333,151.86749621166467,146.84777416335058,61.904277382658684,31.34735760710071,153.1693009185055,119.18339325222055,87.91431327078922,123.9114898596943
443,14.766666666666667,152.36788799225204,146.5495746130699,62.62639852399688,31.77803332998706,149.85802367996584,116.9337386515321,80.95283512855355,125.38832064409411
444,14.8,152.31103550401292,144.98353166380164,62.479626346013184,31.404740532524208,150.33087249700824,112.38500443642147,82.3840444000041,129.77482486046043
445,14.833333333333334,151.9907072687273,145.95665069710117,64.79020253610615,33.52167433807709,150.41569217347654,113.97878169484693,78.50102606448245,130.1791810312319
446,14.866666666666667,152.01005819253396,145.99707274599655,64.63494213638799,33.481213307789986,150.45024190210256,116.0904555060406,79.59259561859545,127.93910775353767
447,14.9,152.28825828339262,145.6760287920833,67.37267806648653,35.20780365464887,148.2123855582407,117.10196870532147,77.07884850115268,127.65267099628247
448,14.933333333333334,152.20612146478356,146.1097492903508,67.31135168899789,35.40509476169363,148.5820011969326,115.76304503629416,78.131991775647,128.8869191232248
449,14.966666666666667,151.93191765987876,146.63991901112064,64.37063650653434,34.86028282279852,151.05595598795702,115.01869360149746,79.51092532847083,129.23344009156875
450,15.0,152.05173073243282,147.86332046635323,63.996763261025194,33.40004361757036,151.06656315574008,113.42474454571108,81.32175098609406,129.30788122604258
451,15.033333333333333,152.82290571945057,147.97322465603932,65.84792952683237,34.01873133400754,147.31901762858723,113.41636757874335,75.57272124997276,129.24678529543465
452,15.066666666666666,152.71233557085583,148.00668885046048,64.89715307511061,33.06504809830111,147.4830816139324,112.7986857304892,78.42024000043372,128.43426589151315
453,15.1,152.3750083143628,146.92158655194763,65.18000511957665,34.01405427135221,150.1292122826205,120.6067391037629,79.96779360408291,122.1322795948643
454,15.133333333333333,152.44847034813577,147.13153083700837,64.77452617427323,34.3187975914415,150.50523935334218,120.8056048948996,82.07571920990807,121.92487253780612
455,15.166666666666666,152.50743105942956,147.4365529255454,64.51938948599525,34.288082767233846,150.9241462896744,121.43567642215403,82.23285369705312,120.81560644431461
456,15.2,152.6721670915593,148.7318611503886,63.689759390322905,34.61071331153497,150.86870730019595,121.90547361589748,80.57987406754414,120.40428643169851
457,15.233333333333333,152.93464130894424,147.86815001031027,67.06437347540113,36.314312264934,146.23723680852032,111.80254795969645,75.02163661118011,130.87449807036836
458,15.266666666666667,153.31757446841192,148.12806194377615,64.26855660683003,34.9872413383193,149.20988007562698,110.45153947180494,77.5517093617649,131.24224676459528
459,15.3,153.34872352212267,148.83784413526212,64.38325332799594,35.70743945929911,147.93760571866403,116.47646088460826,76.04657740482631,125.53002054588237
460,15.333333333333334,153.16565921995667,148.6463000296825,64.19272689717074,36.21759885854049,146.18209180516538,114.73900367849943,74.96590163824746,127.07716884233355
461,15.366666666666667,153.08445392478833,148.45384920870544,65.00653011008585,36.68244119582514,148.23073531743373,129.1041042643918,78.0684835004974,113.73650782698664
462,15.4,152.84287023871116,147.21231292575067,65.14041116811335,37.18368537662162,148.1833177623564,122.29492900448057,77.90131261078515,119.5627322333627
463,15.433333333333334,153.22512260015876,147.03125690426342,66.24970179723738,37.62153231408295,146.70129472457384,124.04558005737883,78.67230938862288,118.1687052397917
464,15.466666666666667,153.13940042641255,146.9185476938252,65.99139362270327,38.01491742870285,147.15169171928721,123.93324654089588,78.02501708427775,118.0108271201336
465,15.5,152.84759609060845,144.31699251969277,66.81050493464076,39.22611079058448,149.04169772254576,130.96482073860275,79.58253801937798,111.30544513548554
466,15.533333333333333,153.14380561733313,144.01203956137425,67.0768447926333,39.760901469748916,149.32088649989296,133.65463057240765,79.74268134853091,108.76126262656257
467,15.566666666666666,153.1490368328099,144.42315097350163,64.80612379298826,39.65125082929219,151.38262548519526,131.7942454394672,79.74948894749069,110.31238467171018
468,15.6,153.32810007409338,145.72130461170806,65.44593000690395,41.272381301291766,150.71063180650268,132.87390490594447,80.99337485950768,110.20793498802375
469,15.633333333333333,153.26034610743656,145.45054262476512,65.58637326396179,41.17479135766848,152.6441245854875,141.1985180315469,84.16346867390145,101.24485768479627
470,15.666666666666666,153.1762471717178,146.25733035467456,65.4804496046499,40.83964010643407,152.92801217662816,143.44723360604084,85.68792528625413,98.13704708478936
471,15.7,154.32403066250367,147.59327000885466,64.13723886925101,41.46317420643202,153.6978637953665,143.83243528919124,84.60980992808872,96.62888073224701
472,15.733333333333333,154.52364242817026,147.8475250309203,64.13502021630126,41.98720812209028,153.7646649981013,141.73255696116732,83.42530671818561,99.04116130765654
473,15.766666666666667,155.78160535673027,149.23430948080417,60.836660714460905,41.323618342410505,156.0799077283685,147.3095499884031,83.43057773866053,92.18502577911418
474,15.8,155.79445072599907,149.71735647466122,61.09871393622182,41.54328980096495,155.8448170985992,146.35301221828436,85.28778585574948,92.69950596985338
475,15.833333333333334,156.3610427694923,150.47390971322395,62.85128856462255,44.27360354581925,154.2008424800388,148.03140442724208,83.45814303356312,91.36310946167914
476,15.866666666666667,156.6075755002963,149.91439868803593,62.80929847689808,44.43866093311288,154.3139260231317,147.84090020133186,82.64057794117322,91.27530442355079
477,15.9,156.2403906097096,147.604779875162,65.05287839534743,45.50986811145786,152.6164621954724,146.41030908701595,85.17675255965851,93.71898404549766
478,15.933333333333334,156.06027757896393,147.15722820324734,65.54289677545418,46.385880850909665,152.3778329938488,145.41480346735054,84.0797969180158,95.19388348999406
479,15.966666666666667,156.2327988646742,146.4786520185741,67.277195101221,48.92204406187852,150.99632886049744,144.63753801292313,84.12175290511547,97.0919910489529
480,16.0,154.68443609976424,145.49945386071616,71.42765058577352,51.47994410400384,149.41893047218645,145.17477874716798,84.20565168018305,98.35784259837793
481,16.033333333333335,155.27281495522806,149.20200812765574,70.97449662440117,51.267210204382934,149.59369504876366,144.87340152868347,83.87085095587067,98.54449179913574
482,16.066666666666666,154.41487532088013,147.7029109113797,72.02183218782886,52.60226632676531,149.7983261149643,143.00981543550128,86.38256383677074,101.20217227651756
483,16.1,153.73104164461768,147.2165250814798,73.13317456252317,53.71406413122667,149.2839866934417,138.40852685697985,88.48411839679535,107.0410869892275
484,16.133333333333333,152.42898717586786,144.47698613779326,74.574278351101,57.275473220311085,148.37040928316912,142.66375661339194,88.25321095653737,104.95152742215545
485,16.166666666666668,152.14470818024364,144.59967980316753,74.17669741348362,55.71986085634022,149.5570130413803,146.5998643583249,90.64279710594631,99.03947242441909
486,16.2,151.6171431038132,143.21050974062564,77.41701734030318,58.534556947454526,147.20774743054983,144.92898526665064,89.67415322244563,102.52755999518749
487,16.233333333333334,151.63711675012615,142.83136908688977,73.65201199833344,59.363523201637854,150.52834857552406,152.6485101171225,92.17555297027376,93.50666105371879
488,16.266666666666666,150.54439783356807,142.22337248948833,75.50739450408088,60.193363101795676,149.63723383472052,149.45005055906782,95.02694274514666,97.53607025213574
489,16.3,150.11556046982344,141.3463688913613,77.47403705039684,61.33945942312675,151.0312613257309,149.68387039172734,99.46527354103442,97.5392680038337
490,16.333333333333332,149.96952950087734,139.3282938283045,83.64567711617653,65.85912117108997,145.6961106562446,144.12735385820426,97.31782539242667,106.734825287969
491,16.366666666666667,148.2493797031689,139.46743319814323,86.3087926043978,68.56333828716286,145.4516885056319,146.45977958288745,98.84975574664004,107.03037967925346
492,16.4,147.52670203627994,138.8354988961978,86.18825243686011,68.32317928300981,147.04068416118778,145.94311979665395,102.99441230017989,107.59598981101453
493,16.433333333333334,147.20177850280007,141.8983901079367,89.57911866581831,69.83446978585187,144.5886244764211,151.61465639423633,103.02728087394252,102.55308184592434
494,16.466666666666665,146.75684036431713,141.13484308751396,89.03584022077695,69.34388411590234,144.9329795168052,151.5908373284453,101.5416423290698,101.70893034826624
495,16.5,142.56933885366996,140.72405400258845,90.11460563576313,69.41092680768098,149.00796496720267,150.15748999328892,109.88312907309891,103.00342773047299
496,16.533333333333335,145.4845934325899,140.12107371857712,89.29739466101255,67.49627359799625,149.34670065165696,147.3390744443626,111.84628071109537,104.22712489508771
497,16.566666666666666,144.77216794992762,140.3540610102733,93.24314278310989,69.96430991449324,146.3778333835573,134.06838340609477,109.69292726169276,120.1994343264296
498,16.6,145.26432369271808,141.3810434529388,92.85795030644606,68.01891635732984,146.33460479607476,133.11979587782818,107.87262540972519,121.36815397186048
499,16.633333333333333,145.7806151474196,143.1079747927486,92.18421736413788,66.0448144826079,146.49568358495762,136.03066183475835,108.20388096952372,117.15905408385527
500,16.666666666666668,143.60891993820016,133.5911642181058,90.1149438854794,69.13965629645352,148.73450491645667,135.70672218745622,108.73746049033784,114.92833492256925
501,16.7,142.885467450034,136.38565273855374,90.34966910460632,68.71642592516243,148.90876586666397,137.0263030876964,107.90846871389309,114.17381451218277
502,16.733333333333334,144.00226538030566,141.2084030639511,91.7338590717323,70.62008372015303,150.22601913474094,150.69005034918246,110.71540884498687,101.69899609860629
503,16.766666666666666,147.33517999228891,142.63550494285144,91.32957985705112,70.68532898603492,149.75561761530392,150.53274137062158,106.56671446140214,101.57364050124188
504,16.8,145.8006394880667,143.62486952528374,96.26843063207396,72.16130732573241,146.65716823549675,148.19742354913384,106.39467841351008,105.50142503826282
505,16.833333333333332,141.90985993743925,142.21960168613154,96.75788911748343,73.63187151470767,147.10545105223264,147.01721435397312,106.50031189729674,107.31870022781904
506,16.866666666666667,142.89436098408063,144.19973985767245,90.80639021678999,67.97517214732399,151.49960372570428,147.6306172130452,108.03851842057848,103.76345059521586
507,16.9,143.8795069326515,145.44599677630669,88.9338303254053,64.84761509558852,152.7740914538392,147.02904503370428,111.25280462445858,102.82634899946511
508,16.933333333333334,138.76481493027742,137.4127291532522,89.60300905452563,69.31171375181297,153.2222391955408,146.1837036695048,113.10908539369943,102.04399547164327
509,16.966666666666665,143.26518485260854,144.16476600126146,89.33783139411537,65.23277080945918,153.20304474520353,145.7940012798875,112.86933425810122,102.49648948487442
510,17.0,143.1708104822614,142.8943875140107,89.47808934786917,68.3068686421874,154.32029386421033,150.06820358210436,116.10933243095423,97.98778888535027
511,17.033333333333335,146.81548515645204,140.57649936248842,95.77705597922244,72.74622206484094,153.35145278969622,151.93076553268924,118.23520601540923,96.369922453792
512,17.066666666666666,136.54818251875255,133.5911172612936,98.58681273329137,78.45551201351091,153.22462223076164,152.1557393313745,119.00812009731492,96.34937355683381
513,17.1,141.03768218845195,128.33158781631028,102.7354242713989,85.88675669772344,151.61502581647503,154.8264904925785,115.9194935979673,94.1692971622365
514,17.133333333333333,146.6091801876163,130.47455979691216,106.82560298417589,85.11308753522611,148.7240582287556,155.07283985598798,115.20868788543338,94.37672313222768
515,17.166666666666668,149.92960319874163,138.8050650079636,105.9749987024173,84.17592436065226,149.49946824704327,155.65231876011651,114.59583589758249,94.16210999458549
516,17.2,151.53267349234983,144.0210148036059,110.4681826713753,82.73398066225349,146.4980617693472,155.72217042612624,112.78369769226032,93.29745735835502
517,17.233333333333334,133.93553099349467,100.93256747599074,112.08549008347299,108.17135779317427,148.1066483259961,154.5439782372551,116.1584913719279,95.79146942924761
518,17.266666666666666,151.52026800509094,128.61776750087705,118.23526137162722,97.2280078144366,143.33456831405832,155.09496806230123,113.74503949020972,94.78935970163903
519,17.3,144.24164876870842,131.664802129791,120.22959277981684,93.60711310126676,144.63970024198682,154.5548922545184,115.42422667286577,96.3600690469488
520,17.333333333333332,142.61885980820637,135.12755508777323,122.55959267245106,97.11545034794544,143.6275953737691,154.63449662661094,112.66506369690802,96.26198226667141
521,17.366666666666667,147.9426718954184,134.23122614999542,130.7301700505634,99.90118847687779,140.90680651273075,153.04779406409284,115.16197581337356,104.36849992062882
522,17.4,151.7348985282628,129.03588896427533,132.40690409151293,102.56903517223977,140.9515060703698,146.5677092273376,114.30424836174801,116.13141924759482
523,17.433333333333334,149.58950939177507,127.25998994877382,136.07778089007275,106.20125695776336,137.73873108493072,142.6107012444701,114.46355629684196,124.85622567366447
524,17.466666666666665,149.23906423487296,127.0589400822231,134.0205463719212,106.6004855186779,141.66968854706343,146.7688104908315,116.70580055708488,119.50905182531878
525,17.5,149.53346949383592,116.75936360359464,136.24838547151296,111.98351963522349,141.6064658478284,148.73933132867117,116.95771926824318,118.2138128165631
526,17.533333333333335,150.16595198063217,114.21959817033266,138.99121907078373,114.38465582079736,139.7423713220673,139.7214309182568,117.42713530209515,131.85372206538773
527,17.566666666666666,141.45517064449191,103.71195309679285,135.38175177729255,116.73313112153846,140.2601842531515,136.8552138639029,115.01845852308685,127.61773071259995
528,17.6,143.99990951253233,103.63332260500266,138.39071004677507,118.67206218519995,140.73257098732049,144.73964631895225,115.85978347276976,123.6302276058733
529,17.633333333333333,144.48646896645826,105.15209417367973,137.8461956594803,116.6393763022654,143.67765391265465,142.24048697981002,119.53028237032204,121.20576116585652
530,17.666666666666668,145.82465473482242,101.10431232121145,139.95091562268058,119.88100716472847,133.9316473176115,139.36141540231938,108.86838324145941,128.46823567899585
531,17.7,144.4788943838925,102.2686037999537,142.557579888025,119.12217695401839,139.45091261257934,139.61514073043344,116.30458130584881,128.24170650311012
532,17.733333333333334,145.5436619769717,103.13938347668784,142.33586983750067,119.49667612370702,131.7847268819666,138.8089468655616,107.9686215449149,130.3420165853303
533,17.766666666666666,142.07224423117168,104.49782639121136,144.28319811338974,119.53818698791588,135.77152107520894,140.71377326246275,114.27007052163368,127.52082267710429
534,17.8,142.7944099596155,105.66612239899246,146.0868415408297,120.92677488535277,134.74194594386273,139.92680073291234,114.23351929810421,129.34280594025606
535,17.833333333333332,146.21304132212316,104.85095708160867,147.59584692753552,122.12539706611541,134.18547288544517,142.4245427372336,113.79800984814526,129.54559595147373
536,17.866666666666667,147.11454535991734,102.93604312246516,146.9621518308313,121.73597150140893,138.24492459576143,141.34024709174005,117.25161964071327,129.55276312537165
537,17.9,141.1089296116831,101.01857605556056,150.2154424284705,122.52542707459273,136.12705408165294,143.06628735148072,117.31655487209,129.77500002009742
538,17.933333333333334,140.81303000111126,102.30837857491875,148.76717665637344,122.63511307775829,136.4809052786942,143.78554335978498,116.75337688856307,128.52283402812904
539,17.966666666666665,142.6954150446579,105.27181634978349,148.1923313885581,122.82766114471761,136.96292943870733,147.1941383534844,116.7380692945475,125.3012956955099
540,18.0,141.67755459960657,104.59900576591421,148.35161690953421,122.93969259595187,133.62615967236917,148.10045391820836,115.0133332162314,122.94527546890478
541,18.033333333333335,148.42155303818686,105.6374089202806,148.59984813699367,123.02546828014204,135.41657450086416,145.7502351442141,115.43462848335737,125.13951939486816
542,18.066666666666666,146.37497168432535,111.82959768823366,149.58027264807808,123.40679712388511,134.53193865326554,138.26754373540007,113.37643397299665,135.94631292133167
543,18.1,141.33388219968714,112.80427961105542,149.729594893915,124.5265322305622,134.6206924964069,140.7936023752716,113.2638394794983,135.63246017214396
544,18.133333333333333,143.77580919677928,109.47675365725188,155.81628867704984,127.1036583225061,138.7757709377793,142.05335595889593,121.83944567392392,137.5797134112751
545,18.166666666666668,141.6129902098914,113.71094644672228,156.47538681089424,126.7257160234767,122.45097519569475,141.2700236640516,106.08929744815875,137.4723226246496
546,18.2,142.21485889732733,112.23390638785749,155.7299865549342,128.55135447075182,135.26526993203305,143.61544200451254,117.3082514178836,138.164294373609
547,18.233333333333334,143.62012527589044,112.98450851963956,155.50394042974267,128.91509093553606,136.02738515880262,143.58706059336788,117.9730216391746,138.83443658838274
548,18.266666666666666,144.7722856482895,113.16158716268313,156.05115385175577,129.62999876873292,135.39332864487596,142.68722442354536,117.2001845408105,138.7325177938977
549,18.3,143.7774870722322,111.33834431825748,155.40811639860271,131.20594715314925,137.9129531515935,142.19784523066983,119.79337921311037,139.08078537769572
550,18.333333333333332,136.74710408280683,112.1557647219258,156.02042706449686,132.98119022226857,133.07241556111703,138.1112332722891,113.96193090744741,142.80626492601402
551,18.366666666666667,138.7006947807856,113.56464476842176,155.2000853565438,133.74280788649668,134.05770442859404,140.49816325109313,114.32895401409462,140.05904081513634
552,18.4,143.38951790718272,116.70998156538246,154.37004553123694,134.52262311072167,135.44489000822458,144.14165767632286,115.13651107498275,137.03823206388032
553,18.433333333333334,143.974986704497,118.80705050863124,154.50076378343377,135.19807860236983,133.9928259454899,144.2131215804867,113.90472762318103,137.20952472129764
554,18.466666666666665,143.15518308652784,120.44155833822094,155.02824133340388,136.16312634645325,135.5535459457762,146.30311152906907,115.97465549213753,135.2740424932327
555,18.5,141.73462987890926,122.78592806798375,155.66381357154592,138.4165910910992,134.22357498929782,149.48160149759545,114.86531808189652,135.07378545221272
556,18.533333333333335,139.56497596261966,118.79037442453112,157.32124628738381,139.44272960296024,136.98204073429565,148.66014489616316,118.78669781995451,134.75860623969703
557,18.566666666666666,137.48219977356393,119.47760122591536,158.4935326073323,139.45269589578777,136.46508206048063,147.6393298432821,118.85246747965871,135.28474709350803
558,18.6,134.4742428936201,118.81282112385405,158.66309801545574,138.55828838937077,137.25964349781634,146.00777634008838,119.85940732716462,134.71819974311595
559,18.633333333333333,125.95945215436122,116.98194338924053,157.0637828955442,137.4740220070898,132.58106101062165,138.19890911418395,114.41900842907103,140.28500257702015
560,18.666666666666668,123.38061976532623,118.4583804679934,157.02567248873407,136.10997185890926,130.48694894722718,138.238936761436,113.2550717118128,139.11692193027673
561,18.7,118.78523286040924,118.69164167957759,159.34992309525595,136.49639385238115,130.5091842998313,137.67870870416897,113.67564578561735,140.0335923001886
562,18.733333333333334,129.3752855636325,121.20251902162025,158.8248273004455,136.51657529705187,129.7537442784279,138.98001054996985,113.42654230571146,140.28449832006794
563,18.766666666666666,130.39967085984705,121.17506744247493,160.11931720491543,140.6147941594033,128.44352576880198,146.41368673769801,112.79645901205427,140.11682915728863
564,18.8,130.70222219510276,120.73807633469565,159.8972812020953,140.63652199946148,128.48504943896722,145.40473876231044,112.65248804526263,140.36802058729506
565,18.833333333333332,133.4842946123087,119.82055314744558,160.11314894094826,140.94797133102193,128.4376139845978,145.09260195572043,112.48073364663946,140.62602563496068
566,18.866666666666667,133.1077185859534,120.46981427757305,159.30747681706276,139.41173327796392,130.40068180758902,141.29055993928213,114.42008671131819,141.15705507281783
567,18.9,134.31706140123828,123.41081241075631,159.60999024946125,141.02330318765607,129.40779507298586,145.67253953271367,113.33274183805224,141.3269157277431
568,18.933333333333334,131.61281680453862,121.15359670212082,159.25951179962252,141.0310930718498,133.4754089965722,148.3256579124229,116.61605576565427,136.2141201472271
569,18.966666666666665,135.8393059060357,124.8004884204886,159.15616307980605,140.79383630175974,133.0952987617682,148.36652828380124,115.40295590417185,137.9545819252249
570,19.0,134.78596775167952,123.5903814482344,158.91223302042457,141.2100602670553,132.4560463426074,148.91711691342417,114.67224763573749,137.29261488626014
571,19.033333333333335,133.3663627533762,123.00214897112416,159.44233159587606,141.47689753199683,134.2004234552564,150.6775355091599,116.92980408097294,134.15647907159226
572,19.066666666666666,134.79873296697966,118.47643599942629,159.19124420071304,141.82452191352053,134.74825765085387,149.35531334676062,117.20957486714326,133.89001891285113
573,19.1,134.88188558903872,118.99020326279737,159.3092277654049,141.56816333187737,135.8702937890436,146.8529385009643,118.31771818425064,136.64585787040733
574,19.133333333333333,137.13590101875434,118.86884246493504,158.74147745764373,141.14027847599272,134.56591615116017,145.77071184137645,117.7296562708763,136.87636547696033
575,19.166666666666668,137.59132997300352,119.3589047459213,158.51491596551358,140.77718033926655,131.45339770264638,144.23464139586153,114.9443508842099,138.0801920409742
576,19.2,137.11711759178334,120.2987503171135,158.60554068217206,140.17420996809636,133.85372827377446,145.44165117114048,116.92132430388925,136.23743320258956
577,19.233333333333334,135.55116468608145,117.77922597860481,158.67516227819334,139.20289084407545,134.76069552713946,140.1829407433032,117.75245055278327,140.41153435506908
578,19.266666666666666,133.80017393782143,116.25688567442121,158.58571487312403,140.2544829065655,133.95048013513465,139.92093470588335,117.23121645370153,141.77776287618738
579,19.3,134.51712978082026,117.42803883473833,158.65383271299066,140.346054644513,134.09944565213013,147.50974031627175,116.33639643908974,134.98545382724726
580,19.333333333333332,134.53375944306774,117.48863428093246,158.45317949519495,140.25618327698447,134.13202181495518,148.69420433440806,116.65808560060636,133.52948638197225
581,19.366666666666667,131.63061209088866,114.18509452107031,157.38251387835015,139.43144488520142,135.73938362466083,137.29876032559068,118.13595426856098,141.78880569965702
582,19.4,129.65134696593648,117.3489062087006,157.40716913401536,138.06330471115177,136.14255991016273,141.74459115567612,118.13690383264701,137.62263799085673
583,19.433333333333334,130.08823229129789,120.08845462036811,156.86505236827432,135.84503971372678,136.272518621668,138.8313220485155,117.90907629567376,138.2994627584624
584,19.466666666666665,130.1976558981884,118.61089027841851,156.16951015127174,136.31667931114475,137.84922218397597,142.34245685296878,119.40357791797177,134.73540602119635
585,19.5,130.36925457493308,118.14129288572718,157.69079006829136,138.91675509794536,140.87554534511594,146.76926195402757,122.97038573818186,135.38987573552737
586,19.533333333333335,135.31020954809708,125.04027956761595,156.51750101841063,138.39153092736316,137.41014328658522,150.23690572269913,118.30104748129602,132.29835886705584
587,19.566666666666666,137.1993321332731,123.25220370642802,156.25777845705062,138.99992126151687,133.66796426569348,149.0134534862768,114.82915852207219,133.85877701620967
588,19.6,137.45141685524206,122.20588056442104,156.9616240246496,139.46843838870677,133.20671975084764,149.5203951857324,114.3539863087833,132.72640991882477
589,19.633333333333333,135.75959677852256,123.6626824842239,156.6448045263731,137.78076878704817,133.56196674292045,148.28386145182898,114.32864972909044,131.2771723617358
590,19.666666666666668,143.83361138833283,126.5535460479949,156.8614359184789,138.71692675459823,135.03120440188033,150.22276341793716,115.39110296002026,131.99548639158272
591,19.7,142.4761837038659,125.51817122980025,157.40938687530758,139.366779584701,135.30317013574296,149.8460824518597,116.36698738228321,133.13519249787012
592,19.733333333333334,144.4247268845797,124.13713018016078,157.22739686700655,139.0270099558648,138.31862913287034,149.22814338908404,119.98664928099089,133.7903918105447
593,19.766666666666666,137.7415565787786,124.04355415140954,158.35343696383586,138.95353377433514,137.7930139758176,149.1586239125325,120.94247744760933,133.66171303379838
594,19.8,147.28085728210885,123.04419789647565,158.11026630056764,139.200797154721,139.61134641128825,149.71772624143995,123.07563463458143,133.72015121426324
595,19.833333333333332,145.5152317383418,117.43428968951173,157.6962565195256,139.098803249646,140.32385486513596,146.7416802629846,124.61010752930834,133.3076569187259
596,19.866666666666667,144.89324952546295,117.9791305189827,157.36071946764204,138.48791096557147,136.76996684111361,141.97369351085388,120.6583179056599,138.00718051690936
597,19.9,148.13418768856488,122.48250774311768,156.2842824168495,138.77464196670365,137.87121892502313,148.2195389684812,120.74213516755673,134.04256511036198
598,19.933333333333334,147.38105621590898,122.47253159202195,155.69998461563063,138.69130444879585,138.4588080151876,148.6448539899098,120.33894069292298,133.42600058113612
599,19.966666666666665,149.35030071658448,122.29322294705952,155.41549483575258,137.77877912538875,138.66395866117225,147.42737097420087,120.52806265444019,133.5187510932558
600,20.0,152.76734573812394,126.83206204213228,154.41867104926877,136.92159653500084,139.912613159229,151.191891395372,121.90492779478562,132.00670324871317
601,20.033333333333335,153.44986141337682,126.46136492943774,154.77719348762116,137.09002344841107,138.35963073680423,152.20077490954776,121.31149413144621,130.61840636523985
602,20.066666666666666,151.81344528551045,122.11471276543783,155.18768620131743,137.68875991573628,137.79753131673755,145.38216993425115,120.79725576709588,138.57361389689459
603,20.1,144.7372637975895,120.30516096394136,155.48003338012518,137.26357635930378,137.9727037940943,145.14386517225046,120.60467399415998,138.1242383458856
604,20.133333333333333,149.26661303166242,120.35987312299808,155.19447030232647,136.4796191479817,139.26141939582627,145.37292254101976,121.0936224912745,137.63842637597074
605,20.166666666666668,155.44939839150285,117.41463143714125,153.60519676249396,136.1473185919559,140.51017451693403,142.27863727209368,122.74365873294248,138.05046836470927
606,20.2,155.2835959203729,124.05787195335317,152.80854322203996,133.37908607023581,137.2921854300991,142.37423043092835,118.36755567584073,137.8916357133192
607,20.233333333333334,158.76782947617298,123.40993878839703,153.0051020854446,134.440416075605,136.05453768011063,142.87251541752164,117.92529836413263,139.24913933653247
608,20.266666666666666,154.42800211104117,121.3462928864433,153.26144294342862,132.99725606095757,134.70622720892283,141.4674457708399,117.08931626292281,138.909369229512
609,20.3,155.85374832014796,116.13784606757652,152.46613952806072,133.38441116283394,134.93112270543386,139.62438311115866,116.6757945406716,140.17465195478667
610,20.333333333333332,154.45341599611342,117.08106674495363,152.19766796226028,132.65472054333728,134.61663775628165,139.854303265988,115.9329031916269,139.78385675349952
611,20.366666666666667,155.66624851529767,113.49982779143457,151.4622734014508,131.55191002561415,135.94958550302348,142.76080101450262,117.4533431389561,136.4126229257661
612,20.4,151.12303856207188,115.09375905413609,150.98282598447202,129.26724001186113,137.173625296242,143.15000818251394,118.46322634414194,133.71862768596014
613,20.433333333333334,152.6025674967488,117.12009778810058,149.3432913057255,128.32332165781244,138.73227230328962,143.24322255855122,119.15591612627765,133.87961221669974
614,20.466666666666665,152.1886396222434,118.62644876826975,149.58723061638466,127.57480855646585,138.5476226860769,145.1744753825517,119.67582630172687,131.79047109746898
615,20.5,155.26582560955814,118.44541681248973,146.89795055892657,126.28168229007709,141.87565673868872,142.22300286517017,120.70588722625611,133.8133754499454
616,20.533333333333335,153.46094378391817,115.15249981047377,146.8024129021274,125.2655618256202,142.53400020898178,141.64285296641538,121.9874340072355,132.4485617160428
617,20.566666666666666,156.1492282752778,117.18616823069459,146.83938669397764,122.84385240737639,139.0236551731409,136.37224499749308,118.65479229709183,137.53213534672452
618,20.6,152.87069192723752,115.64544015245815,144.20149494305963,122.95607016800064,140.70082916159794,142.768590079279,118.49975473757145,130.52340336919244
619,20.633333333333333,152.25586060471994,114.19466108473765,144.09617528674383,121.03551468188601,140.99644606665376,144.0394035314821,118.8736914625713,128.60938402349666
620,20.666666666666668,153.2615976081259,114.90465632812926,141.35489636845125,119.8956172202428,138.56651911949095,142.72150600573133,114.4215140182671,129.78147655465392
621,20.7,155.3855908419954,126.37858973002386,135.1700764941295,113.92318845035084,142.3252464747432,149.7305791018136,113.08272949825525,119.78751976449303
622,20.733333333333334,155.8542990634184,125.69395858328004,135.97997988082872,113.57222871871953,142.30558029522666,150.08885952371364,114.35746325443888,119.55131552063484
623,20.766666666666666,156.61625135378947,128.165959789997,135.24637150990426,112.86334901178071,140.3936328615238,148.55883980021343,111.87353402801887,123.73884245442252
624,20.8,157.51747591238373,118.8625660189714,135.0759410686803,114.86842703210328,136.53324267160266,145.5381992142672,108.19866151889202,124.67609854091016
625,20.833333333333332,158.260847942774,119.71068744135196,132.92994606100862,114.50273994590586,137.24761027075203,143.1019375800645,106.98837463986418,126.53173005471568
626,20.866666666666667,154.69212414692487,118.77673802327007,133.52143346041487,113.47053239042671,136.90505074286332,142.06844227508068,107.0277610835781,126.95651943135745
627,20.9,154.71051186086314,120.53480212338648,131.2584419253891,112.90887807395471,132.46982195643767,135.9761591367226,101.17843867194853,132.5482056439992
628,20.933333333333334,155.1779289507752,116.74872223823994,130.0528817305435,114.1609440874526,138.2097955644811,136.96487663446283,108.46545186630338,131.3224628457065
629,20.966666666666665,161.31208856438715,113.17716705448449,128.84037845137007,116.51634114206315,140.42085561451333,142.04882390307603,112.09666827033523,126.12577788998368
630,21.0,158.46121595758507,117.31906936820168,127.29858566267222,115.90789722939584,135.8521851021654,142.4114862794447,103.62801361023308,125.35520338276473
631,21.033333333333335,158.24545381963856,147.12077948147325,126.82773823994492,110.05273107091797,136.412492347835,150.28654106644058,104.44107545976756,124.97340594039426
632,21.066666666666666,159.926822405939,138.9729044565751,127.3430034310992,110.48732239328974,136.81659381853763,147.55147061434678,106.31977732149748,126.50517082046593
633,21.1,159.84529219076083,131.99873877716104,125.09563975749066,110.86464778937751,137.33881610512773,149.5895175699283,105.82211171520372,123.19137750295138
634,21.133333333333333,161.44551178600244,120.02724521759974,123.80341183053385,112.62454984349694,135.54737101857035,143.84007346016608,105.51182549873117,127.93796899827018
635,21.166666666666668,156.98603121233188,131.14628255120934,119.12233561552858,100.83379305112823,136.46324020403745,140.79838051327204,104.11777620824894,122.82027871790872
636,21.2,155.7894891435073,139.03000484262586,115.76751977080907,94.97756402174704,144.61362273862235,148.87370004144637,114.17659422199102,110.65525507501998
637,21.233333333333334,154.98552305177805,136.5849838530765,115.63998319267247,94.81083475214189,138.60439261365377,144.848190966346,106.30730289061079,114.95240731802117
638,21.266666666666666,153.85308403441402,135.2028856887385,109.76799712559175,91.7607641887966,142.8721692533502,143.08430843311788,108.11799982376648,113.7977252420647
639,21.3,153.58293371822822,121.177263536091,112.3908659834761,99.4307765974603,141.2760622021777,141.76548439922107,107.73400841303572,114.59231859286314
640,21.333333333333332,153.3141859950286,128.96765597270166,112.1435167792978,94.37189022424621,138.74620743656138,141.3317715329759,103.64784852730158,115.56695023366203
641,21.366666666666667,155.71399764392874,128.51562234838187,112.40335872342601,95.01152862092624,138.37890541974542,141.63128374298063,104.15602156451281,116.09777728330536
642,21.4,156.99959478664468,119.7682037067693,112.49169585266621,100.26299055249254,137.53250992174776,141.3341171234161,104.16869104524098,116.59963342238993
643,21.433333333333334,159.8834644315579,122.4404429817362,111.71079220134341,98.4314422153787,134.83945418992278,144.1750642454359,102.07023861125266,113.486747788187
644,21.466666666666665,159.7732030842808,122.51332507479523,108.1167419016786,96.845671976414,137.02661485092023,144.5230202720102,103.49462000621243,111.99579241509822
645,21.5,158.55155362465092,131.07031106536272,104.39573804629177,88.58630127544583,135.71497973007666,139.70427626616575,100.73491391302372,115.22367259632011
646,21.533333333333335,158.68045782868765,133.42712055539982,103.97850504835934,86.07837114733249,137.51227430705097,138.5200914156767,101.2345733260291,115.7141954938922
647,21.566666666666666,157.70853124833852,130.52754152154043,105.09113279552955,87.90410651010535,137.60816983673882,133.8425452635655,101.17687527153873,121.47428077401841
648,21.6,158.45030413927276,105.8640850811273,105.34658796871541,103.94470458409933,137.16118524895543,133.7794011835265,102.01396165152573,121.4964073246929
649,21.633333333333333,157.20929376546698,106.77727747834336,107.05834946724598,102.69059568383955,136.25129154005063,134.53046481184654,102.08049585155432,121.21499520328342
650,21.666666666666668,154.65938081329503,110.54356933999921,108.56242014944988,100.11711131031649,136.2906383359141,134.6520682305341,102.71547522337903,121.40443207173907
651,21.7,154.19522422030138,123.24028151849554,101.41783562239105,88.85514744116958,141.51261567433784,123.09224057970663,103.78242280875908,129.08728646495237
652,21.733333333333334,151.41142442507507,121.83777082033487,104.12690416914697,90.5293968467392,138.58246013152964,121.6669791359589,100.89187840656706,131.18143172031733
653,21.766666666666666,152.50520286679347,119.13089507472074,103.27740853756319,92.20007184632456,139.31832940504106,122.60469130563828,101.38710322930766,130.74834900287996
654,21.8,154.91125592615725,125.63026870013104,102.4464369754438,87.464121522458,139.62918644251195,122.23342260265407,101.18311694766774,131.25950294775322
655,21.833333333333332,155.67755149967724,125.02046858211024,102.254103336661,87.69216601369338,139.58133484530038,122.9675883755811,100.6609406144209,130.49455500984604
656,21.866666666666667,154.9554813593423,125.90901218217381,103.01018770037803,86.23588363619993,139.76550374424227,123.56177881256716,100.70583677954201,129.82169076727206
657,21.9,153.9464721596648,133.6402688445514,99.4187083377736,80.79401968355127,143.47571210879795,124.16536543790959,100.50904151308187,129.89537937753138
658,21.933333333333334,152.96227201426453,136.11419867622322,98.54004285705835,78.75846006191342,145.10438886769762,121.76268207576399,100.50591522832217,131.9428276388215
659,21.966666666666665,153.50189206174235,137.0781673420162,100.4283800705582,79.392696938597,143.1685474296008,121.12369230761779,99.93880724391474,133.78819758938707
660,22.0,153.54279562915798,144.2460893414979,101.7643352938855,82.35695105803701,138.65740149539204,132.5956796238637,93.35807856261941,129.95816167411778
661,22.033333333333335,155.57677636275443,139.11171308634292,93.91167841803023,83.19691283155427,143.63780148331725,132.6924916670185,93.95789830457537,129.1990713937788
662,22.066666666666666,155.70650502862,138.02316674403164,95.29350426890227,82.15649082266876,141.26173169264473,131.93452598738338,93.0959576773705,128.14423748189103
663,22.1,155.8801251062219,136.80727039693352,95.88672033650936,81.56215987635285,140.54749208661974,128.68059395931226,91.34696079660307,129.88999355209702
664,22.133333333333333,156.25904935435213,135.17026276131799,95.74889193916931,77.82441965151727,141.12106323063148,119.3134950776103,95.21093195271689,134.31585394869617
665,22.166666666666668,156.407579511825,135.02362238526212,95.35046099356597,76.84272137148648,141.4380395712274,119.29012149043893,95.75642926259151,133.81930686315928
666,22.2,156.64200777438015,132.62601677392354,95.33855599187177,78.480150588893,141.2796105262082,121.46547183023658,94.40093930045212,132.90575483818165
667,22.233333333333334,157.05728310555764,132.25482117391948,94.94693608127805,77.94774168754219,141.08554826240734,126.29810117252624,93.81231893666127,127.56091401039505
668,22.266666666666666,155.56243903349244,135.45095066036475,97.2444917482028,79.88135522462628,140.02118806803605,126.53713518270995,95.13924489135407,132.33085149762525
669,22.3,153.51446836814912,140.47981080133462,96.81309673297828,78.94786052081605,139.6913996539243,141.71219746388246,94.52406480462878,118.11376762419795
670,22.333333333333332,153.4409614919215,140.27863569373528,98.43822225488263,80.30557592125149,138.87260315118664,119.62342983877782,92.23011223131792,141.95670172562623
671,22.366666666666667,154.15642477067084,138.47042365377112,94.4746417825662,75.54879936796095,140.2331076819001,134.57185502703294,92.03121134147413,121.60316191206164
672,22.4,153.5527176917714,137.91746291866755,92.69913095809973,75.41739186287104,141.37315389077247,128.06262092663772,91.51290020712327,127.5152005455007
673,22.433333333333334,154.12820276825522,135.21944398171524,91.13187333095276,72.99615405596106,143.02067522718488,130.00164830545788,94.8369146517196,122.00075732592465
674,22.466666666666665,153.9669303829369,139.5579443253646,91.50556939073097,74.70879132378131,142.27823128913565,121.88209188032492,90.00196616925658,134.56059733385396
675,22.5,153.1252012963518,140.4013561826159,90.75495683768287,70.98055370972966,142.86828228580976,134.96867354266365,93.78836248532026,119.90668962456385
676,22.533333333333335,154.7809710945679,146.0716015032341,84.37119126429,66.38250840102668,144.5804016285652,126.66440960789801,85.44770645852863,124.12666190518705
677,22.566666666666666,155.58458812102813,143.06399680721637,83.53432128189452,65.76199845417203,144.6751229354763,126.79428665363318,87.20082279097954,122.6410152084951
678,22.6,156.0770680541776,143.20197232304199,83.75300992469036,65.74390850134031,142.57984080457098,121.76353110545635,85.59348571386248,127.67615600400858
679,22.633333333333333,156.1543479747529,139.30246142164677,81.75488341659262,64.15859271019988,145.6029257704523,134.3576270808005,90.43075243913253,112.34314692630053
680,22.666666666666668,156.0971457378205,139.56016069107085,81.64418472833559,65.06493185504128,144.12099908342907,124.94829267474773,85.72161348485444,121.30221809830105
681,22.7,156.137227561065,139.1665015209183,79.25234024431475,63.964464666059364,148.17462536810905,136.85402233234143,90.94159735508978,109.74002766298264
682,22.733333333333334,154.5817321814128,138.5707021586859,80.5755159029107,64.41023700081105,151.20277830238481,139.3790870860413,99.76796091484111,108.65428213705145
683,22.766666666666666,154.83664100247307,135.37976567473376,79.24560396719433,65.2135346060129,150.74436923222362,137.0214981172741,97.90100916905837,109.35817632899975
684,22.8,153.22519220457485,134.8639896877633,79.13769606540396,65.71527156427298,150.9909225395318,140.54945007544185,100.04963609059587,106.65081748739841
685,22.833333333333332,153.61075697100503,133.71480105514303,78.50566996510727,65.10594982003116,151.02878505485873,137.7253487944979,100.52957805977346,107.70268883889699
686,22.866666666666667,154.14494409449478,133.5617765689606,76.46745000928703,64.7259945255509,153.0784595843064,144.46785158104632,103.60398981534983,100.60137944266098
687,22.9,154.0790168888497,134.96633907487154,75.97584103204788,63.00725854393525,154.18179621453675,144.05664403146469,107.15435569497032,100.41247127974361
688,22.933333333333334,155.8906128181114,135.78398282428284,76.93780828193837,62.795711662611815,153.08529026218545,142.6376393328435,105.73959035818255,101.24692681769316
689,22.966666666666665,154.70521074782374,141.51771822398985,80.34208565712046,64.20841279671916,150.023506534666,131.84412292219514,99.44092794535253,118.16382024419075
690,23.0,154.50734058080414,141.3184410002181,80.34725090211461,64.12723133003061,145.90322143004937,132.53880380695063,88.4410510671256,117.55041759199007
691,23.033333333333335,154.71259490531713,140.2348368154735,77.69825801485888,61.91706781392825,147.92620750475373,133.97100472041126,89.51657272272197,113.31044032595321
692,23.066666666666666,154.40139658382162,140.35442963198233,76.92465385640219,61.24683542243419,148.92793164273684,137.8176898857155,89.78615362528096,109.18587853160896
693,23.1,152.90283062585732,133.22331906175214,73.80298607732549,62.05192158761848,152.15374088424485,138.86960013339947,94.61774407743435,105.85006770405421
694,23.133333333333333,152.02677246124264,133.17986232816293,72.72296084178323,60.52659656106962,153.42582934022806,137.4020194482779,94.61213614563944,106.15488055008066
695,23.166666666666668,151.70212315693044,129.96109353086572,69.39128766435088,60.92208239664839,155.96421098237192,142.9003949505765,97.44300179723437,99.39999595446722
696,23.2,152.05629051810982,129.08087908161275,69.72033021283997,61.03877956856461,155.07672832663422,141.94704564986674,96.07909308486147,100.07524066346248
697,23.233333333333334,152.425884403581,142.23083592806188,70.29195978373359,52.54360907866202,154.4277529564417,138.66163605110134,91.64826005009877,101.60930257712421
698,23.266666666666666,151.65449157435634,137.6477729223771,73.72045797141645,55.22567297632522,152.35242781946437,137.99956017806963,89.1295420180709,103.02548760928774
699,23.3,151.8878509228716,145.70191600255384,76.24781489910421,55.38102343040582,147.8326014812023,124.72433596450789,82.52895790703518,121.75182832937053
700,23.333333333333332,151.79598931018376,144.19205011678307,74.69720243711961,54.14693739475219,146.83850041733936,125.74846803115551,78.70455221493184,120.60165488439547
701,23.366666666666667,151.16099008569512,142.8128994214376,75.47701976935123,53.149863075991405,144.90742352523077,123.56124917557372,77.48079461480347,122.87632223272982
702,23.4,147.69917363140036,142.28776985346096,75.87109972811577,52.04120758807136,146.09059512578938,123.38361602504362,76.93626957874737,122.69020286757969
703,23.433333333333334,149.2889633031566,144.01722796400136,74.51972686737236,49.91536242854822,146.30237064045988,123.09913079292991,76.51990188270693,121.58641005784884
704,23.466666666666665,148.941520133217,142.11561228550772,73.24195345560022,49.387300399256134,147.5809551065398,124.23377672802144,74.29826034450524,119.61382313605515
705,23.5,150.52587140513896,141.64336967303797,71.90686152532824,48.031028722980246,147.9789784794838,119.88016808880452,76.50560296124927,122.69573546828516
706,23.533333333333335,150.83333141791894,141.7558655015557,71.69524299942184,47.298796148664906,147.68845288728164,119.33973752198135,76.0121681045695,123.1344385875203
707,23.566666666666666,151.84565016691388,144.76704226846965,70.88467820408157,45.64568406113028,148.07852560224848,119.3225873026782,73.96533984249179,122.87430630655763
708,23.6,152.10786270499548,144.81845726818133,72.06227512257176,45.0335943640955,145.50055757577763,111.11014659229868,72.48158803828555,131.3391061647569
709,23.633333333333333,152.84452674861026,144.8263240501486,75.05910623712062,47.19447301800449,140.48917648571293,109.47916403614923,69.72348022672476,135.6547763339926
710,23.666666666666668,151.84048527291037,144.25907826400604,74.77808497443145,46.319809642764675,142.15794848384894,111.24745478236552,70.09007510474818,133.9681987344938
711,23.7,151.5817572633753,137.21045777799506,73.9551234598825,46.66649483607827,142.46067376556778,110.59418521620857,70.28666394428049,132.638223315871
712,23.733333333333334,150.65537472362192,137.1787680893316,73.29571974587141,44.97811797382012,143.326768959749,111.66038361592418,70.69829596697343,131.4317124328773
713,23.766666666666666,150.56467857645993,138.53914136325824,72.61626221933638,43.71649807061169,143.55079367913748,114.29553403513587,70.94049969312822,127.80715830416196
714,23.8,151.22200233556376,144.5213248595864,72.67073718963343,44.062160525616726,142.3052140806198,113.64630579445506,68.58831375527278,131.22080164274232
715,23.833333333333332,151.88454171455976,145.99014312080232,71.84798642568333,42.48890536945559,141.32718812567714,109.21874215065763,68.19345149685684,134.65559195193669
716,23.866666666666667,152.31688807219243,146.12028064457851,70.67153599152725,42.58502549966038,140.78486699722131,108.27011159583394,67.25321875838792,136.23790748580146
717,23.9,151.57228583364065,141.97772142435448,69.42090247219353,40.26158856412707,144.7248160292953,106.68175702142285,72.8102275742453,135.6549126572146
718,23.933333333333334,151.8716856332428,144.83413756339183,68.93323680215552,40.21945238460268,143.38078006247804,103.41008407112876,69.19710381111626,139.06032528263174
719,23.966666666666665,150.99404277950578,141.91903500271292,69.0272525734669,39.82707189729638,144.2225043762517,103.97398325783757,71.0458465797906,138.50350328786044
720,24.0,151.15744824666956,141.82746592186123,68.94484811099176,39.317478891973465,145.2721888363893,103.97318094445642,71.59546580021077,138.447366667144
721,24.033333333333335,150.23398429925822,136.7876014109994,68.22810757799225,39.5710659235248,146.6706797547079,104.32365923653272,72.76437854345052,136.96403252775036
722,24.066666666666666,150.36796058054358,136.888153723644,69.14247891133365,41.15439583989106,145.3778610154409,107.91318002603941,69.19673548662836,137.17125853795477
723,24.1,150.43015915205538,135.81217242129134,69.5276756375233,40.540167529537165,144.49276753884607,103.1443341679441,74.04241860410653,140.64527774973632
724,24.133333333333333,148.663225785282,133.58935398088295,69.5657552117843,40.183279501210905,144.66602411645107,103.78618805797856,75.57880078781713,139.72902173554692
725,24.166666666666668,148.82996824627423,133.83273937659231,68.61908693469516,39.39021677231343,145.46474414719353,102.62326028956568,74.9898956266327,139.25003216220813
726,24.2,149.5736934306435,137.47255605146665,69.42647292669399,39.20056175248884,144.26008540906034,104.54927644573344,69.90619878969768,139.47478410313707
727,24.233333333333334,150.0183561319895,137.37935546595583,67.8874861326678,37.70502420232136,143.80419110921184,101.75095359012715,78.05510266864373,139.62624919026143
728,24.266666666666666,149.695606185938,139.46600885885823,67.93788109165561,37.30573566367664,143.89477086016183,102.51142703390686,73.99052434113432,139.441833968771
729,24.3,149.74547464540836,139.29371536021634,67.79660641279055,37.346037874349534,144.31442227246947,102.49839464499681,73.54780588572306,139.2776885052332
730,24.333333333333332,150.14319346010637,139.29480884922648,67.21287203676548,37.114843829046144,145.0892155974009,103.04718219439997,72.81825774010984,138.61547289790178
731,24.366666666666667,147.59466685008493,133.96444563310754,66.97701918683194,38.731807932357114,149.03231753863557,109.69266138420343,76.71745466732604,132.38126846779662
732,24.4,148.82672966033905,135.40463830307118,66.7675742596636,38.22018685185629,149.27338493576312,110.89019405302999,77.94757072914184,131.14561046389224
733,24.433333333333334,149.30069301960356,135.27018944161676,66.88035971341587,38.24220607154144,147.94288066593086,107.65420071388128,75.33419310321678,133.83155700460702
734,24.466666666666665,150.30698053165824,139.85862203416553,67.38514387290498,37.63971976861272,147.54476329854327,108.45170844555486,73.25429938093791,134.80165516871364
735,24.5,149.61400929965353,133.07861944245894,66.7256334746552,38.68718195138434,148.79239296607687,108.4621752127975,79.36663271814685,132.92979448389326
736,24.533333333333335,149.8118407195145,136.5686764458434,66.20039440523472,37.40786402950034,146.01479387019393,108.1320803556166,75.11911575367903,132.88121504758084
737,24.566666666666666,149.48618946683868,133.74953929692248,66.61983752674674,38.731027876243694,148.1778672827871,110.36509030679905,77.86116269340934,130.98981766361894
738,24.6,150.03648789704476,137.95153725391475,67.2483573073246,37.67754935303364,147.30247087064677,110.20366531936135,77.65249099233858,132.28599690030302
739,24.633333333333333,149.08424767879083,133.07401871502523,67.74904654850194,39.387508881147305,147.60113442421454,110.24044315191999,77.06662745399989,132.2468639181556
740,24.666666666666668,149.90020033473309,136.29302717876388,68.40249099304259,38.96503045875095,147.0617174069059,111.23856168099267,74.81582030937948,132.25486579579297
741,24.7,149.0682862756026,126.90336744688281,68.87863779320284,42.62255591658287,148.0877198443882,114.04706902364438,78.40263371112917,129.67085798922642
742,24.733333333333334,148.97986725071752,130.94954920792784,68.91063330362307,40.9952248264138,147.8116990934388,113.66383065476064,76.80455559687307,130.25670321430007
743,24.766666666666666,148.06937298777154,130.8980834209318,67.68000627104489,40.60824359272462,149.60746153181287,111.72389343212427,78.84117103649598,130.42155902477685
744,24.8,147.6451525641638,136.5919432458857,68.80850046282231,39.50320551062021,146.83795917020726,109.68302394206363,73.2563068106799,133.69264529758917
745,24.833333333333332,148.34846556057684,136.62725313054318,68.88199165138032,39.49170059558597,146.76187061813215,109.6165455584348,74.1931126719576,133.69102664060998
746,24.866666666666667,149.72793201066133,138.8471548758202,69.48617821466686,39.33889328296892,144.4601562460149,108.21989301175084,71.35771712580413,135.56809639643137
747,24.9,150.0109537466134,138.85633054079082,69.96685361238225,39.54112914440503,143.723663183458,106.26547911242554,69.78389054139615,137.30008967228872
748,24.933333333333334,149.98967705769675,139.81840543655665,70.12218237003233,39.60218769426677,143.65396482981583,105.78847597465077,70.19930047072135,137.67919017374203
749,24.966666666666665,149.92140967075633,139.186880435512,70.20547746090503,39.531885200035006,143.93600719086746,107.75208446908572,70.22922298131624,135.46466616990858
750,25.0,150.2631669690766,140.15233986111707,70.5114928580443,40.0267866964117,144.3710851155323,109.18453736475863,69.59180249458817,135.1746245365876
751,25.033333333333335,150.02358039599028,136.86956674782755,71.2066785912739,40.81623014840617,144.01081210661025,110.39204099212967,71.17213279484827,134.24420711202276
752,25.066666666666666,151.25269413228065,137.86475228209275,70.75995526549747,40.550135536929375,142.6354541527018,109.46445061920797,69.56412026761076,134.6201053898326
753,25.1,150.52386820031614,137.82954706703498,72.0961739557289,40.99991464442872,141.46479825507342,106.40722895809996,70.51718964497522,137.94134991959086
754,25.133333333333333,151.22387715537252,140.37700108962414,71.51702061003668,40.62709699007735,141.58453471755453,105.55656837672704,69.043656774077,138.4237108406996
755,25.166666666666668,150.33741351193916,134.71483608285865,71.95626693535253,41.51429159297161,141.50878403367747,104.70565699391362,70.111058764782,137.93188777218714
756,25.2,152.1396991028268,144.23056448751768,71.4553339597049,40.63324807102299,141.18946579299748,106.38073913226351,67.13544339081271,137.8844015092534
757,25.233333333333334,151.64744735575277,141.15021585691372,70.62954660731566,39.57727329150984,142.5997299399529,104.27689403490749,68.24882618039629,137.54367937219996
758,25.266666666666666,152.40900575628083,143.9291360865206,69.53115420455657,39.700473641612604,143.76986029773045,107.7566139397655,68.55165038108564,134.7317539266719
759,25.3,152.33788305302645,144.64699533752125,68.8391668755766,38.626963124186595,144.43705349432963,111.42351514413093,70.35733159823498,129.2437332806131
760,25.333333333333332,152.35073090268537,145.75096519066372,68.98662611242355,38.972087016454985,144.2355596670944,111.21181661155629,68.624114425062,129.61685325632914
761,25.366666666666667,152.0862719188101,143.20436738037162,68.88425084207793,40.00078655451964,145.2828170047452,114.79251016656873,70.53433148196835,126.30547808717093
762,25.4,153.18140734918134,145.85809902984212,69.00262940261548,41.16476952280027,143.51577682542222,115.65456695359461,67.46933102112328,126.49009603770142
763,25.433333333333334,151.72423980470973,139.27430444712334,69.38339896795196,42.20620765631776,145.89338101104977,117.64687166287271,72.37115903703368,124.48221791086489
764,25.466666666666665,152.11038274368894,143.8774597451182,69.6842335655683,41.582323392980086,146.024922698517,116.65090381100852,70.90263326353336,125.55100494428228
765,25.5,152.22447002043268,142.90331612572578,70.13930397326008,41.55903889793343,146.04787357716404,115.8015618278471,73.50142557182465,125.79598395687464
766,25.533333333333335,153.64033228961193,148.33845076006853,69.00616812015868,40.92872686317754,148.3262787055905,118.75034278201962,73.43206168821004,122.49680382459017
767,25.566666666666666,153.71966670128197,146.62681755361692,69.06292542231854,41.50017608592246,148.6237608862168,118.38337920530334,76.91744485462004,122.8559722093293
768,25.6,154.26552295519403,147.95960987123132,69.27837849332977,42.46928351706667,148.33382897826516,118.44947408580029,75.72090450368609,123.61449024498407
769,25.633333333333333,153.36896639259356,143.68695109795425,68.98051198760261,42.93463047374381,149.1944331443651,120.74576034492827,80.70665707283423,120.34341131777606
770,25.666666666666668,153.00060028821167,146.57409440664472,70.30991045100508,43.549767987244294,150.18860293561164,122.75203918444443,78.50905070427741,118.67656551541265
771,25.7,151.00574252702987,145.8175222615211,70.26748759159283,44.683609586631526,153.12399996636836,130.75111683437441,84.58651174417155,111.65735582776388
772,25.733333333333334,152.95486174937804,147.19497541127913,69.84289920101094,44.33260703019013,152.68663869530673,130.41301013567622,89.34901865131627,110.70824566991172
773,25.766666666666666,152.66742617629347,143.25067603651553,71.39226390455447,48.147185235350506,153.36728299187826,136.08068038992246,90.04817880345858,107.14654535295749
774,25.8,152.3284651503307,138.0141485086038,72.0927780384853,51.64018114317267,152.51632305130408,133.84615873850922,88.73573117044818,108.92133197711453
775,25.833333333333332,152.9179027275642,140.37186218637757,74.46657659504409,52.79661592706574,150.6829861237679,133.63566780947383,87.83547107678405,110.61968973635817
776,25.866666666666667,152.6551741610753,135.04806115001577,77.52989975671532,57.52946328878974,149.11185821599756,134.3184432383893,88.09503598143063,110.3490479868211
777,25.9,151.85087874591497,130.29499047268672,76.91552640709001,60.472048393170795,147.49985636529036,133.3962175435504,91.12979118344118,110.78255475924642
778,25.933333333333334,150.75961907739423,131.21564399404903,79.94481756324774,61.36216932556476,147.03935630576257,133.21424494147436,96.69326412189312,111.4601056848724
779,25.966666666666665,150.94381609901833,133.296779368514,79.31966358024994,61.349706409151395,147.75965315259901,135.33240222467595,95.42217066917493,109.99414553481225
780,26.0,151.20829307306792,136.222169232868,81.50235199858648,61.597078299190805,146.04431405833748,135.8764850208699,87.69822063126394,110.2491305272701
781,26.033333333333335,151.9613516587834,138.865049709547,81.27746585102292,61.123836530994204,146.70013105755595,135.86464396140576,88.08479368702952,110.66233288697184
782,26.066666666666666,152.5794376260095,138.49440279577897,81.02382769998287,61.853634925895,146.88898208064523,135.76901669397267,87.12817919520946,110.11035584252843
783,26.1,152.86199410217546,139.25354164414924,82.95285599241548,64.57573765072748,146.46232498867144,135.072083172928,86.55210148364884,113.07692948066047
784,26.133333333333333,154.9848820541513,139.14509196120412,84.94914957581491,65.40339744748638,144.86174083799057,135.8321628660331,86.2107368038661,112.39641870777444
785,26.166666666666668,149.65560825863415,139.0997126911423,87.31710419472113,68.53539112621301,147.02645305394137,130.4267066166442,93.52672298094663,121.53729519729936
786,26.2,150.30657085712727,133.1848856575313,89.42502838088879,69.70971706982733,147.02294175996664,129.78483536958854,97.58439845452592,120.88597912284986
787,26.233333333333334,148.40848560264018,134.8355815156178,95.9733012899387,72.56014141604084,141.45315616319826,114.18330020084592,95.23946048504118,139.36185585501465
788,26.266666666666666,147.81996704062485,124.1166417215334,96.61304711972161,78.77780140253259,143.08442141414733,122.8372413564006,100.13022952412302,133.1494896287067
789,26.3,149.992773862633,124.80790083936452,96.01168887573378,79.04056115087361,142.58226094509624,124.62486797352503,99.07416128908217,130.4927942995051
790,26.333333333333332,151.0895442561904,125.20805991357052,95.67490598855585,79.6673447579951,142.87793207913606,127.64799287370468,99.85257019295611,127.30853699777235
791,26.366666666666667,152.98925134058527,130.00198934288116,97.61071572143351,79.51437578313731,140.40403147400525,130.2465744306445,98.57608542273509,125.58952705189664
792,26.4,153.6964417645229,131.3436827006447,99.47238678003154,79.03410786454535,138.90769526882977,130.82766049611428,98.38832127813738,124.83370637160303
793,26.433333333333334,156.1510185566506,130.44290231446303,100.33457159669517,80.30867501991821,137.38212555766026,132.60916977449844,97.86735977629057,123.01471847500257
794,26.466666666666665,155.94264122556896,140.38600325344478,103.80289004955503,78.62333423893179,134.4676458209656,139.20138760786094,97.09551090026417,118.85541718321807
795,26.5,150.95507280759927,139.76997781015567,100.61467249291088,75.83530138712261,139.54524650593268,139.64003657068181,100.00908143043561,115.78358771448801
796,26.533333333333335,152.5467111378648,140.78412687045417,99.897221936921,74.30507581482487,138.70317553261089,134.33568172149344,99.0256104213514,119.75587938174236
797,26.566666666666666,152.1732475955512,141.7950091120327,94.97818350779127,72.51040556666855,143.94258264849492,143.67852628451735,100.5646280620302,108.89340525610164
798,26.6,149.66396846508982,139.32721046236205,96.11927081643351,74.00160232357159,144.63482897954955,142.11827943365637,101.52170715003878,109.7091413799456
799,26.633333333333333,152.13716188828587,142.99653931918607,92.25811072677233,69.76246190993331,148.05603344278168,138.91178506180984,104.47845700724733,110.36834297610191
800,26.666666666666668,152.42160278599746,143.383785761303,92.44848693961698,70.43894751827172,148.02938673040686,138.23137687563474,104.0518430223862,111.79901798881386
801,26.7,153.45180492224995,145.33598283051853,93.6196595971404,70.79407769640011,151.63821442545833,149.78676812328433,109.03205057581643,100.7485133174077
802,26.733333333333334,149.5119763008737,140.7449345496657,94.47236321418386,73.51561944211561,152.4503862925172,150.2624231909773,113.97817800298752,99.99563398583174
803,26.766666666666666,151.72831438777098,143.73784635774848,98.57203479393496,79.29140500470533,152.02554850554412,153.98252835971326,115.57314363924091,99.12765629714734
804,26.8,154.74632806424313,157.661370069668,95.87158240199764,75.5616247194114,142.47304944948917,152.69371534312202,90.78352988120301,102.7841432342837
805,26.833333333333332,153.0484841448598,143.028698857117,100.98671106870661,81.46000999889215,145.38234624405214,148.50330355270935,98.942235098678,107.68322655465393
806,26.866666666666667,151.4646726990357,131.9887475424645,104.19915594575275,84.77801456503181,146.22468596661594,143.20070302274803,103.43207969616346,110.33470183548766
807,26.9,150.02690120355064,137.07587433602825,104.24544619931673,81.80656191915492,149.30802842371708,147.75255548466308,109.68154953232333,104.8130861491684
808,26.933333333333334,148.3523297154108,134.30755492740852,103.75165728056339,82.20499637003591,149.89391277315073,146.5320559618879,110.34545616470362,104.2326210758627
809,26.966666666666665,155.43189594416324,141.5348395790102,117.31850577975891,88.72730881186816,147.70423703125786,153.30239413282297,116.32737508110566,102.78824969073317
810,27.0,157.3177437841159,138.91173819440687,114.44615744042635,89.2252179709811,148.1854222098072,151.44379748098382,115.37323222231022,104.76426004712009
811,27.033333333333335,156.05898279413816,141.37867296025323,116.48181229933385,88.28765490910097,147.32986714900983,151.55389115492653,115.0404548007062,104.0523043562471
812,27.066666666666666,153.9811343671439,136.98621704140461,125.43234557727682,94.32106982447634,141.61725649974778,153.57153358747578,111.20839658015873,103.1143619670603
813,27.1,157.29173335418054,139.23442705940906,127.13728279029117,97.72132411671096,142.34361672029343,154.87614648449932,112.88396908970975,102.64489183927482
814,27.133333333333333,157.5197494581579,140.4971064534893,129.1124908602692,99.14395333400321,142.75368623052785,154.92762646358247,114.0818955225087,104.23991786408307
815,27.166666666666668,157.73105809180487,140.7798199423608,128.17756399557226,97.49613412527977,139.6996484527561,153.22326147381253,108.97434359670291,107.7598040172925
816,27.2,157.10903360471744,136.2045106617311,132.8827864860167,100.9827284690962,136.68866771453432,148.9488241136302,108.54032085942755,116.78037023858674
817,27.233333333333334,155.7469769399951,128.46704598426263,132.8525822338682,104.89089246221101,137.5502296672624,141.50193271312844,108.85021407665069,127.39837144931519
818,27.266666666666666,146.3511678623765,119.73625143338441,128.19705118283642,101.32857218910523,134.74025457375086,137.27929321374157,104.38229419768481,118.63698257667042
819,27.3,149.68267339199022,126.95596913128374,127.46943884515878,98.10382680097695,136.9963575908753,138.7052117941392,103.48732255243483,118.81811139874024
820,27.333333333333332,150.2335289521235,129.01552560240359,129.7930160560559,98.93841130647232,137.17579982198473,138.01209219704594,103.99690061890401,122.0027312100317
821,27.366666666666667,145.06006782545074,123.90144205843633,129.05197544149598,100.75785091166918,134.49964200849573,140.33684794819987,102.54521958356335,120.05465258368581
822,27.4,143.15695875143047,122.12838695745639,132.39976621514924,102.07865209193217,137.19065943307618,142.3036019140237,107.26690508628816,118.08812420079221
823,27.433333333333334,147.03386826522672,123.99446210619061,136.31505708718882,102.08310895135133,130.1216336473463,133.3754058895803,101.56057991796875,128.60792740296745
824,27.466666666666665,148.5045364904936,121.02076988029629,134.81569862287813,104.40814137443914,132.19425502537925,130.78511201624897,101.50691518431319,132.303821647628
825,27.5,149.63682673426572,121.25551828037416,137.43661685603453,104.74343535733716,129.76835680461105,128.69940516276023,100.4183761603628,135.62246995310525
826,27.533333333333335,152.78508088051413,119.65740705959246,137.46073676234312,105.66520257180638,129.9745383073945,127.34329900523264,101.37540371556972,137.6727636212224
827,27.566666666666666,152.10491140336362,116.8254739485509,136.2553217574155,107.72000435486518,130.499725143412,136.24259388552957,102.49562790219093,129.6999017567561
828,27.6,151.4372435843874,120.25133797499839,136.44484673114832,106.33313184544544,138.40357075009342,143.75032826085555,111.465718960554,122.58919637733244
829,27.633333333333333,146.2953081342491,118.10512911625531,137.24690193035244,107.0739347736275,123.34038179901505,131.23469776410525,94.41804205616977,136.06548664468554
830,27.666666666666668,148.63595637550793,118.06989716248391,139.53991812592443,106.80754647411703,124.96212415897735,130.81325264500106,96.62523715118209,136.69320565687556
831,27.7,142.34215573004167,112.9892971994054,139.21796414046918,110.11392149909302,125.95290667889634,129.33177377116778,97.60854651375134,138.19239993102596
832,27.733333333333334,146.00838706204001,109.60196757697622,140.2393492842554,111.05822276283743,127.87086459696881,130.5660872205005,100.76400846815432,136.38537876626486
833,27.766666666666666,144.51311310557938,108.39653872438927,140.04721544125914,111.51609633278267,127.46018395429057,131.04911631009588,100.21031229219025,135.50752679191197
834,27.8,146.44210546778874,109.97225310004704,140.83496771978983,111.2176719393693,122.23561554629474,127.60792324354787,95.38778247610244,139.10468396950344
835,27.833333333333332,147.02735210215826,110.04686599225279,141.13529205081335,110.86682225953028,128.45369808465983,129.02507769913464,102.24602375930489,137.04804717743568
836,27.866666666666667,143.86132579048274,115.57044879441476,140.4765628869804,106.56084770714357,123.72094811800845,125.61764340365862,97.61577782885807,137.1972992873844
837,27.9,144.63039396035944,114.98178325792851,140.138681630115,106.63140421473264,124.20609389887974,127.1585654674373,97.42089899082319,136.31464344561914
838,27.933333333333334,145.26290599323116,117.6486916974832,140.20036765140185,106.22629318659777,124.11757622992499,128.332300168304,96.1578427987699,136.00392282248967
839,27.966666666666665,144.2022153681158,114.20585189018739,139.75523804053992,107.1894963626595,126.02088840491751,127.44337138969284,98.3011979985542,135.69119484677373
840,28.0,138.60949027736615,114.29824363506884,140.33510658774466,107.63785892057925,126.68254510758139,127.06671190658483,99.00497650828605,136.5725776469826
841,28.033333333333335,140.28276251157166,113.22963963716818,140.2577186466123,108.44795757269627,127.1479024038444,127.41218138465828,99.413583301095,136.2366901019045
842,28.066666666666666,133.68275623414743,111.9451295084423,145.4935917341288,109.69785913637647,123.28149147575076,124.35925828625618,99.60666259746642,140.21040685913255
843,28.1,136.41495254560667,111.83544795878635,144.48675257444364,110.37810471008753,121.42514878562268,125.26211004822086,96.9559460482051,140.26370007353404
844,28.133333333333333,143.36316022661936,111.99034741385539,147.02728369779186,112.20695563895902,118.56565813843294,125.49088942988413,96.32658339219306,143.50041921370553
845,28.166666666666668,127.10058469380635,106.8448780970614,146.33169432182532,112.51595116064127,123.23263974782328,127.83261856669583,99.44068512296019,136.69744699581383
846,28.2,131.48363327031615,107.97000680297324,146.7758707457399,113.1433139194637,125.81828621523587,128.2508795018855,101.9361996979669,136.45238928486577
847,28.233333333333334,137.09311591340793,108.13223419660487,147.63606136724363,114.98486381084619,129.65908390261913,134.8881686917992,107.37144815469688,133.07542603254166
848,28.266666666666666,142.01197698888228,108.94438214686457,147.31000269618247,115.50037965746807,130.91247205798646,138.4921264368931,109.49907932752097,129.93515610571848
849,28.3,127.71893282463833,109.45402263077828,147.21514442126525,114.70989952836008,122.85655350063729,139.199313892051,102.08638583777098,127.26320528073097
850,28.333333333333332,133.59818541195517,114.89376521016399,148.21025142032494,112.86900347767047,128.24327039574274,140.5500803298031,106.71445653055474,126.49052304505312
851,28.366666666666667,134.25497830272764,113.48740208500821,147.95797139013428,113.0935533545793,129.687077084364,139.38898356682395,107.96548157471145,126.27694051444853
852,28.4,138.36211777338917,115.54686140073179,148.5080347502401,114.43334662272441,132.92693651381492,141.79192737470547,111.1415254090363,128.27627785151446
853,28.433333333333334,126.5814341067455,114.7006363839681,149.87007742611948,114.45179016782352,129.35951303746688,141.6937037491556,107.55313657457874,128.37575964658933
854,28.466666666666665,127.95987856872988,114.64845359892692,150.06639468519057,114.59758514713432,127.6479173350923,137.00475286717636,105.58139578754913,132.5913740943275
855,28.5,134.2688472083266,115.81956329772659,146.23744782043244,113.59404650058083,129.54896190552807,136.1959666607162,104.5728802977038,131.540229181542
856,28.533333333333335,142.2587045651296,117.3106749621416,153.20923860196464,118.63497691707572,128.568243543338,142.0135848290567,108.95417693436393,132.92897113888642
857,28.566666666666666,140.97906843814187,117.53883369135899,152.98758742764673,119.15740913358826,128.22142716903238,139.09146125417564,108.00270132523436,135.98491489516877
858,28.6,139.53748341504067,117.13134615690785,153.00965885067748,119.84979599705767,128.09661460087094,138.8721673528136,108.49723532492949,136.1791318064688
859,28.633333333333333,146.85614763975752,122.44032737675035,153.58132928562287,121.34709164880753,132.97744169839478,145.79669249526813,114.82034806701027,133.9767418346411
860,28.666666666666668,149.9559551353355,122.72241009006513,154.22855125907904,123.09892518574381,133.94162493623568,149.0033951633019,116.1161665123302,133.19515250655837
861,28.7,145.31078693630067,123.31268591797568,153.9750999797648,120.56067987444297,130.048045759091,143.77889965625062,111.90421895075005,135.38658884376923
862,28.733333333333334,141.83796377157194,125.41512923009691,154.55794468441792,118.9751684703837,125.62612868738492,141.66712884584322,107.26465777804869,135.45932925636063
863,28.766666666666666,146.19038888372,122.87732817671318,155.31930401269972,122.66372194672323,128.02395823136428,150.1181217037104,110.42679773630272,131.19993881758225
864,28.8,143.95645549878546,121.84554772588545,157.35176489848266,123.90377959211601,129.27213601473244,151.55355936702017,112.00695833832758,129.90605413369437
865,28.833333333333332,145.64021116496508,121.16824339963605,155.2213968995977,124.14583720236385,129.4710360111799,149.13300323132088,111.64712436138723,132.14893233436106
866,28.866666666666667,143.4646750568157,121.25029847184669,156.0418678508133,124.03422569195136,128.6182893675375,145.14437224699162,111.50884450222924,135.0210489474033
867,28.9,143.8524364998194,121.79346823303057,155.89342353531296,123.73855380570278,122.21552963622894,144.42209313385013,105.04751862667194,135.4347407611741
868,28.933333333333334,143.87333217519634,120.94207606918391,155.401518180231,124.81752318387491,128.4325726423526,150.37810726268071,110.52413958560243,130.77701317825932
869,28.966666666666665,145.19778485044336,122.53581511390342,154.47917219814778,124.46969200443648,128.65774274786793,149.9311322478655,109.83599206784899,130.2564575590893
870,29.0,145.25358353050828,121.74077903153544,155.62874531773613,124.75712102293458,129.88413148868577,149.7684011627893,112.1011357531283,130.2893559665056
871,29.033333333333335,145.00673881853353,122.24570532475079,155.57702354338295,124.8026696929324,129.59524143262297,145.7363316087758,111.68898743533923,134.3400349288496
872,29.066666666666666,144.75005802579338,123.80098350856815,155.47056497821026,124.63511384232469,129.25598982956174,146.13099551122087,111.19453372063913,134.32763549280722
873,29.1,143.44585863307,123.68795204813729,155.25121627406656,124.26744568568212,129.88470396363965,144.2117965283337,110.9248186711169,135.65274918352026
874,29.133333333333333,145.7134351231337,123.31314057613413,156.16366760752962,124.79798934738403,129.85628138015153,142.92277386708895,111.86993215381341,137.94252579263912
875,29.166666666666668,144.50914637297953,122.22468388129188,156.31817053463274,125.18223341282969,130.44266330897904,143.14291287256194,112.20062100303404,138.04660271557705
876,29.2,145.46851384741973,122.61936834827799,156.18789930398236,125.05395559593472,129.55115954015835,139.81999013443556,111.49116979749739,141.7387115404688
877,29.233333333333334,146.25067369314885,123.40563327741278,156.50649478751347,125.37586709061884,128.8917600161765,141.098931037345,110.8215837864224,141.52250789991407
878,29.266666666666666,140.38266129592134,121.90736494670087,155.91653982372387,123.77506592784114,129.83490531746068,137.33152492224002,110.56273690451039,141.26616715423157
879,29.3,141.0600774555002,123.95105113274529,156.0855525397256,124.00767396466055,129.6802302691585,139.31915929227497,110.40554716642853,140.8568513650466
880,29.333333333333332,139.04027312697613,126.3581368594284,150.8513096977862,119.51569061838906,134.36895208615226,136.0537726552922,110.28090160668172,138.53787303455417
881,29.366666666666667,140.94849138280432,125.67478277998849,151.56488919344363,120.29814945515285,131.16768861820447,134.999783557501,107.61021881014439,139.78398641280458
882,29.4,141.99779154835517,125.24591946565714,151.6313045522498,120.68888695041638,129.9207021450882,135.47291915194126,107.67005942937347,139.67603985299868
883,29.433333333333334,146.44235128257367,123.64779280762401,154.3601257591989,123.24027908914034,130.50862524166968,139.73348656768906,111.15472642001944,139.22575543013897
884,29.466666666666665,144.28087397539213,123.45346782777422,155.4743307496235,123.33502354213557,132.30241547766622,140.56050873151682,113.72186632540532,138.51391567679596
885,29.5,144.07759747142376,121.40263511478946,154.79555441280544,123.97112331124116,132.81426584832363,141.44620666444715,114.17738680190043,137.16982799399045
886,29.533333333333335,149.80235896338132,123.26808249685085,154.91672794066577,124.04506780704436,130.63567709680456,151.24204934594206,113.71783238715715,127.5367177451701
887,29.566666666666666,149.49326552687515,124.56011520322458,153.87146863431124,123.95534022002525,130.61562018314322,150.3922531593587,112.8801738527543,128.4114959208989
888,29.6,149.37197813015229,124.56930166029417,153.26197419411582,123.86598633294948,129.3925180153044,146.0058467101462,110.66584306359672,132.45017727494758
889,29.633333333333333,147.88007650388985,124.70117281884035,152.72619564526167,123.78721172157812,129.04047748633087,145.36738364653633,109.5688520748985,133.11681312728982
890,29.666666666666668,146.30852755540064,123.8343682158757,156.977268219365,125.24096698676279,128.89200723399273,146.9542891057747,112.67971419397875,133.7296712471011
891,29.7,134.39298483296858,120.01780308199666,154.09059940219151,121.54858431816866,129.8741674646287,139.41275196612543,111.38997978318669,132.7118150042177
892,29.733333333333334,138.2637577292004,122.35354615609977,153.3470532961827,120.8210673652407,131.8970795855144,142.00920014433964,112.50671199766578,130.87296644569497
893,29.766666666666666,141.2170530248407,122.46510172002222,153.27856369475853,121.6364051391901,127.22139330433731,131.78548126416658,107.65864124870993,142.01308092126672
894,29.8,141.15909858184332,121.48526501926872,154.1229419565168,122.77131618990083,127.58021620343862,134.97431621400926,109.88715554062482,140.32378772678626
895,29.833333333333332,141.86257492342344,121.98037109743582,153.68366155444582,122.51016924206586,129.47194802359977,135.1346530641618,110.32886637056161,140.32917404986188
896,29.866666666666667,144.13818608689363,123.53409869721943,153.58194509485023,122.19441163510514,127.73004129138215,134.97448857210324,107.98138396169841,140.79073378576638
897,29.9,144.4137565202746,124.01311673839984,153.71901072717523,122.20772571169785,127.9903640046142,137.88825851049145,108.3792746830901,138.2146861758957
898,29.933333333333334,144.32827220799828,128.00962390681468,153.5182215571131,121.35894647482446,130.43360084167324,142.7222772314196,109.42929384661537,134.87417479994977
899,29.966666666666665,143.63665334803403,127.83848832867008,156.64892678471082,122.23125895915634,129.2647129761781,141.78083399062385,111.08296825040539,137.025632094346
900,30.0,144.08367850205704,125.0778422478193,154.8503646645682,121.0737072870543,124.17099620784859,138.74130995226045,106.3838343351136,137.43286699530836
901,30.033333333333335,142.32727484050673,119.43078902161507,153.3910723841414,121.73734009457985,124.9211566805451,137.51791012875574,106.58095524908555,135.95051830162237
902,30.066666666666666,141.46872941973294,120.56430109118631,152.81340058352734,120.8967176702974,129.33049804948627,139.1215016736654,111.00624162356445,134.06289458300907
903,30.1,142.4066150413739,120.2243767466302,151.09557619649533,121.04704086715752,129.8765888528953,139.0927070160008,110.56525548999413,134.2866861764369
904,30.133333333333333,142.27591455762965,120.91391550085596,150.90430287454882,121.35391379182653,126.51500043934175,136.47596585170712,108.10516237363576,137.20419699455712
905,30.166666666666668,142.88024103244103,119.83050223346294,150.5253959713611,121.65704020902439,127.63338170425672,135.55996728327304,108.56115413828182,138.07104017965233
906,30.2,148.68877023029282,126.58998564979147,150.4271726356753,119.63499782247663,125.49504402858533,135.8038365459476,106.13060277597258,139.38332441019244
907,30.233333333333334,139.25352974911058,121.42163151282537,149.6064618648527,118.35930472397183,126.94014775324133,135.65618422584114,106.41009222481804,134.7796855298424
908,30.266666666666666,140.56145334684317,121.00959360993589,148.61236226418262,118.30522562334866,127.64668496005523,131.80587000325625,105.54565452213352,138.1902774251051
909,30.3,148.70198819370293,124.4767582716768,149.3564572555572,120.20481404127487,128.1531258952403,138.4929376279789,107.06369866303079,137.39510554577845
910,30.333333333333332,149.28574303715965,123.60708916968673,149.72278896404396,120.45411616808003,135.28572145837126,137.86433028183754,112.36500377732992,138.20945168114721
911,30.366666666666667,147.85117422731042,123.9279184060972,149.78452309451436,120.51195191135939,126.43628810272568,137.1590480658639,105.33368532165,139.30953974397676
912,30.4,141.50835213378016,119.75467725209539,149.43065860781917,121.0543117488115,122.9616061073485,134.43599896612238,103.50571134946675,139.29524538009858
913,30.433333333333334,142.1054877298565,119.53827990777665,150.6388023115448,120.57721676864558,126.49807581191364,137.95534393457237,107.50663525459022,135.8075566692424
914,30.466666666666665,146.12146683276623,119.13104495537392,150.11486867189205,120.97631914533413,118.78241309132893,132.73429301249203,99.43135200818338,141.4922447237843
915,30.5,147.81004445565617,119.84452848966671,150.41198632172126,122.30993558619775,128.0075305777808,137.46888671963796,108.06358244525548,139.58231855395795
916,30.533333333333335,146.2787871308716,121.4634853274298,150.26721472925476,120.24533056522696,127.30714512992311,134.00544260027402,107.1178709762704,140.3960667908293
917,30.566666666666666,139.86457471056846,119.41370840012254,147.2243727831591,117.75532402291296,130.0866519574631,130.63139015677945,107.85447346015697,138.6450484738666
918,30.6,141.42628780164506,118.34762913469258,146.8367656361357,118.05071309714066,130.10699472519823,133.41696934462132,108.26966998391438,135.27730004710648
919,30.633333333333333,149.1859201010824,119.07704602281503,149.95633572712396,120.36489262309891,123.1881459003681,130.02556270145823,104.26102595286565,143.633875995624
920,30.666666666666668,142.48792547777407,120.12269585763103,149.30298227124882,117.63985160599742,124.87178384180022,130.02841419601367,103.54755792864162,142.13328499300974
921,30.7,138.60294114953996,119.165032832307,147.08728560554133,115.2275545953488,116.73373236406323,124.78414505100035,95.70170894095847,141.58246044164804
922,30.733333333333334,144.9401761087799,120.80608440939638,149.60983736011843,117.48192231646378,116.26142322308016,126.09526564306579,96.6398294062264,145.09695026654012
923,30.766666666666666,142.3946604735857,120.15478268695786,145.5513167508622,115.42774010474697,121.1782218715746,123.70034237090765,97.54668666196619,144.3040067130959
924,30.8,146.02392876354727,119.08401429175677,146.12030218880182,117.78003341262193,118.97869787591581,124.45107636534854,95.49247141884544,146.32176305009605
925,30.833333333333332,148.5431537137772,119.96835887372197,147.43900318595632,118.96833012715027,120.48271704720517,127.5671354553123,97.78675577157819,145.9069714419482
926,30.866666666666667,148.2255030637795,121.18036638043151,147.80413039330884,118.2708230429742,117.45024703050127,127.3221828689101,94.93731652544875,145.88429988212246
927,30.9,144.91174557912015,120.21407299000664,147.30807768065992,116.39718137466599,118.3307262510499,123.61319792521424,95.98505837367162,145.1735975490178
928,30.933333333333334,146.3741384230298,121.65506856562885,148.80993175562824,118.77873520393548,122.80227266721003,129.3069025603785,99.09555364451387,145.18616059597167
929,30.966666666666665,141.96729077592357,117.70663029503875,150.5837669964294,119.98256845606561,123.217063643238,134.51536725778956,101.51645955594967,140.62462901721344
930,31.0,140.50419965331406,116.01789659885794,150.93491079994556,119.70401050534481,125.17560321076594,133.4846338619557,104.31738615265476,140.292831137537
931,31.033333333333335,141.3740444307465,118.32570819715968,151.90550425274358,120.28676182411347,125.53989522053085,137.2503012911192,104.77489878720822,139.17757487229113
932,31.066666666666666,140.86343337591265,120.11014558917287,151.35697935475068,117.72017604476937,124.49894745415665,130.98034823911726,103.33047044106405,141.5611812356169
933,31.1,132.777373278238,118.33244092360682,147.9515570283873,114.10507494507192,113.22441577474557,120.19804717889332,90.76439787526054,145.3909881637047
934,31.133333333333333,143.4820310311525,118.01590576746446,148.7677451552774,117.59723932858562,119.2807670722162,128.78183987653395,96.0376314627721,143.60464333748553
935,31.166666666666668,145.18530125439312,123.48937284747916,148.8597239849404,115.30944527130778,118.961711685373,129.25404892794649,95.7102279460224,143.79381397470084
936,31.2,135.36197033329566,117.80953561911102,144.4092865967782,113.50691574307513,120.13855486815173,123.1119725523574,95.08123965437723,142.81030173233123
937,31.233333333333334,136.75272145386285,116.58459586061815,151.23828212458054,119.57413414345856,117.66525815328092,133.77349637055755,94.74977897653316,143.59192431077997
938,31.266666666666666,138.33580469471735,115.80487566939463,149.97034652838073,119.16893654800808,131.38171478073303,136.41575355240138,106.70483800227802,139.817775456775
939,31.3,139.24316879252365,115.12219124179711,149.01109415916093,116.93088119478426,128.46414173450478,131.7312887279969,105.54110768582055,138.5646618484661
940,31.333333333333332,138.7863702619548,116.44024817525586,147.0273478194729,115.85618395153342,127.42910226977763,131.6176479241516,104.48524875706539,137.59374598032392
941,31.366666666666667,139.19976691015862,115.07805970592638,146.7144454235636,115.85999128862208,127.54106768268869,130.6335302039956,104.28056899726525,137.21738912458565
942,31.4,139.2552656495835,113.16506470174272,146.92345391431616,116.42284767046958,127.5670943062564,127.60397655963844,104.4878544582192,140.06415968321647
943,31.433333333333334,147.68869328435147,116.99046271250508,146.8735447245098,115.28545030155992,127.44481817376371,128.26244611218308,104.17072764249589,142.18708007383646
944,31.466666666666665,141.7626809138143,113.15129147432067,141.29431329937177,114.49519876928512,129.23164288425465,129.5519825097366,102.75999745552159,136.22473406425226
945,31.5,142.9151061713813,113.58810419586165,142.95839013527774,113.17430825096011,126.19646777794647,125.5977947938352,99.96565088119188,140.41962093636454
946,31.533333333333335,140.9897901403977,112.92903250239088,143.3225181340212,112.10773740986214,127.25351039550763,125.94157599778787,100.78380888109453,140.4433450209695
947,31.566666666666666,145.9776327987193,113.21967483534551,143.78352208178688,112.20941541278337,126.08386694959518,127.04801695319517,99.80772288608516,141.40434556519583
948,31.6,147.45810347600894,115.53121948565777,145.63724926018782,112.37513454496325,115.55682033667847,123.31926492401765,90.58543185897543,147.53673674547173
949,31.633333333333333,145.57920439008737,116.53023867391545,145.50913738159986,110.67189685251243,120.37094768063588,124.63439723819089,93.80284535736858,146.8889640396706
950,31.666666666666668,140.9627351210197,108.04818928831557,142.2977478005385,112.63446477657378,122.92582616819921,130.1218224339325,97.31831051443659,139.96324310021947
951,31.7,142.40842166670674,109.56343407269571,140.36835899185508,111.2578500056016,136.25941462735136,137.20226456418388,110.4984065002718,131.79705321414164
952,31.733333333333334,141.66626225382697,109.14006876456236,140.55280137287434,111.31710169742833,128.03599247303896,137.73355555601137,105.2130214015434,131.76782460780365
953,31.766666666666666,142.32268894551126,108.87897955446559,138.8511743441438,110.50774773093578,132.35544301283105,138.2893918149144,106.4303773590698,130.29201979403553
954,31.8,146.3783899822766,106.67170320063185,139.03467388606475,110.44584659354075,128.41700065999225,138.4288246625484,102.77279705593037,132.43487425846786
955,31.833333333333332,149.11738167056936,114.30509362078581,128.2585469402671,104.98145526710208,137.8894280007545,144.63519709569772,105.38221976626032,123.30387695157441
956,31.866666666666667,145.50793037886342,113.176615787522,132.59749196376947,105.88538501727746,134.19171503469676,144.53286409363218,106.36652480798048,123.86689418009264
957,31.9,145.45222649260074,113.24554737332834,132.45688559416732,105.27618835621865,137.1699787237363,141.14301320053045,108.52760997046191,127.29488898575141
958,31.933333333333334,147.63751782591376,120.72617015352058,124.38106666082119,101.16741443858757,139.79664293893075,141.130534187327,106.85580086403803,126.16432501538179
959,31.966666666666665,144.75547985401158,125.6427781028644,127.93379091016254,98.68726990163952,141.28340050153378,139.84424538957754,110.08922236132099,128.59070243877537
960,32.0,142.13832588911325,119.70596986135904,118.60465505944379,95.7999581488532,142.5012100324216,141.44780873472953,112.68487070094696,120.80320399779373
961,32.03333333333333,146.6083438155012,124.22099536740309,108.40346324645019,91.06719362332556,147.7022161921137,137.0687552993593,112.15512476292652,120.60790736929782
962,32.06666666666667,136.7507176417579,125.94681696438086,115.12261715544724,88.73646804055831,143.5384427068306,135.66455926514791,109.84491232690115,122.68547166157146
963,32.1,144.09761417788448,125.04871177292873,110.5039960481673,88.93682997698261,144.0697058008528,135.3393520746369,109.17626063953888,123.24965123084662
964,32.13333333333333,148.02889066527447,129.20022747927027,104.57361455644073,84.10999208157882,145.1163447282474,131.70550677636834,105.56255052178875,123.2546266273101
965,32.166666666666664,148.23125995253292,127.9598838542406,107.66016996587102,83.75813401049926,143.23748935935126,128.45822193660848,104.2072028324986,127.51032456560468
966,32.2,147.24744716949064,129.28672779591108,101.49232742687018,82.1741435612107,149.40701873170593,148.65738131693482,118.00122739994593,106.55230038396653
967,32.233333333333334,147.0013299631913,128.96296243527547,102.39268598342092,81.78892838438162,148.22947955729057,142.74886446546125,114.86452513529743,111.87884807097883
968,32.266666666666666,147.32380598029954,132.3685069185566,100.57490805548687,79.41276646998992,148.61556518995343,139.19966766548822,112.43773170404512,115.23739125928115
969,32.3,144.76731388774186,131.67852725465335,97.55636415987793,78.91848367821123,149.87482265120812,144.03910725459846,113.40057691962414,110.43099317437431
970,32.333333333333336,144.98098537203123,134.51636405121076,98.61075977626133,77.67289811016273,148.47692403376553,142.4187165270941,109.2122139757724,112.39838671472627
971,32.36666666666667,145.65864472306265,136.5537494822644,93.50890213683248,74.50890492085522,150.00272609034766,143.024844375018,111.39725476095018,110.42609670460888
972,32.4,146.94886530770964,141.36731359241725,91.3328746258541,70.82851520810506,148.79207379430542,139.76538146645356,107.24489886957555,113.13434590882198
973,32.43333333333333,151.3961148798741,143.07438290480195,90.56821992863328,69.32201731128747,148.82355751926494,138.50195248458968,105.95008473627838,114.11822148991772
974,32.46666666666667,153.90108305664768,139.7321263502675,89.63100470358972,73.26073115009838,146.69105894882597,136.76276391700844,101.002310037931,116.94708711161326
975,32.5,154.76583978706515,144.26520911848448,90.75777456518958,71.66692385896212,144.7178909642193,137.29570255919248,98.74074937370717,117.66840967744443
976,32.53333333333333,154.4813610059167,144.74646455508045,86.89808815953675,71.54249684735966,145.43396655878774,134.65518659415642,96.03271452046859,120.83806079328268
977,32.56666666666667,155.133546659887,142.96768243199443,92.24935624532573,72.2894398755549,140.54440717253044,130.78933533389704,95.45918861865769,125.05840376237565
978,32.6,155.9491708749836,145.4642109604143,90.37297676157498,73.79921615847366,141.37586486067144,136.16545762504975,93.38755798670027,121.74643700949646
979,32.63333333333333,157.05857166670438,143.3180765599507,90.58869880037153,73.8802720062033,139.6722965623839,132.91936378694723,93.70550254301583,124.81756147883543
980,32.666666666666664,157.01991849930064,143.47157525133133,93.02070283113885,74.0915638384715,138.2219633773914,127.16549195576985,93.64104866748151,130.93257003725418
981,32.7,157.82064659535115,142.5724909074061,97.44563395020576,75.07890681738824,134.90298586526495,130.5202425226684,94.74333915110397,128.96978270495424
982,32.733333333333334,157.0321681972618,142.07416873587874,97.10320506241833,74.55710855861192,135.97832062429444,122.9290058668217,95.25111127942772,135.89390552811648
983,32.766666666666666,159.15498004993586,141.8106681487781,96.84719643704763,74.15591656975093,135.43502442366344,124.29435273569248,93.17816050087461,134.58762706926655
984,32.8,158.0313681690378,140.0870091825955,98.90672518474919,75.46128449625905,133.21340507002841,123.90205934268462,91.41929597824979,136.49513875557054
985,32.833333333333336,155.6091656255036,138.668252796892,100.05276915405146,77.83001672745095,132.60047912775542,125.80615918457165,89.78933084212558,137.44005416852977
986,32.86666666666667,154.3407837932377,139.41043576394836,99.48465966061386,76.02693752433431,134.0031656591079,124.313806670683,89.59870076810984,137.93318489988621
987,32.9,153.64680086883672,139.84645193335842,98.70880612859852,75.28199121130118,133.82978636983572,124.13113636452006,90.07905427773717,138.10485719782304
988,32.93333333333333,152.9142356446294,139.94158080038525,98.1335668147694,75.2150430993416,133.31004737013032,127.53134618056755,93.78371180324531,135.48599012341649
989,32.96666666666667,154.19508797903308,142.63666798741306,86.32068572784787,65.54255643675943,141.71020108728234,120.45921799015423,95.7297771814364,133.23113386051057
990,33.0,154.2079727276569,139.8344864394368,81.15490470847982,66.03791355914481,145.45018026310711,125.90898461708957,94.245214157689,127.22719512062348
991,33.03333333333333,154.45168083228515,137.8697301967623,82.45585803404944,67.0842771838803,144.1256928600664,127.80136856656374,93.1144686053789,125.68353670523197
992,33.06666666666667,154.52028076562632,137.76915042691408,82.98643068334248,67.19837690118288,143.41841740570447,128.08320885223287,92.70240313646386,125.38072205039275
993,33.1,156.37263029066852,139.86017681375876,83.59318132440414,69.00931027813559,142.13826758995168,133.59789661413808,91.03284450332663,123.10464020075733
994,33.13333333333333,155.05179043638654,139.118241087875,83.47951522340955,67.81966701861765,140.71547690337988,131.73466144338784,89.57962523506094,123.27940534864898
995,33.166666666666664,154.2161432555233,135.97636464682313,80.94951095065925,65.64206017142621,143.73616371360322,140.28540824085326,91.79541660495987,111.59831566726233
996,33.2,153.82246429090262,140.15831076263947,76.68746192473803,63.23458231815558,147.58896339302137,141.3406656692578,92.85689572799495,109.62233404886256
997,33.233333333333334,154.7315833573598,140.93917056937556,74.95695508893377,59.25325289633524,149.51616463082925,143.58509506069348,95.72119496808793,104.09346467325703
998,33.266666666666666,154.95520290878397,139.09010145981586,73.57361867659733,59.263085995766396,147.96217285105172,139.78816982277368,92.74831141404776,106.77621966388062
999,33.3,155.33356274514472,141.35450345267532,72.48490429190515,57.006997100708475,147.04047506026734,138.87983952774306,91.84680207410855,106.42791774519327
1000,33.333333333333336,155.18681363748703,140.66100904377956,68.16883405366222,56.589490579942066,151.38517526293523,147.52788833092634,91.73657688763426,98.2244041622227
1001,33.36666666666667,155.27565683476908,142.63734697879022,69.44098741998623,56.299238638085875,149.91290865692008,143.81413833204485,86.39762440089278,102.8418505330862
1002,33.4,155.25658797502604,142.24151981817462,70.08344363793775,55.0096391788006,149.71843883527598,142.0594671129654,87.37044737947598,103.0535085866005
1003,33.43333333333333,154.92024462258192,141.7733913199634,70.57255436824941,53.79356022607999,151.0120773671367,138.37106397254905,84.71535999103618,105.26052747399505
1004,33.46666666666667,155.206648836239,141.30462598561135,68.89591097968881,53.13484355531526,152.1645951098879,141.41001811126714,86.52017805938118,102.39622882574564
1005,33.5,154.95494658929985,140.13228605236543,68.68865958756577,53.32446941614571,152.3644637187005,134.68738576764545,87.20643236545618,109.38553975206348
1006,33.53333333333333,153.6758947399789,134.23583983334765,68.85939288172122,54.84490361873391,153.11999015134478,144.4129118300107,86.70511202912459,99.02664898975146
1007,33.56666666666667,151.68807355841795,134.017341078616,68.39387621501785,54.75921889475393,151.65514947695075,140.61072414269626,84.11258662857905,102.92497610797774
1008,33.6,153.93663501971275,136.257319244755,67.40091062795896,53.32258842104878,152.1169033255277,146.23860560327995,84.85359115227409,96.67712512764447
1009,33.63333333333333,155.83225032640522,137.16437606236903,71.17371605259432,54.081407324071016,147.270228369748,146.05620701895788,83.68397833534755,98.1040774867933
1010,33.666666666666664,155.35094498910723,134.99960443141728,72.75778651303781,54.777819578823596,145.86755899913257,146.449404211492,81.90181821940017,96.96128845941945
1011,33.7,154.91539784416952,135.07156860660032,71.73218077135897,54.52942218611613,144.78473205890063,142.84797733830044,79.20710080007689,100.14077254496985
1012,33.733333333333334,154.66626191419022,134.99486421752985,71.99404730799199,54.59691582098199,145.08615848792326,143.80275427089504,80.82707417686312,99.51304622195737
1013,33.766666666666666,154.13274375911487,135.0728337264902,68.72612341023553,53.857295743934166,147.78031045595344,138.5784214225027,78.9645207622273,104.49078791570889
1014,33.8,154.42804866282876,135.07242172302517,68.45740930530114,53.29517963975196,148.2438018230054,138.14979146011137,79.31936815737507,105.07564676575838
1015,33.833333333333336,155.3411850398707,136.23023188009518,71.87765449026509,53.21945422519136,145.4212188636529,139.35419823963878,79.5788468448835,104.9407302376952
1016,33.86666666666667,155.08780714764882,134.8046309241314,67.76711780825107,52.04755278627075,149.3286093147273,138.32640135445232,79.60410995341172,104.36770521901094
1017,33.9,155.16471642601124,135.85341820117873,67.1011613197237,50.74100891771441,150.74152643589863,138.7966991615797,80.04552603830174,103.28354631404417
1018,33.93333333333333,154.86058319757836,138.77562202179917,63.726361903410215,47.147237530305425,153.73734770284656,138.1649485399452,80.80733173093537,101.96954763448338
1019,33.96666666666667,155.18827981486257,140.22518712697286,62.169048978868275,43.505899529084736,152.97397486708783,137.34642123903046,82.8539807519558,100.94218090643527
1020,34.0,155.50507392278547,139.9916540129156,61.98618193344966,43.129019176075865,153.00023580715467,135.25483484432118,80.1524079922342,102.84241333123695
1021,34.03333333333333,155.9384455079205,140.27885709230438,61.80100990859027,42.42612707183676,153.69089673092515,137.40584459059292,79.03880219602343,101.58220550072828
1022,34.06666666666667,156.27753935029915,143.8316546304603,61.748394022797086,42.32518338034873,153.47341841825943,133.2414860179233,76.77052174388157,106.81982205281396
1023,34.1,155.92931496650695,143.35925766705327,60.8036999811467,40.467025941623504,154.10334671436834,135.30982260974264,76.98637483586319,103.89187596416315
1024,34.13333333333333,155.9645847517802,144.81536457066653,61.21302583142568,42.03113760290713,155.00820941884047,136.08817065873492,76.80402344755791,104.75407156726418
1025,34.166666666666664,156.12645919217687,144.9731077509629,61.131662599889275,41.3324778790873,154.73476859435436,139.98580241316134,77.14345940998052,100.48856109225828
1026,34.2,155.7977001850701,144.13977116331068,61.29512288837515,41.49313205237644,154.20254758953743,139.06793014187474,77.2205617404194,101.85517407994355
1027,34.233333333333334,155.64379913658746,144.22313394632843,59.004647267207375,39.32549502488297,154.8072776919118,137.59136313258034,77.17658532066467,101.80257044321286
1028,34.266666666666666,155.03839752434757,144.0184786072432,58.84141774860623,39.376822629638696,154.29899985974606,135.3342723032564,76.88993916266693,104.35946299328216
1029,34.3,155.14893884052424,142.81680309312128,58.97866173388272,39.00126764990309,154.37625106841162,135.6111829846865,77.93339184531875,104.06045429421708
1030,34.333333333333336,155.13409125040178,143.02540145010082,59.51462383257105,39.45156724954408,153.584537503942,132.63148424724824,75.42881456839464,107.65421758634531
1031,34.36666666666667,155.2566130852568,141.9951735550624,59.550604856278454,38.89987775767662,153.39381766095,132.6359473937278,76.84850659679067,107.05103596824144
1032,34.4,154.99581829002094,144.44908135531384,60.69376740733051,40.675670980935365,152.30921880710173,132.62009489717184,72.80565426070388,109.53899495067567
1033,34.43333333333333,155.16353129460643,143.81982135046562,60.325829734492615,38.54847038222538,152.27606774793324,132.35765082884367,73.61836174421485,107.93791079346502
1034,34.46666666666667,154.2379618049638,144.53093436970377,61.42108795850826,38.896854547333525,151.21608066605117,129.8430200101941,71.8691292440271,111.87388008732412
1035,34.5,154.52765499119766,144.95781373435713,61.333971332337995,37.99105948311135,151.6668190795335,127.96397654679363,71.99909205969645,113.47376104096139
1036,34.53333333333333,154.5710923442609,145.28124324507368,61.42754589600609,37.84663873119453,151.3842774955503,126.95588856950882,72.13360496118014,114.63496904231889
1037,34.56666666666667,154.53314287328513,143.8816565513677,61.10347692654585,35.9520219984536,151.8464037437394,126.42588753581201,75.10414719837927,114.19962507296782
1038,34.6,154.79187882668265,145.2438144703942,64.4002100076598,39.130122439698646,148.38104203789587,125.17009426749817,72.43364897136998,118.16594717097983
1039,34.63333333333333,154.81547567875512,144.2807145114131,64.14902590467428,38.52395249628159,149.27476834522457,125.56344963090659,72.54232116451055,117.4273426636447
1040,34.666666666666664,154.75321248036943,144.02867840230508,63.71077773959401,36.93869899456397,149.996435024233,128.72576804001798,73.7395597450559,113.22098765042767
1041,34.7,154.78654871083145,143.0744315196039,63.534341072905455,36.71565793749664,150.22089357568194,129.81391996173636,74.62296245281864,112.11668685661891
1042,34.733333333333334,154.8569212061213,143.42363258927153,62.51324366033449,36.52351975796504,150.16967036440803,129.86725491930238,73.51637213395227,111.73225285718546
1043,34.766666666666666,154.79982754167207,143.30993336708534,61.399356281610835,36.34815814728744,151.67810400835322,130.76625251921615,74.77687660662156,110.44304705794633
1044,34.8,154.39128096001468,141.5883641255921,60.62312062345817,34.77322362292448,151.47354602563314,129.1944954750462,77.35935988308249,109.57626818510299
1045,34.833333333333336,154.21435301675578,142.66158660906797,61.468700189469374,36.54393476057872,150.7996451892587,125.01928034014608,76.01275021551601,115.52805822566233
1046,34.86666666666667,154.4561448170283,140.81965444210155,60.7898430802637,35.395962127877986,151.7566724163836,130.67021716059386,77.96699824949263,109.47215312286158
1047,34.9,154.22381582124336,141.6801907698011,61.728136801563465,36.37236070142139,152.32111381812894,129.297721256697,75.18256366763384,111.58584941403394
1048,34.93333333333333,154.77294706192174,141.74063711856894,61.45242773702645,35.426111809064956,151.7392951427062,131.16925057216105,76.4881537833695,108.66518614373985
1049,34.96666666666667,154.6321602655676,143.65245130348194,62.17238754970755,37.48747061101162,150.89509307244086,128.44177978125262,73.8885388632053,113.16093087452052
1050,35.0,154.56440972942482,141.40393682575473,60.11603822980359,34.56944143634338,152.51719127169036,129.31326849874694,80.40620514726585,110.0279837739427
1051,35.03333333333333,152.8075840381329,140.82873012625367,60.952959827277255,35.017677928109556,154.11171225245542,127.83746237076996,80.39646512209544,112.46716240841168
1052,35.06666666666667,153.14194750355657,140.1897951257142,61.11898408645004,36.13383888560384,153.7975646914175,121.2156786022379,79.36747212652102,118.41889728522874
1053,35.1,153.28024971899762,140.84408862531953,61.112442225341994,35.71546715877621,152.99183143252017,121.50184662833429,78.76563779418107,118.04971654062092
1054,35.13333333333333,153.43186423098496,142.07090889262727,61.14692274157299,36.102579710361255,152.87423883862797,122.94811488266892,77.38207581750291,117.14501130202345
1055,35.166666666666664,153.6825414133669,139.98406523084836,61.17825337422541,35.56874947826066,151.06137157072172,123.43314351827142,80.30862149291372,116.65385361101718
1056,35.2,153.21287237840983,139.00128939141769,60.36566582209353,36.16879245451829,152.90484595311833,121.918897330295,78.629166427296,118.04632820091474
1057,35.233333333333334,154.10412674743407,139.54691324325975,60.356608400597246,35.46113213032165,152.76753135439287,127.43221007544771,80.98859033260905,112.55711597365037
1058,35.266666666666666,153.64636506443708,138.82939817313624,60.510427162680934,36.41831805136885,152.86916556156294,122.12272771825965,80.7948194951418,118.25635692946005
1059,35.3,153.50455485786208,138.57625733934137,61.09827913218503,36.465610203176524,151.85003543824104,123.03062290520405,80.3328204702613,117.43588189775318
1060,35.333333333333336,154.14883284881296,139.23965427664754,61.18426246378967,36.47543559771534,151.29163083105624,120.47686029183171,78.2656751676039,119.31214154128132
1061,35.36666666666667,154.27376432641302,140.29903672052987,60.798948296052465,35.73620408322368,151.50357651775903,125.3853745832658,79.82496403389928,114.78602779914421
1062,35.4,154.14345314050553,141.59969667756116,61.25472129108791,36.56423868594714,149.6207512532588,115.16029533111185,74.44116098389654,124.73228078121093
1063,35.43333333333333,155.14181777249445,143.38991395491,62.15772698150358,37.44682851064457,148.26019456659023,116.49229534513255,73.52110591743039,124.42726356731619
1064,35.46666666666667,154.95776478847998,143.826118214486,62.50485031760571,37.84108018047253,149.12989168008195,117.51235049686669,70.64444391265727,124.27611097686324
1065,35.5,156.3762354965873,143.91900923738044,63.787617819748334,38.23410724693879,145.8289228967199,119.4206478064855,69.00865579877883,122.7990126736298
1066,35.53333333333333,156.08453150536295,143.66605720760367,65.1367888976404,39.093161412861875,144.88048283262512,114.72163188534017,68.19674436941654,127.35763760259513
1067,35.56666666666667,156.36262353417519,143.5709382856008,66.90194673833219,39.82026320904507,142.99557581217283,117.54842480598535,68.79529130904838,125.58165754256572
1068,35.6,155.9095099351403,144.645237248058,66.40531211013818,40.35773372403049,144.54282805164723,118.80293705106017,67.81572283430219,124.57495651423348
1069,35.63333333333333,156.24122616659292,145.22192853520423,65.69592096742419,39.824621858465605,146.1234327521281,131.02059762646047,70.16766998315894,112.30864032769527
1070,35.666666666666664,156.0318920631379,145.05698741426534,65.78412756536282,40.265740897654176,147.24798972894985,132.79446910927214,72.47265652371159,110.38264310536042
1071,35.7,156.19663546016798,145.06160141555193,62.45616780026057,38.38530775753829,149.32558902555309,133.27203017330578,74.85419355855244,107.99369108319814
1072,35.733333333333334,156.1550963900551,143.97005117819475,60.91027579359591,38.06570441718759,150.75001414559597,134.28292405610134,75.97835561381899,106.50070855857116
1073,35.766666666666666,154.8972849107764,143.73861921135625,60.19182238628466,37.71623092323142,153.96834477584966,130.71381375512877,77.96755593991776,109.49524109666326
1074,35.8,155.36172902058996,144.10111665764748,59.49634716687633,36.25989733114864,154.1167416619895,130.95665425976,82.28070013694449,107.98172352642202
1075,35.833333333333336,155.49947438520167,143.78564073977955,59.45833658864797,36.74648999659895,154.10801347625753,132.95993449655884,81.42934056519506,106.04825285211182
1076,35.86666666666667,155.64492769372805,143.36292428754697,59.541686253302935,36.96987805455137,152.99175227387562,132.87586340709845,80.94942622446429,106.33814365854133
1077,35.9,155.99784587738816,145.6151833607623,58.10381442688235,36.898145947329205,154.38583856288218,132.0028302199018,78.64922222656747,106.94168946100754
1078,35.93333333333333,156.14168123211306,145.6171881508055,58.6507056386856,36.9442621206358,154.09007066515056,131.79641061355156,76.71521503595712,106.85624410855691
1079,35.96666666666667,156.1475083554196,145.30439416966206,59.13888736943948,38.56800509005455,154.31047891767784,134.2191132360653,76.28243116320964,105.4305298881216
1080,36.0,155.96236492604274,145.54783546168903,59.42216192444275,38.38016595920774,154.0862934251987,134.4892884820706,76.67811337153012,104.86579873938443
1081,36.03333333333333,156.09299965068536,145.25926778705983,59.6374965593925,38.681081332165306,154.30183349669855,134.84452430354932,76.07392447746206,104.50446770531866
1082,36.06666666666667,156.43117300388397,144.02478806330913,59.67010274988369,38.51219533137981,152.92437979449153,135.43196418688188,78.3987204250672,103.62299443777307
1083,36.1,156.01069146654058,145.50216403653997,61.42201034512525,41.07855566139937,153.1416863265905,136.89386675341768,75.85002872655619,104.90153846494778
1084,36.13333333333333,156.3752755672434,144.18625000383133,62.624044722527344,40.84928512137601,151.96915736919385,137.22115624606505,79.34500282486746,103.54355635867307
1085,36.166666666666664,157.38567881711992,147.25767661919755,62.531383010997914,42.64808503947047,151.0902144672085,138.5823787273774,78.2475814446873,103.58623569993506
1086,36.2,157.62232213151125,145.37686068484618,62.55101518064793,42.01966768632618,150.92064684612868,137.50038467769994,78.80924683928406,103.41908694642527
1087,36.233333333333334,157.45753651237303,145.74096288567202,62.41474004329497,43.56855282864591,152.29402801761742,137.86583673474425,78.51207745177783,103.68217333187954
1088,36.266666666666666,157.41165434293274,145.68783085803406,62.499799903178946,42.947702996833584,152.15317247698226,139.14401945332156,80.11166552281856,101.32987305898159
1089,36.3,155.0190184170813,144.29284052264927,62.7084029371213,44.62805032568271,152.93579174138807,138.7093470738756,79.19185362073146,102.60511548534942
1090,36.333333333333336,154.9810483970579,142.96177821932082,59.098978240023364,44.7315623971297,156.5101721232291,143.51313707579234,80.73701339198381,97.12529114428953
1091,36.36666666666667,155.69058821635284,143.13451452629704,59.420350574135874,44.808577579330105,156.3152420787387,138.6951366982899,82.30877724271207,101.98985445944923
1092,36.4,156.38501591986181,142.753259955964,60.24097034439467,45.56339732966617,155.90988830844205,138.59456892149015,83.03520638047952,102.25151397576477
1093,36.43333333333333,156.00173094520727,143.79130925658288,62.388970230096554,47.81749153804108,155.46933614300457,139.60684586701143,82.53715802496328,104.127152066035
1094,36.46666666666667,156.42930255310125,144.20016785455303,66.61328840569398,50.87923167793072,151.63346043771494,139.22969514791498,81.99641722645431,106.024323004416
1095,36.5,155.81272752244809,144.05107982692996,72.08807103249016,51.385478339323974,147.89868314916336,135.22338836426033,83.90445794057283,110.7456159894674
1096,36.53333333333333,157.12863258069956,140.64339671463992,70.65445566176321,52.10176604312952,145.4586888771499,136.1480867575845,83.49860597680102,108.82634983235158
1097,36.56666666666667,156.19886783164085,138.7798221147319,71.72871800889074,53.244380241260984,147.61684059838248,134.6319339108322,89.11452644744706,110.8691248902617
1098,36.6,156.22253068078604,139.01462438040494,72.1703202895811,54.55957354918472,150.20591473042342,136.36444067245094,90.12691149712165,110.27867738712877
1099,36.63333333333333,156.0599507547194,139.048719957743,72.75445682800756,55.42727946053045,149.4008673190688,135.1637312781872,91.90604670614573,111.78892399803583
1100,36.666666666666664,154.63868247039133,136.60750502565804,77.25978179510314,60.56925518515036,146.86911762021532,140.54350383834586,91.25245401249387,110.22714645548228
1101,36.7,154.68741847302746,137.9616802971568,76.42496641025814,60.04906377209537,148.2543836965374,137.65800659644853,92.7309886257073,112.81449486119853
1102,36.733333333333334,154.8233018863189,138.98700081385698,80.42629564956556,61.80242621933148,144.74766547298444,132.8593720465853,94.19980195171541,119.14374299904551
1103,36.766666666666666,154.63314022805815,141.26497358457092,79.45883487554931,62.57030412521847,145.03598893504557,133.68595039766606,97.67809983741557,118.69325050425259
1104,36.8,154.3204583570239,140.7065315353225,79.65621993392196,63.129454996794216,145.6800736514053,134.17714857147138,98.92421822329631,118.73884687462072
1105,36.833333333333336,154.211521127637,140.45160252522598,79.11778753160289,61.06657878749661,146.84172600944592,131.91125224727972,100.41922746265952,119.35589453385346
1106,36.86666666666667,154.20750045869406,139.45035795809545,85.71020990905564,64.24272419909141,146.13017822966984,134.01386327024252,100.64379962253896,119.06183583759379
1107,36.9,155.17028927529972,141.82891557139703,88.57613998233198,64.4367056368504,143.82166432511735,139.94540225860112,101.18981354183401,113.85051616928116
1108,36.93333333333333,155.21686702240817,142.13289620103632,88.44100367438857,65.29829519511294,143.2936937779322,129.78738719133239,97.39480883920592,123.24178742952783
1109,36.96666666666667,152.45778976459485,146.2773612879759,89.14999755769888,63.82057078163821,143.30180937741352,129.3435421011531,96.45116225611413,123.68668736222635
1110,37.0,151.14172908660015,147.3677860141065,80.09094213219088,58.550508155475924,152.64684849203076,133.70192422985997,107.54027978636213,117.81421578929769
1111,37.03333333333333,151.65672454477848,146.83097162720776,83.0187988065035,60.23418435014296,151.19552830553147,127.83366137604875,106.07978247581566,124.2759738709957
1112,37.06666666666667,151.5675819165624,146.50513915681407,87.9429580842281,64.56803635688655,147.43506100773334,132.26014173163279,103.69048045258187,123.31668248603937
1113,37.1,151.36967574023447,144.85214250156764,88.6149463775667,67.00502430393452,146.52230735653535,132.92988018746047,101.00844318054699,122.78831617166803
1114,37.13333333333333,151.7583567742379,146.80015505921037,92.82744445749586,75.79481135884582,144.66822964069925,137.85293693146068,96.8736450113049,125.88034659699686
1115,37.166666666666664,147.0295725532674,145.47829930206336,91.26703447149916,68.52119099714233,146.43838906888158,126.52158917952885,101.04498421888401,129.86865078027256
1116,37.2,149.1861006123462,144.87390005949575,96.10775540697442,73.76532767199997,143.2813346570474,129.19343507748107,100.82001457939245,130.94256045265706
1117,37.233333333333334,150.05798691548787,145.98172303207878,95.48448597549142,73.801696379148,143.54277609805018,136.55618159116662,100.16354763747967,123.42027170807593
1118,37.266666666666666,151.4069912082847,151.1431147977147,96.8494548710887,77.37090415962811,141.74933481800176,139.75880987401567,95.05092542829702,123.8523631011229
1119,37.3,151.4999789951877,150.84973100380816,87.29361931294785,74.66636780513265,148.7645336785143,148.28007571976724,93.42639977988838,110.9133993229803
1120,37.333333333333336,151.97612853351922,145.01658166236064,89.88200212434809,74.15488376701788,148.65451548154675,145.5701682827534,96.4289583469021,111.66960098681561
1121,37.36666666666667,150.90889203815937,141.1782463533581,90.476516075155,72.57868054555685,150.02933936715175,146.64038782597336,99.15908374458017,106.32370535277346
1122,37.4,149.45775168578743,136.75094652742175,98.0710516814972,76.3253208957948,150.78264424724344,149.99117780669107,106.19482206346576,102.54156671768159
1123,37.43333333333333,149.53302722096987,132.08062801153605,99.78073500369958,80.56085247991233,151.23950567190903,152.86124692045044,109.50964799040015,98.12069419198625
1124,37.46666666666667,150.10498249003103,137.30890440883564,105.17152922908204,79.46171446153389,147.60820701727854,152.36379318088458,106.74531185691696,98.01221900714906
1125,37.5,151.51139785693306,136.97236220959638,110.7114255804665,86.16279873242884,148.36062741275686,154.2914258258392,113.71670400062727,100.1515872810943
1126,37.53333333333333,152.33246356681994,135.65461897375067,113.67836677179254,88.62217932457516,146.16292703433987,154.8747570347235,111.21813681723673,99.26997661082723
1127,37.56666666666667,153.28870488799322,135.21404485960568,113.5467617538119,89.6545953186301,149.79346257530347,153.40115613975482,117.12135251012992,100.77065305081713
1128,37.6,150.28476796869325,137.37418032169188,110.80842351471581,87.7212906301727,150.06299876626608,152.53481734902212,116.14968118582982,100.59491414280471
1129,37.63333333333333,148.585774338818,136.2755905602943,122.61203421137225,92.58596395750791,145.40926944252118,152.27136972742895,114.23008559178086,104.09742222509986
1130,37.666666666666664,147.6688102766076,133.19669048444337,129.1676897399391,98.03582306079099,136.7718450127005,145.81784156773878,107.76127441204267,116.40516526079465
1131,37.7,149.27368755742145,128.29686285761136,137.17022213137423,105.04035742109657,133.26995972376247,134.84654479690553,106.08202664545854,133.16209615913024
1132,37.733333333333334,151.04626307467927,121.14998370075071,135.41503655218884,109.50127102322413,124.68679250969072,136.5711712172569,90.90989110032562,132.60671419152956
1133,37.766666666666666,149.18411782844692,113.8869962865639,137.79491020380573,111.95111171998772,128.44052844052138,135.8299595968227,99.63853639371948,133.46171766830375
1134,37.8,152.06078091636817,115.604922474313,138.3451665247853,114.35856978331707,123.4748132909617,130.94813299554556,93.95034272155553,141.36609736340398
1135,37.833333333333336,148.93108667790582,101.09049198524018,142.5351931403019,119.49428201503693,123.76004880399768,131.81982180200472,97.63830435322922,139.7550879867782
1136,37.86666666666667,149.0503620114263,106.74188665306895,144.42335330259374,120.47093437251597,123.45663330238483,127.71245221680556,98.87218974115693,143.9713714291292
1137,37.9,148.3931063439007,109.02712063030228,146.8230337565655,119.49354842288982,120.2953475146101,128.96837846120593,96.65228021687473,144.75158919385194
1138,37.93333333333333,144.62025898703618,109.44372008343497,149.7822833508946,121.2088221068068,130.48523300791229,133.81910819414492,110.98339444007328,141.70954430128185
1139,37.96666666666667,146.5388408373471,108.00112453480399,149.7436790363103,122.06585906178385,133.49666828989774,143.34879207447497,114.9486124044809,133.83486151364255
1140,38.0,147.3757931602994,105.52328005876512,148.103353282364,123.39689993882816,135.21419604938245,142.39440006624307,115.10812217380968,131.77884875960802
1141,38.03333333333333,147.47833154641853,108.88926184505232,150.4178192525553,123.64846257647854,130.97344933877037,141.68577745867626,113.25010290385588,133.3224289781549
1142,38.06666666666667,146.49202739358856,111.14028068560296,151.28311717203366,125.12513418429057,130.2114999439829,140.25413128945448,113.09771562714079,135.86328886613913
1143,38.1,146.89895180804913,113.73989517562025,152.88845251579184,126.48768360004702,128.52239627445138,142.98736571896399,112.55995373720758,136.97014797692216
1144,38.13333333333333,148.5094418602748,116.77524427453974,152.805459804918,125.09308368383985,125.39324168214479,134.3288819165104,107.88069805031773,141.9599582098449
1145,38.166666666666664,150.63646167203882,117.17364520854355,151.07718661301425,125.0716671295465,125.82887094883588,131.21706220800993,106.61727746192781,145.1560636867382
1146,38.2,147.3529638258051,116.82723327757874,152.55507278843857,125.98022743040804,131.66191751363257,136.87589658480275,113.87723898916957,140.4643723169932
1147,38.233333333333334,146.01737389737468,115.3940486308416,153.44497327485502,128.44348119459085,130.8619420029863,139.5546702134536,113.98726029224945,139.8058291015219
1148,38.266666666666666,148.91102717451946,118.15161780994615,152.99804729034446,129.05586381941566,126.12110031614222,137.83023356013038,107.68981928027483,142.172136958142
1149,38.3,149.48132127353088,119.76017106740669,152.70580310905004,128.7160534151264,128.3204346344861,137.61086290887732,109.10879350893525,142.0351505524684
1150,38.333333333333336,149.12282134166514,120.97660686437077,154.13228048655756,130.51885008583147,128.75612409095697,139.95799739197597,111.25145256907591,142.52015219536466
1151,38.36666666666667,148.12433012399012,125.08078525524677,155.80578303062703,131.8838895507179,120.50108871628358,142.2813064507263,103.51456770180323,142.97234008749192
1152,38.4,144.3241194131222,121.07094069199329,156.88660088506563,134.0415261611915,130.3084115607551,142.48507680089529,113.52126063384239,142.75547346001946
1153,38.43333333333333,151.23109615981744,125.16502425624698,156.0636818370222,133.86023451902767,129.59030991038762,141.09123078668864,113.3684214982626,143.86567438681288
1154,38.46666666666667,150.91501790130332,126.26207356185652,156.03084621368913,134.02772066822862,131.09168358677127,139.7378886963416,113.97293842868933,144.50900806804935
1155,38.5,152.64350570772703,125.65690343236938,154.52174588243,133.77149143968109,129.36655219196336,139.2183118194211,110.18455805219705,144.03801893819937
1156,38.53333333333333,148.78451046636027,122.16709955156419,153.95252328869455,132.4573903774851,130.8828606667478,133.61622309222946,111.71557314072818,144.19118149984192
1157,38.56666666666667,149.67915910009054,124.21824106057954,152.81837079921704,132.3393756820999,129.55937167763545,133.32946460848382,109.57339060999095,144.51745232176896
1158,38.6,147.50064451541726,122.52697043941372,152.51308020432177,133.57351996055797,132.89691020733684,133.54720457214216,113.08086025578616,144.40822140386297
1159,38.63333333333333,149.41592459703006,122.35076795073242,152.2691605408335,133.6528597520763,130.88068342640022,133.98927532204866,114.73638216292802,144.84188849555386
1160,38.666666666666664,149.9658568367635,125.23970216231962,153.21057748515722,134.57662089890982,133.228103722072,139.02121788695231,114.87335796459973,144.4828674051304
1161,38.7,149.26012682866147,127.1048738948111,153.84160982706854,134.32524795223188,131.31915659467194,140.39142976898864,112.869832362044,142.44608427376818
1162,38.733333333333334,148.62440997076934,126.18454762026455,155.27843037506025,134.88396568630827,136.31816296596162,140.43062894672696,119.35445679119674,142.36593027452741
1163,38.766666666666666,148.9942146853858,125.25298097419224,154.57451279613835,134.21951712978068,134.30425254962557,137.95825151698364,118.8389118026322,142.83865018323868
1164,38.8,149.21122379574828,123.84699580054534,155.95897991074517,136.38657287994457,134.01165226845214,146.30262830291701,119.27354683557704,136.15819110804176
1165,38.833333333333336,149.80227467827595,126.25512202449133,155.78927688243107,136.40022231343772,134.05341668974398,141.9707989111335,118.7097587622956,141.43697540210854
1166,38.86666666666667,149.63366484024326,126.76265362685439,156.62068090311166,138.39705604376917,132.37381355223783,146.92632402536904,116.64805075096093,140.55366694475453
1167,38.9,149.78401868056363,126.16432868688331,156.77850449033167,137.72238802423237,132.68123655033995,146.527920753452,116.39608914043448,139.8647150677376
1168,38.93333333333333,148.70649635105727,125.95210665466873,156.0175069765107,136.21526734816618,133.97257449206307,143.92323285831395,117.27801086687145,139.71922533145747
1169,38.96666666666667,149.37051988874606,126.22489394283708,156.39005580090426,136.34435390537698,132.50928413329532,144.34992163354588,116.01928335376607,139.72121052475666
1170,39.0,153.07679031643067,126.4027883119612,156.80841031743844,138.21802587319206,131.56953704457536,147.5032511116628,115.40437644485843,139.9390230992631
1171,39.03333333333333,149.42450218238037,126.84820729424462,156.705361528081,136.74615364753092,128.12493604184715,144.8147179473553,113.31614287890916,140.48584537011018
1172,39.06666666666667,152.4070574674307,126.00699742643873,156.03158911973466,137.5624626774237,128.1476387559196,145.32505355088014,113.2340455597423,140.09103237173875
1173,39.1,148.49307321643388,125.75151074483782,156.21807250190284,137.61708046120313,123.90474201010045,141.0979645646004,106.89127148086445,144.3143651836318
1174,39.13333333333333,150.71332688781447,125.49543287063248,156.0665616194224,137.5778932173509,126.0316176746579,141.8210092973658,108.28088719587758,144.12668243939342
1175,39.166666666666664,153.01098088236463,125.59381003843808,154.7110250194784,137.37204719023075,127.0544277278132,140.6715676316123,108.59550740772858,144.86172387399694
1176,39.2,153.74241460655216,127.31243435146384,154.64540153376717,136.53130952827243,121.8076558561946,134.35804254170637,104.06362810176411,150.50299448908157
1177,39.233333333333334,153.86181502362942,129.8792295380883,155.69850786343883,138.8402931570256,128.8336508412013,151.6161879935941,110.95559748089563,138.3094105295204
1178,39.266666666666666,153.8193739235287,133.22840158793318,155.38876654680757,136.61694590629878,123.31485586706337,143.81140171484506,106.09608525862247,145.21056030581576
1179,39.3,151.65103140715388,127.0740644237601,155.1931388781328,136.46182178791105,129.75311351987645,141.75438901231607,112.24177269950178,142.62128643356658
1180,39.333333333333336,151.42332258129392,124.66371278840597,154.89380148138616,135.52176072803468,130.47967508363206,139.03052088988179,112.68612397081318,142.97604612303454
1181,39.36666666666667,152.8581164003643,126.57349615809025,154.8229870349421,134.69329131577615,124.54910896239521,135.26288774859867,106.49593476123088,146.64142799446074
1182,39.4,149.60984502785283,124.74193540553891,155.85508077999248,134.93203233246047,127.6549502878115,136.81103854094923,110.09499574302265,145.45411772866998
1183,39.43333333333333,149.5765844328536,124.58421842888383,156.13965818318152,135.31714607280196,127.35447640554455,137.36842386603882,110.04577653983922,145.3967997299302
1184,39.46666666666667,150.3834235280557,126.45096075565318,154.9350656072501,133.58046571511395,123.64460785109482,134.02492739092625,104.92584242635843,147.54704242286323
1185,39.5,147.23683043628964,123.5071708690279,154.94406704824982,134.7216002681751,132.20955184584912,139.34947291682855,113.62321122407786,142.2635473097784
1186,39.53333333333333,150.55274194696764,123.21892559326379,154.65275198906912,134.64185867037375,132.10086415557146,139.3312105839696,113.6311286411043,142.3520053160967
1187,39.56666666666667,152.04358871112555,124.30379374712841,154.80534756002714,134.40287244575396,129.64771545079537,135.49542959663145,111.99557765180798,146.25534816079036
1188,39.6,151.30876532567987,123.59211599936273,154.75871431412787,134.64681017688878,133.4622245408038,142.83149162229262,115.89682916170355,139.98114674461354
1189,39.63333333333333,151.63921994556958,128.8357171475099,155.30465539765197,135.1176982625181,131.26078181942017,146.10266084205588,114.04390213947933,141.0339308591457
1190,39.666666666666664,149.72602268929307,127.34120850059901,155.4042214077415,134.03410290548433,127.64103662774433,142.5869770480743,110.02530313933903,141.87103761835323
1191,39.7,151.42881503533908,125.23341161998985,154.74594943750546,133.02906945220622,129.31857324828684,140.5374793520918,112.26279704285383,141.54404593174021
1192,39.733333333333334,148.6144979839574,121.97871875331279,153.89173700987018,131.8165388414856,124.3000140830248,131.60496345784927,107.1926177113743,146.25864526949178
1193,39.766666666666666,148.3842123619924,122.81377621841214,154.481762848363,132.16028676130813,124.06193638218926,132.46293236230412,106.8464308207388,146.41484050762304
1194,39.8,148.30028864674497,123.30830547588465,154.33444481744644,132.2208596677961,124.52560156154318,133.27742236096088,107.18422047977757,146.1074094803374
1195,39.833333333333336,151.21956519170558,123.21119503888451,154.9354477696961,133.8374078512186,117.69082422007004,132.24443327621012,99.59643088190492,150.05575737479487
1196,39.86666666666667,150.34654915049018,122.39170369797314,154.31963360625514,133.38322688958326,119.85767961854077,131.02164648651606,101.76771635265837,149.31160452394505
1197,39.9,148.6289833025026,123.3225894107862,155.1459415817349,134.0425187666736,124.35749919890966,144.57899548411655,106.82721979456703,140.52553599557518
1198,39.93333333333333,148.78759105892638,124.2029851068713,155.2584347491181,133.953769257303,127.98543707128654,148.446663102424,111.49399751270929,137.09859292096473
1199,39.96666666666667,150.26339129475923,126.20429400114604,155.11440265835088,132.606113630314,127.61564356912197,149.22467054646782,111.00654033932211,135.88806291394874
1200,40.0,150.69604137913018,126.52159426434513,155.22207804203228,132.32014020721004,123.88792458130663,144.39593049011103,106.7931274314839,140.82556890110536
1201,40.03333333333333,150.7193762505333,119.96052756904447,153.70730266614095,131.9395707657193,127.90115969839094,138.54650898685193,111.11547778777522,142.30415750059433
1202,40.06666666666667,151.56326719324792,120.52292118354411,153.24364732241486,131.5690677314668,123.50007718051006,133.50842830816035,105.87416091699536,147.724043151116
1203,40.1,149.7296063100558,121.01137387218851,153.22329378127057,131.00334960691185,124.40778116461767,134.27905566718485,106.84227803447244,147.27968780164886
1204,40.13333333333333,148.4418626588104,122.11084006028317,153.37089354084978,131.3659829705761,125.98056996870157,137.9737893484172,108.33592606340011,145.86786041946428
1205,40.166666666666664,150.2256559458097,121.67448162381018,153.4942253372595,132.6400152418169,131.44241658903837,145.59770121561218,114.62917175589551,140.72890332912743
1206,40.2,152.0490326772034,124.45522959598418,153.0517652901839,131.54883562754802,128.38423993333,145.14823297115615,112.14460699678376,141.1436629180036
1207,40.233333333333334,155.3844883156709,121.33845551935654,151.64079713725013,129.09931303244625,138.13487230168863,142.23018888097366,122.2458253088349,138.94528330172108
1208,40.266666666666666,157.81399197065062,121.87026007514915,149.05334398500065,128.26727258413712,137.12028372902574,141.1121739190937,119.18074545753166,140.04052013684057
1209,40.3,156.8111694460549,121.19934079465826,148.7111479106438,126.91847732734995,123.99113801344801,140.1868505906394,106.74277034129942,141.19424424601254
1210,40.333333333333336,155.24994490052688,119.58941486802499,148.44476509175738,126.2427635028671,122.36814085108728,138.8954653036791,105.06714360602295,141.6287491164878
1211,40.36666666666667,156.34714467778124,121.0790501246368,147.2678938846693,125.68177959439664,122.96750005371517,138.51517504078024,103.94387615018358,143.12410557958415
1212,40.4,154.81168787576468,120.34552861250262,146.20274659932778,125.19143728658686,123.46644213661882,138.94514594576722,103.84018356837156,142.85815696954361
1213,40.43333333333333,151.36768288501094,118.13000300954916,144.8858378153285,123.6066001865841,115.77111428591864,138.57124460639346,96.52586628555837,143.05501384641616
1214,40.46666666666667,150.97895082154102,113.95488210373684,140.9741268907601,121.1715542246979,121.15495153396063,130.6106542460034,97.26334561263776,143.14353220214753
1215,40.5,151.85204779741275,112.343014821659,138.05388437167676,120.65310360879491,126.294232760844,130.59766939795264,100.72760960056108,143.19449163304853
1216,40.53333333333333,143.13690188711868,110.95045270708613,136.3769124594638,118.53181193202539,128.74886455571806,125.86367918571509,101.48644755348666,141.98311239124544
1217,40.56666666666667,145.730423232911,112.61932611388167,136.60247342079626,116.09978309009485,129.7377549508038,126.88915903922215,103.63251802999639,141.4681787338175
1218,40.6,146.4454311405522,116.65327863898459,130.3891129179852,114.46088421591465,134.15853141876164,131.81550138096262,104.13310272184607,135.6592358142026
1219,40.63333333333333,145.75515407837764,128.605045522244,125.92403115125674,104.69784755281702,135.22096824519826,131.50937372565016,102.64711124576512,134.86682308206028
1220,40.666666666666664,148.17700366024667,133.2015269737493,126.00066355551235,102.5658720824012,134.02104502036133,137.85208702730927,101.82211360073562,129.9098299259822
1221,40.7,153.1818730229002,135.7656067471434,128.14291329507165,102.0296034373695,132.2896963185084,140.81452784345575,102.87972600890613,130.0170973145755
1222,40.733333333333334,149.16687004961724,135.12667394585716,122.71963024212617,100.02850897180947,126.57301591729187,142.77308539779128,96.04489786665098,126.69279294591132
1223,40.766666666666666,148.85870323074354,125.7379863402256,115.09695015829467,101.29758825681883,139.93610605703998,151.7523584177718,109.96229136831109,112.14667146179724
1224,40.8,146.31153501844838,131.09711750876465,111.96941612802684,96.15306287788401,141.8644025959097,155.17208546792406,107.36132687328616,104.88423509640901
1225,40.833333333333336,148.97927148326065,144.67923545954596,108.31136822216405,91.0511269718843,143.05986366971234,157.5255928812006,107.07201220424828,97.68512668629486
1226,40.86666666666667,146.87853103958452,142.2604421920743,110.29893519523891,87.50537120415927,140.10978844857166,155.78323364271955,107.15815368701362,100.417511874903
1227,40.9,146.4830737500859,140.97459267599666,107.85481927758376,87.64977846533858,146.21528882954203,152.75362196911624,112.31033055954109,105.98476625346393
1228,40.93333333333333,142.71558692167005,142.0019408631881,103.89287101592883,76.4705824715453,147.38833471368991,145.46358750935758,116.25077661323691,108.73364844522746
1229,40.96666666666667,144.03823988480445,139.9953586123046,103.10885141903265,75.43655683319228,141.78471109279272,142.47594701268505,106.63195958287065,109.29774557983016
1230,41.0,148.10421402946955,137.8231580208376,105.37749569484896,77.88969489897592,139.49790204884303,142.86948133058323,103.47236859472207,110.20217986663452
1231,41.03333333333333,148.18661662437174,133.4685150801187,104.08166862357704,79.52017059241794,139.71819998975397,142.09348271961218,103.4243027202427,110.7797776569767
1232,41.06666666666667,151.8104334868642,149.04866383028107,100.72800695177223,70.3196055299878,138.36158774338074,140.08170243517492,98.62143022045319,112.94778861733977
1233,41.1,152.8729318221493,148.77256373778363,100.70185262232833,72.30164723656792,135.75009584809044,138.9311282989452,96.155717120737,116.11212828198586
1234,41.13333333333333,152.14411276142735,150.32783264549397,99.78830851349244,84.09717211480933,134.2827409796222,147.18486280111924,93.44590331007171,119.15887093367814
1235,41.166666666666664,151.29583934981324,147.26843200891074,100.82676760171228,81.86215755741291,134.8525643119861,143.18116527470306,94.66172093527817,121.35186766196118
1236,41.2,149.1785275673585,148.19343942660686,100.20513327959456,81.7115218844316,135.3455505921438,140.19666849344972,93.97537372927559,125.38827977656983
1237,41.233333333333334,150.7911750540415,145.78257326677124,98.48216218740019,80.04423002560291,132.25709976283557,128.44457124425915,91.28605979318631,136.4244862974819
1238,41.266666666666666,150.02912882017498,146.40237989231665,99.51534392202026,79.96881317020465,131.14665379511322,130.1267540364883,90.63536493425325,135.22652970808247
1239,41.3,151.6956671219401,147.58720454858874,96.49543976782883,74.83838904754919,134.33773888223652,129.896735994118,93.08629205951,131.0895363459571
1240,41.333333333333336,150.1066662682709,146.7781617368497,94.45410136850909,73.5618239074082,137.974619924116,135.97825285982472,96.02711595763313,124.95460658858764
1241,41.36666666666667,150.1975280379287,149.60921418578965,89.8342104788948,71.79917471356298,140.80009112172172,135.41695500068926,93.19124161843908,125.27267648924744
1242,41.4,152.5319619186399,148.54255116794107,89.79832634261138,68.73088975576418,140.23411968261343,133.32364372774202,95.51191034421777,124.66682399591926
1243,41.43333333333333,152.75736826645303,147.26471063527254,92.53039036869549,73.7081088070066,138.25726835633193,129.99778810989133,94.912132299855,131.51034440231996
1244,41.46666666666667,153.88970561489222,146.29745195939182,95.61506405255774,73.8869791875928,135.04502744046107,129.61419089439846,94.44624412954822,132.7470194368914
1245,41.5,154.4936734683977,146.26329877138417,95.74995941262448,73.55883063328407,134.70768533787646,130.76163079715852,93.48029369555421,131.68519953816082
1246,41.53333333333333,154.7399217354725,146.68898570615406,89.77003611586552,72.66795753224008,138.2630224875468,135.5193555262981,96.16190932854936,126.58911128377335
1247,41.56666666666667,153.9941965411485,146.76029760689983,90.17289386088703,73.42868022796088,139.8524823027032,144.84886277304304,94.96435310319073,117.15282728696693
1248,41.6,154.37351635545167,146.6534213918701,88.03143729404324,72.39416696033817,137.8126408937513,146.2589049450252,93.160011864508,115.11608467810049
1249,41.63333333333333,154.76289405155072,144.22738931871655,90.07177535241897,78.79210571958212,138.68049634200526,150.4570876441201,92.4431961552845,115.62428199428514
1250,41.666666666666664,156.58909295607722,147.07384035669705,87.55209996952802,71.4819602095631,138.1044429046625,147.3827901440223,87.26025202384754,113.2241543577741
1251,41.7,154.3508976789874,139.794841581171,87.79774488315573,68.50897344911436,138.88351488265803,143.5183151969133,87.57208470656438,113.56029558272446
1252,41.733333333333334,154.21127083343657,140.1818942669631,87.74115282130273,68.2175217168602,137.1082819695042,142.99781198855644,89.16742949396593,114.2486113452915
1253,41.766666666666666,154.06696907420192,139.6341325183969,88.23421969608016,69.2431722733949,135.42575925279274,143.75946591418847,86.78026100568655,114.15058736519907
1254,41.8,154.36280866455039,139.93407386763508,86.30616731118994,68.10182920748659,135.2154329008409,128.7021754492292,83.44439655107897,129.72326647729832
1255,41.833333333333336,153.4514837855795,142.5968338930638,81.06344716722826,61.282988986183305,139.66498436092226,132.074762925584,82.89325623026494,120.18545027618693
1256,41.86666666666667,155.61131702799017,142.7169102695151,77.97252526047005,58.584456874838985,142.47416509185047,131.6612564738951,80.49744207955344,118.94883790954412
1257,41.9,155.96228717691983,142.77975111113187,73.3907301815168,54.36198852400259,147.73179965666856,136.81805735016755,81.30505882862614,109.84468153956497
1258,41.93333333333333,155.61808362089667,138.61356464224457,71.78506293148615,53.7191930503068,150.14763636704856,137.69250752238804,87.90704306997303,108.16437066701282
1259,41.96666666666667,154.34109049038722,140.7270486353585,71.57513576481283,53.06112531893628,149.14862538236966,136.46242833042663,82.70977828144002,108.67758333057049
1260,42.0,155.17167033733887,141.87857230779622,67.89516515753452,48.9799309262931,152.4835610538818,138.2984285000842,85.89800297610623,104.044719010413
1261,42.03333333333333,154.46758883790963,141.4645171434928,69.22837799546896,49.466333639046155,150.85556985770359,129.91001002799172,83.58432795970725,112.84056516349244
1262,42.06666666666667,154.3593475504434,142.60240301313522,65.387291669227,48.422998245276624,154.50804165236147,136.25740834864513,83.423197603428,106.86405803417018
1263,42.1,156.11862278123579,142.69202023269133,64.35269315676094,46.15850543647646,151.33232579182658,137.2316684455258,80.96645644303949,104.37664677251887
1264,42.13333333333333,155.83908419067203,142.42615640919308,63.82211303447544,46.65542960682081,152.45151023307693,137.71124946722807,84.02353176357711,104.51964901918673
1265,42.166666666666664,154.56180936768615,141.60444718460275,63.320239269078165,45.83647697065606,153.10780944917164,140.75591558016754,81.55974819979149,101.04919306676875
1266,42.2,154.95619356607023,141.52692374925886,62.7944830853601,45.01750622417784,153.4761396793171,141.7557830722175,81.7345318523985,99.28510594036261
1267,42.233333333333334,154.8531041957289,141.89094529807292,61.6885290957268,43.9960430844918,154.40298787874227,141.37734900221534,82.18714697472687,99.32770996359342
1268,42.266666666666666,155.20060270432236,141.70609481753212,61.31038579554746,44.28748522489187,154.20929044355145,141.62986707924966,81.17021455362291,99.4266794366339
1269,42.3,156.28434961138234,140.92472577823557,63.01038513211147,43.903216058924116,153.4804075088009,141.88710766065068,77.00100649628875,99.02163223802606
1270,42.333333333333336,154.09204434178247,140.09314714309212,61.71050952099995,43.564127768316446,154.9617368058979,142.42153604260744,77.35017110644326,98.3447517239516
1271,42.36666666666667,154.06452357010807,140.98036302737802,62.33076629067255,42.56990758937188,154.44192833704471,136.20023661989052,76.37646000170395,103.78893773641533
1272,42.4,155.15837053981005,141.05540088008678,64.30224744839866,42.48371615895041,153.8835988927561,138.6818197430526,77.64495192666243,101.71941152849705
1273,42.43333333333333,154.9701013451179,140.59611275468578,63.22798995525074,41.039853643360004,154.5186531335589,137.59315473816716,77.80002772158414,101.64239165346456
1274,42.46666666666667,154.60173684181154,141.72204238409512,62.66148251380326,40.371307663252544,154.7082517926816,138.18259627652142,78.7677292625074,100.85461061274881
1275,42.5,154.3775565541627,140.5182018316878,61.8106905708504,40.03817905133208,155.6337748744471,138.3290670243665,80.58448947397659,100.62845870673125
1276,42.53333333333333,153.9562890898608,139.77500258315763,62.031316289911345,41.11992704701612,154.95614721792387,137.68514850298268,80.26177934847802,102.39352130560106
1277,42.56666666666667,155.1299889194149,141.102005205265,62.41851576182577,41.771450326230884,153.57321213605647,138.19284055998253,78.42877749564774,103.15939244553101
1278,42.6,155.8355799173381,141.45965381141727,62.87597465888688,41.52279555350039,152.82026624379475,138.86020130163715,77.68494489950616,102.64815236721037
1279,42.63333333333333,155.6918496559957,141.41640598352237,63.7291229064627,41.622967114767,150.7646179433945,128.31642400172683,73.9253059064809,112.86146246233307
1280,42.666666666666664,154.95516575572057,141.75006801802905,63.833532813405455,41.44008164767527,150.5640646658042,129.92010544237078,73.85362955465678,111.7073090401105
1281,42.7,154.57850563097136,141.9092440954027,64.29056646912383,41.6351770196289,148.68933272350284,127.78999530466578,70.93544459027385,113.99273697631466
1282,42.733333333333334,154.12101609062083,141.39806937481578,64.20530635355888,41.19386704984334,149.07857570438514,128.6626631014454,72.68653724703547,112.55773794073887
1283,42.766666666666666,154.16979701697215,142.02796539707293,62.81822818707392,41.09666302735785,151.2480739499232,128.80969695741135,71.352605580652,112.3890733437622
1284,42.8,154.1480478736961,141.99787604378335,64.02222770411436,41.02889175214829,150.3856856503636,129.23105031163652,72.24760099715972,112.01035166464361
1285,42.833333333333336,154.28500997526086,142.08901999537554,63.90474903008267,40.88582730935146,150.56794130617823,129.1072076589084,72.64591048220977,111.92532724652746
1286,42.86666666666667,153.3570166944447,142.0277496619203,62.47243724118374,40.73164256420645,153.0969022498496,129.31825937362015,73.97095084339196,111.46599518293857
1287,42.9,155.50663984777634,141.9551196536205,62.91873601736314,40.86498121265369,151.86882384140316,130.08198594870314,74.77072807707388,110.84080214580095
1288,42.93333333333333,155.02257251425294,142.05092030738456,63.17263155913186,40.77623063711371,150.07779668252184,124.61050515203456,71.61557839734078,115.79736030129246
1289,42.96666666666667,155.2342452541729,141.8443341114114,63.90996568418961,40.93183195646331,148.4864271865,125.79481108445795,71.94579020671664,115.00653529224853
1290,43.0,154.24264434199236,143.13781031207816,67.25724339860025,44.93750321779018,145.19864820575378,127.30796365000032,66.56089606731781,117.8389524683096
1291,43.03333333333333,154.62131731525847,142.18737503309723,69.88880000195638,44.76936334304497,142.48604678651316,128.25305739993058,67.17734767093218,116.9639309849696
1292,43.06666666666667,155.2681749816801,142.500007068491,69.80788365967199,44.459731089799924,142.57440082580936,127.86743463299442,67.64255517945269,116.99341937793687
1293,43.1,155.19474233772166,141.87014341143265,69.43025232026179,44.410018702714616,143.5027078430529,134.9339472125221,69.20648776409217,109.92609494559763
1294,43.13333333333333,153.53830486953728,141.8707587141346,70.7405754833274,46.73991972768766,142.59554334119392,130.46057945445548,66.46956866001177,116.52159071852878
1295,43.166666666666664,153.18818332923718,140.78500814539274,69.26696532717222,42.097356937683074,145.656365102461,132.06374086167284,70.35606297528771,110.20285818498141
1296,43.2,152.58976865221098,141.1262989447503,67.20060697939117,43.067418615288446,147.63017564163357,131.65084089414424,70.16503915669236,111.38330354722157
1297,43.233333333333334,154.0904599798307,141.6379619631788,66.32443766621141,40.366392294964264,149.67049998996666,134.2029094910462,74.48614393202465,105.66860771144248
1298,43.266666666666666,154.36626951417733,144.13195627145396,66.4685653130586,43.950946419552906,149.14002890321296,135.5064705493192,70.1310093428365,107.392677451852
1299,43.3,154.56466707940078,139.7913254532074,65.07638136900613,40.38801936866743,151.3018146120544,136.16457492100827,75.81535029225513,103.10556860381118
1300,43.333333333333336,153.84027975543725,142.98002886033532,66.4298272220875,44.12507126938248,149.5315489308221,132.34257799965224,71.52432457541394,111.27691215222984
1301,43.36666666666667,154.01778318704262,142.042161213975,67.37435592854642,43.79903442619184,148.76114676120466,132.12801796977638,72.39658484029621,111.23790451271846
1302,43.4,153.35996511843123,142.13229226691544,67.64883894690786,44.08171203045476,148.67103603268865,129.9681531185156,71.95986898454886,113.58524511800235
1303,43.43333333333333,153.51349924352397,141.59571899624527,67.76013610008873,42.78619056576912,148.74051868956983,133.26452998343782,73.63649989530026,109.44774613544338
1304,43.46666666666667,153.49346719460124,142.55138307481747,67.68488247215048,43.32850310226175,148.28261496287598,131.22041516493397,72.10933973351406,111.67483210971866
1305,43.5,153.9959407912274,141.33483500666213,67.31384340836216,41.89454245479912,148.50888086596547,131.35375213008572,72.38898310357591,109.88492943569796
1306,43.53333333333333,152.62027930522945,141.95520882348373,67.64745697100415,43.942429938249866,148.48242526334158,132.695666882324,70.84041843741716,110.6401356408302
1307,43.56666666666667,153.24770100634424,141.76370981740894,66.05374424794162,40.95419640172644,149.8143611552805,136.00164355027147,73.06042802077933,104.4119719997774
1308,43.6,152.37121042647354,141.82664172591936,64.13180766980835,40.89249025838127,151.96486781394225,134.57570196996267,73.03718702873866,105.33709080974222
1309,43.63333333333333,154.54769872423475,141.5095131989394,62.2261283510094,39.37274003511981,152.992952747396,134.41609343081353,76.48016196769784,103.46712191287095
1310,43.666666666666664,154.28115217384735,141.52149319483448,62.63585715788831,40.18063181634586,152.690867851344,133.14053394551638,73.52390621373378,105.08689092806293
1311,43.7,154.7608945063289,139.925499558556,62.75873749269986,40.28299259961421,151.93597699858114,134.91746822819468,76.88715421173414,102.84056678860333
1312,43.733333333333334,154.55894329397583,142.14597687122446,63.02164911316681,40.61932566999988,151.6670284811524,131.8806110594772,71.26637265252393,106.65426442724143
1313,43.766666666666666,154.80849121968677,140.7209914667156,63.88510473853851,41.11569570279321,150.8718924626763,133.34275543526311,74.338873242159,106.01200226073858
1314,43.8,154.5442770335948,142.77950613530808,65.17499855813304,43.01729160147349,150.22574733544604,132.0916501372088,71.50097970088561,109.66591391562221
1315,43.833333333333336,155.0999509136698,142.56833919873714,67.87215693435101,43.365690368079996,147.55324638495352,132.9902417087249,72.91343100285263,109.11972748263078
1316,43.86666666666667,154.3601247276094,142.19421845614517,68.11021323449056,43.6984764280565,147.72699919526792,133.26389817995448,72.41204915961842,109.11029323557942
1317,43.9,152.94973121400886,141.2561847555736,64.78040697749228,42.51427584080909,151.854440411593,135.15140433986159,73.5809891418267,105.99964701818404
1318,43.93333333333333,152.26238221729236,140.56421592452327,64.19860544715675,41.52128017088842,152.53191518810402,134.9857822000028,76.07569675184739,105.22797207564956
1319,43.96666666666667,153.07788657801606,141.25897359218408,62.71350059169338,40.75442183154221,153.97544386310562,135.26943066283937,76.75369040356722,104.26724928347177
1320,44.0,153.15317024728128,141.34065514513964,62.84918471715119,41.12936747230461,154.08784501533242,135.48210118410827,77.25078187628311,104.02046582225
1321,44.03333333333333,153.01592160288217,141.97555317288948,62.91218297321783,41.6625871527989,154.89538289707403,136.32478143688405,77.98330187095718,103.35004013291064
1322,44.06666666666667,154.69402698750528,141.16802551789723,64.62040375515062,42.778254403298945,153.39472118462362,137.08019715187373,79.6843261869962,102.91353223294726
1323,44.1,154.3799402765171,141.23302062672758,63.44355889769227,43.41284446373239,154.67218502776436,139.37869630873286,79.63175844403216,100.68432718448081
1324,44.13333333333333,154.55390235598145,142.52897249315262,62.59650751153121,43.67681599818583,155.1584782182638,138.93142867976715,79.26415216058442,100.93752726315807
1325,44.166666666666664,154.64019938142766,145.35458612782978,65.17714618705203,45.326363681405475,155.33968344759114,142.1281766925113,80.26264129192012,99.89319328695436
1326,44.2,155.40217628709885,144.42789627969208,66.40420829469997,46.27334454043188,153.57240081807657,142.12276075155492,80.50182403005344,99.50025875975597
1327,44.233333333333334,157.02909083589032,141.13152370394604,67.52321980550362,48.659345999902754,151.37583512555597,143.7291588171445,86.2236587264314,98.81572150551234
1328,44.266666666666666,155.48931644449127,140.68984016877343,68.79563920418968,52.715446348030035,152.3551026091905,146.0789551202347,87.93587361075461,99.85237642729545
1329,44.3,155.62253280750033,139.09106402039512,74.7283108135202,54.99634369227354,146.33415805907487,144.64670357305064,87.10259910496379,101.74704561533136
1330,44.333333333333336,153.6989333616654,140.19472193831453,75.96341315561959,55.32603965542612,147.27687147864282,143.65458454045697,90.13976041737118,103.19592217684271
1331,44.36666666666667,154.6111958882456,139.25895218785487,75.23354470944338,56.4484736788408,147.3863656623548,145.21313721013485,89.38892108735281,101.39705987437654
1332,44.4,156.8522518671482,139.89682679389827,83.35782248628131,62.09926546344586,138.44372950506974,147.89884953802863,84.8813953320676,103.47273491218317
1333,44.43333333333333,155.97968079931076,141.2207891481011,82.12955021241852,65.78720991682081,139.31186236058957,148.96848869338564,84.32871492549259,105.54013800522507
1334,44.46666666666667,157.65380707180222,140.86057928460724,80.86251393594112,64.25739754472892,140.59830556737018,150.2691485144538,86.21738980899173,102.26809350413414
1335,44.5,158.47471060147842,140.24822787719364,84.93951946438803,66.59047365097234,136.68075804972838,143.37100168580616,85.95601877471618,112.3351208075112
1336,44.53333333333333,154.64858388345556,141.47929573881729,83.90130493867919,65.92256110401819,139.13335330045345,142.67385397328758,89.14147666463194,113.3803299552226
1337,44.56666666666667,154.71670252156608,143.38642723303496,93.36984116999608,75.64573044345457,132.0055642429108,146.99761156309194,89.05186425632488,116.51727026511162
1338,44.6,148.0088387646838,143.39080201974838,89.9727867577991,70.16811222764238,138.07192802490567,142.2648996850969,94.07801761541413,115.596108997307
1339,44.63333333333333,151.00692569235704,142.51442232404648,93.76343202311281,72.85533060297118,136.47564451985042,143.52674336803244,95.19430398962601,116.86270512942289
1340,44.666666666666664,150.17980677107684,142.95603984788184,96.82518808733167,74.93630142523355,138.40206149099853,146.34510486442792,98.66541153354113,116.07832618508709
1341,44.7,149.21349053002723,142.33821498856733,95.92574878297127,72.12872238964663,138.8583288022193,142.05028749595658,96.51443242984683,118.0505149327966
1342,44.733333333333334,149.38182140749237,139.36947528790066,98.79141552174579,78.94281726519854,134.6148627274772,140.34095232197603,91.61920349281174,125.55431311554248
1343,44.766666666666666,148.39202318077298,143.08997623116534,97.42519296534205,71.99150358006057,137.05668593226437,134.03189951393054,92.41514297262756,127.0212479632988
1344,44.8,148.094864570411,143.37021221229796,97.79228596966176,69.00205307530449,139.69454767974028,134.1089568867391,97.67150135956872,124.49703956592803
1345,44.833333333333336,148.39675442758733,142.20914986254456,95.39813018537947,63.44533900551927,144.2231815325845,131.32161662472345,101.55602458754966,121.42034393412467
1346,44.86666666666667,144.0119252622747,139.90284155375153,95.05720015146952,64.21756766375273,145.88142959887318,119.46560468433974,106.21763630547493,132.24271056787933
1347,44.9,144.67577180132713,138.27223207652096,95.00208121308094,65.77612803274607,145.78776261572204,123.80688458093681,106.73154772162499,127.996352795155
1348,44.93333333333333,146.753080400063,138.97557433717301,97.75034397013894,69.43114347959681,147.5469137149451,126.60946587539061,104.22529768021641,128.42414992965683
1349,44.96666666666667,143.33208703044562,138.99826210843187,94.2420817517419,65.4492244391261,149.30065517906013,127.57921043291405,104.8754337784728,124.5632942353306
1350,45.0,144.65478959430186,137.3571422275801,94.62710718131257,66.86631914576246,150.65704634248652,127.98217164213845,111.34813822939273,123.38506126278048
1351,45.03333333333333,135.45048968731456,132.27202632410055,94.99126183121503,68.46802985489265,151.74729933214934,133.59853360920016,113.51585349636224,117.43957249732607
1352,45.06666666666667,133.20143001155282,129.26442864314708,94.65144049161674,70.46076766315076,152.14575742817172,139.90611473384217,118.41385542272174,110.79151804469467
1353,45.1,139.00018561867807,133.66241921100115,90.9426318277663,68.15386630602285,152.61690541839195,144.44025589384233,119.75142543768078,105.35031625143381
1354,45.13333333333333,143.9684082877365,132.88141291985667,90.6092455773557,70.18920452757649,152.21136366812462,144.43763133823066,118.6908247702319,104.44531778988197
1355,45.166666666666664,150.4110312545429,141.83314959829397,91.19313299040817,71.03821727768299,151.39547374199066,147.39419046475575,111.20916692535727,103.14077120658457
1356,45.2,147.78427565113302,137.83450012614003,91.2246985811863,72.22008880012392,150.29124685216314,145.49264477589392,105.821361895828,104.98109130600969
1357,45.233333333333334,150.2526952419955,135.77449159012778,99.14100876508887,77.19392282043405,150.16264956002044,153.2169733735057,109.99499414380676,97.35947715241596
1358,45.266666666666666,151.4102696890125,136.29962036973237,99.8451516807167,76.9152247827814,148.76735002683444,151.83029069647517,104.72545893694455,99.2920214585721
1359,45.3,150.74770126897067,132.89084232923892,105.41094356912114,80.02604312126844,150.35812038150073,152.44515327930432,114.70032805789474,98.29827365269225
1360,45.333333333333336,141.6094518639243,126.65749375270524,107.30558903579947,86.91297005240028,150.23212853540835,153.01465307294728,116.39492385747107,97.94076449540044
1361,45.36666666666667,151.6708143995683,140.91761561797162,108.42022504357213,89.08858616945881,148.77562196702553,155.30835738774437,111.73851130351584,101.09242184239874
1362,45.4,155.41955785759896,142.21588936383455,118.62608595226216,89.72440243348869,143.65006805066525,155.37324752877882,110.88727271080481,100.28272527400217
1363,45.43333333333333,140.61381996481165,113.92756077029965,119.21266076068085,105.24043285864788,145.01368504562635,155.96944699587974,113.59955238443192,98.42255940759495
1364,45.46666666666667,150.5360405880238,129.9543413042686,130.4153468751424,100.6605741862491,138.59852149135256,155.24007531588208,113.5188685616563,102.06688369985247
1365,45.5,153.21913863641967,133.02446790550786,132.66069660188947,102.62190897689005,136.94333122834897,147.10147891416713,111.83911932262644,120.66163677803226
1366,45.53333333333333,157.11745877004884,113.28003215877212,134.76039842683554,110.46788532486946,131.52543179075178,140.65911980943142,104.02149573410756,129.7018127349534
1367,45.56666666666667,150.91585343076406,107.45482462857429,136.09512625287852,113.4561783915702,133.9799345440736,141.66311790701545,107.0539785076821,128.8964933566265
1368,45.6,150.26611064883326,104.00578568273806,136.01803813187712,113.86082172327018,135.19277742553928,135.11604510543725,108.6800856060573,133.23351834038445
1369,45.63333333333333,149.382204388499,105.27642199386305,137.56556958516933,115.09394823362872,133.8198369134089,134.0827684355631,108.19845417934228,134.44172993047837
1370,45.666666666666664,150.71061503266665,109.40732178959199,141.90805624830804,115.99810335125683,131.7696764766705,131.62857128669944,108.77872273469245,138.0890381079801
1371,45.7,152.11175002305725,112.45825552741312,140.7758609477797,115.92503644293603,133.2251766951457,136.10974261915655,109.02939064039641,134.05454600891528
1372,45.733333333333334,149.0867834014243,112.48180912718055,144.94482314077712,117.5865031416416,130.48778639312792,130.03232182245205,107.37801950110058,141.23305005684418
1373,45.766666666666666,148.39536548432648,108.5676665192287,143.8039953762668,118.63603596554525,129.56004535817814,133.43787111228053,106.48695649770518,137.81428117735612
1374,45.8,144.8919437840912,110.25080244926058,147.00232174683674,119.1806189003862,129.49444482495704,133.33568983340516,107.870023565624,138.72683506125802
1375,45.833333333333336,141.55009330914487,111.67231993258125,147.46230535387858,120.59329842907046,126.27723590831506,136.58256464967897,106.08503694016859,135.75930409267698
1376,45.86666666666667,141.58451008231447,110.5458023105145,150.56259602397662,122.32978734601674,132.11876685848344,139.56901646295447,113.96309244202006,133.81155023471987
1377,45.9,146.02301543670322,112.60455275835949,150.31666987979216,123.29614360904156,130.95799486050237,136.01578004932662,112.03804408611678,139.16463811343095
1378,45.93333333333333,148.03600382872767,118.78638981051088,150.0915190546564,124.20250951280717,129.0308377528566,135.93678993380203,108.26355948996758,142.89609440560875
1379,45.96666666666667,147.8961111560587,128.02431725886262,151.62566067371537,124.49876594757731,129.4305623449644,143.018520071108,109.5911751984851,139.45662212137705
1380,46.0,148.46956533754846,114.12241212155867,152.4694655506284,128.52460328151227,134.58632107400163,144.14110431803604,116.05589759169217,137.9150090724711
1381,46.03333333333333,149.68063321254593,113.32851582829936,151.48627379274137,129.39749278079762,134.68151646944926,145.7520006999894,115.8051811398782,135.99416022274963
1382,46.06666666666667,150.50648638568734,117.99617785665488,152.89882465674106,130.059888409458,133.7190747387542,145.43400958026766,115.69044167015187,135.56044636364848
1383,46.1,149.07476789744294,114.50133018723531,152.9304361978571,131.51465605912082,135.81057106047575,143.60001348113724,118.46037905978174,135.89927021529545
1384,46.13333333333333,150.65004146811563,120.06556862062901,153.44822118736693,131.3710691297287,135.00345337143352,145.24747588021904,117.57137823453628,135.8354534565326
1385,46.166666666666664,151.2852899697088,120.26451549338776,153.52876906206424,132.1129951823837,138.08074640128132,145.48749813850105,120.70224906347373,135.38739538381904
1386,46.2,151.67225743033273,121.56449641750656,154.4909112202447,134.69208334522438,136.98464845352083,152.6640089014647,120.47439287649382,131.03983355734843
1387,46.233333333333334,151.6187346118597,125.7021027851143,155.39103141250845,136.06873680583595,134.57347860155667,153.62621474627932,118.5208347801268,132.35996255725902
1388,46.266666666666666,146.57378330666666,124.227603428149,155.39867355391345,136.2767800030054,134.32651781346,150.44377096085483,117.71001958682571,134.94878601842197
1389,46.3,147.39998597044269,127.40588840534835,155.297928257438,135.5395363092783,134.46101467035453,144.40535072257828,117.71506363049248,140.92052590256912
1390,46.333333333333336,148.34873587674676,127.91154826728157,155.0967589322287,134.98789665404027,134.47999778242257,146.32734878441434,117.37535530524036,138.13508237832804
1391,46.36666666666667,148.00744621636338,125.58117047443726,156.9118128819127,137.1529903799452,134.32231199011113,150.44519653159753,117.86910503263233,135.85299442318953
1392,46.4,148.9706402921055,125.63546399781931,156.7350626367095,136.59239824614215,134.53487809810176,143.68337344521933,117.78975898216942,142.40375563128086
1393,46.43333333333333,147.15086387436816,126.98219195652126,154.8562997348123,136.38324539346044,138.6717698300429,147.9132056333137,121.32493626702343,135.75833169782493
1394,46.46666666666667,149.11374052923549,126.12880410285685,156.9116937209676,137.76167598030645,131.65022500751053,139.6693678948147,114.63662937769794,144.97440271051894
1395,46.5,150.0705898954404,127.39973496811825,158.23753091032836,138.78561157028733,132.09941765925646,142.10141204237618,115.6188026670782,144.71799189594117
1396,46.53333333333333,147.84040471886746,127.77751764126312,158.93173487616332,138.95425340742884,133.47273529362417,144.20143635264608,118.06252680422533,143.07677558256435
1397,46.56666666666667,148.8289963492084,127.41644451075388,159.01460361796757,139.01717976826902,124.28906675499755,140.78876419948838,109.53212777418652,146.36393689929275
1398,46.6,149.1310914170407,127.51212878690826,158.62257306954032,138.95480809916432,133.3748330850979,141.7555207608512,119.0277569281469,145.8492755253287
1399,46.63333333333333,153.5549457025509,129.5180881649095,159.608550711189,140.61426600867566,130.49457736360833,144.88777144575306,115.94773148828386,146.85079256447338
1400,46.666666666666664,153.2177100349375,132.04914988269,160.18424532501447,141.69503614870908,132.7402114501138,157.43453821182837,116.63411928579924,134.80660375044314
1401,46.7,152.3086002289701,125.79593661359964,159.07304102035113,140.25346128666584,134.70967893476083,148.76816416703173,118.2149615257785,140.6983076402573
1402,46.733333333333334,153.29738022839948,129.591163713763,159.5250593315884,141.01940252764962,133.9081391489638,153.13310345017126,118.4711572230139,139.17870329056007
1403,46.766666666666666,152.88761349645557,125.69745799062649,158.6600034984604,138.95581912704733,131.9870422252241,144.74089333762336,116.42584762644047,142.80053273186311
1404,46.8,154.06873654743956,126.71246623747241,157.98372385276744,138.21075384532685,131.65174548837902,142.67487144013887,117.12012775357326,144.25611952302037
1405,46.833333333333336,155.70990347319824,128.59644469030232,157.41596543581906,137.4702697012167,129.64738968442103,142.04042275946452,114.5132733857491,144.78919875666858
1406,46.86666666666667,154.64882667994362,128.10453915493915,156.26575150822333,136.84886506298864,125.4502285319568,137.99293675238198,109.16801796095065,147.441622506861
1407,46.9,154.05829277378953,127.651292856126,155.8886732402026,135.9046766989963,123.75117738668763,132.90520394711797,106.86212001991754,150.69383641385107
1408,46.93333333333333,152.43724503066176,127.49566573423638,156.02987409576963,136.07666005757616,119.04296464053037,133.2153547160324,102.06202919581652,150.80827707039725
1409,46.96666666666667,152.36372324916402,127.8532659202878,155.76064891026937,135.845081953602,125.0892585667253,137.2323926185139,108.5388373853738,147.1673405123276
1410,47.0,152.18312908634948,127.22310566426438,155.78494958309136,136.24276269235477,126.50013342868624,137.89448612163775,109.88689922901209,147.07980257985344
1411,47.03333333333333,152.1424256837544,127.43974677620051,155.94754269098382,136.3651143107458,126.55043630760059,140.75865838860636,109.96865058569242,144.46640398544864
1412,47.06666666666667,146.81399358044246,122.55349700396961,157.65917185384276,137.87190969799323,131.789546283821,142.26195532178488,116.67942207266339,143.0394212861955
1413,47.1,147.1029500292861,127.25118064225359,159.035744744654,137.28894854912718,124.28853160812683,139.41955769175797,108.17950213916342,146.4825997764036
1414,47.13333333333333,148.801034621116,126.84111071322518,158.96559968965272,137.37808891486225,129.29279749454082,141.07321876577208,114.60723685793423,146.13548205731092
1415,47.166666666666664,150.05562125510164,128.38223752611393,158.64201016412545,135.78232619877548,121.37311380688124,138.71247210925782,106.93546059164903,147.61673701498594
1416,47.2,151.04344647305876,127.5664711597628,156.3306569328703,135.28325471433652,123.81212459054854,136.54434003425862,107.69270287904008,147.99680438986277
1417,47.233333333333334,152.37199842790568,127.80281199856968,156.0967543401675,135.92791956335142,119.51228588660155,134.3585427869285,101.67106574108837,151.03224079517696
1418,47.266666666666666,154.51579704931095,133.15013498189398,157.9977107585914,139.18321663264248,118.34689162166248,147.13360500827193,99.74137203239972,149.27548084314788
1419,47.3,153.54834549409244,127.61127904390747,157.81787887976895,138.56191350627662,119.6552940682559,143.18867158845347,101.58650866329522,150.2932502679963
1420,47.333333333333336,154.6599917189293,127.6002211207122,157.3558276211275,138.4359364747423,119.36047077215616,145.30399164894004,102.54824238623499,147.42651518960312
1421,47.36666666666667,151.33213995770387,122.81740401602481,157.56163287307885,137.89082562448044,122.09953359490684,141.59738533669776,105.07030477690847,147.87113941218124
1422,47.4,148.42384633999217,120.07547798601958,158.30416842608386,138.29628472424324,124.6738309150112,140.65852627764318,108.37275484570885,148.79992839485394
1423,47.43333333333333,153.25488043292248,127.56496718878992,157.68492215438133,136.9048996447161,121.69535581806919,142.55207637784628,106.2124867351282,146.9865505854885
1424,47.46666666666667,153.61381467624653,125.59735778376196,156.44561077855803,136.16309210199861,125.64107742330891,139.6944213561826,108.77144010827611,147.71354345485457
1425,47.5,154.07442133123993,127.78306865860952,156.44921611966905,135.9492012165391,126.19181401989448,141.4575460411284,108.93464740609514,146.57790955379912
1426,47.53333333333333,150.62777365194515,128.4573270629172,157.0602894451962,136.35173812075007,120.92801927827064,140.8578289281598,103.33049139891672,147.41230807816785
1427,47.56666666666667,152.54555597037486,128.68156296944645,157.35776485886157,137.4014159415971,132.99393208665188,148.54517449417187,116.21039861695937,141.9356410119569
1428,47.6,149.65670057904254,128.41777859680167,156.9079943052667,134.85512757149294,124.14992954416574,136.78387488425184,107.49487432556916,149.1472873852543
1429,47.63333333333333,150.9993012496034,126.22225899077725,155.34822561444784,133.1130859031548,127.5427680089679,132.30019123954327,109.57515227386988,148.80759005629633
1430,47.666666666666664,149.7328967896164,128.81184609945964,155.85731288373273,133.557728601024,129.0914233287265,144.08553727523568,111.30100421152387,139.7339776111354
1431,47.7,147.30350590539794,127.4136357066928,155.86091504550265,133.8687445771783,131.46784335438505,143.42711342282183,113.01308768970407,140.1033478612952
1432,47.733333333333334,148.3850763779502,128.4241603051756,156.00830429275425,133.77433672747281,129.1346608520718,142.9722471958391,111.11570556382858,141.4461085936313
1433,47.766666666666666,149.52059746587952,124.2227935764758,155.0391461437732,132.57497310771683,125.9237038106259,130.79476085181403,107.63751756737258,149.81725043933105
1434,47.8,150.11941822124177,124.7902502859071,155.0217449859431,132.67593417821627,117.24550119275233,129.85964685780579,98.5256631683486,151.15128539639696
1435,47.833333333333336,147.77765262748042,126.32462063439698,154.95116731649748,132.40081616754225,119.70851506036114,130.91406463040138,101.66557599523856,150.4964646377397
1436,47.86666666666667,149.5007945065425,127.33739080112898,155.06147715755634,133.0114896870196,119.38220596144794,132.42536939124653,101.72628782002454,150.24322054182747
1437,47.9,149.8356059192832,125.77919015824992,155.0262021175593,133.05968771669237,122.33481315368168,133.16012054713786,103.90389616798822,149.23809027959607
1438,47.93333333333333,149.9346328096671,125.25772778214976,154.83192390643384,133.09132495544958,122.09417597363357,131.64643735989475,103.38300894223298,150.29986788408732
1439,47.96666666666667,149.86361128594407,125.49962512952094,154.86211557093506,133.04715404508588,121.55478872186545,129.79649684364136,102.79340591731305,152.1528549380673
1440,48.0,149.8814193801604,126.23207454474884,154.89956447530884,132.47773921446796,132.14639098826405,136.40447850998675,114.96068333762545,146.74429855778766
1441,48.03333333333333,150.05518750830444,124.43330712563127,154.34938564230328,132.60190995288997,133.48345083230382,135.97762306712204,115.74273426629115,146.69956117847227
1442,48.06666666666667,147.29864163342933,124.43931248709859,153.20613679278867,131.47003664195782,132.2337214209847,140.4053993033175,114.13752832006492,141.6705402546971
1443,48.1,148.9903722655989,123.48765567282616,153.3202757635777,130.57546178441157,137.26015228826466,140.18653560031936,117.94958385936847,141.59082691212384
1444,48.13333333333333,150.9334467005806,123.9626753225003,151.61761028579897,129.55579046902076,132.84585082032413,139.46261222521431,112.22200380999983,141.76955941977027
1445,48.166666666666664,152.70092827100453,121.33793567470953,151.844430356668,129.16004614354298,130.20963904398158,132.28462954751313,109.43964954978026,147.74625895968356
1446,48.2,151.9930144368481,121.477204599948,149.38006701866024,126.33764741150806,130.0260614198804,134.65089284959177,109.94084060617229,143.7850890357784
1447,48.233333333333334,150.90220175834983,118.07057822681142,149.1196336043642,126.06081106220167,131.52546080501784,133.09435768601534,111.38329448139858,145.1483602778881
1448,48.266666666666666,150.8584401315413,117.5879795459267,149.21865516132905,124.92894179383266,131.35156970204585,133.4056006405677,111.243037742761,143.74969771992957
1449,48.3,152.36085456862884,117.83053210881094,148.29627949067813,124.19234531878872,132.37837007282553,129.190581925409,112.13537497888261,147.75562483657356
1450,48.333333333333336,147.49584404141504,115.24307962328248,146.86058276613807,121.89479558851173,132.7941524122852,131.52973132579854,114.00557794448561,142.312244486928
1451,48.36666666666667,154.24345742080462,116.56214073510858,146.5178732249649,120.79872760484324,132.64695727252882,132.34062891854683,113.20125088638237,142.53115725843264
1452,48.4,155.80422187355907,119.89564748689014,144.87096468211854,121.47434154702054,126.77302492328569,137.81439640351482,105.25230567563852,141.39578940558116
1453,48.43333333333333,153.54548277505012,119.2834154322871,144.69580254599768,120.94769291315727,138.07813230288738,139.71482451864526,116.44624192957204,139.75840567431175
1454,48.46666666666667,159.86760986306186,118.152334486149,144.62637081742088,123.08481366522214,114.83200222441829,137.44845351252198,92.60281972982101,146.2992171276561
1455,48.5,160.09857341510985,114.91464034067286,142.5899162187146,121.86638038331994,121.36389222709589,137.31637226233448,99.26806293939741,145.41825124462784
1456,48.53333333333333,159.39701621720585,117.73558269855918,137.67861070511682,120.43517259371356,123.87043491462533,141.3941348193182,97.0828663334987,138.43447394532282
1457,48.56666666666667,157.80053693142457,115.27801457287642,139.1373511784399,119.03167042893173,124.77954151145855,137.19525287357385,100.29356286454465,139.18958305923098
1458,48.6,157.36795473894736,113.40691323394425,135.8155487201324,118.69055585355959,127.18921947980346,136.29913324123564,100.35045682618225,138.57883310470456
1459,48.63333333333333,155.36927489949753,116.41576715245627,133.91141364773563,114.76475223459049,131.62220551713082,134.73141445706827,103.57387993096334,139.7778921111311
1460,48.666666666666664,155.7017121372174,131.81580462406671,132.56889411043198,112.07310516247644,130.3049473152658,138.23740961933623,101.10611767473927,140.68860721838408
1461,48.7,157.91029485027653,138.08183458544514,127.50351179672862,108.31678523859532,132.68234061949636,139.3385040220184,100.98601631581491,138.0420250439039
1462,48.733333333333334,160.20624201245428,133.87474843341082,128.205879907479,109.31978225977312,134.30636832908826,148.1691621591759,104.48850838305361,128.73341080977895
1463,48.766666666666666,158.92706239544435,130.98808020655034,124.60018218045357,108.10227914184237,136.12332000930638,144.19834541392416,104.62928536015853,131.08192775405735
1464,48.8,157.16139276880148,133.32638516592505,124.9757769217455,105.21304233682152,139.5788459081359,144.74947166894913,109.58807566444061,129.89714410996982
1465,48.833333333333336,155.50130390256592,141.0729273480297,122.5169759863879,101.96952339017733,138.28158022674754,146.3600151333574,106.08510439908211,128.9378651441737
1466,48.86666666666667,143.7433858288819,123.09140158273364,117.51764655974068,100.38429463585186,141.89081755235148,142.37898012182941,110.3051494659741,124.78252487494467
1467,48.9,132.36411275036377,133.8108740100456,116.53737044968909,94.32742483461178,144.3153836875022,150.21143592166632,117.43746481175823,113.65218191967001
1468,48.93333333333333,157.53739924584056,95.03753619844223,116.27713506344753,110.45719773969485,142.70026352872358,141.73060169501053,116.61325858142054,119.10142888006807
1469,48.96666666666667,150.14707299911402,124.24661918660642,107.78409908710536,90.91180936252721,145.61109923921634,137.50123975905996,117.19250906237593,119.5900643637123
1470,49.0,155.6209623741089,116.88943732229555,109.597919438368,96.184823852142,143.98882837142608,140.32908021266914,114.4751174381736,118.00247174937783
1471,49.03333333333333,150.80821785559343,124.1868852773442,102.35141252298102,89.44366610289491,142.34130614949837,138.1490784978087,105.16704205697901,119.4363168404639
1472,49.06666666666667,151.60785115622994,142.07389758090977,103.29937203254578,79.06098518201057,141.92779656182023,139.6194009476746,104.77632555134566,117.7655067334486
1473,49.1,152.02377460599976,148.4809081084159,97.78417563880974,73.95058251347295,144.73113167310413,137.28262463122383,103.9126512103707,119.86548699938677
1474,49.13333333333333,154.81186169531037,149.5844509774088,100.6953931191598,73.90895600482736,140.82524015386167,139.93992871821197,100.55700574744831,117.8388181503772
1475,49.166666666666664,153.80269212967684,137.94546766897903,98.9705135820543,74.85201951686297,138.82491062501373,134.98732592543712,101.45515597285322,118.63954606484086
1476,49.2,150.13283134828868,136.93035712323342,98.86780464968979,76.07924115516091,141.0400905690317,135.2981215064661,101.13628453095087,120.02872043534953
1477,49.233333333333334,149.9438276381206,137.14984525829792,98.25618035720858,74.36546313001826,142.06394529829845,135.2802598263703,103.4355792834398,119.81623475134121
1478,49.266666666666666,150.53224668114837,141.96398100586222,99.92312600785323,75.46273490730017,140.56557268878663,139.31747530869677,99.8422168391604,120.29780317083208
1479,49.3,148.87940803596183,139.94141607540044,96.62092565828,72.5439214886832,143.05950814641025,136.21677529399804,101.64981806613427,120.67042626253247
1480,49.333333333333336,148.42219497802105,139.91317219580768,92.94275378992914,66.40904523907689,144.93607232878537,123.47514962514404,106.16479227470708,127.87731657485563
1481,49.36666666666667,148.95042861690982,137.27886242601596,100.3758645930083,81.4742818938988,139.69643099163613,137.95931605979808,95.91705743111642,130.08370527672395
1482,49.4,148.47547384885007,144.99627998686475,92.38127743383811,64.32880513821958,145.0802825613829,124.54022292054687,105.72018192418699,129.33633409229014
1483,49.43333333333333,148.5465852534031,141.55628567410048,94.57155914292247,70.63460091082241,143.5303735032895,132.2018399079656,98.5339414151363,126.8993814802981
1484,49.46666666666667,148.5096589020485,139.87618341094569,93.85139375609364,68.51941284750636,143.53448576885998,130.06956474742069,104.83568463200659,125.75125395291144
1485,49.5,150.71257392870604,143.1600753992375,92.54319235983716,67.75650978127128,144.3635540346988,130.48481688761822,105.48537295853056,125.99164807307267
1486,49.53333333333333,152.228534566832,142.7271874109435,93.0547140864813,67.8164232998503,143.95969327677338,133.16805100071113,106.88150402340172,124.10375016061799
1487,49.56666666666667,149.95091420736537,134.06867403529736,102.83373429737469,81.10695000809109,135.9580726823242,139.96511950817003,98.67616186958266,129.12762367869666
1488,49.6,150.13581197913774,136.33285008323938,97.56909486023417,76.26889023832318,133.40486379459733,129.22104448779595,90.57390753752982,135.08939857858243
1489,49.63333333333333,150.2174503477883,137.55228987569257,97.56473311202488,74.85081361976782,135.10636418620192,129.93912026327553,93.5576882475201,133.9193968373036
1490,49.666666666666664,149.3732739410976,137.99659303625697,97.29754686717357,74.32467033578536,135.87544101579041,142.98712713757052,96.36394507016792,121.37262075260286
1491,49.7,149.87117419930075,137.28011881464343,94.7992747137274,74.18086162253131,139.65074117889046,142.81312959924975,98.76579012508249,120.8189648925249
1492,49.733333333333334,151.4031357432482,135.71346333942498,93.69194284406504,74.39431296604334,136.56514904739726,132.29199996513134,92.63691262081157,130.40991863160397
1493,49.766666666666666,151.6029308015527,138.9818375997487,88.91288177860422,66.70270312679591,140.32967210238746,126.19980048454873,93.75752764563431,128.86845595422542
1494,49.8,151.62306915111745,142.9010777443765,88.56955529851605,66.25717054009864,140.7740530521834,139.14935637617563,94.07349603067038,117.7781675834896
1495,49.833333333333336,151.70533509624747,141.22587386186962,85.61591479250636,65.99018901833401,142.8241665739599,137.50792007949775,96.19486559123644,118.81441849674947
1496,49.86666666666667,152.54597343432957,141.31041389208147,85.64532189963609,66.5828212758525,141.674256593174,144.4425254519473,95.19353006764088,112.54348899815218
1497,49.9,152.8342626095151,140.30916016649732,85.27030832759587,66.04333662516129,141.212743842771,142.73310648145062,92.94542352221276,113.00091639571035
1498,49.93333333333333,154.70308729030714,142.14385482864625,83.32137843585407,63.70986758654506,140.906538896843,141.92722278999113,90.87408993255033,112.10276165218036
1499,49.96666666666667,154.06298297168885,140.43602223536868,76.77667292691586,61.00519781600634,147.0885529459808,143.3965950917495,90.7211378580564,108.28684896023967
1500,50.0,156.19462216773184,140.86539002048906,74.83427493664415,60.29899505059325,147.93942448237502,145.791164381352,88.13653552925874,104.60620899096658
1501,50.03333333333333,154.6926465972369,142.36534396384513,70.81814975256069,55.10624306316626,150.4970571802412,150.1378569868978,85.67272462303102,96.18277355945662
1502,50.06666666666667,155.88759611502084,142.99629877866062,70.94574496994672,54.17128644225204,148.22767530810876,145.9549282669647,82.39851429326283,100.65278234501012
1503,50.1,153.83227900737035,140.99106310924668,70.68879664303445,52.25947927758217,149.4416431509181,145.13220683313614,83.09229892063952,99.32854569112861
1504,50.13333333333333,154.94717551910998,138.4995914659196,71.22579663812422,53.3762610495487,149.98101652079495,144.2556733012277,82.43052919474809,101.0407227715737
1505,50.166666666666664,155.53137203594648,141.16154191048915,68.05469748759882,50.58921016843686,151.98022587364133,141.88861168836758,82.05870026391355,101.91617857267256
1506,50.2,153.7937536580865,140.7751427013125,68.06661316240836,50.288126924873175,150.22956192069194,141.33385285338386,79.08875784504319,102.45467446726543
1507,50.233333333333334,156.83856268518238,142.29774940961562,67.60679892247359,49.24155083776434,148.993953971892,141.9455210133137,76.78864364768162,101.14960449687773
1508,50.266666666666666,155.85876032732642,142.43094687584482,66.35418416195722,47.91795136653571,149.69962740247206,144.43272281798085,77.95697046806266,97.94106975955957
1509,50.3,154.59323263795937,142.85788807192196,67.54720810213756,47.131902170344404,149.34741141873735,143.55109732700384,76.62373313144215,98.62655273003385
1510,50.333333333333336,155.5415640075561,141.37710182891,65.79720306718832,46.61306019610079,150.07744529123005,144.83363214480607,78.4462771829789,96.87170580727427
1511,50.36666666666667,155.1947526534003,140.95079443536423,64.23978921247382,46.37994622042453,152.73408694450973,147.25292232402504,77.88873273524412,94.32714122126839
1512,50.4,154.8968232559176,138.07190943403987,65.67984239951838,47.20955076595949,151.36191099503563,144.42755651124241,76.5769752595338,97.73416774537556
1513,50.43333333333333,152.83592111356774,138.52802951661928,65.67543771680839,47.57446438951457,153.19930022126053,143.18427109887952,74.66626200166002,99.53626339491024
1514,50.46666666666667,155.39597778202383,138.76629111768753,64.09463191691346,45.574126218404565,154.17642301368093,141.17465881409814,77.77050753262229,99.62624616430904
1515,50.5,155.8448981946219,139.2828044602832,65.28367563280045,45.13750288097577,152.80367381473428,139.9957647488974,78.37376859482043,101.18814832305458
1516,50.53333333333333,156.85896373276614,139.63784955662157,63.004802114142265,43.56584354978805,154.4856113080824,139.0664086697243,79.19297684663312,101.20382405266841
1517,50.56666666666667,156.8534723648424,139.1589148249493,63.12066383964166,43.820472556311884,153.7079997444843,138.29469480598266,77.91141675631629,102.54475526605063
1518,50.6,156.41210691131556,139.93053419978014,63.11887187477356,43.224285488191676,154.38254689014167,138.24740229044923,77.35173029645647,102.49104070477621
1519,50.63333333333333,156.22503679240256,140.07393350088515,63.321791045322996,42.61897188420161,153.2645368491673,138.25499406792926,76.86530141237469,102.42440183731497
1520,50.666666666666664,154.21631091906616,140.85175967833533,63.34894008723438,42.50166065170581,153.22873732952274,138.6536832858991,75.934368014096,102.42681156535477
1521,50.7,153.69007444526284,139.2931529690364,63.4557107452447,42.171389123420596,153.96508652261647,138.59903067311282,78.4638036621792,102.51437959665616
1522,50.733333333333334,153.63137508191465,140.59228225051038,63.832801419699486,42.64566129257994,153.84468454000006,139.10678523909786,76.19937125495888,103.12481074545528
1523,50.766666666666666,154.75172254084728,141.3460997253622,63.406761358052385,41.932428830493585,154.17438126035213,141.68395430474783,77.57580953971936,100.0492970744437
1524,50.8,156.1819052632928,142.17679265496525,64.28003504788909,42.713853471042164,152.814863909402,132.62271980595125,76.69931758987457,109.16219106465545
1525,50.833333333333336,153.57642011431219,142.16180502323087,65.07133619253356,42.65496722522965,152.62192981857038,140.9593857776633,76.724696189819,101.30931754639538
1526,50.86666666666667,151.77403720345887,144.2846822927237,66.45082628514352,45.17243663114091,152.3533788266047,138.593483304226,72.52278172554175,105.82673117528833
1527,50.9,153.42031916652905,144.4929066835158,68.31346302538297,44.636246860080135,150.86654412051357,143.8521148311648,75.3381006535484,100.2965719987816
1528,50.93333333333333,153.61738014173105,143.38564716113197,68.25791330426149,45.13966179774846,150.23166590639752,143.23299240946284,74.6515976083211,100.48282219369273
1529,50.96666666666667,153.439612131588,140.22753391070265,67.44249896330841,44.684729690686076,147.30395707929256,137.65265989476634,71.84018294108898,105.88374192880369
1530,51.0,154.6092992531442,142.39728348682686,67.87348738880075,46.86384709634239,147.82996015564646,139.13252877002606,69.1097443122152,106.49920974300191
1531,51.03333333333333,154.37710272220482,140.0898389227592,66.99518488472344,42.566823169733176,149.2388108810578,139.2860922788875,71.52334230509103,101.30636556955984
1532,51.06666666666667,152.97761519186696,140.05973265238464,65.83714915187758,42.72483660918123,149.45503524021845,137.96138667888025,71.23371575114734,102.7699894500471
1533,51.1,154.0825371849565,140.81389907642222,65.47104597763368,42.480600398282185,149.50567725317393,138.07233781215623,71.55999143917774,102.71565633181892
1534,51.13333333333333,153.58647435544745,141.37503590032782,65.46599116192071,43.205213406891474,149.75317027162714,137.61979832710574,70.01031153936835,103.3996418904594
1535,51.166666666666664,153.19015562334388,140.74308545437452,65.12668980513432,42.371918335580524,150.13206921162396,139.89310166188577,70.58719642007216,100.71430113941494
1536,51.2,153.5692789590694,142.76706343659515,66.81746666936623,45.07154094333034,146.6795115231524,132.92609539057526,68.2167530011152,110.74506420989958
1537,51.233333333333334,153.527889760808,142.73163616993207,66.6351904776978,43.75145871718441,147.5439751157172,141.6255515242365,69.94004622753049,100.98008584127342
1538,51.266666666666666,152.7319085691211,141.59243015342133,66.03463796087408,43.854803896083965,146.17631782503213,135.90606620719726,69.71495666054469,106.56503920075825
1539,51.3,152.84628034899998,141.38482391982436,66.3394109573859,43.93038623129332,146.62949379292868,137.95930353298024,70.24885464229071,104.73779265569425
1540,51.333333333333336,152.49816625817508,141.01576077382643,66.87488167285929,44.22171728073493,148.14812184878514,139.3147840719667,70.71803093567591,103.46980081278589
1541,51.36666666666667,152.56586176410147,140.0204499780109,66.36483750437301,42.544192093019305,148.89193892834422,143.15480937155232,74.0667253406529,97.67180647479344
1542,51.4,153.70729010460033,142.5460229262964,67.06539068139168,42.485176996170495,146.67533026768666,136.28083086756672,71.83115107653985,104.39291108741182
1543,51.43333333333333,153.59880588650068,141.83982061298192,67.03024086499265,43.08491109134837,146.53432898636964,136.95499768014363,71.28509899845037,104.21525701028673
1544,51.46666666666667,153.23712870950598,141.21679559448532,66.31686107081921,43.21394915413971,148.72997369166322,139.84571639573505,72.73620115026601,101.26221250050926
1545,51.5,153.13890262383907,140.93268732903638,67.35051017134725,43.42142647858738,147.46950796627524,138.16074302105088,72.02162968213752,103.04642502748355
1546,51.53333333333333,152.69835515585558,141.2752770572054,67.16461534324881,43.77126606944307,147.72512003250048,138.02294396029518,71.94188308249943,103.55143890288565
1547,51.56666666666667,153.23177897245782,141.30051739355264,67.23704663028495,43.88281728629642,146.93619157048047,136.55456222207266,71.548607428593,105.2924985989511
1548,51.6,153.09997965314852,140.27572843722214,66.88400129042034,43.55999546082412,147.67614506080088,136.03686521489138,71.86350543557792,105.22885281609302
1549,51.63333333333333,151.5177665323821,141.68837402701325,68.02761788437167,44.713239955235025,150.02132634786352,137.15302780890133,71.09004153003853,105.79309369099816
1550,51.666666666666664,153.37949606830867,140.9495888612999,68.49401970257942,44.86233113656025,148.73563861351815,143.72340522623963,72.50088616261623,98.80177705814482
1551,51.7,154.74026438030046,141.83272378484054,71.93332347167386,46.6851729087115,141.45625228918655,140.97368466399482,70.06499105560258,103.48269247235453
1552,51.733333333333334,153.24277218491048,141.7466111775057,70.96845089531575,46.024254453208066,145.2689665225808,138.6382879502267,70.05526666816289,105.33886302095014
1553,51.766666666666666,153.90736100176392,141.56170978487285,70.38116549804916,45.86526338276758,144.1449525041048,141.6503084487467,72.00201558961207,102.14113662550552
1554,51.8,154.59197739504717,143.44137176705917,68.05402102432568,45.21200630362811,146.38190380943902,141.3320294660305,71.19212687498515,102.18416222911944
1555,51.833333333333336,154.2294217138171,141.43938295759065,68.37115987204716,45.26227379767863,145.05495400301785,134.8042386997743,70.3634806160903,108.5713669406949
1556,51.86666666666667,153.92961309172233,142.40404612742284,67.75782742867865,45.116356654371046,148.08858403161966,139.5087640734338,72.41440839921249,103.88208561732826
1557,51.9,153.99085214495062,143.71071034364186,67.20326488419863,45.214256688808874,148.7172478521424,138.91932014999927,72.06592181434071,104.29164070064719
1558,51.93333333333333,154.19026438799375,143.70931738291029,67.43115128383164,45.9002543233878,149.944746360539,139.1737107437311,74.00809110336257,103.94272366505595
1559,51.96666666666667,154.05726472724885,145.39210028904105,67.46950136018935,47.361382020692666,151.28752419863866,141.22448389345058,76.26199491757242,102.49255432649481
1560,52.0,153.07490938166742,144.12490193181569,69.74253090520392,49.48017329027245,149.50058211239275,139.55681443707056,77.79005461664589,105.33853212111848
1561,52.03333333333333,154.94050236525118,146.94110239414033,68.01079929818997,47.052475091397696,147.7233771588212,138.42790488888824,76.1722616317122,104.03427041814572
1562,52.06666666666667,154.42389921270336,142.9324162307062,70.78077812942468,49.56228302223481,149.71340203344002,136.3276384967589,85.87221845940027,107.43408543935386
1563,52.1,155.09860444933636,146.11264289375484,68.21173465587025,50.48965935300171,152.34638280117602,138.84013748908623,84.89084498422454,105.5650274376896
1564,52.13333333333333,155.34738939272998,147.28317331488333,69.61940922160792,52.13912150704858,152.95307202697217,139.67507842844952,88.14763005255232,106.09291028711935
1565,52.166666666666664,155.48847292273874,145.37921717960918,71.4508685389134,54.61851393652183,151.85636125039196,138.03682255072675,89.53572799489673,108.91539276689066
1566,52.2,155.39457045300836,143.13657227437113,81.44102047661849,60.51949285971534,145.06633826083186,141.97729111174934,92.8575050581553,109.06211923556353
1567,52.233333333333334,154.50409558518405,141.51876056676372,83.6645412010601,63.22979468233827,143.5394270015127,141.1973231439523,91.92162660654596,111.65319188053157
1568,52.266666666666666,152.29375049370154,138.3317618693067,87.07738242847763,67.4908918466396,140.02980510190505,140.78438218206637,95.7969257131629,115.14220528208136
1569,52.3,151.58252842811225,137.48924147446832,92.60700207404946,69.73850274424416,137.81501827400683,127.78140438181815,94.03853680328328,129.91654557056643
1570,52.333333333333336,148.24339939469934,133.69800077731946,97.02480573194757,71.35260659801477,136.50382632825497,124.99457287113772,97.19499638717144,133.9494414589898
1571,52.36666666666667,149.92132637411206,137.68881647375477,98.68197915243667,72.4125322626294,140.49433185806737,132.8815868686454,101.37967991328094,128.80862277336962
1572,52.4,144.58688018027826,131.68556770188704,97.74464904429664,72.20291605031794,141.99358777570356,131.0980405561023,99.51105801282282,127.65767511634687
1573,52.43333333333333,148.72587752299646,135.6217137750929,95.95048863649764,68.77670447029809,143.59248184111044,129.0048820112627,102.60976008297511,126.53648507724851
1574,52.46666666666667,147.9043401831724,134.6690061782027,96.09909632885626,70.63378472852435,144.0008674939661,133.10914932130598,101.71474438696592,124.69326619185466
1575,52.5,148.5614439128647,135.2412881975533,96.46243459274604,70.71545542308405,143.5688409082718,138.14968740220337,102.5250380210939,119.1739482209429
1576,52.53333333333333,147.89795379284027,138.9367539334495,96.64689269642042,70.26241880162667,145.73048850589785,135.31800487691837,102.73531192560121,122.93934470416634
1577,52.56666666666667,151.16795808191463,140.00708125241337,95.71284985022031,69.69464749014917,146.16313884204897,139.76663789999563,104.96018710975471,117.69350769343545
1578,52.6,150.54863920935233,140.92521331810437,95.19880332997243,68.0036815162201,147.04827420535983,136.69390747175117,109.27377862069127,118.17951997421422
1579,52.63333333333333,153.01579771001516,143.921739993217,94.9635697602284,67.72800601611624,145.00893615674664,141.79661892295618,105.22360425302402,113.1787577556963
1580,52.666666666666664,153.58777552279773,143.71119485569545,95.21325766778124,68.81321754724522,145.05303019819377,139.47794170927477,104.90554250988957,115.91975714372423
1581,52.7,148.90961944949547,137.98952576174298,95.61766281407577,69.57695289551397,145.86546617520753,135.68287004350358,105.82308630176324,117.03325670179002
1582,52.733333333333334,150.9961654314714,139.37983794092972,94.71545811694926,69.41592764624752,146.94244902119522,137.67916895843445,106.16734787445033,114.85655179793754
1583,52.766666666666666,151.9193560276718,142.4615581588677,89.92079846459957,68.47753051128396,150.26660296052498,138.8310468564807,106.09061021896352,114.97677876104775
1584,52.8,152.85694383601717,144.3813825199196,89.31347676653522,67.58951267395926,150.28496591362506,138.1036431589464,103.64095329705656,114.29872278085678
1585,52.833333333333336,154.72996004109888,143.96150673192454,95.7620288670982,75.40934665084667,146.64895040953078,146.86912606885193,98.1121907000961,110.63374172827689
1586,52.86666666666667,154.15238780965836,143.54874005921997,96.61784216748016,75.33408953604263,149.73812912176365,155.82099119470917,105.95414221590602,97.75686529948652
1587,52.9,154.72282236223006,141.72569362359576,102.778617070827,77.84223066278568,145.40758496152864,155.14358086194306,104.34806137343077,98.04824968391684
1588,52.93333333333333,150.90869513733438,133.6231488242313,101.91729275503127,80.83644968937912,145.46138349475223,152.39898226115054,104.23281172146415,100.72016303927712
1589,52.96666666666667,153.28855671939763,138.00458499037484,100.37321489369445,79.13611271712763,149.35015673876302,150.33391601090491,107.28027735713998,103.22621846191177
1590,53.0,155.6640445293077,139.96035255363438,97.76081469012634,78.0639226087783,150.02117582353694,149.0524161834775,106.8199905744423,104.36258529255198
1591,53.03333333333333,154.3883030008572,135.18709674313212,111.64769562259441,86.62669247073535,144.96339711224712,151.6639919461109,106.93561061757345,102.93353612194885
1592,53.06666666666667,153.30495902804518,129.9792385707791,121.84730585386403,93.62168363628231,143.91100120366983,150.91505014426298,112.86284748846981,104.94441404894057
1593,53.1,152.3329316631951,112.04464206024876,127.05417268140688,108.26573667964496,141.90876014172284,149.8379757637726,114.31284849368693,107.5600662933339
1594,53.13333333333333,149.34744581037143,104.11302463476376,132.42043892699016,114.47690531837142,140.07258746614735,148.76434673697355,115.01585828536041,110.60469228342734
1595,53.166666666666664,151.81737601952105,110.900015987336,129.0257518757619,113.10091048325006,141.94795867563627,141.40007819737409,114.88928002605351,120.58225507049205
1596,53.2,151.32976834452492,116.43130226600303,133.25332104881332,112.36958207775446,140.40759850819884,140.83065940159824,114.2731849030629,122.31583096327844
1597,53.233333333333334,152.61256321615878,114.16017541157015,137.21841103886126,115.59621804296575,134.76052580814357,137.4961330465931,110.61937109491659,127.6816613650844
1598,53.266666666666666,151.04809233136433,107.60426943848476,139.06703099307492,120.84421460787156,134.1791971066265,142.0599601702476,110.83825882751064,124.45629546491081
1599,53.3,148.05460100840054,109.8666860228127,142.1468073838813,122.03872900186691,132.88320099900363,138.10438989963325,111.01488924181965,129.8919862279066
1600,53.333333333333336,149.59267476208495,106.98879636669092,145.5178747146764,124.02927924052446,130.56825647161926,139.7150042234547,110.17252467970104,131.11044709894384
1601,53.36666666666667,146.8829802280219,104.5251544429091,150.3036877173308,126.10607747595897,132.0964317627964,139.11329757854142,113.64674102247315,134.88633746403198
1602,53.4,148.0230654898154,105.90903030033918,151.47261195622227,127.58495471157622,133.28067845887128,137.27891293761306,115.62172954261622,139.44670193900086
1603,53.43333333333333,147.43606082839153,112.38933531351212,150.68862472569418,127.70718015689393,130.81819252008646,134.99262064955067,111.57814090420065,143.56547515795415
1604,53.46666666666667,147.9113129935959,119.51506282207195,150.11277628586694,130.20971218067388,133.56322384986476,138.069900383376,112.42804746950776,143.68017015593173
1605,53.5,148.8772374987492,119.26517689505762,152.81679190308947,130.40818127319724,134.88478998550326,139.58611358630722,116.08034355072965,141.82883195099848
1606,53.53333333333333,154.31364620170353,122.33052938279846,152.34507214430897,132.3619373191683,133.95700600499683,142.66983169762224,114.526858767424,142.32903485248744
1607,53.56666666666667,149.96529131504423,121.88586833307603,154.20364489263903,135.0346706316597,138.38420174835767,145.22158105257154,119.02353195184384,141.57735288105403
1608,53.6,149.82272587445905,126.47588932284559,156.86974006177888,137.69167886272808,135.61756424232874,149.9571015660607,118.91600479842798,141.91380991835075
1609,53.63333333333333,150.37577303734884,126.48480011940237,156.87947507329727,138.47689784050326,141.13948384231443,148.11488527828988,124.65613813977912,141.79696534958796
1610,53.666666666666664,149.9102423364507,128.2008580953355,155.5723927077619,138.43712081436664,139.84775301539537,142.58973002684894,122.88120357907144,144.99507396870604
1611,53.7,150.42813340837625,132.06834203848408,155.6125684776134,139.1722893819663,141.08713032244907,150.41776322460467,124.04101656886179,138.51463406264088
1612,53.733333333333334,150.39419546029075,131.04575314569848,155.7477580632846,139.49087269422864,140.5693234974231,150.29555878084264,123.61259623681714,138.22772815538136
1613,53.766666666666666,148.7414829990873,130.9308320027571,156.83473253507532,140.0989805362682,139.42262068775338,151.13379514303918,123.02621456228113,137.261420713057
1614,53.8,149.24724771810895,131.5119017809338,156.64043093678308,139.82970171388956,134.4298784554872,149.7412406614878,117.52996314188724,138.10816420276157
1615,53.833333333333336,150.12212547094046,130.8537709291526,156.20696273822804,140.41275319080518,137.4473585304556,150.50925570464588,121.31853354281292,138.1826991559725
1616,53.86666666666667,151.91732020526473,125.21186494542239,156.03007142938156,141.52213491306415,130.83181182722987,137.3101054285466,113.63120211438986,149.7536377631124
1617,53.9,153.76640218884765,133.55610284940988,155.810868229951,139.50172347758647,129.90563177544152,144.86535892688784,112.79486113825224,143.25796452901128
1618,53.93333333333333,153.4314984857593,133.30781628622606,155.83335854280145,139.55475728667957,130.38794574334517,145.50587612534193,113.44923450057263,142.57764937567072
1619,53.96666666666667,152.59972333712005,133.09648772559697,156.30690005370917,139.31175629323212,133.71661862183788,145.28534324565388,116.26650173947415,142.63030966022123
1620,54.0,153.04757347421162,132.82570052748943,156.41764946285863,139.44591832183562,131.0757950545233,142.6902193742902,115.7036825195117,146.3219758298969
1621,54.03333333333333,153.5886356363248,132.6929386915316,156.6555480402778,140.35528829903893,130.4987587523588,143.8425143411541,114.06725107172713,146.15119311205927
1622,54.06666666666667,151.2237049453055,127.80693578325236,156.48577354049317,138.9636742536861,131.77547767110673,139.5169998631215,115.1414368422659,146.05232102941255
1623,54.1,149.1588101244822,127.47390201336268,156.65324025036594,139.02872545700444,132.42155298059947,150.22229221742884,115.89581960597553,134.93843452215026
1624,54.13333333333333,149.2941430700996,127.57794212090556,156.4009331993368,136.72711898697847,133.10045262020122,142.64612987664046,116.21357487825266,140.33638405160832
1625,54.166666666666664,149.20666928636916,127.05515474760415,156.25958449035141,136.56617509704947,131.90269500710718,137.72812422889626,114.95883266493206,145.08506492980754
1626,54.2,148.32741481316805,126.84870601986452,157.13050265000177,139.20258978461183,131.1746330425185,140.28720955222022,114.24357833349497,146.29251232841463
1627,54.233333333333334,153.5626391248976,128.59818953599,156.82197518191927,139.46032010183353,136.9638103259319,145.38297529781207,120.91412162539312,142.39688417134218
1628,54.266666666666666,152.7229426576988,131.9267698347844,156.86192991897127,139.08141843466092,136.2140741989197,145.89895971344035,120.24233902696888,142.9595220869883
1629,54.3,152.52732327118287,130.3917173398912,157.0659134833102,140.2573803988324,136.06226768265992,147.5974843685132,121.12839494696307,142.75681695461242
1630,54.333333333333336,152.58329012812342,130.30622560845404,157.20144316063605,140.1449169336358,135.62833148169523,145.69829970271587,120.14529914049092,143.78599299712525
1631,54.36666666666667,152.97600173442493,132.08419336815527,157.31925639719236,138.96632625770667,133.96591364770683,142.8100735937684,119.6095442617118,147.5323145423109
1632,54.4,155.21554046381945,131.86530416600985,156.38860295428586,138.64485469375487,134.5248217788376,145.01411416930742,118.70195625579093,144.99772797996897
1633,54.43333333333333,155.04369485483247,131.52250419281708,156.30377740402633,137.6439990496154,133.87400223447995,140.38839792788812,117.51071749026518,148.08785965488187
1634,54.46666666666667,152.27455848937606,130.08119719324088,155.73220250568573,137.80803538225953,129.89009168067048,139.47010784527492,112.42634374368305,147.8842363752908
1635,54.5,155.23153608856867,128.48080767586484,155.31703144362368,137.22759048812856,133.26648629748385,140.6229436855236,116.68005052278127,146.3220037231395
1636,54.53333333333333,162.26243126820367,132.7212564991208,155.50120803830228,137.58319743047886,133.9223286740536,146.88926883752166,116.54345141385559,143.71176554482724
1637,54.56666666666667,156.8013085484893,132.03394448809274,154.8857364633457,136.90556276413972,132.23539192318032,146.89713390209636,113.40395095068443,142.88353634601378
1638,54.6,155.16780002258622,129.97047104837446,157.4463976746381,137.72034555165928,132.1194558051546,147.07121446235496,115.8521200057677,143.12654402344376
1639,54.63333333333333,154.45062795966962,129.06257538910046,156.07498308435152,136.4798634604462,126.57942605435966,143.9109554853913,108.2672447140429,145.64001662921473
1640,54.666666666666664,152.19671840499427,119.5752964643552,155.8305878974258,134.57171660162368,129.4603039224954,136.54462996115853,110.17304654615977,148.28737063673222
1641,54.7,150.05528887971815,120.95103139365436,152.40404593877017,127.37023954367451,125.48232959929531,129.16223425927052,105.36945420677941,147.1489588050724
1642,54.733333333333334,149.1072945828461,117.12608934097426,150.2835938074497,124.5765590442557,125.5074276123927,128.2732191182675,103.862222993842,146.57436366896704
1643,54.766666666666666,148.2934278069018,115.54179081366142,147.1620332490202,120.22749580124751,115.09825735843825,127.78838948568989,93.39771729014488,146.6072215197152
1644,54.8,140.94507005963573,110.99810946678996,142.79546041732874,115.52954931563946,120.88807187330082,130.65564064801825,92.90502813254682,139.34892720066745
1645,54.833333333333336,144.59401600718888,111.85240268459717,131.15858277318213,108.80819401584243,129.07209092548354,137.68879719767406,95.64156725421417,132.24619495349637
1646,54.86666666666667,140.49949704996706,132.8797618917779,128.9176438649457,93.35206651427038,138.43878765352935,157.35078893871506,109.34396148437311,104.89808308613546
1647,54.9,124.11911735832479,88.95354847353,112.50288040649542,106.84964697831478,146.62958241441893,144.6491259717407,110.86921407804432,119.67417675796375
1648,54.93333333333333,118.39158848644233,131.76124343207138,110.47653756652024,85.9126260568598,146.77752427237823,156.94396188830208,114.73832848261566,101.70528113593544
1649,54.96666666666667,136.1801596066782,136.61175141207985,101.80185252888435,80.94962525784626,145.37462611383788,158.19777529230322,111.00530729803471,94.3938171537898
1650,55.0,135.66907004488286,134.07746530544512,92.1709626300803,75.11633596475808,148.11849661555732,157.46475660690768,108.97495483387524,98.72700475203638
1651,55.03333333333333,139.23678832746623,140.3566868458434,99.55012355098982,78.43987560627667,136.76011547609497,156.2528323943379,102.10289276313122,105.19299715462145
1652,55.06666666666667,143.11940296499023,139.68996185026037,98.92514874303804,79.18651349527423,131.6302729716413,154.7744931694775,98.55720009501935,107.91140555198919
1653,55.1,146.77560122503738,138.41293863162326,98.66099654700889,77.39439530971408,126.1941653653426,154.25667211155735,90.65226139075313,107.6630806132146
1654,55.13333333333333,145.32873134740547,139.89584884541563,89.37846542797779,69.41163413867069,131.08563082639793,154.8129022275177,87.33335814414805,100.28317968902032
1655,55.166666666666664,146.47948472679224,140.6635425984076,80.94797471338272,65.18795910917336,134.9683876447721,153.17576708133234,78.97349571348967,101.11749561766608
1656,55.2,146.34067467886106,141.6557066833317,79.31232238312707,61.65304348454035,133.6799556710697,151.49733254476467,74.94442917581748,101.66068123711193
1657,55.233333333333334,145.93579154119058,142.98906537857178,77.9905633513738,58.90283489173915,133.20729833333522,154.47981886633008,73.08478594365182,91.58414414061178
1658,55.266666666666666,146.727910846948,145.76027857030004,79.52248228921972,56.74585514784567,127.67868834094935,152.13835349715237,64.56885692196713,100.59611437898201
1659,55.3,147.4305107276318,144.39351399241596,66.25761287048202,41.50357460222372,140.58821374885224,147.1425186078235,66.9408549003345,101.56136845730744
1660,55.333333333333336,147.9481522343266,134.22309888781214,57.91380796437801,18.81386539017299,145.84816067364116,123.91376030388534,71.0106672721112,114.67383363991058
1661,55.36666666666667,153.67410880142722,132.01634700032272,63.7156005961361,19.403319188241817,139.6200620164225,127.36469185658868,72.29537097524597,114.5929604459546
1662,55.4,150.35438639097288,72.56065532240854,61.5969064780069,60.795518230640695,140.1053226288314,135.06233111670457,80.49244909485789,110.67890023507209
1663,55.43333333333333,132.8402985842293,82.64835618559285,73.64931443873037,50.8822005938748,122.8526743091575,152.5007417487976,78.4324312404363,93.42372742420788
1664,55.46666666666667,116.06690952427864,74.13255427904097,67.46185473382516,61.48788579131745,120.16029080132499,147.5471559681555,75.70084118692442,104.26665813412181
1665,55.5,116.87749495004483,64.03520898192613,69.26472605716928,64.98209432381692,111.45704803558068,153.54908169648886,76.67567722179714,103.05820711304912
1666,55.53333333333333,116.32718542496836,61.60174210350361,65.14910136696999,57.67897262972763,119.01477335975416,145.25633042564473,87.56332976782123,84.87709201762078
1667,55.56666666666667,90.49004958642952,60.45863460512874,48.944298342218374,52.493369275857944,107.37003113550176,139.91845671843475,90.69556353481599,85.80040749099446
1668,55.6,103.44351972785053,62.24489821652602,47.24337228929545,31.144455900511957,107.37772408781366,119.98282246279041,93.08518750909462,86.18699781494087
1669,55.63333333333333,112.91049116163131,64.39004716733334,42.84591504382782,31.73279784308487,111.53677787330548,120.69423328467218,100.1859158497104,83.95035069396975
1670,55.666666666666664,129.33237040060206,58.103090525441694,55.2721367037841,28.14031678539787,97.22621650572748,117.59417079316277,93.65058377492234,86.18986159635016
1671,55.7,128.10945572685972,62.6884453866475,53.081831627449716,31.78332867815177,99.49985893957461,119.40388882333396,93.08485525455393,83.46664539604832
1672,55.733333333333334,142.29311822119544,59.75486996555564,62.01430145633934,33.67462472705032,102.22260131412618,123.84725952929534,93.9656372228677,84.19928889015479
1673,55.766666666666666,133.4857338636124,59.636260463990425,57.87677428745894,29.652051872765202,95.9896164703627,138.58917716644575,93.3645902437565,105.16624443440853
1674,55.8,128.62957303094765,64.69105113829875,55.305496366146684,31.114524954330374,96.95317994435862,144.58059019785767,95.81053327113483,107.65949865941194
1675,55.833333333333336,126.91163338658811,66.18017587871424,49.474949379493225,45.850321183533104,101.29412751239487,160.57811794786952,95.18071519624812,115.14987482906885
1676,55.86666666666667,119.50433981708015,68.97432933033029,36.112470149365855,56.318347621448666,109.20294412104528,158.10370848792869,94.65292759513041,105.7127398532668
1677,55.9,122.2617261368281,67.08458830243856,36.44911664454792,58.13368667962322,108.37583866091089,160.15422392144828,95.65794314380237,105.03775017354863
1678,55.93333333333333,125.9281299013301,67.68352473252597,26.69258198672491,61.629822484311944,114.95406347886063,163.1076402571754,98.41044852009873,105.71573061736554
1679,55.96666666666667,165.03113329972783,66.33181662243005,41.133939517804066,56.492739331328245,112.27628747117429,159.10715827977972,102.87652794543665,103.25333086845716
1680,56.0,161.60414738724262,65.31954652675101,45.28034870729764,46.573292029737516,107.70779496850041,140.75167374931868,103.0032251905557,94.7778932485527
1681,56.03333333333333,145.15284546378476,65.85630555820973,48.1397952655542,38.02823508823816,106.44453611406168,132.59003449522234,100.33139542649457,91.98247685301337
1682,56.06666666666667,129.800228444195,68.31772077464257,46.47261107064823,29.68856346620548,105.79602907276893,118.4558093308728,102.70394966645937,86.89196064678029
1683,56.1,117.55986001307119,62.3710380910506,44.4220662069599,36.1987304081344,90.97501877346993,143.8427278500205,88.00946988974228,107.07586317632953
1684,56.13333333333333,123.11384563145963,60.94672090143717,53.73051786630207,35.45467130083638,92.76659925477485,141.05785515884597,90.87751021924133,105.90258471684454
1685,56.166666666666664,121.31314532135572,60.262462111776735,54.21891037947814,45.752658477261335,96.24642056035637,151.4776552168505,92.88020684790311,105.32186090946371
1686,56.2,121.7074431386789,59.04042166660585,55.98860635151942,37.84722268253457,96.90309817815678,139.8203318085089,89.8913415516151,99.19329670609078
1687,56.233333333333334,116.6881083133933,58.81221456809369,51.43683646503553,38.68176799924174,100.37818594883397,142.27301735079865,87.29644658098566,97.4956450418663
1688,56.266666666666666,135.22190626457956,64.58190253258472,92.03683724395461,13.669586417140625,108.30218461532768,162.9841650240881,108.99967366682051,151.94528899589787
1689,56.3,120.30823875157887,64.70607034137893,43.396244889040624,47.161558489722395,123.95458397681415,177.6022577509726,101.4873817786505,122.66373383186745
1690,56.333333333333336,120.88983545686678,62.023542795382916,57.910790356920565,43.57918613618682,97.1615787320759,165.86027668406717,91.85023406945679,115.35673693512719
1691,56.36666666666667,122.4482495585488,60.38402233082702,51.797798265500035,54.269707099315475,108.37033005490059,171.30949226373752,94.8797050020668,116.14692014641702
1692,56.4,123.16420147387485,60.02006162863661,49.37410510389412,52.204398154224855,111.72493468971315,169.6658884423982,92.64313198550292,116.68858771050294
1693,56.43333333333333,123.77417067805995,58.61283528967373,50.3332260049725,51.01674158285223,109.28537366900781,165.95063685681387,92.94469584595552,110.99249026677302
1694,56.46666666666667,120.46821382689721,58.86169529573411,41.604851650943125,51.58363257510467,109.52746210257396,165.7317213804298,89.9385981578954,110.21133908241998
1695,56.5,115.95708370638873,59.443637839271105,37.368457732469,49.14583458860138,107.80818393905025,164.02836824071022,86.1402294525678,112.59752643207328
1696,56.53333333333333,120.79020624119993,58.32890882304078,42.71945468536456,50.2804167040287,96.90111567008216,165.26619389931602,78.27443864582405,114.7053867686624
1697,56.56666666666667,115.43264457345471,62.56415667492747,46.374292355563604,30.63817432733773,93.69080071216035,156.31509257403164,71.41734984211497,117.61703745107509
1698,56.6,119.57767067758421,63.21111144223089,54.90566740501069,39.08496870180493,106.81589614939098,157.78869444573155,76.60267690491898,111.02871167470724
1699,56.63333333333333,107.11497988318689,64.10027255079353,61.771323506932035,21.30081525077414,100.48966868826997,154.6932603449922,80.67250266897086,122.07829316223759
1700,56.666666666666664,108.94234542833159,60.91226731687432,68.91694276166268,29.507878863798993,112.12854989419131,150.60248680825788,91.9991220205461,114.51362091060115
1701,56.7,109.23207980107689,61.744254977683504,75.53283188144951,33.4585127939297,119.45179329883997,155.77878618106746,101.48321070227614,115.57634559840048
1702,56.733333333333334,121.82380104860884,62.10251916632645,66.54946479403141,74.58157144225677,144.52278553630515,156.37337181120813,115.36295745881907,112.8811328317141
1703,56.766666666666666,145.1913008856404,62.00216634464109,60.5504853738023,75.85961118612978,157.7064260420821,166.71047115531786,107.01131512366756,91.19956229036706
1704,56.8,136.01118819680772,60.89805481568708,47.24438064493122,86.00312887916718,159.85516543659736,164.37681086888898,99.93933364020589,91.230384164233
1705,56.833333333333336,134.6324216962798,60.46080017930895,56.926739000860934,81.38602598736819,145.1267991326403,162.3185509811035,94.20730473467773,96.00540621217266
1706,56.86666666666667,148.45206089877715,61.654855859488094,55.24289863471868,78.25907078984218,146.6238549168667,161.45096339934335,87.07466327965074,96.8162568500293
1707,56.9,150.22940290384656,62.611535063566016,52.47636426739462,76.67388101713264,150.83868772832537,162.31597556154242,86.29218999467858,93.62647162118091
1708,56.93333333333333,153.13926057043213,68.61762685559664,44.39333037537699,77.00041485971188,163.67317277294796,164.77368769074653,93.2000123494678,84.12809713933838
1709,56.96666666666667,150.0483397526169,66.46220209968774,48.23753065700768,78.51788639055269,160.68009474898778,163.8983178973012,97.6230336364753,82.80016695270466
1710,57.0,154.59674387268169,59.34997891560762,48.19777994059044,89.8661473304052,156.3113549251233,162.80089212627098,87.18156455675968,84.42866107290693
1711,57.03333333333333,155.48988924981703,62.307266479381695,49.94725087727968,87.71829300982442,149.363366552905,160.65306743607206,78.54692961359018,83.4962145058755
1712,57.06666666666667,156.50536866929718,71.29335017730051,50.42358273711782,87.94612912166306,153.7964531331588,156.937200368052,85.74001870928339,86.68502541131275
1713,57.1,154.7171531220874,59.48237110573272,62.91980425354258,92.35030541269356,143.61583044864747,157.51691444083065,95.891893507115,88.83590653491886
1714,57.13333333333333,156.0315400123783,63.03707354072941,58.2369350914265,87.29572716696657,144.55981326294017,161.31187135319664,94.09610327559228,76.61987767620413
1715,57.166666666666664,163.75170947053644,67.07247218525447,68.85456217688365,75.91981763760171,128.2156022783807,153.76467751408384,102.99824938382359,87.73048283756266
1716,57.2,161.63066222113764,81.45389838741248,67.87466448938363,60.283358605887294,144.47200570582552,151.1855955894026,109.85452764012514,87.80466021676312
1717,57.233333333333334,145.73867059100428,80.95118034586193,74.63858582469052,60.033585945876716,144.08972028213896,153.57676628548128,113.23492394721004,87.39548241398921
1718,57.266666666666666,153.14761002284337,79.80563887509783,80.69870993933476,61.76224207457277,138.79265677584235,154.67623501851287,111.90852232034284,82.19064186835612
1719,57.3,150.30772711006912,87.7449181857774,79.17377190590531,53.475848727405925,141.30494686295975,153.85197594809873,117.71656083534789,82.71301705882523
1720,57.333333333333336,151.97804449812114,91.18399861321883,75.15475632488834,55.63272504733439,141.209543203378,156.99925078189912,114.98852508371013,84.51970029149687
1721,57.36666666666667,140.20460149824763,90.42055410320258,74.8358559780493,43.77588185725264,144.27139781241837,155.82612457364218,112.0252788589136,91.06394719599531
1722,57.4,148.5295895734542,86.61950117889742,81.30455738386628,50.74847264131323,138.35139687469902,157.81082999125266,111.35630683058912,85.6171865703099
1723,57.43333333333333,151.40209264678535,80.08320140004123,50.75240768200963,79.72607596884423,151.4574038481056,161.79461712456296,120.09857824903513,89.79228154387314
1724,57.46666666666667,158.33122632795798,95.77402208932345,82.19554321146622,27.345474806148577,140.0704206969053,149.5258706916564,139.61185134912267,135.39760832358408
1725,57.5,145.30161405915396,75.66443299195267,86.33083031415781,59.42427303891495,141.53960536695783,168.7842544248352,126.58800815239226,108.10582303468087
1726,57.53333333333333,144.0823428773418,77.54636176203923,80.4416594261663,61.66761903570233,133.29605532108943,157.69417378991116,105.36059717540823,95.68035575384908
1727,57.56666666666667,142.79161560391717,67.56522096121508,69.52791193921696,71.0069306685323,127.37749614665829,156.39874164263523,90.04412534407183,85.52399420706615
1728,57.6,149.71445772584525,65.01262898449417,52.56571886826756,71.41288824537999,145.39771435264203,154.9682530282578,86.14556681797822,80.9333193060815
1729,57.63333333333333,148.26816312351625,57.872512611103936,50.69907854366245,90.02986474163369,153.76003046365946,157.19432212836594,91.35171992552209,83.85710319948451
1730,57.666666666666664,145.17105251000345,63.061525646160185,53.247399686538046,83.4877878092564,159.16015817020673,158.85417462095796,96.04713130212906,84.25383086956533
1731,57.7,152.13188608615795,67.6562344025663,40.76129801432576,84.10127796399226,168.39045777802934,160.345773584389,97.06729759086551,85.72522383592286
1732,57.733333333333334,150.41550266637995,65.0380236838585,47.13144136083785,84.4992562910937,166.54532701982708,161.48896797154458,106.25388771367993,85.18747521479474
1733,57.766666666666666,145.8626937223627,59.89120405242002,55.02641683363832,86.04085487358202,155.66463773401628,161.47515830758036,91.26661113534004,82.23383101441875
1734,57.8,149.36364452795627,55.646174811208276,54.34396721166541,89.29560173524996,145.87483085500114,159.83675059164102,80.08274751248864,84.94732868990009
1735,57.833333333333336,136.01824405793928,58.83050373674124,54.15807066612278,90.35228281506288,149.46394760593924,159.68439534924062,85.34516637798357,88.84400912609229
1736,57.86666666666667,133.25135319024443,62.22829018404088,55.11523060689584,87.79766933609675,155.14686791888786,158.3194398246659,99.35358761585785,93.84527911612301
1737,57.9,117.25862606703438,66.06155302813654,68.02135965735303,73.16008643095965,136.20369675645424,158.51202916747036,96.50616369030276,101.07896817059907
1738,57.93333333333333,112.82895737575491,66.3547924527614,67.85295372392208,75.6724812848354,140.44726541435367,158.68713504741459,104.65242335038431,107.52772818004718
1739,57.96666666666667,105.13288002519002,65.55234105571616,69.6494815100651,77.16034857824525,142.2637985430263,159.46579747900975,113.6452226336802,107.67622712193297
1740,58.0,102.69906872028966,72.38909466230344,67.45441857005608,73.69461451073357,150.4587946637872,160.49268274860722,123.8832442691346,114.1345791085969
1741,58.03333333333333,103.42733443987942,76.8226920705016,67.81234228265262,66.93309532075676,147.7955534097828,162.02896281739817,122.57148329469523,110.45599579726118
1742,58.06666666666667,105.12665883846982,85.18212801256402,63.1696595336418,61.298525300637046,151.92183096108522,159.90482967353708,129.0292667593521,111.08172136164497
1743,58.1,106.00032565999122,84.17003165766188,62.71338914158292,62.2130993866296,146.47993542604104,156.38023649350134,115.39135558816714,113.66684403113324
1744,58.13333333333333,107.66772082853223,120.136579530547,63.42410925043725,22.738209031430163,142.01112137115973,156.87894955148772,103.61361377788309,112.92538443875337
1745,58.166666666666664,101.73468483115087,122.98330503395988,63.84488645718828,19.243059119890784,148.55263225756076,159.17897663107198,112.44936466144092,115.82078765111903
1746,58.2,103.95157920499338,120.56861124916146,64.62073217566376,20.672025874009528,146.17734121063475,162.78921225198204,109.56718933826167,109.91795345403793
1747,58.233333333333334,98.27642477048839,120.54062737473153,58.428158791653,23.558419082410463,154.61902512455467,162.46351293831785,108.78115713206405,111.51781375868592
1748,58.266666666666666,100.86013200760996,122.54905301397135,59.736208596502,22.572112832747713,156.94025251570218,160.20214306409758,115.86794947142215,115.86518231955428
1749,58.3,104.03415794758787,124.43124048228643,60.06447830753361,21.476685059383186,156.77782708039103,159.47142225770978,115.53018852232213,111.60760503413839
1750,58.333333333333336,101.62033810975916,128.24813573200532,59.003115211058706,17.924913186309194,156.1003258831887,152.62436425890786,108.83683889470434,112.8569376126015
1751,58.36666666666667,104.83332055798981,128.7853410187685,59.215420259653854,17.568210358326287,156.17691210251522,157.88996050919317,111.02711490134007,110.38197412211953
1752,58.4,109.6464656226633,125.02902656014292,56.26499030595797,19.956086465193614,156.9719582531654,160.0827031433004,111.28654189205542,112.07761325463963
1753,58.43333333333333,105.71118865096719,124.6711235999538,54.89932681287386,22.9308866129036,155.89101853615236,157.1842130790323,103.74665246120324,111.03461802356028
1754,58.46666666666667,106.5222844383008,123.13848262300041,55.42228900690358,23.542814273879163,154.5312851405066,146.61331761624058,99.31526303225027,115.79851278591343
1755,58.5,109.31087586631844,123.5169397224098,55.03193110515102,23.572430956050923,155.12879171726658,147.42257576482803,98.45915653848463,114.85824757644241
1756,58.53333333333333,106.32957470081655,121.86939377293939,54.99544575905548,25.047386008952788,153.13154757289422,147.96524694654303,93.69358315881222,113.64051161878591
1757,58.56666666666667,105.85372560441566,119.64401275053228,54.41195370257436,28.073725315864174,154.73320106073805,147.94103826809706,95.13402289402353,112.87777578084294
1758,58.6,108.11790041990442,119.04427388485388,54.41445329516553,27.545184757355987,155.30560271248874,145.76714365906574,91.80796770404962,114.20468963520665
1759,58.63333333333333,111.44715795352894,119.7789576257452,52.90813117002319,27.061890911225678,157.15799166284995,151.07543977345932,94.88288215312492,113.7693912676432
1760,58.666666666666664,106.2338322990048,116.3060546502496,51.89687220999317,31.72769449899035,159.54852729574145,149.56633469986082,98.14647690841163,115.36823528419869
1761,58.7,102.40918451803017,124.03674932769022,55.41992273009083,24.275886109328635,156.38130588490358,146.07643442941898,94.99961711737421,114.8336386062131
1762,58.733333333333334,101.38857478913009,121.74917252398727,55.453487861062165,25.734116553462645,159.2371932560557,143.43476709789374,101.38259443273213,118.12841744617847
1763,58.766666666666666,101.49521123694458,121.52072548849594,55.89420686402401,25.40030664446059,158.45249224292292,145.3284109433881,98.58477764822543,116.53621059532236
1764,58.8,100.21399226046039,118.48992207844447,55.600015238838324,28.213426549414145,158.3647701995764,144.900522178862,96.81268903380628,115.92038751349271
1765,58.833333333333336,102.22940973424325,117.8761288117815,54.3153627225617,29.88136316096713,156.38480342485073,139.6046172698542,96.88308710316599,119.19006595038752
1766,58.86666666666667,101.1256879595526,117.85394867382611,54.32012210915789,29.672525257739895,157.76279213581716,151.01750321103825,96.40010323752867,110.47520570673831
1767,58.9,97.85396169283717,116.95072181301693,53.94189845577213,30.301503159838408,159.31827958357732,151.50924457627127,100.4351199537038,109.38476643132772
1768,58.93333333333333,98.70517819072408,115.9239117215355,53.4545396353835,30.994884126055048,157.75137039089205,144.73464955508987,96.53817248093368,113.00792901206128
1769,58.96666666666667,99.52796448045116,115.06321507430062,52.75857996717397,31.9834169386175,157.6388431255919,146.17220608191573,96.65247222283149,112.57338113144007
1770,59.0,101.82576332455488,114.83010314468326,51.70230722401607,31.91430753133956,157.51468928699566,151.0483865417613,97.23000277629302,109.1706898538416
1771,59.03333333333333,104.31647112670741,114.58375027789788,51.48917244703616,31.281536406708334,153.3541110346749,134.33161921521832,91.06263963521815,119.78845726277446
1772,59.06666666666667,106.96738167440714,114.96821973616933,52.25711679955049,28.4014233317656,151.06817256250218,139.5215547190494,90.76515400901884,117.51503704852357
1773,59.1,109.9141502981164,114.87862660199434,51.81299529113354,28.61682783969196,146.41234809377204,140.3698375519892,90.83029660515221,116.911943871234
1774,59.13333333333333,112.79997700867428,113.21906330484302,48.91100526638341,33.14943132210836,150.44755605933295,140.48729395602066,92.91711450501062,114.7183120543886
1775,59.166666666666664,115.97740251266782,122.64859056148543,48.24995320567418,24.83593975240208,153.0461912000566,142.15324614975293,91.74496277549852,111.98264059661638
1776,59.2,121.09812333687715,116.536171396904,46.763121220426655,31.1828208218887,156.21967201303136,142.0890807866175,99.89835873808167,112.2094927769648
1777,59.233333333333334,108.66259774415683,120.1631664640752,46.25185910284172,27.73463081844326,155.8159289704037,145.97917267652113,98.02766657996452,107.7617423147701
1778,59.266666666666666,123.72110065055486,115.8414120475474,49.41848410179935,32.69250910781843,151.41666252750085,145.096813757546,98.56194824565414,107.08366529261767
1779,59.3,127.1797426008498,117.94762274703803,52.40077704497984,29.87017846728605,144.76900062125125,127.41736180599396,89.90137652309197,122.94277545107549
1780,59.333333333333336,134.88450648538853,107.85661450347601,54.690905224959444,40.46002075844654,151.33780970766367,135.062033951423,99.99897490294765,117.21440503714167
1781,59.36666666666667,135.86397746767648,98.50185371063208,65.53896243586622,44.632688656609375,132.72770191966117,135.7048204095876,84.09746272546045,118.01068424003813
1782,59.4,137.24701866610533,97.14852720513731,74.32466200884438,44.57205463008982,131.84455833810483,147.76305719848563,91.95013316979026,107.80273529009047
1783,59.43333333333333,136.94101597605706,84.94600048864663,67.7947863814505,59.680246427101395,139.28442535709536,146.88281991437094,93.73420500248203,107.47102520626567
1784,59.46666666666667,135.16966822530264,81.47273453777193,62.838435809862986,71.38653356723884,140.15660627398302,142.38870352825873,100.16382782421317,107.59898336499855
1785,59.5,140.00047590740093,82.95511614654372,72.91849883019735,66.51199696996919,130.47878642580397,146.5595550820165,91.00943718730574,103.3322499172875
1786,59.53333333333333,135.36828145932188,75.81804968737272,74.45859916137431,72.03043530529088,126.79409982623042,151.71997347024637,91.06918364594279,101.47106417801645
1787,59.56666666666667,132.63253660101282,74.23160545803135,77.01445513405848,72.12530614118114,125.35136535166066,155.56134267778384,96.29292047466734,98.69484953182422
1788,59.6,127.91989323845046,68.46228458628114,80.68544182907912,74.47297768561482,125.87440693551235,157.91574333365708,97.32447710051575,96.5929401035675
1789,59.63333333333333,127.81563442234211,62.54046793823981,80.42743580685382,72.37836958454636,130.26944018748063,157.56438420345572,100.61214333773619,95.49096836296779
1790,59.666666666666664,127.45444273153824,65.39730122006227,80.79622243151118,66.43547327133267,125.70466225158356,156.4015017357623,99.93530057042392,95.22315729891427
1791,59.7,131.51316948181977,68.48946695239002,79.56171575950374,57.07623036965129,124.18566944396437,154.47725824401192,93.46951812494866,94.45916815110957
1792,59.733333333333334,99.85496133012077,74.15372233272994,60.17856546298228,47.03217218486433,112.18234198547549,152.2020652038632,83.6981804754628,92.39464808337932
1793,59.766666666666666,90.07015557352989,69.46548877017158,57.3262613147878,54.037170775567795,114.55891552686933,154.5394767116328,73.42129458203658,94.88163699405924
1794,59.8,108.08997515242757,66.00850730295441,60.59888276199125,64.01578244440532,106.85476171715317,155.34361693969004,69.69195389634002,98.36518787332659
1795,59.833333333333336,94.92280626195613,64.65139512297984,58.04554860080855,60.76062559791417,110.20747547506006,154.89465029368134,70.06717736950911,98.80496054349875
1796,59.86666666666667,99.65610872081902,64.27114227130808,55.723988898471696,64.89485985813981,107.07880038398251,151.01092159315309,65.06367817603493,109.21737430814999
1797,59.9,97.86742042732651,63.045687739633145,55.961606505623784,60.42593127051537,108.69424134729547,152.5275297262813,68.05266313171813,95.0401995533162
1798,59.93333333333333,87.53196784795843,66.26490675136374,57.92959568352498,62.52415889104567,109.33898986952231,154.1113703978213,65.4180498868484,104.60975470650588
1799,59.96666666666667,90.61641246222,65.38386705625608,57.88618142100329,63.36430497172899,108.41515201705622,153.79677658743262,68.7147432625436,105.40241059651333
1800,60.0,115.73635680481203,63.85981395786828,56.17973437309676,90.74093586250639,126.95277972989416,144.9023773424796,74.86218085768088,102.8945915254867
1801,60.03333333333333,120.51370744897433,68.29207791435017,57.18900033060283,84.55571686860159,128.73222037963288,148.5998972716524,72.38334443511464,101.92549931927775
1802,60.06666666666667,127.65248017693277,66.77335143482533,59.09265573747224,88.10481395970419,132.8511675192665,147.76606975130795,71.81293849220968,100.89385827759308
1803,60.1,137.97697470608497,68.28197075072383,58.64775561379543,95.64389809202035,141.3324095477044,143.31292817387032,73.14207530224004,101.75921907067556
1804,60.13333333333333,141.44311409153391,71.38436870079657,64.31215966604822,93.67095574232823,138.69877331005594,147.02768177863283,71.57648693823639,98.22114863666368
1805,60.166666666666664,152.81425066006128,72.14408491414541,66.60223242811948,93.4849596301988,143.20782927489054,147.86096393630908,78.15309610841649,97.07788236522147
1806,60.2,151.6922034065329,78.38924207714147,63.441163313848705,95.2395564702443,145.7958981054201,138.70658162726733,76.688639305907,103.74177722802048
1807,60.233333333333334,156.70769981493197,81.65839957944083,67.02443875740971,96.18939765614361,143.16909761651854,136.63903538831852,75.98830317354667,106.36554692617617
1808,60.266666666666666,155.76328957648172,84.24469227688964,70.68871247220213,96.58487849635064,141.81014926294418,124.71210159414473,77.79418124155974,120.57309595943072
1809,60.3,156.50348241349297,111.67130661278107,73.91410424958148,79.72947416060805,146.91309374419166,129.9778248331143,88.72762076789341,114.750933556568
1810,60.333333333333336,156.12711596293332,123.11499609143142,76.50500017388809,73.46607732035235,145.27860553107982,125.75623367400534,85.66501904187008,120.32761322606581
1811,60.36666666666667,158.10561118013226,128.6019485244486,77.87153308348793,73.07066904781627,144.92727050029924,127.66160779215103,87.29255783969982,119.08545433466561
1812,60.4,159.06510606421398,143.70365911461533,84.18111661053136,66.06982029540843,137.99879865422992,123.73250454714932,89.51923031326405,124.78750954054084
1813,60.43333333333333,157.68418255997418,133.17954736510202,87.85344576569639,75.43880875599726,141.17136917965607,126.6867669120785,91.84702255492387,124.80956316140517
1814,60.46666666666667,159.35606629812665,140.14233696488083,88.03670234546563,72.48891351151731,139.14968578134778,122.24761326559425,92.42140435301336,127.71822158765394
1815,60.5,160.39491170687512,138.18934985684135,90.78252262877982,77.210199219081,141.2866505005308,128.17720675040002,93.73558751675971,124.70583748986807
1816,60.53333333333333,161.5210154915205,146.1105445099288,91.60733384649048,75.04207457039182,141.22324365634435,129.31603127367572,95.89809962993465,125.6047585806265
1817,60.56666666666667,161.3801923677041,138.6290661976858,94.16220166769855,79.14193287167436,137.83147767816774,129.90237946651803,90.5578860140795,124.10179592164675
1818,60.6,161.10634887027766,134.25542717080583,100.93917529243795,83.79327727411359,132.19397636624592,128.80046407130268,89.02552021169348,127.4335723180033
1819,60.63333333333333,161.8798807266687,135.2175178618937,100.77534098469316,85.1918488552223,132.8080440662118,130.33510693623487,87.51053805953214,128.015586360913
1820,60.666666666666664,162.6029061289967,138.1176574462119,101.33622525599039,85.39704614068616,134.67536952792497,131.41907268014128,88.17009610790811,128.2259561928652
1821,60.7,162.3458403043653,136.6081617011219,102.71047509507677,86.69695910504305,134.13568525991963,126.31199117569957,87.48015643542362,134.14449371506325
1822,60.733333333333334,162.60454003845243,127.28940982475876,105.01501385824592,90.69325315184041,132.87357821679822,128.22530926649034,88.0931617387614,131.28214690877547
1823,60.766666666666666,160.09069845930387,127.12487730906199,106.17772612739444,91.23457761737929,131.5630933080783,123.95332741591396,84.58065194002504,136.24728142332512
1824,60.8,160.33236514014172,129.1993799655716,107.91084242633806,93.00070880912207,131.1986543622566,127.47977689922573,83.90539443848766,135.34350851663226
1825,60.833333333333336,157.63688693139608,122.70146442694887,112.4916842346562,97.29909381492276,131.227763104504,131.1591615605377,81.86127196806274,133.9134066801403
1826,60.86666666666667,157.6423926844649,119.76974002345467,112.88849826461998,99.09233891945313,137.5511521904609,134.07988728159953,90.9029512364696,130.9056367891968
1827,60.9,159.5760644566138,121.4539863167081,112.31615438179867,98.80860442134755,138.13596476831097,132.79192766110268,91.33669445683489,131.01578788484937
1828,60.93333333333333,158.62920419438564,119.16357850485453,111.5371688909702,99.64808859541111,137.3745803593328,133.01206021128172,87.5669946321816,132.09059977468897
1829,60.96666666666667,158.42226781353295,117.33968951445655,111.78698260357245,100.96660486346521,136.97102086367576,133.60879611047508,88.17974626814609,132.17323528132786
1830,61.0,158.87557466115254,114.21021280466228,112.42690706725874,102.09367092246902,135.04494409120593,132.69286977917469,85.2783498986323,132.35825482808485
1831,61.03333333333333,158.6412241708625,112.13625984259471,112.03857188959924,102.00496717300547,134.24021703112805,130.67657796360066,83.5835195779288,136.2305089529181
1832,61.06666666666667,159.41668812859774,110.21092758690459,113.77052953907386,103.3878671488852,132.02171613645257,130.46313577691396,82.48367772668081,135.8255447978883
1833,61.1,160.46937011490613,109.7401118485866,116.0624052471809,103.18407932045214,129.70401319455388,130.1393465996864,82.45847134199086,137.22532349833767
1834,61.13333333333333,160.37510614376072,110.48706337383524,116.45976694208073,104.07384912898945,128.09556897993622,131.4610809761328,81.67037737388071,135.9750161948036
1835,61.166666666666664,160.0975226207854,111.33813801800844,114.42101521795654,103.66176240842785,130.28088272187736,127.07083993462436,82.47308654318587,139.73926726350086
1836,61.2,159.2680671372252,115.05896922901346,113.54454866663646,102.73965541330752,132.02110807259714,125.91189728361054,83.90159595586321,139.68177579120496
1837,61.233333333333334,158.3118470658598,116.21125109528708,112.17001926638608,102.00683441303397,134.49203095614376,126.09131469753656,83.1928694453328,138.73579131245089
1838,61.266666666666666,160.08461721473117,140.05462850249984,108.46531967491221,94.27012527614994,145.16167419417675,139.80336558791652,98.47310289191451,124.91111634315669
1839,61.3,160.74831308391467,140.8244576820634,107.09696725707536,94.41980812454464,146.90017547086353,137.71794298562233,102.46245581810045,127.00157847178063
1840,61.333333333333336,159.90866788675774,138.7555149404409,107.5475956264681,95.70137612125085,145.29755335640496,132.8202414610944,99.07166208602403,132.63868861490334
1841,61.36666666666667,158.9977106664551,133.88607626809477,107.87780647439605,96.35598238242616,142.41702413292998,131.0457131988212,95.66687984399786,133.1646549445202
1842,61.4,158.5033370300646,131.89794088161207,107.23850893245577,97.10269893118033,142.24959343272724,130.88293493038069,94.36537353502729,133.15798719754264
1843,61.43333333333333,157.39925703106726,131.2343386764924,106.28451853262465,96.0069085898201,142.0616648886041,129.33291658543627,93.67781035912604,132.7062221333824
1844,61.46666666666667,157.86437178841612,129.22254882588348,105.64342452226721,96.6844452965037,146.05555707304174,142.18347727805892,98.97915643868856,117.53844297412206
1845,61.5,160.76082831589054,139.47084334335483,101.87090254019239,91.03785512219267,145.00403743775536,141.74340636307272,98.03981756516703,117.66321362699294
1846,61.53333333333333,160.59953224509138,137.0484823335412,102.61449321586215,92.42895991672252,139.20559861897243,134.21052181898722,89.21606506419442,127.54453509394821
1847,61.56666666666667,160.55472965238494,135.65091657882067,103.07273747530772,93.27972704762297,137.51721269972592,126.42215858113478,85.85460062116839,136.5427598325523
1848,61.6,161.0496402318303,136.01523453438855,101.63217483807536,92.99881623035607,139.3298102894078,128.14577381967243,87.1350993511044,134.7348823185505
1849,61.63333333333333,161.12938080167353,132.63367166074275,100.57148080880171,91.92981872276373,140.8882104677211,129.09779863403915,90.34705181302479,131.23434404257392
1850,61.666666666666664,160.58867736225443,132.39389701261808,100.40180069591852,91.57815358755248,141.16586862877864,129.87663617327968,90.49425543781302,130.48174873364152
1851,61.7,158.6728019582206,124.5943659424883,102.65156869241801,94.07304932058904,140.81868267766973,129.38681045306333,90.09245137559799,130.83988368080202
1852,61.733333333333334,156.65364605615775,116.57697590399214,106.22773472554813,98.63929673673583,135.83340682544488,130.67145877700835,80.93680077702591,136.66094125689844
1853,61.766666666666666,154.8615876172403,109.93256368384613,110.04135044609667,99.66408701804724,133.64065865876879,127.99663185854104,81.16990069618761,137.20605139523428
1854,61.8,153.20531944765196,111.78849643337841,109.06668140411327,97.82451380039448,133.29655835757995,125.96601522544219,79.80557569831093,138.12502489578105
1855,61.833333333333336,157.50106459149092,108.94186682110703,105.41011131283119,96.61730908307771,136.72484663835286,118.2810431900528,87.05582367270274,134.69075770374099
1856,61.86666666666667,153.60875219307985,115.29251432256989,106.1735733782206,92.11985687499153,137.5039936938791,121.05992523705767,85.08562525234402,134.0867196819443
1857,61.9,152.50424367531016,114.85982037413443,105.99570437412727,92.57986277493654,135.3264121216722,122.00216456087524,82.3389655982923,135.11023139843954
1858,61.93333333333333,151.8478246267362,125.37742065376688,104.3234482750621,87.22037792247207,136.9163618428563,123.74295436843678,82.64541530272821,132.75754910992234
1859,61.96666666666667,153.74854769330955,129.35999749130238,103.30839317353177,87.3215472917384,135.48938866445968,127.05922487452303,82.1280251352015,133.12832771968456
1860,62.0,154.23261764040922,119.01783616838169,104.34682110209854,90.09882273865537,134.36830713258522,124.30347547628324,83.10529033802717,134.5266449074435
1861,62.03333333333333,156.9900279170202,120.13441429443301,104.31881711505797,88.68557521363196,131.9111525521901,122.46355448919883,83.94480783376383,135.2773769353649
1862,62.06666666666667,155.74742280918156,119.20981934333447,104.0266287642763,88.24141088253602,132.88828302562192,122.2313249397276,84.33143264138805,134.1137872538585
1863,62.1,157.75335509505177,119.71519550837255,102.17571424506254,87.67234677228818,132.97267023519552,123.67624071967201,84.35519530368717,133.8151203718075
1864,62.13333333333333,158.43628367931018,132.92791565273754,101.50680108943638,84.16832538549515,132.29618723683726,128.87505151221146,83.11648738239869,132.24368065584912
1865,62.166666666666664,158.75515985432725,133.09575004968454,101.20507517387172,84.66219413396799,132.13026853550213,132.28091120996467,80.27471931792955,128.81936704974052
1866,62.2,158.73338101181713,134.24067617688434,102.3026466173601,83.35567254153244,132.08867233395864,131.8920441201661,81.0963461244701,128.08826875401604
1867,62.233333333333334,158.52966930558588,135.9179421577189,102.18337490550931,83.53603949008951,132.10949191076787,134.2104446420161,80.84091012511139,126.46047658765724
1868,62.266666666666666,158.61543315089148,131.64177464684553,106.72898469606206,87.33382795658693,131.44794371955842,137.82420249833487,83.34323275182652,126.08139599490943
1869,62.3,155.59304577388096,127.78256044244074,108.35329343109814,86.11615738543591,131.56082071296103,133.88243095863038,84.62223768505405,126.73782518938435
1870,62.333333333333336,154.79920665851168,114.95033689058178,106.53372696767656,87.78379682649552,134.7304877812059,126.94370514847263,89.83309676543094,125.71299936372405
1871,62.36666666666667,155.43282002244456,115.58386308700187,106.96394169971022,87.51952312113447,132.9427558962011,126.32991505790581,87.56600942860936,127.76167606183063
1872,62.4,154.45005415641236,108.81117934282412,106.91168210588198,91.25836165317553,131.53176137527507,120.66919410661387,87.10085006817253,132.5945169627072
1873,62.43333333333333,155.3636666207373,115.43243437626407,102.82777642449174,87.5417242441851,135.0246753191888,122.47603883258517,86.02839951109306,131.6540995213786
1874,62.46666666666667,156.49281496788998,113.80195533965806,102.14108671084614,88.07691538126247,135.76631532352675,127.73603671714287,85.31087064556272,126.48343754459833
1875,62.5,157.54009033703733,124.4824685774976,102.46108312997866,84.57569085654977,134.89927637717722,130.89444166364117,82.88532041080225,126.86518919120931
1876,62.53333333333333,156.60598712619588,122.24082191863543,101.12498720907575,84.01463538321619,134.84444168663467,124.96347416942207,84.74266379409177,128.87303230468666
1877,62.56666666666667,156.51823510963806,117.67051439781598,100.0564949711015,85.46598381096175,136.02555469325782,123.82351463769211,85.99686979032724,128.09972105604962
1878,62.6,156.8475514080717,120.66578009512227,99.1152393762858,83.67888329509003,136.9964054785339,124.59357395108694,86.21139442895098,127.40255039870614
1879,62.63333333333333,159.79144862926213,128.5550965342682,98.49811722488191,79.45072614276744,139.680670069769,127.62062112845308,92.60374808720694,124.37582709356582
1880,62.666666666666664,161.35322772313214,127.87310704666785,98.09105005506147,80.1809230152281,140.6342600747139,138.7389823227422,95.29323574462722,113.1010056453763
1881,62.7,159.7633899952203,130.57221539989294,102.62687834055501,82.64900010820931,137.22298864721705,133.05452426461196,91.44399143415666,124.69966194941642
1882,62.733333333333334,159.2783197052096,131.91361510809753,102.8352969257718,82.42515413979277,136.2265216402883,138.88569408462425,89.25222635392734,118.65776897371906
1883,62.766666666666666,159.07360492574622,126.02103714478045,102.43262316066159,82.85312093146236,136.6461245221655,135.01788848217072,89.75109112965974,119.24234512875503
1884,62.8,156.87264395045455,126.61428967605455,101.57402112229245,82.54031849580464,138.85892753211598,134.462565817622,89.08673054603383,119.98818887888307
1885,62.833333333333336,157.28831407628476,128.94087895831598,100.9257159514831,81.34514538405917,138.18285608009273,134.06803161314662,88.79360879966916,120.17450983193598
1886,62.86666666666667,157.69086495951782,128.60976349881133,99.43037049927914,81.55743972221505,139.2340660413837,135.75792311910087,88.47809754912504,118.18782208522018
1887,62.9,155.86441612087793,126.10329832942202,102.00787526831309,83.63207285347866,136.49979382321652,122.56281371095525,86.97346567168648,134.08390559238862
1888,62.93333333333333,155.62687673645974,126.5235626345746,101.69935907318279,81.90202042791513,137.68381085776483,125.71438037041402,88.78818307826332,129.91785927816045
1889,62.96666666666667,157.33838164734325,132.25783030475074,103.45735432532712,79.21314733960727,135.30443375881634,127.27265859299933,90.20240399688477,129.01590512936838
1890,63.0,157.6860187007157,133.47443535304672,104.16161039395703,78.22864563417747,138.00949045096874,142.9141605442985,96.41802565800045,111.97226452861248
1891,63.03333333333333,156.54639208005182,136.21732658254427,109.05679111293456,83.70087537591907,132.94952757660366,147.4753402717726,95.98106789388778,114.00282604540887
1892,63.06666666666667,154.3398591969193,131.60671917320954,107.88454105226333,83.15640557659431,134.69743824081556,149.08817970882916,96.45553689144995,109.68687550764743
1893,63.1,153.22043471197716,134.9501559909455,109.80340157949266,84.8003579189642,132.4034342880171,147.11267861764307,95.09757394122795,115.27440499511245
1894,63.13333333333333,150.5068048713302,130.8880572668266,105.73642013692314,84.55974758825592,136.6434026529515,150.6074079342161,95.40206711289896,109.64902376119565
1895,63.166666666666664,150.71465614736394,133.8955572612659,103.72771317436782,76.89643147898802,138.18564297386217,145.0155616377299,96.03738117042064,111.06581442391585
1896,63.2,150.33001826520618,133.32642688484557,98.08314135555787,71.35380474920011,141.3399481066047,138.34209954383414,97.52746347789865,111.86966076266606
1897,63.233333333333334,151.81666474169955,133.2144316382385,94.25401895750653,68.75382493060715,144.2140535796581,132.12047006065015,97.85283893852609,116.00549343382629
1898,63.266666666666666,150.91878933076708,131.40795639426997,96.99062434618968,71.03802512121251,145.40121319556937,132.8104996203394,98.73046718861808,117.9639844547604
1899,63.3,150.72252400992485,133.2241944484088,88.81050639879759,67.5817220660543,151.526735511771,133.90834915391127,103.65353727772873,115.02371374894088
1900,63.333333333333336,151.8983553304118,138.4145297689472,90.81690075372201,67.0285877368063,148.99793922278812,135.27966955243508,99.7352170296709,115.1400668257943
1901,63.36666666666667,152.1720262586483,134.59158773538482,92.06600995779385,69.02212014861087,148.49564655647683,133.98826874082766,99.83707360472167,116.83514678439191
1902,63.4,152.56107252240358,134.44432882533607,92.37976618493376,69.44874524706576,147.88061053691547,135.18798452589434,101.61634441744863,115.60082496761345
1903,63.43333333333333,152.73538279548484,135.09925154263613,92.50803762087355,69.51084271844336,145.46766675798125,134.5886277242932,97.1511108454297,116.26746316203882
1904,63.46666666666667,153.61356808694768,136.65480984750954,94.89012341383683,73.4905421581709,142.61110287660668,133.76011058219586,94.9953516066398,121.90136072159807
1905,63.5,151.9624769787335,134.79166528532426,94.73263262810875,72.47331114654064,143.28375860650232,129.362828690362,93.63023551957664,124.75298623761792
1906,63.53333333333333,150.11945428296028,133.861890980769,87.64958036419652,68.1506122714034,150.1769772676131,123.36523701204912,96.09860546015729,124.50804499270109
1907,63.56666666666667,152.6503090481505,134.1977869115118,87.28178088795876,68.74781429810142,149.02209960780462,124.41230005992138,95.91719724583399,124.38052600854505
1908,63.6,152.9088678860565,131.17383172495568,86.53717787867912,70.19579339361582,149.41985258075903,124.3082736820182,97.17935852270412,124.10219429670855
1909,63.63333333333333,154.0443310863229,132.72500095474376,94.66463592467328,72.49258467962233,142.33465222396097,133.22689282834224,93.33606168357927,118.49879740514754
1910,63.666666666666664,150.2782005027872,130.61893837996882,96.24252246308453,73.81191690063076,145.5372471017068,137.00374917901206,99.42332293148051,115.4432108741451
1911,63.7,149.1240234726513,130.62191600522078,97.13686464526643,74.38076655293929,145.81159769633433,137.5154723616159,100.3551032871176,115.13833096504742
1912,63.733333333333334,150.26961674272167,133.4446667735231,98.056473283783,74.28930067134493,146.1203407806111,138.82250489522502,101.25431611285742,115.13508586664994
1913,63.766666666666666,150.07703620435902,136.40655172615084,120.00342856314286,83.93812069421148,134.80504731535154,150.2540913006053,112.09852894091068,96.38867349126701
1914,63.8,151.15030442846046,137.25473613297947,113.9052257488914,83.15765633934515,140.1234642956426,150.5225896632636,114.52906215560505,94.32973252262585
1915,63.833333333333336,151.38790367448794,136.40514773041204,110.30672318266312,82.0130412272895,139.97857659385713,149.04371786286757,111.32315846285512,102.49064699689028
1916,63.86666666666667,146.5598655522488,140.8823349388481,114.06271079872457,87.72403165021727,138.53673182040873,150.04261479670075,108.08271637622488,98.16899817890504
1917,63.9,153.245906022634,138.49913416091917,111.3219828714487,85.1993884487697,133.89539924315346,150.68752888361539,99.25261618719905,98.06368687363802
1918,63.93333333333333,153.5387028754853,146.6189151354925,116.74898494431484,96.09221942235668,137.19308879463472,142.4389478050818,106.7170071231806,88.22625687789801
1919,63.96666666666667,151.3670242876804,144.16182372110507,109.11769848084376,91.33403922607528,137.78471306170647,150.5530550021713,95.76640996908897,97.50979681001844
1920,64.0,151.49996011875126,144.28953941615453,110.00928066074057,85.93920086727358,135.72554746530344,149.83102204264415,98.02074608405312,102.23092435464562
1921,64.03333333333333,151.5838914926058,138.1293150837478,107.82175738425002,82.58380829070502,133.19555115105626,133.09600158331637,91.92345000307856,122.38832544734913
1922,64.06666666666666,153.2567023882402,144.49613675425755,107.84167398895057,81.7293259807564,133.84416424051383,141.13723383008417,93.90947194547486,115.63817065279915
1923,64.1,153.90879379693573,141.80346331623528,104.70122723320678,80.3480641395401,135.72233635267972,135.6318503306957,94.12113566779487,119.81212548586586
1924,64.13333333333334,154.5636344463549,139.21509745542946,104.84998405058721,82.43816838240652,134.8856706155864,131.05237277430064,90.84931632111915,124.56370369152594
1925,64.16666666666667,152.41788262703625,130.88369773362854,111.8407895262156,87.90729470470248,128.14852605955062,126.60349613529422,88.58864860431632,131.53900360428867
1926,64.2,150.83334585556483,122.50766974592372,111.60341125457103,88.7880921950299,132.40190585919657,125.32088819627197,93.71789562232979,127.75233458711782
1927,64.23333333333333,148.94824852889244,128.7855807319178,109.54907566487358,83.44531221989043,141.5099183972635,128.40718007661636,103.74240337964069,124.18075624310946
1928,64.26666666666667,152.70064368928686,126.29735541442007,114.94572214093547,86.14249523835012,137.3991196208903,133.99563164468145,102.97466360246578,120.2846379016248
1929,64.3,152.34921877703198,130.37551036271995,113.16918967645941,83.26290261594905,127.59190851740637,124.54249918636165,89.3822523042181,128.2462551885338
1930,64.33333333333333,154.00483874384335,131.28481952627013,111.33272425052338,82.3225906618902,137.9302570820283,147.67015838715486,107.78433883175455,102.58996807133221
1931,64.36666666666666,153.517034443855,120.51761012697852,117.17025653062592,89.34124788305733,143.472185339002,147.68687585049423,113.20165976316696,102.42739822303174
1932,64.4,153.64719155124214,115.02275363016939,120.83676577949484,93.9640328709518,131.32261560127208,136.53294399442996,94.6082955489025,116.75554982680251
1933,64.43333333333334,152.4122603757703,117.59114611275002,121.4777070830766,93.87484080169338,129.23549753113838,138.66407806400326,95.80311699099676,116.11605654030434
1934,64.46666666666667,150.28784062156245,125.72881403747432,118.62742937088281,88.9967504828589,131.39232009738106,138.08623771724973,96.87437686407878,114.4936673298994
1935,64.5,149.60978128905057,123.1676614401525,129.0370802184042,92.47549028360847,122.33417163986763,133.05136952751965,94.26460203002281,121.90234090601128
1936,64.53333333333333,145.42708827400293,115.98800423640554,140.24819801184333,98.80652967273872,114.49458846178726,132.66304687919913,91.95320691705021,127.59733433126978
1937,64.56666666666666,144.14312629784413,116.24485698661312,140.59225343708437,100.55566303863604,114.87633802676383,118.56933777110889,89.08010532048155,143.59272338901673
1938,64.6,142.89837700805043,115.91266922657881,138.31526962284363,100.12465734576192,115.86474895184304,123.03699942090789,87.50732905624562,137.9331776957926
1939,64.63333333333334,145.86243537303343,118.51763399011803,137.82716105493233,100.16674697069672,119.80659876853835,125.67113256530016,91.51684691722173,136.5812661249208
1940,64.66666666666667,150.00737705763586,115.15011436458111,138.94269218943825,103.75891496907497,124.46821212862626,128.4215677322153,95.8703015934257,137.18128305793292
1941,64.7,140.23822766694374,110.92059959924026,142.72571194945655,106.79322471405611,121.88863489838283,127.2479255284212,97.70859399763057,137.5125850640722
1942,64.73333333333333,144.68615592588995,114.9896442044492,140.99448101483614,106.36449792860158,133.00910821182487,131.60086499276235,106.94398194785401,134.9074254700758
1943,64.76666666666667,144.39854779706215,113.41060167981833,144.4610889032245,108.3956573275478,138.9893045168248,140.54238655840504,117.74394861377722,128.98829855766814
1944,64.8,146.29696949447973,115.20007870957261,143.09413873031275,108.54969557982274,136.04174164652233,139.96865232029842,112.08826355379452,129.17172955773816
1945,64.83333333333333,147.80764325597653,114.68792430208005,146.19889286702306,109.28303361320339,132.35161996008293,133.48218251701917,110.3671916241051,136.17898229013122
1946,64.86666666666666,145.07950340948267,115.74870955047454,145.62200272284127,109.75907213683574,131.42113084945402,132.89145588874698,108.95883773906496,135.37651007421965
1947,64.9,145.30439817857084,115.30794470556768,145.67917094520695,110.66279603637044,131.5752788030277,133.2994770134339,108.76957470117773,135.06461959194405
1948,64.93333333333334,144.37267489673138,116.07203895077392,145.04497672565986,112.13031774770137,131.42905763921175,132.45262482155945,108.26578286352508,134.41857185925863
1949,64.96666666666667,144.45745896893004,125.27163302075512,149.22476152749874,111.99253804074742,130.30898672061775,137.23402069592794,108.18214512831359,134.31897411115315
1950,65.0,140.43664760492678,120.83516938111615,148.51944212981414,113.17413041185615,127.88409482303963,132.39711782246002,105.13048798046691,135.32421486222626
1951,65.03333333333333,138.40325732884327,123.24603077948392,151.90283506209622,114.40469184027425,134.05137512833417,135.472840618348,113.71612079385342,135.3648674873506
1952,65.06666666666666,128.47115880192422,122.60269603940863,150.97497733122952,114.82911054215948,133.98275209723653,133.71331590019648,113.75227127841539,135.23481829683865
1953,65.1,135.14533052775957,124.28042586994418,151.70865122798938,115.43493580478257,134.68349574530785,134.92055439033354,115.69120730526645,134.6791822741684
1954,65.13333333333334,130.69626758777406,119.54340447136563,154.66565094455018,118.73653013154554,134.09711328314773,136.86868630162766,117.1904627061132,133.2142837917744
1955,65.16666666666667,128.7582971843627,119.86517952928406,155.84723888796955,119.29691558654784,133.8247772000645,138.09175817479587,117.9028926982028,132.57891575145072
1956,65.2,126.56668001749011,116.79192052211955,155.79595164247382,121.19262436596303,134.70826016766753,136.52190209429682,119.10091847376056,133.4637861291303
1957,65.23333333333333,130.92954008991552,117.66226939084247,154.8185305797385,122.20143730529767,140.09986579336183,137.99624568027627,124.04691832508806,132.95577141185254
1958,65.26666666666667,132.51682561429342,120.78931973912997,155.29494036882306,124.27320826085308,141.98375513203828,143.9562098033562,126.25825660129975,131.36624518570508
1959,65.3,133.64821917800472,121.29650610165227,155.8182358973577,123.99933032270089,139.42740289639374,148.33492005651837,123.4847123488773,124.48802477897169
1960,65.33333333333333,132.42159718951663,121.98580504323269,154.70843234910637,124.53922429651765,139.30491267374495,146.62641363158608,123.03525552309806,125.19327653641447
1961,65.36666666666666,132.08081021845382,119.10252966352327,153.92372493084187,125.51510734288232,139.17546579031549,145.4949563571271,123.5632004281579,126.17843504831347
1962,65.4,131.580297666527,118.76032244086288,153.78401065851713,125.04431674748679,139.3081420479812,145.32633809515798,124.30350801789535,125.05436919538303
1963,65.43333333333334,129.6693867529715,118.46869542172072,153.42865929972442,125.10922630979348,141.96763688413193,143.36947596702157,126.68289423049572,127.35499994563503
1964,65.46666666666667,130.0401044158695,117.93695809946269,153.3308581248559,125.55427391351684,141.51834400277815,144.3692328869234,126.052900581476,126.60937690170378
1965,65.5,130.71983469234073,118.83532646619214,152.98891347112797,124.59520382422953,141.13374449563787,144.31272108923068,126.34063754036228,126.1550768243581
1966,65.53333333333333,129.80437065871928,117.7362326477575,154.81216504908187,126.09026749739463,139.31685574933067,137.61682887064865,124.92655657517254,133.68035733540222
1967,65.56666666666666,135.28125963456588,123.86298042229657,153.86937362072777,123.61127872965493,138.11877758767906,136.925295844684,122.81795217685853,134.386141483065
1968,65.6,132.85685084237772,119.4576989740878,158.86695208870614,128.18339568568283,134.72218775074347,145.85413381964005,121.07915013872473,134.276461690021
1969,65.63333333333334,137.1996216317589,124.26560551188489,158.08588453888487,126.50895614198328,134.82179946671243,148.51233210403763,120.12066767114683,129.24500338751687
1970,65.66666666666667,132.69652501790094,125.93832858566628,155.6187524813628,123.96560258510361,135.73995823479055,146.83587265150294,120.46185762449304,126.86883260805408
1971,65.7,132.6497133004644,122.25607478027507,155.11590759606992,122.8661263506912,135.38258851000234,141.2689730321058,120.17659888946659,129.2305590438509
1972,65.73333333333333,132.15231365276492,122.55792131994498,152.45843552090744,120.50708199619883,137.29488626843863,141.468431349759,120.92766596720924,127.77076756398229
1973,65.76666666666667,131.59275311517476,121.35497062673613,152.3024517877194,121.00769646730033,137.16650386869182,138.6836345615136,120.57753922441474,130.1642036223711
1974,65.8,128.5213530368615,118.06945886221843,153.58205108631927,122.66674626429214,135.9140666053434,130.67970740484122,120.07948982088912,138.69574739232613
1975,65.83333333333333,128.92491726624104,118.97387530960016,153.42306970615468,122.13500784329243,137.41438091222156,133.31543786487188,121.21862447533867,136.40819519741532
1976,65.86666666666666,130.17579284206755,122.3544185002322,153.47820822513395,121.47255117206937,139.86291385773063,137.36198793149907,123.4954581642324,133.24021258182674
1977,65.9,132.1351226123843,122.252598097083,153.96383093842152,121.61194927061204,139.4108616826267,137.3344449769639,123.29603885368157,133.30256716431396
1978,65.93333333333334,130.58293826062342,121.66526525956671,153.57100832214743,121.42554786820237,138.38631393433465,137.24683897322643,121.87831208662278,133.62967856272618
1979,65.96666666666667,131.2125148797641,122.860322913315,151.03179770683943,118.69132359077703,139.9546656163318,135.23589383198822,122.10397404633373,132.5830729684335
1980,66.0,132.1945119898807,118.64585962141948,153.4393248791306,122.95600591868494,137.19678833472705,140.9849216905352,121.04011623163198,131.95049540945524
1981,66.03333333333333,130.5297760187603,118.17791333777808,152.95578492576098,120.40380843665528,137.75645720735082,139.3758954157376,122.16298872856966,130.4293897952776
1982,66.06666666666666,128.97951673699322,115.83689553635338,154.8505460393159,121.86667962297777,129.22933549837933,133.70632715920632,115.3509668382772,137.6958420873573
1983,66.1,128.8310364549056,116.90012282920598,154.63909471978462,121.55518858352045,134.16655006725682,133.88719019805083,118.89472108546964,137.94459804616918
1984,66.13333333333334,128.38457848391965,116.94266449540473,154.79949737242748,121.68846043009896,132.04577318621008,129.82829257023985,116.84360473546081,142.28458629528572
1985,66.16666666666667,132.92276279038393,119.51166303154571,153.22891435769887,120.02527699027205,132.71076596790448,132.38536047679347,116.44615821547536,140.11988125396
1986,66.2,133.87418336805533,120.28008824166744,153.1859370605193,119.79405963198941,134.54529510907415,140.55502274690878,119.09154916348152,131.90418538860305
1987,66.23333333333333,135.7418526276494,119.85468849915797,154.64710571574773,121.8232791770406,132.64133469237336,141.1537215878649,118.10389437382857,134.5339000435866
1988,66.26666666666667,135.96125201193612,122.06246205234382,154.78382042736564,121.32278505252366,134.655203425633,141.40134561124802,119.29230238994059,134.29516702593463
1989,66.3,135.46190785530865,121.1331959355033,154.81862198388734,121.2360097172846,131.71405326587816,138.48488935775032,116.42979052139573,136.36346068154245
1990,66.33333333333333,130.54042140015352,120.57459093054761,153.64851283949187,119.12072226581223,133.0843386697298,134.71722854729722,117.02068301615216,136.76703476234007
1991,66.36666666666666,129.94109806443228,121.22609008898877,153.4363610657241,119.02634821817938,131.65630113578035,136.08874129875213,116.63277955531242,135.42770743414005
1992,66.4,133.15241567119156,121.8047745269342,153.71629736963973,119.59575117102696,124.36849925942799,137.83984074737037,111.41690518983678,135.59914902819872
1993,66.43333333333334,130.89472479522493,121.33308779347425,152.36751271846435,119.53061068614223,128.89138445512918,136.88064159695415,114.2768027958284,135.99179177669615
1994,66.46666666666667,131.2806786835249,120.7579246172099,152.5345019814203,120.33003707305913,125.8520557193563,133.3402256841081,110.27141460442986,140.19727651310313
1995,66.5,131.4296194908654,121.21692609468883,152.6932805477412,120.20573380258962,137.0429425623331,136.29507230903894,120.31776497276357,137.40253846325916
1996,66.53333333333333,135.7821584060773,121.99602855314356,153.71266822297792,121.47916790949073,136.02622963003748,137.20385832052307,120.19837810451592,138.9871191944488
1997,66.56666666666666,135.4754236142488,124.80366230335265,151.80458320145812,119.2622548133366,137.34082549556507,135.317048261572,120.36818537269438,138.6969260530258
1998,66.6,134.98164629981636,124.95711624444762,154.77134224710636,120.21752297507521,135.0834767158518,137.94746864744297,120.79682904020488,138.29220937272112
1999,66.63333333333334,131.93160782821744,121.92841071526931,154.27113840184555,120.70318130875731,125.20646756735611,131.7079240142883,111.1966619483867,142.76534430153586
2000,66.66666666666667,133.3320042631142,126.21564168489589,154.8413371887377,119.85462079234428,134.77231746494783,141.5998278799129,118.6076053352028,134.67073020999058
2001,66.7,136.98449664352285,128.08367136972484,152.50446536180183,118.43304055586627,129.88611879270837,134.4638749743661,112.9843851233416,140.2250902749807
2002,66.73333333333333,137.75360295886864,127.88919204046537,152.75781231337376,118.74803811142777,130.06971598764238,134.06838454281598,112.34606917707015,140.7479531003822
2003,66.76666666666667,138.87928123521365,128.70864874411996,153.0188531010996,118.65793772394535,131.05679196109983,136.95101115143396,114.2467327494715,138.5292764617592
2004,66.8,138.47945242305693,124.70960488732239,152.10524801306372,118.32325383305623,131.76335670736623,131.53253823607022,114.52412467961352,141.4143673384443
2005,66.83333333333333,134.27889128361454,124.28271164899512,152.5405865492835,116.89310865692013,131.9895918759875,129.0864852972053,114.33435643644493,140.9898450677245
2006,66.86666666666666,136.95179958450046,125.1409768151648,155.52102184579638,117.54051493939237,129.8888123510156,130.9715420938623,114.34980628183202,141.31134409037284
2007,66.9,133.24728636050457,124.579081828815,153.69238175560318,114.99208228519699,126.21345998960557,127.2543225105995,111.54377317935338,141.48902498981107
2008,66.93333333333334,132.257477184806,124.32195921424693,155.05127654508578,116.09987633739601,129.01313551297832,133.3835584057452,112.41778713878077,138.04422545957166
2009,66.96666666666667,133.3140750674988,117.62018977397823,152.03308890728636,115.53160952734616,104.69744631742799,116.28504471930121,88.20910403223706,150.35191710169008
2010,67.0,135.19877596890646,119.04157924506649,150.3057003877908,114.4026621943826,106.92902590169668,116.9168006947185,88.9213037607174,149.46555913406607
2011,67.03333333333333,138.4106499253524,120.42947451810409,149.96572802305997,113.6472391118973,106.39610838046683,128.4298488543908,87.27604907408221,139.4607478638157
2012,67.06666666666666,137.69436517200273,121.75138118616026,149.41166499265282,112.70273742369524,108.92178896697408,125.52307141940874,90.42651999400915,141.9149921534885
2013,67.1,137.23292765587283,121.98093548766458,149.4552488592732,112.05983382197515,119.44993879408375,131.43781315987945,102.25029301094315,136.3126674745771
2014,67.13333333333334,136.65874547086452,123.41869447734602,144.6072889351295,108.858395594612,115.29167045935876,125.10179489966984,93.75248812615764,138.55672334599117
2015,67.16666666666667,140.9222169559069,123.42876906607579,143.88177445747002,108.57519580342552,116.40400370734731,125.91773678008198,94.9264531159886,138.19720796319365
2016,67.2,130.23321358590692,117.3337703574016,142.94381065978527,109.69137894367196,119.1821266041826,125.08353343211034,98.08531112081948,137.10116037563319
2017,67.23333333333333,130.8193858041711,117.29755167689976,143.97162555431987,107.36252866922136,116.27491353326015,120.52144080015711,95.43127022716205,142.75335892537902
2018,67.26666666666667,126.55271951754902,119.19489612591774,143.15135120910347,105.12640668639523,113.21790458445162,116.484625963504,91.32282630512016,145.54792524083038
2019,67.3,129.09391487419012,120.47034950549883,140.76216393119458,102.51639776083493,115.55268019197469,117.60254953855429,91.48247277566786,143.09383201537497
2020,67.33333333333333,126.81614237464956,119.13984950808191,141.861270247899,102.26961814492081,114.22266696089905,119.05053867671617,91.85952162920789,142.37761431688978
2021,67.36666666666666,135.35095881225536,120.79647114313899,143.00250166124422,104.16028285947812,112.1136750673264,125.93466024478536,90.3588561156088,143.4941628133657
2022,67.4,132.57796135735975,120.71661984152756,138.5711713289081,98.62909502080585,115.53634183365646,119.52299660033344,91.84135202496142,140.04234412348902
2023,67.43333333333334,156.95889992222692,121.01348230256212,137.1804377680821,97.86694766417456,115.48907700377808,119.61707231581057,91.01025291693266,140.45365575819523
2024,67.46666666666667,137.26982712446676,117.47210826441291,133.97571541995953,95.26001375947494,112.56290020226993,129.51651681296622,88.96585026140164,125.34346265654176
2025,67.5,144.36752805751559,118.92783443851594,132.0531706845473,94.17234911883457,115.15851112016574,126.70006739554772,89.2232890343814,128.1227752753485
2026,67.53333333333333,141.56521296163885,118.62735344501158,130.93600535016037,93.77043506408292,117.06643562062176,129.52565553884858,90.17774524924451,126.08953855930133
2027,67.56666666666666,143.39596875041832,125.39633293618282,123.3407319696839,85.5981220642619,122.76742704441854,131.81485723044148,96.14103976180549,118.57400608869602
2028,67.6,154.80896339457365,129.3770955809554,126.69512578998047,84.11305963084365,119.43506383117244,134.92548277058972,94.37745759117662,117.14530698434774
2029,67.63333333333334,146.29791465822436,127.79986886353792,121.77570723564804,83.47679229398373,126.78716149963896,135.63511314343887,95.66844005158971,116.24513696173933
2030,67.66666666666667,163.66677057177046,137.58322057627973,121.81167109956515,81.76735892887939,123.55922953885225,142.02273862111286,93.85393550047452,114.24972009743085
2031,67.7,162.0398900476601,131.61280362458922,122.21347814149406,83.79957179031362,119.99190174654468,141.00884263216835,92.5769205836576,115.05948410711936
2032,67.73333333333333,154.50506683635936,127.9969155763769,121.10826491099535,80.97980072345082,122.93457624132358,135.93000869802836,93.05266281096097,115.03810500842529
2033,67.76666666666667,158.06616487145268,135.28944928416323,121.69060310165116,77.4479446047026,122.81513046316418,139.89766929790036,94.89735183840652,112.35593712142204
2034,67.8,156.19645735225714,135.45977585273033,117.36765774919228,75.8398818004837,124.73968790665323,136.69954933698472,94.22954498137273,114.06128970810624
2035,67.83333333333333,158.091133825215,131.95124310218657,117.45286262579693,79.443178242672,131.99473237254733,145.11405057719278,102.4993738268465,108.64747574694172
2036,67.86666666666666,157.26099969678316,129.65782265561933,113.45866513129896,78.54551832814815,133.8961143813166,141.36681334693893,100.16663830314936,110.13245931356026
2037,67.9,156.69269468950728,133.1683593933247,114.85003902463845,77.2923951295859,131.12008105891198,137.51556398430867,98.65303574607023,114.23375803858188
2038,67.93333333333334,157.98401779781102,140.84202333491498,107.58305427228265,74.22587426733354,134.5278235753841,139.68240096500523,97.20143149252542,113.07901053850998
2039,67.96666666666667,157.8946735270625,141.6225220668314,110.16044301800666,74.48225332982413,131.62727674851863,139.215986313212,96.76045478721332,114.57027869763341
2040,68.0,159.33054769655192,142.70708703005724,112.26383582026008,76.91870910407862,128.33635532534242,141.4578284814914,95.14390554545393,116.11854310755012
2041,68.03333333333333,159.12075340449644,138.43651075177578,107.92534074253712,75.84239823287186,133.75067652245457,138.39323937470928,98.86473782341153,117.56618708117793
2042,68.06666666666666,161.45179222543192,144.1439692573775,107.46757870697168,74.5593266154212,124.74415821678353,141.92024724184088,89.55249074317274,114.65944155506251
2043,68.1,157.80184676586603,141.66693515297618,107.35210432944257,76.11473374290692,126.12112770391914,147.76866722296978,91.99761099263056,109.52312074122236
2044,68.13333333333334,157.920479346997,141.988831967377,105.4581082690869,76.80980701210575,122.87623309486077,144.03194165573512,86.60827266593651,113.80344232560532
2045,68.16666666666667,155.46811665747,142.22571411415916,105.7547644761715,80.3750493528309,121.41474922300523,145.08759404414184,85.71636431701963,116.04265923038416
2046,68.2,155.23666098946822,140.4753938531614,108.56821395407435,83.43579976262653,123.92600388255342,150.59686574236733,90.84822785881975,112.05464690060975
2047,68.23333333333333,154.7232824438573,140.3567280176329,102.04737435355977,80.44404641525055,127.52607826684367,146.41548558682982,89.39368147681408,115.97057731258886
2048,68.26666666666667,155.29112829072204,143.0605853987665,96.26988042442076,78.99144476032927,134.15173400956215,142.6103524450175,90.71386841762373,120.26914597935819
2049,68.3,155.44395706632108,142.3084649565732,92.28175416674411,79.79961593283505,133.84768830470085,143.02017589203004,85.46091786772222,120.26061474616341
2050,68.33333333333333,155.82431356285076,141.646983951632,84.65160729153422,75.61845234580903,136.33539271789553,140.60016001891256,80.18478510581082,118.99675406139795
2051,68.36666666666666,155.2092232153694,141.81548536799087,83.2992240122368,74.42129973921502,136.66056858900032,139.11524780995802,79.19698076866553,118.81325953617795
2052,68.4,155.23159165482997,142.15600235329146,87.01859048106948,78.115171231698,132.82443433254986,141.8394686802116,77.94417520125354,119.125544102407
2053,68.43333333333334,155.37450870707835,142.5214674298187,78.44259875290615,71.34971948017657,137.774957615544,136.90817697525839,75.25468070508074,117.81036069995749
2054,68.46666666666667,155.57784430556282,141.31160613768117,80.1110596492254,69.09541379533472,134.35082791971425,135.95468156290704,73.35764595563383,116.58360405429057
2055,68.5,155.70428519570913,142.2404699469895,76.6165844133734,67.18040680932066,137.48867365914364,136.40203788007764,74.2471140420345,114.95129443439113
2056,68.53333333333333,154.5010779159319,140.91100986043645,75.1536817573625,65.85544736305802,139.04531752726825,138.09325415555332,75.5077370235579,112.44725721447543
2057,68.56666666666666,153.74844025165183,139.04782442937605,73.7644561235071,63.706280894044916,140.77978719093002,143.2909138857482,77.44024331401317,104.5354494389635
2058,68.6,153.4896626933566,136.77101011652286,71.80280925084908,59.129292319144575,141.10913866831947,136.6484686637913,77.94763657796803,105.92522839029364
2059,68.63333333333334,152.7908426808649,135.50300875739754,70.41918166853539,59.50521764498067,142.2706569639691,136.04616989966593,77.7606799598953,107.64518206235707
2060,68.66666666666667,152.20540043464658,135.00131433433745,70.67875857891755,59.648496647059574,142.45338661881945,135.98702440796134,77.92874137690707,108.5751305693989
2061,68.7,152.72191635184103,135.08482373747088,70.80348038320415,59.18523413649585,142.1146943674663,137.73712260979187,77.2237519729648,106.87046717395586
2062,68.73333333333333,153.67787479681016,133.96981567030375,69.91592946563941,58.41594077319257,141.39676278600817,134.18729023979054,76.42686043789743,110.434058235003
2063,68.76666666666667,153.67008465573784,133.988855713087,68.67385208185735,57.47217955396997,141.92734076463995,134.08588579574734,77.46145940280861,110.25873406211241
2064,68.8,153.80076535649152,133.98791652085094,69.2408475030439,56.95113286173358,141.89053710345462,136.3638377204765,77.49779289776379,108.11243664817225
2065,68.83333333333333,154.0636250531693,134.32427052940537,68.77052007597732,56.235917067714404,141.51024091275585,133.19321790719468,76.23369672213666,111.18076650315237
2066,68.86666666666666,154.4354019253785,135.03092515972102,69.36435894890916,55.85696595854958,141.23224923446992,134.34037349885028,77.03617387834085,110.54444539355964
2067,68.9,154.53645941384133,135.21231275509356,69.20964186143857,55.115585121735535,141.233075917025,133.8889176630646,75.29521244933481,110.99706149448359
2068,68.93333333333334,154.53248561894998,138.1621258769191,69.05343713322172,54.39655028568894,141.2674891232975,136.53165477770264,72.94039209223766,108.6471277651484
2069,68.96666666666667,154.29307599610527,139.25204409218208,70.60406700355315,58.46264411160344,141.31222139428039,146.72930432211362,74.25036758088868,101.928240457236
2070,69.0,154.26575699498773,139.2155681825372,69.20648039979449,57.00868635941774,140.04505996885155,140.34581081554143,69.70968943913078,108.42633360948565
2071,69.03333333333333,153.9758990760502,139.01646837271986,69.53022839732598,56.761442793345445,143.0487211748061,143.11024026215762,73.78075819379879,105.0767433045939
2072,69.06666666666666,153.83339798064577,139.99608410965106,68.33897378814396,56.93868057936958,144.12175247802404,145.2633896944893,74.54175510160741,103.0791779001675
2073,69.1,154.8869975472218,139.91022677203475,68.83252372165936,56.03121459691602,141.34432620654164,139.68861184577295,70.97645655443175,109.20680201772518
2074,69.13333333333334,154.29465846943273,139.1936711573048,72.41010632185844,58.019246797116196,139.45212740522126,142.80581371931117,72.64336241647874,107.68504256744808
2075,69.16666666666667,153.94427793246206,139.94273242430106,72.22813615431102,58.774360064999875,138.8518690193838,140.2702826005163,71.8623699300986,112.21137802122225
2076,69.2,154.38232011552483,139.8122219754259,72.77030398006607,58.81491432019684,140.43730898197515,146.40793109927066,74.14440370765736,104.62880481956141
2077,69.23333333333333,155.0872396132462,141.5786337003689,68.84932946252742,55.69208703676516,143.69371457722286,145.29624262985405,74.34980952599498,102.45511070925049
2078,69.26666666666667,155.06520395119634,140.72438451656078,68.11375584708307,54.175049151954006,142.49310715843816,141.3014266681548,72.29839103261574,105.7723613248736
2079,69.3,155.28958813070244,140.6149906707206,68.18426544612733,53.78177938502264,143.66953740148486,143.71895338854247,72.92947560645386,102.75903614984257
2080,69.33333333333333,155.1302207322525,140.06580471618057,70.94293161882781,56.43948469651618,144.59930136551898,148.693971777815,78.33852626822815,98.92754757493458
2081,69.36666666666666,155.2902086479223,140.74402241068873,70.4161721594952,54.96603304207709,139.42413902525053,139.05756321446216,71.97102139908803,109.80417984207088
2082,69.4,155.22531488030447,140.04096655235003,71.89829620529179,56.27944397288355,141.56001102871295,146.05521103491597,75.969316822569,102.7878088870024
2083,69.43333333333334,155.2893378066059,140.12256572441015,71.98758381377465,55.939904422255296,143.55793603524987,149.42606679781363,79.48354154249576,97.76417869056425
2084,69.46666666666667,155.38561869674697,140.1474986220496,69.90505434948271,53.927177699742664,145.07038780903207,150.7170911033002,80.06293284785738,93.72634201246106
2085,69.5,155.1036457538519,140.1940612714423,68.90874494355299,52.077145923604526,146.52842418341845,148.55671560882104,81.02861159414242,94.74070672464579
2086,69.53333333333333,155.16882056789714,140.21631028997913,68.52225372890685,51.0499214603843,146.5856820076358,147.16871847160542,81.7132584370557,95.41718544300741
2087,69.56666666666666,155.55374683024078,140.51605182256432,71.35473357072166,51.44758355631066,141.5192513948109,145.8193955362329,76.09075122042513,97.14596361142394
2088,69.6,155.61257935723563,141.2406684283066,76.5468572336693,54.771497239604905,137.340516247553,148.5626662545304,75.63658919982693,96.69774620587182
2089,69.63333333333334,155.64296581943938,142.20898003641568,77.47510766910513,55.81840950186392,134.09829354183776,144.31148413976146,72.9186069867505,103.44533427373493
2090,69.66666666666667,155.23464677996915,142.32533873753948,76.80599236273136,56.95114981620026,134.58435788526077,144.55753117508704,71.3149128478739,104.32320780530313
2091,69.7,154.91460989917348,142.41215590181082,76.12096457683833,56.833196744941894,134.5287306231062,142.7907924327712,71.94199037702575,106.5946127642364
2092,69.73333333333333,154.58187548533135,142.42166743260836,73.56013512288662,56.27402559013963,136.8960878194715,142.5267774940682,71.26477789456555,106.45324928609088
2093,69.76666666666667,154.69937150749243,141.3102378787199,72.59788611757419,52.4247879024884,136.63564027081821,139.13134065442534,71.54356888804041,106.71346977922855
2094,69.8,154.87178473304212,141.5258632040423,72.59394440340967,52.41433565283955,137.03013800345818,139.5410394959187,71.81083215921714,106.34827913181923
2095,69.83333333333333,154.97270225125692,142.06377172134978,72.73307857456267,53.45213882805241,134.90265877179922,136.60702059095308,68.46293333330411,110.7368686761749
2096,69.86666666666666,155.41897454105472,142.109189305794,72.60731505522972,52.69693643905074,135.56200154957753,136.73040990410368,67.55551945775144,110.05915628384695
2097,69.9,155.44969804769136,142.61057369404418,74.23179675342686,53.4608555322222,132.18459201983725,133.991980715519,66.94426103800525,113.93016940040532
2098,69.93333333333334,155.62830388453628,142.83140370410158,73.93145627342169,53.20189845622893,134.05593096890294,134.9693845333267,66.82743549867504,112.79599365056458
2099,69.96666666666667,155.5462279195911,142.77566923830386,74.28739926379126,53.42468481220116,133.71463909031237,135.71930242669643,67.90413788539624,112.46184449917223
2100,70.0,155.7031003042464,142.5930133007008,73.41780195453487,50.951715639005364,135.14546132720608,134.45827283384222,68.1197350594031,112.1134957943841
2101,70.03333333333333,155.6335515937007,142.72594969942384,73.6912975719946,51.52688525859361,134.47518674033378,135.2157943720972,68.88739490573408,111.70108965625003
2102,70.06666666666666,155.65331201370194,142.75967500392665,72.86064131746133,50.1756772855178,135.59505213335683,133.40665944898993,69.98281046823489,112.48742427773415
2103,70.1,155.6592727253341,142.76795338688203,72.51189016356288,50.410721553540725,136.55414033698347,135.08670284294948,70.56825313739976,110.73398928423768
2104,70.13333333333334,155.8866720558248,142.60930952474112,72.14792436902857,50.035475678158576,137.0344713883007,134.838131600388,70.78850780121186,110.40808417182434
2105,70.16666666666667,155.4447969874564,142.54702807640862,70.0457339419118,50.22220726049114,137.39567309641413,133.9125180304963,69.00266765471822,111.34690954500027
2106,70.2,155.68913621113177,142.5702616704922,71.30804993671858,50.624236491693935,137.7606170187181,136.57562844921495,71.07736843647037,108.53362008637862
2107,70.23333333333333,154.62273321781862,141.73055471432932,65.72115452626255,49.42922636708871,142.8262266702416,130.95766243088238,71.15291531684473,113.4005612233925
2108,70.26666666666667,155.037888911665,142.54525123383237,66.72016683711036,49.7424347925509,143.9470220826752,134.9416149091213,73.00775222419503,109.1574568813337
2109,70.3,155.3381569392146,142.40108369862622,66.34958552520418,50.08962852140991,141.87933095295594,131.26445157623763,68.2380605918154,112.65715004363268
2110,70.33333333333333,155.51756174036504,143.13871987115658,67.57794583589444,53.793679223974785,140.93842994240933,133.89963807471398,66.85712897115289,113.42052958928943
2111,70.36666666666666,155.82999893797032,143.06951002645656,67.74570450472827,53.824459542047094,141.06634998131835,135.21019142908833,67.18676510372397,111.20073146438628
2112,70.4,156.57497373793268,142.19739955886783,68.28522317330096,52.11581162457262,142.01542178645394,135.2690037969673,69.12759439340863,108.56627167564913
2113,70.43333333333334,156.08930023702453,139.077647603748,70.49893541910629,56.21616680379478,142.0768167332902,138.93795785969627,72.81963721075216,107.41837421043415
2114,70.46666666666667,155.3589325252162,135.97400284408454,69.88130638702798,56.74423222210237,143.44658257568963,139.28319832246748,74.56621471539148,105.23347730479858
2115,70.5,155.41377438314257,135.6675989417913,72.57224285779066,58.50151533913841,141.43594592245668,139.4954473763442,75.8925905870563,105.76285550761642
2116,70.53333333333333,155.43766632102907,133.97873725692145,75.9909796702384,58.959685053610514,139.43236797632423,140.89925619079582,77.65732169819732,104.42235012316193
2117,70.56666666666666,156.2926320222617,136.87544491198943,77.10724603960972,61.108595913634595,140.97982625285908,142.91709239036314,79.23310168872825,103.7405892038419
2118,70.6,156.57822302121718,136.72430086596682,77.43463435658873,61.51999000017837,138.4176271147211,132.0804582903796,77.02476753450281,115.67564834376519
2119,70.63333333333334,155.9712450064484,136.43878325406195,78.52807116434445,63.61124430409055,139.04645272370954,133.07364016736253,78.50455392707987,116.38353675433274
2120,70.66666666666667,159.15366862716274,136.68495929889423,78.80628396904987,63.214105773223004,139.2358972314863,134.40085834905352,78.67777233677887,114.90757114279877
2121,70.7,157.43194041990665,135.06457543183427,75.98100459009348,58.38123280738735,143.19776515641462,129.14215165138927,82.84734244624109,112.96151773352213
2122,70.73333333333333,157.7965413641138,134.66732213202934,77.91759913077706,60.405242690183776,141.68419144182442,130.5454879196732,82.0460883878085,113.34438194236483
2123,70.76666666666667,157.69057102942915,137.43552656061598,83.52856477890823,61.87629045037908,138.23958189608467,132.35461772860162,83.86461721939534,113.07054375618875
2124,70.8,160.1844717498463,144.1439692488542,88.07224483552102,63.00752390694695,134.7148302927769,132.65065532233365,83.6835859698478,114.40717413923917
2125,70.83333333333333,160.00104669953916,143.06477397937883,92.225898654302,64.88828093134615,132.45796581584457,132.7808330944379,85.55058616723713,115.44342591951327
2126,70.86666666666666,159.45384184095442,141.13522419834047,93.371167173603,65.18292506032036,137.36507024030345,133.48674659658494,94.59371671501883,114.47696008451456
2127,70.9,161.14187317510607,142.6704624835794,95.41845187056323,65.80079309821765,134.33258934726777,130.55142513012925,95.08331723276852,118.08414901039689
2128,70.93333333333334,162.19889286778258,145.25913091989526,96.86312684516442,70.02811406825714,132.84330835334956,135.8311347687176,93.91159404641577,117.28627338820115
2129,70.96666666666667,163.397240333366,145.66884716815508,101.60740934682363,68.31917453043687,128.02583294117522,130.13205209031423,90.59455747945665,121.50230920534982
2130,71.0,165.47745308559053,144.18477213416176,118.25541119136872,72.18513721418122,123.74753680472004,153.92630800976295,102.92537168447436,91.38184801997346
2131,71.03333333333333,151.0342889978093,135.01376788054844,123.44830491604684,67.8118373557776,124.9720576048624,135.83020909041528,105.87538693377053,110.76075434826696
2132,71.06666666666666,153.92560977214998,130.80981455000017,112.3405639104784,68.06961869934908,135.31402394092913,135.43412101261157,106.84040894439131,108.0207569900891
2133,71.1,152.54024478786832,132.36485464696915,109.71346268119422,69.31368173415727,136.8737681586691,124.58996930050908,106.29143874582758,119.84779352182424
2134,71.13333333333334,123.67126078213899,128.01723245604958,106.7030556865689,67.25383207403787,142.50045785175936,123.51644677044646,110.61149454568775,117.79446830824425
2135,71.16666666666667,103.59733320909395,111.96374446660512,111.59873643499519,78.77916213552862,145.74458510655296,127.94567415173128,115.39537414235996,113.84959381545917
2136,71.2,106.92224284794307,106.16679289241964,116.41888961965509,84.9422997237538,143.89118407669775,131.76869176131947,111.53748620733609,111.58042318318603
2137,71.23333333333333,131.47597909979973,115.37829063586382,124.50473039918258,80.07266138799498,139.41360707334857,133.74006192084562,113.60389418771668,110.62516414784446
2138,71.26666666666667,116.48803008776616,123.44389315503919,120.43229903007631,76.41049413368792,141.1976426200462,149.65901709967946,111.65985564108188,94.41311466346414
2139,71.3,129.98603936261233,115.75496439218192,120.51512401835983,82.3631697877408,139.57606559183156,147.13038351337062,109.40258708900296,95.96239541791668
2140,71.33333333333333,133.59237950601099,122.88859373176248,120.27471414431817,78.11759164796878,139.3355484737218,144.76091228125503,108.93163245078912,97.04473285012315
2141,71.36666666666666,132.88253868001155,124.09616094549447,125.72551409851403,79.88101495691085,131.18315469020513,142.1769464680037,103.87626442069033,99.74287530945908
2142,71.4,135.81691931476809,123.92010427161162,123.34892657321193,81.49527267962424,129.2254767574562,143.94122182211873,100.73825832474452,98.59806599280215
2143,71.43333333333334,131.17405744139543,121.96848871054317,124.37546153860413,84.11886573617147,128.91557494799528,140.7118532780795,102.74278883411918,101.44509682492802
2144,71.46666666666667,134.35739025556327,116.78389235179111,125.49710569250365,89.65033940744169,128.17110361341713,143.19479125650759,98.79847660128722,102.01947810279422
2145,71.5,141.5841802788981,119.91684123752013,129.38136513286534,88.73818162297367,119.7270364545995,139.06381399576205,97.29639821469792,107.16153162907737
2146,71.53333333333333,136.80133058743994,121.38575208520714,135.2772716368912,90.88460056567658,114.62161457286656,132.99532074398996,94.43581989381441,115.69961485776658
2147,71.56666666666666,147.6678603003253,128.44209540053882,137.55711248639344,90.51393760601161,104.62047199388508,129.20833943064102,85.57712689007755,123.52348008774335
2148,71.6,152.6255201802172,141.4366413253622,138.9507598681957,93.48870736287847,103.03999025795193,143.1527425246468,84.23619250357265,119.64415858206455
2149,71.63333333333334,153.1258491926467,136.92326324603258,145.95586224773228,99.25005846862602,97.37935841053722,147.21992046128582,80.99979146210921,117.63114746870058
2150,71.66666666666667,151.78479745258437,133.8492475636891,147.65491863320534,103.54236506445014,102.4069819454983,150.24986130947434,87.61106298747042,116.74442989250787
2151,71.7,146.48519388296106,133.00643582254386,146.12962484206133,102.34976375132447,110.4546971387361,152.05736623611958,94.24189333820955,109.65239028296325
2152,71.73333333333333,109.1614126659294,110.26188384078364,145.21155244231696,109.27253778558297,111.90265812207818,142.66665422449947,94.78268175214758,122.46353449891404
2153,71.76666666666667,144.2669645107648,119.60451056167581,146.62419867344104,109.15135130371988,123.80807908107722,145.61959733791343,107.61534999130359,119.45156475071096
2154,71.8,139.1756645046531,112.33978568956967,147.52834940913252,112.11157840532577,120.10362053074753,152.41898832137352,107.06388604035213,114.60509842577221
2155,71.83333333333333,137.34480071375503,115.62210674994397,147.85609253854994,111.67186703358045,119.27814171841277,153.98005913221215,106.31793706323602,105.23096255875159
2156,71.86666666666666,136.20728967286234,116.19977198930752,147.66701805492775,111.51712067569625,131.49258700071965,153.04340542237287,116.25273488886528,108.78607282653488
2157,71.9,105.83357750390992,103.69385008835033,145.48353490959366,112.67874841780336,113.14871477531292,143.45437951852068,103.08099603407635,119.82690699932975
2158,71.93333333333334,131.78166217387863,116.15308865534357,146.16507270192935,111.26327340070851,127.82305070152043,144.30302511493346,112.67751038441756,121.53447703980466
2159,71.96666666666667,129.43976888534024,113.73369743077048,146.0657568501617,110.3471429712067,122.09960846635539,140.03486765083872,105.77588717715449,124.15331333844502
2160,72.0,116.12951329343672,114.75796480158222,144.35126090465477,107.74168561915567,124.33062339723962,142.62016040894167,106.75209674368548,115.25933091964762
2161,72.03333333333333,135.94580395117674,118.6457008310471,145.3242684641214,109.63811824076338,128.34407342188516,149.20862080196693,110.09691780917602,113.11829514928961
2162,72.06666666666666,123.73397818030017,112.86930996860349,145.79190873640087,111.65990751635765,121.4364537458812,137.01780416926138,106.60515116183848,127.42989026135817
2163,72.1,122.83571441721702,114.91261108095223,145.7717567729374,110.68044752948042,119.60097004529932,136.1108553754969,104.00619819641118,126.65711962005925
2164,72.13333333333334,134.61797885855736,116.99217367307205,145.79095978323477,110.4565517851112,125.17353530724696,141.95357534707233,110.29337396827492,121.3674752635864
2165,72.16666666666667,151.0608266834901,116.77619167176525,145.66786885735922,111.01882672109183,114.00114634754033,141.39602216441793,100.28228708108635,122.04247488159534
2166,72.2,139.24597729556749,123.18999423469693,146.44154433350633,110.71338376341703,124.37506367632324,145.05611556824522,109.6568381523366,119.97792271291286
2167,72.23333333333333,138.6202354254414,125.30482303755767,147.18673196946412,112.9733946114362,129.1853085655097,145.20565642232887,112.44265001330449,123.24000938588925
2168,72.26666666666667,140.55452397993523,125.9016369763773,148.24320165527115,114.52357500860178,130.8555541855172,145.47299635968352,114.41676125694056,124.48467573055176
2169,72.3,143.30171376733387,125.6752248829527,147.73423383032252,114.53298121767664,124.90429234066636,141.59519842380408,110.11388645222414,128.91929526914186
2170,72.33333333333333,138.3401851827165,122.57300988396263,147.2943392417163,116.32165914317429,123.82629265274305,153.21493220797518,114.00680850229274,108.37939078018331
2171,72.36666666666666,144.00180938247854,123.75696205390224,146.35396479211195,114.4541965304876,124.36051406049822,151.67988993903674,113.83732334486598,110.82632990054505
2172,72.4,137.06275088736876,122.85447480560913,146.84398917856987,115.20392563690085,124.2979510447865,142.12206206387262,112.00515409281891,124.19534547511002
2173,72.43333333333334,140.66691964498693,123.2991493074795,145.7028181839678,115.05542579296367,130.0310587803859,147.30794189886797,116.22577893337974,117.75431452508046
2174,72.46666666666667,138.19976392402748,123.1007152744839,145.942999103947,115.34128970627792,134.54735841042324,147.71164395972033,120.43841290764306,117.72731849430197
2175,72.5,136.29094732491686,123.12250393136938,146.91971498696302,115.10022855639527,133.29425376733147,147.53807078028407,121.09901029666067,118.71706240068198
2176,72.53333333333333,134.22436144487602,121.92144012112676,146.21512747568687,114.82250489597435,131.57843715002662,138.32977134214102,118.49536356057395,127.52955591583843
2177,72.56666666666666,138.0637893581669,123.0701938589108,144.0575679226144,114.51097440606142,132.2779088426979,141.71324495897193,118.40257264282889,123.60008887262738
2178,72.6,138.38183029613393,123.35036461611621,144.18424985566816,114.06784369396149,131.74269273056757,141.92040068471738,117.9969779517933,123.51638926010095
2179,72.63333333333334,138.37083375756515,122.11362318053916,145.2311445779187,114.66986918895938,126.36678798940166,137.92910548993737,112.76453964950397,128.58446596065738
2180,72.66666666666667,135.86456951571816,117.80146709505344,145.03917630268495,114.89956141190272,123.61564365472928,134.6112218633378,110.20881695979718,129.05907217866428
2181,72.7,135.3776727285908,116.07564455509491,145.78543318416837,115.63064757115595,123.29514662175117,137.2084642949436,110.27949084339589,128.28999491109496
2182,72.73333333333333,139.61295608750672,117.29245146934275,145.50681596050146,114.76022308197068,127.1097015833124,143.073872480379,115.21241200143352,122.35007692184578
2183,72.76666666666667,134.42909319950792,116.45939618453241,145.25965414295564,115.74701705856174,121.64893115596722,142.5489093427114,110.14612735300594,121.88240693263525
2184,72.8,132.44052651401466,115.6859787527718,145.94139652094285,115.90639550401869,118.34820096712826,139.07975596021467,105.03046846654951,124.97510961931965
2185,72.83333333333333,140.29297541596577,123.04783394853655,145.3971723966252,113.81566890148649,125.83732678386586,146.80613398605996,112.4245355329762,117.05887103032718
2186,72.86666666666666,138.2292408721472,121.38570168931865,146.8952200682698,114.29884918780228,126.52749465411556,147.45502644716782,115.23089466992693,118.21336005241845
2187,72.9,142.04246275912573,121.81273601791364,147.01004779825905,115.66540827995168,132.71566569050316,149.78754242964274,118.19204496143648,118.00617503900072
2188,72.93333333333334,131.57399513240549,118.97100177515343,145.31281468040487,114.70650523546095,133.26917014951724,148.1991345634841,119.86018212592754,117.47369673559992
2189,72.96666666666667,129.9878668079777,118.30443320268941,144.9897685964014,114.38235267464535,122.29788408196018,140.26455237746654,110.07550835593432,125.67473208569041
2190,73.0,131.4197461959541,116.68344003268237,145.22098831146857,114.60175038788125,122.63078704855434,144.5842511515075,110.49555503588816,121.14124494246
2191,73.03333333333333,130.46493830995993,116.84800542847141,146.9279152154495,115.1008416230236,121.80779638386296,144.06590137870646,110.18209112528366,122.714233193906
2192,73.06666666666666,131.37069798270943,116.76191232454876,147.5841926635191,114.99939818226795,121.92525200882352,140.21940154591297,110.27753766202734,127.3883512566197
2193,73.1,147.6274530597972,121.73214027053663,146.71125117099982,113.22656224909649,118.87246237069853,143.9696145896211,106.13845750705791,121.9770195008931
2194,73.13333333333334,128.7830885076766,118.87157972866245,147.8807691443664,114.67398166564483,128.17869369587785,149.34379613929437,114.90061559777212,118.09375564078172
2195,73.16666666666667,124.95992567976857,116.11876194876638,147.20472585688864,114.3631329873706,117.55889198194996,144.65967948347125,106.97929897676921,117.67832931825563
2196,73.2,143.18718331808202,124.71354220000828,148.00167312671542,112.52782335237005,112.2141225219729,144.6900874721063,100.06212207155774,120.63331442050715
2197,73.23333333333333,137.9615761714441,124.27593235023139,147.79209631759284,113.17947612865288,113.96906214435036,136.79209248402137,101.0754431581553,130.16724799794707
2198,73.26666666666667,137.43578284158716,120.3319778303289,144.3750079375872,112.69863807620348,101.34052629528493,126.17457140894595,88.01372830904519,135.20108297025027
2199,73.3,126.3165459728136,119.14136499461527,144.69466345891615,112.97757235732969,104.65431475525317,129.31529910296618,89.19170839808598,132.8044551428292
2200,73.33333333333333,134.44451006548533,119.00528656806434,140.7318231173149,110.85132004097655,111.1800406076506,122.43435960884308,94.18855543024004,134.25020672058753
2201,73.36666666666666,132.93906234784552,124.49283888710995,141.88664391930897,107.59453369725699,122.63628827198102,125.0931654338401,106.10304280602558,132.23650636563758
2202,73.4,143.31971449470944,124.57166920588544,141.71656896558036,107.76567291552722,123.0734979871292,133.92185954438827,107.63956744409845,123.84954187983625
2203,73.43333333333334,118.11715801121073,118.9133170589715,143.59682598592332,111.36039454836984,122.72906892183714,138.08555975625578,107.68541070291295,121.14285929289406
2204,73.46666666666667,114.50794923041741,116.2645321843187,144.42529649393282,110.51042432606545,122.49799073532355,140.26589334754522,107.68883098317481,119.80953989499339
2205,73.5,114.66313488671993,112.22594431692426,145.20629404170006,111.78134916430045,121.34925274933907,142.98862077793117,105.82662266288625,118.45390629645316
2206,73.53333333333333,110.93810690327543,112.91492000837039,145.54634733994476,110.85420931428875,124.85974987310902,140.02262973861366,110.69198338585923,122.42916292553157
2207,73.56666666666666,109.93368047120808,116.56882089137963,146.21927400295456,109.51751922014977,123.34711224614536,146.295406700362,109.66852465781537,117.50127622460421
2208,73.6,113.9151405479821,116.13716788852344,145.8620426296759,109.1462606871472,118.12280956748972,141.83452072331383,103.85603738446028,122.17034546931075
2209,73.63333333333334,114.84763897524164,116.74631062291986,145.0363562253722,107.87123076207351,113.102416802843,139.60555276346747,99.83094886728571,123.89345128458956
2210,73.66666666666667,111.45423197104893,112.96487593039248,143.78106500390783,108.81737932011498,111.3480803542928,145.40213963515782,98.46764895466298,121.60423019104564
2211,73.7,130.05254129128528,115.72532871621966,144.1000851693927,107.05483200726043,111.61100850043597,146.61567487056402,97.87340295283096,119.67380015048711
2212,73.73333333333333,127.3280676721025,114.95933523900193,144.63069684622764,106.67109158089617,111.07884207716187,146.40944923999825,96.56074888825935,119.40520832085637
2213,73.76666666666667,114.12491995264205,111.33726478841234,143.94334040320675,106.12388371735213,112.49552774887725,143.30777646233258,97.31158640076183,119.39554579426081
2214,73.8,128.41859149988704,116.71302954287769,141.08515072374254,102.63594037714515,108.9497767603866,136.68340417173712,93.27108324568866,124.24153759620006
2215,73.83333333333333,117.73845442580696,110.98651546863267,140.28875427770706,104.8064532037408,111.87973439248191,133.25637474703976,93.74830877214724,124.8385924002419
2216,73.86666666666666,135.04247969909488,121.70030907512177,141.2898987452547,99.61084623295353,109.3538572990947,140.57699679942547,92.68244968736678,118.15302621329431
2217,73.9,105.73306224330682,96.91906579529892,140.6390443425403,111.09192236739332,111.30797422354547,136.88068302700836,94.01074794781957,119.03448092324373
2218,73.93333333333334,115.54106741630683,107.1425192559813,137.1812716763628,103.7456083768659,113.40564828244139,133.50067957464475,96.68212246579786,119.17374241117327
2219,73.96666666666667,154.27192259374394,104.11992564163307,133.2896461139122,98.87417318651038,126.52455051605169,148.76635072434576,109.90719723685677,101.8224264712573
2220,74.0,147.80221563877117,109.23406445698382,132.69320819314635,94.89956919706879,126.80992063451544,146.94129182186546,109.23179892247418,102.28988260467749
2221,74.03333333333333,159.39776046628742,121.48888696017673,130.92560443057775,88.23235275689579,137.421064390426,148.4909251848895,120.25895414197775,103.12057858757514
2222,74.06666666666666,156.3757528604233,89.84524048651029,130.3452192402399,108.24487459529111,136.80326334310513,143.6220387926052,119.04327913338355,105.54931827959908
2223,74.1,154.9057980738692,107.0133858849299,127.3333365125916,98.56458341617139,137.1397554870816,151.3400184176643,122.20874029635893,95.93077243221754
2224,74.13333333333334,156.34669796368385,108.36057911225014,127.25018236415306,95.0654379225457,135.80543286285618,150.96963121300152,120.50885017520976,95.4608576364204
2225,74.16666666666667,154.94163051392584,131.03557470200954,124.04303962373614,77.64828769519582,136.29199582319114,149.7536526897568,118.35469732784966,97.12313974567748
2226,74.2,153.6610677985029,117.00024945083517,124.60453914610551,83.67980402861275,132.74213804041113,148.95433402599235,116.9972664265184,97.20097844737964
2227,74.23333333333333,138.75983755611904,117.5820506472115,107.24192986213208,79.60917313260951,146.1221640710263,140.8879667639679,118.44262383459892,99.5740383318838
2228,74.26666666666667,138.5551435909812,112.27716003209015,115.14992659189964,83.05336065245982,144.1675649176934,144.32119754191788,121.76772357254492,97.05430446145537
2229,74.3,128.88923086376926,111.94378999498726,97.59494851111708,80.32409855310279,151.35508518506853,138.7744617865693,127.67615370160891,99.36518691445195
2230,74.33333333333333,160.86016217090764,133.3408004329988,106.84217845279879,64.30935901551722,148.422298753172,140.81217230265324,124.10407936699762,98.46658851080727
2231,74.36666666666666,161.5361340321623,129.47226350830255,110.78526061078651,66.78414533932506,146.68760862858375,146.07533071577868,126.37417373513478,93.90188982908361
2232,74.4,154.49103476138245,121.68144858347732,115.3856437958185,75.69926343020988,141.7512489785961,149.84884800475854,126.35372311651956,93.53599999198192
2233,74.43333333333334,152.93222119757183,74.15184959733654,111.9660639646783,111.8619960787384,141.27479811521314,145.82479075740088,138.17890359274003,95.6416977076806
2234,74.46666666666667,141.22701311160145,91.69959227764568,82.82317748282874,94.52564045762338,146.19031051685417,138.71570547043436,137.5493357411761,94.9898379071912
2235,74.5,164.37301106457744,107.4760142817633,78.76214764559765,78.70004467333548,148.89349075603934,134.21311922020797,120.79776096178173,97.42150226959959
2236,74.53333333333333,164.09722351236147,80.77296961545535,88.1881154816098,102.5611727918918,145.02656333358206,136.52294295917162,118.35364909260011,96.87491731805201
2237,74.56666666666666,163.4281300115012,73.13035821302508,82.72782212831704,109.98798515008808,146.88795258228,135.53817771058962,120.39524948751456,96.92392997952308
2238,74.6,163.80830372925175,72.363542181803,76.616215732604,108.24271801600469,148.07908665868933,136.84071140327455,111.9884027931554,95.5781164017161
2239,74.63333333333334,168.0315738135933,67.52325263882395,79.85103602521492,113.42394264770667,142.7953848910429,133.68923611284427,101.16132492553412,98.70768491810374
2240,74.66666666666667,163.4957203365373,96.18413866476344,72.86585163276267,82.22559271923092,147.05665393699897,134.1220048351182,102.9246797076121,98.45205120513295
2241,74.7,162.91773065788468,82.74314858695168,75.5558513206035,93.45962917345392,145.65017268840492,136.32137871699067,105.32605379155882,97.51591949721609
2242,74.73333333333333,163.00958280238925,79.34473717510475,73.66110483691288,94.9014862859556,145.48602176382656,137.685060302588,100.4294463256561,96.02856226352807
2243,74.76666666666667,165.30533692815354,81.73303383864437,78.41600764013188,90.90173558637838,140.01815286365408,132.4364161770097,93.33246816597983,102.86766880322263
2244,74.8,163.17160001532022,62.482341573862875,77.70471268150789,116.07643192222194,141.04896001516835,123.86710085251791,96.49066059319958,110.44065499068789
2245,74.83333333333333,161.95189054534592,60.00491325418033,77.87289555686958,112.48574468738225,141.3108245133864,117.43342654333661,95.6280692561455,116.28154553257782
2246,74.86666666666666,161.8159648220118,59.82858566684611,78.25927655675594,111.29299579273109,145.94093613084422,119.33838874236015,101.34126874860243,113.72440490796863
2247,74.9,159.9755365270551,65.96983482051675,78.68540829311151,100.65996044231693,142.77053197153606,121.72093100651584,95.32364346631856,113.42921782709335
2248,74.93333333333334,157.9022425754551,111.9547876539303,79.8148086727405,60.94445866912482,140.02842265266702,128.0836298906113,89.77740618276235,110.63591269596382
2249,74.96666666666667,157.80484819343727,112.3700692898973,80.02006545516198,59.16197398279144,146.23939567381612,133.63150152490712,102.45269759590995,105.13757921795305
2250,75.0,157.07918380351057,111.17413438709265,82.48681114918777,58.818729642708405,143.59778420882074,133.55825670327602,102.88835128150868,105.12686887231209
2251,75.03333333333333,157.27134998098117,103.48741837587433,83.42268725766098,62.867655764897165,144.60337199355297,133.3608197845021,106.66769491488492,106.54293401092303
2252,75.06666666666666,151.44981684974434,91.22206419708998,76.2020903360947,71.00966632190303,148.45082901418456,128.5909298738996,120.57065424396332,111.57511006932906
2253,75.1,153.56948001426014,130.38983331018667,75.1954141439777,44.01003677493182,145.7028530551714,131.8344455727843,100.55455952164272,110.9521522640706
2254,75.13333333333334,153.1808248947668,137.96074758364065,73.95328884321331,42.58947359699121,140.51832076059384,132.58198436134978,87.86202373188985,113.2933689829968
2255,75.16666666666667,152.49242544805068,139.84514658694326,71.99394981262508,42.025751223594646,139.59593451722222,130.5503481844098,84.09723028156378,115.73821765459935
2256,75.2,152.22427452811036,137.90483726221302,67.92790406772511,40.48647455915221,143.41048434070538,129.58727544350478,86.21563120163677,115.36111502188955
2257,75.23333333333333,151.7527032425884,137.94101260558753,64.1544861324892,39.478870079860926,145.70810582161434,125.64908834586764,83.59444741076733,117.7581769929641
2258,75.26666666666667,152.063497096163,135.81665950957617,65.2697927113776,39.048097814044816,145.08982324740663,120.97459964797089,83.85595116892189,121.71823058641269
2259,75.3,150.79463737956968,134.08233794555744,61.151340124361745,38.5852909879633,147.2744104941162,118.49544534258247,84.48432114570024,123.5130542702604
2260,75.33333333333333,150.48858102387896,133.69458328022074,62.42781633515795,37.87281193585277,147.87604599844167,118.69647974700644,89.54314090818761,122.60454689299135
2261,75.36666666666666,150.4356431132857,135.58419190730547,63.67453334052375,37.982617067484256,146.7920440869246,119.65421145381981,89.2659646141467,122.62654800764587
2262,75.4,151.30368004885986,138.92453325711716,64.58247750761984,37.72986494706289,145.60905603623033,119.16039562641546,87.7046290584754,123.82594739929432
2263,75.43333333333334,151.6208028081705,137.97439938423264,64.95429507026967,37.32708906660249,143.98334992198605,118.30488220723211,85.02268525826659,124.00533036618515
2264,75.46666666666667,151.55627968901797,136.998398145528,65.1650573036452,37.829003067102335,143.72790113601476,118.52483227339613,85.85483573460175,124.26784021666205
2265,75.5,151.81391517505986,139.37466146689755,65.5537600966818,37.84497699021494,143.13301404568,121.77402495758768,83.25524176200413,120.74850652090167
2266,75.53333333333333,151.720617189439,138.69388743905125,59.49866363746824,37.249921425895415,147.0845630936592,120.5867587228752,84.14275054067267,121.4113080338718
2267,75.56666666666666,151.85720590177206,137.74772532025258,67.80693079250922,37.909916593542576,139.85125307228367,120.09995468451697,81.52830721878864,122.22497542065888
2268,75.6,151.2591980178092,135.69293043854088,75.36609186250227,39.8838787491499,135.7603071711985,122.76852125350293,81.97170586693206,122.21166229825623
2269,75.63333333333334,151.31407568303268,135.47793061623415,75.64024123419281,39.93329618382588,134.6751351594945,122.24029501847943,81.53573743620186,122.78011803477501
2270,75.66666666666667,151.15331969275542,135.40785622156335,75.37281610069695,39.83417803475561,136.40457861839582,122.16255694273357,84.42252784599742,122.7092786052766
2271,75.7,150.7671064117226,132.10933410972044,75.45516503645688,40.517682478076075,138.42242376505325,123.69104004845784,88.29203982241165,121.73898921272652
2272,75.73333333333333,150.59734068226606,132.01501458669276,75.81057904474494,40.56955352283639,138.1881661259277,124.35582670620597,88.31562642289163,121.05397313160475
2273,75.76666666666667,151.21516329408277,134.28898352749175,71.80116292307618,38.42996863310841,141.02695232731526,119.68929585455949,88.02522852008263,122.0781607966323
2274,75.8,151.25965962532752,138.1915086479148,70.45500127398309,40.03162045290812,137.60820785001098,122.1909449883193,82.04245162597596,122.9806597566853
2275,75.83333333333333,151.4345276222346,137.6485549225992,69.83783756246629,39.88661850274659,142.19245040259946,133.2376069586419,89.03560072018885,111.94673825458759
2276,75.86666666666666,151.6029653529855,137.47803978565935,70.71348632112502,39.36431031493191,141.63609713432018,131.8410505776432,88.76730552288747,112.40799500826641
2277,75.9,151.25107752755014,137.70096834368894,69.11382125913805,39.324824617139924,142.171626462537,129.86972333096872,87.94280045195696,113.97159656556697
2278,75.93333333333334,151.4347370441101,138.39280356738226,68.56177389987411,39.53876885550607,141.36266435135124,130.74174350050419,87.60260176857727,113.38605775665884
2279,75.96666666666667,151.86101966166032,140.13877716481792,63.46621151540684,35.40251935028235,144.29710743021295,119.2542969093688,87.71492646905655,118.62762844227967
2280,76.0,152.39623251328018,138.99167816976876,68.39882534106034,38.57888654428408,143.1260502056367,124.61739241034783,85.64834105773602,118.2653989292935
2281,76.03333333333333,153.32413715240853,140.35253748405339,71.05277406825071,39.244868290579696,141.3609010302244,124.46854979636397,84.85247351389967,118.9133511176304
2282,76.06666666666666,151.75577314175516,140.04118761852325,63.610573392065795,38.73874651674961,146.36601270948364,127.55207444881925,86.25409651957436,115.85959585818263
2283,76.1,152.3924791260688,140.22165247893363,64.29564873347012,38.19546414927372,144.86929950535298,126.73483446470941,84.55550296593928,115.64646233737895
2284,76.13333333333334,152.6580087443471,140.29637747321934,66.20530764204085,38.25047131614317,143.7255409691809,128.3276719882141,84.72964929323722,113.93656672990394
2285,76.16666666666667,152.3275628062815,139.45813463416252,69.74845644811798,38.43665902197336,142.60038341602333,128.87015865807328,88.3717465662484,113.70787159453226
2286,76.2,152.12836163579271,135.26174546218232,69.67792380823829,38.063325055568136,146.5253142516261,140.60627790113026,96.21511086557632,100.54535050172385
2287,76.23333333333333,152.17631181853704,136.09484352532567,69.48814910227343,37.61332536639841,146.69346507413698,137.24271538807335,96.09113192008041,102.84963407176247
2288,76.26666666666667,152.69628656604144,136.3951300812975,71.52946661132613,37.812470078575494,142.87363467396906,131.45780681432015,89.80838773361089,108.60682586755419
2289,76.3,152.7980504109966,137.24515238372615,69.02861856474584,36.6313548527145,143.78263591558783,127.67611647689836,89.0698830285515,110.61799419552031
2290,76.33333333333333,152.82790958604073,137.79081388259385,68.87694285794889,36.803996192359186,143.78561730489517,126.31125902502096,87.89754584355295,112.18977313443615
2291,76.36666666666666,153.05546270705378,137.75299209930282,71.4401123476089,37.206793812801465,145.09073058838453,127.01825932637341,90.92065815929426,112.03269349170819
2292,76.4,152.9217615825695,137.2272312725488,71.54411716801611,37.488048049368025,144.86241690948276,122.8159882607748,90.6325934584656,116.3696654182
2293,76.43333333333334,151.74302673288014,136.70615874444152,71.3040549343956,37.91385027273456,144.82679199649235,119.0952064531392,90.75116622577482,120.71854659711418
2294,76.46666666666667,151.17841144612447,132.82345479782362,72.60913899897209,39.19332697002871,144.37650900481117,120.09578947476723,92.64181133244824,120.48129341306935
2295,76.5,150.41667589312155,133.5124354226976,67.1152142096485,38.600422349844166,149.56853648802925,120.1166561664816,99.44369056707856,119.5164215666428
2296,76.53333333333333,150.35843994175235,127.13891513547468,65.77297109751439,40.56777297323955,150.19898640532543,117.48456780438379,103.17352175942705,119.29020840478827
2297,76.56666666666666,149.9447752316833,128.7401679162988,64.81098566503319,39.86946040236236,149.8246765322932,119.69083484777494,110.4001890469299,118.11077575100788
2298,76.6,149.67020526584088,128.73273337235827,62.15992848240433,39.89232844214039,149.671040265443,122.30777709765552,112.85275287661067,115.87349997632643
2299,76.63333333333334,150.00187738773306,130.47189155363904,58.08873804072639,39.013582605036504,149.99849851777986,120.24574462979295,111.81485589786011,117.60822290819297
2300,76.66666666666667,151.84233946633398,130.29158132924258,59.437086174146536,39.103165204986304,150.24924528244492,126.43114870154393,111.33076995450322,111.88449032943207
2301,76.7,152.8988178513557,116.12148681316629,75.33518213657486,47.00617789562545,145.19617864671702,124.23718658946419,108.64307390396306,117.36611500046185
2302,76.73333333333333,152.96692252130075,121.79696855908993,72.09134356759867,43.88819975282188,144.74498396915592,121.52658071171204,102.05535177207852,118.15881568103315
2303,76.76666666666667,150.94366840671032,124.079437197909,65.05466751093951,42.73740675465619,148.90620845220087,133.99430436810857,115.52959499194186,106.35062205414029
2304,76.8,151.80392527488664,131.58545191385278,63.78537942278513,38.995232968315996,149.2713778448984,131.37829151124075,112.96094373026379,107.8097647929108
2305,76.83333333333333,153.7969799051438,134.3385003195838,66.64723317705757,37.93754334416134,149.20697548767356,124.10430095602544,106.37419133683038,113.73027102033805
2306,76.86666666666666,153.69657805879328,134.01429302084654,72.68542335822241,38.23485198062608,144.97067574779754,127.72006362669562,99.14410709889674,111.1644158995183
2307,76.9,153.33553381713077,132.25514596078705,74.51778474390333,40.431201557564584,143.71749903105587,131.7657695841408,96.50918454666488,111.36525306205253
2308,76.93333333333334,153.03216943190247,131.86428468920735,73.23422895891929,40.287730218767805,143.33487443776258,132.49548776640066,96.63041688226309,110.38781189382185
2309,76.96666666666667,152.26865685283505,125.9160594905077,72.75882368073151,42.37783454831714,144.24949053628794,122.48803032932298,97.93044793115135,121.16467773583025
2310,77.0,152.6376759115957,123.34431971727133,72.14549590764456,43.16235132653744,145.04151143843933,122.10173187711067,98.61943921741289,119.06240625479033
2311,77.03333333333333,151.3499207173391,106.00367769188045,79.03890015372252,52.24579811199466,145.0646015353316,127.69093134091825,109.66440540872858,119.49771405726202
2312,77.06666666666666,148.62279598530586,109.09670557279009,77.12926496791539,51.22246136985262,145.50848852187494,121.68788246810988,116.17024260474292,121.21782145021602
2313,77.1,147.58329914041653,101.12086075981168,69.83888604166533,57.97052233647996,148.6770621763252,119.83935414333828,118.48792723029038,121.43254650118618
2314,77.13333333333334,149.65189488040178,113.59481619317786,69.41709177289121,49.38056406922718,146.840743624305,120.14702372915801,109.41374169213226,119.9333468922488
2315,77.16666666666667,149.43262417380197,112.20264343073075,69.88662095573908,50.54131376573273,147.08476495618748,121.71338592683293,112.92029614426295,119.11788811574407
2316,77.2,150.5237315989144,123.33750366665092,69.60282734387044,43.59506838294466,146.45383072084115,127.02082448931876,107.19612180743485,113.78623353927425
2317,77.23333333333333,152.108625951665,134.1902099031242,68.97087465543879,38.64781231499946,146.1658315559626,132.77763413813318,101.74889722469716,107.77576125859065
2318,77.26666666666667,154.58645218246645,138.57851266283294,54.08284642661671,35.76605018216579,153.49092071911969,130.60815276734218,98.09361435465034,106.60814658626585
2319,77.3,155.44522549526894,141.76661917369128,58.1989597281531,35.28301347501374,143.61419477649503,128.51205288841967,82.2580416371313,108.9133429149201
2320,77.33333333333333,155.29114296544955,141.86128237866276,59.68366225109307,35.778982566536506,144.38526403614338,128.65295378579316,80.89713926564379,109.32263274016935
2321,77.36666666666666,155.9323711837393,142.2336857629941,65.0895363897099,37.262061366452116,138.65902618678604,131.4727564640802,78.25860127593346,108.94182470070658
2322,77.4,154.95061390685373,140.39980059462877,61.74304684204935,37.56996061477449,142.48888845160093,137.58939563452276,82.45119064015732,102.2416928062848
2323,77.43333333333334,154.93006533367128,140.1377035535761,61.022007878293245,37.61863995333915,142.25772211553436,135.33949939500616,83.428713039629,104.73589330118223
2324,77.46666666666667,154.86449298449378,135.88419622826757,67.904868427488,40.456380064482026,137.12711049194834,137.17289559567433,84.32937132984414,105.12530323141651
2325,77.5,153.99985024816445,131.21914119138688,75.2390311410817,44.08221504978175,130.44610937360721,138.03190573400664,85.56217744016824,106.55400517210236
2326,77.53333333333333,153.44061350336966,129.5707274151191,76.41952040593823,45.358673438790866,132.95954024941932,137.1741042555823,89.30881485010707,107.54923583596899
2327,77.56666666666666,154.4358190574561,136.73156517630446,77.41792583686666,43.965418168386265,129.75122235661644,136.39407434375465,82.65449169405541,109.16271632126508
2328,77.6,154.58980545565709,132.2292845278518,80.82855540609354,45.75552749742637,126.93714573723199,130.57971546614482,81.43450956378645,117.2264886477943
2329,77.63333333333334,154.76823751199282,132.92216320714496,81.73669808167861,45.18333661717195,128.17781716480908,127.96922261309336,81.92096647992386,119.53583315591999
2330,77.66666666666667,154.26690582934174,119.3627258354166,80.17860854364056,50.00854729547121,131.19589804458576,126.98173336805776,85.70035430858009,119.01021143477655
2331,77.7,154.5270272764652,126.06021960939964,79.75404309812326,47.10937395598338,128.7101105573289,126.730943051569,81.5534444080206,119.70490744160487
2332,77.73333333333333,154.61570109897778,126.62601450008253,78.83923941573245,46.61352674237635,130.64202284765628,126.52642762855945,83.10501650588466,119.27742789166778
2333,77.76666666666667,155.71939526561798,126.79999573255716,81.1445335427171,46.76711160696145,127.35275003079151,126.7954922717997,81.72985493559293,119.54748002533282
2334,77.8,155.36980950759823,123.87573239557535,79.7107556187898,47.54571800593656,130.54975158137768,122.96595652098168,84.09893209308977,121.34323918262011
2335,77.83333333333333,154.89505108292306,122.37371542878606,80.51469493000981,48.68687228142401,131.9728673903887,123.16281012290777,86.21806146243676,121.46784831841921
2336,77.86666666666666,155.6006012481527,120.25254958639935,73.83707465687826,49.67652817324725,137.60261346976637,121.74663991393562,88.00266728315,119.61950998883313
2337,77.9,153.92681733664372,135.3401226756094,73.82249740923783,42.42893107888415,138.07687103639313,122.08503926745131,86.79632794878096,119.97322241038917
2338,77.93333333333334,154.56667785066637,127.07923505994505,74.90855295768282,46.53079648435374,137.9604114214396,126.17349922790005,88.21730286399892,116.21016636116649
2339,77.96666666666667,154.06401236301392,106.33780591013719,71.32832486058996,59.849622895972594,142.05236995380827,121.03948983798203,90.45442664874129,119.8958034305943
2340,78.0,154.45486867073149,108.98729505025588,71.99999223562564,59.08410510440383,142.44020559135825,124.74285989740964,89.57168882547793,115.92390189770754
2341,78.03333333333333,155.96585568336545,120.22758679614427,74.16858329473752,53.895631967409614,139.22138292650502,124.78889825706206,85.06064723488875,117.02654258977543
2342,78.06666666666666,156.4415383701924,117.0938894484107,71.93808447829846,56.5742493719408,140.66648530717111,123.67485915903073,85.45075048270704,116.57330608300599
2343,78.1,156.5914308562957,117.4269038094447,75.20028502350193,57.880760700646555,140.5310048554376,134.10531377580796,90.77968367667113,107.80150407868094
2344,78.13333333333334,157.30347927183797,116.01641267255744,77.04096874170703,59.97515752668981,138.72029489706017,133.58733471510607,88.38463631086633,107.7291267236056
2345,78.16666666666667,159.60212097728734,84.03959361992277,76.62380390080243,86.8555581311099,132.19063183942788,118.54102397938266,88.06551170054388,120.90149440719107
2346,78.2,160.4540144450266,85.92643525285345,66.8424617500132,87.23556550740025,142.37003718187395,133.44631373043492,84.32428685110608,103.92992627588114
2347,78.23333333333333,159.68913893071633,107.98733594255904,61.05416963606326,70.11541357520338,148.94006268636875,132.3173915634875,87.97873716861034,103.38703719324734
2348,78.26666666666667,158.19354358449635,136.7004553430589,64.97469598289376,52.10158515976638,148.08657960892762,137.45496212901207,95.4317170524442,101.60394349316242
2349,78.3,159.25658246216207,141.36167471313956,68.53851443869104,51.95811141812884,145.78594934303345,138.842948332659,94.24360977478642,101.146878877744
2350,78.33333333333333,157.15697481042915,139.27470559825088,70.7911900578528,54.38694319668364,147.22185964868757,143.64792572697925,99.29395061526088,97.23594978360003
2351,78.36666666666666,160.19222746668288,135.26330033084002,91.35505876614674,58.813938539638876,139.2877099795544,149.36809033638164,111.84591392803117,93.54596969305733
2352,78.4,160.71078131597616,115.26696435828639,82.56808274873171,71.40861356591283,145.3287847247036,143.51239619999623,123.28979507300711,92.77471700811783
2353,78.43333333333334,162.49234981737797,109.53528880625218,102.3251339188677,80.32085856623213,136.92034297377194,146.27995493378424,121.83679735375415,93.31025502732061
2354,78.46666666666667,158.40767628632221,125.70546905647697,116.18865087927722,71.04813377085915,127.26709708095528,148.94214048981925,121.0014423293667,91.20892054773776
2355,78.5,160.96824911452575,126.04747519698695,108.92998696086522,72.38974599343658,130.0512151883326,150.41591786903237,111.83387029355089,91.72520807483158
2356,78.53333333333333,163.8842510454871,123.00368185317471,113.32924598230605,74.33793229380929,125.45154441580966,149.48737150646582,108.25190831675181,92.85954523629808
2357,78.56666666666666,155.2143218450045,124.87535284109286,100.83626046311312,68.7037631537747,137.83587093371938,130.8956735407165,103.1560286016846,109.49448573893136
2358,78.6,152.9453600133613,118.76131779147194,96.45036548261048,72.50606687125904,142.83985539413024,131.02184388929143,105.67357997433666,107.50004661222373
2359,78.63333333333334,159.62945724107212,124.6097693923386,92.73425713540176,67.8294089800237,138.30136521227487,122.39841584030253,100.41923916941134,114.8707514974088
2360,78.66666666666667,157.92328965865528,136.660421558771,103.0497978959786,59.4386959877691,135.4553458644037,129.22960467701492,97.51180287809343,108.01402021287073
2361,78.7,160.5910700212426,141.21539162563056,107.08489892319466,59.46273319812448,123.67091163876566,134.09382329191192,89.87616514416831,106.38810659427986
2362,78.73333333333333,166.15719272793052,146.23692855988065,112.34311502918872,62.24188422819209,118.4449186862724,139.79683903128623,90.11176925294063,106.41545771352212
2363,78.76666666666667,169.45886073111714,140.44143050674305,109.55999708876807,65.77722568236264,126.05902691937779,150.67920292890784,93.37159340279592,93.79717633880148
2364,78.8,167.02767536523774,144.33567325007775,106.11482278115682,64.1439294285968,119.78136147153923,143.54100436748996,84.50928165424607,99.92142006029174
2365,78.83333333333333,165.67949617277054,142.83571787028708,117.4934344375708,72.20166676329475,121.61208693374356,155.51007934575782,93.3099091841282,89.35131816108215
2366,78.86666666666666,165.91293404854946,144.47394789001766,116.07198327866816,71.46172457875328,120.64947327176876,155.12825892489647,93.31640370360947,90.6373052646086
2367,78.9,162.25219609225618,132.56316516135357,118.37202026124616,77.94558164876744,127.06466852304334,155.82508486568074,103.33234000441708,89.75684085060178
2368,78.93333333333334,160.54151512527392,135.17376530649793,118.84146247375412,76.21326244327483,127.32995791248437,157.7023242536795,104.79788920318136,87.50403291967797
2369,78.96666666666667,151.67784679365244,130.92605004060965,117.22067227041279,78.99929779403091,136.79324494672184,156.14565442218822,114.35572492846968,89.41459549562086
2370,79.0,145.6612892895919,124.0324487591064,118.49335687636174,83.81673018863832,132.92013376367066,155.82446979515524,111.42810460500702,89.51440898062523
2371,79.03333333333333,117.53764480325269,109.79076898125852,129.01739007254776,96.481204576308,125.4364776128467,153.60658345142926,115.14157179706541,93.80375485279355
2372,79.06666666666666,131.34534739904413,105.56450891499043,126.70954051450278,98.42840558875757,125.43925152186182,152.82019641891338,114.4185077422595,95.21868267847925
2373,79.1,149.42683377571146,115.42071392866471,125.90278044443977,92.09863286852321,130.39044304552215,153.04667503883059,115.63747208143423,93.54673961054401
2374,79.13333333333334,139.87511550629756,117.41252736045968,128.05409427137232,93.33099017705696,125.04548337936319,154.6220947649034,111.46760686908195,92.1836289522121
2375,79.16666666666667,143.8880068104919,118.511056006756,127.59662612600863,94.06281896001424,127.44234626614,153.3854563598651,113.95267863561044,93.48073475745645
2376,79.2,149.75023291492914,125.62723882497674,127.94484732103584,90.93978605118902,121.30247009903015,156.44202103650792,104.88050712834816,88.55547457733175
2377,79.23333333333333,160.21332035165142,127.81634765503796,127.3562954564482,90.14990774454265,122.50673811610906,150.21351312061216,105.1711333217892,95.87497909979156
2378,79.26666666666667,163.28913917114284,136.36579625737832,130.70102012671683,90.248091357584,122.33787068444305,153.28936783005935,104.98118085289057,97.0498831288851
2379,79.3,158.98613714647928,132.09647877327598,132.62886861731556,94.07091172908945,119.49698356114975,151.27321084447058,103.99849128888735,102.2868909320105
2380,79.33333333333333,153.89575940294537,129.26696706889203,135.43372560091453,95.79476771093833,119.8634508691162,149.90302814275958,108.33426387448353,104.06387623735809
2381,79.36666666666666,158.27114744126465,130.46853312541532,135.22803681074686,95.53419412651202,111.115616349165,138.7484693601744,99.13181340975846,117.22158475286794
2382,79.4,157.9725607022392,129.04743633571994,135.71430743855885,100.03636326655261,114.18756532860142,146.55009265699272,100.63009953369601,114.26361400179323
2383,79.43333333333334,144.9129536730991,114.1120784828851,134.98602302872987,106.11809725586672,118.95810918955392,148.01622371284216,106.55201956367645,110.2543247808893
2384,79.46666666666667,148.0025300812795,118.16137080845151,134.76890057151226,104.50470459425597,121.3734003999396,148.77397341990635,108.68463757885628,108.0792844073129
2385,79.5,153.3590872892979,120.09374532928655,134.49363591703437,102.95422662781583,115.46701646049694,142.54103440520814,101.16568360304177,112.27940739343131
2386,79.53333333333333,155.2359857398723,122.42181451555487,136.38908138896048,103.57476612771906,112.71246690858348,146.80710834820331,100.35238573512964,110.63435669336909
2387,79.56666666666666,150.56292035683177,119.78371356652266,137.95242081869475,106.49986762251307,113.3781540092614,144.04060068165842,98.5140498224535,116.87663794291652
2388,79.6,151.2793605119102,121.03127367395348,138.25919886387405,105.87794026407686,119.81928719375988,146.65113842977115,107.41453154793064,113.69631781632044
2389,79.63333333333334,156.1423398497661,121.04882186172686,140.2620097614699,106.61902325057056,113.6741388503251,145.79665821875378,104.71388882103444,115.41075809356629
2390,79.66666666666667,136.2114626414258,120.99560140148151,139.91016307234574,109.19598071746805,121.39042263425776,149.22373794707838,111.99864471726642,111.92315535075767
2391,79.7,152.24806020379705,114.6105518609101,139.6200048511004,113.8644715244184,121.56005888384816,147.82159747279854,113.35400554413609,113.61412701491686
2392,79.73333333333333,145.5753519094734,116.65240693256483,140.71991497421936,113.26211505239958,123.32727076515485,155.1071674056103,113.81212435060012,105.58796832790053
2393,79.76666666666667,148.00332793505453,115.92754290273095,140.45975189297275,112.76884637083968,116.88239908028022,150.25875820544348,107.8561490799235,111.92240355211808
2394,79.8,151.5721380496597,124.9538045169026,140.54608635632408,110.50304714657585,118.94664459164008,154.5399489140335,108.96922737103387,107.9119237195835
2395,79.83333333333333,151.9236965977307,124.65483695778457,140.79944709728352,110.86085979071369,124.37963197162672,154.71312164329828,113.36132715863708,106.63644084673977
2396,79.86666666666666,152.93976102128087,130.70838640053793,141.07439897908773,109.49165959487739,127.21279229576028,155.0672175349204,115.39495264435975,106.71787164764281
2397,79.9,153.42229265750098,129.86413997481876,141.08126305912157,110.1997912051288,128.0915671259042,157.20094872367437,117.65465705836552,102.05585306384062
2398,79.93333333333334,157.06479405691243,130.1795506331726,141.25179232460292,111.15245075347761,129.67139976629178,157.2500274747785,118.6379937922081,102.74988468268471
2399,79.96666666666667,151.05774850466972,128.77835682170493,141.8227889737442,111.3019882203407,128.66469196579027,146.00915404083216,118.31562128453538,120.63804055606143
2400,80.0,150.67508813170988,127.1586960100634,141.47809753995233,111.07244342612749,128.53797638438218,146.9798294209632,118.19237818194624,118.24990691206393
2401,80.03333333333333,147.88528974516606,119.37640930089081,141.09733499050563,111.93390809899174,127.46408384148256,140.9150643169004,116.52531808469844,121.42536962675742
2402,80.06666666666666,139.79443069061827,118.8963195008529,142.96453463220072,111.91294723518952,118.80747828314925,135.9876982898369,110.73127482250572,129.14965714505738
2403,80.1,140.60319945893102,119.74300646153732,141.85156339149162,110.76750635323101,119.91135846317164,137.61532634693484,110.30820216101012,125.85264493981494
2404,80.13333333333334,141.8332006198752,118.364002091619,141.6954776877185,111.12220026197312,121.20444327360228,139.84328985095215,111.70472100827007,124.55303606004334
2405,80.16666666666667,160.1474508978747,134.47138561639687,141.31534464405064,105.09025834511783,120.4336034475646,143.75482458800846,109.56367758884083,122.00191322410478
2406,80.2,157.17260004801696,132.26250839911722,140.15710150404269,106.76636947848834,125.98413351973961,156.41361606238908,116.38462888685298,104.13849963809382
2407,80.23333333333333,155.22667777867687,130.18192896674827,137.11374423054002,103.30782251523681,125.10953588115346,152.68374789547488,118.49541578575936,102.72357578613307
2408,80.26666666666667,153.92056563170317,128.00881219457128,138.72053560122467,108.45728632836247,128.1090397177894,157.66429944208528,119.79209170282314,99.93760302157368
2409,80.3,153.5348244509688,124.45805767374075,137.92556893408516,108.10500306361921,118.3851475528151,153.13707371855224,109.48714966857177,104.33761111785529
2410,80.33333333333333,154.00836442054344,127.78743370322567,138.30942079800153,106.5732612995383,117.47652318999714,154.91543993895476,107.14550775217681,102.84414745201754
2411,80.36666666666666,158.78196415399162,127.65602061361324,138.13823072174,107.3810626217719,115.80254788799374,151.851553416103,105.82727025289698,106.83322633089088
2412,80.4,147.79548888984738,126.31842231773832,139.3963415172833,108.62047663757359,125.38053090534208,155.29193596502267,113.36640435366864,103.09377268122797
2413,80.43333333333334,155.62495619556003,126.52441789626879,138.28042951618175,108.39127067995433,124.03897269476332,155.0817357759004,114.44544596524982,103.37557947362065
2414,80.46666666666667,161.33341957076223,135.39640981621736,139.30077249882538,108.16337918585099,127.08367231933912,158.35187653500174,116.27924644718367,95.83181782033544
2415,80.5,155.0844194077014,133.12945186626683,139.1020507403989,108.86994890933113,127.10299568922098,158.4710774756437,116.32324394856202,96.62444924369397
2416,80.53333333333333,162.07608081806256,131.45493962619474,140.3775548612665,109.71800312234305,121.73569268582303,157.95596463431767,115.31322104825786,96.07466496453112
2417,80.56666666666666,144.72789301867778,128.98579620996205,141.19113510059097,110.78423514368576,121.59310941342495,157.48275734024324,112.48218277924386,101.78190888641352
2418,80.6,138.4187949132313,118.87955092241316,139.24952786233024,110.16476958983601,125.42740726771663,145.62037648532103,116.6605807638958,111.39750131045474
2419,80.63333333333334,164.12277049497956,128.43756298019102,140.64760453711736,111.69052913402781,128.50721734184114,153.49630870418162,116.39310935498867,114.20993001963068
2420,80.66666666666667,154.12075530763542,118.31158382366365,139.09996369804634,112.0767024584089,118.54585397645229,143.5537733490819,108.10858137025903,119.04777250896859
2421,80.7,154.61369486532038,129.09718055653744,140.33990286103216,110.12335373571104,125.08764391178002,154.05641129703108,113.24830913839776,111.02089971664978
2422,80.73333333333333,150.1847266782744,124.16842899517616,141.2245148263328,111.2846860929564,119.68637264271503,150.08888451802292,110.52762040049889,115.34258596380701
2423,80.76666666666667,154.39483898660353,131.27464086597394,138.5564875795391,107.71102107764801,128.3064121571575,155.70779688177478,115.43932090269956,105.31660420170282
2424,80.8,158.20641872914354,132.98376229722123,138.99783120874886,108.31554321332287,128.20806073636672,156.16602714103055,115.21995302811804,107.65480519959057
2425,80.83333333333333,153.9425080112056,126.51645831771674,138.48359839876392,107.50195487089027,115.09137748781573,137.62525647728376,101.57158011418949,123.66256054372596
2426,80.86666666666666,137.47378014875372,113.4308013650428,137.51637713621017,111.26810871911864,118.92814932524323,135.19342254946488,107.42736480251257,120.38178886990708
2427,80.9,140.005990538115,115.9474586130146,135.89720997165765,109.88129866636348,123.66858412956469,144.4964613287584,109.54415690138786,112.72516954376574
2428,80.93333333333334,159.98648634473594,126.56527427608653,136.47148476067258,104.60026268263036,122.7676998206608,141.7647662647196,109.5563487320311,117.41227035098136
2429,80.96666666666667,144.85235532528017,123.08278748933043,136.99948059982856,106.78130568857486,122.85727346071666,141.76380365833322,109.95226344559228,117.44941480532296
2430,81.0,137.82355995861238,122.20427463501258,137.18711615309374,106.28609453206836,123.1142314594804,142.28867744122005,110.4325725808957,117.19828016794916
2431,81.03333333333333,161.13509204687767,128.49422736101963,136.3558080161797,102.3815925710354,115.47294380841744,142.3037935544325,103.49645634182627,116.825320962426
2432,81.06666666666666,157.91380240155877,128.40973658945092,137.13257446467387,103.47932312535069,116.2163938245583,143.94930861056844,104.44907622252394,116.47184714346187
2433,81.1,153.43622128822196,119.5903056639374,138.3265181487352,108.90861422063682,120.64014462427727,144.37482765704272,109.245854375171,116.32779415513134
2434,81.13333333333334,154.26206050511263,124.54723512887001,138.75486729551181,107.29146545254538,120.64992306608231,143.14654631311996,105.49229339993745,118.24843456767435
2435,81.16666666666667,154.3836596737092,112.86924514596764,137.22479800671337,110.81398915298541,115.66709607763158,135.55250278267903,102.86200111373998,121.97190235860518
2436,81.2,152.64586425368162,109.67402551307988,134.4455789654865,111.2558707946512,126.31517667537098,148.66264121752548,113.0681365651359,108.0571647595963
2437,81.23333333333333,147.92437380548557,111.98298732258117,136.1638103656372,109.81748068237371,126.69623476762095,146.72005065837286,114.91373103347281,111.0249435755847
2438,81.26666666666667,161.29384955224202,118.31564960557213,135.3310166906501,106.61492829197158,122.78020395953325,146.81519657365814,109.67860455958318,110.86290575027215
2439,81.3,157.13483691925265,117.52488578810437,137.43811125772584,107.77959270656298,121.2309313228613,147.74075500735162,110.00066858940583,110.37194360682099
2440,81.33333333333333,130.69564541461457,116.6003188146683,138.85360130655144,106.01427036632012,114.01387248439558,146.3594819280827,102.94445105416858,111.15284814793375
2441,81.36666666666666,141.50520020913828,112.5227157248528,138.54076616959568,108.34313379674624,113.62231196591175,139.8305633398716,102.65779139327218,117.6541925423769
2442,81.4,133.58373128177203,114.34652396503964,138.77118631349273,105.23821275567435,109.69096555123289,143.38630679037345,99.88625883035346,113.6391509467952
2443,81.43333333333334,132.11735356439934,101.12774385078384,138.923368796243,111.31025348726139,119.68751302773482,139.77528702357338,108.03520276982407,116.17735318120943
2444,81.46666666666667,116.11148184043209,104.0543881619989,138.33291695410554,106.52477391887822,121.518108821821,141.14863807094588,109.69739993192415,115.93386738188555
2445,81.5,128.37547204071353,103.59663554711435,136.9327079707342,106.47357135467134,124.37811041517564,154.16106668166336,112.76444690821539,100.86977447126529
2446,81.53333333333333,130.38147323428169,113.02989728389939,127.43742690948278,98.3732358878113,129.42056898413574,148.35551507713095,111.21421506039542,102.14392274389557
2447,81.56666666666666,136.92094964518728,117.50491389275308,128.99300028139368,94.10060417518974,128.32975845981386,151.92247218354328,112.02528360655452,96.90197634993484
2448,81.6,139.25401349150425,104.54063181829301,127.34639584642869,101.88005618222012,132.09270658699032,148.24460630625984,118.33098684711675,98.27479310837751
2449,81.63333333333334,150.08640795826796,107.11348206206546,119.337459477536,94.82593983457681,137.39192663580525,147.61977775685858,119.5630012843912,97.34165238016361
2450,81.66666666666667,163.35294325087122,134.03321285204322,122.19343153281609,76.64760481365991,133.53822101790226,155.60928106527302,116.24461548887076,88.48620339369685
2451,81.7,160.37566830954074,133.25942447482294,123.21827293567765,76.99971602477346,135.85947504085254,153.29309163158075,120.70546885952909,91.39187643133354
2452,81.73333333333333,160.58070867159458,131.55608993219465,119.78304612477424,77.37618619658247,128.58289486149795,150.56092917851566,109.68165452787245,93.40345202001842
2453,81.76666666666667,162.29204588031178,143.01114908077696,116.23878424989829,67.79219065427971,130.24870372325816,150.6444998565314,107.53385666431103,93.10820781128339
2454,81.8,163.96004455880052,147.18987643903625,112.94751279996568,65.39105005463584,131.16782749151642,150.83507913362385,102.22920266940507,92.84636304482088
2455,81.83333333333333,157.29202647658434,142.48228449205996,115.51455163490775,66.48356289077729,132.60618990923604,148.6519912815573,106.6575644865672,95.15885873379145
2456,81.86666666666666,152.5356097576806,136.25958800382534,115.45884798274635,68.63664938484044,135.7261413543176,147.5864558013309,110.36799064815636,95.14519081392956
2457,81.9,160.18614203541935,140.9703687074025,105.16152907156832,64.45931614169376,140.2422205950141,144.79168148383823,107.16413717127328,97.08826353372902
2458,81.93333333333334,160.84781630088406,136.07770756677422,115.00253691900257,71.34371700494609,137.294551101035,150.04573847477462,112.23815242335338,97.40586651768758
2459,81.96666666666667,159.6697946305219,133.34603017584388,117.7256326515531,70.658997162077,132.0970238569453,147.97711168649906,113.37904970265613,100.26955950122411
2460,82.0,148.38926428183314,124.04919458089496,89.80461369849075,69.65024491620436,150.38852743322363,135.11865534347837,118.56945233082116,104.18838419910738
2461,82.03333333333333,171.07934805986346,135.3478172284307,92.35072481616893,59.86007122961399,138.67299628504276,137.1134175538173,102.32544667498834,100.75927181680363
2462,82.06666666666666,167.57969606423794,150.0576571032226,96.05782573631103,51.30999431006693,135.56529483472028,138.41326304205205,100.37398652705735,100.70361971191221
2463,82.1,164.85710984584543,146.95385494881697,94.43981573784447,52.792977060634705,139.85868363314512,139.733676533578,105.46191216443455,100.36145708988482
2464,82.13333333333334,164.3995601097429,147.7058094969806,96.94457328855573,53.99894099571326,135.830760880727,141.67449566837848,104.31577412632151,100.5198670632532
2465,82.16666666666667,164.1765114286878,142.635603347771,84.05596142071286,53.70712978189681,147.2376223730957,143.79669299126817,108.1804640620984,95.53317810314599
2466,82.2,163.33870383167186,123.67529041869544,80.89317490565907,64.93551293399243,145.78558059876943,124.72132326649992,105.50118925179977,110.71277828186724
2467,82.23333333333333,163.83282329409747,149.6562276748703,85.5827682092944,52.14671470689224,141.59317515088082,131.29370833618768,104.2428636213723,109.51994943144251
2468,82.26666666666667,162.30753741937372,150.6774924654207,87.24876464305066,54.08559762001999,139.46729987010846,142.46950756669253,105.05601814002635,99.78789761208289
2469,82.3,160.2781562112179,146.89699522794436,82.13928444122496,54.516894580346346,139.55172408912458,137.24286840584915,95.81171649915655,104.12061289041405
2470,82.33333333333333,159.29462995917402,133.66336775019812,76.41103474965585,58.5336817819991,142.80652820792955,136.0503412354595,92.12011629210154,105.30252739095025
2471,82.36666666666666,157.84770527664529,136.34628932896388,70.85248295586979,55.561297805627646,143.59310140136103,133.9333501775416,87.36091003519086,106.90958663448322
2472,82.4,155.856605223959,135.78477535867256,69.41618560324034,54.69512063177154,144.560432737132,136.6292190843778,87.35853786808998,103.12602702767032
2473,82.43333333333334,156.9033671211502,124.43584421893208,72.97710367396932,59.31141680051694,141.115869474766,125.49946528158029,86.79710531422266,113.81969086063134
2474,82.46666666666667,155.24554007790317,117.96648261651823,63.59867314357064,60.96266978207244,148.76146031819036,121.89988921003867,90.01531258450125,112.99333568868731
2475,82.5,153.4904787507161,97.88475211392124,62.79569450849111,76.11760206670215,150.17738032719345,125.97184628167756,95.15704880283157,108.29337192727718
2476,82.53333333333333,153.09471208159573,91.05933931279797,67.38205154784076,80.1277712172167,146.79986768810633,125.06038618438129,95.53249861481332,110.08904711848284
2477,82.56666666666666,151.64103891388064,100.41045631757251,68.47653985812953,71.81495702578897,146.65057868481355,125.56089825235489,92.58158075877577,109.83749284586767
2478,82.6,150.6423676561943,102.85211598807945,68.29660668446327,69.35844957799479,147.6687425496048,126.82718160943666,94.5212190717201,109.29513888089733
2479,82.63333333333334,150.55208884121882,102.76215153491981,69.42349686590629,68.37584210307962,146.71658100254322,132.14085068834754,94.45857434639433,105.70049837943075
2480,82.66666666666667,150.2509699356269,110.53092837071723,71.0713451078884,62.556778933041144,146.09698185407035,145.862636004835,93.28624932557592,95.21317369149666
2481,82.7,150.76177347651554,118.0776606391268,73.96925071475157,56.19932880785894,142.91696565342346,147.87382603553988,92.53866593168347,94.16333111747937
2482,82.73333333333333,150.86589961115425,122.85950038841638,74.56525384155805,53.05179026443042,140.42499639759404,146.39081849826607,88.77138455787593,97.10362620163153
2483,82.76666666666667,150.45176917866854,126.66908199944139,73.72728961022261,50.38184509279935,141.85897168185465,146.7110105335488,87.3456009816873,95.99564830710693
2484,82.8,150.9332328880537,126.67238094947906,74.00203862619254,48.64637249056132,140.9376690763753,145.80903784350468,87.88326473381237,96.81534871522524
2485,82.83333333333333,151.5893811860276,136.35228093237993,74.32845207517201,44.4003244916664,137.0505722937773,132.62474088558608,79.68297758694989,111.00708822000463
2486,82.86666666666666,152.3197746019383,135.91257916892,77.02813323600834,44.551997513262734,133.20157852499085,136.10805531236406,77.74467847805431,109.60402724781635
2487,82.9,151.95854358511536,137.74341850719344,76.88950887389228,44.35364528647978,132.00404806498608,136.65048872932164,76.5355613664019,110.36929897427387
2488,82.93333333333334,151.86154118721478,138.84912568684987,76.82553679084788,44.08427239366412,131.61277312813672,137.04186649952734,75.87088014072036,110.63664411835249
2489,82.96666666666667,151.87217397372996,138.01338403770708,74.71894025152952,43.28980065985019,132.91261251614125,132.87968030367196,75.41278774223295,114.14225689685532
2490,83.0,151.90856271605927,137.84407706975725,73.87384426958796,42.761280199694184,133.58424489154012,130.49494285086868,75.3468567385983,116.2355331036303
2491,83.03333333333333,152.70054212113283,136.0146090693659,73.2672145582511,42.85390956347577,134.81198669859515,132.4451120929763,76.02982791812153,114.80733901995355
2492,83.06666666666666,152.54492201665943,135.5094487857731,72.6978432313472,42.88707680133772,136.24191286032124,130.88408858619874,77.97422283254753,116.15469472517346
2493,83.1,152.94491114408117,135.6777466421822,73.18138214736913,42.94219791033247,136.93374929956607,132.08939790825465,79.8208643013971,114.96609512836316
2494,83.13333333333334,152.77322775717718,136.21172062507623,76.22755672678772,43.938814998133815,135.55728023539797,133.0307478823796,80.83030676922328,115.36988630950167
2495,83.16666666666667,152.6926097792653,136.91002898393052,73.87747107664673,43.295574033691054,135.8489378504536,133.85499963112935,79.61286735326291,113.36847695936918
2496,83.2,153.13403460857924,137.80430136895768,75.0795445243781,43.46491714723558,133.9974103113127,134.17876733717023,78.12717694081121,113.1867157270252
2497,83.23333333333333,153.11997176055266,138.22157611317695,74.76932000703715,42.80342190087371,134.6627570983247,135.4225000848553,78.71819123676813,111.20284872215419
2498,83.26666666666667,153.28607850550875,138.08105930118322,74.97310029587459,42.683211726150006,134.62517975744484,138.62244209600672,78.88059633055889,107.9972652563415
2499,83.3,152.95185468357568,138.15090211953427,74.88544714779137,42.512865450733734,134.9388687114595,135.69855883409468,78.9373570343593,110.7487042231119
2500,83.33333333333333,152.90691779687708,138.33811194520678,74.71196067466444,41.99977368424583,135.35578255859446,135.4063727628998,78.96154497878037,110.37548074934799
2501,83.36666666666666,153.24763379311673,139.2888330251883,73.32271928654409,41.941765415975794,137.4145885315557,142.46265186048342,79.18815741836694,102.86989621779946
2502,83.4,154.44435455147024,142.0734581561694,75.24344757949059,43.98189230325047,135.08739148186663,142.7852685757302,76.85221901543514,104.24513304201513
2503,83.43333333333334,154.32076922210535,143.1966073241595,70.8026635018271,42.45340548804804,139.38016300136042,145.42068682644816,78.39650301073894,100.01474272501426
2504,83.46666666666667,154.50933949807327,143.12710672789245,70.41984271431747,42.105830400652124,139.67983846433563,140.6397462948637,78.48020786070492,104.51088477944063
2505,83.5,154.75529607812334,142.30829164389002,71.76081751656947,45.620545086455834,137.2456492721587,143.6177448851089,76.109483707528,104.95522245577102
2506,83.53333333333333,154.71454345580543,141.36362888105455,71.96476899244315,44.707514994003425,136.91985182288076,142.2926773041229,76.01840261123833,105.30524895780891
2507,83.56666666666666,154.44979488523603,141.14742024581483,72.55632350152717,44.90702938101428,136.2834348993161,139.76835051541326,75.74796739021477,108.14147744787381
2508,83.6,154.15232840809023,140.41195322398656,72.6072486855362,44.904325107851115,136.72578951359205,140.71857072121406,76.77314880190484,107.02527447807614
2509,83.63333333333334,154.0775205647679,141.0329221466694,72.66160005121715,44.77945402715485,136.97452886326175,139.87693328021967,76.02179582683988,107.33332561035226
2510,83.66666666666667,153.66777471932963,139.97876550658117,75.94981584689434,44.692229427615295,133.92837378097408,134.25452277773852,76.08908163845892,113.14246275955271
2511,83.7,153.81651534517908,140.32600427344954,75.98194734626563,45.15499583185933,134.43213465370323,138.88710896108108,76.31554086191873,108.93354205522571
2512,83.73333333333333,153.822977641444,142.67484768773133,76.83761751756194,46.39015455374879,133.0988832526595,139.86127949539255,75.0717767603243,108.69169057693257
2513,83.76666666666667,154.11411460965613,143.1187126630631,76.86821008991531,46.92560831988736,132.48338123086612,139.01111902885626,73.70571456851121,109.82334250254907
2514,83.8,154.05733708070858,142.55985859740875,76.72657306346093,46.48619289722311,132.53434943386276,138.52969644275464,73.73914555946867,109.91885464475683
2515,83.83333333333333,154.478647530367,142.99176826498305,78.37479792156591,48.18413729249234,130.41600287597893,138.85381994129003,72.40557218975592,111.42021494069974
2516,83.86666666666666,154.4930013816004,142.7330460742109,78.15133915361294,47.93439588897313,130.52935962955283,140.1405425325707,72.62548843077455,109.79672265145024
2517,83.9,154.4548699217917,142.46942061799913,80.94201608019675,47.49851395401663,128.11241992492157,139.18121027479305,72.72294817414341,110.42297843434476
2518,83.93333333333334,154.6547395225467,142.0844634991801,78.73515835350052,47.39277605577361,129.30362089642912,138.92261590643218,71.5190152036011,110.6833554115369
2519,83.96666666666667,154.5157114881859,141.25557398711885,79.2058718282997,45.93817156453558,128.99648871614568,135.43140328005725,71.76669951604698,112.8546797932807
2520,84.0,154.82373871865485,139.6235844732489,79.098527770824,46.283339807973846,131.63180821658466,138.4944217232485,75.27893750697395,110.64494004812755
2521,84.03333333333333,154.81097228250675,140.00045112519857,79.04811260248182,46.29778689864428,130.98283434759148,137.66444387456423,74.7339626719437,111.40983996298114
2522,84.06666666666666,154.63070158371886,140.13369647563692,80.79402982073539,46.36069508242336,133.00253952321586,140.6505927680477,78.95970893174947,108.12022552006701
2523,84.1,154.34363919254895,138.99470740826123,80.05123188203673,45.473435754273446,132.36775121816166,136.4307104450845,79.16602351179239,111.08745772885464
2524,84.13333333333334,153.49727616280435,138.12797311873817,83.62206219801627,46.074930463328485,131.29296702102977,135.73819295766526,82.0344593604998,112.69598613518488
2525,84.16666666666667,153.20255085473914,132.0914804525887,84.08208781569915,47.33590206378484,132.7027976767594,136.53667982109997,84.97629275491754,112.23377104611397
2526,84.2,153.14644687113116,121.06432354860132,81.13911126585674,50.127781529819416,137.11954604760456,132.51595651381027,90.34158714737646,112.85806634273052
2527,84.23333333333333,152.89789037944217,126.17541965927218,80.7100063323825,47.792642873395,137.95068906066237,130.65193225805552,90.06893186877701,111.99001093379664
2528,84.26666666666667,152.75973170364708,124.68349425557454,78.795856235974,49.15562789725495,139.46487089170978,131.08288168810037,90.12294846064891,110.9326051943754
2529,84.3,154.46266171428437,121.15155308602495,77.93460169502447,52.81697056399554,143.74015654844652,134.78592420951094,94.04177855673137,106.27892375183544
2530,84.33333333333333,155.73420157783252,119.04792303598526,73.46407470613919,55.5341650549152,146.76208756781585,138.12569607339705,93.41026566716988,102.29371108815933
2531,84.36666666666666,157.01792739692647,108.50627918316447,73.11196994966191,62.885791794505934,147.05044113802103,134.01134471508018,94.09459220243455,101.780881206153
2532,84.4,156.8844716569335,102.9571267644396,70.81214059207852,68.70448707632444,148.59178636447317,133.3400478369806,96.25424668290128,103.09561553754583
2533,84.43333333333334,158.4418577451098,98.58611435313597,67.77037383461794,74.1429216578996,150.01067362607216,129.4510952896419,97.6975625661439,103.39559205252208
2534,84.46666666666667,160.05960825281574,67.66523359314284,67.68591490287923,104.1970413485483,150.5598071627871,131.90346492263586,101.05954846577464,102.35165073551136
2535,84.5,160.30876056247232,134.9672277412318,68.7965302465165,49.35338508346871,150.14977518110476,139.00718959356658,100.16965797763233,95.55887251780557
2536,84.53333333333333,160.36600129429186,121.05033578608976,65.7925433521244,59.186569022483674,152.20908377792978,141.55437829297202,106.778933620948,92.83684095808066
2537,84.56666666666666,161.60525145424737,141.98984280523385,63.81067484077577,46.45099647483639,150.92433648005513,141.84557848899897,94.52224118307652,93.15544978507197
2538,84.6,165.02923736861032,134.96189358681465,64.79514334234862,50.8128800534502,149.4839041365382,135.92467928400984,94.33943175272887,96.97662831702242
2539,84.63333333333334,167.4668224331444,134.48539866043384,66.63317683028669,52.43949058840277,149.70283186542707,136.18349357714,92.30285471409418,97.07110798765189
2540,84.66666666666667,167.94416626968572,147.38624661308782,66.50723873108144,44.162588503998435,149.7921743625735,133.04803536608097,91.32067037125499,99.3661181368101
2541,84.7,165.51796891775516,147.49546698592914,81.45496342025238,49.41146521686128,142.46872481693785,142.97414405966802,93.95808069748017,94.30822224255085
2542,84.73333333333333,149.44534134203036,138.78594661219532,99.04383217530763,57.37734526741099,146.2893358095172,147.31480353561594,126.30734089698758,90.89470903442101
2543,84.76666666666667,151.32439166040808,125.85401439941884,90.37067613425063,65.41499849768242,148.14756767011338,147.83231511777524,122.34701214072312,90.0031118175421
2544,84.8,162.50986650082402,143.19429997326833,104.87194922367335,61.10155897384262,130.9195004165728,149.81247638125325,107.36372347752783,92.14893254125157
2545,84.83333333333333,161.85990696658104,140.6900574200064,101.76976841210711,61.29005501835316,133.27461944879613,144.97416245479533,105.79469572010412,96.40799070604851
2546,84.86666666666666,148.71739494281934,134.1098820345869,106.47970724339811,64.86154898711251,140.5434412598483,144.29446568809777,119.61339026671443,97.05141389728138
2547,84.9,159.8373681864166,134.75093198777455,104.14994087431285,65.18721243172034,130.7845605067033,125.84766461009083,100.87021212769082,114.81755884613146
2548,84.93333333333334,151.75915525128292,126.99694767332404,115.20839913011106,70.19937372349818,142.1505388874446,130.271418241636,123.66671987501245,112.22984390818702
2549,84.96666666666667,159.89399795931112,133.07267381742895,110.20829548265034,68.32264506784738,137.86172501495108,149.02663677032191,120.87639166135675,94.59541504792266
2550,85.0,160.65084488878034,136.2184824118531,112.067052279669,67.50815250002891,129.11953439601615,149.48691162819154,108.97444482210952,93.73336550772304
2551,85.03333333333333,158.4695617044521,130.12007864548812,120.37716555932569,74.28848364120459,131.51800752294247,150.29350614991876,116.90671000463377,94.46658893531442
2552,85.06666666666666,160.02011436864845,126.87135531133248,123.49189320488992,78.49534115744557,133.6911182624435,149.73529936857778,114.91773277576804,95.18828101665952
2553,85.1,159.47187352400857,129.6651141158681,121.57409262246439,77.43000840284896,134.7567646960061,153.96692275282282,117.70349726583902,89.06704153137741
2554,85.13333333333334,136.4414146690885,105.30006547494834,120.24915661322653,94.82537771285024,137.82137910811286,152.13191958171814,121.1955783951266,91.9108010261727
2555,85.16666666666667,151.33035595313171,112.92721930743508,122.47588104145746,90.04755236092801,135.87861010208084,155.2320218905523,120.25138540505927,87.77092649457488
2556,85.2,134.68913345203057,112.00821787008813,123.91236313792939,93.16369899559746,132.85180789403185,155.66560399701837,116.56081900286638,87.16249041074579
2557,85.23333333333333,105.73330124755643,107.06840650669109,126.44138149842067,97.17981588574371,132.98571445380315,150.0656998776254,121.00230601997609,96.71046141530965
2558,85.26666666666667,117.06494657564832,89.49347427581026,128.1020788586182,111.94658213316922,131.8016139883958,150.64016673521945,120.41099385648356,97.21851104255597
2559,85.3,95.20461512777726,103.96213031187953,131.41135438132625,101.5241037898536,128.42096577389387,152.99812128240788,117.95708603703628,94.94402507845993
2560,85.33333333333333,137.03593517272142,113.06542005437461,129.91105591813687,97.85727282747031,129.59353351998124,152.5273273923492,115.29582837996712,94.1723946893183
2561,85.36666666666666,141.68551719944512,116.05683139365152,130.03551466939624,96.43884789824732,124.1633242883328,156.3624979295751,110.62716130325877,88.07817938667105
2562,85.4,149.09399226367427,126.84534550810207,122.96303983458377,87.99215513601051,130.21646759194633,153.9144998508333,113.06066794784998,87.44138083602054
2563,85.43333333333334,150.22289309737167,120.52375328637291,129.8780273903658,95.49142507348435,126.33909425631359,155.38006640597177,115.14731514083022,88.71840520022165
2564,85.46666666666667,158.52161803765296,126.7834076647704,129.63727894803517,94.0136100221302,124.57252269836326,153.65141777799346,112.48274455361599,91.57174568768485
2565,85.5,156.00351261191335,124.49935695598359,130.24458240585184,97.92097707099012,124.31126416586568,153.48822249498465,112.36448421943645,93.37364792872302
2566,85.53333333333333,151.54452980746012,124.27129454079508,133.7353109083268,99.07411828968183,121.55020774655576,153.46768548523661,107.81715970228072,94.18499327395791
2567,85.56666666666666,155.79764751769042,124.38847797402781,135.07711337903518,99.60439213040357,120.1897298339633,145.51818712435073,107.18301288368775,105.62900617154901
2568,85.6,154.9591373522139,123.02237605273724,134.97446578587,102.61538863806148,119.49487424488737,146.56633142786973,104.92730064879392,107.16175872181165
2569,85.63333333333334,135.9100554484811,113.89750229050851,137.8819601684031,108.58931488529716,118.65729010702586,137.0145640265833,106.72028318876009,118.51338163829459
2570,85.66666666666667,136.31298265187917,110.43607226559389,140.09009935410492,112.19772969577578,123.31121271883904,130.64434153743588,113.78255707450471,126.16263844209516
2571,85.7,135.0580256542046,108.86590141732633,140.26824480245767,113.96337348235959,129.36726821092907,137.74478947922861,121.73580904446986,119.32399945033407
2572,85.73333333333333,127.9133254794115,108.22384407848756,139.52138141776626,114.66937900692328,131.901887291325,138.38982506768843,124.01732671705497,119.18961798570558
2573,85.76666666666667,132.5477072832609,107.381814788658,140.1702224559758,116.68693670139623,137.58521907916514,136.56250958129462,129.1185234275385,122.95822530334065
2574,85.8,129.10967592966196,107.20911253457967,139.7726892192208,116.75392226250163,136.52412110408852,136.8624119922056,129.59990496415568,124.0152961691885
2575,85.83333333333333,140.58715391072488,115.52026141420181,139.9000718186507,115.76298897510246,138.35507842018202,142.23538312994071,129.11722766347205,122.3577125424586
2576,85.86666666666666,140.6604149826627,116.23150458332007,139.8576273167397,115.63971386070506,136.77199184311448,142.27335300057183,128.16906589485447,121.11271371944224
2577,85.9,143.71833823902736,118.4050296477863,140.026374684596,114.97524328565484,136.80296577657765,146.21006890802315,127.35955794852997,116.56037882404299
2578,85.93333333333334,141.0051123839624,114.83665365813562,141.7067868112825,116.20042519067326,135.0854824568964,150.05550112756902,128.94090235046218,113.68906462527424
2579,85.96666666666667,136.24762076821844,114.62808989194839,142.01862996858702,115.85951749382454,134.38438297754809,150.63559735413205,126.50789409119183,112.69531252753056
2580,86.0,128.60087729819094,116.58726527250779,142.24127208631182,117.89999515001811,135.4409004060472,151.04905488768924,127.20354175411751,112.62320832539115
2581,86.03333333333333,126.47233082085639,115.01455365451216,144.16556170004134,118.99073591925082,137.98754257577156,151.96703072761133,128.19783177998988,116.69023551543704
2582,86.06666666666666,130.36634753685573,117.38167031648327,145.59019063726998,121.07178575604966,136.08741046541428,146.4437017987827,126.44454121266078,125.27222142204718
2583,86.1,134.10435706709347,121.30934197479054,144.66390903161138,121.70885714056855,130.99445891897676,142.44264609278997,123.04424266452129,128.4152337267084
2584,86.13333333333334,135.8200564667042,118.62853352950262,144.43968124851892,120.14529511900002,135.94879130443283,142.88679962768651,126.6291338460008,127.28842802279283
2585,86.16666666666667,148.17476258195984,120.29784277933194,143.69084661082445,118.56436433422633,137.56593299257625,148.38709800084797,128.4589304122243,120.07424251832974
2586,86.2,144.8085790935176,120.17920801462279,142.8374858536596,117.18106146618106,137.70598726452081,149.0882927206831,129.32796493809076,119.59098127439961
2587,86.23333333333333,141.9519420638164,119.36698261932685,143.0963601112705,119.22848987868804,137.66578323913893,150.8001273309473,130.40373919582268,116.66351165597534
2588,86.26666666666667,141.53403123859837,120.08611230507817,143.9800377590213,120.74769661408182,136.42669666435881,151.03228446063378,131.3085289095654,116.80896335491673
2589,86.3,143.77880377156274,126.5531455396046,143.13558826482523,118.5751038665697,134.84103912045114,155.7023894529183,128.36126016750893,110.11602619701883
2590,86.33333333333333,135.9732355438038,123.33383396606006,143.49939493448537,119.94989656619929,134.93489834710067,155.519655475584,128.21440783812676,110.62955433301371
2591,86.36666666666666,134.44746020123887,122.46039594377818,145.60212208068197,119.64927992310395,133.69721641797108,156.05059905942764,128.67717378671605,110.306374181082
2592,86.4,131.7456251623394,117.68984131013819,145.00113172028622,120.4631025785014,132.11947836729925,154.46235468282393,127.35813860158099,112.10530640490133
2593,86.43333333333334,132.13512643932447,115.4066971213212,144.0914873962152,120.59675051312321,133.00233058227232,153.79039052056422,127.3563237050276,111.08571406364368
2594,86.46666666666667,120.53078412408681,110.55208827316233,143.8294594893562,120.09568639905106,128.21598029784005,152.2182270063237,125.91636033214603,110.87913607802724
2595,86.5,132.1282507004416,113.06662501371217,143.61143647972597,119.63290480978792,128.71590496010978,154.23021681820344,124.58650495058963,108.17879344202096
2596,86.53333333333333,134.70885278874414,114.70323031985944,143.53788208233442,119.60565573667218,129.50636555864344,154.0643434192528,125.33303110399723,108.3267820623791
2597,86.56666666666666,148.55562480960936,119.77924462693431,143.22121825235868,118.13178227604854,132.58966367620005,152.28301485723227,123.95267623115862,111.49066596539568
2598,86.6,148.06339506081332,118.97173017384164,143.28338859629116,118.67209675615173,134.25540711704295,150.47162013168057,125.5417342027355,114.53717237925011
2599,86.63333333333334,142.9739376416716,118.31632244751769,143.33930380861472,118.31696047832313,128.97672834625732,149.2566548750538,121.79254624314734,116.21521174104183
2600,86.66666666666667,142.44215065186265,117.94414526855589,145.01452084979422,118.90841589513768,127.57176960585541,148.71659640452293,120.56673749635836,120.3477237403783
2601,86.7,149.18687501971797,119.13490641464706,145.18544344223108,114.93903648231337,130.24640786959847,150.11295597716693,121.37589109005748,121.97024330290648
2602,86.73333333333333,137.89139729601098,117.83245032101632,145.0571955678858,114.08521876504855,127.26294600351443,149.35388421884417,119.33511402671323,120.92347013672173
2603,86.76666666666667,144.2529962123157,118.54288575810148,143.89899400954624,115.38029948841456,131.34710657015324,150.4429639187923,122.66880002524123,118.8472419313043
2604,86.8,141.6311374479871,117.7441361759766,144.6818831918624,115.62827671812542,131.2462707791109,151.38567792588617,122.32873984034575,118.35716588525344
2605,86.83333333333333,143.77935462681506,118.13150697505729,142.76839554487492,115.7119630514856,132.40653126988468,155.24760990612185,122.60306348761392,111.82531486645618
2606,86.86666666666666,138.9504556764549,116.69564707391889,142.76735287689806,117.4618173914855,132.50740979189885,153.02922915823066,124.7860126753324,111.91488205373498
2607,86.9,134.43514999444358,116.43446737327963,144.3464123919672,116.52530790785467,123.57718949276533,149.25855366074262,117.14237434519856,117.54305126976925
2608,86.93333333333334,134.9931670759401,116.61374588921304,143.67584266537972,114.80732668758189,125.143817527307,147.6815496089394,117.83515431224579,117.91363853730836
2609,86.96666666666667,132.4220711913874,112.2555293887166,143.56526151223562,115.7945026851278,123.6184127810328,145.81260110819414,116.33084812857093,118.25808139740185
2610,87.0,131.2039119761728,111.21691869827524,143.23313745794908,116.2052468499311,125.08249962805506,138.73272217804637,117.93343849346901,126.97029565326525
2611,87.03333333333333,129.91790068986313,110.57134398559703,144.10551462102072,116.41729930940178,124.3393259769487,138.69031792259003,118.18946283057593,128.3853123737138
2612,87.06666666666666,129.87911649017755,112.13121683295581,143.9569995714041,115.33092489400472,124.56172148959952,140.13392510130456,116.41949255512634,127.66908887915608
2613,87.1,130.62706141561398,109.54869978733706,143.767548504571,115.29072722972273,125.24150009417355,141.5165565219439,119.20453400524165,125.37723869558607
2614,87.13333333333334,130.92541047735781,111.4428614649771,143.58520110986214,113.91695332695896,125.70897032235692,138.20005393445072,118.0586726727819,127.54972380920184
2615,87.16666666666667,134.67834518521136,111.54632138799691,141.9626569506814,113.67260906591908,127.15436176429208,139.3471167953835,117.3477239826418,126.01104810272749
2616,87.2,139.9860433289747,120.55574874485248,141.5180226701902,111.22139394666179,127.71073508279785,138.79577099769986,115.26056159786434,127.55573631537784
2617,87.23333333333333,133.7628187999857,108.97057973649382,139.08314282777565,113.49742340198696,131.96555813611587,134.7046855729099,122.26594146152223,123.32841544805383
2618,87.26666666666667,151.00551546920892,122.93143835324449,141.6444056597818,111.56773089962476,126.89631891417405,142.6828742187101,114.6511753177808,126.62888670070254
2619,87.3,148.36525623977545,122.39744259123344,141.6320534850852,111.12985504589979,126.97283678370721,147.92640445482584,115.14609339859035,119.60787367354467
2620,87.33333333333333,138.46565371322117,115.22923465001101,140.931109240538,112.17718307401849,126.24175739510825,142.53153299040298,117.65870414120673,120.81054023540158
2621,87.36666666666666,142.9742039593225,119.84743092270188,141.8050092899611,111.70283153928241,124.76793262617547,142.83984244726935,112.5531675834342,124.29233439706495
2622,87.4,146.65300972152681,120.74718928765061,140.99394840614949,110.82980557725136,127.32192301778593,140.90169830812417,113.36807600471273,125.9145018034781
2623,87.43333333333334,150.280433826822,122.74380696625927,140.19327414671076,109.59781290610889,121.32161743060425,139.6592998489831,108.95966002885596,125.9538828652264
2624,87.46666666666667,156.7864171591154,119.60850228257021,139.92413569450298,109.89480908788664,117.54704784642541,142.473724362099,105.60218932918058,122.30996059053086
2625,87.5,146.74112045153248,120.47624131124354,140.64682274493583,109.90867102100684,122.82599098853723,142.92310799478005,110.67042076819084,122.52482057219551
2626,87.53333333333333,153.00315235141474,127.07476298152929,133.8467993477836,103.3195605442435,126.93814860202215,139.14026566629093,110.00938852474647,118.25740208061475
2627,87.56666666666666,149.2567806094949,110.34361216999726,134.9110993807728,111.70039358189977,122.80948837026585,137.1345846262653,109.05830347583797,118.06370699720627
2628,87.6,151.93225055057815,112.79476285328215,137.50200977483246,110.05336601298475,112.0761679951696,142.0045124575951,102.0278407515607,115.53364755635353
2629,87.63333333333334,147.53037288202637,111.53241417444929,138.86529275365666,108.10445082053803,112.64651151138334,144.59867819422408,102.79802102917223,113.38764950275721
2630,87.66666666666667,148.3130829890722,111.1808372551257,137.91618697591556,107.58709946143647,107.7027826996264,146.32289498028925,100.0566745271294,111.57392461576771
2631,87.7,148.5383245736525,111.97156270925223,137.6527759481045,105.93236914901782,107.2884868836828,145.69119428165666,97.25509073612845,111.66747488245656
2632,87.73333333333333,150.1735771520628,116.60276010372208,138.80478048159483,105.29141185128488,111.36107196222194,149.80598590868777,96.83867967144543,113.13610577539109
2633,87.76666666666667,155.3716797719279,128.32517035977878,130.83116757092608,93.27726382846039,118.46840526318172,143.49255374203042,100.36573151213612,110.46425843307398
2634,87.8,154.69835070502037,128.02695888881647,129.88306353734325,92.7421542283598,118.95865349983818,146.82339155748656,100.76056888565253,105.97209384574367
2635,87.83333333333333,153.98866825987432,129.30029027897922,130.9209412552872,91.85528031793937,123.51022359915893,158.22555359626466,108.46747682840225,91.96214317614768
2636,87.86666666666666,162.23881254409793,136.91010195251067,131.17205684443985,86.02438811240859,122.63350313228186,157.5321933168463,108.2735514427422,93.126483569674
2637,87.9,160.41722038540945,135.22237383567958,131.98970791204226,89.57700339693382,122.2263996533806,159.20289162676653,110.68270699114757,91.08221165252844
2638,87.93333333333334,136.07326019961727,109.39075025567524,131.57735295281796,100.90246751527792,133.38995616465496,154.84717484078035,124.57832754307846,97.61702609924185
2639,87.96666666666667,141.52899162957152,110.78482370572004,130.46244633906434,98.25559783813671,133.78109423273148,153.95580137489858,124.30714566413782,99.168994223668
2640,88.0,148.42413182953572,110.36055308067152,128.230690722267,94.56695257975393,134.8036117126899,150.1466222185389,123.9298541404371,99.27219740489957
2641,88.03333333333333,144.51347994644289,104.6394852523002,129.12030782821708,99.73818603111116,138.35410648838524,150.4156416444554,129.49347187524015,101.79876619313843
2642,88.06666666666666,143.41427969815427,96.51127816356295,125.08443952339809,100.969862537983,138.91901321266914,146.27960265952223,128.15119487142596,101.3003146717362
2643,88.1,146.23018216801978,114.07107993200263,121.09659741858329,84.19485828533121,145.11093896521226,144.45629801907447,133.86023599015053,102.56980002504172
2644,88.13333333333334,156.12542635419138,139.74866823822236,120.97285256035921,70.84351413529528,143.28795872190622,149.20586210897412,130.62035255900724,99.70237907118674
2645,88.16666666666667,155.90927787320612,137.48650292075817,120.81439420677489,72.9010267289088,143.46307933606218,152.16048142407652,129.51994780244706,96.26706939388656
2646,88.2,141.63758908549823,85.42281111052407,123.66990815396954,105.29564521588394,142.57837041463839,145.34006717751555,132.0650522852694,106.49378488843564
2647,88.23333333333333,134.81681905366273,77.70995782052351,122.8814758729963,107.74107504176926,141.54813508885044,144.10466153513147,133.52211245125363,108.03473268829049
2648,88.26666666666667,108.72425493616893,84.16329212108924,120.37965367436605,97.84527410075492,138.79238627276783,141.95365860048508,137.24643164512406,108.15248195105079
2649,88.3,166.43881975336686,132.5108247048667,111.48833581276622,67.56086449183891,114.26375947076114,138.1595593482898,89.83411716639377,107.8381302436623
2650,88.33333333333333,161.41670662663486,125.12959948006589,119.284972708763,75.94890921844609,132.09007554200628,149.81776487073782,126.19184714391943,100.03221925511856
2651,88.36666666666666,157.3033478858409,136.62413407529806,105.97571711241903,63.13271575338156,126.71527940414127,140.38811778999292,105.94852238045705,101.34815338482711
2652,88.4,160.22599542323397,138.88981466793473,113.53223598669182,64.61355222711,127.64586102421964,149.47338814756992,115.45927216095868,93.26001141794362
2653,88.43333333333334,160.3225496700082,135.4575499097849,100.07291645514212,60.12195585470622,130.1468156444161,143.49574739881055,104.55087261672219,93.96355227208015
2654,88.46666666666667,161.52441032707463,144.40245869715773,100.48095129337291,56.008473428270776,132.62200879187642,141.51244324950798,103.50110418852341,96.92635876346091
2655,88.5,161.8765624316918,143.44262849350702,97.64585286474777,55.69123326464082,125.78821984551094,133.0384946892404,92.35549220206374,105.86212918453438
2656,88.53333333333333,160.29119197996735,140.80132596165774,84.25419417250764,54.75050542439801,140.04587653009645,134.54585431335983,99.0724714875228,103.17491890223302
2657,88.56666666666666,166.13745510561733,125.37183377371434,90.13692837010977,64.84652307679495,132.71568953172485,134.76422175602008,92.63851572527403,103.07158527719474
2658,88.6,166.34761481039152,119.70585146227089,82.26006976163666,67.71964665852919,136.97328258715268,133.27856456541136,88.21927336294601,103.90483828218643
2659,88.63333333333334,165.63574116695327,128.46721971665573,68.14491541542854,59.16197628613793,147.66229525555815,142.19664525806715,90.27130959623757,93.7800141637082
2660,88.66666666666667,161.21680881758294,131.70277529959995,63.66296305723885,55.14685733769136,149.71740419008142,138.1555755509837,88.8506886392666,95.60966865184047
2661,88.7,163.44794710395647,79.20567493312122,70.94032137944306,99.19070697713028,143.8610305778651,135.74772509490836,91.95200114010383,97.2148989320254
2662,88.73333333333333,160.77581159529737,99.03090031183231,73.3672140637632,80.5335708438237,140.23404038259622,118.52432029331521,86.7325525303518,112.04834490985564
2663,88.76666666666667,158.24965519784018,98.97329351650244,74.91162369351362,79.23250730508504,138.7355493352389,118.87276967794298,86.09485690451454,112.81235497817329
2664,88.8,158.42118561139156,95.81275824797417,74.59831135620999,81.02508861732858,137.89228350520023,114.32389710446684,85.26697077055638,117.52110186047011
2665,88.83333333333333,157.81722226818076,90.34867601410849,75.50086836052667,84.1914459757412,136.58520613702478,117.889900930966,81.7543969863878,117.28463458239887
2666,88.86666666666666,156.47070272812005,93.66786298982647,76.57917215806934,78.87347832714862,134.65319815388224,122.5326489356887,81.12180648035353,117.6108202884546
2667,88.9,154.7172346947689,116.85938580981777,76.96493031044174,62.254756268292084,133.92310977226757,125.28922641612687,80.25479653790164,117.03825601898839
2668,88.93333333333334,152.36794151300248,119.96790494228703,77.13750413933377,60.38434964016338,132.66226563461206,130.89738016341045,77.79511747509956,113.56928998485262
2669,88.96666666666667,151.86231610195856,126.75735659415494,75.71014400378684,56.293887584082185,133.5661078118565,131.62962564475197,78.25343572442914,113.07918598748788
2670,89.0,152.85041716384634,130.3999387801169,74.06264573858635,53.98025837370403,133.86597694140661,131.7145025990198,76.45931803281343,112.95122293610396
2671,89.03333333333333,153.00770504046798,134.25590169020558,73.85156284759047,52.64943840425029,132.30267198443067,132.78841697875174,74.62053223967563,113.41310580427196
2672,89.06666666666666,152.9921635306759,140.62059166665728,73.86225046913894,49.60991037697546,131.53784484126743,131.33510361377822,69.29934629177289,114.11981625849857
2673,89.1,153.30754085242407,144.7096030513865,79.54247722847046,49.22100897756681,126.83809965991938,125.37470786655352,68.9060451380533,122.94566488407213
2674,89.13333333333334,153.9277784133489,144.48165776934763,80.1239547919978,47.63343253428607,123.98400950067641,118.4905477697444,68.07338273653363,129.94557723569807
2675,89.16666666666667,153.2006121336303,144.89777821929115,73.10638019970322,45.68488097494819,130.61547752943275,120.19062272888647,67.99634601143859,127.83148459505807
2676,89.2,153.56724734123802,146.51588580725846,73.5121551510128,47.99414028475278,129.9822864738595,124.58729806110837,67.76321511631932,126.48963225580627
2677,89.23333333333333,154.01385684184038,145.85232329094416,77.22914782708114,51.2086898266495,125.70110040497053,124.32879739025034,67.22033336004168,130.06993619939152
2678,89.26666666666667,154.35812529027478,145.68264971834247,74.74147913329975,49.17503346951133,128.3048199089777,122.65305319882359,66.92942405163048,129.78712699311427
2679,89.3,154.61655438610336,145.04722406714927,74.61646756808172,48.36033821628176,128.46681525677306,124.23993615826917,67.2600103935837,126.82239162826247
2680,89.33333333333333,154.95384464002703,145.53134738618377,72.9711319296521,47.85630044775188,130.17589477919748,123.82898632861951,67.65791703019434,126.61112043673104
2681,89.36666666666666,155.23375169531775,145.09567117730003,71.29153608997561,47.41907627159857,131.50879273738002,123.83874171923661,68.22442287723305,126.03503626733973
2682,89.4,155.44382629860436,144.64436278443154,71.58303211678033,47.36584984162437,131.5084305608754,125.68697075373309,68.49417063246432,124.05901302739105
2683,89.43333333333334,155.12486883559487,145.31777429222646,71.6027785685166,47.3400594139166,131.27423651422936,125.63786445020087,68.53679346191021,124.02576297722591
2684,89.46666666666667,155.06241029143746,144.947433431064,72.0155547089379,47.229819899288294,130.9537924483293,125.1955192894941,68.59836907592381,124.40240062779677
2685,89.5,155.0071423545978,145.198686148319,73.26635137453223,47.64506686656141,129.97589266722366,126.50902741092483,68.7932678377356,123.82424594626163
2686,89.53333333333333,154.40562908574478,145.1189242718278,72.7775138030542,47.5151175502208,130.67941192822852,126.16391060588839,69.06085382595344,124.07303093237319
2687,89.56666666666666,154.15657362719602,145.11203863348933,74.51811973459435,47.59969125517604,130.43309933914227,125.49586381048007,71.0862008668668,125.37796546645941
2688,89.6,154.03338539176968,143.856003821747,73.09555914400471,46.625860526414826,133.5498926585357,131.9788988316949,74.38925928591821,118.64771112814451
2689,89.63333333333334,154.3076094578851,143.5971943114406,74.7521963542309,47.38767622641891,133.80981682320476,132.89975386300972,75.19867841339928,118.41469474734781
2690,89.66666666666667,154.43520375067644,143.9327290328447,74.67058506524828,47.684333417172994,133.71595358232358,133.15942962273218,75.26591383994364,118.21582644723104
2691,89.7,154.41978407959272,144.08844564252112,74.54621317944573,47.41303368176914,133.48279034608234,135.09052550725823,75.58186220428145,115.9137740194148
2692,89.73333333333333,154.3887369952183,144.11665749563053,75.85387421649945,47.47582288829209,133.5605079980873,135.1881195088084,76.74962902398946,115.88088291218165
2693,89.76666666666667,154.60184929372392,143.88648068711618,75.05773737103864,47.29060390234839,133.93462536729047,135.9207815838163,76.54642014180327,114.85513147688984
2694,89.8,154.57220338222862,143.73628785403062,73.87178894428128,47.130599355085735,134.49715568300945,136.6653235824966,75.88407016721041,113.89182481402128
2695,89.83333333333333,154.80617797023825,143.77070529500838,75.65797631180773,48.1955048042131,133.2221626188137,137.439706824063,76.19049711152444,114.26521032467286
2696,89.86666666666666,154.86663472019225,142.80007683223542,75.28229092519447,47.342945183635685,130.54399141415095,128.2415322294986,73.44321750141472,123.22285182582527
2697,89.9,155.12284307741652,143.03781970171966,77.17401554783325,47.19047549474249,131.99024861043682,128.1030308653614,75.48516238517529,123.38982680289071
2698,89.93333333333334,154.8594930777818,142.9691660944275,77.15677273467509,46.814889447334565,131.67978621208113,129.373432643587,75.19132636149672,122.09043573574112
2699,89.96666666666667,154.83355782532738,143.09131755595422,77.05934691327022,46.634161376051715,131.63495764329474,128.5343678072387,73.97566608862272,122.5783060598777
2700,90.0,154.8005125172414,143.13244495340237,77.11007195835164,46.46619852743004,131.38754341429046,129.17006871060002,74.18522057070771,121.6289400474433
2701,90.03333333333333,154.87451338186116,142.9440883425196,76.58482522575994,46.26126023912933,131.67613297965323,128.86272299280594,74.04105515270804,121.80477422466309
2702,90.06666666666666,154.7916771428621,142.6135192428929,76.8126353433383,46.233737528777205,131.40059727281724,128.8529449342462,74.14774256440909,121.8660061629545
2703,90.1,155.24199748002025,142.81136606641937,77.55068792809548,46.615149597370475,131.1827895868,127.25102957214273,73.91497201581365,123.68359573934958
2704,90.13333333333334,154.7804851943564,142.7688456653204,76.93146184478283,46.58955629436966,131.54551336166242,129.19147244695728,75.15958771549616,122.0539931841689
2705,90.16666666666667,154.62012928584346,143.00684314089455,76.77530609249474,46.27966226008368,133.065027747498,128.41002235420777,75.57213133637264,122.29200179100756
2706,90.2,154.38951860061417,142.38971394987766,78.56281721119502,47.05110279833794,134.90620573602726,129.42146543587293,79.6203459022242,122.35086352539862
2707,90.23333333333333,154.25858829060326,142.2716122797471,79.11734470565517,47.5008743502013,134.43098193642416,128.32524774589535,80.40426306752347,124.15950949362721
2708,90.26666666666667,154.29008911323456,142.04856360091284,78.51657556532452,46.48920557836471,133.53044713007182,127.15951127675154,79.62944505795721,124.22247299853058
2709,90.3,154.24181132963412,141.61646100178976,80.16517828552867,47.20573907000527,131.93730497244667,128.0857413449827,79.06269562411678,123.96022279657235
2710,90.33333333333333,154.13414636832889,141.50563140899786,79.13596027870486,46.0675340036592,131.317641377928,124.65435648292082,78.0761170921091,125.88494277892741
2711,90.36666666666666,153.3444791355025,138.87235485394743,77.33333107811765,44.25410277395183,134.57541016729294,124.8111610451734,80.87006311622014,123.65809450365286
2712,90.4,153.67236142057607,137.09547514598557,76.14154813060688,43.62482598549461,136.52174962748646,122.42483694900145,82.3192570567948,123.73438891481565
2713,90.43333333333334,153.66733775539598,130.44185829912897,74.29603809316289,44.89118570135919,140.51692814972944,123.59231442466296,87.52343914978313,120.70425694469266
2714,90.46666666666667,154.89110975500523,129.5206125705582,72.70520750514979,46.74797287376781,142.32285593302694,123.99005670360506,88.15491220737489,119.65142612414203
2715,90.5,158.17219149962327,116.88335108872958,73.21833567561298,54.65811956271183,145.71405751525987,122.36279759508876,94.71065560322172,119.64925149996944
2716,90.53333333333333,158.48544226666328,122.82701206727818,62.82068336637458,51.548709605536644,151.844270110462,117.74199479252158,99.81793588108842,118.08906335207712
2717,90.56666666666666,162.78132420848658,124.37442136170509,72.51740721356376,52.37664883201701,148.33186806569466,117.1709400977234,101.0898994899113,122.67689543527035
2718,90.6,164.39038343329423,110.868931969448,76.31686108679425,63.197181227513816,147.49691060777928,118.83549668183758,105.71230901535667,120.07548897368639
2719,90.63333333333334,165.12913990480473,117.45665883188289,70.02917456121385,59.34514727941389,149.71558605721674,120.10465259366319,106.28595180777076,116.4582402048546
2720,90.66666666666667,163.61457140697058,121.32139061251031,59.96433754407852,57.11510271396165,152.41882233713798,123.03143467694626,108.21556391630465,112.88516089521634
2721,90.7,165.71140876129004,84.39717246992643,63.12247404233919,87.51694001938539,151.49498331658884,116.33523391264627,98.26068409491717,118.50486881107265
2722,90.73333333333333,165.03244141653977,99.74967253419693,64.7110117048739,74.60064099413827,151.52049406802442,113.4307226930953,99.38223932778921,121.32732337636436
2723,90.76666666666667,168.12432255038962,98.14440884018317,73.286115846665,77.15247767567683,144.82235834123242,116.74923005304679,93.84161148898757,119.15115426369172
2724,90.8,168.98472703668418,96.73474658068558,77.85029976426121,78.35470159497864,143.12968248183353,134.0309141260851,94.66857423539169,105.74872912107699
2725,90.83333333333333,170.52464408857838,126.42712771921222,80.37841494886831,61.5715306118265,136.3959015101081,135.04623285423085,83.06917212022064,107.09813528152831
2726,90.86666666666666,169.00802683010892,127.48238399000795,94.4287010746371,66.058736918197,123.49027001743247,136.83658568829526,81.03802336434886,110.18074469758572
2727,90.9,168.90038678239682,133.0371174371202,95.89755402203761,65.09524913829257,129.92036118257926,144.19661277713962,88.97608700311588,103.42079265954682
2728,90.93333333333334,167.05716652249785,135.22788844952296,97.96389248754647,66.31826844201947,130.5794997430512,145.82253239251406,92.72656951189121,102.03947750657234
2729,90.96666666666667,161.97355812717126,91.4010482146344,101.31569186142711,88.39943983275795,138.1088032751716,144.49942998323286,109.16970566255485,101.79787052188252
2730,91.0,162.14736418331373,125.79297598861434,105.73937763174304,72.0126027828404,140.4218486757089,148.53916798040044,118.0949954187958,101.16175794831247
2731,91.03333333333333,158.01817785817187,122.20342468345335,104.5115736686759,72.90716898276796,143.21574165641647,151.33619448390985,121.78589740605317,95.6904322027867
2732,91.06666666666666,159.53149140184723,140.1638866783136,103.91666106916007,68.16906451385545,140.1965088494927,156.45759731346465,114.47217618463118,88.89996970426614
2733,91.1,158.6094232338372,139.83432261697635,98.12687965868587,66.83071013168231,143.16771924317263,156.45526158757664,110.97934949030002,88.08434804012599
2734,91.13333333333334,157.4501272127495,139.38223475995406,110.75911812924602,68.43082846902249,136.05517860957235,153.55143030421786,111.87753441426017,91.18521549956587
2735,91.16666666666667,161.82418088934818,124.08645915880712,113.20756438108825,73.21560843020983,123.43621207105625,149.2625386793696,104.57207389861829,91.65119419282236
2736,91.2,164.40206525319203,144.7230574275541,121.59486993652494,66.68841612199718,109.78615082474768,146.20315258543533,89.32427810451247,96.3481782827079
2737,91.23333333333333,167.86890464011606,146.8941387777295,115.20480221776876,63.72122526508699,118.86477404455695,150.2452856216239,92.24720522324947,91.07350147259265
2738,91.26666666666667,164.65490431638096,137.45217614839606,131.47414451471047,75.49029749338789,106.31851276864458,142.71080983389544,94.57562973556068,100.3426469717174
2739,91.3,149.32100423544628,137.89359468390933,122.97536377846045,76.38528085410499,113.76706950981621,146.0784687099212,98.84217634620867,96.44547846068771
2740,91.33333333333333,151.96721965695644,134.2404526780653,126.64268698628013,79.07822286255792,116.77592320515735,148.37146688595203,101.64232617025667,94.46963010751708
2741,91.36666666666666,151.86535308013276,130.1175368995974,127.95703784088059,86.31859145227725,122.83556857974308,150.25631971093512,106.58078541709719,94.44010609743661
2742,91.4,153.8335101148181,135.15226636469407,126.68230088818406,84.86137263424642,123.99454354695713,152.25127943689384,106.22556881577758,89.17437752757489
2743,91.43333333333334,147.82713689414314,133.3878245899822,125.63464773313936,85.65819267554677,125.96813208106852,152.55596104766258,107.30608090448989,88.2011749616438
2744,91.46666666666667,145.36293745101023,136.66340917412532,128.33489672355316,86.40271609914984,118.00367941892792,153.86558208894843,99.53826269063349,82.51399428817201
2745,91.5,158.08265321487343,137.36107771939552,129.46256826135158,87.29237344498921,118.92178908280499,154.208156535561,98.73439479697856,82.2711934671673
2746,91.53333333333333,156.19017746392876,135.53396135439834,128.0022552865084,86.79917968676047,121.00986859042428,154.80226331996232,102.79359420401649,82.06188201182708
2747,91.56666666666666,151.84054377047227,130.9455039602089,132.2766129518094,92.50306667003593,117.33008135322957,155.1729318341946,100.08247701938154,82.27478498161017
2748,91.6,157.67249494324977,130.7839698623897,130.01937200203145,90.55762795032557,118.30891001765194,148.42558321192067,101.82619217658427,94.4461584764237
2749,91.63333333333334,161.15439844756105,136.88523276812265,135.06914885500458,93.16470673745896,119.59677362161669,152.55260705549406,101.90207408546406,93.49492548780006
2750,91.66666666666667,152.13353267485425,127.66102496421115,134.4755701886851,101.19413728806252,123.06519649841859,141.779740056842,104.74965251537989,111.48134189338992
2751,91.7,148.07792429677826,122.25929915558926,137.19496365531566,107.00014032208203,123.24482569642106,141.1339806179178,107.88693315629114,114.6905733694368
2752,91.73333333333333,149.99443074153095,115.68271890564247,138.31665096624252,111.93443734832307,121.46082703298062,138.88957596022027,107.02576947562567,120.19269948910744
2753,91.76666666666667,142.15833794178738,109.64761349580303,139.4294448112046,116.96820255619086,131.8514403507551,144.4575601644557,115.88363533964616,118.48528342070414
2754,91.8,147.26257249100715,122.47145696097043,143.46843853658342,118.95525355175012,135.23751934421597,150.17325823840056,117.8399208172887,122.02976774524555
2755,91.83333333333333,151.22993330086013,129.99667231811566,143.69503380866112,120.9767565280908,137.7012617696781,150.11372941684064,120.38695745975595,122.10359214343116
2756,91.86666666666666,149.58289970290008,131.2108170487708,144.59051285675727,120.2227168574286,136.72646461702533,148.91835312750317,121.4352369170359,120.56670609558049
2757,91.9,134.52492042482626,130.21174491940957,146.8774202244089,124.85414248934018,138.71789258443306,148.93611579555701,123.82067173743584,122.439523170271
2758,91.93333333333334,135.50963332011062,131.1222959637309,146.6864436377573,127.45146038391306,137.28746978464073,149.7210862720319,122.38880068906413,123.29336364879988
2759,91.96666666666667,142.99736976836962,132.58372823346548,144.2110993011063,126.87582810252914,139.2046382012749,147.17289661925895,121.69502646733697,125.88875180864517
2760,92.0,137.83517790723891,134.64274047131863,143.0322084785571,125.77534040967619,141.16743175457194,144.96135582791348,122.21952831821442,126.46855127270484
2761,92.03333333333333,147.6116800709537,134.4742085882976,145.6889587380991,126.722145260173,138.00136128342805,147.9150579360296,122.03894515717867,125.87246703761349
2762,92.06666666666666,138.46040633198407,124.19884787203324,146.32618115288892,128.58847927315898,138.509598301683,147.60995053568456,124.0589750705867,124.12610257958126
2763,92.1,140.71906242649538,124.97501691958948,146.71384330143968,128.62695810835984,138.24452562918302,146.9639403643044,124.78998049738338,125.60536165638702
2764,92.13333333333334,139.57120951534802,125.18039578911008,146.14331823140907,127.8454354247392,138.49486001787136,145.9168577797905,124.69341337681982,126.53953148713332
2765,92.16666666666667,141.258096792498,128.06166964892,145.9824708250011,126.80329655352459,138.4106342337471,146.56788290029002,124.40656689643728,126.02941560960363
2766,92.2,139.456331829409,128.15000599192024,145.1630932198789,126.55247339528995,138.50199589250508,148.7420816410741,123.67319152084731,122.8170920801024
2767,92.23333333333333,146.31812342141438,127.03520357622953,145.25184805682156,126.07699517094643,136.5382289595862,143.69081734219296,121.84694321508402,129.20302595871107
2768,92.26666666666667,144.18124190297783,126.35869501263949,145.0643413536666,124.96622875717141,136.58421240262308,143.72313790294766,121.81380275146311,129.2469265723937
2769,92.3,144.16221061521318,124.12092275287075,144.68310507593364,124.99931892014405,137.60308606543208,145.03146272547966,124.56303644400526,125.72459457374173
2770,92.33333333333333,146.1984569804551,125.66957886126637,144.67563687881554,124.97589665543097,138.3228462893271,147.9116882037228,123.36010835300648,123.32379759222492
2771,92.36666666666666,150.72959970300158,129.5865718315156,144.2065075315822,123.92257642523666,139.03227982500738,150.44412845306283,123.66953741685745,120.20749202199599
2772,92.4,146.8352485407313,117.11260445313201,145.2619269098202,125.03799934040389,132.29785985762828,149.49569911181672,120.57714418893066,120.2937079044217
2773,92.43333333333334,148.80675166784857,118.50606985782703,144.90292101300412,124.13835697447168,128.77753964323563,147.73304097747913,115.37868271435222,123.05251687777726
2774,92.46666666666667,141.8979916815813,121.13375537748256,144.70949052111686,123.41505302857104,129.68305580642996,147.49116084804422,116.10724005170644,122.70271197897556
2775,92.5,139.18774680633797,117.02873014092467,144.51528785244446,122.99252295535088,130.46599965566705,146.5616324706855,118.30264839616667,120.56621175617032
2776,92.53333333333333,136.58960591349657,119.98114549887251,144.51059057836616,122.27347204163851,133.03383965851202,147.10856212284688,119.4780842240112,120.4008883128676
2777,92.56666666666666,147.1673859785672,130.2242283212462,143.75809736776762,121.17569529561843,132.1714560490046,151.81603698177614,116.1908405963213,119.10933991279968
2778,92.6,157.16169319029257,131.76692539649372,142.9465344308987,120.2852063826522,133.43849396705684,152.07374265706918,117.48150440072827,118.63933362739304
2779,92.63333333333334,151.62914662616473,121.04805442304811,145.1201299804094,122.7279396181957,131.09855501169739,153.3932427652016,118.93932115002347,117.38429625713016
2780,92.66666666666667,145.4576501491797,116.02908266819216,145.3781334793311,123.03727517318984,130.91927787325815,153.2193119222717,119.23876976843445,117.063270616951
2781,92.7,146.6737335525929,120.12573109067324,144.10775914784787,122.14508294171533,126.1141545898225,151.9094875972487,112.59149859778903,118.53247403038482
2782,92.73333333333333,152.91165812027805,119.59314350564115,144.16514135465803,118.09020107568821,133.21342404125832,153.2800108148086,118.87545579686656,117.0568238501396
2783,92.76666666666667,153.4561735828357,123.80759300000952,143.83764339523944,118.82372726794667,133.20359704229196,153.0392237751046,118.46325082745258,116.99039474095574
2784,92.8,150.45233954396744,122.68418480373005,142.51954822755295,117.75291199652754,133.22556206754933,153.6717609022171,119.19177709171144,113.86161875191799
2785,92.83333333333333,151.27713617348726,124.19161047666458,142.94061652265538,118.20965315468177,127.67113099172566,153.9509870537204,113.10715953128556,115.2428111022026
2786,92.86666666666666,146.67368180509195,122.37481275649306,144.3763005756052,119.16266402796765,122.72438533399433,150.92212501653674,109.79845783065522,120.2831946906718
2787,92.9,137.4009677378823,116.47632067858211,148.11904834368852,120.62734892980797,122.96445646072051,152.564592014155,113.09601180445853,119.96391600025417
2788,92.93333333333334,134.34580979618485,114.43654621299393,148.37754213450293,120.94104293766681,124.3681200678094,150.8615544295624,114.61101330615872,123.47693915797933
2789,92.96666666666667,136.18264200448775,115.60703244585433,146.91826000123163,121.0230735654286,128.88662002570655,155.18549502358692,117.36498200606955,115.7363272881816
2790,93.0,143.67967767325447,126.7204999014772,144.74471746245774,119.27028390805206,132.53614574519173,156.19179108455353,118.20445638858949,111.49749539211498
2791,93.03333333333333,143.12722778163572,125.3212839708205,145.52459709107052,119.75652524106776,128.55576341005548,150.60548202177202,114.86470553790735,122.02375806752327
2792,93.06666666666666,141.29535782287186,122.44078598555318,145.64821308675604,120.13528807832714,127.68122539944515,151.4413712616019,116.04956825962486,121.09313653279332
2793,93.1,142.2020465213907,121.24637049835621,146.19606933368095,120.43517763527468,128.30173125293283,151.6513628709323,117.37123740081313,120.59772080578495
2794,93.13333333333334,142.28605556575417,122.2132600138266,143.3382551699632,120.12927265243022,131.1088173471835,150.16334335083104,116.4082701361233,120.83306376838516
2795,93.16666666666667,140.57798209344222,119.59852059755474,141.8453259120303,119.29103279131114,133.20617085192555,146.10407845804843,120.9542989097077,119.26413586476147
2796,93.2,153.11888621467557,122.22873986121131,141.35277116301296,118.37543148030451,129.4816451810679,145.84060255504522,116.75966165923867,119.66929037450647
2797,93.23333333333333,146.23163066842358,121.93307705626864,141.84344155339934,118.30205173170464,129.2183235353526,146.83599305574393,116.00142459209002,118.10147009935642
2798,93.26666666666667,142.4768917898223,119.41903745593234,144.24500258497443,119.64110711951048,126.04439158510344,146.68235323063064,116.03356440925953,120.10103139718836
2799,93.3,153.0622047619589,124.40138407709398,141.96393634673808,116.5712774873074,127.84509048765126,144.5261586551282,115.40507857549575,119.81642997055883
2800,93.33333333333333,152.68703492449478,128.67341958449293,142.47502628748458,116.01292301883488,131.06870089433846,148.91212228610226,115.21841810716143,117.8064448114821
2801,93.36666666666666,153.68587677441326,128.2156064944436,143.3575344946015,117.12048401668929,124.39409253150758,147.9454592373431,111.31713249667,122.18147884257309
2802,93.4,145.23438563516015,121.89396822803235,145.76275327098995,118.54838796133804,124.26596557646725,143.8683324688339,112.32584362709095,128.1057651423498
2803,93.43333333333334,143.55115179164923,118.52656418491196,145.70039304787616,118.3089628731681,123.08514384150551,140.65869925574674,112.5525797246625,132.42254303933402
2804,93.46666666666667,143.39382622657044,114.40921887398268,144.7924024577856,115.15810629178799,124.5455221675368,139.03325375366862,114.22766395649155,130.85976462394234
2805,93.5,162.55283972450457,117.51039028311693,142.1924629734238,110.66145521732712,115.52122548580901,139.17609130958462,106.55505320957354,130.48590719969707
2806,93.53333333333333,158.35271231806783,110.8189074785997,140.26035894202516,110.22927016704601,118.13230197008956,136.02995149217978,106.63325039118911,129.42651148799823
2807,93.56666666666666,163.63090661887534,118.83515271112368,132.3852675611129,98.71900598235821,125.79158733640458,134.2947805634533,110.88289961905913,121.10754869563415
2808,93.6,154.74168878158414,115.56176392471616,131.81488409281388,100.26337609446469,126.82740299603114,136.4913397996193,113.17380858184637,120.39509532580009
2809,93.63333333333334,142.52007250380356,98.27985719622625,132.46904738144502,110.25837480669372,123.90065385095099,135.0274629274593,112.9912978432982,122.73316891528192
2810,93.66666666666667,156.272493856202,121.43277470072302,130.89852752083482,97.31136209678428,117.54754074082393,140.15970592880956,104.56451994641681,119.6015245246893
2811,93.7,153.17714510340997,118.38121789481447,131.92325411617708,97.2078480418665,112.01715395179222,142.3097223435713,101.31007557409855,116.25342279124906
2812,93.73333333333333,139.80831100521556,104.3030096748603,129.27028248591037,99.60911114894185,129.06213946749304,144.55176510150204,124.54262432569666,108.96497291760951
2813,93.76666666666667,137.3486972708731,95.22327970106954,131.2159803773119,102.04880438211424,130.20734241119965,150.57288883921453,126.45674425078501,107.9894415720291
2814,93.8,113.70554872519413,78.66397737522102,127.9734407933275,107.3008127275531,132.13480052873143,145.49354546545354,128.51072964568738,110.33261209524505
2815,93.83333333333333,106.68726844667394,75.9943667457521,126.32608575996916,107.01761433718217,130.48982060988814,143.37092524233913,129.1968501926168,109.94640328068613
2816,93.86666666666666,125.56430005091522,77.61207644051949,125.0122073081307,107.85108785339357,134.42334061921147,141.00575230065428,129.91028454980702,109.00282645321191
2817,93.9,119.98905566596842,78.95326153757433,123.28873003491603,113.65661618428824,136.9600275816488,137.3016321307444,132.27669529127394,109.23975404733464
2818,93.93333333333334,107.63643157439398,74.02383069539508,123.77339684801221,109.01853237502077,140.36641980966533,135.56120272586153,137.39931064443064,111.58927382791093
2819,93.96666666666667,121.35777955436089,87.1126876832601,122.50710684388687,96.35793225277843,139.4777772491,140.40927338827024,138.8430977602271,105.56602389253264
2820,94.0,142.77264220488703,88.51225749395832,116.13992184342013,94.69194260483751,142.04407617837143,136.7582951653457,137.35266762985617,107.79745211696641
2821,94.03333333333333,142.49692492620468,86.52926945938582,119.94299129344438,96.5189146863373,141.0283864210142,134.8367502004595,135.6120649079719,109.56782264762143
2822,94.06666666666666,109.53892312626671,79.02389182120636,118.0820106912358,107.44720798093847,141.68653693070158,132.03799087788792,141.34497689268323,112.79890670206443
2823,94.1,115.64490612868299,83.84377445360704,110.20889479844396,109.25012849839632,137.31634210135803,121.06952174312852,141.201827517734,122.84123122695145
2824,94.13333333333334,114.34590752544574,74.13350534879439,111.39103358586812,104.5862166498753,130.1556127751771,117.61649819306115,130.73499099242903,125.0142167808883
2825,94.16666666666667,81.3316318105188,103.30011900290566,112.90178350605305,101.60650105895328,143.60697912191768,133.53039382507433,147.22069787493436,125.70796641058317
2826,94.2,147.08813493534595,56.5566060219881,120.31337593799752,101.0055705083115,157.87093687810648,141.07880380763334,164.69452568750674,120.82315447020254
2827,94.23333333333333,109.13982130809273,72.48301657692694,112.37318308510416,104.56717194946323,149.17074234945468,134.98614568856468,158.75474306067872,121.22416052332083
2828,94.26666666666667,155.5552687200426,121.10017830137205,106.86770951456351,67.8319883744006,135.2952831383361,147.44592893765952,124.37501980633216,101.94057911752722
2829,94.3,159.18959192341094,113.60422284476992,110.95317823518677,75.35243601207132,128.73007590316183,148.9165582634508,121.37492026635819,96.53646023346239
2830,94.33333333333333,161.05816216255772,139.6064833461562,88.30550840404442,66.501179930144,132.32648021551952,144.71240908428052,108.32452560129241,104.17292337044924
2831,94.36666666666666,157.84413345890923,137.21091509722623,93.46403513539572,64.82027570326024,140.3225883705231,144.5644016915162,119.78552589862093,103.97370649200036
2832,94.4,165.24896078780807,138.55922705810252,73.3486277776553,60.67638890885949,137.5046642049346,141.69826714291756,88.37554021736767,106.22566471305618
2833,94.43333333333334,161.10751658048903,135.78795885391963,69.14076370710603,58.41708412282721,137.41946231558026,139.2130877734134,86.13058268968722,108.9072958219897
2834,94.46666666666667,157.92031766057957,134.8784380108702,73.88333605834433,52.169322537778754,131.68300859313635,133.1251289492025,89.54197914974863,109.27345667809931
2835,94.5,153.4831354321835,131.75284931745304,68.52399091314958,50.94251707883924,133.40065198340216,126.54524936128232,83.21063912913044,115.0708504180983
2836,94.53333333333333,158.14364770323587,132.52161342911637,63.72814819943598,49.91365859092971,141.63252696706408,126.5398097060173,85.71684878173184,115.68680833991985
2837,94.56666666666666,156.55627465182576,133.16084575879492,70.79579704831389,48.66704473459657,143.55214051380744,124.30203119703864,98.19695021678936,117.83307828669162
2838,94.6,158.5374122727928,131.28496988540917,70.55270160059018,48.40574123171655,144.07038898614266,128.974139956383,98.59491193710589,112.819140643154
2839,94.63333333333334,160.54642572587463,129.74014240623538,77.07286839505653,50.67633980824784,142.66190574186317,138.95417387073437,96.84138398976303,109.11478791801088
2840,94.66666666666667,158.60106602937384,128.68942479997847,73.53622745310004,48.28759839584086,144.2920073209355,140.35117415753544,101.61151027423651,106.46596597954634
2841,94.7,157.7030114030557,132.40092667865812,61.983066307878865,43.990006197428,145.23007844077702,143.6837800229418,101.43965461176634,100.83042021194471
2842,94.73333333333333,155.16748762073695,133.99649443523126,58.77288263031252,41.69736334121589,145.40157792577034,143.79298678815488,96.84893888721187,101.57074742576256
2843,94.76666666666667,152.41250672125747,136.11891177841255,59.69444150428157,40.42426054664307,144.51829486427238,134.09672853359675,91.50946021797569,113.42734435909065
2844,94.8,155.78226660322005,137.42210294582975,60.859120730992316,37.062303719230854,144.51197142647257,123.8990795369313,91.30489199262544,122.65432956508604
2845,94.83333333333333,153.97624146823273,137.3242269397165,54.73160352017822,29.75433038108497,148.08418322133352,110.01023720805097,96.71118948205248,126.85308547187928
2846,94.86666666666666,154.06473088827153,139.0887007367244,56.26691916308376,30.863330033361652,146.0218640726228,114.85502462575968,88.46269594011964,125.6038200398915
2847,94.9,154.3607892122348,137.7325898026853,50.41413048667762,29.59841112976348,149.4520917431805,113.00471389601906,89.12505820942914,125.28756052887705
2848,94.93333333333334,156.72419859049148,139.03628599215028,59.10246616190202,35.39931122256022,144.51455012275832,121.91853321993709,84.11116506742837,123.29263820557183
2849,94.96666666666667,156.80556047658277,138.40423703715118,56.80327595032928,34.99176945505215,145.68154137971746,121.89884383254167,82.36656094905119,122.95605953871953
2850,95.0,155.42756771362238,137.9180885514973,49.87342382167911,34.535541862959334,149.3539446756434,125.38307784404114,81.63856955476201,119.1935906417575
2851,95.03333333333333,156.63203879635194,137.64371181924648,58.34306159938413,34.331740108691605,144.5050976789973,123.11913799014224,81.74247936779425,120.19794320000446
2852,95.06666666666666,155.77002324412058,138.30265112134288,56.238039701380394,36.72920244603046,144.9001754353824,123.85084009377007,81.49932734737588,122.52567087158087
2853,95.1,156.43089191733134,137.84289660363598,54.11866137014607,31.94449688614461,149.28551399151897,121.5071476396193,86.55266961308544,119.75609683506772
2854,95.13333333333334,157.39811281677734,136.80923935400514,53.525255058441836,31.68920669281894,149.57628717635586,123.00410670419265,92.07057718319216,118.1185495992094
2855,95.16666666666667,157.0421810446728,138.63278010660983,52.963137573554256,31.33893822933129,149.86101266555357,125.13007090053266,90.71486965581697,115.43949267604857
2856,95.2,157.4993697527444,138.07011271479487,62.26190050198179,33.11474924311975,144.1418350475405,126.93761029145209,88.82932670363708,115.06872543471859
2857,95.23333333333333,156.4405455136997,136.35529055968416,64.91512927658216,34.36404235632873,145.24468818723253,129.27612176633443,90.42856050224555,115.02962819136991
2858,95.26666666666667,155.74655046701605,134.3342266088317,63.388135728394175,33.8302384385324,145.562664195631,126.73658968291407,92.50019197705005,117.60008940540425
2859,95.3,153.84171684367823,134.6178908457141,54.56879119552386,33.6332102594899,147.86326746981177,122.00799483118988,88.50717985814073,122.24859496011503
2860,95.33333333333333,155.02206701558637,137.72010754180516,43.67450822895318,29.86038341509224,152.52731540255135,122.64209578636972,91.26228373868756,116.52099877024277
2861,95.36666666666666,154.93867009987105,136.6105677447524,47.855057242948384,32.381866909513306,149.07264062832155,126.02191649591386,81.50672329443421,115.71121436260664
2862,95.4,154.98808500867284,136.65311403761652,49.940232604236755,32.53531629896735,149.46231255823224,123.21134366141757,85.30029584637552,118.8844360083379
2863,95.43333333333334,153.67142850547194,137.85864521842893,49.14394118620489,31.75401612914812,150.45314655438776,125.19351943194692,86.08710491555267,116.35990910657551
2864,95.46666666666667,154.27793050615392,137.30092979947366,48.44374377778064,30.370628138430504,150.46059435229495,122.58873051801419,86.64040556830876,116.3141683307708
2865,95.5,153.48867109905075,135.96726285868877,51.612944748847305,31.171941249374097,148.40320875730723,119.58012294598349,84.24456706882995,119.96506060575508
2866,95.53333333333333,153.1581276394553,135.64471596243143,54.79605674109988,35.73859027803193,145.45047770495307,129.8187845981519,78.76367064160375,117.26332352743171
2867,95.56666666666666,152.95120866074842,136.6694166572709,55.193298102979035,36.63550837272952,144.67767219831813,134.02794579751136,78.70765051103116,114.28279528147596
2868,95.6,152.25395708758188,138.2427247444108,50.372930612473496,32.208967053908836,147.98491562226963,123.26004307552327,80.56280310645516,118.83097631311617
2869,95.63333333333334,152.71626899471062,140.31155980213106,40.378370399585215,30.273470162019127,153.00389625331022,119.74749261017749,83.64328008962315,120.18237002089825
2870,95.66666666666667,151.8680070944905,140.9330410960442,37.28711344827948,29.401066062351315,152.95511390003713,116.95118490272333,79.23382076638339,121.30306251675427
2871,95.7,152.63644239358052,140.06035418259185,38.78434151788524,27.741417654753793,152.42846507948204,121.77399674229348,78.3386220215165,115.00506256973641
2872,95.73333333333333,152.89041580072495,134.67208202233593,37.271223567551196,28.28803827632461,153.1792290032731,131.83684401120425,82.03060054189251,105.08596709934211
2873,95.76666666666667,153.15581364236655,128.33578000186822,48.35997569462823,31.058355470162308,145.97163909639923,143.41212294098423,82.71769101353998,98.44790655009784
2874,95.8,152.1837759058897,114.68403532226976,47.593984545032285,36.70158571796868,145.9042126176261,144.67079194489213,83.88520325043488,95.82286197892464
2875,95.83333333333333,152.80280747809786,95.95447844724812,51.64056688522973,52.19800760391288,147.72211923158,154.53204109693297,90.96858922147644,82.51702899074903
2876,95.86666666666666,152.2498122065184,72.0231397704501,57.879469073531155,75.17023593599258,141.23654698688244,149.1010721553267,81.4855025630402,87.93009208133955
2877,95.9,152.5298620774632,69.61928731785801,62.52169258496935,78.48024398620346,137.3502392011521,148.45069147536046,80.73944884381359,89.08062302251494
2878,95.93333333333334,156.21843810554898,58.95193013849979,75.6829383704411,85.93318001736203,120.70327065005843,155.2844274977346,71.9002964149542,82.43852204108023
2879,95.96666666666667,154.99460708394938,56.27024276068218,64.11412079072716,96.69704646451105,129.32632624918358,144.71928588795726,77.2136435836664,94.22326911568132
2880,96.0,153.76396156751682,62.91639791015186,60.97759712217363,89.44310330129447,131.53755592207685,149.77064878365252,78.1380152297553,91.14273202635106
2881,96.03333333333333,143.03871146951292,53.94176202790275,71.33525461398192,79.4032586558727,113.53722224500125,158.1633398358286,78.43458000338319,90.14887918613597
2882,96.06666666666666,138.52481119820726,76.74662860360581,78.81769907225839,41.31515870975005,102.3936454835227,150.8902731440677,79.40548816672887,91.15651647531301
2883,96.1,136.93634768205186,91.00301475507875,75.3852037124755,29.940518486879103,99.70070133021557,148.81707684008626,75.80854602694266,92.84631812218836
2884,96.13333333333334,136.26553846293106,84.96594731375353,68.22512812399093,36.27380996143688,101.77686235064837,157.52166326885038,77.27979682427306,98.3493459627884
2885,96.16666666666667,121.99436924803048,77.32848941202526,41.09892716684204,43.87795593945645,104.32305586865844,159.66363144200892,76.50640209913864,102.51468687500929
2886,96.2,89.02463668455846,64.11697581149464,20.052488142824817,41.21047806189476,93.42132676950798,149.91663377920636,80.7451397340588,105.7844686778029
2887,96.23333333333333,125.37172850651147,75.96627381287855,27.835190725035567,46.51622818799835,105.16149693784283,160.36652173481338,89.34117397469079,108.63092763295921
2888,96.26666666666667,119.14152185923973,65.74566079621209,32.8639007453873,42.91932882027911,97.48663958746764,164.13917446080154,87.6509522686111,120.69540998606148
2889,96.3,119.46241034522983,67.5997002794279,35.39284680133776,33.410103236182536,102.3488988118912,159.76419739692153,86.97382380675072,117.59586117028174
2890,96.33333333333333,116.17871888271159,64.47873744765695,37.907404296767666,29.408548100575373,106.50415322836874,147.15911032368342,91.22922192772577,106.4578738932156
2891,96.36666666666666,107.72969327869384,63.77556542543743,30.262613170557636,29.31302281030234,100.54883186805415,136.92907801798947,87.34796379070406,103.59595731469524
2892,96.4,102.78647890974928,68.76700945780941,26.715856057226862,35.666701842896494,100.92070918866952,133.41886387609844,90.04017941986568,97.54482879506119
2893,96.43333333333334,105.1111978586001,72.35860610060483,30.52905433016289,29.43213696932226,103.85625746515362,124.1270975368413,93.66236186822306,94.55668415199094
2894,96.46666666666667,101.10470573721898,71.98613843556508,29.784826695055347,26.513226137336773,103.84633488839157,117.17843156916068,95.86126009911959,95.34782611152325
2895,96.5,101.345480962004,70.6143444220767,27.061399810713056,31.283320266037048,114.01347272066643,121.59421570620692,104.7012834646888,95.60376398146273
2896,96.53333333333333,108.47122046709418,68.12652011534504,32.13150496281047,34.82168279873806,116.70000932254408,124.55734264531833,103.94588966381401,96.11208050351914
2897,96.56666666666666,106.92722485981731,65.27059716123249,31.801645810259526,42.78752589232274,118.07185364566288,129.15327495230224,98.73521252936668,93.60700753212816
2898,96.6,97.37048320689513,60.76267412316864,30.12241655030627,44.731451808732245,104.03987024573041,127.43769064430279,79.94064518263359,91.49983644918969
2899,96.63333333333334,107.84848543307598,55.732935106502914,37.55833870936036,49.628760428527045,103.95854546622859,124.80371133621591,77.78642653829453,83.4250470380271
2900,96.66666666666667,125.60704189209045,50.7317781537604,61.67795494859404,44.51097382404573,89.23229116999067,130.4123390210574,71.41879635120144,99.73970616307217
2901,96.7,124.50323669793708,50.44770512638459,52.260591258654124,56.0996125081242,98.09352746268975,137.58462712765075,77.00836458771575,101.83207327619455
2902,96.73333333333333,131.32818224794948,51.50553389100005,55.66996902006724,58.412809012546546,104.32581281959187,137.42898909701043,82.03246227746435,93.78934007878989
2903,96.76666666666667,130.16551501235898,49.87962807318931,53.14670107237278,63.17874504126766,106.2698248229099,140.36159322421045,82.58656318008413,94.68154944304143
2904,96.8,135.68700184982487,48.84766085031291,54.143412074481795,72.0828242268883,109.41124111041012,142.71689637411066,84.4012714489017,102.67593149437238
2905,96.83333333333333,140.0752124272046,49.38094486581475,49.63262471955846,73.32972673968206,110.30125517188726,141.41012282796476,87.95882632776552,93.66164958959008
2906,96.86666666666666,160.44097045190296,51.29626832868198,50.11131143068343,75.54957149671395,111.21803095570243,145.43627536687333,97.48929182533738,104.37977581972392
2907,96.9,166.8198903506501,55.07085832464303,47.46824560304769,82.82494701659839,117.94675170935241,147.7732064197123,109.50661043281654,107.60208782558415
2908,96.93333333333334,120.43837415009088,69.54738916414622,71.87891826821654,66.98647189969469,114.66527348955861,129.0445304371168,126.83782429782754,157.35040613146273
2909,96.96666666666667,147.25726651310706,62.389949991680666,42.481003210913094,72.66033285130987,114.37854610931376,138.16018003065352,123.5254988248418,138.05243859153205
2910,97.0,135.50344999556827,62.25685228302183,56.56233802731895,67.64268064489336,131.8867699004947,129.20106347314763,142.49903600873472,156.83228621388741
2911,97.03333333333333,118.24425837464524,,71.89768206586736,,122.94002275493473,128.08172841292836,139.71114889537884,167.88287299476553
2912,97.06666666666666,114.26262815698682,,65.49507612045088,,140.48378504875143,118.7567557035008,150.23184316831924,170.3699852454446
2913,97.1,103.91783291970354,,78.79638856235802,,126.41222574442548,115.6137131882203,133.3285787456153,157.0772673119013
2914,97.13333333333334,105.844521146082,,86.92786512551375,,146.67354270011276,135.43832789583828,144.80790641903457,169.3041051020745
2915,97.16666666666667,113.60572227114432,,76.81634498852102,,146.42076794317734,138.99155539769677,145.42111060425088,164.8470192222652
2916,97.2,117.65455410367949,,73.4414627317356,,163.60040259695646,158.5206015384858,160.9952879931487,166.36139770117785
