frame,time_seconds,left_elbow,right_elbow,left_shoulder,right_shoulder,left_hip,right_hip,left_knee,right_knee
0,0.0,146.89089880506106,130.13135516250372,104.09130309890186,85.3637115133286,,69.33700555505213,,67.92190419690957
1,0.03333333333333333,122.31025973786772,131.06452454424382,86.20465839490669,90.2869311176118,145.2859175259246,142.13384489255446,121.39702528049774,123.18309963322794
2,0.06666666666666667,121.23051304608464,143.52154868881388,96.06874896062355,104.87412044774787,150.3793445339173,154.58702394025966,129.06476203894954,135.89641971274082
3,0.1,120.26323627107489,140.30538531080938,96.05163321962931,106.66140976308921,150.6105366338833,154.79563300846968,133.08319586949926,140.99071820075028
4,0.13333333333333333,122.05619347210711,136.7057902038215,98.23969814249408,107.84769271023869,150.70079148865452,155.98292902422256,134.19216383715315,141.41895880354767
5,0.16666666666666666,121.99286625715764,141.77478341605774,99.807314407427,109.96221152244343,153.90025333165838,155.0285914381124,138.07736161830596,141.50600766324723
6,0.2,122.98195526685447,138.87353227935307,100.71052520752919,108.37411174307212,150.31094534929997,154.9075229080146,135.27114115505648,141.9738218715334
7,0.23333333333333334,125.0601812616373,134.84972813232108,103.67812142104898,110.10934630832533,151.61490558758655,154.73473181287233,135.9248602051723,139.82126656757944
8,0.26666666666666666,124.74801860952876,134.68206149780187,103.92701800154637,109.74330214281252,150.90214396253234,153.78543744568574,135.61120126822848,139.28303239458026
9,0.3,124.68264589645034,136.05278778448888,103.7183080597411,109.68675578090398,151.11523665585003,154.52210902113177,136.1102590219055,140.22076051832778
10,0.3333333333333333,125.24526294388544,134.92892952454628,104.52766550757535,109.98798778122489,152.09181029150315,155.0183429776027,136.3096005386414,140.17841688876112
11,0.36666666666666664,126.56667402563653,135.21651486278842,105.45760337455958,109.66601191045446,152.30851891527817,155.3511778723892,137.33214702293225,140.87061618506743
12,0.4,125.49432193456174,135.84563227708446,105.69785701983905,109.70040815265476,153.25215229814742,155.69861736981662,137.98158093687786,140.97679329987895
13,0.43333333333333335,125.32756477018529,136.10220481469258,106.0747556577808,109.85785532285747,153.11106058290127,156.21114359274665,138.20770761834973,141.54743326553316
14,0.4666666666666667,126.16037931029246,137.43873098829204,107.84291898945831,110.79465476820427,153.89224174809874,155.77479248804892,138.28765836746894,140.3813704529208
15,0.5,126.54783431699062,136.6415289441281,107.96861948071106,110.41914262819778,153.5770835832126,155.92776039300725,137.82947672665134,141.37638820998924
16,0.5333333333333333,126.0578337000623,138.6579112845822,108.19753458102952,111.38323059634854,154.24925347354247,155.31889953053005,138.0017202221228,140.81137310842539
17,0.5666666666666667,124.0659931533716,141.05948185263824,106.66750927022366,111.93262524590034,155.3116948393659,156.11244756186946,138.70931417818554,142.02302233973276
18,0.6,124.18019432959407,140.3734609655179,106.88773234769658,111.83855386020441,154.83108356520896,156.4836530689372,139.6212868271954,142.47588591809014
19,0.6333333333333333,124.84726060910134,137.13101310894334,107.38259234976776,110.92139016658405,153.62905858071224,156.05099369627786,139.15348444103174,141.3128718103048
20,0.6666666666666666,125.4953610408353,139.39774158935268,107.81740106472208,111.94739563058333,155.00735240589808,156.3750960682289,139.2343989607969,142.80111306607998
21,0.7,121.90673399416575,138.48916580154386,105.22000695502221,111.10433245161252,153.83859024332926,155.33811157376937,137.9158868041764,142.06220843632912
22,0.7333333333333333,121.86064645599033,139.73144285810616,105.02284247974322,111.8065499856823,153.76096186579645,154.80421386826183,138.26076863555735,141.75766117738272
23,0.7666666666666667,123.35816653921822,140.83397478820453,106.15407429237402,112.40068046908955,154.24073911471967,155.0401290002873,138.13554742404148,141.7209590456952
24,0.8,123.31533029211198,139.78937352545628,105.52650275844775,111.72306018982457,153.21862647363363,154.33694304918325,137.3783584858856,141.26176815197755
25,0.8333333333333334,122.89236723555311,140.82835213980275,106.5415509587376,112.00789366027013,154.0096740438845,154.19843351402355,138.32692712599015,141.24954965956832
26,0.8666666666666667,123.50855634676485,141.02033241590385,107.2341985370242,112.2101738543976,154.67008439057943,154.15166187815063,138.22693364802873,141.11376258753373
27,0.9,123.11826850289472,142.81504735642736,107.66685307648818,113.12143837194631,158.15119433056972,155.53374445016098,138.73648965662096,141.437187313684
28,0.9333333333333333,123.53315024079586,142.4097144773407,107.45720243184759,113.04146623094562,157.61033195858616,155.16353590434505,140.41844287457295,142.48654744579858
29,0.9666666666666667,125.48932029626103,140.8150650412879,107.66675313257021,112.87826487819702,155.28616085086307,155.00603922227936,140.1011079929414,143.3923260501045
30,1.0,126.11985122530605,141.566467747347,109.82519228358383,113.59370308825396,157.25689297301815,156.66006690571055,139.42937807848827,142.30943546171122
31,1.0333333333333334,121.45588226766584,138.67370850654157,108.24902328695329,111.48057811499632,156.10493335392007,155.67933057846514,139.85566812137412,142.64951887061935
32,1.0666666666666667,121.22371774284807,138.62229374283987,108.2401668139327,111.32348577593554,155.7306907415959,155.71711137095696,138.76739843099537,142.41408982609266
33,1.1,118.4661488125666,137.50486575562536,106.81243712374835,110.61632354802452,155.02099442508228,155.11321834380442,139.02478831209007,142.52238872430036
34,1.1333333333333333,118.75834173257489,137.74615332308707,106.7330607745566,110.58722698402615,154.64189935314977,155.04251416826412,138.82646053622707,142.37211146119225
35,1.1666666666666667,119.67315305116014,139.347990235606,107.11371636082744,111.30443296372118,154.62546592086153,154.7454502054026,138.9572595485324,142.2902010826923
36,1.2,119.61928029613284,137.62048633270254,107.05972069397431,110.60237391441801,153.49756780967988,154.13232571883276,137.9493114193456,141.65269989910325
37,1.2333333333333334,118.65763265896342,136.35948148730645,106.82187446823404,110.43652629370635,152.4676523568999,153.04146942044596,137.1937731293869,140.5053896578663
38,1.2666666666666666,119.38685176290346,133.72180859953187,107.47171006627966,110.25788704514748,150.57598859430306,153.44983257854463,135.65145759563316,139.83930861454584
39,1.3,118.86259819939323,130.50853357657004,107.20375470903132,108.44556884643967,149.8525545711276,153.0278761442009,135.7958082008923,139.81780541542284
40,1.3333333333333333,120.72914721817163,131.96940416292816,107.72247892434142,108.97141505962425,149.6734016245894,153.2470973256013,136.22752403198137,139.976261414789
41,1.3666666666666667,125.35422792816223,131.36483452217405,110.2157928201682,109.19840531289995,150.93135851286883,154.55024129037892,136.48057012382327,139.17540608462477
42,1.4,123.58324156165548,132.98069827244333,109.02428570418148,109.50751724245771,150.53119350069028,154.00606419302065,136.3216371258287,139.05557664601463
43,1.4333333333333333,127.37807646498808,134.52599466925795,111.20878346082426,109.94692672459075,153.31788370946737,155.9271549276213,137.7933036018881,140.4449821672806
44,1.4666666666666666,126.3235099918505,137.08277476579912,109.87456254047713,110.92925086016953,153.80408170530492,155.54713828441447,137.91516215039508,140.45038343352542
45,1.5,127.04350421946751,137.41178189935724,109.9583030975715,111.21936747126969,153.59264072802935,155.79774296399785,137.9712499984721,140.74324221036417
46,1.5333333333333334,126.76145297435504,138.22573080560443,109.38980405127624,111.36701452449958,153.3917608099392,155.60261289091338,138.2190501920224,140.78313633298671
47,1.5666666666666667,126.99205871443091,138.15149443825595,109.60476870080456,111.39076705269615,152.55776468225227,155.80754260639745,137.55766111445422,140.54048370904664
48,1.6,127.64456657824458,139.2099939503347,109.7094471453247,111.68868111161831,153.67217356517156,156.88461018187812,137.86091287910224,140.7164858336824
49,1.6333333333333333,127.5666559704579,137.88556198164378,109.16548747363417,111.27619105793777,152.2993279632713,156.63891058913424,136.3683093463599,140.59212172297237
50,1.6666666666666667,128.2777871097888,137.77650808741978,109.12653634225845,111.32084058476211,153.04883295783296,156.9336147576341,136.30939542056078,140.12312378899782
51,1.7,129.36756257920362,138.23628754296823,109.1862170869071,111.36158847959389,153.20284042571032,156.82504479844417,136.82643839857414,140.40852398792225
52,1.7333333333333334,128.3945206065978,136.8205666230575,107.93306964010057,110.4056771787055,152.59724392013646,156.22085505491756,137.34579826548978,141.02541701575697
53,1.7666666666666666,127.93566751690848,137.75298918825646,107.31910338036253,110.69024701676751,153.4922737219487,156.23876316494378,137.99526956781142,141.10873704046577
54,1.8,128.07439444104037,137.93233943455658,107.15947946952608,110.2175277631007,153.3026551788851,155.67139661787587,137.8716071878885,142.00644270251723
55,1.8333333333333333,130.0475555703415,139.13135894045806,110.09785205121578,111.47978165042637,154.11931305671555,155.99267470167482,138.37359487456828,141.6628752173628
56,1.8666666666666667,129.31697387879387,140.2136536664177,110.14691384274435,111.56206291870828,154.70920234242473,155.21650040640515,139.41881627717936,141.6583769518947
57,1.9,127.989134944736,139.6906244463563,109.39080156317695,111.84311501106535,154.37625493916568,154.9913584645414,139.101830492674,141.12953553474622
58,1.9333333333333333,126.28581630205356,138.57032583346972,108.48986681819785,111.46953953242337,153.95564243704146,154.9338521340132,138.89591068028852,141.25855319027406
59,1.9666666666666666,126.2408148768432,138.70344869210373,108.39391196294079,111.51867747328262,153.8164327146473,155.03238588710485,138.52589720959276,141.24169338649338
60,2.0,127.66376061039529,138.9000344146562,108.1389908912551,111.5535597572171,152.8659780649091,155.57827009180687,138.0472288384818,140.35512029143604
61,2.033333333333333,127.46138447280426,139.54353707668784,108.59522997089762,112.1179967190492,152.81406192313273,155.38294701096007,137.67155176452124,140.49743890374828
62,2.066666666666667,129.33708769240107,140.25309633370884,109.9765267345856,112.74571679101818,153.66259843027996,156.32181664680866,137.42847575545898,140.4785353371465
63,2.1,128.41102223750843,139.74897445263326,109.55194821130341,112.50636786098654,153.16372621457847,155.38318199637447,137.60648387965523,140.7291108699528
64,2.1333333333333333,128.81381277541217,139.72764133226786,110.16831095656048,112.4726318669418,154.55576084235054,156.49291836783172,137.6318509593101,140.74130212036025
65,2.1666666666666665,125.64103476522277,140.31179718907393,110.01298919000152,113.47115036406032,156.42145772680678,156.7456987794767,136.9558026402133,139.84963255949273
66,2.2,125.77082806381661,142.17764783783386,109.54187524616543,114.06903068534577,156.18215368264254,156.9268062805176,137.65846132785074,139.88798833933652
67,2.2333333333333334,126.32217284862747,143.18011134165067,109.8249154903219,113.79343823524911,155.83506859856655,155.84583670020726,138.03103765777064,140.22229496116597
68,2.2666666666666666,124.31952695199358,142.9680196399253,109.27562798683813,113.86719752089466,154.6489874939221,153.78424029501755,138.6455964052302,140.20897123230966
69,2.3,118.29855568747118,143.2978672352369,106.9733215440385,113.15299118030828,153.78596485532785,152.1390134987787,139.45919205147698,140.9812095653117
70,2.3333333333333335,119.38233724468776,142.47621922385048,107.05625937395428,113.13351726447007,153.7473879135423,152.59220841552576,139.74447281306468,140.99034422045182
71,2.3666666666666667,120.08044556885005,141.69698234607193,107.09976261080878,113.01435192393502,153.2360997223945,152.88825185777358,139.78514128508405,141.20408115198353
72,2.4,120.79782834668892,141.6265400849735,108.10602472813781,113.49416885587374,154.05626959654103,153.5890922537766,139.2277005791459,140.7544003878322
73,2.433333333333333,122.05031452182385,140.37983560349335,108.46453811141333,112.78153846809649,151.78338952870544,153.66022416986573,138.29533234238986,139.79716444807016
74,2.466666666666667,124.27714595384106,139.704460834251,110.84766617602571,113.18825978743587,154.28313583122105,155.1835060765781,138.37301998976196,139.87667687077942
75,2.5,124.45883859188358,139.25050460014134,110.30814824080413,114.84511686999774,152.96513853356046,155.83668750186953,138.01974970460884,140.58593155839156
76,2.533333333333333,128.76881187710933,141.93615696464408,111.8750001292058,116.19153387949544,153.7331704333659,156.3647466405865,139.7535333666459,141.07168207494016
77,2.566666666666667,126.90424065249925,144.77801281173294,109.98731698742351,118.83703966381536,153.94664154222755,154.82732927372672,139.1063872149759,140.9373119182284
78,2.6,131.96490454753584,150.354406371284,111.26331565250463,122.63038674561105,155.38076332398003,155.5410877888279,139.11915324836542,139.9375945668963
79,2.6333333333333333,133.9590891918586,149.02160879271574,111.85255369450493,122.85510606138135,154.70365203777175,154.64132106223087,139.37529211013512,139.51557369698583
80,2.6666666666666665,134.51254925201079,147.95037258004123,112.42922901153233,123.37698055443971,155.00769963532005,154.71299543166057,139.0476396115226,139.17145136511556
81,2.7,134.98853578704026,147.85400212930256,111.95104684827648,124.14821031570771,153.7806433238899,154.09107369865197,138.15587303773654,138.63491873107765
82,2.7333333333333334,137.41824885925274,150.74185217185735,113.52059476771852,126.87729188409472,155.4725740163465,156.21897400683227,138.2950276526661,138.93379147635193
83,2.7666666666666666,138.30571904968542,152.36097211624556,114.02338348973088,127.4793478338794,154.4915447333892,156.20910746717286,137.94171668683776,139.5034517149913
84,2.8,140.31656571716852,151.7980275174737,116.30973566418578,128.93280860643227,155.76191735672006,158.4812855676728,136.9661875434598,138.41397192356814
85,2.8333333333333335,140.52050361353938,151.34967833322665,117.46432601229837,129.59886052852812,155.6024908505135,159.11645739102977,136.82185234942537,138.89519830458184
86,2.8666666666666667,141.0702738650056,151.85848763062165,119.22853130949596,130.39518860542267,156.27829787284813,160.09303856001048,137.45961108740045,139.56873105114514
87,2.9,141.75104908570404,150.9547293827016,121.27433929058745,130.40161311729608,156.3286051330081,159.63561179964358,137.60653528067775,139.7333342438156
88,2.933333333333333,142.56822319152005,149.6863169505176,124.26436213449858,130.1474391321818,156.6218971564731,159.91239665630536,137.29078502874353,140.04476818119636
89,2.966666666666667,145.18628713243513,150.48802607789966,126.37800748581394,131.25849589202295,158.00817852669746,160.58144793604257,136.32245800260233,139.71679683365207
90,3.0,141.58345960506747,150.38500143625674,125.8147247897794,131.7691399293719,160.5032814915788,162.57309999480233,136.366752119644,139.57582647254642
91,3.033333333333333,140.2554017873886,149.9459459802491,125.08256362337326,131.8681957937372,162.085533297123,164.24808846103483,136.122608971347,139.61285206192508
92,3.066666666666667,136.13891920041002,149.75260076626867,125.2550020666514,132.16741375033055,161.05517030185732,163.6246320173626,136.30670469003292,139.61924735440013
93,3.1,145.53139868075937,152.1391146992965,129.46280662778352,132.59351835083322,163.94760355623276,167.4171410277471,136.98377634493025,140.6722529775243
94,3.1333333333333333,144.77221970276287,150.05422553651303,130.6658984646399,133.5969518639747,164.56541272424056,166.06831267223794,139.38931825129552,140.83811264917443
95,3.1666666666666665,143.8502070109207,148.8022333693055,132.9997324984504,134.18111739035098,164.17974256285214,165.2818107597849,139.7164702558826,140.73509499853245
96,3.2,144.97821218927285,148.83572542120876,135.02419931043636,135.01665758361136,164.80594543371896,165.7460727517334,140.24462175706316,140.90031949486809
97,3.2333333333333334,146.13765212342304,150.54757294943155,135.33507475860878,135.13038395912602,165.54776224705242,167.26068700459072,140.80198422820166,141.48765704129204
98,3.2666666666666666,145.05360103318566,150.17847222970508,136.52317137307531,136.4514650263222,165.35044338999535,166.90561991206891,141.04970500121132,141.4295680907444
99,3.3,146.88450196191891,151.49093426320303,138.12511229332995,138.1624772515151,165.1393307231781,166.84749810956453,141.35520741768707,141.38724467306284
100,3.3333333333333335,146.943565914324,151.87577125788707,139.18060730819928,139.0511267864183,165.35303164062987,168.03131343868793,141.2042131856996,142.5726505712588
101,3.3666666666666667,146.14838681662707,154.56528846922492,141.59457174023902,140.53416312316247,165.2936087343808,167.566597583679,141.25618820100533,142.58956825830234
102,3.4,146.08052182708678,154.127514189418,142.26657959580172,141.08159922772384,165.00266144270648,167.7583620987265,141.62019517894961,142.47619050157138
103,3.433333333333333,146.42158721211237,154.28545932039427,142.0937244054609,141.66904630359707,165.12233000137,167.9214108771644,143.14215324206938,142.76263198317733
104,3.466666666666667,145.304222848054,154.51428097326288,142.3505471257034,142.14905123229997,164.1252119254414,167.71511510502643,141.11720894111167,142.47278902114186
105,3.5,144.97725186578305,154.5824747107156,143.00562936572538,142.9368680688467,163.7899306181081,167.69834260297463,140.38247534455192,142.2230320382114
106,3.533333333333333,145.74820309724657,154.31136015902052,144.57156516359873,142.9672530388836,162.508759228674,167.11322973149663,139.36584214696637,141.57051614206617
107,3.566666666666667,146.764315522196,153.4871845605165,147.38349385338682,143.55003216002888,162.777576896953,165.71708247564015,138.77174933373706,139.99998423170518
108,3.6,146.72053304767672,152.94290613474763,148.11133936078213,143.6307991006063,161.74023594430497,164.51478882557828,137.22380972084045,139.18821698492874
109,3.6333333333333333,145.49998588795674,152.2761241240773,147.70540239151327,143.03857036297345,161.40350657554166,163.4837667749791,136.3745715192342,138.56422467308258
110,3.6666666666666665,145.93634611238002,151.9625854068751,147.80456450067618,143.1347652513455,161.55724750882808,164.83451045754265,136.34658525384233,138.86352420150808
111,3.7,145.45292918744497,151.17757009532914,146.86259760279313,143.23030926334548,162.77971074819237,165.09454440197155,134.8219407174847,138.6900953900829
112,3.7333333333333334,145.09657156859691,150.52471150101584,147.51750912253158,143.1683755732584,161.44577450519935,164.4394581368412,134.00866621925405,138.09983012570476
113,3.7666666666666666,146.11734516840775,148.63903594709197,147.40433263458453,143.76242631341668,160.78912815659285,164.09273724595914,133.48807720147266,138.03300228555452
114,3.8,146.9739746224081,148.68192636728216,148.4146231437471,143.87677854600608,160.6723691444765,164.13699134610232,133.15166448508978,138.41257336867963
115,3.8333333333333335,146.4941424611622,147.55618819722991,148.3337851230442,143.70573582507635,160.5301751593145,164.53518645280593,133.26803661920954,138.4357409517625
116,3.8666666666666667,147.5598523403467,147.4337294611239,148.03651664122197,143.1919042060258,161.20823375475862,166.62860065705908,134.46751163354494,139.47683424902004
117,3.9,147.15532311691354,146.22926773221243,147.98054638854893,143.90992713353896,161.3237839041585,165.372276869408,133.682430178688,138.73945570193428
118,3.933333333333333,146.84406153638292,145.44310145685006,147.56464796025472,143.5855597340685,162.54458956693446,165.13712978865013,134.75378201728918,138.32921647331082
119,3.966666666666667,147.38629822994824,145.88538197761437,147.5535403570831,143.34385914944886,162.13082356801803,165.03242470520155,134.98148582400134,138.5748689812193
120,4.0,147.41288013935744,145.21368999953555,147.65033343310242,143.24449860133026,161.93692202088175,164.60834309852888,134.59495726383918,138.03419325451804
121,4.033333333333333,147.9340610171178,145.45840127933312,144.74562352177324,142.2419010097913,158.43508119472594,167.65264902504975,130.30836222503297,139.73057288811006
122,4.066666666666666,146.8673207819689,145.1655480235133,145.14289031267853,142.4648254636005,161.7192153195196,166.2529418129773,133.50847173951425,139.0561967678754
123,4.1,146.8610300667893,144.30994578172582,143.642081183617,142.65804170463164,162.32642289541957,165.58116824986698,134.1902667281367,138.83252991679387
124,4.133333333333334,146.84516685220052,142.66587809427597,143.55842513403707,142.6547372976793,162.01701807019398,164.39768009508566,133.5774759540855,137.65267937425892
125,4.166666666666667,145.98522696543526,141.80069501870736,143.46331506062052,142.12000729982037,161.87358812783137,165.00550003791105,132.8042847963408,137.43259320140874
126,4.2,145.9565174035093,142.1807229498576,143.8165021317866,142.47454937637832,159.28758951156482,166.16798626202467,129.82621042710267,138.00936148966983
127,4.233333333333333,145.28452078053255,141.3923544684088,144.82340069155984,142.44253642509167,159.07353220360136,165.33230076177597,128.29728942789254,138.196388184729
128,4.266666666666667,145.13862186565146,142.50686862175436,143.98111933970503,141.39314670055805,160.00144642516622,166.62067818862917,128.6213595367698,138.25016819163423
129,4.3,144.834104164447,142.5967164086286,144.65049841614336,141.65720853988168,159.69047249062197,166.26616870972737,129.28151757601205,137.83666815118355
130,4.333333333333333,144.8717748329998,142.46917956239568,144.61486644267077,141.85378761362853,157.80763781490873,165.98567292337287,127.59674806482735,137.78103954634253
131,4.366666666666666,144.53691083036574,142.63906274721458,144.42658175399373,142.15375670950993,160.1848800709949,165.32321007996362,130.53101994118973,137.5697446398717
132,4.4,143.89029729763348,140.76031804501545,145.25564818691933,143.2751565420068,160.2288310641393,164.14169459693127,130.01267505367426,137.7690189045782
133,4.433333333333334,144.18201543197156,141.6370531963113,143.81459496924862,143.1622250235547,160.3686111426603,164.77404086969344,129.62753792987453,137.73440112631627
134,4.466666666666667,143.07096861462446,140.9937771573557,144.76460564378664,142.58176329118902,161.3656529313207,165.50524846179013,129.9784630689122,138.19557622127047
135,4.5,143.54890813048496,141.7523514732059,144.3847919121084,142.53024341988322,161.1575887946514,166.01680965637792,130.64160709460174,138.36724811989873
136,4.533333333333333,142.30575666220187,139.97516234731802,145.77130206454643,143.5351329960396,160.71830798892148,164.23904542482265,130.07171076509619,137.7700055998155
137,4.566666666666666,142.94344441677129,139.43460618814467,144.44716316578348,142.1266050358153,161.13005722127352,165.47451012924998,130.18002717752287,137.89042498212166
138,4.6,143.600863386897,142.00130730221906,143.66297573475254,142.85506334327326,159.216955390677,166.6203553818026,127.79603671612423,138.5157645429871
139,4.633333333333334,142.95716055274212,141.66215091699044,143.7656376856941,142.36478700532095,161.6946185731967,165.9823997780687,130.38667362009835,137.84505527661165
140,4.666666666666667,142.8248394474909,141.50417391091713,143.46336455008552,141.63612011891422,161.9062187596763,166.72794711437487,131.13325664229689,138.4096022440067
141,4.7,142.7870415570779,140.74388250683248,145.1707875110125,143.6651456742961,160.44109375493272,164.98409477482676,130.57023149295753,137.8122423275975
142,4.733333333333333,142.73436745664344,140.98498818927743,144.69711238594718,144.0368759281775,159.57116786498494,165.86744911391855,129.33682254518763,138.81811281800327
143,4.766666666666667,142.07348984152793,140.99338673814296,145.1900067470393,143.8290519241993,161.05785545608407,164.37228115421124,131.40214453097235,137.73055513345548
144,4.8,141.88990256713066,140.9076959206565,145.20660837790288,143.50570685314133,159.8703463866722,165.14187129530382,129.76200271592296,138.03110694864168
145,4.833333333333333,141.91825029614836,140.92102061668973,145.4062911807421,143.9388681967109,160.28952976296492,164.4735678388466,129.48109527116557,137.62146316946652
146,4.866666666666666,142.22109089814947,141.90556864602127,144.81013260405254,143.48309719347782,160.12286971889105,165.59367169071535,129.51401166015236,137.54190897990333
147,4.9,141.87179804469397,141.8055281804391,145.07660862921017,143.37244211460822,160.22395291136792,165.69595813653183,129.69680111513696,137.78581701482477
148,4.933333333333334,143.67631377047195,142.4060172723403,144.44263926007665,142.28921576773897,158.71541320733303,167.46592248543223,128.83907139982782,138.93043145458785
149,4.966666666666667,143.55476358439992,142.2712122565375,144.51270108760417,142.3338491554407,159.46601093097868,167.55249366288285,129.31764275241616,139.23366696396874
150,5.0,144.03714989573592,142.98319141898887,143.92910532692747,142.22923344827342,159.62342622824104,167.64087391514286,129.69373590368443,139.46863455257
151,5.033333333333333,143.6605391947799,142.66999340021073,144.15925723637937,143.18083309249786,160.21362443616346,165.54160513890326,130.19106931189555,138.20098065526318
152,5.066666666666666,143.7289788034665,142.94315874563625,144.6191970249471,143.45171446010545,159.69781967432053,166.2022708996071,130.08884372959182,138.66120432667472
153,5.1,142.3243303036728,140.41729102475037,145.86905296439954,143.37194283611464,161.24188042241585,166.94677035542594,128.97434085759159,139.01472617221748
154,5.133333333333334,143.54736922528338,141.31670966954377,145.46231900793623,143.85112734182403,159.95998748304356,166.56594654200933,129.38759746201765,138.7303547088893
155,5.166666666666667,143.00778038858994,141.8863900817993,146.35252111463234,144.21805608013977,159.91963792127672,166.54888206387895,129.33536104543418,138.96943162860313
156,5.2,143.35204525942368,142.55008316861853,146.69946479091857,144.83482196959403,158.8593856131,167.07134142715793,129.36539642405984,139.63874519388173
157,5.233333333333333,143.52695146348518,142.56099086074371,146.7047944788622,144.2239783667024,160.16461827620577,166.92468461840693,130.2752692860182,139.31827925187528
158,5.266666666666667,145.13025310906798,144.72777998528915,147.24089211104197,145.0429638098816,156.54011022361283,167.74061505392413,127.60741319327603,140.42918623416588
159,5.3,145.1428547470236,145.21686219908077,146.7022011129272,145.14615137297255,158.82392654084478,166.11928822845738,129.8085280062511,139.48018471867016
160,5.333333333333333,145.54404020903866,145.38778599348024,146.64834971101965,145.18127793891497,161.3433966027972,162.30718387894777,131.4390602574803,136.63338298729448
161,5.366666666666666,145.14661213573024,144.26814504080892,146.52179341631876,145.72141706019517,160.04029784370266,162.09324552415987,130.75325658587226,135.5850564490262
162,5.4,147.1379374572909,146.684661262268,147.8038203652304,147.41583362569136,156.29298741183266,161.74052188351504,130.80425579209475,136.7122053857342
163,5.433333333333334,146.51687353566524,145.19877136475108,147.97773524052587,147.08086207648617,156.95857467735152,162.48639491121705,129.23126379920075,137.3488134083081
164,5.466666666666667,145.88044208202433,145.28540643784245,148.3878269474255,146.86217829034305,157.8873660717034,163.80063513955378,128.3157777015016,137.77665129118762
165,5.5,146.49914147818393,145.62054805422514,148.75551943375217,146.58486317629684,159.25200136659828,162.4250034628905,129.2125229543328,137.32741770954172
166,5.533333333333333,147.3579954063105,147.89136984332134,148.0952225386742,146.03004979938237,157.32057655583878,168.7914137682899,127.91847440085895,140.97139180033722
167,5.566666666666666,146.84336903049956,146.6329392499606,148.22243622676635,146.27472575806604,159.29596400056414,165.104079796155,129.40373864260386,138.5539982872081
168,5.6,147.02587447810345,146.53136496129866,148.48231106068167,146.47897260935946,157.26659922787775,167.40892966141985,128.04343474094205,140.2217568523632
169,5.633333333333334,146.37607532260716,146.7467813253932,148.6764501930434,146.99789530053982,161.69972476286338,164.77199855998282,132.9372421027675,138.5726181779162
170,5.666666666666667,147.49763448806465,147.9378474566212,148.5532678794976,148.05064990545114,158.23866899910928,163.70048465725918,131.5443045009519,138.43870199950283
171,5.7,147.01966368772472,147.64865430646216,148.54203972110906,146.8858424875027,157.474596266257,164.52450320444578,129.93116387355914,138.34471572722683
172,5.733333333333333,147.7471019636555,148.1546611848574,148.33700618999634,145.73083407186107,155.66287866109317,167.52332311346592,128.36035529850105,140.34425820296704
173,5.766666666666667,146.72639480536083,146.9025132541455,148.8132456011837,146.07693263668696,156.01607340623156,166.78808569346953,126.21237856056545,140.13212184416196
174,5.8,146.6059803593396,146.8979241237259,148.22895299697828,145.65001489754806,157.02192996539247,166.8855323486285,126.59369306613013,140.2365366150335
175,5.833333333333333,146.28277149617432,146.88457923113492,147.99350995756976,145.66376988066727,157.39580314827958,166.81089174896042,126.93616818200536,139.9970664150489
176,5.866666666666666,146.0740641749935,146.92214943329066,147.64962420638113,145.51166165142547,160.11117689051488,166.0572157828563,130.7889700629881,139.82543851183246
177,5.9,147.32975169498854,147.40298056643056,148.12906293454438,145.4345538243563,161.29745316214508,166.3721084279531,131.3117569442596,139.9070221593829
178,5.933333333333334,148.05896930249025,148.18899463317067,148.60761506460713,145.38620166709745,161.65529197629277,166.26926073730732,131.49575338192935,139.79515442094132
179,5.966666666666667,147.94198611834582,147.3708913097912,148.48651862481148,145.81248774288662,162.0578632297165,164.6088828725712,131.8298236800472,138.81053809482702
180,6.0,148.58711743573124,148.17934920645666,147.79822978522557,145.14259936527,161.94234657148735,166.0237487811619,133.58527606701523,139.68212308806787
181,6.033333333333333,148.78939470427434,147.76665747850885,147.943984508321,144.69009910084574,158.6012721812113,167.54351666874,127.47911032206585,140.02407199035642
182,6.066666666666666,148.97395190480466,147.51325836563032,148.5582532418269,145.1344039452968,158.30832113623273,169.08072664269565,127.74116271175342,141.37429270130545
183,6.1,148.02990001649547,146.8135591023212,147.8342990034887,144.94331802049115,156.2698831470617,166.44729570509364,125.35176505113476,139.92562634890493
184,6.133333333333334,148.30194766636677,146.80247999712074,148.33237313894247,145.03107775280222,156.22185951711566,168.47598587860068,126.21103974984004,141.08090634746694
185,6.166666666666667,147.22127917019222,146.08588533850406,148.36320723316422,145.25419694328386,159.3652754940256,167.2278698218984,128.87828663405077,140.02800085432145
186,6.2,148.24125504624283,148.43873737275646,147.38082974945885,144.78035377199038,156.8020860093693,169.3103724463743,126.7442094659406,140.98517010407173
187,6.233333333333333,147.15374120412773,145.43309795736408,147.83802675038413,146.05277771723416,156.9368081297622,163.11623392012453,126.30696685491527,137.94096781911358
188,6.266666666666667,146.27413603654682,145.14007787501313,147.51760379769826,145.62321044095543,158.13184722711628,162.47564947908893,127.34893064500909,137.45571101394793
189,6.3,146.2421708494747,145.45078681259307,147.7263469639179,145.9463802788936,159.74519229109876,162.18912426171718,130.0096177665743,137.34424838359735
190,6.333333333333333,146.7677693274043,146.58368505516026,147.86679385306184,146.07994496131346,159.13635582425206,162.59419178211692,130.3173692364113,137.82052970792824
191,6.366666666666666,146.29971134347701,145.6292607522075,148.46297744979458,145.2450607409052,160.8840602398395,162.13836478917423,130.9490513800733,137.45780063223404
192,6.4,145.902201605815,144.375351591215,148.23356897180986,145.5273648793892,160.59664862474528,161.42691334563133,130.5211923537464,136.11136768917183
193,6.433333333333334,145.56164880706208,143.30827222984814,148.25147424626772,144.89012388915708,162.15852713169477,160.96348283946404,131.5849572043054,136.27069223572124
194,6.466666666666667,145.24913582860762,144.82136145508605,148.04146471049833,145.1736910014465,161.62373306105627,162.98218792104376,131.14699665925613,136.8422817658944
195,6.5,146.59120759941163,145.7635842931899,147.44586155222066,144.74719868531668,162.37136687648177,162.89191470271342,131.83328040792404,137.43954784069143
196,6.533333333333333,146.8685792093674,147.46447662761588,147.511656186754,146.16175723968254,162.65399780103667,162.36177590712742,131.692097481344,137.6327758696353
197,6.566666666666666,147.82661938308917,147.1040115656702,146.3303909057397,144.98498130171433,163.07827200806366,163.8020568862771,131.89914634822543,137.833056934868
198,6.6,149.95215238239243,149.28387145041268,146.0616797702933,145.21149081835947,156.9609998524145,164.24735285980742,124.738601720271,138.2361379507217
199,6.633333333333334,151.3021573612279,152.58212779489958,145.73322911856997,145.37916853289659,157.69102478247683,167.24325515115385,125.50452304263709,139.72147389109367
200,6.666666666666667,154.11182612913336,155.136672808166,146.80189546946897,146.75412375200045,149.04207654188966,165.28232588428205,120.1666800265055,138.67624096506836
201,6.7,154.25552772553993,157.46878718398494,148.10027065214769,150.30322576673018,151.7286561409621,164.12710169143023,121.48303498956963,139.26195242913371
202,6.733333333333333,156.21377255058476,158.93225525780355,149.33582204015775,151.64370454187892,152.2796029656859,162.5110973693786,122.23549724573842,138.99479401719034
203,6.766666666666667,157.08486691857846,158.85542686509277,150.55452953875306,153.6555745538776,151.75000131910787,158.55717562584277,121.61515712807343,137.4536297934439
204,6.8,158.8649877846983,160.10074114959076,153.88467314020275,154.4310816930373,149.4724108721648,163.63751018279245,122.85275524215305,141.34079242907214
205,6.833333333333333,161.5320022199813,162.1220242005267,155.56214044460987,156.7418050857765,148.29006432817786,164.07374735385523,124.1406140395542,141.4044961318386
206,6.866666666666666,161.53107815012962,163.836313946893,156.01540686334687,158.4758584388861,154.77291863480215,163.50687637682378,129.80238648051494,140.7548762492987
207,6.9,162.5708735323313,165.47236820708022,156.84813393656273,159.84614837910718,154.58915882853205,162.26418190101558,129.48514557881006,140.66285889343217
208,6.933333333333334,162.1107533130294,165.83539533002775,158.1584506455776,159.96621162926598,153.40532229291938,163.2233740035399,129.73670822514543,141.45664987971125
209,6.966666666666667,161.46322804989214,167.87910049007553,157.3558127396828,160.6135654665817,146.69819382241747,163.03812941311546,125.26175993755598,142.14513654243848
210,7.0,161.5607073030405,168.22621322227377,157.5669910093022,160.80781456847862,151.0282812587096,163.53049544754754,128.92369203977879,142.19212114009915
211,7.033333333333333,159.38420965198603,167.828614310198,157.48838950785992,161.540938807132,150.80713321273018,163.17779809139589,127.92509811098107,142.5896977676019
212,7.066666666666666,158.38986146842578,167.26285485145846,157.7522049247997,161.98109079036752,150.36844540025515,162.08367797164814,126.89898140313076,142.40847809361713
213,7.1,159.6971351467737,166.93400226862408,157.87873180670402,161.12913421740973,149.91537490839323,163.1981800523617,126.05247417019042,142.22730335457902
214,7.133333333333334,159.83599237199024,167.19270757785836,157.9825044191972,161.78908047602985,149.27789516410516,162.4953045976564,125.25845678244477,141.60624845582922
215,7.166666666666667,162.61494807123037,168.14461544048038,157.4823885497567,161.66638690711474,150.52172580927368,164.26932931146925,127.6474966878968,141.9726647805373
216,7.2,160.13338466035376,167.5902496891684,157.59516638331644,160.71113340329384,151.63924124003813,159.16954956526087,128.77132405046166,139.56386651606184
217,7.233333333333333,160.25059345163973,167.9988217077931,157.30116433693942,161.05548424613977,152.38924789568944,158.99658247351215,130.1571141468081,139.83802471421163
218,7.266666666666667,159.78914479063445,167.79520101678477,157.4358952415334,161.1425518227891,148.9393469684364,160.5093169095199,125.75092685044974,139.7150713739878
219,7.3,160.64522178308314,168.50722467278896,157.33559797721855,160.07798676154493,156.0185121215,158.02275862004316,134.2230950861397,139.5336111341128
220,7.333333333333333,160.2391462714634,168.61519537875716,156.61304664738154,160.42649039724685,158.5715572130219,159.26718563114807,135.6733812301548,139.23211114498304
221,7.366666666666666,159.93609814816097,168.78257437803583,156.61216962939235,160.39159486653756,159.38679040177823,159.61841865097733,136.0819172711711,139.23807197677274
222,7.4,159.40191081054638,168.93316318605446,155.859600101655,160.17811041280825,158.5836745523302,158.83905224682297,135.18609025837614,139.28505734171637
223,7.433333333333334,159.60383020117746,168.74265652229917,155.8305439594843,160.64309760343056,159.16214987177125,158.27301628135288,135.54147388331708,139.08064469163946
224,7.466666666666667,159.80812308833407,169.2396614085061,156.03002845491037,160.6326647442552,151.89224218303542,159.6952652979969,129.85169093568976,140.38892366930335
225,7.5,159.12377720829713,168.45816346318955,155.66348577156774,160.0425740286893,147.6422513475526,159.32770814094704,124.36320111900304,139.41900732267345
226,7.533333333333333,158.1744549039373,168.64198802240327,155.5002610503729,160.689617159854,147.5274505873842,159.97079539707627,122.80729400988275,139.96814606230308
227,7.566666666666666,161.07143911378253,169.1405393208151,155.31996489813645,160.67363340226797,146.58592736348405,159.40857440728504,123.97457318045441,139.73971349086642
228,7.6,159.6496550455012,168.4731759410346,154.52721652166895,159.60238074398578,160.14751095502947,162.01834686354005,133.83200561938594,140.39922593494578
229,7.633333333333334,159.862075431311,168.5599006763311,154.89626110394698,159.51148875746273,159.34292506741912,161.9141404353061,134.27787591642453,140.8588388591832
230,7.666666666666667,160.30235756773646,168.36669634780054,155.31343636111268,159.5944465556668,153.7848663945962,161.6156391295499,129.1668734341425,141.2591594193587
231,7.7,158.42807263995107,167.764195425788,155.32029194044077,158.83347823489007,157.80514476491965,161.35695947855524,133.09176900800745,141.31615124493317
232,7.733333333333333,159.15153127456884,167.31719895163326,155.23322857221467,159.11568688187467,156.93643448851222,162.81935863701952,131.9877301821656,141.50729195162376
233,7.766666666666667,159.38241658959785,167.30901777632627,155.5947453005205,160.25430652081366,155.489873929861,159.0423792755257,131.63498808954344,139.26801926043066
234,7.8,159.81413910221002,167.1995723243717,155.4871814218203,159.961632250182,154.70690731864605,158.83694214154923,129.99873623688842,139.0819627028882
235,7.833333333333333,160.4077015897757,167.41241303633785,156.09553763925916,160.0759547117695,154.63133256558268,158.88115013495218,128.96060038327087,138.51719037374602
236,7.866666666666666,160.6404288887584,167.66693863635118,157.1314035810868,160.35171139731673,153.24118135439792,158.70138379205557,129.15979939574373,138.75056416428936
237,7.9,161.3383228965879,169.2872447510147,157.08718610519193,161.4121348079646,153.63340871403827,164.93160265251004,129.11944739356485,143.3801507145255
238,7.933333333333334,161.35181725785014,169.8433394553333,158.60059528496842,162.98360096414726,153.09919757103197,160.43121421949317,129.1181813782104,140.02587777592225
239,7.966666666666667,162.0108320156651,169.8664616784711,159.10672470295154,163.23433252724885,155.4447464796741,163.1747763318299,131.93536326131056,141.74799083368887
240,8.0,162.98903404676147,170.24893743116638,159.6777276426901,163.8104161836088,153.58840071036784,162.6094966605454,132.34001861772916,141.30538716576532
241,8.033333333333333,165.83172547368673,170.0819080675156,159.83247374393216,162.4284217975428,149.90457269840041,163.59865839549076,129.00648904602548,140.5126019288679
242,8.066666666666666,167.6747464214738,170.82014000253378,159.91035722095148,162.7399771364484,153.91446276255573,162.57953271559845,132.3658315632552,140.05155579371302
243,8.1,167.3766092750312,171.60368257526486,160.16092940328875,162.33187456722058,151.43734901908863,162.82992067176679,129.60929939439401,139.95245797657483
244,8.133333333333333,167.3116755540708,172.22413980586998,160.84117865219406,162.56909391687773,148.46220849700674,160.71633337656183,126.122755383812,139.57453557955287
245,8.166666666666666,165.97797386016808,172.20668522598282,159.80221258747937,161.19710738293557,149.23243917937344,161.5778943692114,128.31347540151438,140.67951780679476
246,8.2,166.34603908325454,172.36118737396458,159.93378326552352,161.46176580280024,151.26411694578073,161.01889215603018,130.5986168813317,140.27719930752713
247,8.233333333333333,166.65717388939856,172.4737437225264,161.15172641070626,162.6291889899781,149.51535864478333,160.61020461442027,129.4195065984523,139.17389556362988
248,8.266666666666667,165.80847012140086,172.17185810449385,161.17649988246302,163.90451194649484,154.89842334726134,161.08051352449658,132.65885065063307,139.2221969249834
249,8.3,166.4660580761638,172.42986825355294,161.26810596989623,163.84337428642885,155.34020231984334,165.3444327463363,133.4161714673897,141.9635097923812
250,8.333333333333334,165.8737780261206,173.68749691869584,161.2300669903245,163.28895656051344,149.4307039763807,164.86007460779683,126.73555250801233,141.4523214108463
251,8.366666666666667,164.53834170967957,174.5373221333285,161.40578443697737,164.29704846864388,149.38233917516902,161.6932301759509,127.8990161330907,139.25115488075937
252,8.4,167.72045799641228,171.93846102949547,161.44504704282846,162.7311443953353,146.82239553807963,164.04972751153477,127.1979340794131,140.16183863422526
253,8.433333333333334,168.21241906639938,171.23439087266217,161.09106143318456,162.5092640273123,148.29110039588454,164.07343832116862,127.20318554762524,140.75399093405517
254,8.466666666666667,167.127508914514,172.53885639930314,161.62044277027167,162.54519030267244,154.5605894953128,163.01793856898541,133.27625946215733,141.65281198271316
255,8.5,167.48321944191733,173.16290901225148,160.84401865164656,163.11855896847385,160.12329341647958,164.6879810826283,136.42937691148902,141.43904559472213
256,8.533333333333333,167.0597443392195,173.43812401031363,160.74794156437386,163.5793474332538,160.67440551966607,161.44703651168967,137.75487271078111,140.75181621667386
257,8.566666666666666,164.15922444363798,173.59904189201347,160.18466978375375,162.8617223363694,159.296206017261,162.32686956333836,136.63570583760003,141.749313364281
258,8.6,164.22237049824795,173.22886477769012,160.39300128755775,162.96967739960306,156.31449383805537,161.83314059063628,135.98615883538582,142.14439357353217
259,8.633333333333333,167.1668829524461,172.08713629152905,159.8333957486839,162.54235924698858,152.27731577702417,161.50052782693797,133.51769168646558,141.9809118071326
260,8.666666666666666,164.53239232254606,172.04364116505073,158.36903287086963,162.2347505362225,150.79172370061838,157.3958945642298,133.9073259214533,141.81017109637034
261,8.7,163.7317214834245,171.49551907529408,158.20611475472913,160.08144380826204,157.32375852217143,158.58772842275602,137.86575904794623,140.86152666838632
262,8.733333333333333,162.23975709263573,169.46337922931767,156.9745302321482,159.7100405504579,157.35235830490262,157.36613320003485,137.3795807023825,138.93217729743182
263,8.766666666666667,161.57587662351528,167.3420864780173,155.85953266512254,158.95934082557878,157.61964401265783,157.43066057395302,135.82732357948026,138.99384904148744
264,8.8,161.86110483086296,166.39274373587418,156.25525215849294,159.16320729850256,157.82045548585324,157.74282252556847,135.37737656724846,139.23295319786396
265,8.833333333333334,159.62276281332032,164.8365601573664,155.48207848932302,159.1550244293979,158.12511088061885,156.3049701512666,134.68247504829924,137.3968634821698
266,8.866666666666667,158.99582128848382,163.07887718586682,154.36176882517816,157.8268529773757,158.9746578108154,157.72417658628302,132.60954113127823,137.94758265153425
267,8.9,158.44584619985142,161.16493011481734,154.8290933435154,156.79416684195627,151.1390724631075,160.47867378305796,125.73164215833093,139.06098154598845
268,8.933333333333334,160.9743042839283,160.42044174164394,154.11268673313504,156.35426779001625,150.33091153971762,162.3319468294795,127.16900899007993,140.79414288538996
269,8.966666666666667,158.56889068056725,159.83522134008285,152.84708772342947,155.61360757941733,159.0768957683576,162.8531256673353,131.10486764653245,140.98994595496285
270,9.0,159.056420888581,158.653739375073,152.53517780165402,153.70864067450182,156.38882722225367,162.99760572624228,129.52338636483503,140.3105522357345
271,9.033333333333333,158.6535856115489,157.60525980214422,151.81865108576847,153.65181347908168,155.44986656919056,162.00143822611665,128.93666867018678,139.67364672882536
272,9.066666666666666,159.21439918426395,157.52420969923745,151.22785683557697,153.2313963824984,155.58236761907932,162.4270840005388,129.41180266329224,139.47086338055692
273,9.1,158.42799232076632,157.90517378319268,149.36793386018292,151.69670713654799,155.72556724912067,163.9741545826273,130.22828621429667,138.73965961794377
274,9.133333333333333,157.96793576059977,156.55279198145973,149.1126390366487,151.25751750253232,155.69258716757145,164.85628990031364,129.38535263488998,138.8830442218901
275,9.166666666666666,157.26421790172074,155.83389633443304,146.86244581102966,149.26548318159473,155.78598922377407,166.10755779670072,129.94610147029624,139.05337640214532
276,9.2,156.0345804329273,154.21148990712354,147.71410682312015,149.0744787152455,160.64581376714665,165.39203892650156,132.29068351514914,138.91905023791648
277,9.233333333333333,156.9298975046463,153.70756577646347,144.00852548718007,147.1024574041139,157.68868493930708,168.20343854475902,128.37677630254004,140.14729578662798
278,9.266666666666667,153.34689834120485,150.27724002906567,145.75174261372516,147.3493412553562,155.71873926808564,167.11089452799297,126.54424646764495,140.88039734438718
279,9.3,153.8570411063422,152.13532369877865,143.9164335993747,146.63988091509137,157.00295401033455,167.40555239563056,127.4954244480544,140.1756124194629
280,9.333333333333334,150.55769875116104,147.8730037557113,145.1622931808178,148.10026309218404,159.14617331986622,164.22690352474822,130.34911503211774,139.01591160245044
281,9.366666666666667,148.44718859921636,146.0271540201621,145.19481790768566,147.4753320456182,158.78909223817757,165.91214555542143,130.24424870672544,140.56816294419923
282,9.4,147.48124833056164,145.13805969039942,144.14731473642618,146.22214842914295,161.05426110834725,166.6477358766795,131.80848234245974,141.0708600073506
283,9.433333333333334,146.83135393905926,144.99833740009143,143.1442590555021,145.74521506451856,160.23914763563562,166.8986719917859,131.32815065691597,140.7933418003212
284,9.466666666666667,146.64506175648734,144.54795515802354,141.90113650762135,145.09003312144134,158.7742456926256,168.5917543257635,129.33226232108217,142.09076011123565
285,9.5,145.91381678127004,143.43371019416716,142.0978705489647,144.48731465349965,161.0299363998885,167.17711723497794,131.89105126277528,141.8191423813987
286,9.533333333333333,144.08431402330507,144.74127548249925,140.90430795499137,144.02544041773857,160.79410805672552,167.65179400166542,132.22854981092416,141.55232358858868
287,9.566666666666666,143.71710341435772,145.24287439035652,139.25927888011137,143.56997753180238,157.3851629119281,168.00842714001467,130.19203697065063,140.94803954968114
288,9.6,143.1288301091842,144.6648700028275,138.06797197254713,142.2071166866001,160.27459660318428,164.73823728286976,132.43424070935404,138.0856541856215
289,9.633333333333333,143.4478343347805,143.9646613752715,135.6821565770194,141.11617693561067,163.63524487458315,162.90692915710363,135.64830630006998,137.12226995511367
290,9.666666666666666,141.66196544072335,143.80853990507237,135.23205233516833,141.5128810744084,163.4715953982368,163.16565645699913,137.21314685120834,136.73902987510056
291,9.7,141.73589867720275,144.4002244301701,133.51847952176638,140.87799774021502,162.78016065686535,165.46673939172726,138.35415448894807,138.00601123943133
292,9.733333333333333,141.05148737977385,143.99760232849394,133.55040111318488,139.91739028614137,162.90841876650504,166.20059149537664,138.53205892082914,138.01265119605284
293,9.766666666666667,140.52595805985914,143.8027822290061,133.53932636690556,139.74412994235865,162.99807280260052,165.56277942210357,138.77782043463458,138.28883717761897
294,9.8,138.9395220556123,142.83395857459462,133.2948790486184,138.5091549150511,162.95125504325327,164.68068424029136,138.51664265869886,138.23236607703885
295,9.833333333333334,139.47494982693286,142.1415273663775,132.60928297284462,138.48845250455594,162.32016332651213,164.06003007864854,137.92880708734083,138.22551583891288
296,9.866666666666667,139.86369504971458,142.11229259955164,131.2545522586274,136.11980867993123,163.75939222985812,169.32094052894658,140.42785204065302,140.8025329168949
297,9.9,139.7982106630298,140.55921678971097,129.99880353999072,133.800059659606,164.55495420147392,169.48223277338087,142.17643662092058,140.601911268275
298,9.933333333333334,139.30091575087565,139.6681940873585,128.13751654339458,133.16601257197775,164.40174562811242,167.31007419349098,141.75366357937878,138.43633164651655
299,9.966666666666667,139.9829094148976,141.02795481345547,126.39018332550852,131.70300737104918,164.27243082107447,166.13793313278327,141.05505950625331,137.98620549998049
300,10.0,139.53254484382188,140.3152893474792,125.52943695523966,131.2294150185348,163.6542679439757,166.02060366336946,139.2883307311749,137.679303669325
301,10.033333333333333,140.52007852417003,138.3967637313548,125.04839232056227,129.1729556984971,163.26340952407176,167.86445102453183,138.48510666022204,138.7324472690703
302,10.066666666666666,139.23399034925717,136.6080151358956,123.30095158674027,127.42514008987126,164.58225617518772,168.52428665001972,140.79207914452795,139.45245479724736
303,10.1,140.06803031902086,135.09343671546173,123.08893436191067,124.21274407260104,165.4610834454885,169.46361296197796,141.6146813377069,140.0038629021668
304,10.133333333333333,136.43087610486455,131.7955363726596,121.35213918188454,123.47952990563498,165.50880011808627,168.29659581098176,141.0031124159769,140.49730352476462
305,10.166666666666666,136.4920881355424,131.77657011617418,122.20169185743345,123.26117751096608,160.29344788957962,167.565445710209,133.06418386301684,140.14548830407296
306,10.2,136.2458806362302,133.27076369872444,119.77602798770677,121.69290142032746,161.09931414402266,168.5603884564082,133.43924237558883,140.69178602556738
307,10.233333333333333,135.80933647672018,128.91094979078775,118.97919655609793,119.98309497498096,160.91782376723845,170.18766023248077,134.58993983846116,142.33952996543152
308,10.266666666666667,134.60331234524406,130.1006986420337,116.66590241626433,118.79372855253621,162.4838062849598,170.32887764930743,136.68429860980908,142.5300943392303
309,10.3,132.92753315167553,129.02686950234187,115.35366498518061,118.59811421329428,163.1840624950077,169.9918210354761,137.06498521327867,142.89324434763495
310,10.333333333333334,132.21463421279867,127.73088424928463,113.31543729172638,116.78106870295794,164.75327722318886,168.47698473380302,139.26929341583892,141.30871776527755
311,10.366666666666667,130.39250228117774,126.17612790604107,111.37074500739129,115.72977799888669,165.8233702495592,167.48462577556367,140.50165700792084,140.377828303673
312,10.4,129.20276942120333,124.09562522923058,109.84433098890534,112.36748207966724,165.59596090532716,167.49308856006112,139.75989194024777,139.80754542006665
313,10.433333333333334,127.84414494947413,122.47112616180596,107.77345843211128,109.94570066195297,166.12452813400753,167.5700972050953,140.4815252002744,139.3967756781372
314,10.466666666666667,127.68421415077114,123.21582005178972,106.68223048577826,108.87428149179983,166.0999691457482,167.46825551891925,140.58939548211907,139.3344613612825
315,10.5,126.51346509111575,121.66945089468629,104.47426927107995,107.5474204344353,166.4051390359972,167.69743675707338,141.06807406069044,139.29335642162275
316,10.533333333333333,126.31033913741139,122.15165312109535,103.11577119891288,106.9397888918117,166.89471413525413,167.96958231787616,140.9335971968276,139.36416734496086
317,10.566666666666666,126.37317326078404,120.95821792365356,102.35012742253095,105.65422965126692,166.80904135915375,167.83411334141613,140.71375931860536,139.29936026892884
318,10.6,127.45074581126563,123.23907905837332,101.51876991460176,103.44460769765845,166.04055432836506,167.97206295739667,139.74836828794756,139.00612525996763
319,10.633333333333333,127.25183355834339,122.27074293448703,99.48415292163321,101.06820575004261,166.79972324045556,168.89227837902186,139.9257855347316,138.6234883423088
320,10.666666666666666,127.36960655496246,123.07509948108303,98.75052919123304,100.86511681572915,168.00576653693568,169.4775362924053,142.92022661583093,139.0117549730912
321,10.7,125.5580332536054,120.8889922426508,95.69201961813957,99.69285846748845,168.84656387212178,169.65892937954612,144.130072329964,139.600450527767
322,10.733333333333333,126.3694712580077,121.67670678483029,95.40745054330762,99.30147882429921,168.50856244313158,169.50911056058106,143.63181109888393,138.83356301861397
323,10.766666666666667,125.55078342938187,122.02993855930676,95.14939697637655,98.29726303730864,168.41814324322286,169.94705078584752,142.89407699375835,138.55193584339347
324,10.8,124.94147731640726,122.72874161756681,94.71491228209538,98.09850136732874,167.54996672538599,169.71602786651115,141.04643768243298,138.3156348708049
325,10.833333333333334,122.5086325298513,122.3665266545777,92.56395361102607,97.78342684303922,166.87598991610668,169.05992255788473,139.65747265117932,137.7704030109971
326,10.866666666666667,121.26724057842179,120.1057865795,91.7294827374748,95.75143881084756,166.2657131328049,168.79299144041113,139.15743803524282,137.64419954309346
327,10.9,121.35426744958055,119.71343428198445,90.97925437456192,93.99318680024658,165.2052313449531,168.7789766408729,137.54931077400522,137.2499688718848
328,10.933333333333334,121.4154360736848,119.93851132107237,89.92826761204344,93.26569805587177,164.17342805324066,168.9107625825972,135.9660459394367,137.07043616154348
329,10.966666666666667,120.62134091304569,117.6127643399794,88.05615250756509,89.33034460260306,165.01700040523576,170.3677142503117,136.76307400265992,136.85753829746668
330,11.0,118.81317537471422,117.79614984961782,87.02021875367234,90.18476590819635,163.23540230980475,170.36369133786994,134.17948631912685,137.15169336339716
331,11.033333333333333,119.69680051776707,119.43195505357465,87.1280727631681,90.33787114122141,164.2864844296039,169.78638357147332,135.4961651856648,137.2154476598543
332,11.066666666666666,120.53458275558364,119.55125815081763,83.89983437161735,87.08024439891815,165.51047526261627,169.56993195282374,134.73847589209038,135.90245049563
333,11.1,122.03475412904713,121.20043893760466,83.98310358089896,87.6161324739808,165.9676752558058,168.614050705543,135.043133479959,134.80917170130883
334,11.133333333333333,121.31891055667604,120.68277322587899,83.54002533066102,87.27848615807444,166.18259886465302,168.47751154425285,135.0383019154839,135.01953915758904
335,11.166666666666666,122.95290123664081,121.97465844485575,84.01558275078861,87.57414337924025,166.56119024408994,167.7309357514942,135.72111405947163,134.10626569388754
336,11.2,121.80247444946073,121.34676138012013,83.41265009916425,87.01296627892994,166.63580632902062,167.66100366029454,135.74033819131373,134.2446050100355
337,11.233333333333333,121.21048434303086,120.45410301894835,82.58340650948249,86.3063126153321,168.63970968955707,168.9137164946745,138.55415549898387,135.50450580684804
338,11.266666666666667,121.88249841741182,121.43879805060607,82.59987920965574,86.93001846276358,168.92620387108627,168.33987520281508,139.31081391610988,135.43393611218175
339,11.3,121.04543727111925,120.73275431072516,82.78833924391665,86.71888541363161,166.51097759868728,166.76101293777498,135.30155829200044,133.60545784306225
340,11.333333333333334,121.12420289280581,119.99924484800817,82.36594539288335,86.05810249405782,166.97266417619747,166.58719292320225,135.87733071657883,133.42738793794692
341,11.366666666666667,120.76155886371384,119.45350336875947,82.14469489638162,85.83561982194634,167.12849190340827,166.5616872600989,136.13992823252838,133.6345385638759
342,11.4,120.56188544020063,119.75899499938267,81.86834095354217,85.92932414194364,167.14491670663912,166.3495753485872,136.37466625024715,133.67864291174314
343,11.433333333333334,121.13553858065367,120.45436090173015,81.6152641048471,86.33400141173722,167.31067543896498,165.81650528660646,136.88056829564482,133.44530826344482
344,11.466666666666667,121.26669124310985,120.87412884484799,81.5363378309657,86.66955061800121,167.17274966868183,165.4486980187071,137.00933720910393,133.21642609404944
345,11.5,120.799168505377,119.90898323954436,81.04126705744174,86.26931646573159,168.22435895884158,166.27473461482995,137.8183991681446,133.56598465930898
346,11.533333333333333,120.46546721163848,120.58556463317953,81.50350720112213,85.9133612587904,167.57975406449535,166.47255493297695,137.7335543610615,133.58123786339831
347,11.566666666666666,122.36619241097135,121.30975602751062,82.68095095119557,85.71539683450287,163.4046353639929,165.23942195891019,132.35082073511438,132.16832784318387
348,11.6,123.45593845194112,122.12117270543793,82.94640279114088,85.73762265326164,163.27247017026767,164.7378338313465,131.78324196478977,131.65450461049113
349,11.633333333333333,122.483891072599,122.06835028934358,82.88934675690008,86.5200325166555,163.01859631481625,164.80380352947125,130.90489532622175,132.07889689074213
350,11.666666666666666,122.5278940873202,123.33597081166712,83.14071865892413,86.80381240471681,161.99225941014285,164.14275641074187,130.23260342174197,131.59268362391384
351,11.7,122.81572665064968,123.30619531081612,83.24487232808565,86.50002506101838,160.2135570202884,164.57508694063046,128.60380599499,131.10967676047235
352,11.733333333333333,121.4142842889863,122.13312931606517,83.39150640893247,85.43633863189956,159.04271893484457,164.79351169930575,128.88190250885864,131.42790734036527
353,11.766666666666667,120.59319893642787,121.27523719934216,83.37279378543379,85.53524654164413,159.06062855950785,166.62773237554714,127.86902450223431,133.2157025693467
354,11.8,121.07685600667567,121.09608653942085,83.26666774141195,85.74754080654809,159.95913845299015,165.39849370067765,128.72068467441392,133.14600889333138
355,11.833333333333334,121.01455996876524,121.04277326762734,83.29930655264249,86.33866801340956,162.6996348169331,165.4853748568382,132.66900427017256,133.4002022986918
356,11.866666666666667,121.70272761262768,121.65144327736614,83.71623540738638,86.80683850312435,162.7768357022457,165.21715841331545,132.8692915260142,133.3737606936032
357,11.9,121.76748996997567,121.92856425373324,83.57706746865972,86.71884106452472,162.1122857168337,164.3655598256875,132.1369622876117,132.59783158080137
358,11.933333333333334,121.16244977634476,120.97976211709388,83.29942969571519,86.14057634234027,161.99627313902653,164.48899541056875,131.94280721622476,132.7795184888736
359,11.966666666666667,121.4983994019062,120.93729390371743,83.11290092213937,86.08823959900215,162.8655868515476,164.680112730385,132.65430386449987,132.9024944770488
360,12.0,121.30396519218883,120.80902111244195,82.97698205342456,86.01309807810563,163.15696943660137,165.2019588693969,132.27409688251805,133.2878211411909
361,12.033333333333333,121.23424596201617,120.97392039855796,82.92697705648565,86.078381312087,163.17089555370436,165.33904420218073,132.08940917677975,133.45572170389144
362,12.066666666666666,121.45983389640237,121.59595681519633,83.15231615481706,86.4326205136278,163.0738042025962,165.24780184644504,132.0223887413595,133.53493783957975
363,12.1,121.6658578750518,121.79007277005395,83.01766226267027,86.52953392629689,163.1391949362532,165.08516031485655,132.04981393696534,133.5367735576707
364,12.133333333333333,121.60691553845407,121.68494489184948,83.21585021631911,86.62474043026093,162.51998729334377,165.92994676240988,131.24005902281115,133.94259449010028
365,12.166666666666666,122.50345097367355,122.49061112548544,84.42763998979882,87.40843639392433,162.18150542200175,165.6928463833253,131.49216967282925,133.8672725055158
366,12.2,122.4505472373739,122.14162915295105,84.70037240412654,87.55584674470262,162.66127997430698,165.76294603231716,132.43383261497732,133.84213322264623
367,12.233333333333333,121.91645933750989,122.25985857862744,84.66742290788156,87.55800887225377,163.03600244474976,166.04367433808721,132.58716062954366,133.75135451146843
368,12.266666666666667,122.32131322844164,122.9966594171571,85.18190994133448,89.06444316351914,163.2010394041604,165.36048798388882,133.15345503522306,133.72996172660424
369,12.3,122.36526944860445,122.62705042883029,85.44041538634463,88.95972418044872,163.33532177847508,165.65174321282777,133.24033113962963,133.60647456556828
370,12.333333333333334,122.37487840348749,121.36153316377217,85.4736168967567,88.27154439600318,163.45472242863826,167.55950788012413,133.33042123233548,134.68440192844122
371,12.366666666666667,121.53955385812003,122.11101192942941,85.00210843420955,89.27198629941448,161.57581099780703,168.80423350856069,130.67422049338126,136.18672906620392
372,12.4,121.7267562625768,123.18158566682439,85.43807843548558,90.1427825015081,161.75708595811122,168.7719433174997,130.86613484369624,136.16606493458312
373,12.433333333333334,120.71003255138523,123.35461773605101,85.98959451078521,91.22656165913673,161.89187926952377,168.7708091383678,131.1813602585144,136.2121342340015
374,12.466666666666667,121.70249874480481,122.83962687885081,87.51256181383825,92.13994889658548,160.86687425883346,170.0614082237124,130.27342954980722,137.99430805406774
375,12.5,121.62174733110656,122.15103725342645,88.81937965245281,93.60436412498876,163.64495685784445,168.89871754301458,134.4205155407806,137.31451933878256
376,12.533333333333333,121.71167012652778,121.73654646973469,89.89576491478671,94.72140245597863,163.01939808122935,166.81498730143406,134.44600558265472,136.0113034048061
377,12.566666666666666,121.80313049225447,121.69338811602958,91.61780747416826,95.69673877656349,161.475714939816,166.51202522864543,133.90938746594787,136.03909150559383
378,12.6,123.28579118923994,122.42668285614258,93.27091373276357,96.69850960223849,160.42860224665785,166.93071287531453,132.75976342953408,136.59593394232454
379,12.633333333333333,124.64405624820824,124.15895474475586,94.55398239592131,97.57898712757031,160.5929911663764,164.70625087032107,133.16587889012777,134.66095445109178
380,12.666666666666666,124.3664652502916,123.27776477052676,94.94741078756005,97.86266767341277,161.66722782789347,164.9080081682997,134.04151053656005,134.50743565782832
381,12.7,122.97658215640342,120.76178670279619,95.84188826700988,98.24844738476897,161.99712510758596,166.7902697383011,134.44005296710566,136.52224809232166
382,12.733333333333333,122.53619723010594,120.15139418508377,97.770505650287,99.61555380786243,163.0401596849109,168.4955783600369,135.88057830819565,138.54824120742578
383,12.766666666666667,126.48124972716644,122.19721693025959,100.8198348479746,100.97797521110846,163.2236680227534,168.80340520579458,135.586506519164,138.2606357611025
384,12.8,127.02819840452888,122.04132366292536,102.11569978778121,102.31323419298425,163.86919151221292,167.69297147146926,136.45530204055845,137.63417271629322
385,12.833333333333334,128.05472960877836,121.90753696288479,104.18154195061166,103.43104241006174,163.98722937285297,166.87198360849413,136.24328789460404,137.75968733487392
386,12.866666666666667,130.01869531935446,121.57369126940523,105.90042084855389,104.39559264288344,164.2937394261405,165.76735869627788,136.0771201017681,136.60891645865615
387,12.9,131.0718905917224,121.0747649006397,108.50382135218523,106.1546086759343,164.74135861543678,166.03401931194128,137.0300228128706,136.69241542923058
388,12.933333333333334,132.80119101097296,121.8882364544089,111.76310256432274,107.19720182704717,165.03832047672478,168.16811233941684,137.07808130197395,138.1271024152096
389,12.966666666666667,133.1753218296097,122.49841301453017,114.51515732550955,109.53731129844773,165.32936998045471,168.76412472639026,136.86473040140967,138.86187834858856
390,13.0,133.98017362440007,122.29675303667038,116.39711469133356,111.4453372314981,165.0579601261396,169.2380262465232,137.51764633969475,139.5342182637181
391,13.033333333333333,134.04692355105618,123.67182170984081,121.85515556126909,115.10217134814468,158.10334571886096,169.31596226411747,128.7462050595878,140.93497321125975
392,13.066666666666666,134.6112307550016,125.28656292164636,124.04354689254208,117.50542369533791,159.4082973106752,167.27201129897554,130.12307388635963,140.04208668321718
393,13.1,135.56079827267976,128.11748572868228,125.32996682816642,119.9022790344368,160.35017948032407,167.13788005096816,131.4692275767077,140.25169113956383
394,13.133333333333333,134.26850430955113,126.42421094374065,130.48006276419702,123.89264812996501,159.3589850935118,168.90945763832906,130.06528784992074,141.356443462514
395,13.166666666666666,136.12587369573558,126.61839414634025,133.19286506878194,126.00772380927795,158.89496029904873,168.54908202499993,129.04071784909488,141.05020139579102
396,13.2,136.70012327222386,129.3592393157243,133.63684408378936,127.54899582877408,157.36683071367335,168.6730882817027,127.739706631056,141.37135348560204
397,13.233333333333333,135.48807773832334,130.20343043717963,136.07025764400316,131.3821398974999,157.3608032135712,162.9621433010345,127.216176714897,137.26476645089045
398,13.266666666666667,137.06988200230543,132.87564576636433,137.09050418047224,132.48594954473512,157.68561586687616,163.06264192434605,127.33165091646923,137.4082403386551
399,13.3,137.21498565202134,133.76524293147375,136.90089604850743,134.60922552116435,159.70439193650017,162.97075992423058,128.5608876919174,137.18612245573814
400,13.333333333333334,138.46335185041653,135.90759888515862,138.6126370628391,137.59429649104902,159.5674746391176,164.0985827930034,128.89951130370844,137.26691921010314
401,13.366666666666667,141.77267991015106,139.04067730864247,139.50711217780193,137.28892509662032,161.21813426608963,165.8334614446118,131.25120365737942,136.86044938972896
402,13.4,143.38738049473764,140.02988146779452,143.32195458940222,138.9300331007757,161.21468615433741,166.9974710822749,131.28267565932336,137.35315813201657
403,13.433333333333334,147.0732616526861,142.0453060747348,144.64420618854965,139.49956021996044,160.12766127717362,168.2782867369117,130.16930593004463,138.53472743441304
404,13.466666666666667,149.02908019957502,144.4613330991859,144.976343857169,141.28333649225723,162.5137464839695,168.8090331439159,132.2789558808154,139.2176790511136
405,13.5,150.40297584149062,146.68503880852728,145.55236630974233,144.29617296908967,155.26443598246485,169.44439927815262,123.69523152450712,140.4392986049582
406,13.533333333333333,150.79276189712525,147.01292226218246,148.34660277755322,145.06819245861783,156.85028506420906,169.32581252034853,124.64744463731634,141.49506131569478
407,13.566666666666666,151.42150825463605,148.00816808306456,147.66697958441375,145.7917553484073,157.27024993935376,168.10768095022675,125.3424475452201,140.9080799744325
408,13.6,152.30844458213076,151.8172147606824,150.95577010020259,148.2726953674799,155.08031154168702,165.5311393221775,126.07024066200582,139.72828343523435
409,13.633333333333333,153.3891674985645,154.14098402945345,150.99855726559275,149.97101306435013,154.98555134231404,166.6388006831278,127.17758971278091,140.61862404889308
410,13.666666666666666,154.74798341574393,156.3247335209328,152.31886463156536,152.3097438943804,158.25916926725975,163.84823032939317,130.9270516091645,139.5319513905634
411,13.7,155.43624115606855,157.94789819843518,153.55475348240847,154.06558904301312,155.6899243435528,162.8470780466579,129.88100349628743,139.82092400627243
412,13.733333333333333,156.5774116543983,159.60008217125636,155.0150405732259,155.9838147051774,157.3047709357093,161.96088367203555,132.0772730353873,139.31691128453048
413,13.766666666666667,158.07192555182354,162.03874526230712,157.34505517448284,158.5569680257559,153.3633889374392,162.39840587535568,128.74165530945106,140.48579592728038
414,13.8,158.96325618379913,162.98344678132895,158.62697623393314,158.71439339769373,157.55469948425466,162.7881878172254,134.35976698481488,141.1448957871535
415,13.833333333333334,161.09416139179916,164.91259080183474,159.89797451330682,160.24121952002326,152.8317645910876,162.2914531740548,130.9909476434487,140.81011845431
416,13.866666666666667,162.02470385143323,166.44930392950587,161.74072259740785,162.81583837617282,150.89458483962764,161.09993880086876,130.71425592831724,140.65552528336062
417,13.9,162.6344645345462,167.19973005158906,162.3674488738836,163.74071082699882,152.06961949295098,162.7062557901969,131.34708351238422,141.58651194940222
418,13.933333333333334,162.6082297180679,168.0807687898478,162.61545345517357,164.54017744640615,151.22430909920564,161.86214220859557,131.2155775029868,141.61438980052102
419,13.966666666666667,165.2405033381082,168.65945546781498,162.57220744643826,164.48857257168007,149.38239827956926,161.81226055956208,130.40624030992691,142.2011068663508
420,14.0,166.25063687569795,165.56972222113444,162.55970051933213,165.15022319677945,149.82541388838783,162.16910027404117,130.97037447474497,141.96236269902926
421,14.033333333333333,166.2925865685794,168.1564525635021,162.49251677701585,165.37340066497532,151.2437516443639,160.21024102062233,132.07968672265244,140.98568696250024
422,14.066666666666666,168.21111058470854,167.0368760231002,162.50418405318203,164.9885658002671,153.85181101847292,166.2537488640243,134.28467122233036,145.15041681524207
423,14.1,167.76546984306913,167.35006231501552,162.89798584946982,166.12396815442614,153.15850871408463,162.81374291762415,133.86516795182115,142.91938663002864
424,14.133333333333333,169.06247563492923,167.6250382415882,163.00889772790208,165.70181686414526,153.94406295433907,164.0915519425694,134.52195648368735,142.96477030697588
425,14.166666666666666,171.34746692702265,168.81003451282783,164.16749062164274,166.44289860287623,147.63014250936908,164.10234000758996,130.73917654435093,142.94984473941057
426,14.2,170.83385690264163,167.84769220201153,164.0592996179062,166.76677077624208,152.0801383383344,163.93832557312936,133.54184086685075,142.7064680880832
427,14.233333333333333,171.45681083430375,169.57334865158745,164.58154281662488,165.41729510271927,150.4796829823465,163.9796082814223,133.71820986568616,144.28164022943326
428,14.266666666666667,171.61877722328748,169.74811618497148,164.6282421910278,164.55252876155083,146.56004325720303,162.90073580257007,129.80954404603375,142.22027476823493
429,14.3,170.03075445809623,172.22817100052345,165.12860905702934,165.14805215081134,147.00577833354126,162.69683931587795,128.1579924695914,141.97679548575186
430,14.333333333333334,172.86087837100453,171.55268208032413,162.93134803109842,164.07435188272518,149.18389429033772,163.32213565288603,130.59477264258044,142.86488578011867
431,14.366666666666667,169.08654212151757,173.7287254652422,163.18526778020814,165.04475390510316,149.03253566312088,159.56572748371673,129.99390552471363,140.5100638036638
432,14.4,172.19296202629255,173.64939052862522,163.79750479440426,164.93987880924456,145.7867083652153,161.6592831672647,128.41948547034144,141.72409416778325
433,14.433333333333334,171.98960283347841,173.81983822584286,163.7383727705176,165.74261639217963,146.60944439328,161.26775350110026,129.1839170680307,141.086920394584
434,14.466666666666667,174.96450027246394,172.10507161345618,164.3403154366366,165.50185885146203,143.21254990347416,162.6836944383175,127.07997428040012,142.0468149777455
435,14.5,175.74348611964683,170.9743030605554,163.72170786561696,164.98397174207219,145.24451440102152,163.3227053961831,128.85915227138366,142.27017138592964
436,14.533333333333333,174.45250299767807,171.67708682543937,164.11878656338482,166.579929599145,147.62609426158397,161.3453365443363,130.71191571739553,142.23941663785078
437,14.566666666666666,173.9052015853671,169.59937335805404,164.46044920962146,166.95572696145328,147.10961275924353,165.9488728900433,130.68558148517093,145.03186340239597
438,14.6,173.0820802567879,169.70503494364652,164.11936432983333,166.8888347585078,149.20406806115014,166.04412915205492,131.09297303023897,144.69835866584947
439,14.633333333333333,172.23462536692247,170.07749188537093,164.13500214866914,166.79792512481907,149.85063320366973,166.69901934395904,131.26733165171214,145.07740924516114
440,14.666666666666666,171.49259972305722,170.77069765661557,163.91055166748833,166.83757619940292,154.33766849113758,165.82360829363165,134.93304820519595,144.44050139742828
441,14.7,171.647204140716,173.1163104959574,164.3433550540176,165.27630788837368,153.77770632610674,162.82606149057287,133.75556474845777,142.48618439972333
442,14.733333333333333,171.52158389373702,172.96326449332196,163.97378429468813,165.24300309502345,153.20696411047746,160.36755951315848,134.82424987490324,140.81296649177645
443,14.766666666666667,173.24188734735264,169.90464706234448,164.51082026245942,166.78450555003727,150.72791438752876,168.54829725510896,132.5983808246197,145.448433958709
444,14.8,174.1142955178028,170.1896285552674,164.613492610024,166.75207813055414,144.13778050400808,167.60832333388848,127.98054585128006,145.4402418787291
445,14.833333333333334,173.5994477444607,170.3138088090623,164.83430343309163,166.89489574766506,143.61381071023962,167.64729835601617,126.85346765524667,145.2254561925574
446,14.866666666666667,173.64208880753804,169.27603056724462,164.9232622181917,166.96633965233366,146.21940405933984,169.2595034309698,128.69874689374015,146.29536814774121
447,14.9,173.51187328156757,168.89688675614929,165.04359268967536,166.85367821492116,148.19612194214596,168.32182261516994,130.4734650859791,145.49718986650396
448,14.933333333333334,172.63338447719602,169.5286308633785,165.11096913352844,167.0579364272075,149.53102496670166,166.8295770695444,132.62951094984652,145.09097618021687
449,14.966666666666667,173.15477362273492,170.6909375443862,164.41571118740376,166.8251730260403,152.3704821993452,167.5739389217379,132.74713581584652,144.90141640762235
450,15.0,172.76927108362966,170.6712837490659,163.76321231910202,166.44546794571266,151.59614379927393,167.61332508486475,131.74743239360743,144.60274993768994
451,15.033333333333333,169.76255162236387,172.30403338532378,163.0709209181687,165.8386147907316,152.4586062266593,167.89899909477214,130.2265565939295,145.13354541815255
452,15.066666666666666,169.7656437275247,171.42802517178714,163.21787630225785,165.4810404158036,152.65619079733634,168.77161130872912,129.50929365475852,145.62965708137997
453,15.1,170.2066621205859,171.10759558665026,163.2765958628897,165.67407867507578,150.93062377464148,167.62231984480542,128.72981104628136,144.75873469985922
454,15.133333333333333,169.58352752227947,172.42591652443278,162.99522809401608,165.68526785731677,148.8665278727318,159.360431643343,127.86691579403248,140.1735994361855
455,15.166666666666666,168.42544951721607,171.87646567576022,162.78885762666457,165.82578604463606,150.34364281598275,160.77468323659653,130.41528742870457,140.12033596605662
456,15.2,168.10941968122495,171.86307914498713,162.89183546523554,166.01811743339923,149.7561237980537,161.63551477283283,130.40192783273343,141.49806111768606
457,15.233333333333333,166.63789117603503,171.13698899246828,162.77439611736307,165.98175953700687,153.86329771946345,163.35843952029472,133.158339639686,142.59719184770265
458,15.266666666666667,167.18953895179607,171.28078922799614,162.44101754223058,165.96359078803022,153.14207608561316,163.55445253144734,132.43560911086993,142.66072373682152
459,15.3,168.88990927104024,169.17761281216468,162.21679541898902,165.37282771175902,152.32809475586055,163.82983786332872,133.03128309557835,143.00060189639927
460,15.333333333333334,169.25812294040597,169.25280411445866,161.9100027722258,165.05137429381705,159.3466867617323,165.82983571112842,138.5264953256419,142.8256448706172
461,15.366666666666667,167.32363442580305,169.58870324841013,160.9291828930323,162.96333925819653,160.84507913022446,163.90576437773672,139.05640235119012,143.26698934026402
462,15.4,168.65176990030895,169.09310116024358,160.73257069830893,163.5071157782064,158.21043539253745,165.050962415105,136.5692629962275,144.70286711720445
463,15.433333333333334,165.8352688469387,170.46748949398346,159.98660274717403,161.57973720161436,158.7659417353573,165.0538123060356,136.36729800141018,144.02267867102688
464,15.466666666666667,169.5542165570075,169.19369795736645,158.77197119355887,161.30326352216588,155.98321876786025,165.46148303525314,134.7019477833366,143.42783668072548
465,15.5,167.56273733920114,168.5515073815317,158.46434771231674,160.31785284098953,158.1414152278403,164.05061438528506,134.60777686897964,141.70615269620959
466,15.533333333333333,166.4458486470689,167.7274605210676,158.47510195620953,160.2695938991288,158.67845907586022,164.3007803267394,135.43057706285603,142.31568067733173
467,15.566666666666666,162.90309829798588,166.90019404929387,157.98124509022543,160.3870424433718,158.41476377512816,164.29101880037666,134.00164279412186,141.96359107316857
468,15.6,164.55057634785788,165.8813454215511,158.4662553346571,159.87639051058798,159.3695883149617,164.5099020121679,135.492161932591,141.70656451977038
469,15.633333333333333,161.85016711977084,164.1549550440224,157.26806934919975,158.8382273153441,159.22070877707114,162.79852096321412,134.6494441549954,140.99397867132387
470,15.666666666666666,162.2507277656737,163.6729873140581,156.86746366470447,158.3393624571726,160.2062380955147,164.07779221484267,134.46974843140688,141.97571929870315
471,15.7,159.38062135079383,160.84865487456236,154.89456205853017,156.86006359344313,160.003603510039,165.2357372198573,133.93673886672795,142.58822605887556
472,15.733333333333333,159.87211223066396,159.94168899786786,153.95919805647847,156.84652491055917,157.13938591914717,167.31830992720532,130.99713124281152,143.80737066706362
473,15.766666666666667,160.63243370098118,159.25967282520122,151.4475103936781,152.4575333682609,162.8336055237887,168.28434137803188,135.33352657330798,142.51414864871384
474,15.8,160.5698282441139,157.70160370959772,148.6540225717747,148.3465058116097,159.4040169310188,174.11888385276652,130.12410255771192,145.6484780147635
475,15.833333333333334,160.51145015405652,155.92591192294066,144.96214638826515,147.91450599440125,158.2986584234441,174.65429330182036,127.54519616070864,147.29403160859852
476,15.866666666666667,159.141732902528,154.71077114439336,145.07612650195003,146.93101493807504,157.6797615713157,174.39572575413726,127.77116816870794,146.36875185839764
477,15.9,154.3990631069711,153.4950503030617,144.66372704278987,146.19529202056344,156.9156551990302,174.11599870569285,127.64985295309107,146.04474126808023
478,15.933333333333334,151.9657336218321,151.5421883710669,144.1909704542941,145.32792410782235,161.10487722797947,171.01104187905653,132.17319511574814,143.48382529044923
479,15.966666666666667,151.23818593194918,150.281832132319,144.62876375570244,144.49210974183003,162.05991866387518,169.72093080585682,134.69870721595623,142.9699424935119
480,16.0,150.7126514856903,148.9460111520919,144.96684607013663,145.17104961294595,162.60649897406046,166.74977849636042,136.03717468691104,140.88987784424828
481,16.033333333333335,148.5272925469254,147.5101618010386,144.25339584025883,144.57174106263042,163.5958813067901,164.9818560685515,138.17110415516726,139.84889077233817
482,16.066666666666666,148.1159660267088,144.93792872079152,143.68201810388032,142.75578789653719,163.9726301325712,165.01673834841873,139.01042236267244,139.6024615387977
483,16.1,145.52185627676562,143.1292297619316,141.0698912705291,141.59473102094694,163.4994036766284,164.67454283667198,138.29298346675898,139.47976204686063
484,16.133333333333333,141.60530728829204,142.80887065909522,138.53741200781457,140.80445278382356,164.14876302553918,165.33201798530973,140.1486357134284,139.7873164737376
485,16.166666666666668,140.5103970095319,142.40217989956543,137.51121892395733,140.36340373815224,162.46672763489934,163.8883292409306,137.93231378133032,139.47583692849076
486,16.2,142.0984078674599,141.50986172024705,132.36509381145135,135.84394284607507,164.01483097169057,168.42671842392855,139.4079696221652,139.93814412800998
487,16.233333333333334,141.51425331279125,139.7088238053701,131.62134159356393,135.06890048375618,163.55892250000824,167.0689256066621,138.70468958249606,140.12079274701085
488,16.266666666666666,140.67017826628543,139.3068906865445,129.48185942627802,133.31878294636167,163.79509653467744,165.76942156342093,138.60913476522683,139.38972605621086
489,16.3,139.06219997390724,137.75529441580193,125.67902388377951,129.59276119011955,164.63941525636676,168.96696803129427,139.79328029356967,139.58175094511773
490,16.333333333333332,139.08700430710283,136.36698440203895,122.74200084766487,126.317329593102,165.5448994927642,169.8041879332617,141.70771808317838,140.38250456421613
491,16.366666666666667,138.4634747861326,135.03366448824724,122.5920044590809,126.7011080053639,165.32250231230603,169.02996207736754,140.97752094330107,140.20661277121476
492,16.4,138.4732926157475,132.7456316676838,121.36501743556302,122.76657046248081,165.6459073959382,170.53565416516236,141.02643955119993,140.9604045433278
493,16.433333333333334,137.39551383247957,133.73724494428794,119.36405987577817,120.21824161310346,165.74596426859085,170.07086909944934,140.14806860550496,140.0884832983763
494,16.466666666666665,136.23692837136363,129.27383401971204,118.7496826167096,120.1943011092324,166.2551624617719,171.19864432114804,141.17937113013662,140.75185626554247
495,16.5,135.2982186259403,127.76085405588042,117.97234106772704,119.78057245927388,165.93996840034038,168.9774890828852,140.48989360952268,140.53619468021796
496,16.533333333333335,136.98123425886172,129.70772792808995,117.32800386330909,117.70958009826843,163.24653682160445,169.97949892864642,135.44581379014258,141.41536997664574
497,16.566666666666666,135.61141231183893,127.63459413136052,116.94202266476039,118.57954167667265,163.37171345371473,171.00012056880664,135.67232257577484,142.83568638068402
498,16.6,134.42205503779343,125.4757009299939,117.74878758558548,116.95132191202411,163.90961235799574,171.00591677853882,136.417462504502,143.537690657064
499,16.633333333333333,133.33212149282647,124.16639062795423,116.11499492677791,115.00886253901672,163.94295345672035,170.79609739302418,136.86084903979116,142.9745159424087
500,16.666666666666668,133.21702620842387,124.38464257701852,114.56358896709692,112.57864778231165,163.51226724774378,170.76898672744866,136.15223713154748,142.86939474225437
501,16.7,132.78045994574074,123.7209676031538,113.17269411640336,110.9635120809127,165.23294681694372,170.29159341514767,139.18694660577046,141.9860342588343
502,16.733333333333334,130.0333381413855,121.89237524460542,110.44970965879375,109.91392578065754,165.7366092345481,168.61175934438683,140.71338939305622,140.77632155753278
503,16.766666666666666,129.8359369139518,121.91006606249623,108.8000772802156,107.88823299764343,165.75215693538766,168.23330024753682,140.968434610709,140.1602814136279
504,16.8,127.36802740049697,121.89885422572674,107.26836381913458,107.98575541625787,166.51735797688244,167.48888845035992,142.41325222312486,139.6803635588815
505,16.833333333333332,126.33080586480926,120.5367610905199,105.88304649076315,106.81956295114337,166.90282853447505,167.71447772464046,143.29812645196242,140.32243034058774
506,16.866666666666667,127.30490330358282,120.51674442939871,105.56638834869196,106.19444691645607,166.26174576507387,167.44888646288103,142.03391751095563,139.71619907295232
507,16.9,127.39573498464074,121.54459664820685,104.25529681523872,105.05268909234107,166.34211238267332,168.10150680948527,141.14629625721938,139.61916731973287
508,16.933333333333334,129.47580244419487,122.16487915436032,104.75318564281747,103.99319650252252,166.43842488401296,167.56638688579034,142.37698547942858,138.6693463474529
509,16.966666666666665,126.49997107022261,120.14162098619958,103.13408213721098,102.61399647219899,166.6891415340992,167.9178301559587,142.66229690595193,138.773087033286
510,17.0,126.05344795086054,119.05816572153552,102.26398856958403,101.92741941613642,166.8622210117147,167.8138545790857,142.79820605373956,138.91528852194315
511,17.033333333333335,126.73197936873704,120.34726975846867,101.26971701300965,101.3579848379287,167.07292063576514,167.56266268355836,141.77852628724509,138.39014520657904
512,17.066666666666666,125.00278242792982,120.09773822143151,99.36246234616289,101.27817244556948,167.93980057640948,167.3110360194957,143.28012299300073,138.81103329542773
513,17.1,123.84614646974423,119.71339059806061,97.74233619133092,100.41269438539275,168.20816751404675,167.42784578145267,143.48494508235575,139.0667841599305
514,17.133333333333333,123.68745835843413,118.59482917028167,96.57954670886741,98.54694902808446,168.421224805183,167.6385339728464,143.80092157763522,139.27316403372944
515,17.166666666666668,123.72017308880962,119.97172640657148,95.05286108189756,98.74680226540092,168.72604805412078,168.04774122736802,143.81181588822395,139.42379421384908
516,17.2,123.12501106088459,120.01180053460479,93.37678164956668,97.25259756025397,168.3338951512408,168.4277180158353,142.47448742538933,139.17839020586365
517,17.233333333333334,123.43331851445777,120.24861576875037,92.9252840855515,96.41115487078523,168.0774079216684,168.13046088535805,141.53657810499766,138.57711006964513
518,17.266666666666666,121.75764429938836,119.41168944296902,91.23365458896922,95.6351214519191,169.36896584426773,169.12443352669172,144.0142970209214,139.72325487816929
519,17.3,120.82996370084682,118.55712796798397,90.73295638591317,94.69794501663236,169.43967771462277,169.76010766397366,143.9453035677663,140.1203906225547
520,17.333333333333332,120.45798766441433,115.71903633078237,90.04590578376595,93.18006043309853,169.58400496756693,170.1007309464336,143.63715944417686,140.1396466995968
521,17.366666666666667,121.65838659703952,116.93109170690524,90.17431939280063,93.20757945357362,169.67377971997297,169.66278211147562,143.91085539371144,139.75980296613892
522,17.4,121.85313812339145,117.56492968171985,88.96412788267548,92.79861725734199,169.8066783963287,169.9922932008405,143.06604306200464,139.51756122137456
523,17.433333333333334,121.58942543380269,118.56236304444528,88.59645260095691,92.20137019453067,170.0550784277166,170.31490211379537,143.19050582429713,139.32135173885268
524,17.466666666666665,121.74175574251896,119.81680892045601,88.16167148907768,92.41281248279827,169.91117953206734,169.45775109337157,143.29793155178135,138.866034398474
525,17.5,122.1584532852294,120.62990858254253,88.13575164043256,92.68789906151304,169.7126986347386,169.04307999221206,142.80505231098869,138.25516615410376
526,17.533333333333335,121.86516440277266,120.58733924429445,87.77075568481835,92.78935840528227,169.5021367445291,168.4726927808644,142.396599399232,137.9749564920506
527,17.566666666666666,121.71507517335102,120.16536452164084,87.60992585552832,92.68923746144608,169.55772266469057,168.63008840386436,142.56491243168122,138.07738061099857
528,17.6,121.7102160440046,121.1873864634607,87.70326595226032,93.41336194432117,169.41213654845825,168.25644224542043,142.24675531377676,137.90040267272525
529,17.633333333333333,121.7367661976232,120.81321278978055,87.70312757886124,93.38407759083768,169.33848289165604,168.1425579562199,142.00963531629478,137.73919251268214
530,17.666666666666668,121.500186961598,120.6062024550327,87.73051260215854,93.37745938236043,169.33216890808083,167.6444134991823,141.49243591222034,137.5093686376434
531,17.7,121.1434712137428,119.56011965003188,87.4669391043457,93.1572357255883,169.4370208132398,168.01554924127151,141.42893933328833,137.73804198294016
532,17.733333333333334,121.23003982533727,120.65418863929823,88.25004052441352,94.39948700249774,168.73807446647734,167.01474844013478,140.82952833293675,137.60412706061172
533,17.766666666666666,120.82191632098474,119.59527533528548,86.57664921096088,91.78662277530896,169.01193070733237,168.11166641404574,140.7221635652675,137.67536906647575
534,17.8,120.87190417318706,120.65941458097154,86.31273418796722,92.4218066906309,169.0542044745414,168.26348114758153,140.4657134256622,138.03376112017582
535,17.833333333333332,120.3591100101725,119.98936613357822,86.07382771422608,92.31883876444336,169.05834956240207,168.25163428074526,140.6248813520074,138.06114975980185
536,17.866666666666667,120.46790688515026,119.83108593541927,85.99037726430727,92.02873519893382,169.17386730525476,168.67177324318536,140.03943346246845,137.58002774212795
537,17.9,122.42008689193376,122.92187958950392,86.79032755676359,92.81706860899469,169.05532351189657,168.01749299158072,139.7488565226394,136.95460198193572
538,17.933333333333334,122.17275746630989,122.42443341314318,86.64464326974003,92.39775592032969,169.01120366872624,168.16068432444152,139.82048803881534,137.01562012931277
539,17.966666666666665,121.82837205933305,122.1745294372015,86.24714651565927,92.4389041786194,169.50833802082366,167.70515505912542,140.2466167050195,136.6273096163611
540,18.0,122.10963952727967,120.30305522625885,86.06898386861918,90.94532685304718,169.54140155540836,168.77912872734618,140.05076575046186,136.70781544490885
541,18.033333333333335,122.30245454775648,120.45940133691145,86.09082598783115,91.0461735088588,169.51088073712162,168.66009438227684,140.53383614190597,137.07408222122646
542,18.066666666666666,122.21462915711022,120.79080321232907,86.06755827347789,91.17796317853818,169.41163126124636,168.58901498845597,140.4887698034682,137.07661638251054
543,18.1,122.22542306461821,120.90692377182883,86.08851484235302,91.14086544015005,169.50854836917046,168.67740676171604,140.6853191218344,137.125231653312
544,18.133333333333333,122.23287160304672,121.2278213784687,85.91714764461351,90.80563066780859,169.4435440235945,168.9589690559952,140.76522250700972,137.1789976736685
545,18.166666666666668,122.37743085661043,121.77518404866711,86.02433453136295,91.28548411924706,169.83864988735348,169.27595964192278,141.76182180574904,137.25093551287148
546,18.2,122.4621757583973,122.7691417237078,86.11508149774919,92.34206431942208,169.89168705105027,169.08019493470587,141.62496692046128,137.10607018267433
547,18.233333333333334,122.2003954884995,122.86094585989943,86.62679348283658,92.76393342337664,169.24542407806229,168.40990078341918,140.71214893250442,136.88847182759957
548,18.266666666666666,123.50739421842019,123.62960384364318,87.06510449646562,93.35896153706261,169.3183135207166,168.5753795472708,140.50213121939694,137.17418993734077
549,18.3,123.71857182411203,123.6623734352245,89.36114360996936,95.09112084149221,168.12194077124676,167.17772620693762,140.26536523214753,136.7320925936799
550,18.333333333333332,124.47651386767348,123.42423874315487,91.71801506487971,98.3229843604057,167.06468079110678,164.13352114274855,139.46541681334168,135.81821032913575
551,18.366666666666667,124.79356688823086,122.19726300659296,93.32206539060716,98.80173019938718,167.4422026617068,164.56984646085783,139.40818845116266,135.99558083133206
552,18.4,125.753418434596,121.89113081278364,95.83270225017132,100.3590499596378,166.1375793281134,164.43488900836658,138.249106362026,136.0136075252232
553,18.433333333333334,126.99451940064625,123.19887580272936,97.91390860565625,102.07126909199079,166.2185072838721,165.15718528447482,138.16403048571664,136.13476794640167
554,18.466666666666665,128.95995079273578,123.96510561760978,100.44787582165547,103.79902769849909,165.784383987312,164.7365779228729,137.71892688814955,135.8230048094523
555,18.5,128.2915404939625,124.741576088098,101.38810609959339,106.77141190479104,166.70626191838096,164.27047270492767,138.3637494073708,136.08790656018442
556,18.533333333333335,128.68119979088914,123.77582059622996,103.60098773035772,108.34970904657722,166.85965722520737,163.84526496324406,138.4611978924196,136.0227884501179
557,18.566666666666666,129.204656069681,120.78214394888884,106.371553789462,109.94579150458664,165.80634418494523,163.78117652828084,136.46753893964828,136.3813221894262
558,18.6,129.92293660549194,121.02796631814071,108.57596052650241,112.20615849022326,166.44883958588971,163.69894222179482,137.16846762742165,136.86442327398922
559,18.633333333333333,131.24816658432496,124.32511181701013,111.96997452128517,115.78730026214468,166.90975240209437,164.01114827499933,137.44756627897223,136.805577892181
560,18.666666666666668,131.85703732672346,124.31647820666916,115.34280204028423,116.47061009591441,167.186223618644,168.03148745588214,138.34761496427598,139.75088126937078
561,18.7,133.20991146850113,128.0464900202652,120.36414563790052,119.70284532955483,166.4740572617476,168.05568421175923,138.46645228642953,139.56535405913357
562,18.733333333333334,132.9975741512191,128.88024335120815,124.37272172961661,122.21133954291305,162.5927770462886,168.9205689110596,134.65760559283973,140.38247007014797
563,18.766666666666666,133.78649018741876,130.14205440297988,127.6235776062197,126.1845293687854,161.70388743915055,168.12663413059371,133.53905597965283,139.8165583928665
564,18.8,133.50569458717473,129.11503982891998,130.7110001095299,131.21898094881678,162.13127290455878,167.24411559421122,133.95919754973863,139.7644401732173
565,18.833333333333332,132.42992865545475,131.73398819127596,132.57051994210917,132.2599889979878,160.51176888401767,166.55258553296224,131.39589186887187,139.09795816852795
566,18.866666666666667,133.63247499106043,133.99263552152266,134.97048984939505,135.24246614474868,161.27545442484904,164.72952302821065,132.70694209517362,138.1295986517195
567,18.9,135.87527385351456,136.88439436145774,135.72314935942825,137.42997451354702,161.0924606556868,161.67348451606074,132.21261533215358,136.34801057144833
568,18.933333333333334,136.23676249057056,138.13257698956906,137.08320682588527,138.72900801161066,161.0930477309506,162.40452139547114,130.7693114482576,136.4477792335166
569,18.966666666666665,138.03173152831764,139.08776023567728,136.95346525833003,138.61357551232862,160.58272839920704,161.29386107068473,130.67614755484928,135.49982842870946
570,19.0,139.56797484727977,139.7486271086522,142.22233204064742,142.2353207536275,160.59968963738137,162.78523666850805,130.73558932526973,136.1858024835407
571,19.033333333333335,143.32856026980903,142.30281323152067,143.0376630909411,143.50711350252712,161.37376112565408,165.28009208314973,131.92932371767535,138.15185887528816
572,19.066666666666666,145.45439042181494,144.54109759815725,144.92464751191793,145.55409687339252,161.19124356332935,163.78492351960924,132.23269893884068,138.10300202355975
573,19.1,149.43825607265498,147.2338688496389,148.07700916284747,147.3085095989841,159.64719508375197,162.0054117124319,131.39159656182264,137.1066153209993
574,19.133333333333333,151.9617874993787,149.88680119683517,148.65105593048818,147.26728014898137,159.05849554962924,163.01252718190352,131.23588848451098,137.38811355684453
575,19.166666666666668,153.64141292523996,153.0996033474435,151.48485312372898,149.8055440708402,158.0874035114555,162.3679734326269,131.08302938734596,137.28774824426105
576,19.2,157.0911487933373,157.0959768224686,154.7180151606182,153.45746377516937,158.2478546366616,160.0309346351326,133.8188403816298,137.44056523273332
577,19.233333333333334,156.62117357357621,158.56750708547153,157.2386312699416,156.1439194532448,157.86773937114629,159.25996716401662,134.52115782988147,137.00429121684226
578,19.266666666666666,157.35255434701827,160.64661990313178,157.23747012495082,158.67915576908703,157.91419932083807,161.20241553486758,134.24447349250985,139.61088756519584
579,19.3,159.08597305995374,162.26422168113092,158.8239085818131,159.19006247831538,156.37741983626705,162.85164278477524,134.37160588591323,140.80054722030272
580,19.333333333333332,159.7489610262635,163.3787498746276,159.89533602043488,160.0713105538045,152.3893320962102,162.41496549840798,129.29412818108344,140.28179018598047
581,19.366666666666667,160.04307086160722,164.82617631657885,160.78070437423753,160.62954158760994,152.39925893411532,162.8940179531433,130.49034589217175,141.59579593767555
582,19.4,161.03991756532963,165.73343396305867,161.50540079084502,162.18927571658736,152.27626902804582,162.36382224672522,131.19742116673518,141.33662066113513
583,19.433333333333334,161.5603530532806,166.59403121393768,162.00744582552505,162.17342102640887,146.01336714699474,161.36857802680575,127.9181054537823,141.63709890332524
584,19.466666666666665,163.26963049696127,167.10507274327446,162.8612573033149,163.46656414385575,147.60869019468623,162.6587509425405,129.48512811307768,142.86935251281758
585,19.5,165.72392042491208,167.602683509908,164.19754943748828,163.76855413254458,144.9443677189748,161.23478173752855,128.51852105320083,143.38734529944165
586,19.533333333333335,166.06883233986557,168.02594167946722,164.28606295126087,163.89906933711458,146.2609208198324,162.25686329664643,128.77039821065563,143.23069530666004
587,19.566666666666666,167.59656656460413,168.4381663791828,162.94851290320068,164.27645347817196,146.7732195404787,163.2593043843609,132.41870817176218,143.96677913934113
588,19.6,168.94240873373175,168.96474241806916,164.07012903942422,164.63453778986684,147.0267025990637,162.03596535670857,131.2283753145766,141.80534365556306
589,19.633333333333333,170.5292505096371,168.9468147455147,164.57336168954075,165.18824331554848,143.7316192131507,163.21955811334846,128.97553251452618,143.82026999350146
590,19.666666666666668,169.69991522485202,169.42950221692823,164.27522762389256,164.7487957175477,147.10716650434065,163.10038934778248,129.89999191840818,142.89526539161545
591,19.7,167.63877957096088,167.59576565722134,162.71750118024858,163.92715819517903,147.28650843135856,165.30604231397558,134.35770923622383,145.30923256899916
592,19.733333333333334,170.91046855518002,169.79827439854094,162.5376084937571,163.26184434663313,152.9130976044392,158.94454096237098,134.92675234405792,140.21975786038627
593,19.766666666666666,171.09498057456346,169.7140613122609,164.48116233902934,161.5685109661978,153.78685372660144,160.2298922286549,134.58326835598237,140.5582434276351
594,19.8,171.05522287828362,169.89916682559442,164.23076921050944,161.97527815936346,152.80598843438838,159.42238080046366,134.1921565611266,140.49477537658703
595,19.833333333333332,172.4679941431148,168.86338827503573,165.06035867679557,163.704037299687,153.63720849862335,161.76709215397398,133.20242761918232,140.66330724059262
596,19.866666666666667,172.98621805235834,169.92373068799898,165.58365952264188,163.37153180341184,154.34499042866673,162.7596500180236,135.26338045515757,141.42467845360795
597,19.9,172.7387207094323,171.07126246051064,164.2551155681784,163.19963774416436,156.07008655359294,163.20887222668773,134.25717029405524,141.35094854803907
598,19.933333333333334,173.17722162607163,170.66489067691225,164.88958306700937,163.5661507800237,150.2599723851767,162.35106815415102,130.37679944434586,141.07387841469958
599,19.966666666666665,172.23975503598902,171.51806064820258,163.79181630439015,163.68982022677548,150.6789285636389,161.6777773227118,131.54795955305536,141.72753977145175
600,20.0,172.50624602700736,168.94877985685173,164.0381629802101,164.63171956091153,145.77456876480213,167.0182860983163,129.79905147603938,146.35080380590304
601,20.033333333333335,174.35989789026382,169.66723012815746,165.84848934275593,165.33765229627937,149.50740721785093,166.17421881438295,129.60170697191916,143.9594801115602
602,20.066666666666666,174.8270716881993,168.73823969946216,166.20113750862345,165.8700151110183,142.06252557394248,167.1406636507045,123.14450783471715,143.97527533173897
603,20.1,173.9854472596889,169.06256772179356,165.55256517974448,166.33397273563503,143.99840559907253,164.40044355070464,126.90119717951511,140.96200290611034
604,20.133333333333333,174.31777454063993,170.86766440147127,165.83366731590584,166.37567413689084,144.69190963061675,159.96211034808485,124.2035053430885,138.66000448923634
605,20.166666666666668,173.7221169971276,168.4131425931999,165.5857935887707,166.17094581722873,146.9918938979175,159.3633559218754,128.22103199564538,138.79914117601092
606,20.2,173.6752556580992,170.46528855818704,164.12306093471275,164.67739923633746,146.49411773459437,160.0883683229597,129.8872357119857,140.45382609846595
607,20.233333333333334,173.74465177803987,170.93817547842235,164.45046595947326,165.41643375528517,151.98783924905575,158.06599479653408,132.53467161650298,138.9071475077601
608,20.266666666666666,173.4734595255004,170.75610643041335,164.70402703558713,165.7395551185052,142.7796154562885,161.84042680284708,123.81026210118688,140.5270509743005
609,20.3,173.67887660635688,168.966956363661,164.77189743044974,165.9728002771264,148.13134289689447,161.69619712583437,127.85589824591311,140.76173273934594
610,20.333333333333332,171.58524181942593,168.98003583113024,164.2212037993481,165.84441039098886,149.7485712947522,165.76866593340023,128.37813510113153,143.69936994268772
611,20.366666666666667,171.04816538690625,168.77180953879449,164.44967919935624,165.2615155203934,151.66001503505012,165.40255640993394,130.87474324405918,144.07038138686113
612,20.4,171.18505848675048,170.88269592476863,164.37038098539205,165.22034839972076,151.95719146609827,165.3025724020982,130.89320279290052,144.9435365788094
613,20.433333333333334,170.7180577943248,171.4831135436144,164.3657904837448,165.1510127488573,152.4783727225328,165.00094453478653,130.20507496875504,144.85846978845763
614,20.466666666666665,169.82759059958215,170.37798196752058,163.0254043942401,164.97220643784726,151.99858883233333,165.38649284047884,130.14588303048816,144.17717255522558
615,20.5,170.04287972131496,170.357266115268,163.1759459981158,165.16551577180206,148.984762211123,165.59541135094926,128.53179967666742,143.94937947837437
616,20.533333333333335,170.02551345239456,170.52914169535376,163.04641731648334,165.25465835479739,149.42628371926793,163.79643357300088,128.520248342518,142.630117451052
617,20.566666666666666,167.83448522860127,170.51575331375585,162.6543166995009,164.97249515663555,158.04116899752725,164.5976270675957,135.5036891683002,143.04691040810533
618,20.6,168.90217556800982,170.95275493673392,163.21419692657992,165.0418545498431,155.94006557177363,164.90921428023861,133.1968474199643,142.7028743805747
619,20.633333333333333,168.37388260265408,170.2895320180114,162.08009928584264,164.74880276933416,152.6130593597066,164.84490703239302,131.21543190558643,142.8514999003978
620,20.666666666666668,167.5500114679031,169.90812053666437,161.92603948899284,164.38211767099128,152.45393639538662,163.60738833736687,130.75284514636658,141.82198898500278
621,20.7,168.4838135085859,169.45220961738636,162.28882484009992,163.9997693388855,153.4957680015535,162.15374870607056,132.4345500827316,141.4591951397171
622,20.733333333333334,168.54079071033254,168.75863660407106,162.63174032466665,164.36487576806076,154.0173206579381,164.9332017340475,132.9401390797768,142.9271559882484
623,20.766666666666666,168.37573617019908,168.2927018661754,162.45376368899318,164.2581356936485,153.86401771829847,164.4685506130602,132.6758325246579,142.727940167587
624,20.8,167.05227500080082,169.13338970169445,161.84030611951945,162.24696258231344,154.12688429505846,164.58220224073204,131.89303207665048,143.03888544203951
625,20.833333333333332,163.6806300689297,168.17072261153348,161.07971111885303,161.60926746845328,158.40631658299202,163.01275576043295,134.43606160336662,141.75906069324893
626,20.866666666666667,163.29988426792556,167.26642838541946,159.5492539240544,160.99819048026578,157.91756977237813,164.14343973329437,133.10440989731356,142.70730787599695
627,20.9,162.344307845222,166.2731269299089,157.71389152110484,160.10932121070783,156.9297239843874,165.81643054259328,132.3466088072388,142.6424209991308
628,20.933333333333334,162.83722636100725,165.05025201170326,157.88156504149217,159.35989868878835,155.88942063138597,164.4915921645917,131.9577812071084,142.20802335236976
629,20.966666666666665,162.91787778738984,163.79168383663367,156.8941265685405,158.35350587626647,153.9440441705437,164.2576783204985,130.87766566165112,142.28811003700912
630,21.0,161.3574747954621,162.24710526855418,154.3393445546758,156.35465822140813,156.98677470585523,166.9505702514065,132.07903470679778,142.32381081641054
631,21.033333333333335,160.98998677651105,160.91154103252342,153.75579536455407,154.8756579524607,156.54576304449597,168.55625519605175,132.71885701914096,142.80274499380312
632,21.066666666666666,160.09583891714274,160.07951211616722,152.19659973271897,153.3627072800172,155.78686871711,168.93138973552888,129.7932511558519,142.9292904343887
633,21.1,159.6418294346538,158.94044730900708,149.72668354603712,149.87075931168297,157.8501562308722,170.48155780286578,129.70979082496555,143.05515776357436
634,21.133333333333333,158.08106341760987,157.52323783189559,150.35268694930173,150.57747840614763,159.39977265566077,170.37975311912564,131.04297059282652,143.24229907050517
635,21.166666666666668,157.85506301286847,154.35824367633165,149.80492138376755,148.84209685824254,155.41285050197334,170.9683212054438,127.06923272126593,142.88210388410522
636,21.2,157.24831257634452,152.8847511143758,148.48770344468062,147.81834076398007,158.0376441563252,170.54728081974056,129.34085359460096,142.26796821819505
637,21.233333333333334,156.40248871938752,151.83536313212582,147.7507668524061,146.96975500105734,157.1809382902821,171.0146012341266,128.6800751839703,142.70830418147344
638,21.266666666666666,152.26102756827137,148.5385633368986,146.70701214250394,145.81852726608463,157.5289391667136,170.9645981189493,127.17203312034863,142.75342097127407
639,21.3,152.10150121254344,147.26881966375709,145.30136110206232,145.9558146413758,157.44613093789025,169.1415401817907,127.1796698417445,141.56418875796192
640,21.333333333333332,149.7403092249135,145.9735735093012,144.92917546690094,145.72312186144387,162.15610546732307,168.8225048451412,132.86230620499092,141.30469233661915
641,21.366666666666667,147.9625802488303,144.73044728651965,144.23919060433505,144.73445834103595,162.32963457154366,168.23880649428477,133.73738228868862,141.36704258039472
642,21.4,145.78254794303095,143.14003510079203,144.15870648479083,143.96661260331,160.63059190378004,168.15881487576968,131.9849724185849,140.28417511897837
643,21.433333333333334,147.01691433881683,141.63765677479063,142.79679405018277,143.22050512601686,155.5558658005429,173.27666148867573,125.39945858212972,144.30600436921205
644,21.466666666666665,146.56255965209488,142.7780569573102,141.59719251633868,141.5402219656547,157.28761934459496,173.35571298713558,127.18700958468074,142.25027306638398
645,21.5,145.15582417410243,140.47185523751594,139.66953622932255,139.1766603933954,155.46296493670383,172.7561922406346,124.72799461681635,142.60075721441697
646,21.533333333333335,144.51566272057119,138.98932215452984,139.2907466541744,137.27338022344924,155.38099080872675,172.9213049216108,124.75292390730473,142.2734312154565
647,21.566666666666666,142.7355233960216,138.4560350213324,137.1713826911645,135.0353772029967,163.45365562654803,170.9618507650028,136.167930119566,141.3360025052728
648,21.6,139.83778937403952,137.08577435758207,135.41166245945934,134.73238914569916,163.19359098996932,167.2285071517631,136.38050619073192,138.6345704378988
649,21.633333333333333,139.75105808610647,135.74954348218844,133.82248404226075,133.2108955215698,164.07366912431328,166.33891756471365,137.96646401636636,137.95836739395472
650,21.666666666666668,139.04690136778441,135.26381535827986,131.8284184436008,130.85746861118008,163.42187819650113,164.74118076258563,135.46939723555477,136.40585176069195
651,21.7,141.66995398711813,137.1331594860888,128.26908395059348,127.89502529199571,162.20810027739887,167.1177025206991,133.30026244095686,138.00216898345155
652,21.733333333333334,141.81182493582492,138.14885253503596,125.04357682802528,123.83658685757005,163.567290787653,168.37877878901932,135.81298408618662,138.0201191941056
653,21.766666666666666,140.16449534681598,134.36854615019206,124.31380152040097,123.91068277411249,164.5769653420318,167.77501592485334,137.81809421717267,138.442411323795
654,21.8,140.34595534518624,134.65256616713788,119.72477493812613,121.83566705802075,165.89632574366473,168.1603670297325,137.24308755166794,138.83630081695608
655,21.833333333333332,139.19516334077235,132.89942864245813,118.54279836570473,121.81623077730193,165.806664965487,169.3384467707567,136.52987779699308,140.22884696693012
656,21.866666666666667,138.48514663008453,132.0871208754994,117.14162899892614,120.13750112826033,165.17910843546557,169.70449894818765,135.79415662693378,140.54171362965235
657,21.9,136.06413793396868,127.92551682437772,119.14036092857481,119.45689397558237,163.88796126950166,168.86779324322615,135.4561363796395,140.3139507945075
658,21.933333333333334,133.98289152513135,126.60145413092164,117.59182570456399,118.45316337797368,164.15012040624387,169.3648398429863,135.37531731492209,141.1777826039555
659,21.966666666666665,134.4066832587617,125.13003637096757,115.96656035840613,117.29163580577955,164.16531970246194,169.74869523351094,134.73149258428393,141.4227119312653
660,22.0,132.82996110885833,125.77115521976165,114.48847785848827,117.18169802178322,163.42099785544977,169.45418381393725,134.46008996205072,141.51120014430114
661,22.033333333333335,132.28202417723125,124.62732858330631,113.56767117023834,115.53846991971577,163.52733436064037,169.31777193043604,134.07784443691986,141.65160322539376
662,22.066666666666666,130.73116360465832,122.64331962346263,112.09584412948558,114.12537293625789,165.02880752578182,166.7055661819988,137.9816974699373,140.11053532295375
663,22.1,130.79501285103242,123.83980371241175,109.91231702560161,113.10477974630149,165.902484668356,166.7090306349961,138.5856468415221,139.21886904406608
664,22.133333333333333,129.12800755402688,122.47303781975131,108.31210622440653,112.50812232375985,164.9150130483469,167.76855169343713,136.7054167645578,140.0635232428139
665,22.166666666666668,129.3266424842715,120.07411227021915,107.79414722855907,110.78455201418572,164.7470935427947,167.169814909282,137.67145806943168,140.23440905631713
666,22.2,129.48518854813062,120.34413607293446,106.65107638604542,108.68120798338842,165.29296527438888,165.8778768730668,138.22118742998848,138.9466585030326
667,22.233333333333334,132.31105155629322,124.41285180663004,105.74452866707797,106.04677308596932,164.75654811920504,165.6853303750957,138.6378726277634,137.9617182868158
668,22.266666666666666,130.12126484723524,122.15800029294279,104.71233251815943,104.59222961219614,164.5970570107985,165.62000988510854,138.39178160383048,137.2327158364905
669,22.3,128.692448543968,122.19267514416319,103.53653849136448,104.00253674148676,164.5069714124961,165.93288043486567,138.3846521386443,137.57464368953617
670,22.333333333333332,128.79057654033642,122.6783260792009,102.25405205001121,102.14629889082929,164.47475989575156,166.730906465364,137.64976916989326,137.24766511063828
671,22.366666666666667,127.45774958035952,122.01738049232785,100.35695975288178,100.73675520075807,163.558676340439,164.80195717802258,137.6056587711854,135.97203491387913
672,22.4,125.37425644892726,120.2232279825046,98.5182000374565,99.2706530410549,162.97264136319595,165.25152479348668,136.15381319047353,136.84237759208403
673,22.433333333333334,123.68611197401056,117.4026440535417,96.80844828953106,95.26474608101292,163.51757012168417,167.27369462412878,136.53257826077441,136.62898292254192
674,22.466666666666665,122.14327473873576,116.79134817617957,95.36912723469088,95.39094143390241,163.85377183259936,166.3126884784022,137.21390236234916,135.66002453725747
675,22.5,121.42296285482246,117.24443377016412,94.13611993685372,94.21535613490596,162.9634355782894,166.4421123524767,136.64891360411144,136.12871443227982
676,22.533333333333335,120.15705748333154,117.58644037577089,92.5626383970133,93.13833118718227,163.1886272507088,166.7708103978833,136.73068809405893,136.421330195491
677,22.566666666666666,119.97334047143733,117.24339602688477,92.07823780804745,92.6337278100535,163.41745247365128,166.85759949071723,136.4336472013995,136.46319669810396
678,22.6,121.8271647308796,117.91767722903973,92.01639879856408,92.0375770350186,163.47258229238676,166.7584800231843,136.44203707395812,136.4579462012783
679,22.633333333333333,121.03039670832145,117.74593959186359,88.2928491877211,89.66177300841343,165.9210210211121,168.26769576095754,137.8879881240679,136.6060936335047
680,22.666666666666668,121.42289539578849,119.66861493684719,86.73435347056913,88.95213518019126,165.27722169896282,169.05393553623816,136.45788848288132,136.39194077178394
681,22.7,121.15034892716044,120.22094793145007,85.49785110888214,88.47018638642099,165.0835730614913,169.24449038297178,136.3618127132302,136.2602700787867
682,22.733333333333334,120.9761955815035,120.47781247874451,84.54077902434845,88.26861729725809,164.8905344247236,169.3038418791239,135.88514875471185,136.07273207914022
683,22.766666666666666,119.71747168076521,119.00864644346231,83.55132020581195,86.64068059859636,165.04893834521246,169.6775925610542,135.78881382368795,136.21071623952255
684,22.8,120.05198644740832,119.0024332020085,83.07304469007556,86.06295370261498,164.67125419876885,168.99388889968944,134.99981123509204,135.62893693594853
685,22.833333333333332,121.07144338190353,119.06900997514084,82.9658187874984,85.49352474459867,165.65243028436063,169.04132745448237,136.4807326032628,136.02621056335767
686,22.866666666666667,121.09870341033057,119.33862410680446,82.94382516488547,85.64819974092312,165.765634817409,168.87675882174054,136.70759430582885,135.8265894997214
687,22.9,121.94673290209283,120.44362912917511,83.68154772934436,85.95971964462636,165.5521098172065,168.67024483700234,136.30960476610747,135.64138396160223
688,22.933333333333334,121.69435956473932,120.77252403068998,83.96416178776806,86.42638951853282,165.27406781802745,168.36621100077102,135.93298964233824,135.52877684514536
689,22.966666666666665,121.69027649490516,120.34730977458739,83.44681925798571,85.83739421686842,167.19136354887243,169.65436283662714,137.7654719779014,136.28500813977993
690,23.0,120.87392566126702,120.2910902467092,82.92629398103877,85.54148287293519,165.588330541975,168.6602893934553,135.53579992097733,135.55212157891015
691,23.033333333333335,121.4237579670188,120.7918903532348,83.07521693643386,86.29721015701048,165.35104258986786,167.87573892158585,135.66116899470484,135.33845573339931
692,23.066666666666666,120.70179163369052,120.7313890151778,82.8141578444886,86.28206751035825,165.18293749493017,167.6938002610326,135.4540856136003,135.1127679178526
693,23.1,120.62685689680886,120.84687206519268,83.008246827822,86.91980660439408,165.34392706326074,167.32843014705097,136.00404169941686,135.30011813435294
694,23.133333333333333,119.64615279919397,118.87640350463278,82.22294371766803,86.16282564601585,166.3045846640617,168.1633991728329,136.54648418209226,135.36092980206584
695,23.166666666666668,119.61212035623251,118.75686586880784,82.19742199939377,86.17983264741457,167.7455205998741,169.3943823007478,139.03296825488357,136.54827435168292
696,23.2,119.60800368240847,118.76929958080184,82.16707314737164,86.45281427211425,168.22944454672177,169.42983576757854,140.24209696980546,136.9891555271448
697,23.233333333333334,119.82050218102587,118.98538249441523,81.96137507339093,85.89104384161905,168.24519510450702,169.22609695046623,141.15577865680302,136.5133785068515
698,23.266666666666666,119.51696503034425,119.13887271775548,81.61560705444997,85.82890874054297,167.99412855674956,168.73435472253013,139.92937849572658,135.76382029803594
699,23.3,119.49982915548435,119.1068464876789,81.78549825433149,85.74615865205757,168.1276002664234,169.30806719168163,140.44409692662262,136.9000525026751
700,23.333333333333332,119.56014779885564,119.80549712122698,82.48083484805332,86.17823501554285,167.44009033191057,168.7561649705522,139.2623589181917,136.26460415553308
701,23.366666666666667,118.70992143576694,118.67823686819753,82.65336404875198,86.19660415473311,167.75148228039106,168.68113009277076,139.02133267441337,136.4629558933162
702,23.4,118.62736360845638,118.40609996024122,83.15286013163885,86.42722361067008,167.47958841804638,168.5459537561072,138.77685175985303,136.44216700131318
703,23.433333333333334,118.4895125293429,118.58934493464535,83.21632086713166,86.34954123034123,167.0759740748968,168.39377643812614,138.2776568335621,136.2941712882549
704,23.466666666666665,119.29008742236405,119.55120216792974,83.84144739102643,86.54084436308081,163.56372318803574,167.36658528079224,134.17034291559327,134.97806478287447
705,23.5,119.26062160899905,119.75992257288429,84.52424838486743,86.74133588552073,161.79084551023985,168.7780454621091,131.91369557651987,136.25664445725945
706,23.533333333333335,119.11227483874663,119.84593563991005,84.55494064309714,86.71852790562504,162.17114314218813,169.5056430049214,132.72363385159667,137.01818001155755
707,23.566666666666666,118.92659143313169,119.83199382691457,84.50044590114038,86.73467132644718,162.11024107023468,169.91257412745162,132.54295885912362,137.52835662571567
708,23.6,118.33180208519677,118.932366122169,83.66908708662154,86.40171323068346,161.62884933824162,170.48084186950547,131.25696403151994,138.1591557416418
709,23.633333333333333,117.78158839564875,118.43309830398134,83.7794028943317,86.57966799558726,161.35278501411946,170.39453201421685,131.28657365999348,138.44619278532173
710,23.666666666666668,118.42595819257974,119.02556065937267,84.02511085336987,86.86302056208741,162.607865255128,168.66760672169278,133.1583696791473,136.64485767694046
711,23.7,118.34950788580339,118.77268605395199,82.75211068518503,86.10079953516748,163.65158806288355,167.99607777735483,133.694004557321,135.81864671106376
712,23.733333333333334,118.39978530460597,118.55056506924518,82.5278937710552,85.74535655739118,164.83657306133244,167.72092632492348,134.80691460353125,135.4486944631881
713,23.766666666666666,118.57053745892713,118.18151966501847,82.13446170197219,85.23116615902558,165.5676530378804,167.91665221307298,135.65804482280208,135.4979292808191
714,23.8,118.6140340972559,118.20851941829136,81.80199130469947,83.2072801568006,165.10677442566995,167.8046553120297,135.66434499301505,134.85401829733203
715,23.833333333333332,119.16300470912155,118.52511493010257,81.70257185387949,82.97291045638298,162.91425228568343,167.73798523355038,132.08881742069138,134.6981224749148
716,23.866666666666667,119.10679284396844,118.31219640616278,81.48743554058981,84.02858087537939,165.69655242275465,167.44634463495808,135.9359416920095,134.94021938122722
717,23.9,119.64646854829769,117.75184308947999,81.37763948028363,82.44308875032898,163.48710300962682,167.158338409115,133.03925348635534,134.6773215065598
718,23.933333333333334,119.77435145265515,116.71402492129673,81.1496934853725,81.61338009736829,162.26935823686966,168.42593893586886,131.1383574465312,135.7156976720782
719,23.966666666666665,119.94734154962602,116.70448904887616,80.69047990393175,80.98816458100288,158.6806469773108,168.56764836553776,127.28758295860236,135.85595629352107
720,24.0,120.27378639277131,119.96870962177702,80.37853800420984,82.02765921069611,159.32534164725502,167.98811422740462,127.79771397303516,134.79048400969498
721,24.033333333333335,120.4316615819365,119.49884147966077,79.72688088708033,80.685644539611,155.9043158907054,167.85346861654952,122.72702743830956,134.00421949645573
722,24.066666666666666,121.10431060819151,120.11867893708751,79.28473958400129,80.85192101619694,154.51162986268392,167.65132985184138,120.99969309635934,133.88422952225457
723,24.1,120.29053957511042,119.32117565407613,78.42455769222664,80.08307317711397,155.51787916693078,167.81170254002546,122.08898674442943,133.97137741273391
724,24.133333333333333,119.53475315068721,118.84851102262859,77.46847983251587,79.2867115542258,156.25669427787278,167.86829765855617,122.48616967071446,134.1509872752495
725,24.166666666666668,119.38164318319245,118.33713150794641,77.06068008509773,78.83913469828902,155.40613484596662,167.93927351416616,121.91936644254093,134.0360486228416
726,24.2,119.58641017155102,118.23109342915664,76.4653375453844,77.57912519042682,156.5769810552057,168.81000196167207,123.00648460176913,134.24104343896974
727,24.233333333333334,119.19952880845057,118.70397582071735,75.55898834783407,77.14424480649245,155.30865713839455,168.55224846304236,121.5803336298328,133.84771487203253
728,24.266666666666666,119.12031854340083,118.40163053181759,74.77331109454771,74.55283075526819,156.0481348884945,168.69770319435256,122.14921702851507,133.55755587135997
729,24.3,119.99102003472362,118.33441062505226,75.0476409175427,74.59121607602624,154.44180910408832,167.26016833039915,119.59771690763583,132.4384102401717
730,24.333333333333332,119.65867548024406,118.71338298525018,74.97703147494863,74.92563448256034,153.00451706446367,166.9187284256673,119.29199839267149,132.43847532438596
731,24.366666666666667,120.09907947538797,119.12782186664586,75.4573718431437,75.31800032842092,150.14583669366309,163.1640617738809,115.4728021692464,129.68421256716368
732,24.4,118.68677487150644,118.31548512871301,73.8941060823351,74.48398880251678,152.40812197755935,163.97407300373905,118.04023748963472,130.2992072112798
733,24.433333333333334,118.84902649876423,117.83334093265869,73.98825111997957,74.21154914793634,152.49175584493844,165.78998056444985,117.9919853423899,131.2068959075302
734,24.466666666666665,118.88660794011561,118.12851644222485,74.04726433808729,74.07571935566745,152.95770022740558,166.16035625615172,118.61534617506123,131.76382348250246
735,24.5,118.8380977527196,118.07905262184381,74.07752215152885,74.94068345777005,152.4828061693006,168.02395663117403,117.67161956727011,133.44260777258796
736,24.533333333333335,118.40026911791693,117.02234709988608,73.98271463235542,74.97778223296224,156.8783078956941,168.49968321651062,122.31075701815773,134.80958554715832
737,24.566666666666666,118.63937442021552,117.40546286398678,73.58683388259708,73.74021269018502,156.94431065624175,168.3378663742493,121.95688745876024,134.10972527684848
738,24.6,118.29930745859033,117.06724950047344,73.50190230908737,73.50962918339586,155.69416878002679,168.1972155642845,120.4248179285558,133.90277284252195
739,24.633333333333333,118.28344075415919,116.56572535043351,73.48810515955606,73.12432843375507,156.54796137361623,166.68268888325076,122.06155882186967,133.25500697401782
740,24.666666666666668,118.31448466202416,116.48790744314867,73.42123531007262,73.09983901267852,151.91023452539932,166.66405233381846,116.74753996869798,132.6125001624901
741,24.7,117.85804027644087,116.51823227477558,73.09146447725071,72.99821600477524,158.28190114655212,167.2616129241249,124.74149096224572,133.38787352643493
742,24.733333333333334,117.85150534442987,116.51768567771181,73.15283449322376,72.99674994127864,158.2023159033597,166.4977299137168,124.80606334457819,132.34069569663586
743,24.766666666666666,116.62446451158608,116.37668918049057,70.92981937420542,72.34193653813416,162.85756335815063,167.2590886507753,128.8982044073466,132.7450971568216
744,24.8,118.53615700535175,116.38182080369376,72.11093036736942,72.63229231485693,154.9619427174131,166.94470184142295,119.78896662199926,132.1854931368727
745,24.833333333333332,118.1569788107872,116.61863119460176,72.24007854229853,73.30372144283814,158.13555086726413,167.20610320475097,123.83134966223355,132.76854280002806
746,24.866666666666667,119.25557337809018,117.50816956402937,73.0969469325429,74.3737626559993,153.15818774255058,167.95399638922132,116.9507827611397,133.33449370793085
747,24.9,118.69374927353896,116.9509349579959,73.02165426745108,74.82071171730665,157.07738988193125,167.83048175022165,122.34230863968001,133.94323810379208
748,24.933333333333334,118.67865728484763,116.92579189057258,73.03157264052332,74.75433742391937,153.02857352054215,168.1141911370268,117.0660285497515,134.05044712800887
749,24.966666666666665,118.5904412247904,116.77000076253364,73.33412076313951,74.89724571140803,153.34232172692487,168.8404989347824,118.03716405254274,135.14791745594314
750,25.0,118.8874989896363,117.02787471666771,73.51134217382543,74.89303299576994,153.12870657114152,168.92185552030378,117.63633872308367,135.06087799185622
751,25.033333333333335,119.24304827144495,117.97241218289173,73.63881780771266,75.08336632883724,152.48383355451142,168.9438310655156,117.38385234321352,135.08019280632286
752,25.066666666666666,119.14156467000633,117.96912251804389,74.06166195108528,75.41594270824365,152.20249482425046,168.8026322206484,117.37514151336079,135.03508841020928
753,25.1,119.06507637848355,117.66245827382737,74.22941764193884,75.36179061560911,154.67020526461198,169.76590917202373,119.29278703934935,135.43906059698327
754,25.133333333333333,118.99978073261502,117.26206884998489,74.37342441924137,75.33746166316334,154.59693309880413,170.24245514823465,119.12015343478467,136.1239601476463
755,25.166666666666668,118.58309332659981,116.69647258390142,74.47401590344992,75.20179194391675,156.9392337651018,170.4914662574269,122.1622357321488,136.44008243954084
756,25.2,118.4234166485736,117.04225190389775,74.82061323753783,75.61598444661304,155.77728607389827,170.04250623363782,121.11501111863382,135.8489451252255
757,25.233333333333334,118.3781259061659,116.82157709732056,75.098068375616,75.71402555348025,155.44723046075998,170.06326309814563,120.86692815950988,136.08220165061596
758,25.266666666666666,118.43143460008307,117.42840501642392,75.1489092727246,75.94409381112422,155.69650179553176,170.5123042852218,121.319917599738,135.88638140915805
759,25.3,120.94734204549545,118.84245057960358,76.70304539039162,77.2186192803783,154.1144577979528,169.80246937334306,119.10583134915964,134.90868824592684
760,25.333333333333332,119.31555935766035,118.04557014472626,76.32457442778465,78.6979944859673,157.4249149762089,169.5190309780541,123.99399044606734,135.6960601126206
761,25.366666666666667,119.36979593438583,115.67591066942508,76.78098427942267,77.78170420521863,162.96681761146831,168.90304843391843,131.43283574765067,135.74168838145792
762,25.4,119.25466969618965,117.77690560151557,77.89241199044358,80.584735455863,163.13914144470365,170.0651050391901,131.41614652430158,136.71169863956595
763,25.433333333333334,118.85896589659339,117.98134375451312,78.93418967846044,82.06216385634855,163.10092031867194,170.0185294947927,131.59202759216157,136.58496228997174
764,25.466666666666665,118.49568541676011,118.44626619775153,80.27054699536214,84.24921814423186,162.65813693933538,169.0760486727848,131.40486950882442,136.20740593359196
765,25.5,120.429225530112,118.83135734449843,82.36098346470555,86.6197592719161,163.77563532727447,168.9381452492173,133.0012002255606,136.52361666119805
766,25.533333333333335,121.16849397869119,120.5765995398379,85.44242681085964,91.49382549885819,165.81493623868414,166.98419353582375,137.87219163277024,136.3665261452499
767,25.566666666666666,122.23077564588333,120.73203638677184,88.48739926525431,95.29330509426504,165.4467908484024,165.9238424905169,137.91705762936357,136.91185325027152
768,25.6,124.08130070416877,120.91470649803004,91.50378858543107,96.7131703490404,164.10066317953056,166.17567438318574,135.7764634751535,136.95362848330197
769,25.633333333333333,124.28670350597798,119.78019024288196,94.4644743305745,97.42523968720296,163.42017108982628,168.97539500567035,134.79318066823578,139.07838730697162
770,25.666666666666668,127.50378578563088,120.49251927642221,98.6546070319596,99.82319181197852,165.26202426688687,168.67857023987287,138.295751214564,139.39036513586674
771,25.7,127.63592939182634,120.17493049813986,101.4682105522939,101.868521684989,163.76501787658478,168.44311010389907,137.92124055238295,139.31261396860862
772,25.733333333333334,129.23681058765794,122.36142705856118,104.90561109553123,105.37911590383152,163.198819344891,167.758160869801,137.40222005611034,139.24145915831562
773,25.766666666666666,128.37517772107168,121.58372833310305,107.00490026113012,107.83543778184979,164.00085446025713,166.99666991007174,137.6134000903528,139.7079398010091
774,25.8,129.7603271323132,120.07844813707707,110.32236866927417,110.31808085297368,164.67596559020487,167.44250187542403,137.57991795090726,140.12212327840297
775,25.833333333333332,132.76217788767073,123.37470661703198,114.08410449914513,114.1845971327446,166.32339600257416,167.26008183076365,139.10829905062965,139.4909241934897
776,25.866666666666667,134.3447518793418,127.37281335880124,118.09622911936417,117.67800067470927,167.66669115613527,167.71233192181052,139.99418729040988,139.679698531599
777,25.9,136.15244878249706,125.79069398201321,121.9485187752752,121.40412276105778,167.59732800193342,167.65456316046652,139.3675409764642,139.31308536337164
778,25.933333333333334,136.95683947494044,128.34944814359937,125.28246577437412,125.49757111888742,167.0854604398572,167.76560148070024,138.4449795734342,139.36521134652577
779,25.966666666666665,138.1311492777241,130.00871176722566,128.65257112088426,127.22428291485375,166.90625517596925,167.57237938945798,137.8603437203441,139.67104448437408
780,26.0,139.68196804370658,132.08893611000465,131.95296682620307,130.48929486549082,166.6839724358584,166.79378926785097,138.2741088428547,138.961430430712
781,26.033333333333335,142.88505259839025,138.2446005006104,135.48119087399627,134.56774017875762,163.48232319244653,165.2801341037235,135.21204989894701,138.22190719851062
782,26.066666666666666,142.78740844512353,137.74777481387878,138.40234387170705,136.6008275770283,161.5799986306883,168.29779952499607,132.70769895642962,140.51828780015552
783,26.1,143.6893870647793,140.59420447883508,141.89652160553246,139.5936619781704,162.20885702161533,167.70190239189287,132.6000398516485,140.6479589939681
784,26.133333333333333,146.0652334515085,143.18337147626815,145.0030473173265,141.79346262354244,162.91270125923043,167.03102145774295,133.54563234184283,140.26369738075584
785,26.166666666666668,149.98240523409962,146.5478587653966,146.60443604042737,145.6213473615825,159.42993562368764,167.38237398468416,128.93534990150323,140.05118057578017
786,26.2,150.96416812175724,148.28365261223246,147.5247408643903,146.41567430991202,160.53781896663818,167.57399926669143,130.59240413579815,141.1881839866041
787,26.233333333333334,152.93124065485105,147.58616626160136,148.66076948466718,147.10094308085846,158.0657318176506,167.56857995148485,127.31664822893312,141.1096466694576
788,26.266666666666666,154.88642933037522,149.778608818245,149.36044760422504,148.5661708136819,158.77052759668976,166.79522408204252,128.4723317030545,140.6867920300044
789,26.3,157.7560845527543,153.5506885182986,151.78437787787615,149.4098021473523,154.5905176898392,166.73966553109005,124.82643712060089,140.99631313915634
790,26.333333333333332,158.29698271677032,156.64302688774384,152.16837923204048,151.712419655676,156.47060640006325,165.4923680723257,126.59370638624866,141.13605359286123
791,26.366666666666667,161.4225494202183,159.5485876461057,154.05262713780547,152.8616803436201,156.5941701783415,165.22057252627312,127.62920726187096,141.01626654312105
792,26.4,161.92651019488068,160.7200331078219,155.66435666519538,153.93280625403722,156.93199246015396,161.76702130280438,131.73392386439477,139.6033256655462
793,26.433333333333334,163.45064513326273,162.05140516906832,158.13932106049813,157.1950876399049,154.30141720436632,163.32316911595413,130.81336615516156,140.25466236788807
794,26.466666666666665,163.62994422725592,163.39352731121124,159.1743071854174,159.56503999381454,153.4597937015561,163.0491752266772,130.516737592147,140.779482751541
795,26.5,166.28271755889926,164.2964463308447,158.87057529474362,160.41897720656502,144.83217688865764,167.19822101277785,125.4795626423419,146.03740824605546
796,26.533333333333335,166.53143109044632,166.32868167697836,158.6282112965087,160.45105218322968,149.05931168030403,166.68974509489814,126.8511486561118,145.76280143542334
797,26.566666666666666,167.7357021370741,165.6531211649296,159.71949078551916,161.54473666385454,146.63241466918535,165.51524683133442,127.20224918493159,143.65732297612107
798,26.6,168.28215911814192,166.46960488481224,160.50491515435996,162.19295081201122,147.33694252618915,166.57156253321935,126.82326391163743,143.4410937742284
799,26.633333333333333,167.8552564207589,168.0559736312528,160.74852855324391,163.51209843027692,154.37385067735815,164.67104909765496,132.04772846288614,142.7951284714678
800,26.666666666666668,169.49279142049994,167.20757923825627,161.91623783877804,163.8832076177834,142.58266925976307,165.29534205431133,125.82414194606613,144.30396593659677
801,26.7,169.65928831009293,167.47735563991344,162.18764262133777,163.80117897532773,145.10312081036088,165.0851507630997,126.56942175866092,143.54799734096082
802,26.733333333333334,172.21858216694397,168.07486816365017,163.78924678991504,164.39156046032738,144.9820866522025,165.9190751029743,126.41538978289859,144.2611011954638
803,26.766666666666666,171.49802916029955,167.7511269870263,163.9338489834312,164.20832230558239,149.77560013748547,165.5832255043897,130.9895102807845,144.01908336488515
804,26.8,171.94185230397667,168.18942072535893,164.28674877854968,164.82409939014278,151.4252847532717,166.20404856154093,132.29004509507882,143.59767719138776
805,26.833333333333332,172.359345968322,168.29524146803467,163.92280316112146,164.5397784592638,149.02550102010056,162.19469002918737,130.51739838381863,140.2821024754578
806,26.866666666666667,172.60041559067352,168.88090403968985,164.5742139715775,165.15390440668008,147.49067017941528,165.07643204031427,130.43479545277265,142.60189150651615
807,26.9,173.42620739506523,169.42336063112992,164.37343326463144,165.0237436491873,150.82830860987838,166.055653047224,132.3897959809054,143.23363855875078
808,26.933333333333334,175.81939166117627,168.28381802381463,165.95283955320951,166.17700262629808,150.78639445064212,165.78957961258962,133.6136741384792,142.47059310887377
809,26.966666666666665,175.90551944812827,171.8886091095006,166.0805692610234,165.75682473752912,156.6799851033147,165.1181865661916,138.1866944052144,143.89415221571494
810,27.0,175.8598486134292,171.8341292021017,165.534930634783,165.23763081422072,153.55313483195417,166.5188261142754,137.46763467602776,145.49260775218164
811,27.033333333333335,176.5258899126598,169.12472067257593,166.5263389619082,165.32342806639133,147.48524973708328,166.00090379045068,131.3321531106439,145.02769438169855
812,27.066666666666666,173.4988457491308,171.01217711642323,165.94344781427506,164.8854456327477,154.45277894321146,163.6516036399712,135.1434719477224,142.354886763948
813,27.1,171.27025812590986,172.96754182793126,166.1952619822314,164.58841213619706,153.02260947499067,164.01869417873536,133.4452611845295,143.09846772628686
814,27.133333333333333,172.88863610210714,172.3826897518918,166.45869158366523,165.63317363685223,149.62309798922337,163.51555665419258,132.88020587556193,142.6802728535521
815,27.166666666666668,173.00654521923116,171.9701461745722,166.13120379082613,165.06820591244684,142.39873397420212,164.93929982286502,125.29449270490147,143.5442953512199
816,27.2,171.77869258825575,173.26391546491476,166.46826418404103,165.25729559752583,145.57636890322334,163.95590378807438,125.73026516866679,142.80515073244564
817,27.233333333333334,174.28831555692457,171.45547142814857,164.38440533719753,164.7532992420205,149.31246713841804,165.07662810412492,131.68134289141238,143.98843099954928
818,27.266666666666666,172.81440042970667,171.75574188625072,164.58710000958595,164.4509828621694,154.2633472168349,164.25453230441104,135.545354568494,143.58581142464354
819,27.3,173.10261653604093,171.7059876195817,164.59718314701755,164.68720607237114,153.64052128308037,167.56613467093055,135.0397282406167,145.6633291872385
820,27.333333333333332,173.6324721022063,171.52641602257802,165.169514355777,164.8220225675343,152.0419238530604,167.1995444269764,133.66325350818153,145.45218297284325
821,27.366666666666667,173.00899639872748,170.8048484964956,165.11582912710205,164.91779810658895,152.24918210583093,168.09023216542303,133.43486349018661,145.60746724833933
822,27.4,171.38597313864014,169.8653097788788,164.88266147098992,164.82229943185536,153.22544460105192,165.8589182305488,133.37877678108492,143.90388796808577
823,27.433333333333334,170.5836214252956,170.62577848882455,165.0642070643287,164.81110646229502,153.9800599464511,166.09742800310556,133.87324243621347,144.13011181394216
824,27.466666666666665,170.36698885121427,171.19143776434447,164.73797108230218,164.88035641016262,150.6198890815489,164.72638061567335,129.87326737469147,143.20936027283375
825,27.5,169.25870176044555,171.415448617133,164.2399013779657,164.41820380871295,152.784455173317,165.3536361618018,131.3025498989313,143.40354853624387
826,27.533333333333335,169.75488548952282,170.85339914544488,163.6170295791308,164.02711141862278,150.3687093365139,165.2678083925274,131.02566873504014,143.85978181921448
827,27.566666666666666,170.83431036093657,168.6182594868607,163.80596204471195,164.90961186116283,150.5468535154228,166.18972508506,131.09797738091646,143.65102318506254
828,27.6,171.82971924443873,169.06229150178004,160.9037758666143,161.6734992918543,152.58739589565363,167.47231660269193,135.12191402189305,147.6644615266369
829,27.633333333333333,168.2971333836383,169.93807440658344,160.13707323781819,160.5281628748759,152.751189228871,167.5874310274647,131.20728316703097,146.56845352324302
830,27.666666666666668,167.2529786872102,168.7522995505741,159.64090129396948,160.39126397110005,152.97329357164273,167.3639712133017,131.4844351747029,145.66850579197748
831,27.7,167.7246266664343,167.55776235878955,158.60202209977336,159.95096533955987,152.7455349295049,168.09798934463797,131.52536114427093,145.1149078258805
832,27.733333333333334,165.21096721304835,167.74784582383137,158.25607648469463,159.91961632166715,152.08894501599312,168.3214605064765,129.65742433752436,145.3607064922283
833,27.766666666666666,163.9185967711816,165.89604635003153,157.24258047040516,158.68433546014248,150.75947674855436,168.04121805690878,126.6048807673524,145.30211399264223
834,27.8,161.61936478314686,165.1501792536073,155.41105019941187,157.7383908255693,152.49891965159887,169.10026871509743,127.03793361549057,145.1777644362232
835,27.833333333333332,160.85556636419003,161.8261677149388,153.95899075830613,156.533724311045,158.25286827627139,167.2543003649239,132.92943818416776,143.3580923185955
836,27.866666666666667,162.0698672382058,160.49735035424243,153.76977331212635,155.92834507331938,148.82218740903258,170.82123399718972,123.51179100917861,145.4366009851216
837,27.9,161.34666300900602,159.3010675068349,152.035495212734,154.36537481375223,152.99758971490132,171.19889327897167,126.53589120157524,144.87975490641955
838,27.933333333333334,161.41364627824203,157.43392099988523,150.32499579216233,151.38791689404897,155.77751540802478,172.32517232985276,127.82405933633201,144.43101761026375
839,27.966666666666665,161.46792830418065,156.1701674245869,147.7465368651427,147.2813741075102,151.5146914519028,174.06585288391722,122.51339914993525,144.93939339590224
840,28.0,158.8111104383675,153.53440667202534,148.19556237289234,146.0361018715054,152.5123761901982,174.17277599708066,123.0184557430266,145.46340765803907
841,28.033333333333335,158.52241365172253,152.13364906871914,146.75015987549318,145.10955025810026,153.00305971060578,174.25524850425265,122.86031274408711,145.81325975890766
842,28.066666666666666,153.22882065870849,146.12682664135025,145.35291268621756,144.01864335588553,153.11013161074675,171.12807521408527,121.39068784168494,143.25797174944162
843,28.1,153.36127944030832,145.63533739404852,143.2569381554378,143.59220806617114,151.79192277581535,171.86136584517436,121.2157944138642,143.45963676983598
844,28.133333333333333,151.62165688604586,144.5644100832304,141.9763930531107,142.89235662297085,155.4596527183411,172.31885032187304,124.74059510496961,144.11234990091143
845,28.166666666666668,148.5847126668768,143.74640503081255,140.7331002641998,143.1851467748432,158.806003509771,170.54880997690702,128.9237999164426,143.50701621106154
846,28.2,146.31664703671532,142.07143016396336,138.8825923616514,141.63222385567045,163.19564734945033,168.22542780717055,134.87204645198685,141.55264143778263
847,28.233333333333334,143.37603697534792,140.9001162793026,136.53373186124625,139.79224475319913,162.6354012914665,168.9668295819992,134.5685080125415,141.9498943999626
848,28.266666666666666,144.51452067300247,140.30370002850503,135.4001994095746,137.02730583276477,161.44741571838927,168.67464931836213,133.17772793236637,140.98791812119026
849,28.3,142.81226292677857,138.69144795353984,134.46891656676937,135.83255111259916,162.26916234170037,169.3048411769433,134.6826441856721,141.54564311658157
850,28.333333333333332,143.09873230291743,137.19506105979374,131.76086545945395,131.05401229428264,162.77645310773826,167.719970406683,134.22798619404853,139.30419084065122
851,28.366666666666667,142.55925083496382,136.1859178650035,127.14972349229504,126.78685152457058,163.66119286986373,170.02443335688912,137.00522168371805,139.65275325873858
852,28.4,141.79508700654796,134.27063099025003,124.04373382250553,125.1492979837159,164.07831322643526,171.51933102085002,136.9539957483983,141.14297024940197
853,28.433333333333334,141.24341511143066,133.19169790407182,120.88800088208998,122.17403506262399,164.51382571572117,169.88163963323615,136.37810554659478,139.75043343827528
854,28.466666666666665,140.6181483166675,131.33307568852652,118.55748715811069,119.76456541078677,164.38544265775727,168.61700378106903,135.51582688482316,139.08330510476478
855,28.5,139.80235581171996,131.0432921757528,114.8408971857269,117.61535289148442,165.09588417975368,168.47780452068756,136.008063276807,138.5157999206736
856,28.533333333333335,138.09739060505774,129.90553957291135,112.44279237150846,116.78321687242796,165.00362154872394,167.11319081981506,135.95975830276808,137.98404716391877
857,28.566666666666666,136.81794426433598,127.61530599058965,111.8041336087499,115.00655124162739,165.1012158081237,169.2515127730289,136.45454660386372,139.28877507490108
858,28.6,134.1967727873567,125.67100273639724,110.56056567160914,113.57184481398313,165.29803644041758,166.28643283150777,138.16419402754403,137.6691049991724
859,28.633333333333333,131.63981942235432,124.62047937774686,108.91891767925577,112.30680478737354,166.38980612907258,166.73070840142935,141.12985467254452,138.05528384274555
860,28.666666666666668,130.42321130878855,124.64511966362838,107.69222446994864,111.65449762646703,166.1159235190047,167.089988684503,140.75408406843954,138.72112127764797
861,28.7,131.2530315855666,124.07167720582362,107.78564577829111,110.38181650653833,165.09806205645475,167.35182660890413,139.68742175846143,138.45942501332337
862,28.733333333333334,131.57022369043645,125.4430560055617,107.38426680558155,109.15200614407823,164.8794298491088,167.00027121812306,139.1606383818993,138.13513827672736
863,28.766666666666666,129.46810144792107,123.69628320045675,106.52327942019792,107.3129622835179,164.63628228458668,167.6733259888028,138.28764859672225,138.65177239869064
864,28.8,128.93147864968833,123.02089872284824,104.96863166508501,106.1835356188677,164.30696433455202,167.48963377836284,137.92911534663705,138.7130554081638
865,28.833333333333332,129.36644917535415,123.26318615403416,103.63784014636762,104.98356359813693,164.22401759989114,167.35980155896792,137.90359016619254,137.98183475793942
866,28.866666666666667,126.96192196140699,121.55874043947823,102.31129085977165,104.27428466808468,165.05114935627776,167.56204016481678,139.27624067804857,138.05098520616292
867,28.9,125.55990773446396,122.83092766381722,100.66777269584894,105.06990643174406,164.90089741070202,166.30780186951108,138.9731382783782,137.16488251868373
868,28.933333333333334,125.59206284468213,122.1133674153329,99.65163656961889,104.02707510811958,165.29848266701237,166.17966120583247,138.81798704947545,137.10413129023559
869,28.966666666666665,123.94089684847478,120.85097080307558,98.26137954739947,103.4897837774898,165.56946201161523,165.97898441143752,138.78012724268717,137.11332621183968
870,29.0,125.69232738244143,121.63834485720214,98.00597636961608,102.65953618500748,165.6176097177528,165.94828165060486,139.10033259927326,137.06992564962468
871,29.033333333333335,124.92449326390825,121.89227223721737,96.63795167046598,101.67193453010941,165.03261093434605,165.6292360029657,137.8818441181934,136.3343453625256
872,29.066666666666666,125.07399545081043,121.66315079235251,96.13533263980388,100.8547320021266,164.01971795388988,165.11867951472675,136.7335757837342,135.7331118673535
873,29.1,122.13166710432574,119.76271179322288,93.46914658398218,98.61669506574968,165.5526410101499,165.99008581314723,137.4259120356375,135.48648930221387
874,29.133333333333333,122.02434695120284,119.56581953717613,91.47485484541964,97.48598861543185,167.00428742349396,166.93678017006684,137.81850202902004,135.90119323842106
875,29.166666666666668,121.70223730384865,118.86462424228847,89.36894038279335,95.88219267419464,169.09837107420543,169.2644533717555,141.10337513892176,137.76114278269347
876,29.2,123.9939701285044,121.9605229070484,90.15250092681633,95.87776386398696,168.4691398823742,168.75570191674092,139.4536646861848,136.67682491291066
877,29.233333333333334,123.07687265568934,122.7830448844188,88.2230364042594,94.21009473993976,166.03595274303893,169.6270626054331,135.399156791658,136.73309646182935
878,29.266666666666666,124.47201364005403,123.3079117684846,88.12624819200278,94.52146363036195,165.6274573041243,168.20098416064693,135.0357837060114,135.9559261339341
879,29.3,123.5394798200658,123.08232835397285,86.85453393781182,93.87177279131438,166.6092588114741,168.18020459800104,136.35496547514626,135.86882614454655
880,29.333333333333332,122.87568460825342,122.64237959943081,85.91110397921086,92.38691640745326,166.67459604528113,168.8061653486958,136.4075602357909,135.8371787661555
881,29.366666666666667,122.84171045639467,123.05509489253241,85.96379813792625,91.67962049182515,166.55028711273746,168.67520437878488,136.43683820735217,135.71592003423723
882,29.4,122.96420601592615,124.68564916531628,85.67865893756026,91.31417887844837,166.22075757343035,168.53924277544314,135.82726424137815,135.57677812977127
883,29.433333333333334,122.40236657408654,126.79774614176945,84.92129647753556,92.08721830551401,166.24042796768674,168.42197778860762,134.5184870594773,135.06195942688257
884,29.466666666666665,122.30264798884909,126.82611789502447,84.89054805838713,92.61239482013579,165.76256229608106,168.3326117616665,133.98664073935655,134.840407209811
885,29.5,121.59997280021906,125.70085425942902,84.19678041318065,92.03330799107042,165.92144967337472,168.25299525372662,133.95360067058732,134.90912768962
886,29.533333333333335,121.81710074665357,125.22533166248537,84.05277549895516,91.34068011599322,164.35900901397392,168.53521304643218,132.20146719498058,134.99261634455922
887,29.566666666666666,121.39279790992074,124.45212662109088,83.63202648407756,90.54703019194696,164.64504376274576,168.5198850431004,131.98531359673947,135.0289578645058
888,29.6,121.36107602901235,123.63636293709509,83.17111840412954,89.71250200728888,164.9910412811748,168.22988614024493,132.2224216071802,134.80402027660907
889,29.633333333333333,120.99076865352377,123.64492721502144,82.23998770488758,89.60515944884372,165.33863119872694,167.82051459796287,132.43979379146108,134.73964061038714
890,29.666666666666668,120.80613852256484,122.6728340974768,82.17716610099919,88.71496103386669,164.987398680869,168.07963946411905,131.77365253560296,134.54048400512494
891,29.7,119.00853243303071,120.47931716197222,80.20415989329834,86.70564154140679,165.79008803212002,168.16251592203128,131.93614611949715,134.35378716199446
892,29.733333333333334,119.4498317863165,120.80502556348189,80.04977197746172,86.09851176040083,165.76428119403604,167.42543004014652,132.28085316654773,134.30817742425148
893,29.766666666666666,119.42570877573016,120.4361604859726,79.18091490509147,85.21470057706227,166.00347044898595,166.7747117089746,132.40723504855467,133.98135095746406
894,29.8,119.16681819258177,119.10157485552958,78.4092526744145,83.47906952704331,165.92143048266337,166.888233829158,132.16102666037418,133.70613443966357
895,29.833333333333332,118.44533305141469,118.52630669420553,77.18220417695673,81.53964332347986,166.4000250095213,167.72825988061012,132.54440053383186,133.57251731774474
896,29.866666666666667,118.35849050381447,118.03061979449008,76.62712994889587,80.147271380252,166.548826912171,167.7004904319617,132.1987062731141,133.14758247580139
897,29.9,117.3229757267564,117.44543795516257,75.5236611131349,79.86452043671049,167.0920699035037,167.8003344492537,132.6576663138945,133.1506213970415
898,29.933333333333334,117.43795045128154,117.51642021027818,75.06099933723016,79.11223226378966,167.0590578054488,167.43314995210298,132.28234692628865,133.27313790683655
899,29.966666666666665,117.9275172785565,117.50771795514574,75.092970895331,78.77262126185714,166.3707815648508,167.1559824151485,130.3432007654357,133.01212152830982
900,30.0,119.22160907751307,118.3832382691264,75.25562747680323,78.85885584197813,165.11348006302376,165.5855175926429,129.31626583584577,131.80001068125608
901,30.033333333333335,119.33708685610745,118.17517297795978,75.47044565836745,79.06294268145575,165.25205449152932,165.69031172760643,129.94977707468414,131.92980715075984
902,30.066666666666666,118.74780434475426,117.7714031749899,75.67113699044229,79.16921341468398,164.23632369099164,166.38582269593866,128.81647495128047,132.30991073951833
903,30.1,118.75846592038337,117.75695442265149,75.88789367641456,79.33269042185384,164.0708144377322,166.60846383123268,128.65874479800445,132.6033006779482
904,30.133333333333333,118.46693332349047,117.84271610468836,76.48084969137302,79.75582185675988,163.35240367286715,166.92059068981354,128.5028088213042,133.17024060912564
905,30.166666666666668,119.2765323677227,118.61832021731112,77.06092538868397,80.56193390939528,161.5071379578666,166.8538556382254,126.13507497649182,133.34293814879751
906,30.2,119.33939554650742,118.44517338209273,77.74140851223201,80.85869720031486,159.6342549805716,167.64410546784543,124.69548184316494,134.12310177476795
907,30.233333333333334,119.59459876296316,118.61423437599032,77.69351938372078,81.08573741975958,160.52576684740663,167.61524624154396,125.66079989593455,134.24601038481606
908,30.266666666666666,119.07549214801924,118.48208175662083,77.61636503727203,81.00652590309839,162.5618132627562,166.98530869021238,128.75273431045972,134.47173188536075
909,30.3,119.28825710246876,118.03830420862666,77.42199569668507,79.87144071568441,163.45583977612134,167.05571947048853,129.29585886225922,133.75602978585408
910,30.333333333333332,119.18895733492985,117.94424482335488,77.25485603537236,79.88238088336168,163.80395851347433,166.36813483580787,129.87767251268127,133.4554591915965
911,30.366666666666667,119.21018180294166,117.57313004602682,77.09707484063209,79.52074200990374,164.57147106450975,166.46958117345636,130.79180305615793,133.32863987570096
912,30.4,119.51608500397265,117.58795253388975,77.21575947723889,79.58108354066702,164.6260375179368,166.3959219583661,131.04565260336918,133.3412984036602
913,30.433333333333334,119.62000477891523,117.27533473969288,77.35098995229592,79.97102936093093,164.51743542282807,166.06016843583075,130.89189058940292,133.28477566740986
914,30.466666666666665,119.65051833245442,117.32672007483808,77.43686376154008,80.08694357312366,164.72417131020578,165.967090152964,130.10714986755355,133.2108142741998
915,30.5,119.82761540601813,117.7908979110127,77.51102682428944,80.32137796264848,164.77586014809293,165.78861909408678,130.13467335976998,133.0759646707213
916,30.533333333333335,120.56829790788387,118.80202617378974,80.03722691919323,82.000631604757,161.53124785552342,163.49784391514976,128.45730545136198,131.82712914153467
917,30.566666666666666,120.18046717228322,119.92059973399476,80.89412552529164,83.36167488584827,158.90108805640628,162.44539596854133,126.5073644457578,131.26336337014783
918,30.6,119.93465042682648,119.22265361567992,80.39293506573728,82.99365277487509,159.59124212903447,162.64226735533677,126.94883449058388,131.22402999217775
919,30.633333333333333,120.02648515108315,119.52336653340747,80.49508668597466,83.29139721815991,159.58810666374512,161.49381479224252,127.1744689029613,130.49565537534073
920,30.666666666666668,120.21443686221792,119.86548171280486,80.61670556760838,83.58191704860995,159.6708440574023,161.5225682079542,127.24243644005607,130.57127406946975
921,30.7,119.53813044908853,118.90190402515634,79.52748562487385,83.52399830424193,162.10213668255835,162.4375399701238,128.7218857466673,130.92254320900153
922,30.733333333333334,119.91917211831358,119.52915353380666,79.81060995120245,83.78602074909922,161.99789994295773,163.53710001389615,128.47548984381453,131.52380525550277
923,30.766666666666666,121.94791554434997,120.63814580946584,81.39944404750129,84.72026389713321,159.0917380918624,163.99719665303112,125.84586523234184,131.74449278346071
924,30.8,121.85112971755437,121.09265063525112,81.31679528547366,84.88438529063959,162.87375957315487,164.74466945766935,130.03821540370944,132.26863582420128
925,30.833333333333332,122.3733026649616,121.4376627910471,82.02358350760521,84.79019096377013,161.24672115736408,166.6462664874169,127.3518193979505,132.91081224204848
926,30.866666666666667,122.28982525575248,122.59260004070562,82.01204699610427,85.05971128411224,164.37930249715347,167.85315282272109,130.90405097498828,133.74575421530375
927,30.9,121.07710988133587,121.86309105700138,82.51875863266463,86.63756388921493,167.23292763499842,168.25971860877937,135.27781982262803,134.69248088009857
928,30.933333333333334,121.48860892177964,125.09839476937643,84.34301863190541,91.27418213939588,167.98308635150568,167.9416727105887,136.33951415186897,135.5786195065568
929,30.966666666666665,121.83329967791653,124.61828681448942,86.65836921115026,93.82920299013405,166.8212097332868,167.13881494112118,135.9947432105067,135.48953890300248
930,31.0,121.64482983639367,122.4278893503759,88.57777331133785,95.02120816282343,168.76802013799895,168.16594815671561,139.9882932714495,137.08404183926876
931,31.033333333333335,121.34996554076984,119.44531991137796,90.16346208608279,95.12266023906156,168.73612615821793,168.402932994059,140.79017966072286,137.45947906905474
932,31.066666666666666,122.16025486726869,120.75829978638363,92.04511576665287,96.72354129929957,168.24791803719432,168.1952308707159,139.62466928926864,137.28434845270905
933,31.1,125.76116927430616,119.45363323521626,96.89829262900786,98.60750230065813,167.36912168611335,167.29782155427898,139.1307376510117,136.9384402307227
934,31.133333333333333,126.92187213353479,122.24511863380945,98.73260177932873,100.98645274574369,167.29512670803743,167.18963546304903,139.10849268196924,136.95862256234673
935,31.166666666666668,127.0113054767465,121.74920727745048,100.36489086687922,102.37071662423607,167.13778561072874,167.12752073592145,139.12306743275892,137.36773877347912
936,31.2,128.25031550503147,121.59350290992577,102.56473898096428,103.72605296509494,164.33685278250925,166.9277513447146,134.94986834606925,137.3256463812901
937,31.233333333333334,128.42705879356856,122.84073013345275,104.95087927801971,106.05706830822277,164.51685218190175,165.8663559476216,135.1644044058395,137.26192135633255
938,31.266666666666666,129.93722796824804,121.26529866996694,107.33764737703241,107.16248777653645,163.6838474654253,166.16714148566174,134.24864981831328,137.80009648877873
939,31.3,131.08979030070935,121.38744176969956,109.84361444394352,108.64734953413269,163.9419418688329,165.9482245045424,134.18617329518435,137.75963017967416
940,31.333333333333332,131.86081030964348,122.98421623532862,111.53626700196823,111.45735410876419,166.81293447709297,166.21167149479624,135.8706803613928,137.769203969686
941,31.366666666666667,132.22675252682862,121.93587539377874,114.33841322612578,112.47062354065137,166.8260494311266,167.3346708953989,136.29035966534593,138.17319233065825
942,31.4,134.90399700111783,124.90327650591964,119.03585138800936,116.15957656626408,164.51322018509322,166.49791528795018,134.68977339134167,137.88729610051013
943,31.433333333333334,136.25079638466516,126.39629021645716,122.52508165861728,117.92791369697613,163.83448704032182,167.92599427221168,134.55201036540328,139.53445303796997
944,31.466666666666665,135.6548449324802,125.31949425595799,125.3375826232736,121.81091116746892,164.79628307026957,168.01867783728645,136.1042081506462,139.2680679015296
945,31.5,137.43015419279197,125.59414407674386,129.94810595281993,125.45585682470728,162.5821380084768,166.67172351279004,132.5577380752098,138.48861138788524
946,31.533333333333335,137.54716707219714,125.77402970734556,132.13591840982838,127.9843236504273,163.45476849727254,166.92362392442234,133.33268401142328,138.8236057023044
947,31.566666666666666,140.43777333730952,131.5883076380644,133.92966324550298,132.02259773075136,162.02759597091637,166.0235377899178,131.2272554445419,138.7444307549246
948,31.6,141.92362862353602,134.63920422088262,136.87027907264414,134.83588557062072,161.8929128458807,163.77034816392856,131.54668417132729,137.00101554189217
949,31.633333333333333,141.80233333219024,137.20285968211468,139.82799819718272,138.96217913443374,162.01009848404402,164.6448389617924,133.1314133576363,137.50391474037946
950,31.666666666666668,142.4531322920118,140.30086878995706,141.07691971224207,140.5373960189867,162.3486106594293,166.4319313163691,133.27436880306274,138.24248253986758
951,31.7,146.21956360617065,143.1202878162867,143.2633232338914,141.89847032723245,157.95496407985135,168.83567022730867,128.83575469528955,140.1741720968616
952,31.733333333333334,147.05673751150334,145.30558691685914,145.4893420225079,146.18166115137126,158.46387483708637,168.42075497077536,127.1565063215251,141.29124980133508
953,31.766666666666666,149.01901235829285,145.41179517744905,146.54617132998646,147.78905987385062,157.36513422413927,167.03761061839666,126.4778908625614,141.19663904639157
954,31.8,151.3222319887271,145.89206225203546,147.4148359842444,148.259500117719,157.14702227152398,168.49611259853285,124.60115676766695,142.17051166173127
955,31.833333333333332,155.6702017782108,150.14224770288322,149.28445262644414,150.10915798460059,160.78134456947714,166.0609085517085,128.8661982939761,141.06742307485254
956,31.866666666666667,156.80161696978993,154.26484661039262,149.5451362685638,152.02619597165815,162.7573736866691,166.04837348833658,132.88071760342137,140.84292710146138
957,31.9,158.26237445365305,156.81366623101857,151.4354146584661,152.88628367462715,162.5723346010608,165.92539702953047,133.27353745182322,140.5830647263104
958,31.933333333333334,159.45075837176088,158.03327652584312,153.01560505360194,156.22181597079526,158.03065554988126,162.9973821359427,129.4992996178881,140.88027830407825
959,31.966666666666665,159.52129836657517,160.8137789247145,155.60977250367787,157.87729521250589,159.28116619481767,162.49173991597726,133.5871250312941,140.32985052259184
960,32.0,161.39181699025997,163.6202853059324,158.41911004090437,160.27833708193293,148.5584493100292,165.09663254659762,125.39199203789781,142.4155597567698
961,32.03333333333333,162.0826335926563,165.4669783398728,158.8326397326606,161.26973879981367,150.66844991075635,164.28365273066925,125.02285512869942,142.05550652732737
962,32.06666666666667,163.70453912831718,165.7181373566096,160.23172203416362,160.82342850767787,150.9953820601788,164.455891016562,127.21889477385906,141.59968797262772
963,32.1,163.8302747816594,167.86034562463416,161.28986849003104,163.23173487599135,147.93331268419553,166.65106414823506,123.93140209035401,143.6578746132047
964,32.13333333333333,167.90468062471027,167.1614514254133,161.47504967177684,164.41744034641218,146.86848876188202,166.93933058751833,124.74162703441398,143.98194616390177
965,32.166666666666664,167.41190735852066,168.55335295671688,161.701276314498,165.0284869090579,149.38923154819147,169.1258507287132,126.00947178878079,145.97592037080824
966,32.2,167.53113709639612,168.22656315424908,162.18043009183862,164.69860989723676,148.77656792355577,165.1109362624582,127.16928024664416,144.4123087917577
967,32.233333333333334,166.53696342964966,168.7845174176085,162.10169331796118,165.27460632647976,152.85367675476294,166.7079015388508,128.39269439376446,144.40260683541305
968,32.266666666666666,168.91718739887952,169.84778427996434,162.31376327875898,166.13004596868382,145.85725995971382,165.45784298573267,124.16161798624212,143.19590002705615
969,32.3,169.06280655402475,170.30945564599054,162.6486982399156,166.853402131677,147.43239826930898,167.2116605327028,126.18300119399625,145.00565702646318
970,32.333333333333336,169.51126318833636,171.7305547267811,163.80421664175918,166.52532082904298,146.18010779350624,169.48239070646056,125.86839509867495,146.3184516233844
971,32.36666666666667,170.20209332152203,172.55677218958624,163.34777242904062,165.73780485016164,145.87357837956543,167.78497252562437,125.48664081594914,145.67502814948745
972,32.4,171.01432783488028,171.14753769120802,163.73561894736693,166.38130093991987,145.99044949851717,167.48347962749224,126.34700885532156,145.22149281164664
973,32.43333333333333,174.05947005397107,169.37772015453575,164.86599876698799,167.2348719934343,146.90579720126001,167.00672661611355,128.52484717606723,144.58399841203843
974,32.46666666666667,173.284001011638,171.44479456139484,164.8482273688885,167.57279967292502,148.11412764688666,165.7060537083469,130.1067577625852,143.8667565812822
975,32.5,175.16167408091286,169.0550821785072,165.08863072901462,167.44979258806924,153.22899869311865,166.06866397001653,135.89200789462242,143.99928612653045
976,32.53333333333333,173.9854176915338,171.02161473990606,165.26703021808865,166.9391421386553,157.77854469399972,165.18931421987276,138.63963903444144,144.02100109299158
977,32.56666666666667,175.97246994813497,169.8608392849979,164.60578971756627,165.65782299664383,157.92129689091948,166.67185610945566,138.68892181721858,144.39903184363956
978,32.6,175.4279214326589,167.39683894331822,165.35341414482752,167.19696038830318,154.81676917322886,165.73853642360473,137.1288673866926,143.56854115434754
979,32.63333333333333,177.65875597013928,169.999625397213,166.34975230008467,168.97670981844792,152.5735069997301,166.23555593135484,139.82055180457493,150.7284643825954
980,32.666666666666664,176.40727571587715,171.74341241780482,165.93853418275856,164.463619253023,152.04624633960432,164.47312891764224,138.31626166541508,144.90494236115055
981,32.7,176.78025650228176,172.23627650171417,165.71585253257317,164.94644795560305,153.61926009377984,164.78685328689545,136.88322539098755,143.99719781409928
982,32.733333333333334,175.59097029624843,172.44513573174925,165.6604188870098,165.2261558821103,145.03595016980245,166.25013200424812,127.24192695483285,143.71342927916308
983,32.766666666666666,173.2636155328367,172.39824662917906,164.94581674218452,165.79455999726895,147.2983836403144,164.7709098657931,127.29756895629554,143.2507465157133
984,32.8,175.68755139540627,173.49805577493856,165.25905243308276,164.4696159286058,147.70673255732598,163.5546545904383,130.33636469163685,145.94172141942568
985,32.833333333333336,173.9005465773034,173.3659935535049,165.23817035313616,165.63206296322477,152.80413664850616,163.14565616857442,135.01972640591143,145.675760891523
986,32.86666666666667,175.54808733994975,173.26190191685924,165.60425586380964,165.8569015318455,152.14918683091025,161.89737585033126,135.6504760222599,143.91904172109466
987,32.9,175.15464580487748,171.6471968338767,165.312463844619,165.48769809817486,151.926743312723,162.24042600351055,135.9703705134623,143.81869353154264
988,32.93333333333333,173.93844795450082,171.45448401318714,165.62991405832983,166.76365660061606,152.55497993351227,159.90417075395317,135.664569799977,142.25061389901313
989,32.96666666666667,172.2377174740286,172.0175390555994,165.57474626740208,167.42281294947173,147.34064308029627,162.47506044282693,130.3186104991409,142.1277639971221
990,33.0,175.40343786947247,169.99581119204328,165.50798140416404,166.96808032603326,150.9227437133627,165.53698418471376,134.60217623773963,144.8822473563984
991,33.03333333333333,171.87208108966652,170.3908494141579,164.85879191728628,166.31330204305712,152.54335146573356,163.97008385353672,134.55607950368898,143.06577151337245
992,33.06666666666667,171.49171807143412,169.9548188202682,164.59400558104062,166.12447061880775,152.16243577164315,163.949061038317,134.66894949437923,143.3916604108957
993,33.1,171.71055375284465,170.21562346740606,163.48295639909557,164.24494137317487,149.00777519127772,165.95596550197516,130.9106323360846,143.63968899427383
994,33.13333333333333,167.52467894784533,171.1149331387766,162.51639097322771,163.96066037235477,154.11818588132286,163.4866815024165,133.8150337665574,141.92522008395923
995,33.166666666666664,164.73805811931746,171.0618538336109,162.1066207952662,162.7888476525153,152.72552551127765,164.95188152047285,131.95306652451623,143.19357791181295
996,33.2,164.50626334763237,171.1859813386496,161.4099325130927,162.94717273508223,154.7351619886432,163.66493569257904,133.16536589560337,142.32270111330888
997,33.233333333333334,164.94949285923954,170.71781036845962,160.82000694132878,162.60398917729356,153.2581450144081,161.57661916345475,133.23410016150248,141.6193389180459
998,33.266666666666666,164.88312792232077,170.0623554587312,159.90133024692162,162.56089782158944,154.39437543865856,161.98390958487718,133.44089669594103,141.86779606740274
999,33.3,161.99890512658746,168.69419587306803,159.34841489744588,161.0971852980648,154.65003173989987,162.3415502850297,131.84131625018682,142.39865628096632
1000,33.333333333333336,167.40766184838003,172.13446820245986,156.24240881944593,159.94820251049543,154.75820865817573,165.69261347032264,135.25294217935362,143.15882195156252
1001,33.36666666666667,161.88096546612007,168.13293490553795,156.51576639685348,158.75652752548461,158.37873569713057,163.82308203620246,135.09982420333202,142.5911478068684
1002,33.4,163.79719508245836,166.79504817932298,157.12465071468776,158.46100499425012,156.814537715932,164.9758708289004,133.10010482491546,141.87158779577115
1003,33.43333333333333,161.57960781877026,164.5406779228696,155.66051690038233,156.95074930856484,159.61926856594587,163.29034509891463,133.91775748788635,140.65019125875685
1004,33.46666666666667,160.1311656319008,162.8253077316992,154.89227797498864,155.23225077435515,159.02677269651255,164.84280733995516,132.27208205577838,142.20074015574275
1005,33.5,160.7476565587371,162.13640294768064,152.6023409124988,153.98727966361835,160.53382239673059,166.20380840978933,134.22829933292795,142.15903166700716
1006,33.53333333333333,159.63784923810258,158.84608330514845,150.70784089838116,151.18179038782085,163.85559383797718,165.03488469528787,136.9300787336766,141.36703392311443
1007,33.56666666666667,159.76548731230247,157.1118092253498,148.89985314809655,148.5482599857838,163.22752825027814,169.10299572629802,136.4888895775288,142.93021625982243
1008,33.6,159.44604130558068,155.2524902662595,146.65865869226613,145.22765888236475,162.55165388589685,171.24394717231644,134.20662563632737,143.3424269433901
1009,33.63333333333333,157.1831465726393,153.41163685593418,145.58198102933125,147.27702962879525,160.8610858275835,167.8113609682285,132.63500878736806,141.67270709900805
1010,33.666666666666664,151.27642374017876,149.74526302126762,145.1082176822394,144.4025479585446,161.69559221916856,168.21851123670783,131.50868250276173,141.24294464141178
1011,33.7,150.81164647610152,145.75225613965097,144.40968602416248,143.1035512236653,160.1054535266102,168.67725521661708,130.33727283997894,141.63675821216862
1012,33.733333333333334,149.69972229632825,145.0221401310434,143.17562390889373,142.0254593761359,160.21515789310592,168.94964297973416,130.490226420463,141.75796016518606
1013,33.766666666666666,149.05421768257065,142.98075229862053,141.23631238577676,139.29764654463014,161.88137546540332,168.762548766135,132.65499176471425,141.5460324837588
1014,33.8,146.25700469247147,141.15349849629283,138.58623109525277,137.4591933524855,161.88952185298947,167.51861743804923,132.9082315891489,140.74170918997453
1015,33.833333333333336,143.69440609328777,140.13739111380409,136.7702121658169,135.62012568914955,163.9115527569991,167.32780348138408,136.5170626065376,140.55858605423134
1016,33.86666666666667,142.46648123039364,138.407709209503,135.42884807728694,134.39277466831643,163.5872106962524,167.0335187771656,137.18717119763502,140.4718075103127
1017,33.9,140.92043548500575,136.72750580168952,128.56727482535373,128.97722821629995,166.20074151823994,167.51226794635693,138.11591584668304,139.532259442655
1018,33.93333333333333,139.7801547816215,133.95761002932358,126.21843625164189,127.1448443483393,166.20219993385524,166.94517656711992,138.89423573800426,139.29707810407413
1019,33.96666666666667,139.79238832961568,134.3663884169301,121.54604838828696,123.4775259261045,166.72734503178867,167.76700335826757,140.03793680413997,139.41279736903104
1020,34.0,137.5566319171488,132.31974895800286,117.98631030968671,121.83565630399235,166.91313772849642,168.85208336174088,141.44324316030628,140.1459950378313
1021,34.03333333333333,137.37346996631626,129.21677451198883,117.19740428288189,118.20443179254785,165.98715813271178,170.26200309842238,137.63187606325593,141.49941986632092
1022,34.06666666666667,134.71987610409215,127.37044770042992,113.79169476672942,117.94060560791847,166.59102868406518,168.81723009963144,139.34437332568862,141.18469367815354
1023,34.1,135.38695397333362,129.3497673996672,111.07432578820031,116.10283723853998,166.59367235077016,167.80456531718104,139.30025140448276,140.2830873979769
1024,34.13333333333333,132.27580338805186,128.34572481406877,108.89028423421406,115.56938714515388,167.1024230184518,167.65880544476082,140.42913130665312,140.04658507161236
1025,34.166666666666664,130.8819176158063,126.84332303661094,108.89746667436172,114.38699786538258,167.367192431712,167.2491918877165,140.78480138168044,139.62058060000692
1026,34.2,129.25278564452927,124.4131039777654,107.7460989258938,112.17689236410867,167.25717512873365,166.4541969098076,141.06703280217928,139.076486613074
1027,34.233333333333334,126.3066775423176,123.33437388904116,104.89176558119861,110.16331254332317,167.82552196434182,165.83999250790313,141.16150872561846,138.4863638608832
1028,34.266666666666666,128.00278973585904,123.49245754756527,104.16073919537716,108.87420637501619,167.687076190279,165.47087995929533,141.0851091917665,138.4870639965973
1029,34.3,127.03839511010268,121.93963082280676,102.39216716315215,106.46531833424595,168.13319527291063,165.34277688108997,142.46053641204358,138.48927760799717
1030,34.333333333333336,125.02670579021078,122.37647565386342,100.46082407335037,105.68575507325326,168.0692132623959,166.01575928099214,142.28245219664552,138.8257619225918
1031,34.36666666666667,126.36349970134788,122.21965704816303,98.96327385766661,104.05665116637707,168.1945875127093,166.83357709256015,141.98447939937319,138.07237130896738
1032,34.4,125.90668668679263,121.12821089224532,97.66337229141902,102.48540972615109,168.0566919158762,167.41569801441673,141.96804804747768,138.14132180063652
1033,34.43333333333333,123.63849382489974,120.45473227408938,96.6166316303324,101.79827050664468,167.27706845018184,167.32666514222754,141.64528418070927,138.14196622826668
1034,34.46666666666667,122.44926133655258,121.19784825027483,94.9448825599238,101.1143181138617,167.79393685411458,167.54157710865323,141.55243094742121,138.09786508118395
1035,34.5,120.66088834338217,120.00315408453751,93.33551584079498,99.91783758550868,168.33928155701892,167.84938662111102,141.9032451703467,138.67193532596463
1036,34.53333333333333,120.26247896881083,119.22932015227215,92.30697755974862,100.49095466490168,168.87043698003126,167.48546180980017,143.42260514030428,139.13643420388297
1037,34.56666666666667,122.12990882766883,119.92928157015069,89.59891761106904,97.01836705399747,169.91993587919748,169.1610101134829,143.46697444778934,139.19968326022519
1038,34.6,122.31085531986683,122.4243507738088,88.86278065874077,98.05229825064691,169.8531017717012,168.2554174868132,143.26779889806787,138.02652608449495
1039,34.63333333333333,121.13990150287698,121.10358807952912,87.15827294569593,96.66553411116391,169.98416514633846,168.382235265602,143.29990474096496,137.86703014889474
1040,34.666666666666664,121.27607258881667,119.97930358613337,86.0298449022055,95.05797102146974,169.7707765423582,168.18869076733154,142.96312527230796,137.52467681343828
1041,34.7,121.42594150151315,121.2344565483022,85.81462298570561,93.89478165085451,167.5673350517454,166.16890532821972,138.64834708967166,135.36094619328168
1042,34.733333333333334,121.10594701315188,121.64221107570538,84.70854421654057,90.82382769401126,167.59056238370704,167.65464527498392,137.4143674372953,135.6502622276219
1043,34.766666666666666,120.5871156020143,119.49760213581158,84.10104137768121,88.70971318133113,168.12765296163178,168.3900325829604,139.12293787306126,135.98845452335155
1044,34.8,119.94146927649122,118.25984721053254,82.98676746536866,87.31101653293851,164.05473874729316,169.66956439152332,133.23077457397227,136.52854323640608
1045,34.833333333333336,121.53654051858356,118.93675849649993,83.37941709426808,86.34459177504962,165.01978568166314,167.79574565589323,134.63946091683653,135.24241851008117
1046,34.86666666666667,120.92758059176404,118.41694883408952,82.8726622027822,85.4257383050607,165.27876855568817,168.23943655978476,134.81346097357397,135.76300146621537
1047,34.9,120.82976992043115,117.26666858217307,82.37434805359703,84.18486626651335,166.37620061977006,167.74855851008004,136.2858006862189,135.3068930003553
1048,34.93333333333333,120.8131443275761,117.3558041559189,82.16335021086422,83.2908084291228,166.32426557196862,167.32601492604624,135.55514896433817,134.92962749276606
1049,34.96666666666667,119.80700279141924,116.51357734975448,81.53673493736922,83.62419662090052,167.75335409231892,166.57321490446773,137.46666117222128,135.10262782261506
1050,35.0,120.19913414156424,116.39706636473447,81.77637447269112,83.25755206340527,167.64052679943828,166.546827413509,137.5024100042563,135.30156320289476
1051,35.03333333333333,120.37935481151152,116.37765784710993,79.93013288715717,81.19135930144012,167.54746654079167,167.78860464715964,134.9588458084304,134.79739460454334
1052,35.06666666666667,119.95894569627033,115.79111931549484,79.56377385318149,79.9228934732187,167.31430769420132,167.63733736018924,134.41091417987812,134.76847532774616
1053,35.1,119.70535872050858,115.5808905826482,79.37864032588844,79.8048587905453,165.8245214873574,166.74691668647773,132.21794041662596,133.91400243427879
1054,35.13333333333333,120.26281563355872,116.05750296665265,79.39845797761566,79.84583402215695,162.52107114598175,166.08898460385143,128.0424654857769,133.34598228113038
1055,35.166666666666664,120.5698958948029,115.97614510612607,79.38649046568206,79.34812818743403,161.55803775221995,163.794983358658,128.17671200476295,132.21193231817682
1056,35.2,120.4640971581327,116.54220911323303,79.29253548952083,79.47404088931354,160.022333432953,163.4206748886662,125.99621943192949,131.78721396979103
1057,35.233333333333334,120.65636521733825,116.8644994114884,79.36175063009011,80.04608536138403,158.37732193628594,164.36076722136968,124.12912856839436,132.03773118010204
1058,35.266666666666666,121.30750040388176,117.17673035413658,79.51311041644057,79.96710647785719,159.7288525999298,163.8557186470731,125.65654145586561,131.739330721897
1059,35.3,122.26859380016917,117.3668157913775,80.25333981164725,79.43934607755997,160.10532512995402,163.08978645323117,127.28020067059866,131.33222274892043
1060,35.333333333333336,121.49509695759156,117.6206862485672,80.17329974489468,80.59732248185458,159.35785500512023,164.1751688030529,126.19174173995236,131.59885314361978
1061,35.36666666666667,121.26831922660718,117.52203988442378,80.1827214582057,81.31323942940199,159.59341585308795,166.18995524370916,125.86331066506743,133.53698663889102
1062,35.4,121.08520123959615,117.3458097767869,80.61263509859813,81.6122459298321,160.46184538853157,164.87591560901615,126.06250328294554,131.85740897767312
1063,35.43333333333333,121.68680087130541,117.40970240998563,80.09796568718917,80.64084736537865,161.10671156223748,165.41549239496123,126.62265816032742,132.65964274606355
1064,35.46666666666667,121.46408150202825,117.20110940275781,80.00883622012242,80.52805916896575,160.6291828428201,165.18727943277693,126.28163073829622,132.81196368712398
1065,35.5,121.72052006247281,117.59130353477943,79.42499480021768,79.9407681265144,161.123829072033,165.0601916848081,126.39404858311552,132.88214065332917
1066,35.53333333333333,121.27972278704462,117.4731807103837,78.59999599046958,79.5128029679534,161.75388849211993,165.17257283778912,126.66878137051566,132.77290331770752
1067,35.56666666666667,121.23648904375408,117.49188957935975,78.62745150849969,79.45732595127198,162.05960273421755,165.13293365655915,127.3727088060429,132.68919529062606
1068,35.6,120.9992555194727,117.4020977431525,78.5785434194798,79.46877993090101,163.3532699570292,164.914600560161,129.0844598540591,132.5771812000317
1069,35.63333333333333,120.70079609321881,117.43513459115863,78.27032056643739,79.60133362174493,164.3696789233706,164.8366195675908,130.5358246292446,132.48478513113102
1070,35.666666666666664,120.5663666282933,117.18519433645076,78.2556917617604,79.5662459976425,164.6003796185338,164.66842120700687,130.8610372226914,132.05156842513256
1071,35.7,120.44925325319208,116.69957792598674,77.20454753857486,78.6998751850325,166.41216719762326,165.6281773140242,132.6800846855076,132.45388334612417
1072,35.733333333333334,120.13050262288455,116.23665032314803,77.52633930979319,78.83007885237932,166.59412944931853,165.74813743940203,133.54693694665656,132.93292439353718
1073,35.766666666666666,120.01682773823924,116.53075295370752,77.87350399489112,80.66673118600416,166.4915488382585,165.72030144833425,133.56914222108446,133.5139067627432
1074,35.8,119.52462859953698,116.56587448121897,77.89863909369001,81.68274620473221,166.06040587916553,165.45197231107605,132.79781406925554,133.63767697936777
1075,35.833333333333336,119.38205128363143,116.50486139663289,77.81057750387276,81.76508751666968,166.0210834501915,165.02463344081994,132.957999373089,133.5240231569434
1076,35.86666666666667,119.6820080621053,116.81742086411867,78.29640394581543,81.57022603188526,165.5969792484257,164.92366033838277,133.0129934013786,133.48740879528637
1077,35.9,120.38049523547824,118.10937846070865,80.14203288973324,82.20027249778965,163.54250032881993,163.63966096758102,132.18185050778177,132.98092160566404
1078,35.93333333333333,120.42333441438907,117.91092009328352,80.18698124103263,81.77003776313182,163.09547341611668,163.72920459196098,131.58845016086505,133.16615037258657
1079,35.96666666666667,119.92652548601414,117.19739639951906,80.5811812761685,82.41277440232592,162.5412414433364,164.24705459893804,131.0144862040552,133.47292679991278
1080,36.0,120.94643185169888,117.76359741017976,79.56619813593659,81.10396296302147,162.94478567892247,163.98577350508296,129.7089993842697,132.2418982761023
1081,36.03333333333333,120.8186171724363,118.5702867229503,79.8263534826662,83.13833617733441,164.99023683015167,163.45630265057974,132.25373829203915,132.65783542484124
1082,36.06666666666667,120.26310237865658,119.27946013445117,80.25269171129392,84.06533409515771,164.81810002050267,163.64090036634659,133.1916943058166,132.74512862581966
1083,36.1,120.53342305570216,119.5599610911562,80.89237814218035,84.31120542078399,162.86628683096137,163.80064316929477,131.48575370544896,132.8136747757893
1084,36.13333333333333,120.48463607961074,119.92757307396158,80.33811196517965,84.67946035671828,162.24126997797836,164.12065238736963,129.55358732804936,132.72678564456544
1085,36.166666666666664,121.55596651058177,120.30613162267728,81.81172940904769,85.95989878687584,162.53850384362883,163.2297860662722,130.04261147204653,132.22116223502834
1086,36.2,122.39316558838276,121.63728959931782,83.27610062519662,87.85241436696596,162.84910562727657,163.59429559533444,130.52322154697418,132.4780954296399
1087,36.233333333333334,122.73205553385988,122.07124484903078,84.78874807765668,88.91868636999311,162.73177419447637,163.23240141055612,131.73706429523077,132.77623603934524
1088,36.266666666666666,123.07823487237029,124.48782630793951,85.5299574324698,90.48579989938159,162.92047468173018,163.4743029628532,131.89280727609625,132.73044323018624
1089,36.3,122.9355903507872,125.36082958668887,85.64707629699721,91.9762210673634,164.33604033194788,163.4335299775705,131.98798280448233,132.43557881359254
1090,36.333333333333336,122.59680283057233,124.91246034743659,87.40613927989581,94.0985095065012,165.48436993728424,163.4226467483477,133.7592994865795,133.1850364388835
1091,36.36666666666667,123.21585510081523,126.14888000191415,88.78578026533516,95.82470081340256,165.12755264907284,163.61726466698067,134.0919650522046,133.41264679951337
1092,36.4,124.8742950501641,126.76884562969713,90.74835978639831,96.70986414831515,163.5351673968224,162.9734882892959,132.1733305327806,132.812370449617
1093,36.43333333333333,125.89229785005418,126.9037608249296,93.587781141238,98.08502144012331,162.9728835352286,163.29443686545588,132.40982720830016,133.1548880342762
1094,36.46666666666667,126.83360865897963,126.34032756324395,96.00283876690361,99.45381868200442,162.53490482356486,163.27995995914236,132.58742268590998,133.22030207677525
1095,36.5,126.70132509722286,120.92236860620766,98.55467907097909,100.0412556291455,165.27201832319838,164.13042588175733,137.21588831037568,134.99657705633538
1096,36.53333333333333,127.68889918323079,121.38858389534653,99.91666447081195,102.68432716755746,164.82464538285382,162.91324646675008,136.82746871097908,134.98524841718435
1097,36.56666666666667,128.5471847552441,122.96239484220222,101.82054507247872,104.2321438295776,164.8234863574169,161.79028325807266,137.4116467936009,134.74403340598576
1098,36.6,130.0622156325476,123.89984654252693,103.96962554782439,105.2919626750742,164.23337214072566,161.3479363638115,136.95413741734635,134.42722241488696
1099,36.63333333333333,129.68452345502968,121.85417817403464,104.6734012227748,105.69267758343686,164.67497292435877,161.66469854450497,136.11481939118224,134.6198992586497
1100,36.666666666666664,130.24908469097178,123.95889506850722,105.91135397232418,107.5680954258937,166.1703333863212,161.94070254572853,137.1004641985946,134.5943038702247
1101,36.7,132.4490054917298,124.04882506893374,108.27185885920426,108.60946569629954,166.24876212728873,161.6656513605001,137.25201537624167,134.6961581905584
1102,36.733333333333334,131.188789858265,125.0831924580522,109.09088081595452,110.4177690130447,167.78960026706204,163.20541659430924,138.1546636851411,136.1142867192748
1103,36.766666666666666,132.15586667906405,121.93141926355746,111.51366754537405,111.33689249534658,167.26536413003635,164.03435708204864,138.00048263975367,136.51702588028238
1104,36.8,133.0282524669544,122.95408042779296,113.54501230789536,111.78809230529221,166.93321063684763,165.84844726454241,137.49914047613464,137.66143232361634
1105,36.833333333333336,133.9654923090916,124.26701342207554,116.0523160975948,113.72766914674169,166.526102928064,167.42036590556097,137.49549371914978,138.83161568884907
1106,36.86666666666667,134.9143460185502,125.48212915022256,118.92994269819187,116.01003567114849,167.407492243995,168.36084075486698,138.80145370016538,139.66957578322578
1107,36.9,134.94784544844526,125.8210140779937,121.62711935472014,118.50108691124143,166.75577595442687,169.34654095027713,138.2377012633944,140.2156213639735
1108,36.93333333333333,134.3358332189686,128.5013825742752,124.74815118653329,123.78668508809572,162.91639269408586,167.23514831925365,132.6770984737782,140.4514998404935
1109,36.96666666666667,133.01533485084698,126.3877826981987,127.73396090436653,126.1164918404122,163.99351802489824,166.31582010385367,133.77661328675003,140.47068052607244
1110,37.0,133.28417406727436,127.41725237074048,130.1432866188182,126.85796421541336,164.62749505456867,166.89167610310898,134.00656874522167,140.89234675368309
1111,37.03333333333333,136.76898835901943,129.18873076662052,132.38778546169235,129.68309609815114,160.73795226077104,166.05459971064897,129.06550922974242,140.11936704930582
1112,37.06666666666667,138.05958177963282,130.33615883508054,134.21772386285855,131.59618894012743,160.09517270842233,167.70895418576913,129.40389132136048,140.2710922378093
1113,37.1,140.1048321702195,133.08323521028373,137.14352262801165,134.1720388298309,159.21435191526217,166.33669834304027,129.31796268095076,139.95784960679322
1114,37.13333333333333,141.1582322222339,134.9133120086763,137.9004662136315,133.88155584690617,159.51397158755012,168.44774755278874,130.22349928358204,140.51941047077102
1115,37.166666666666664,141.8465897495399,137.1094142045291,138.3351306871525,136.94343289849854,160.43267101974507,168.0281431356191,132.0523682862685,139.93547336556938
1116,37.2,142.5372391554248,138.75408114160652,140.83256440939962,138.0652394122333,159.96646420339698,167.40313072395946,132.46532339504319,139.5801240426653
1117,37.233333333333334,143.61136081951042,139.75180876346562,143.5688079988268,139.37287094260722,149.81240941633766,171.72172720390364,121.45895074574689,142.99901707160998
1118,37.266666666666666,147.0089202887787,143.7110940679358,146.38071569643517,141.883362903102,156.8578494702609,168.7221292595556,128.23141404241645,141.4640250030886
1119,37.3,150.37667856092085,146.5399516579034,146.93801532395963,144.46862890347202,156.28148992118915,167.97098614026797,129.2443981419995,141.1902199265402
1120,37.333333333333336,151.39813232725612,148.3241041469418,148.01017266355203,144.26424815407665,157.2473915982492,169.6885775241167,129.83217628197238,141.40223778267654
1121,37.36666666666667,152.878749426353,150.25129645138446,149.77451874342145,149.03570247778373,151.85375307304366,168.43692006833544,126.29005187745784,142.843801349325
1122,37.4,154.5452822286503,154.16397007234605,151.0730348565241,150.38451997389453,158.62531840831872,164.74099987729954,131.80537787451524,140.9521340122758
1123,37.43333333333333,155.3818839696407,155.15437011089034,151.68536068815763,151.73712885086715,158.79798585475706,160.93137906476,132.53427360095154,138.05584964950987
1124,37.46666666666667,156.78789218111388,156.86238690992275,153.78966846722417,153.69662623118046,156.84645064291038,160.53315676859717,131.842991456851,138.53663891092677
1125,37.5,159.61665905556018,157.75090972099704,155.13851776665334,154.15742684202576,157.30315714349214,160.78050147606663,132.75973324386507,139.08740113248226
1126,37.53333333333333,159.86795523452918,158.59563008790423,156.20882022616374,154.32104799814348,158.90166869880943,162.8769450307928,133.2028566667846,139.6108488730539
1127,37.56666666666667,160.54990953857205,160.80344283002933,156.9388606410812,155.97375095501994,152.54243674521194,161.97012372551995,127.63529560327038,139.7353091979324
1128,37.6,162.76026849837882,162.75971182505234,159.45397029846194,157.25410148277555,151.12632810987878,163.0607363089226,128.0554119078453,140.76291007503676
1129,37.63333333333333,163.77649843032845,163.92974021272326,160.26928167727542,159.38353359114805,152.24023059783045,162.20684860337866,128.49548795998552,140.67439523642471
1130,37.666666666666664,164.23973964424115,165.4212927539447,161.32485461372946,161.053181588905,150.29145392039376,162.28088979956087,128.81551321639898,140.81288860965478
1131,37.7,167.02302649771153,166.3232403511467,163.5417199262711,161.99124754204797,150.0811836816072,165.5143888989983,127.65364565271088,143.4847164136492
1132,37.733333333333334,168.11778457579513,166.73472867730217,163.6726170523147,162.48494666566882,150.10841795099506,165.36733747928457,129.79042787836457,143.4521748359864
1133,37.766666666666666,170.679234201054,165.08791505806775,163.80364598832875,163.5978465127824,149.81182067781648,167.47722453124135,130.05074764515368,144.6891957959908
1134,37.8,166.64896639796063,167.45743770626487,164.5298734679495,163.82872382030908,147.41238936066156,167.32180587812883,128.45874895076741,144.41802451344637
1135,37.833333333333336,170.92101265058045,167.919683315318,165.2496183891464,163.8917632119759,154.6604096903447,167.17475733472799,133.5723265590139,145.97588346725928
1136,37.86666666666667,174.97245160029365,168.41106580647553,165.58695332377786,164.31926168207184,155.42304512522244,166.3912786491437,134.13761283225168,144.87320398871867
1137,37.9,175.00112321045427,166.6403223666084,165.77683895444216,163.8323788871315,154.70904849660724,165.22969732900333,135.61205508426778,143.95843586102288
1138,37.93333333333333,173.30383980783424,168.1634713126717,165.39895589392236,163.59063073277164,157.58265222868386,165.53181092781648,136.22872202103787,144.08618241300076
1139,37.96666666666667,172.9132777616931,168.06507531609486,165.78818440255517,163.3022753486308,153.09810660719364,167.23836059561566,132.00015453045305,144.0121391906932
1140,38.0,172.65461556928162,167.36582918184868,164.9012943542018,162.65198814527838,150.59992651347008,166.4671372786738,131.73776455777025,145.74692588276048
1141,38.03333333333333,174.01851973243515,167.39640984447183,165.14114495400796,163.03872683285786,152.9892723317585,165.31897396118424,131.84577880535593,143.46675398581667
1142,38.06666666666667,173.16504309247128,167.3391283022902,164.11001607230548,162.99607134618478,150.22136818249507,164.88366005836855,129.62135227826752,143.65164175127506
1143,38.1,172.97019398888474,167.8734628863104,164.1273277546076,163.59256537947772,149.3382154977148,162.01639708381066,129.19236388333997,141.79276546245683
1144,38.13333333333333,169.46190041763822,168.11225606790794,163.65783139406477,163.63780444815205,156.9533128799417,165.12394841201214,133.55175498739632,142.29304161433242
1145,38.166666666666664,168.94880122611283,167.92642018053826,163.21840289638027,163.38460516702062,156.83513368765944,165.8644694054224,133.9527884812664,142.87750738131896
1146,38.2,167.93250127338945,167.98065517600412,163.30445092717272,163.5131720846032,157.4207067281912,164.62802201717633,134.3226030429361,141.77185485660146
1147,38.233333333333334,166.99540391590662,168.42874386555133,163.21908920269274,163.02863267463744,158.5066612195421,165.43677157338018,133.4245409728853,142.48464342608526
1148,38.266666666666666,167.018830881543,168.42884772795014,162.42299711797327,162.75254501349514,156.09840182941755,164.49212262377165,130.89146008377085,141.577805289886
1149,38.3,167.07028417136823,168.68324857235962,161.9755360357011,162.6895817999048,156.00047060499213,164.7967148426587,131.09153223968164,141.57227527036952
1150,38.333333333333336,165.74958342867885,167.8958213093292,161.58375771554796,161.98980490894644,157.43450175778173,166.36368060355557,131.6252781960236,142.4819869319745
1151,38.36666666666667,164.50147528423688,167.11117571951735,159.64224871029668,160.49060569255852,158.32525019367085,166.71340302811274,133.37858339460874,143.72865702859602
1152,38.4,163.7846478020061,165.2557278634137,158.11543548552945,158.07134238454097,160.3823498976371,164.57397171546194,134.4804746940029,141.84773231996317
1153,38.43333333333333,164.7319264130677,164.37241086823633,157.35789176031466,156.09744603469937,163.89683074885986,164.3542616247601,136.3191516477405,140.69258981506158
1154,38.46666666666667,164.84428926304517,164.1917388594824,156.601785687156,155.09900204093705,166.02473637010476,165.3588299922624,139.65766423138035,141.2144498725921
1155,38.5,163.14471573931044,162.67124041349086,155.09166636227775,150.39359473557582,164.94071181856089,168.25268304016785,138.50792503124134,141.93057630426154
1156,38.53333333333333,166.49949704564182,161.5145264479431,151.3231913379689,145.9474001310869,167.43032012433216,170.38490415344558,139.43541624539014,141.89817928589196
1157,38.56666666666667,166.64089063159594,158.930866120399,148.38369077426495,140.9730261378411,168.54744355808722,172.9910348961343,140.4412849710686,142.42992925996964
1158,38.6,164.77183283304535,155.4721987474451,141.50039487904624,135.55974139575707,165.13669934142007,172.93939180303977,134.19130613631535,146.7505385281324
1159,38.63333333333333,162.55549258442082,153.00269097047254,140.1826388503873,133.1378427901274,168.05779247462127,173.3712701241144,139.33014422884744,145.38165322961785
1160,38.666666666666664,159.8030607480434,153.84163620611415,131.36257101360582,117.66080921365023,168.8463728548821,173.1207769507274,143.00684230477705,148.1129678284404
1161,38.7,151.09146540511492,151.86425867520865,130.87604026790174,113.33068149663369,167.1296389302896,174.15087350842322,146.421818553148,146.49436422906737
1162,38.733333333333334,148.01368580148184,156.87756082012436,120.58376793921123,106.33380182616999,165.30503207289718,173.97236161014342,148.70337110009882,144.50023865985722
1163,38.766666666666666,136.07539435513903,152.68277484965336,114.58894930307024,102.53234044654882,166.17325521724928,173.66399349734027,149.3675460944395,144.2625492088625
1164,38.8,143.43927745520634,151.42024924122907,96.91178683018715,96.3545266357895,164.66983735099447,173.67873392569493,147.14001985182162,142.4431163472428
1165,38.833333333333336,146.53973287729215,153.43044330404044,88.77364849756613,91.30186995306849,166.16064539770736,173.34236025719926,145.7645081096184,141.7461947179878
1166,38.86666666666667,154.63299977270594,151.1376448825609,83.88587019426058,83.58048245270449,168.16493831290362,172.8342347278756,146.00764531415865,143.15043925627646
1167,38.9,148.9787604033145,151.45472714156654,76.79604394068993,81.24202916813132,168.67418784973802,172.79392942731474,144.54285401419097,143.61430271865422
1168,38.93333333333333,141.77430951038414,152.52978179646973,68.29692529378242,77.68361098377618,168.1022480582907,172.59801787640762,144.03476298764858,144.3068284305159
1169,38.96666666666667,131.17316698520293,154.47456972808743,58.18127115552834,76.42360547636443,168.3684991005556,172.5887925409457,145.2656182515702,145.15188370562262
1170,39.0,118.23500911816349,152.5103415714694,48.70891644370027,73.07828819652687,169.61685748674554,172.08741463961232,145.1609636357322,145.00197993797494
1171,39.03333333333333,118.25673882287514,149.1374445755593,43.6005679025464,68.67797374270795,170.87003137788665,171.4305632003842,142.8246625280768,143.34877187734185
1172,39.06666666666667,122.90741015333228,155.59092837841206,41.46528269126668,69.7537339224819,170.96799235288913,171.4568833853317,142.5439367832209,143.57298813745743
1173,39.1,110.00182351643264,159.0155947772976,38.45165401824417,66.06834135573048,170.7418990931837,172.02315087485883,141.6897157076184,144.43001406022293
1174,39.13333333333333,108.58897918219921,143.92908456684717,38.1814373618398,44.06729719842589,170.73000650419564,172.5744696570215,139.5136918728986,143.69186256728835
1175,39.166666666666664,131.11903882731556,139.327157698102,30.358053458412595,36.06531141785174,170.2892935457755,172.75107801699866,136.27331611935364,141.68737348004402
1176,39.2,124.40387650386948,130.5752136033827,28.236210366706132,28.775422919719688,167.79752716485095,170.7028157422115,131.2754548109535,137.96400634619283
1177,39.233333333333334,114.64628646513309,118.93099216495617,26.0447810924812,22.365268107350964,162.97235721505365,165.70393822490047,129.90757603526333,132.991711962011
1178,39.266666666666666,113.50786710107045,114.85088622869918,24.74818686545206,19.343320912227774,159.44483874599453,161.25421813932547,129.22494013434283,133.86793813437123
1179,39.3,108.50125986161537,104.75605434185574,22.656347388406253,17.15363530181636,148.51034638004472,148.49963008931525,125.86859636249469,133.40685469510368
1180,39.333333333333336,109.02574127556498,104.3796308393209,20.045389417104847,15.72913614702724,141.84323952067024,142.78774708898285,123.4675464239072,133.15049803738077
1181,39.36666666666667,112.05186753333884,103.08880057506947,18.29586057412767,14.424414845510185,137.74964605597197,141.07100072792392,122.51954250185612,134.06118189076983
1182,39.4,111.88145611198475,111.61860834802316,17.93331606316009,16.25074299763054,135.39099557289575,136.92910908488193,124.01231025501404,134.70134850466707
1183,39.43333333333333,114.69029795362006,117.80180028123041,18.77754212374697,18.067382178811844,135.2033765333946,136.2033410541557,122.53264029939452,131.81144141751682
1184,39.46666666666667,116.73152421676097,119.9733694375164,19.242888800847663,16.9555523849846,135.18989684282806,139.14086245719974,122.16278237661005,131.657116529118
1185,39.5,116.43890744238666,118.60892073948372,17.589884121375718,14.887730609340922,134.9449899338887,139.0088758438825,122.50443305349877,132.58189471168768
1186,39.53333333333333,118.45396144401892,119.35301947560191,17.912678234463577,14.439806001243397,136.22580552765737,140.19153177226087,124.69805480451375,133.21938559486998
1187,39.56666666666667,120.6886646892229,121.52932323735621,18.558837044201734,14.509635910751376,136.59229630322176,141.2747755145912,124.30482256388073,134.2084195169709
1188,39.6,122.17323979555012,124.11579480295215,19.03815138400922,14.36623357080829,137.1845185199153,141.58841340891138,125.18200118671179,133.7733661317834
1189,39.63333333333333,121.89522729527653,124.02206589142308,18.193081393688814,14.014780590166106,138.19263333572073,142.6451523997771,124.52566882091476,133.13920829504667
1190,39.666666666666664,119.33631193148103,122.25011354288546,16.51213236596215,13.793055878661646,139.01177211320262,141.4820148710422,125.54514477370182,134.84236336923001
1191,39.7,118.41127474322336,117.57004338612725,13.636797429938527,9.578297549689168,138.21318794131068,143.98273164877824,125.09696769254319,134.86084478025106
1192,39.733333333333334,122.24996388415605,116.96732188403334,15.569284932052884,9.900866194308955,139.75941126113347,148.6062036265736,124.81255849957849,134.88998212834403
1193,39.766666666666666,125.45433347482485,120.08519038525107,18.060048360746155,11.31692655169504,143.74614417008922,149.605968252763,128.06772976529592,135.05025090967266
1194,39.8,126.78267545942842,124.2922112405859,19.866708196718278,13.174506794602866,143.83793705769193,150.69647977636086,128.72877959858874,135.9867483967324
1195,39.833333333333336,127.91121254018273,124.77645881911182,19.76735171024534,13.48083012774443,145.06030377358357,150.65493114439343,130.49215299522493,136.41031421855587
1196,39.86666666666667,127.25632845831193,126.96977266862659,19.41412591090533,14.53491741332272,144.6940302645953,150.80329282918143,129.619828015037,136.21710928426234
1197,39.9,125.9786931803945,126.38752214167114,18.66323520384997,14.125739973820579,144.674428317846,149.45498831123538,128.74709788570527,135.30272690201048
1198,39.93333333333333,126.70684875389291,125.84012442432748,18.580567968264553,13.875305605171421,145.01121815508205,149.01784034421013,128.45427033203995,135.00103329809798
1199,39.96666666666667,127.01052559472907,125.24658729887425,18.200573202217758,11.812239368650479,145.90232503748928,150.76150561637502,128.4128087844945,134.95283492495122
1200,40.0,124.99531817300937,125.51108984668804,17.163841305638552,12.28807313855511,144.7753611235783,149.15428533611936,128.58530375745707,134.90353170612897
1201,40.03333333333333,124.41677056906433,127.84896690328313,16.22187734845408,13.822043791308595,143.70080209182518,146.5293239446388,128.6748654134581,134.85942129461546
1202,40.06666666666667,121.01911906173936,124.0024892707765,12.847682847821075,12.197900713178003,143.25677225395955,143.3687140062388,127.4756299034744,133.38762456074173
1203,40.1,119.85876183226237,123.19698487982414,12.465528565115735,12.244108133130478,141.6765195813503,142.23022724483474,126.44956785076353,132.52505652525187
1204,40.13333333333333,116.45486424824904,120.4339936653452,9.427130819100276,11.458395969900982,142.44170801754373,141.36183862205803,126.67643786780064,133.57385246018077
1205,40.166666666666664,115.92347388779177,116.86249774502029,8.911816720989588,9.38190967395904,142.10404623839815,144.16622498176557,123.11942724746453,131.83206412126273
1206,40.2,114.50429433247155,113.1563306055025,7.940096548019226,9.10565458404813,144.5620666849013,146.91969008510821,121.3013792359608,129.57819333265374
1207,40.233333333333334,115.13469691254517,111.4622975567898,8.33692965366075,12.180897414171396,148.6041741797984,151.26300473297718,121.49627142204231,130.33893718382163
1208,40.266666666666666,114.4428377926958,96.51102137120554,9.44437456200298,15.126717076169564,150.23799347512414,152.97281195086285,121.59059132830005,130.83231480773935
1209,40.3,116.33292029623956,105.80319841750958,8.738824123735785,34.97964481667788,152.39173725201294,156.28391567162782,118.86869298432738,128.9119977774963
1210,40.333333333333336,118.91028725263247,123.0511673895969,11.010003795144867,59.0094734442316,152.36537343696352,154.85228259065576,117.82664041513932,127.04519475151466
1211,40.36666666666667,124.13205014639381,139.42487409021385,10.413454439693522,82.74488083799112,151.98423074453424,154.69384615140208,117.98206916384002,127.27782733256717
1212,40.4,120.06353894491825,131.4345677216518,8.138987231560833,92.04729073181551,154.81254770442123,154.52043108403652,126.70751701496053,127.84491532452793
1213,40.43333333333333,119.83449164680093,130.45511736509295,7.215536136996228,80.51392843014884,156.64293126332544,154.57330731211422,131.47582870923145,129.8079342158432
1214,40.46666666666667,135.06740276809117,125.81600668889122,19.788909490154,121.96471757680723,145.76430689335825,145.40411202249282,130.26806849876988,130.05145428779056
1215,40.5,139.91170063558704,113.54340359227902,25.793051195205603,116.90270042945814,142.35572553944195,144.43433303368545,131.15223169691208,131.3089386362853
1216,40.53333333333333,133.92043272901986,112.53451129115223,19.002669803756305,15.190445460447194,145.91242276338187,146.03644986402645,130.90280735038885,130.66689574631525
1217,40.56666666666667,126.33427734201544,122.10129754551286,15.053062004559822,8.747366573877978,147.20394659601547,151.30991012161368,130.54246015903612,132.744065848486
1218,40.6,120.04289654399514,126.68661109013263,12.109738043477844,10.157176274513008,147.9391652109478,150.07166979677126,130.86594362118407,133.05932313252237
1219,40.63333333333333,121.41349705912167,127.18411343612617,12.222450599106953,10.987678103709632,147.9608923051897,147.9974421815387,132.1798134283578,134.78954251604551
1220,40.666666666666664,122.1875281831436,125.4469808946452,12.051225321935318,11.106188243786205,148.0238845768198,148.63311605630392,130.2811738058513,133.64861351380253
1221,40.7,121.92087544338507,124.51339198059767,11.782177805531475,10.435037482020865,146.1556012454055,148.18936421134728,127.62066490130465,132.97527270961618
1222,40.733333333333334,121.41797280651791,123.90072029868278,11.42001725464371,10.237957070586443,145.71453049460268,147.99286401591223,126.67562437775321,132.7473536693068
1223,40.766666666666666,120.11225315040907,122.00525531308264,9.80067306500378,7.494537691968745,146.7789778509398,149.9620152800882,125.68869866531088,133.09007163656185
1224,40.8,120.95911817941617,124.22951501025224,10.500589343884888,8.586598280927804,147.10780918703185,150.0475955641583,125.7013939190569,132.54036265388794
1225,40.833333333333336,120.52958545069508,122.95578581274825,10.545317846986915,8.303627208216279,144.74788161065484,149.35891795668795,123.14878157316812,131.8771501425889
1226,40.86666666666667,120.15032865156407,122.97169816333363,10.641941157304808,8.755320612894545,144.24943842251312,147.91859127736177,123.84525556987158,131.15204656437427
1227,40.9,120.91597361835514,122.32098981129455,10.738808634573061,7.9182364879432034,145.16978269606062,148.68792404153353,123.95097612118501,130.84663656963508
1228,40.93333333333333,121.0505798065621,121.86628925099218,10.824658248112733,7.543743481550645,145.18353206236364,149.14717106395258,123.6051834914025,130.52015165480702
1229,40.96666666666667,121.34100688906638,122.70156884884551,11.433192396892542,7.977158341376896,145.8002621319794,149.9691022678026,123.80948215425651,130.53817620189864
1230,41.0,121.46008284430421,122.95935336912214,11.369129240988466,8.324965134996797,145.01129077558494,149.3239833979047,122.6535426061489,130.01362128520847
1231,41.03333333333333,120.02991085064394,122.94319500397185,10.76410158668351,8.912578380066623,144.38503406564882,145.08513837205683,122.45201485847566,128.2511186304228
1232,41.06666666666667,120.23538493559259,123.49746404048526,10.922658574910246,9.260264365499303,144.25584595561233,145.48669852973507,122.45845482183287,128.89812803778452
1233,41.1,118.59892048708205,121.50665045046681,9.75991435311287,8.28460490263376,147.35167758028612,147.6172758134576,122.76774555130095,129.01387580255022
1234,41.13333333333333,119.12264367030043,122.45708849377188,9.21902400058863,8.094588613732448,146.40948416766025,147.33845938882965,123.2863164990792,129.42992282376355
1235,41.166666666666664,119.33915739901214,121.61589459682794,9.775691116433276,7.977662330164924,146.0002764584995,146.88704826113428,122.8700345220507,129.63689049448405
1236,41.2,119.9761665495141,121.50697230415928,10.790694370856638,8.06232080097439,144.32907202925188,146.77540555554688,121.64398056999013,129.43324900830166
1237,41.233333333333334,118.15358322307057,121.3616210220032,9.456496430878406,8.18625616844721,145.21681537271508,148.10320380949386,121.56821500047481,128.94570526615547
1238,41.266666666666666,118.19131089850801,121.09753848862707,9.222493648742892,7.956206141911223,145.56968214077244,148.4867914844541,121.85630679783505,128.92833884105238
1239,41.3,119.45896655095834,121.38758784371521,9.783035835928134,8.150859260837834,144.3307387340098,147.56490230908994,122.11851570013326,129.30526278912615
1240,41.333333333333336,118.43082592265795,122.07061833230674,10.030941895708558,8.757074336481878,143.44233226034922,145.69149613564372,121.77154140919522,129.51184921243382
1241,41.36666666666667,119.24169574706745,121.92312679590658,9.869487472690397,8.29087726677451,144.12202868435895,146.34862567482253,122.07803955345891,129.63494714324742
1242,41.4,119.63397498338166,123.62556474894271,10.784013231253109,9.085548266745407,146.6359833562737,148.12402091086233,124.04332700198528,129.99284898778058
1243,41.43333333333333,119.25910723562299,121.50358283860234,10.303615639524924,8.299609574681575,146.06136555003258,149.0021412239291,121.69685112000279,129.1860768949776
1244,41.46666666666667,119.59982850861937,122.59065282115222,10.378853297959775,8.37735897809481,146.4725227584147,149.4025117449505,122.37673133357357,129.38651761680137
1245,41.5,117.9018515186722,121.49024943418227,9.35574696232997,8.002067258022397,146.71986875613044,148.51907804620387,121.96701638235291,128.41371337658475
1246,41.53333333333333,117.42826550971598,120.84863750448014,9.268373434678658,7.974626102843482,145.63783213356749,147.56303794642275,123.38160431227934,129.1990184526499
1247,41.56666666666667,117.62700698315264,121.19074984793774,9.009381032475444,7.826872405490849,145.6349184184282,147.8046477612624,123.78507375934419,130.2123886346912
1248,41.6,117.22944984966477,123.02268949984698,9.416037247728335,8.793085098904232,146.18629289912099,145.52153678132444,126.27100720132664,130.36940065731574
1249,41.63333333333333,117.67689391144685,124.49688416553533,9.294728621162617,8.969680746068576,145.12349300749608,145.78604768389735,126.97358471317506,131.3393675787738
1250,41.666666666666664,117.60382930692415,123.45532258365037,10.056365353958947,9.026262315178531,144.45305712554023,145.46337180474987,125.805497618145,130.34434461044398
1251,41.7,116.90668579784449,122.91779719168295,10.10234389679042,9.227076051891924,142.13174874414636,142.67130740435653,125.62359555207291,130.8200546054097
1252,41.733333333333334,117.35523698502536,124.907142726874,10.550741826884389,10.225143525719497,143.13938678286362,143.04402281540393,126.39694778553789,131.41720060818014
1253,41.766666666666666,117.88775671669607,123.2187280416957,11.104489541848709,9.542408333495183,141.07631648659782,142.89418283418578,126.2838799490423,131.6722465977347
1254,41.8,118.79401794419063,123.67941404346328,11.37377695721329,10.009010233572116,142.11335130234878,143.30451873108578,126.72893981045188,131.83884498953503
1255,41.833333333333336,118.93601708761058,122.35231277721942,10.94044711998134,8.704634077320566,142.84722765394184,144.186268090447,126.2820927792456,131.1601495949715
1256,41.86666666666667,117.96281162720237,123.77423330568729,10.689384668066513,9.672684005066426,141.74986670619526,143.19699147242508,125.56372546911604,131.41320068188458
1257,41.9,117.84512547661602,122.21468630808597,10.282611679311733,8.786553019143824,141.73858000440177,143.66235759467492,126.63816855786308,131.57322029814125
1258,41.93333333333333,117.40953051701013,123.39765490620584,9.769760810577148,9.302056325619034,141.24629814355032,142.00183678318234,126.11290644519708,131.70920943809037
1259,41.96666666666667,116.28614693583091,123.11581016167958,9.100669730112415,9.155457524583886,142.44446239054014,143.63447841646553,125.43549184187577,131.20304867564175
1260,42.0,116.64527831778553,123.17031069623299,9.183273214353381,9.124743044203434,142.4718849413522,143.68884371935556,125.32538875223275,131.10488856696816
1261,42.03333333333333,116.36930725014909,124.04898440880206,9.333098557226611,9.86322541106135,142.55114359974655,143.19493790825538,124.93059343273433,131.12893912505072
1262,42.06666666666667,118.48516909045242,123.30605029839057,10.903649012526962,9.479812862348703,141.919266263384,143.99618024943237,123.51473991135475,130.74717294528168
1263,42.1,118.67800587242536,124.95638517916002,11.76195195649805,10.61794960541687,143.11591804750745,144.98837931416574,124.2998389082682,130.8065136285165
1264,42.13333333333333,119.33806530700005,122.97434963084045,11.219455809954095,8.926380535652065,144.07556364430002,145.96062933779223,123.78083581478545,130.15668588240774
1265,42.166666666666664,116.36299382499595,122.52429869799032,9.528256670005716,8.832806558362305,141.6425442399051,143.6253499212185,124.05521031463132,130.62722733127728
1266,42.2,118.80268644773338,122.38074287408513,10.59874390287192,8.542249153964617,141.42669088405574,144.13427879170064,124.30109686520538,131.0005988128242
1267,42.233333333333334,118.2610360225368,123.66322112275148,10.667066555651592,9.60494907525182,142.02379222955037,145.78659864362587,124.09841994587659,130.8613591736983
1268,42.266666666666666,117.74577424738544,124.0873085622634,9.604080575679301,9.470920811689036,145.14343209127102,146.25092378453317,124.66842726137699,131.02450862715142
1269,42.3,117.02602751119545,124.2399460878388,9.021340503027206,9.544312888481695,145.85584867111749,145.84443968483404,125.24676529866294,131.74098508164286
1270,42.333333333333336,119.11909051148112,124.49266774083034,10.072817295373452,9.763815394108848,145.38249879648097,145.96943341388683,125.10672844415942,131.64894009799653
1271,42.36666666666667,119.15977527130535,124.68750063228231,10.069368320757768,9.936724792142936,145.37978124976559,146.1576780541644,125.13691164305531,131.81324625431708
1272,42.4,120.06191096677256,124.64898244027633,10.59013425859022,9.871008320703961,144.92016099883713,146.38001673858645,125.32717570238603,131.69584390851497
1273,42.43333333333333,119.65210918409778,124.728886131394,10.265794736722047,9.59769655321659,144.6134936255501,146.3741629929628,125.43891179315432,131.72407672347774
1274,42.46666666666667,120.65106402134145,125.19501211327642,10.847572216753386,9.736226753521283,146.39553210772144,148.56605166697258,125.43003785259597,130.79236711891483
1275,42.5,120.2001329320719,123.64365102467393,10.931112738104849,9.357501626991409,146.08374573388878,148.73433555574775,125.80240490264518,130.95244383334438
1276,42.53333333333333,119.74377701912066,123.58633610604747,9.654323376677226,9.341278561923385,146.34857346691234,147.9355782072384,126.18140732543212,131.16023456004683
1277,42.56666666666667,120.09503673261617,123.08326005963353,9.85387247729126,8.329721397147885,146.12074494490898,147.9868841624647,126.37201040771926,131.0047987224475
1278,42.6,120.02832395297217,123.16212661645939,10.969462382136978,8.75427250129634,145.5123306776751,147.8907410171014,126.15298051641638,130.38528185748424
1279,42.63333333333333,121.0097696186216,121.88347922181971,11.558071233105835,8.260864500227203,143.16938572122555,147.23663325885212,124.09839523013864,130.80168901003233
1280,42.666666666666664,120.6008858948116,122.33765745312151,11.603122580481525,8.692573150976244,143.48510114678717,148.3610740043951,124.22430742924294,130.6342648015425
1281,42.7,121.21478941523105,122.7437446545993,11.495982244829767,8.46461687518456,143.8050049276938,148.40379556962074,124.41870276458764,130.56283432739153
1282,42.733333333333334,120.45050378127961,122.54430003800238,11.62036507852783,8.736706518272396,145.20560960531327,148.7307369157495,124.98010881394377,130.50820597566457
1283,42.766666666666666,120.36436315086421,121.99321065327399,10.732151311853352,7.6608020239394286,145.43507620701806,147.7367960360551,124.9113163489241,130.2743840772999
1284,42.8,117.81580381325188,121.96115907461252,8.866074470210412,7.964295044245022,146.38149320561536,147.3960623048955,125.54811503098357,130.4758539029018
1285,42.833333333333336,118.00094092325082,122.91028674023003,8.695402631736984,8.733975224878796,144.72265502662694,143.85796049763306,125.18301437298251,129.76230734757667
1286,42.86666666666667,117.57793565023712,122.87661977981057,8.866177531606278,8.720092963159642,144.32999810006288,144.27701594119964,124.89833896567514,129.68822766754775
1287,42.9,116.53288117760992,124.72307778821393,8.37324482683829,10.415045187170799,143.72881563933078,141.83129816843268,125.68014897128089,129.64411168800447
1288,42.93333333333333,118.99254387123818,124.02690513555129,8.84157993842677,9.083498959849186,146.06168838897653,145.66577265424635,125.19717866486204,129.48131839648923
1289,42.96666666666667,117.17129505469505,125.33290801118902,7.905125754033858,9.796604183846002,147.038133355419,146.13040100090353,124.77421987516838,129.34717168801154
1290,43.0,118.65554181378857,125.01407816352418,9.301067079829753,9.77564044022205,145.43352336352248,147.14971030493209,124.22099996376319,129.3690620525474
1291,43.03333333333333,116.96645976595963,124.10229464847872,8.766974232834412,9.606229089675006,145.09409630056138,146.63841396344966,125.2964989051871,130.45329838176286
1292,43.06666666666667,117.76411555035374,124.16854242638946,9.143303234706583,9.518490602219488,144.12103127551455,146.1509210421346,125.66836660627794,130.96667646764624
1293,43.1,117.62849444273373,124.78086557789176,9.1233793313105,10.1095278644334,143.13374109731487,145.06832112207482,126.18077031178589,131.41826263417235
1294,43.13333333333333,117.39215537186887,125.49051907345712,9.282029305407358,11.607562828917256,141.9053535569149,142.91807236986867,126.29041953207137,131.5093515686004
1295,43.166666666666664,118.81644284336126,124.45278650785015,9.803933359411666,11.15408664813589,141.56059854504787,144.1275740555111,125.15861979112691,131.9992989239447
1296,43.2,117.86505776607369,124.39078782296406,9.994039620081068,12.187382598450759,142.33197644030685,143.1298753328564,125.28961281270789,130.8929344616142
1297,43.233333333333334,118.2931268576733,125.23416112544976,10.283998241961665,11.919267829758503,142.6105834554664,144.77005324806527,125.52832437402098,130.8980990027576
1298,43.266666666666666,118.06338087425274,124.83019258114949,10.191976489081139,11.584033015325863,142.54166148977822,144.19375381338077,125.4945964022767,130.5844350518356
1299,43.3,117.83491255479957,124.71289521693286,10.034014613666919,11.357099206525872,142.59570103281618,144.52774909322434,124.62588456943628,130.33387233357303
1300,43.333333333333336,117.46481678263154,124.39471842036443,9.789222270644924,11.010958145165999,142.08907564868116,144.2647648488083,125.28839109646998,131.3475478550666
1301,43.36666666666667,117.53310768861036,125.25271084396093,10.013058441803727,11.909337360103388,142.67815093470332,143.52229291529147,124.90819135126993,130.83218276926078
1302,43.4,119.25968510764879,124.87573087896777,10.59647333625374,11.819881908385726,141.42480084330938,143.53564382814116,126.28164433851434,131.16673722020633
1303,43.43333333333333,115.01478571088958,124.91946042103595,8.121124177936137,11.533210880049666,143.36273521426494,143.7368927022353,125.5024757142101,131.11233792489597
1304,43.46666666666667,115.29982894369222,124.89545344562724,8.158306407708046,12.013300384174434,142.8155532059218,143.37770938123535,125.64260179955423,131.10479226313822
1305,43.5,115.30553836461814,124.23607612677856,8.56883130055433,13.055515418188406,140.35076191634656,141.63302963019262,125.61986224100642,131.34129008252503
1306,43.53333333333333,116.53426366869296,124.58389177138494,9.154189207676918,12.844441040777935,139.9726198050906,141.81603869980202,125.70084147245699,131.22268484256966
1307,43.56666666666667,116.3137171447031,121.4714676682953,9.453418787121736,11.55225787734209,140.52765766254225,142.5224163092666,125.60084013344311,130.53008402206655
1308,43.6,116.67786387082263,122.32911186783645,9.485691031911164,11.440456900395102,141.98269112397386,143.67814641629587,125.46644868331781,130.61744985711883
1309,43.63333333333333,118.84887510006337,123.23526452203026,10.165561219089572,10.6326323490496,143.12984634662965,146.32976737162417,124.7036415467742,130.59721935958999
1310,43.666666666666664,118.2234940369468,124.71344736038641,10.020202856537672,11.79016439827863,140.35655150966295,143.87551594187758,124.81347758382277,131.46275162005597
1311,43.7,118.32132647809621,124.79017585827998,9.60566036680319,10.759799606750262,142.18564325966312,144.53425044176512,124.80033998918196,131.9923799247614
1312,43.733333333333334,117.9422803128229,125.70642178447522,9.567204903125777,11.555749691523332,141.26350609933803,143.2501980561564,125.2391538226135,131.7750595370597
1313,43.766666666666666,117.86769626094967,125.03927322872835,9.589025556930329,11.114472974795238,141.3488228873513,143.87190444846263,125.1729518201998,131.89386204927888
1314,43.8,118.9397407669722,125.8220590809505,10.083552032089358,11.470329012808744,142.2942333726525,144.18372224891604,125.0582957648227,131.17345577328285
1315,43.833333333333336,115.41458564329587,127.77068888211434,8.864103359280875,15.20177181054837,140.0232973395541,139.65551927163642,126.19350788337684,131.76136910191866
1316,43.86666666666667,118.99209547944561,126.37369711326363,11.490420604770565,13.567503651662697,140.1238182329763,140.67306853887243,126.07362451622672,131.80050912707955
1317,43.9,117.24300408868366,126.42109210490202,10.674334529656551,13.605715351329584,139.91589403962234,141.05349567168042,126.53523402988343,132.04347384660724
1318,43.93333333333333,117.23449424522626,124.86138364216917,10.544532781287739,12.567160976296218,139.99968691348684,143.21558663288357,126.12466758976231,131.85702092019167
1319,43.96666666666667,118.0676916033178,124.52926296390231,9.706405021729493,10.895816062109782,142.67073619112065,144.47536856815776,125.03838684158417,130.32009158528848
1320,44.0,117.9311523629896,124.70904319347565,9.212233471121952,11.33092388651218,141.94190817135154,143.5170818499715,125.12484401800471,130.5012542847173
1321,44.03333333333333,117.90981395407414,123.58650313494033,9.266342221846864,9.428245065385948,145.06018205942854,146.97743251327216,125.07925335405017,130.50107445289538
1322,44.06666666666667,118.12194596937316,125.12807704249333,9.565898773879756,10.347861034515898,142.4340099743764,145.23562381097915,124.98785226228775,130.7847450849192
1323,44.1,119.2774958446312,127.94311942085392,10.42513068614885,12.066747541064577,142.51510290506909,144.1375512082516,125.63156986895997,131.06015322090255
1324,44.13333333333333,118.50397976542635,127.34140952344644,10.149218362861532,11.999715043911378,142.8523312251147,144.14250126974048,125.45311072502676,131.08850181216886
1325,44.166666666666664,118.32112644583822,125.17811738729519,10.070509346446997,9.889646414187379,142.54317831771752,144.89858088875232,125.41046382314217,131.11395599313803
1326,44.2,119.58514039089496,124.1879366871452,10.166851378796665,8.808840774945148,143.83213977794423,147.35359674336533,124.21308073128161,130.94863816330056
1327,44.233333333333334,119.04535856317979,124.5773170225446,9.886061761129252,9.395192288309701,144.57651161379744,146.42926345207272,123.99283299798638,130.50882980815626
1328,44.266666666666666,118.63659233934631,124.08249658467903,9.687793619908897,8.853029156959451,144.5357873065858,146.44237004269186,124.40493119878536,130.5323108408662
1329,44.3,118.71489167473158,124.80123095297202,9.575514924282746,9.003163810782306,144.37036721726767,146.46077876436127,124.55086584449238,130.74903854005103
1330,44.333333333333336,118.41333903658781,124.64799606850383,9.658959404865127,9.003910318803324,144.24314405879278,146.1768904780581,124.19964107814747,130.6715755120075
1331,44.36666666666667,117.2052482432249,126.22349207244261,9.62598950927486,11.411763918277742,143.1303145540073,143.1353945695245,125.72760582420844,131.4090343836604
1332,44.4,119.26277731108956,125.20363332827529,10.051742038951147,8.740433999769845,144.73357779733945,145.70551223389012,126.52787923594647,132.0508970809746
1333,44.43333333333333,118.23499621225183,125.42789824285707,9.0823062632496,8.801506121669666,146.18659410534374,146.08694654224237,126.43787181699093,132.18374545422208
1334,44.46666666666667,118.1422901753894,124.99593663433572,9.019200131145237,8.846809403152523,145.57864465649521,146.11902281848947,125.55489146886099,130.95045965579786
1335,44.5,117.92607967832612,125.52429570171941,8.72535695809877,9.401449885218017,146.1070377397227,145.97658198968924,125.58382638144089,130.5729229066122
1336,44.53333333333333,118.20696218225974,125.52545413867352,8.862479137807231,9.377039585903812,145.65917559547492,145.45363140173998,125.57552305880239,130.87268975444422
1337,44.56666666666667,117.97363405675273,125.43185595180238,8.951664055382397,9.351226679910063,145.63072126278945,145.86204279184415,125.03494087137115,129.83996145384327
1338,44.6,117.82472168031491,125.09944983803928,8.742680491855962,9.116641515932217,145.16351716465866,145.70752077721437,124.61229956799085,130.68707552432392
1339,44.63333333333333,118.41637630990236,125.46628439985577,9.431902244392578,9.598871560203333,142.32384615869998,144.11511807879077,124.78830490116741,131.4125184846496
1340,44.666666666666664,119.2298370525499,125.53378693746757,10.363606789393465,9.716586019618369,142.36860713951455,144.70905654103686,125.03929051720542,132.12443787485864
1341,44.7,119.46915208601133,125.22088732043895,10.092629828466858,9.51943392192492,141.8879392738286,143.76525236931835,125.4315822862225,132.98230531375634
1342,44.733333333333334,120.70316777552168,125.44837091182393,10.220735644026663,9.358612942279853,144.40698754888533,146.6584799436358,125.4763187862331,131.86897803696905
1343,44.766666666666666,120.80717687316047,126.0993167206966,10.454244212354256,10.460607412925125,144.5712123277762,145.61540352922282,125.42662828272343,131.75947443937247
1344,44.8,120.62025922163063,125.2432293720599,10.540047952060554,9.885320220979215,145.58890888134084,147.43871649804794,125.51432635239445,131.36977230620667
1345,44.833333333333336,121.33503099931896,124.88789492438525,10.721817913745275,9.339474090788219,146.47876223063582,148.94444931179936,125.5214797849613,131.15115277278716
1346,44.86666666666667,119.60563351694312,124.92092127169096,9.575288757100413,8.596051659443795,146.94094645613794,148.73584492249782,125.61071871267143,131.64157756180344
1347,44.9,120.04238901330552,126.04932533971044,10.38276340594454,9.552869631786455,145.92380357211806,147.19586312809878,125.88310045693342,131.6846235502567
1348,44.93333333333333,119.59394357080937,125.60514978192711,10.68098621004274,10.053059718147033,146.1891580876194,147.2433657964338,126.06926577743954,131.4190313829522
1349,44.96666666666667,119.52449511611076,125.63858210200948,10.825906410278899,10.351673111011815,146.37100754491743,148.68356141321703,126.21140520253144,132.5576732323905
1350,45.0,118.00879936933474,125.5721528889712,9.600577188207458,10.168040903850729,147.498164072626,148.5823148165576,126.43149486786129,132.33185671784256
1351,45.03333333333333,118.6035842843536,125.83780651680162,9.721725444398796,10.333245298579142,147.6490185256105,148.4373847485966,126.90394165349456,132.44364829617854
1352,45.06666666666667,118.27386716496733,124.65747035791192,9.819746456736915,9.565851310784309,147.6566820427853,149.55788350643616,126.67880679503094,132.59740112109338
1353,45.1,118.58527634287448,125.68543697227041,9.926987183265688,10.064051103894583,147.46578855634993,149.0550832067048,126.78343391726382,132.56256814878236
1354,45.13333333333333,118.70826380081616,125.57361229034531,9.917852055438587,10.04753617948678,147.26651745883274,149.18820250426793,126.37583489112907,132.25223985669498
1355,45.166666666666664,118.74220846319163,124.63159207007871,9.781804704195581,9.606911763345016,147.54533250653225,149.23182093159042,126.51044448771225,131.83356775345888
1356,45.2,119.16490694023672,124.7232926237058,9.695150149023986,9.576986770044805,147.33652477377237,148.67853498234524,126.79141546031804,132.44546538815752
1357,45.233333333333334,118.86955957351293,124.39731847357577,9.691818656749817,9.472741787169952,147.35118398615032,149.48520737436564,126.50182547803664,131.8175521792173
1358,45.266666666666666,118.13994014771772,125.19388307838022,8.518186286999509,9.709168671834485,147.8570934371926,148.30416510617832,126.71399914699256,132.51945664823336
1359,45.3,118.90190626631443,125.03442168161715,8.859071547210357,9.632037454245097,147.46309573623856,147.9648469220268,126.9633258456677,132.68995193205953
1360,45.333333333333336,119.83140293201178,125.32422337599183,9.182710824306708,9.734715950779986,148.4991750928446,148.3510539731068,127.13122587465826,132.7069392172182
1361,45.36666666666667,119.8824965335856,124.93213807030827,9.52827261595783,9.863552980292445,147.27884713395306,147.8262727383484,126.49627036596162,132.67644036576417
1362,45.4,119.51060266260433,125.57954195610628,9.415244067057099,10.295931826895659,148.01014631440012,148.22512206584577,126.92702244363353,132.28203161883548
1363,45.43333333333333,120.17884541042264,125.27153264058808,10.076513742696338,10.042436362058405,146.67374460868382,147.85859684253063,127.46027666682679,132.83873208028783
1364,45.46666666666667,120.3643275114466,125.22627616446076,10.363298248891915,9.509282300112382,146.01999256680764,147.88687616596658,126.6006967732089,132.85401857903713
1365,45.5,120.31286750258289,124.58686407127807,10.205608463620402,9.135362462558904,145.82087951957135,147.98812486377204,126.09145509077372,132.71624970247868
1366,45.53333333333333,120.2614725339021,125.360836666702,10.099095532044593,9.151480929408377,145.25238044891108,147.69898035795745,126.38265965312503,132.49118548806723
1367,45.56666666666667,120.09346055556438,124.36837381569259,10.170510105502965,8.450752465530396,145.5660772539105,148.31265753478797,126.13629511002894,132.3311800592033
1368,45.6,120.75515376590481,124.29847892114272,9.908613566706347,8.505750879864438,144.4983021722621,146.58080407711188,125.9761806369701,133.0777098797865
1369,45.63333333333333,120.23118703871401,124.88825493068919,10.281062833451225,9.0136675612813,144.1105540616584,146.74869858065807,125.55120875716956,133.16362114564484
1370,45.666666666666664,121.13010622734778,125.08708026627887,10.583667677741294,9.102335332700196,143.07686629385068,146.4468545920288,125.21264455843402,133.1866327006673
1371,45.7,119.84659561944389,125.25471597435879,10.423054697805002,10.400899801410324,143.8007758236136,146.4854816107135,124.64442795999828,131.29808903371605
1372,45.733333333333334,119.08685294176972,125.09716912301091,10.22062206345044,10.274397385812325,143.07587914939708,145.59072635340655,123.82719250495911,130.62178101235045
1373,45.766666666666666,119.25481908694185,125.13562649449487,10.165513230061014,10.284452755677712,143.69305438704407,145.01556061141076,124.70008410973894,130.56310282131994
1374,45.8,119.50335010349663,123.12534427974992,10.05488074630959,9.004814064749699,144.46326272799757,146.64274451834936,124.30229404595059,130.72607149505035
1375,45.833333333333336,119.3460508705626,123.97663355731268,9.960528978037773,9.274149430319948,145.2793412499341,146.9925763360876,125.22733873257742,130.73847375270404
1376,45.86666666666667,119.44523580968125,123.91512015567845,10.008607892608746,9.141453109741148,145.34407361117937,146.99920170798475,125.27655742777564,131.39141948072597
1377,45.9,118.96649017685097,124.16498466956729,9.334260289818973,9.623479298209988,145.6672063045195,146.14969538231193,124.75079305915952,131.34431590925743
1378,45.93333333333333,119.11508816409889,124.42399152429437,9.418139475000777,9.553108985101847,145.421272424557,146.06886503152055,124.80532200459363,131.8013946519744
1379,45.96666666666667,119.83572027502775,125.67976907027115,10.615422235633089,10.304580773478996,146.1537363198645,146.5789214101295,125.71236133070478,131.2010777313464
1380,46.0,119.19415884212647,125.0001297407375,10.369519368458864,9.98536403783639,145.4902350964968,145.8340866378513,125.50027207979318,131.6773234072725
1381,46.03333333333333,118.73914624110144,125.64560769618467,8.922454976694809,9.363695921404467,147.52576547302522,147.21690848100118,126.6975033921123,131.9975416413712
1382,46.06666666666667,120.04076232708043,126.49536068171993,9.919025580979799,9.765243995663045,146.04458671718945,146.25966578713516,126.9165428758336,132.27300880412528
1383,46.1,119.86944795731053,126.39508895332739,9.933924026188198,9.767626790996804,145.81942572743853,146.1825452470441,126.82371817126615,132.40477354712738
1384,46.13333333333333,117.95704000509774,126.81995001177118,9.412344300621049,10.168151577833717,143.98745158499793,144.3867225995302,125.99033103243913,132.52172947035123
1385,46.166666666666664,117.97903742450761,126.92936583021938,9.505584691744186,10.312338846914717,143.81022930166264,144.56585231170024,125.83315649011358,132.7198772384725
1386,46.2,119.18581502369308,126.73123791999708,10.500762628348797,10.393716235931164,143.71472013886734,145.14446537448666,126.0694172202325,132.64519434014954
1387,46.233333333333334,117.99904872462506,125.51517821912296,10.046256123640386,10.027455354217715,142.76672657324085,144.63459527799063,123.96898255846156,131.72757128302226
1388,46.266666666666666,118.3373492933285,125.31019251216956,10.265198250752341,9.88144892184474,143.32323668710885,145.5672461269509,124.03315595159158,131.11710584168478
1389,46.3,119.66762993107886,125.77157255393688,10.555899682735744,9.329756718692485,144.37446211300022,146.63159632420388,124.86283914509194,131.81319157482577
1390,46.333333333333336,118.81894427263225,124.47321853243722,10.209226701550607,8.918459485903266,142.69185797571419,145.2828038020079,122.04928936471222,130.21869480538192
1391,46.36666666666667,119.10741702146463,124.50566208194634,10.3607246624109,8.984390962619205,143.28036382506133,145.69094336770019,122.93411156969535,130.22148110361823
1392,46.4,119.22225875686355,124.34238877107396,10.523768507663828,8.9262809505545,143.62992087352913,146.14035038586718,122.98923746080044,129.9048372882346
1393,46.43333333333333,118.93494306301845,123.96269210803887,10.38095199165498,8.990260477929217,142.6975160559352,145.4587339384817,121.50220106408764,129.74015455184227
1394,46.46666666666667,119.14557607499303,124.11170631129418,10.28681007769289,8.864999449249442,143.1019806822477,145.0941675604409,122.57623838190855,129.89319107212353
1395,46.5,119.67591931539259,124.54100989537902,10.147708316887805,8.90038044937258,144.09090689416206,146.19968833632203,122.86058301218868,130.19579066962294
1396,46.53333333333333,119.83079987924111,123.65992254453654,10.094177320958146,8.300008724539353,143.74120798710425,146.02314521968597,122.43042303567253,130.16942915549674
1397,46.56666666666667,119.25497731324471,124.99169593011077,10.220801944224855,9.300042798515577,143.79241709052866,144.47472283197197,124.1943579232076,130.44151219115463
1398,46.6,119.49814860866637,124.98029276711314,10.333428792634413,9.450012083967982,144.1835487405364,144.7503249437354,124.31922147856086,130.70667883321067
1399,46.63333333333333,119.33127048610447,124.0534892781249,10.548879822942794,8.613835101739719,145.29332481268432,146.08687310087896,124.88006104221633,129.9865446678736
1400,46.666666666666664,120.11430883507076,124.00761601485279,10.66426512232456,8.90152291473653,145.84936433155934,146.20106749999673,124.9294852271519,130.121084882301
1401,46.7,120.20254351907819,123.56714005201823,10.928267833089505,9.071576199364594,145.79372977694894,146.47760857623663,124.38520056921807,130.1334699849046
1402,46.733333333333334,119.53803105398778,124.79334209456663,10.706288680242537,9.623675282600907,145.11244764762023,145.40937742735144,124.76362328356309,130.88174443817053
1403,46.766666666666666,119.54315012264031,123.41457583325487,10.429675490805892,8.855060980022394,145.82778770811063,146.47418731138313,124.68069438118096,131.1547573838252
1404,46.8,119.41242164103798,123.08819276761899,10.402805534142807,8.966283989475553,145.78770507271744,146.45996258066762,124.65532417436667,130.90731938425446
1405,46.833333333333336,119.88829085662722,122.53536110928178,10.570739633313202,8.086258361951627,146.13670399157235,147.56034510998984,124.66377559564599,130.75189927047606
1406,46.86666666666667,118.78161680947584,126.13007206148173,9.680012521985665,10.954160747507125,146.7530013668997,145.87177537037354,125.62932965413508,130.53507244468864
1407,46.9,119.01593081614423,123.40346056860923,9.568359450142156,8.650163276713181,145.7174369123148,147.05100488627852,124.31299391884785,130.2595928495376
1408,46.93333333333333,119.38197105925454,125.14790045344922,9.560922497762022,9.680864279416074,146.497657444948,147.71874311131552,125.50175042185745,130.4410605300707
1409,46.96666666666667,119.95415165744222,124.03763871217397,9.677818362167967,8.495106925646525,145.50306050272357,147.49547218775007,124.51910787696907,131.0350352480493
1410,47.0,119.27461678918318,125.15454377866126,9.948885891050962,10.041472205532378,148.36556223499957,147.4012087148761,127.61836189965186,130.52372452735062
1411,47.03333333333333,119.8346080256279,124.97348932119291,10.691854563887265,9.770480065741573,147.44806235078389,147.18002389222605,127.70399652861659,130.51571789621823
1412,47.06666666666667,117.84795256151904,125.98185093425302,10.002090703338498,11.493880602502648,145.4924185120076,143.71400835474668,126.83205831518917,130.604731885501
1413,47.1,120.84977079455034,125.37623829537493,11.800223753607524,10.876572036128405,145.2187405646684,143.75753872278221,127.320522049521,130.48921837868932
1414,47.13333333333333,120.02587347704258,123.65852766811794,11.476711997960061,10.2106404615424,145.24824148515805,144.7668950355479,126.94569937281305,130.49309071264182
1415,47.166666666666664,121.20555392980312,123.78855807714136,12.887788092473945,10.20291747426348,141.23387854459259,143.6638372523736,126.44377254360094,131.227583539403
1416,47.2,118.57625124838714,126.72112482976074,11.627019131592624,13.06133089696974,141.6294772786156,143.8453189700042,126.02205851885937,132.269161823377
1417,47.233333333333334,119.18430482441147,124.26401494932006,11.689442657215174,12.030034526239987,141.6381340275942,143.26579974131528,125.04729661906254,132.3991460041687
1418,47.266666666666666,119.15848879869071,125.72987928461369,11.873189439199212,14.209163786683586,143.01225367124553,144.00893183275366,125.77957466423784,131.84727262602917
1419,47.3,119.66747445199185,126.56862641164771,11.452845497432554,13.751044364968912,141.42287602690746,144.11202880065224,125.34601803487674,132.48588414925328
1420,47.333333333333336,118.11710922908797,126.15308719208184,10.738769964237619,13.345025436013515,143.3844499805541,145.05977632715198,124.80596762445136,131.56104902168127
1421,47.36666666666667,117.88229939599667,125.83696010744667,10.50956927697637,13.24502345176054,141.88013944851724,144.2144229531858,124.77097514040473,131.84504739716266
1422,47.4,118.70480237501626,128.34599373670054,11.061709901897007,14.603404542588462,144.51799905947695,143.79363452182497,129.11680188485153,132.19948241881693
1423,47.43333333333333,121.29155709084678,131.3370119280106,12.271320755270667,14.579409349680821,143.3967835498823,144.18307413494736,128.9622433323026,132.52052581774456
1424,47.46666666666667,121.13256077878003,129.18336288922194,12.484929878768403,14.878483679490213,143.43905315567224,143.83867650930426,127.8598189654013,132.12552205329217
1425,47.5,121.08517527967821,127.15441597553365,12.564895293743167,13.928822100943872,141.98106242988086,143.59160284746537,127.86741313385856,132.49661389826414
1426,47.53333333333333,120.8322785844097,129.3980622065648,12.34500582667465,15.38959914248672,142.4617444741426,142.31384487022498,127.53446382702232,132.43692915353213
1427,47.56666666666667,122.55810013658659,129.61558626467232,12.970326217296382,13.757435603457397,143.72584202087933,143.28688223251783,129.15919818720073,133.50770359524228
1428,47.6,118.19487298419932,130.70006315568403,9.81757017148788,14.599660961108665,147.1956116716288,145.1659152625248,127.4248691333913,132.68238849106788
1429,47.63333333333333,119.4485500212863,124.68420884614265,10.216089130704031,10.145037372635704,145.79479791720183,148.0832807012449,125.47385732785523,131.9126123294066
1430,47.666666666666664,119.44940330238786,125.46240587667756,9.201126456816977,9.992610962662772,145.0760165482809,147.6258721130855,125.98933047234875,131.9489666295948
1431,47.7,120.47706384562245,123.74356161171885,9.403034531480904,9.084527503549701,146.666780367921,150.34127255122496,125.00469496006444,130.98110781259695
1432,47.733333333333334,120.68780014222207,125.067016390491,9.68488137084207,9.54227032870525,146.00221825150527,148.69850407144128,124.72423541355558,130.98114280386002
1433,47.766666666666666,118.71915687896173,125.70709003133193,8.284076971845417,9.666270069975493,147.66322394399756,148.71515156852317,126.43455967679803,132.18450243071786
1434,47.8,118.95904654101204,126.51383515529886,8.571050083896255,10.254993814845225,146.99760248720952,149.72635691158177,123.91080313735561,130.69422093219129
1435,47.833333333333336,119.43141642295754,126.1614510139376,8.838230837760303,10.23571720006628,147.49358849355303,149.46577587296193,125.2043207461377,130.90254865947688
1436,47.86666666666667,121.46067034005576,130.2794819872631,9.9046255652082,12.189777468436715,144.99178531200312,146.21990186023416,127.61565517239342,132.84377497763748
1437,47.9,121.26597649288843,128.90099437273503,9.870365167870151,11.384420143101787,146.59303227159654,147.3321814056464,128.12212371884235,133.06576823122998
1438,47.93333333333333,119.53541313264597,129.24521721790978,10.735895797739458,13.437605667876639,145.69778993453116,147.49155967547227,127.87659727011277,132.95525231174992
1439,47.96666666666667,119.47921038519756,128.3484566732572,10.640191624218138,12.90930130452893,145.785779163213,146.76086650859423,127.48504579417833,133.1020412153417
1440,48.0,119.81686485936315,131.1962639848009,11.086165132118987,15.95538908928501,144.2739745567944,143.82343955739378,129.2484413866324,134.11925243219582
1441,48.03333333333333,119.71224530452862,129.1155853079267,10.218167416253644,14.614457436198483,143.54158035382136,141.885694854224,129.28053628052714,133.6702802206603
1442,48.06666666666667,122.19724247070992,127.82648630769229,9.912477392540811,14.089768814957777,143.80155357561472,142.15900965083108,129.0873632511289,133.22655218304382
1443,48.1,119.18519878232772,127.80577933001487,8.434191870812864,13.166139221673854,147.5446149961193,144.96817052702045,128.76425996245192,132.68349521242837
1444,48.13333333333333,117.70017134839078,124.95663038811105,7.9332849245832655,12.510707803127705,148.714413194394,147.65531753877406,127.84454027198096,132.10475587447368
1445,48.166666666666664,117.45463200943122,125.22284617199503,8.049543337987588,12.732813072841445,149.20087021745732,149.41214689389707,125.53524439533282,131.27561096887686
1446,48.2,116.4916448698336,120.3971346507774,7.94485925063876,10.002156582373255,145.37385809310967,148.14502724194952,120.69043768035759,129.72461925044897
1447,48.233333333333334,116.60150869461678,123.44446925999884,7.9444307872835385,11.155963800381329,142.733013344796,148.18662659431303,121.93037378724007,131.75871767918767
1448,48.266666666666666,116.07131888142028,124.01111824755075,8.926038763339553,13.080256679154132,144.84590511018888,146.7019404523282,123.20988215311286,131.24548346220217
1449,48.3,118.57687220355987,124.9767457477012,10.893293033151789,13.486450647693403,140.44033867569743,147.55476044838585,122.17032199879674,132.95277543493927
1450,48.333333333333336,118.55374391106069,125.74744134000188,10.928777762205288,13.582434179906665,141.47865832861484,147.19539701691247,122.11516037908007,132.9690151291784
1451,48.36666666666667,119.8679515274934,126.7020037942629,11.523914395416636,12.911958949171487,140.58217634001363,146.16246197085871,122.60325395116395,132.40246881610952
1452,48.4,120.11949450847276,128.53277039571395,12.46634863748069,14.149769167651899,140.58164775647964,148.498719259186,122.63059118091603,134.30783838750617
1453,48.43333333333333,120.2304255318073,127.49499266923853,11.959636837144082,13.534088513609912,141.81922396845633,147.8478667221648,124.90053974407299,135.41198169126673
1454,48.46666666666667,122.6328726050637,127.69331692332113,13.501259492841536,12.973798895602114,141.50492083567306,146.94003196548337,125.15909907268073,136.65567679728406
1455,48.5,122.79400824254515,128.68959163383624,14.646710490552325,14.613547046197493,140.74032360862017,145.18139984089677,124.75731991534207,135.2966073434985
1456,48.53333333333333,120.82990417468697,128.4386458901429,13.312544798949338,14.365240374464301,141.39871787285404,145.28008387618038,125.51551130117305,135.08996598182924
1457,48.56666666666667,119.49819551716598,126.62380772740445,12.33768838671253,12.605128839698875,141.1061803893714,146.46582151027812,124.68600932557766,134.14462230738428
1458,48.6,121.83477226206529,125.5641455585633,12.992351608868239,10.778456056727777,145.82642692138538,149.1225764322359,125.27939488959241,133.0965399896774
1459,48.63333333333333,120.5205868582793,121.90053511252115,11.46556315352894,8.068942237073776,147.42996727959945,151.18201624129122,123.81779924603464,130.96745097195753
1460,48.666666666666664,120.25737315035612,124.35951075752646,11.177225256429193,9.283823113047262,147.6703463582348,149.38968516508024,125.06872334314833,131.17009470418938
1461,48.7,121.14806561734221,123.9395630687812,10.154331068684103,7.822303789049699,149.87710578846895,151.21893052849114,124.70239045312326,129.62641042626743
1462,48.733333333333334,120.7782041469003,123.59130578850349,10.22316845386022,8.100413308657595,148.33173563634978,149.51773498042633,124.88972811190358,129.71500081703115
1463,48.766666666666666,120.82118939028084,123.60058035372835,10.483753621644514,8.078495336061536,149.13536173713428,149.25701582036515,125.81553171824487,129.54823571476172
1464,48.8,120.40121459426504,124.8812958202849,10.279019017045162,8.592054856183706,149.09930087187558,148.88418994152784,125.85538011615188,129.39521118368066
1465,48.833333333333336,121.61598890324713,123.95304230366602,10.879585026535324,7.738305195051563,148.79848033268402,151.67830074753388,125.5031660436992,129.7890699565265
1466,48.86666666666667,120.35823367837874,126.42428923473999,10.813250084741084,10.37076324095281,147.05265012440282,147.63526453896637,125.71446298418805,130.10582632538535
1467,48.9,119.66897934771839,126.51055422056777,10.099188281514824,10.228153430817732,148.37041545309575,147.90851496048464,125.8114254203122,130.28007694818504
1468,48.93333333333333,120.12074780327528,124.55955482347802,9.994585085851194,8.667916923154003,149.18087748966457,149.7857882307167,124.71946090720847,129.69299744648745
1469,48.96666666666667,119.33150917115417,125.05331958691009,9.937299203073556,8.64205386573652,149.9939360081148,151.4283762951262,125.38387378940185,129.94971736745785
1470,49.0,121.8856124846253,122.67704969961197,11.486454204128414,7.677147971941072,148.58052417793567,150.96770358896518,124.54530894022551,129.34777517085507
1471,49.03333333333333,121.17668306486559,125.77391697327604,11.443181219143641,10.00839019262509,148.24626748028845,148.43204931526995,125.5255759921703,129.67414114510268
1472,49.06666666666667,119.47191704419342,125.38558410489478,10.20999400343235,9.659831590137859,148.19725739242628,148.4002815009654,125.33689163809788,130.31289628443398
1473,49.1,120.69655257619425,123.61990474397439,10.583647870013639,7.90510849534333,147.40603969041692,150.14205854811362,124.68010659853609,129.8851039821439
1474,49.13333333333333,121.23227368065244,123.28921927659374,10.924286058419387,7.95467402823558,147.77844327999642,150.24304705550438,125.50506776819957,130.46953258653534
1475,49.166666666666664,122.54441079721518,123.73909696229532,12.146489956577083,8.093603967335886,148.2690374944974,151.5444359540255,125.74950411802803,130.7523803470549
1476,49.2,121.9741070501503,123.67877884032977,11.871424512455686,8.106576677829253,147.6536078778929,151.1858336616617,125.97793704554798,130.96008126324458
1477,49.233333333333334,122.81890549563735,123.97396095175517,12.18529683962148,8.222719294056317,148.8663577064036,151.41788787536566,126.22478201314186,130.7376988670415
1478,49.266666666666666,122.48531188185038,122.80624381967588,12.145609847811299,7.7558225976795505,148.65475923750208,151.3405019553234,126.2377499460126,130.7908373714641
1479,49.3,122.02532511156333,125.54143073955531,11.930075299337078,9.367689752733748,149.04392322883075,150.88489512809826,126.73165236043252,131.61877736094655
1480,49.333333333333336,120.35645794406227,124.18279445519798,10.638226294067932,9.467603919335724,148.26132950870868,149.561024862042,124.93608725341872,130.4817185100347
1481,49.36666666666667,120.32464351737453,123.06231287175018,10.233050668466976,8.660745312825362,149.52132310765427,150.9770647381376,124.9729875195125,130.92983741078416
1482,49.4,118.41299336723439,122.89878803541299,8.901420628833252,8.752352028105093,149.08942981110033,149.50433442629478,125.1128797839399,130.99699337093088
1483,49.43333333333333,120.78583113251467,122.20953073215763,10.412327441722617,8.257128977375743,149.96260746570775,152.24165461300933,124.49342030781594,130.87242574053872
1484,49.46666666666667,118.72831912744502,120.01246505133885,9.873264059114046,8.053957126637565,149.49317704476437,151.0907362146164,123.97869983997711,130.78957028691417
1485,49.5,117.91424269920927,117.86203211983157,9.904051284006993,8.133205465713308,151.05717788164407,153.60350216768347,124.2019216560811,131.1953512881228
1486,49.53333333333333,115.50972269000201,114.63260031310092,10.344150969565218,9.49313308517397,153.3540413136433,155.66948489635692,123.63602053881951,131.72055117315568
1487,49.56666666666667,113.29306100955013,111.2810232935996,12.950852780044501,10.478356160053426,154.72813737168966,158.54828680779812,123.84877946018666,132.7410274092331
1488,49.6,112.57128592302601,113.43398607692062,15.977350922683783,11.178888780486002,161.4998918874789,164.44856588435908,123.46074084415403,135.01087237898858
1489,49.63333333333333,116.28931248130067,116.76817418045408,16.235826999626674,12.892937126456172,165.4081270973377,168.6913286824168,127.94551900095198,135.767988468716
1490,49.666666666666664,115.58967265579491,120.70129329180625,19.05758972267731,17.553899792455397,169.12021103023284,170.8734182411129,131.1079043113822,137.49664457080658
1491,49.7,134.17435286216664,145.41986327765022,18.968759444767144,34.32539961747975,167.61473035075446,172.52408195796565,136.2268066855446,140.89042326420625
1492,49.733333333333334,130.59912228762423,147.27841188155554,26.30874423939945,43.94351436235202,169.4782482492496,173.35135439867847,136.07780061691474,140.26520235416604
1493,49.766666666666666,132.18592034472618,146.17041974092663,31.907973913914578,51.65226810914369,169.73579880889832,172.6940069406648,136.02949825821685,140.67105424494153
1494,49.8,127.15626844109187,140.11291428846275,33.16144280500215,51.9870083332609,169.98245421681958,172.4116489358887,134.16249837467632,140.37220488919
1495,49.833333333333336,128.04362563984714,132.12765997547677,39.37639767121395,49.59444456523166,169.90638105598433,172.5732861177283,130.35083137682116,135.50352270262334
1496,49.86666666666667,122.12982401343938,125.81829301968328,38.86053905313248,48.96468231622787,170.10738570020217,172.65569367409284,129.45299116327948,136.26016448434999
1497,49.9,119.97207326883571,124.66706890075203,48.98420530484883,61.17030505542989,169.0380962677518,168.58862977892915,128.09292774973122,134.82333478419704
1498,49.93333333333333,119.51479515850454,119.69472864343426,60.39547760510512,67.81991613797932,167.05061133287396,165.4012170663623,127.86267898902194,134.80051960095273
1499,49.96666666666667,117.75626650429624,121.51009961331968,60.762231206856484,69.9193562280547,168.41478714198405,168.63483004307764,131.88398028973845,137.27073811432967
1500,50.0,125.93969033429242,121.62281919330744,69.70294532114687,76.26247304686571,168.21099661830607,167.25107119530114,132.52804907678134,137.27526681970656
1501,50.03333333333333,130.31671654940325,125.67852249133975,75.28237131944212,82.30478382685195,168.61321492441127,167.1577224778022,133.65136711978585,136.9846078417929
1502,50.06666666666667,130.97001454976476,127.06385903635278,80.80475383706673,86.57106355961405,169.80731450468522,169.00160430844042,136.94362222918468,137.21916991726414
1503,50.1,130.78807455637187,128.6998517827877,86.44900046365176,94.29509045961606,169.5070619052413,167.64224812855812,137.4471682694866,137.2271933012515
1504,50.13333333333333,131.14465753817115,128.6539894312098,93.4837570733068,100.39169217570768,170.71230050560592,169.11102005716404,143.24254121925023,141.0520301293374
1505,50.166666666666664,129.21216061196606,129.5013129061945,99.48597468816392,107.83112149120448,169.15414790019676,168.60031838629428,141.90100287380136,141.24677563615137
1506,50.2,132.05134125414568,132.48848994647074,103.75155458154985,111.18162622288027,169.75966335954487,169.99335428831571,142.94967254222493,141.96195086957724
1507,50.233333333333334,133.2433672129292,133.0762047541392,106.45693169874153,114.56676063180932,170.24238696419488,169.8692872447626,145.9722277285418,141.1676003622158
1508,50.266666666666666,138.20732768496094,137.4863520844925,112.0685156580257,118.96675712062071,169.8806665122849,169.79322602057513,144.41787683057785,140.2265943079322
1509,50.3,141.4669992119946,140.65448479110856,117.45815872661956,122.49462393284183,168.72080739713684,171.4237573476816,141.36072602639308,141.40918967519787
1510,50.333333333333336,141.5788459781215,139.62175093942116,120.35232989525284,126.7192684284052,168.6396058402721,170.39887678449568,141.8056804861281,140.4770171457764
1511,50.36666666666667,143.41937235454728,139.46741952542413,124.11852397868573,130.51762547081847,168.4314220265578,169.9078779012927,140.86638322419645,140.60627304628017
1512,50.4,141.66520184204998,138.08682678053307,126.93315012994785,132.46829185275413,168.05522740206737,168.50436181019433,140.4678949945339,140.58678500550374
1513,50.43333333333333,141.32621470608115,136.66206987597363,128.49045553682652,134.45198618077075,168.13165490308594,165.18669397534055,140.1170670190504,139.77210649623848
1514,50.46666666666667,140.98226458789992,136.7121890564336,129.23101312213473,134.3269036773688,167.783959774898,165.59694060884956,139.70444245444827,139.52977972354418
1515,50.5,139.57992926933076,135.56230789650076,128.6783396715972,134.38034923043458,167.15548603692045,167.87515508575953,138.48777832908587,141.26119126975178
1516,50.53333333333333,139.6712567382722,135.62503452559022,127.71515758865507,132.90512954266347,167.00657659372487,168.38670844980666,139.2261372989046,141.30798388086689
1517,50.56666666666667,140.1792799428506,136.15115752568914,127.51574626084472,132.29365091906902,167.8375694289916,168.60612862648782,140.10268411465427,141.47691863251623
1518,50.6,139.54382311031486,135.796358558085,126.28707112008762,131.92488457354506,167.79469323816477,167.65282053265238,140.23777994520285,140.28805732566798
1519,50.63333333333333,139.18723980037623,134.62937691958768,126.02882643058052,132.07356836612556,168.4894899055902,168.12508557069748,139.92363590625183,140.0545120594836
1520,50.666666666666664,138.61562098604566,134.7007901345007,126.14618213112975,132.5016673620141,168.72995655723287,167.69069508894125,139.70076256864493,140.17517949037875
1521,50.7,139.03349195239034,135.66593607367653,125.29477774927062,132.47725226830863,168.68753964697453,167.66275658639415,140.2814327878181,139.89284226479668
1522,50.733333333333334,139.81407804469313,136.91104242636143,124.72297469147644,131.53515765106624,168.4834039233797,168.80426104111012,141.07888776435306,140.28297949861079
1523,50.766666666666666,139.85157540724916,135.9041171681135,124.66025456396666,130.9514156736127,168.50765576656178,168.31896962567745,141.12713632645762,140.36150858026159
1524,50.8,139.86621693611417,136.96733607125694,123.06553465108364,129.13847745521298,168.5608330721324,170.6669974952034,141.9680248017605,141.10869607700008
1525,50.833333333333336,139.46914119771395,135.47293464694934,123.13810290390784,128.9272356675636,168.50058582559006,169.9477665022407,141.66805483052391,141.0136715290704
1526,50.86666666666667,139.20284562221138,136.9355905078679,120.7267775903611,126.52962367754454,168.56843126389623,171.96435415986687,143.86290234366018,141.30771690778246
1527,50.9,138.68657921326488,135.64112301495342,120.98721683154935,126.20605355387912,168.80735947591955,170.8458572066021,144.88066652559738,140.77292613766357
1528,50.93333333333333,138.00905170967596,137.12790177713106,119.05900943544205,125.34678366119927,168.87834207262875,171.28550058570568,145.18564004516617,140.8357611939118
1529,50.96666666666667,137.84152171931248,136.1465154166809,118.93047675878725,125.6547483732073,168.60260386842933,170.53266144483285,145.50655312058342,140.85451665202163
1530,51.0,137.66295595268426,136.18163706181855,119.27898094341211,125.3855043102156,168.2553570459394,170.8851568793625,144.29842939363093,140.5884054011988
1531,51.03333333333333,139.00583711437628,137.81120745089953,121.3842466093469,125.51069462324486,168.38873114727843,170.75450688747702,144.556652267436,140.706836196267
1532,51.06666666666667,138.03797659280877,136.9906120514449,121.81751157739035,126.06402959482095,167.78059317684384,169.8004399302552,143.77687620308026,140.77620568435077
1533,51.1,138.88086995295393,137.89317911867744,121.84843194431375,126.58527056129593,167.224027144629,170.0446357202082,144.32290220270028,140.65038182888878
1534,51.13333333333333,139.1036122030476,136.53479495305095,122.54683766081173,127.87770793329825,166.9048659917497,168.96885359817628,142.76122682204254,140.11988599421628
1535,51.166666666666664,138.24789852877743,136.21427423727516,121.88165589025718,128.20904821496384,167.22010182750628,168.13609356148513,142.32799031844414,139.25008202174453
1536,51.2,137.29598507852657,135.85551427219733,121.06403781939275,128.4416528606454,167.03900184243682,168.3001245290761,142.1972487898017,139.7761203289067
1537,51.233333333333334,137.74643251721756,137.24448856331188,121.63803223140695,128.41179228632387,166.51031075274028,168.94892550862218,140.74689422286403,140.7664933837546
1538,51.266666666666666,137.6653877568775,138.36830752975413,121.60875117474379,128.6537397524819,166.75616341579266,168.9591872430508,140.90899965346063,141.05529198296426
1539,51.3,138.02243953081245,136.14207524832906,121.93610608470364,129.0063347738723,166.66486652232464,169.25586314195448,140.4266426237165,140.8300700616265
1540,51.333333333333336,137.6836071104567,134.06175996686008,122.14008102756823,129.5473006906959,166.93692758443038,169.32004236104572,141.11751956333183,141.78127628774752
1541,51.36666666666667,137.1019287295669,135.02168502473043,122.10736226689468,129.67694998566503,167.13750021656423,169.35579142543244,141.06505106307685,141.8829531763827
1542,51.4,138.01603816381322,135.17425427556103,122.26247832717794,130.36257606943676,165.55325666688046,169.16898271059756,137.74119639518094,141.61709585870668
1543,51.43333333333333,137.88492198354942,135.45170475655786,122.37202967063067,130.32882551629802,165.4707283494875,167.6560711667508,137.50188510475118,140.07341250573367
1544,51.46666666666667,137.66409546965548,135.0861132491338,122.48869844457683,130.72746885785713,165.1920864321539,168.11640992827085,136.64213208216165,140.56295790730107
1545,51.5,137.298607971137,135.16993303678106,123.534228114111,131.57534842507675,164.83879871547413,167.01092531630763,136.74818035550695,140.0628575828733
1546,51.53333333333333,137.6854177786715,135.6586292204897,123.2068692345813,130.6868167973336,164.4556740769864,168.5455080910231,136.03298020227743,140.79615218841167
1547,51.56666666666667,137.79151223209166,135.62268605666745,123.36177185717284,130.66229101533597,164.28785281572902,168.62586659213468,135.69070241034635,140.63522241536157
1548,51.6,137.71284725167231,135.30770611472747,123.52838698141115,130.71276965221045,164.30845116739152,168.18271792121104,135.5000205636542,140.36004068796143
1549,51.63333333333333,137.84261507589812,135.7154626752551,123.30989436677686,130.20286123478706,164.8597226914847,168.89063642314753,136.81450155416604,140.83192253185547
1550,51.666666666666664,137.6288171986138,135.3811109266179,124.09680471016244,130.99475669988132,165.92153356858583,168.36783226873342,139.33355713455643,140.68506837605932
1551,51.7,137.76786641259662,135.91449358899533,124.25146551463054,130.96164077653182,165.33136942234148,167.94579545695382,137.99398716275172,139.89404300801175
1552,51.733333333333334,138.4122815810125,137.03781320458612,124.09942035480887,130.47659855501104,165.14402452756153,167.7395780028464,137.93065366039554,139.6050489126951
1553,51.766666666666666,138.52381768747063,136.07719099018618,124.28307899566775,130.40116781437578,164.80928138058854,167.28670275561868,137.54848996689915,139.12398263577734
1554,51.8,138.51616869713678,136.12781670632782,124.30301893061855,130.49946762616526,165.88900192311104,167.34276406225533,139.6721755507649,139.09242462526018
1555,51.833333333333336,138.45632522719148,135.50465562172081,124.53996239680238,130.72534432043525,165.89817144039992,167.41728853867264,139.51076298422063,139.0459708684925
1556,51.86666666666667,138.23058201293338,135.19380455004682,124.82587665222472,130.8593713689581,165.95270894959853,167.89898216113681,139.63731032571297,139.4263118899738
1557,51.9,137.98991722354805,134.9742791947779,125.29481182238453,131.26730715370198,165.70159135511852,167.5166754513954,139.96601327322298,139.71806700755968
1558,51.93333333333333,137.6940371665986,135.44138396134602,126.34549793790536,132.80284250548542,165.1684246550436,166.47553480835913,138.82045481896435,139.02953491001117
1559,51.96666666666667,137.8146633225145,135.64287461881224,126.1999516052229,132.5972677651122,165.087729129524,167.06731508964,139.18454839126687,139.39853775189277
1560,52.0,137.7926904914821,135.68745639046512,125.7926448897399,132.3175597680557,165.0794479205827,167.0810106905387,139.0625037632212,139.63301964080878
1561,52.03333333333333,137.77132727454713,135.9347145658694,125.40367491706206,132.00322751077618,164.56865939923773,166.96653594563793,138.18756154058863,139.6850791489712
1562,52.06666666666667,137.47427819830722,135.39410638156988,125.80875391713754,132.83578997066127,164.42044325509917,165.63259666346949,138.79142901737833,139.39905796672593
1563,52.1,137.6289703574654,135.45452468099484,125.5951039232893,132.65964714251086,165.15357584589105,165.49240145527452,140.46285139478698,139.40231792769555
1564,52.13333333333333,137.2088085266443,135.8491377162593,125.5563708501659,132.75633520335234,165.88362353418208,165.89125458655252,141.21223814841392,139.57580756320496
1565,52.166666666666664,137.3359620590362,136.07848064631,125.33070901471268,132.58338537758954,165.93428323740932,166.4122613073679,141.13066737639258,140.07066847091082
1566,52.2,137.2258895094635,136.11293259520374,125.02082341195285,132.64106998358338,166.04028261357348,166.48111841330802,141.73468675224996,140.23026831486644
1567,52.233333333333334,138.16898636015782,136.35096764738657,124.88060264205625,131.91375187917035,166.08932469361855,167.44638441431422,141.85535326602925,140.29286151979383
1568,52.266666666666666,137.18726365800322,135.96313062346846,125.7963234249245,131.8262651089458,165.2848639419713,167.76234771177664,141.22091676949125,140.43526351479204
1569,52.3,136.80483099829786,135.84974907744308,125.26065655451026,130.81180899517489,165.3798492482867,168.10320084280326,141.23250849049967,140.6391490508304
1570,52.333333333333336,137.00307721314354,135.5954108979826,125.19347704014866,129.5768716034056,165.5901599060224,168.3619126585994,141.13881791323772,140.75389762440753
1571,52.36666666666667,136.6686360104981,134.5747305959464,124.72549274856198,128.16709531570194,166.15198314582523,170.16899556800385,142.24035433806017,142.16570526183824
1572,52.4,137.45336318815646,132.4202292484361,124.0442908440308,125.91308662295977,166.26035319539213,169.90747350420287,142.60610281843236,141.57249294311214
1573,52.43333333333333,137.6588531120279,130.59869800811262,121.19775659627857,121.9622259839568,166.73334908384783,171.7954879880307,143.61010061439288,142.93824801882127
1574,52.46666666666667,137.405612257932,130.3131874780425,121.06932389263005,121.86120996662343,166.42332209790493,171.58111454591295,143.46133431616695,143.03620672458982
1575,52.5,136.5913610615939,130.02868464436978,120.03991582278788,121.52421928888346,166.4085992854377,171.64542203758356,143.37580448164604,142.89276468468455
1576,52.53333333333333,134.93805788697898,128.76669866969428,119.33273579793858,120.20593999536655,165.8941234366277,172.03030022421135,143.0907728714161,143.12024110656333
1577,52.56666666666667,133.87216223130983,129.72764975983733,117.06655365500922,120.97827033227574,166.47299680956624,171.6534539328982,142.74287743103503,143.3957504621387
1578,52.6,132.94814780142102,132.11094366453585,117.46093868316036,123.53792448978426,166.1157179525651,169.98064067175648,142.87364619133527,142.95931806533105
1579,52.63333333333333,130.56306065775155,131.84752587080607,115.30440787399736,123.49459042336281,166.13642783435924,169.85665775098272,142.6289258936042,143.65832873415653
1580,52.666666666666664,129.07517446447346,131.22615081172643,113.42625225619003,121.23181716279639,166.9854103035623,169.4607562908262,144.91231694387224,144.20844404621545
1581,52.7,125.86540399627992,129.31225234777258,108.85444079260654,119.24196878659703,168.40695696240584,169.87732868722495,148.84312764337338,145.96921005509006
1582,52.733333333333334,127.4599238517312,130.362617802834,106.93137235442877,117.56013854645064,168.70011624714746,170.3676233142295,148.71434564973347,146.3898068498233
1583,52.766666666666666,126.11541022406375,129.87978892667033,105.42564971112873,116.21430778860886,168.43278853806245,170.53337190337768,147.06786842966247,146.03945894438965
1584,52.8,125.52834418701201,128.6265439569869,103.8291440810195,115.3002196763339,168.32515114517068,169.88218663903098,146.69577876457475,145.16255622893496
1585,52.833333333333336,129.6255455682921,132.47680562373702,103.3141467075282,115.28458334261506,168.9390841074776,169.15168524903558,148.5059039552037,143.33187402420572
1586,52.86666666666667,126.68511517052252,128.12669446073986,99.86408562354707,110.11681159393356,168.83805708015856,169.86074800581935,146.1209837654589,142.6378606722585
1587,52.9,125.72277038275506,130.20506729109792,97.54510301319702,109.51788664038767,167.07909253816783,168.92238672243568,142.38326862256272,139.92910019768087
1588,52.93333333333333,126.0612822569461,131.14520124670628,95.18569810664803,106.58596889545068,167.8049645328995,169.6623055369463,141.81043020200144,138.7840019757244
1589,52.96666666666667,124.16609139846503,129.96000058138713,90.24300467669059,101.51569063841899,169.07932729046237,170.24177571339698,142.25572988243766,138.9180544586971
1590,53.0,120.72785887834168,126.29123811168046,87.52826257922199,99.40757773402021,169.4414023701523,168.90344833971034,142.54820763376847,138.1497117733785
1591,53.03333333333333,117.68678461128249,113.75820891577504,85.19881946283425,90.17805636120227,169.20880767863787,169.49104302707917,141.76592806996712,137.22270586547793
1592,53.06666666666667,114.88600498035822,111.41912500411402,81.9523047607275,88.25909643869952,167.9592906992128,169.2962894205117,138.928957358728,136.26509273470683
1593,53.1,113.53146740424776,110.5381194068585,79.03754128198209,85.6200437777212,169.11314141024442,169.22215116861946,140.02103369813128,137.19951095936926
1594,53.13333333333333,116.69186775709312,115.98999143714462,76.98408240102803,82.41421865331166,169.4665183898064,169.92314162217414,139.42256673800074,136.49287207315678
1595,53.166666666666664,115.62141220487595,120.51538971624773,73.44629576375374,80.13611727557387,169.42039717791835,171.0155368432009,137.4737013393235,136.6120279233406
1596,53.2,115.88638505563075,119.06198788053287,72.07478088181296,77.31510068880762,168.1449438533942,171.11232039064797,135.23786351113856,134.65821669206787
1597,53.233333333333334,114.08217920642262,119.23712915166779,70.75477684402742,76.46652819832327,167.7156493155672,170.48496685959338,133.6103946647879,133.15352859355434
1598,53.266666666666666,114.50029161995371,118.76321401216825,68.777601773224,74.47063872833428,167.99870539842414,170.13462916068195,132.46598608404946,131.22957883648778
1599,53.3,115.41107024871076,119.449996853002,66.6808870121738,72.32058902070379,167.88718434291155,170.62321484078817,130.86717642358585,129.96160216985112
1600,53.333333333333336,114.00444291912665,117.9469964920127,63.73721862301641,69.49317218817163,166.575397146578,169.03281438517308,126.69337587607416,125.40239774477051
1601,53.36666666666667,112.99041309306412,118.28292939524438,61.29057966404883,69.05490057260799,166.92106290042432,168.0926718567417,126.77846668587686,123.82762179042902
1602,53.4,113.24726787297051,118.05711183336796,60.60487371855448,68.40467333960446,167.1356487488824,169.15931310820397,127.72026682812225,125.05302825713336
1603,53.43333333333333,109.31308688523858,117.45487483726197,56.177512204003676,64.9365034078993,167.66758352950714,171.28440920692455,127.53371331904295,125.7160787107206
1604,53.46666666666667,106.22155042953447,112.92415206224854,52.523411188527774,60.04881564958349,167.87590446477407,172.39981526933434,127.30279481219543,126.34208220451512
1605,53.5,105.58135727174758,111.22447943092195,52.82618200564771,59.0457352909812,167.5248372984015,171.8933672654005,127.15523727493758,125.6706473465105
1606,53.53333333333333,102.70409105482962,109.43511984872619,52.909437820393464,58.40989925777751,166.17479375454533,173.29742294427945,125.92743773665458,131.15677031959638
1607,53.56666666666667,102.67911938112813,108.7673497881725,51.82078755429323,57.20649899401785,165.2460989009784,172.42962261469054,124.35974083151345,131.56118895280582
1608,53.6,101.75604576269937,105.71288599780209,51.4069281867895,56.07827892630707,165.34668272798217,171.98857097356822,124.61469212610469,131.56910971491155
1609,53.63333333333333,101.92128547211824,104.57072815695224,52.06895571347405,54.677851018355554,166.3065411347205,172.19744381555628,127.63969841734416,132.9564440200978
1610,53.666666666666664,103.54171704254082,103.48403103484448,53.61974168576281,54.46091989659309,164.6854788339077,172.03441948781918,125.56024322603342,133.19622876865768
1611,53.7,102.65629226930781,103.48464382054432,52.65919605846888,53.78494135543544,165.13251336768633,172.2780534373519,126.03675642242793,135.07475989784768
1612,53.733333333333334,101.09826585809145,102.89551706164528,51.09447928224451,53.151328419446685,165.6971267451516,171.98953861055054,127.0847413230513,135.97668084523463
1613,53.766666666666666,100.99130928242374,102.26673184917713,50.53254239422607,53.026494370909106,165.9389803310251,171.78990579296342,126.94837589606055,134.40599507797253
1614,53.8,101.94008726381284,102.56828970383775,50.13162482920797,51.76690516996322,168.6276475679859,172.26601964443603,132.0596805935556,135.6252894733394
1615,53.833333333333336,100.80057002813012,101.69672254828444,50.31692375176856,52.16015406534556,168.86398721131195,172.16664512074743,131.96359434878556,136.81455945029936
1616,53.86666666666667,100.6854700285277,100.79313497305098,50.18808655420327,51.364832411360126,169.28493070573168,172.01057726968,137.6937366863781,139.13527985547776
1617,53.9,102.8685960943856,103.21432368399948,50.24848565634998,49.07258716407947,169.1154006518186,171.27073806730056,137.9398916224912,138.54141574378704
1618,53.93333333333333,104.12023406024305,103.64119665198051,51.53789164458104,49.64150115555055,169.3790314255551,171.04317114912683,136.28959648029735,138.72237433965662
1619,53.96666666666667,103.98908925185944,103.96080280950244,51.3111713632747,50.156253757055275,169.36024075654746,171.31289938247878,134.62207092523332,137.7656482483369
1620,54.0,104.44854519309182,103.97501700439925,50.69909816526907,49.92257649792367,169.33421759956653,171.4441616162447,133.92017730576546,138.65509348366126
1621,54.03333333333333,104.40885356557133,104.52069161989023,51.73220941168247,51.156400228667934,169.27482873622958,170.6168448622066,130.55744699120368,139.08112011966412
1622,54.06666666666667,106.79102492865611,103.22328965323068,53.03924412553942,46.7584962396211,168.73937034369354,170.34882980509187,130.09961788071539,138.61368422819322
1623,54.1,107.46733477706015,104.22882889639558,52.730452388362316,47.97616547554802,168.0167439324619,171.99752335271538,129.7687741916767,136.83166909538573
1624,54.13333333333333,106.01751973129855,105.18827457350652,49.06609319423149,49.08551497381694,168.5970920338041,171.82074861126955,128.68954058068886,136.98083626478876
1625,54.166666666666664,105.43234157564271,105.17517438041442,49.14483685455062,49.19202538446701,169.0487632774866,171.59805454029527,131.29676373903672,137.62527771880738
1626,54.2,105.35836953287527,105.05378762945827,49.53006402552171,47.74947595554109,169.1449801494065,171.60776419369097,131.81684159691002,137.68277677011486
1627,54.233333333333334,104.99051513021816,105.38427294655949,49.63890972430576,48.592107464048176,168.66029294670332,171.967324946171,130.19649868288732,136.9690340993001
1628,54.266666666666666,105.9551040102497,105.8215677387214,51.3208928814338,49.22488519788097,168.16462455515168,169.36345688462376,128.9423024676824,139.44545837826192
1629,54.3,105.94796988810343,106.55255642971176,51.256548823548286,49.50655835014173,169.04324601132765,171.4393338985044,130.86762202770302,137.71234364661015
1630,54.333333333333336,105.10848672379743,106.82864171035331,50.79242412774418,51.88827058168346,168.94529488566553,172.65013413407837,130.896261583745,135.90655598549222
1631,54.36666666666667,104.95895564064656,106.80354742299896,50.11788264637033,52.03690212750129,169.22845812363013,172.5923223866351,134.19678877676242,137.1404920087567
1632,54.4,103.7912790944344,106.86696708180733,48.91684051941553,51.6079765652066,169.30096353638183,172.39175889261324,135.27950062282028,137.6379882557675
1633,54.43333333333333,104.28979283495677,107.64658396434768,48.63245011278086,50.87485327315061,169.5538145299262,171.78170632300876,132.42630163966527,137.57827882357932
1634,54.46666666666667,105.08701889502801,107.67117591582696,49.02384925488751,49.78007502686458,169.64214946105844,171.36858135267133,132.0926497796636,137.38073224526383
1635,54.5,104.85483852100128,107.30067357316314,49.35049112282677,50.29128457197648,169.7338512266362,172.30073527966837,131.7603565486024,136.02875725785523
1636,54.53333333333333,104.93400289272718,107.48273521604936,50.907529758895656,56.51240615256668,168.93498480188197,172.50363878193548,129.62486959316396,136.6695989024362
1637,54.56666666666667,106.30407952397412,106.44389407533313,52.079308939830824,56.2249651500277,169.37997666939543,172.2508779272697,131.1768165288587,135.69211822185576
1638,54.6,107.4285189599297,106.162045056462,53.60259609224611,57.37189805268687,168.97383105142714,171.25735007587537,131.6180779662068,134.75517589090776
1639,54.63333333333333,108.6923995322024,108.08208336147932,54.59367102297797,58.9261106514591,169.2800382385598,170.63462334410306,131.82914442862022,133.66725191170033
1640,54.666666666666664,107.25189054569711,108.35409514712025,53.50485925235498,60.3283058867133,170.01790232523368,171.43927760558148,136.00412350327153,134.62806895007594
1641,54.7,108.33927671512465,110.81379451178829,57.03838662659308,64.6259659765181,169.53546222466125,169.65331731820962,133.02141081544985,132.52470098078564
1642,54.733333333333334,111.19612911749883,113.11075896902747,60.693022528584635,66.10781996061057,168.16270987845718,169.27416093390292,130.49232004778466,132.40217423567717
1643,54.766666666666666,115.39018420272035,117.26053447935917,64.82484149800733,69.54069228541623,167.84191504343514,169.31417130224975,128.68357759189203,130.59242348634112
1644,54.8,117.41610568132005,116.22879062851123,68.34082771321447,71.64603207708706,168.91068313979758,168.78706279136856,133.16092259726304,130.75416462390527
1645,54.833333333333336,117.22601087006207,114.9010427273694,72.30900371190579,74.67923026776275,168.16541679060254,167.18372883066766,135.08447018832962,131.18461299279986
1646,54.86666666666667,116.91000103367264,114.45589262317185,75.9450156770591,76.64908966969269,166.37568639373367,167.09105296298551,133.98439337809467,131.82715590283476
1647,54.9,119.54265234902333,116.70276625018187,78.96156146293524,79.18384093918768,166.0895827175253,166.80253668899078,133.91211427519062,131.73744659799547
1648,54.93333333333333,118.56762367054844,122.89779051153096,78.70241577197407,83.25463927137966,167.95315036186827,168.21850471478868,134.22079160246875,133.14961813693532
1649,54.96666666666667,118.76596886649796,125.01556371723554,76.9752851930167,85.73355052752552,170.9032372228527,169.18942404180433,137.3819685966637,134.3611903313789
1650,55.0,123.22119103470135,130.57386604785975,80.41177305559499,90.48107457964475,171.216230549674,168.73517588475843,137.26943368283878,135.6715817595253
1651,55.03333333333333,120.09896625054832,128.94386479628463,84.64765987422123,92.08586755530827,170.9270654416635,169.54847772053557,138.4772349427083,137.87297488901567
1652,55.06666666666667,123.69776064080193,128.5018883360952,88.54376648351081,96.32813811548306,170.72942349174176,167.9062130156193,138.364926682187,136.93994750708012
1653,55.1,123.4108896935096,127.32691223995195,92.27045230089894,100.25636546142991,170.48388402145704,168.73787629828487,139.76686285410474,138.50441008539102
1654,55.13333333333333,124.83697000897901,121.24719367783837,94.35137843983443,99.03950246660855,170.59435722844123,167.49279474667705,142.75067150082032,136.796153572118
1655,55.166666666666664,124.1538188734927,125.29832216834203,97.00202148813771,101.55619502562219,170.3898174525621,167.84620232287264,142.77251837514058,138.34424294002645
1656,55.2,128.0353594145825,131.02067711552198,101.80056594869562,109.22681527300404,169.20386880500934,166.2018746904788,141.3747567557525,137.86824135622967
1657,55.233333333333334,131.1141464636135,135.59651509734124,104.61044372977449,110.94209597709245,169.77435721199157,166.65303464962773,142.65812628444664,138.9661932826409
1658,55.266666666666666,132.51375425526882,137.7081207706437,105.942358094601,112.20632983051532,170.23473851238242,167.09104073441767,143.49902862814335,140.2983086068562
1659,55.3,131.04434256433495,135.17498804894436,108.01121311603318,114.9989884942624,170.47378559048508,167.12631278606403,143.94209495813914,139.10691184885073
1660,55.333333333333336,133.55576223634355,135.111859852859,111.56491239417412,118.55398106300679,170.66890344396492,166.88485904118104,145.86519062951,140.63149568248215
1661,55.36666666666667,131.67187116728257,135.9815549341383,114.60766738277253,125.68148579764679,170.74270514835945,168.45865275703616,146.4053318367851,142.32079967317827
1662,55.4,135.0717079658113,137.13952287800672,118.88965927782694,130.40331987974332,170.72673992229156,166.94157193060337,146.56773983481227,141.1183449562776
1663,55.43333333333333,130.65948310469363,132.32990519603973,121.95043125462665,127.47899092059347,170.53139792275994,165.22797271876354,149.578712691338,143.62048087976004
1664,55.46666666666667,129.5902334985003,126.45798514745901,122.80207974490183,126.26282151229489,167.84657927369355,164.716060959513,144.19422100591905,142.93855241278408
1665,55.5,129.2981591270493,105.96557674758023,124.08893110911683,53.485831233200734,163.81149600437982,162.33481221303958,142.2071028579982,145.89830962008872
1666,55.53333333333333,131.09635745940156,116.46239041289228,126.45339436495685,42.54736348776963,157.64125800456088,159.0502781566373,137.0913949030381,144.20418678068668
1667,55.56666666666667,122.61959466078072,91.39800774548695,121.79264202027291,49.20190237164901,161.9970464666769,157.92043423602166,141.16749957210138,143.53386338427313
1668,55.6,124.65476892940856,128.98127833866846,121.937744052909,34.42586400493534,163.10291324030788,158.12209146435208,141.46768967979577,143.87656764415098
1669,55.63333333333333,130.07158242304112,93.27600110022527,124.29407769865679,35.038574183549805,167.8215379933443,162.9523032643052,143.38634788421584,144.01576809168662
1670,55.666666666666664,132.09432893357143,100.68388874135385,126.67996490823519,41.05301397088495,168.4885465879862,163.00177276410304,138.38811464292286,143.1013445398021
1671,55.7,138.85998038145684,124.71042758311563,127.3242439450728,31.563455638641525,172.01328918872153,165.1214491220884,141.75290733487552,143.48084458225324
1672,55.733333333333334,139.00647008979297,81.97113478637876,129.41618994602322,47.11376930538862,172.44227337084433,165.7867594712111,142.1212606688983,144.30044911357265
1673,55.766666666666666,141.8261066724812,136.65548431575914,128.8965551413542,116.53629363256009,174.19657479117149,169.32380357634457,142.93075205140542,145.35295283272347
1674,55.8,143.67224797725248,140.8545634887584,131.46461630999772,127.88268113816098,170.4278248135129,169.6247680678269,138.10873628662532,146.90800383378763
1675,55.833333333333336,145.31147476130928,146.63262096596014,132.59940295632538,133.2051281145814,169.2655782865371,168.83729979539524,137.62137551408262,148.99384735889942
1676,55.86666666666667,147.60908863732507,148.31454724894758,134.3013839306418,131.11406469628582,160.191043982451,166.0703853657898,134.155830890982,146.08681519867048
1677,55.9,144.42243950593368,146.05735323472157,132.95364013320815,131.99338702024428,168.32245337665876,166.85689284674984,138.8738629225218,146.24156900942597
1678,55.93333333333333,146.08152100242745,147.05905816096504,131.92360077370523,128.09743671922584,167.90842476591703,167.70024004267785,134.10392248401283,143.63189179351969
1679,55.96666666666667,148.9808816706911,157.0249409363193,130.0592048838098,134.15844921647746,171.707000847982,167.38586600589397,138.33361517927395,149.01450095887014
1680,56.0,148.06787887275937,145.31490459481554,137.0733276569772,128.55623587685565,155.38190084575973,167.28786801438667,130.29044952101196,145.9949301043648
1681,56.03333333333333,145.3988525104085,136.02039594345106,137.2897207570152,127.62257947829127,157.2370648355529,168.47874970821053,123.75952039578493,144.1396387490165
1682,56.06666666666667,147.68252795307814,128.09457018674593,139.4465614520433,116.53846535622868,142.1432066782082,165.67707666870425,118.89436622002917,144.12815083538064
1683,56.1,148.53303814735142,149.96205685125878,138.99488225168912,143.09648291251702,150.2824886168337,172.34347835656837,123.74816817021137,152.46319209007575
1684,56.13333333333333,148.20031563562534,140.0977023548543,139.2075127495162,115.26535078174713,150.0016223515424,171.03759658333817,124.72836734669171,150.62393715769053
1685,56.166666666666664,150.25677891457522,136.79634799901444,138.60121777561596,127.77523420230997,153.41586481913208,172.95694982957102,123.89328760070231,151.21132067570284
1686,56.2,152.2486226925217,138.3171747597482,138.44274865527692,130.11436561942628,151.50870742696367,173.61844467841303,122.93940640301756,151.55758085149174
1687,56.233333333333334,147.50228361473705,127.25407865281622,139.76204072418506,89.9036580858822,135.58995739110514,170.15163915890363,115.47843166625725,151.24417531456007
1688,56.266666666666666,149.4448330649555,124.60263236035713,141.5319074857354,100.84881322518571,140.40933974236657,167.08671753630983,119.68633902345562,148.77347230693115
1689,56.3,147.7467934747694,115.00839087920637,142.0291303565643,82.23060477029313,126.253953429645,154.8079784330261,109.52528962719732,138.35236912929082
1690,56.333333333333336,143.40560484514046,103.83201542969921,138.99876554592166,84.11559860450326,130.79825044937104,154.83823184461414,115.12555176134254,141.83520951127684
1691,56.36666666666667,144.55260426712783,74.69868802622184,136.83490333476414,56.51290866250503,129.85986816080046,156.65569190942327,120.12240808500385,148.00708021281795
1692,56.4,141.64020798784296,85.2557655755935,134.1642799394632,40.43498538564124,124.42345252931102,154.59234159113637,114.9110690224521,146.92264805111535
1693,56.43333333333333,140.51630794231573,106.24989111794774,136.26072299282177,120.6168883841628,168.01882069389814,154.79146208853163,141.60874547029746,138.73752078201542
1694,56.46666666666667,133.66580213311687,126.85044185233852,136.75515671429443,78.40238905590635,162.32501191182558,164.92878150371973,134.71779362944437,144.8162168065452
1695,56.5,133.14483592573802,134.83054571710443,132.7295972419344,43.92054988808319,146.43453436204047,161.0706782075111,128.7006338176192,147.506601461072
1696,56.53333333333333,140.72879029932392,113.10603954400395,138.13934311455935,36.865690272364546,144.9696148361418,160.8766760967289,124.60394904563906,145.50905298866405
1697,56.56666666666667,142.23978005116916,100.05062677596895,137.8375475757549,38.750326356222814,161.84168727971067,162.79897605508614,135.65020365395864,144.09275519004404
1698,56.6,145.51272730161435,137.18184456882815,139.5518302316205,41.731254097550455,149.2894341813075,161.53000459513794,125.4370269308192,146.0579590228635
1699,56.63333333333333,145.80302311542894,138.5290376125517,138.27375434563982,42.089569588450026,149.85992793021848,157.08468867988154,123.14608109826244,139.52041995746237
1700,56.666666666666664,145.33953225890315,125.27257398148588,136.6748820244335,40.96712763235748,153.46448542958674,157.68441142342053,128.3691980149814,139.52922018163224
1701,56.7,142.95806979647776,128.09726705486878,132.22202491268385,53.622223100233896,162.52172887310445,156.33434310028008,139.25355296493404,138.57794176043254
1702,56.733333333333334,144.2770576953405,134.52655756217615,130.09732388721417,34.497212777893125,160.44813296522076,156.43950006194348,134.25765916426934,138.8775938820228
1703,56.766666666666666,141.45783221092412,113.64359118114258,128.05506499183718,67.00279823055743,160.23188834608223,155.45393591507977,135.54467787332106,137.81642901171264
1704,56.8,139.08587873762247,103.10906408887593,123.43593080791885,89.39309277843974,166.70990665350067,157.87185437824556,141.53799890350675,138.60195890773434
1705,56.833333333333336,138.8417040116036,109.61837333647972,124.08560637695916,104.84846191756472,166.3886490853521,160.59925794030698,141.5777646014,137.81337847920852
1706,56.86666666666667,136.5095971267777,120.3714092449567,115.9603170820993,103.6810565383345,168.8175957494374,169.72217913410012,142.07764048834517,139.33436227470654
1707,56.9,133.21586390017285,118.22344187003104,114.30886317522379,106.69919418483988,168.46320077808656,169.07522935036133,143.12568977381582,140.6040515851768
1708,56.93333333333333,133.30756861361482,122.5790824437463,109.07903583837606,103.84274391741027,168.3736441914438,169.25427331795967,142.13709039700032,140.28651842771026
1709,56.96666666666667,132.77895397768316,131.19291646144114,108.85749843283344,106.05624357011473,167.16807939113218,170.0070945576652,141.67129382346047,142.56316766444849
1710,57.0,129.72446019404538,127.07975561165775,105.35963363002634,104.04189114182677,166.82744352097683,170.45530787264957,140.06766889610864,140.76546470261906
1711,57.03333333333333,128.39723717853298,126.14738690950453,99.80646834964813,99.57921939035865,167.89578241157076,170.86791392451354,140.59429275067694,139.03770107346494
1712,57.06666666666667,125.42696812068961,123.17351013891707,96.7662308956269,98.96807616261263,166.97255459708055,170.58710044881403,140.89523945659482,138.52393943044342
1713,57.1,124.15711819844373,118.27818858183373,96.06102719363491,96.3600531805569,166.45001197532926,170.02896815488884,140.79549038441453,139.43194743525495
1714,57.13333333333333,122.31887909453783,117.23561988986312,93.21079726919093,89.33107565580147,164.82985439370907,170.07026443076862,137.90259877188697,139.52255510447173
1715,57.166666666666664,118.96176930946739,113.32699367428347,90.23265192983169,84.99871704543659,163.92199683877598,169.50830707792542,137.38749008832377,139.08784036229994
1716,57.2,119.33204081460518,117.55599142218503,86.06725817994437,83.34143481940043,165.04729603417658,170.3761811865654,136.7631563565411,138.43862281327677
1717,57.233333333333334,120.98007209190672,121.5085487600808,81.15396443673541,83.21445346538297,166.728366564786,169.2041115224749,135.40621019847924,136.20658409712487
1718,57.266666666666666,118.09833559803869,115.10822451732736,78.49020991150952,77.98270225483313,168.28079026764536,169.97253413145026,138.62856619329355,137.43572923994287
1719,57.3,117.83183149831017,113.08824544923733,78.49716243456643,77.53183362713456,168.62197893140052,169.00778932475424,140.50886162812205,138.26500704665196
1720,57.333333333333336,119.39542304036713,112.28072807796805,77.45043251986537,75.81198562755424,168.89640075581724,169.11841547502033,139.29320503785524,137.97764195330393
1721,57.36666666666667,119.45990070347668,109.93118174256635,77.23127461851561,73.45938039395843,168.7294748678419,169.01726350204655,139.15258365888343,136.4016349905412
1722,57.4,118.7760807316242,109.28217920385862,74.20073388445608,70.09284714105557,168.29055817110665,170.2920521738907,137.0874982368077,136.54807720541103
1723,57.43333333333333,115.29769320719443,108.19340464960456,70.70404002164815,67.28326599716155,167.0735297519291,170.53865387902238,133.39706411515834,135.93288662462248
1724,57.46666666666667,113.99376520236878,109.63751884537741,68.42572445209528,65.38017252742291,165.90413838814828,171.0601200735402,129.71438353805024,135.448922517812
1725,57.5,115.211293447837,111.83526884786276,68.58468976847264,65.67382598236826,165.27713061093434,170.9519531811023,128.08107629141958,134.18932184720074
1726,57.53333333333333,114.66852288244098,112.2675880857158,68.48755454079217,65.92619046308769,164.85776169332607,171.44916232332832,128.14787579617624,134.44069625022058
1727,57.56666666666667,114.27405949649261,111.1931368450743,67.30237170965327,64.43149790990168,164.49575536908745,171.37264200798714,127.35655756401562,134.48173555952863
1728,57.6,113.42282069642127,110.61097036402387,65.8519772140959,63.814082442665374,164.03646824107668,171.49006446129167,126.63768531831586,134.28799619865865
1729,57.63333333333333,114.18783821860944,111.81979657275548,63.850506267602874,63.222177990651886,164.21448599771935,171.32281652591314,125.3574197501075,133.64021038957418
1730,57.666666666666664,113.4426903035975,112.1292789906163,58.658430502633834,61.49865538081051,166.3453465009861,171.49035564151336,127.27926675197165,134.4388818360502
1731,57.7,113.41950268299061,112.8282401361401,58.48164458447028,59.14054273372822,165.64313932115428,172.10607735321682,126.37495321628708,134.20832867984979
1732,57.733333333333334,113.22516864445569,112.56301562570215,57.59525921860012,58.799660046205446,166.017532010831,171.8818007159346,126.81245436110716,134.48179687145367
1733,57.766666666666666,114.24113211926655,111.85772475473303,58.56608461826498,57.97011235665742,165.1133356536357,171.59813513379365,125.0114320481939,133.999581354841
1734,57.8,114.24010553554979,112.57451892024358,57.86608823613533,57.195959373062436,165.2543661859788,171.9827346122765,125.15021834171694,133.81866207081495
1735,57.833333333333336,114.56375983825359,112.69131848131816,57.57638556220313,56.64516455806521,165.04736176079095,171.86894387648277,124.3205350113041,133.60932211137683
1736,57.86666666666667,112.44354610918565,112.27653901595295,54.94454438503251,57.179576546682746,164.9016196150259,171.36814348287263,124.09373018182683,133.69645699074493
1737,57.9,111.51763330532869,111.3322127999849,53.560533922709624,56.18796328013226,165.29839133402183,171.4806339597572,124.28654634764196,133.81397046605338
1738,57.93333333333333,112.16505072607369,110.45728361464893,52.953065286683426,54.92800486900681,166.59851174162822,172.5138401346407,126.92409194180439,135.29265900777773
1739,57.96666666666667,111.40408720453712,108.66753838265402,52.56349048950849,54.2431841005547,166.42445014111436,172.9937783990518,126.86072434026906,136.91121556261433
1740,58.0,111.64407335361486,108.41564824319995,52.3683206919761,52.193792682557394,166.39231642622994,173.10297798841768,126.17536542654186,136.24210581913655
1741,58.03333333333333,110.61461225566599,107.97773117698239,52.02295898318271,52.916666495557415,166.17157426517488,173.00721526058948,125.72360316091982,136.00182767370566
1742,58.06666666666667,112.20916811735424,108.86267583564417,54.33921807385099,53.35782110596149,165.46307496751592,172.92346635431807,125.00450331407515,135.87190071137738
1743,58.1,111.66891578255107,109.46045226345778,54.32932722045215,54.21771510383012,165.0749517760966,172.80572174358437,124.23292277950303,135.91168566767547
1744,58.13333333333333,111.36631996310823,109.01154780452171,54.427355498717375,55.74091510276881,164.8166859810708,172.2604908145597,124.03456191085633,135.3389003874947
1745,58.166666666666664,111.30490143230634,109.40231360628053,54.08998398994516,53.91336057724323,164.4473676397178,172.75540075608163,123.4131803628659,135.35303295542835
1746,58.2,111.31602172753043,109.54191266989484,54.312193624357754,54.21030846763692,164.51513304839173,172.39535172226476,123.54468193533941,135.20962516848135
1747,58.233333333333334,111.02199700871797,109.1641689750999,54.33718677173432,54.75364628671695,164.38579962794302,172.01233165154557,123.64514666677275,135.0244189546682
1748,58.266666666666666,110.88848602948792,108.99057607537821,54.42560099597676,55.039917872333284,164.2572541332858,171.88625115950214,123.6283699085929,135.018938131697
1749,58.3,109.64919888045257,109.01662960177232,52.81204108576189,55.547617899844404,164.9733333537214,171.32714052784442,124.55633736023513,134.62872886668404
1750,58.333333333333336,109.5026959841637,109.35682116771699,52.384053572791906,55.75176055338682,165.49892476203487,171.5992492167163,125.43955492361341,134.71905215246096
1751,58.36666666666667,109.8031929114605,109.27052410164548,53.57863885827956,55.91700728290842,164.66666673784385,171.83951579620643,123.80260171820652,134.53719917623116
1752,58.4,110.07174825397485,108.8664144954751,53.92735963801233,55.946543135295464,164.6145509767046,172.0897299875287,123.64326991374281,134.4962674646847
1753,58.43333333333333,110.25004985140826,107.9027320683239,54.46858157004667,56.07276012807809,164.2345117488866,170.88132601370526,122.95268913955847,132.83769961866466
1754,58.46666666666667,109.221943162818,108.71236275446749,53.13180643281465,56.99168955307866,165.06455759622963,170.6747188830187,124.55460357745784,133.40662087024268
1755,58.5,110.54321439650876,108.47935173840176,54.14214880829267,57.29886262517252,165.1876758284347,170.69591430544824,124.27299381677831,132.90090191661184
1756,58.53333333333333,110.30502832527999,107.85979632911007,55.68066127134743,57.93117331453026,164.8973572355102,170.9755792186646,124.42956466891411,132.98192195386684
1757,58.56666666666667,112.423060940379,108.23414169809617,57.99286241426265,57.880136590481975,164.9037908976211,171.63742060834673,124.29363576786177,132.81174503627807
1758,58.6,111.52017332888799,108.2037321532605,60.33748660300052,59.8327277151144,163.7182479187674,170.8413084103399,124.02691544387366,132.71371421812134
1759,58.63333333333333,112.32729142448541,110.54318041993533,64.23531530055344,63.813917324296725,163.25673790250713,171.19174538002596,124.44003178898205,133.3584823338568
1760,58.666666666666664,112.3267350696424,111.97189762636143,67.28486956149968,68.50457795185402,162.50862860814,170.44796049221515,124.63874890729039,133.66428578654933
1761,58.7,113.72320431227146,114.16779516366387,70.72234678511012,73.14694328000164,161.84587658597428,169.74509834676985,124.84034128610685,133.95125024454197
1762,58.733333333333334,116.1887035687099,116.98162052967533,74.87629680079394,76.84165526106128,161.9748281307531,169.06530604120437,126.14598723761901,134.30266233221428
1763,58.766666666666666,118.09813606724384,119.62039331306326,76.4630528462505,79.75441633458802,162.19640841313682,167.1060993266919,126.12794912153558,133.310168772973
1764,58.8,118.98533069397196,119.95721879287977,78.05394939952943,81.03846361727123,161.82996236860382,166.0800731348333,126.03474746507395,132.23444186690125
1765,58.833333333333336,118.50691562232784,121.74515933576305,79.43617334931628,84.4467014103299,163.51972213424085,165.72793772632295,128.75888187421316,131.89110219340915
1766,58.86666666666667,118.69059511236593,120.97527788101739,81.65982424178715,86.92160261783329,165.95533355620282,166.20115429258124,133.18593070891217,132.9308142139959
1767,58.9,121.85535837044446,123.24505636773088,85.88714943788298,90.0400225375577,166.70637035384635,167.6316060132671,133.74206671822645,134.83740779868563
1768,58.93333333333333,123.02577151043636,123.38976987985467,90.9393351526432,93.30356765664158,165.4764002712579,167.79564514681852,133.63059323130338,135.76809521611716
1769,58.96666666666667,126.63340012378023,121.92021673687677,96.39590807483373,97.01590731020951,164.7289134765978,167.84186105802223,134.53296826573307,136.73036469326897
1770,59.0,127.83814846859315,121.69093118960042,100.01924387769114,99.91880008752464,163.63548643713557,167.01953789029182,134.30648826866945,137.02626553751344
1771,59.03333333333333,129.30636444921606,123.20719864804205,103.37448617009899,102.5465731932642,164.3243947616849,167.97732194369374,135.53998377957345,138.1344767574921
1772,59.06666666666667,130.64093120448948,123.54198787020924,106.85059612829842,106.07951774908913,164.94132738419174,169.216523663918,135.7442304914299,139.63411424667777
1773,59.1,130.9301564990095,122.24212088712048,109.69727702010526,107.768940198523,165.20068699324494,169.56824837302148,136.31883024995486,139.8674080034478
1774,59.13333333333333,132.56976385113583,124.16455162445308,112.66907931300865,111.22485180379631,167.1323765064907,168.82477148350392,138.13814125719966,139.86078060856386
1775,59.166666666666664,131.50348245052857,124.73722052091927,114.67570606109547,113.97752463444,168.35389536507404,169.54180159983378,140.85679973186922,141.21032585365197
1776,59.2,131.5530957527658,126.28405628944611,116.8968362422934,116.43089093036669,168.72303502989163,170.31489297159357,140.19329599538173,141.90075723162738
1777,59.233333333333334,133.0455154650195,127.17309440590908,119.48933488858822,119.42798383062241,168.56899012266115,170.27412683858796,139.78685458976176,141.18289887165423
1778,59.266666666666666,135.8640019940769,130.35407340019464,123.65821828521997,123.03613767930302,168.11564461412678,169.86067904220687,139.38915362411814,140.9566130859501
1779,59.3,134.72849078928488,131.30521817831476,126.32065382393398,126.22770335416351,168.627552393657,169.46984267083926,140.73437047591736,141.20488166669085
1780,59.333333333333336,136.794788319317,131.8843774701402,127.40143802771006,126.87479133488776,168.4723869425067,169.0002318104028,140.58063457552433,141.70184523983005
1781,59.36666666666667,137.83475570599674,133.00916725911654,129.07992423501477,128.67328944451808,168.511345368413,169.0713625727683,141.07264660468977,141.90613580056143
1782,59.4,137.85727574161436,133.7369785801451,134.13470923314418,131.3258887102627,166.06007935767892,167.6817968334368,138.93583053700434,141.34943052344954
1783,59.43333333333333,139.36411091835174,133.35834122390756,136.10773006975842,131.7302016569621,166.41137831603666,168.0234724672072,139.9717722666203,141.51007192704046
1784,59.46666666666667,139.69801567198812,134.50777847052612,136.785244270938,131.33122749739175,164.92034263786348,163.6411704627635,137.83428411511358,137.6615519330762
1785,59.5,141.01260189324108,136.8803212559637,139.54791494965792,135.32510433616088,164.34581184489176,163.2675731770903,138.03173262811057,138.62636231673343
1786,59.53333333333333,142.3969124605015,137.1340873330366,142.3846670991107,136.12825646580077,163.54468398128733,160.93252620079664,136.32029551939365,137.2234858878442
1787,59.56666666666667,142.70031625834437,137.92869783530097,143.05116183717175,136.9543422929555,163.66820916252476,161.8042171390316,137.1620223700135,137.8582008254363
1788,59.6,143.41456230329683,139.92483293337312,143.12369503588627,139.0887181405277,161.89542384649906,162.8628446442886,134.27402853187186,138.86093580155162
1789,59.63333333333333,143.53126179560715,141.29035901957837,143.71730777259833,139.853011906315,161.9839182393874,162.84838248493762,134.3082044580823,138.58434634457114
1790,59.666666666666664,143.80983636810979,142.6054309218415,145.03618723701982,141.59268869995768,162.40112367297618,162.31017745153585,134.89680759766878,138.70513348372066
1791,59.7,145.90286001240622,144.68072107806663,145.88094646898222,143.0847253545374,161.76610588789762,162.22078422881776,134.41063250138177,138.23844183636052
1792,59.733333333333334,148.8455775174931,146.00674660509173,147.7270383862813,143.7129412828643,161.79858215261166,164.65185114680378,135.88545603132295,139.12222239176418
1793,59.766666666666666,153.8190243225491,148.81039721451614,149.40757359453144,143.62479448128067,159.76716580070573,168.5846027355873,135.73082074517967,142.45742193143084
1794,59.8,153.28291568090359,149.88110683739745,149.65800315745037,144.32807788434232,161.6447327081197,168.2593773797245,135.61408803113784,141.67168478960647
1795,59.833333333333336,153.48736036041325,151.32259451141306,149.79238955587826,146.2528283872435,158.93567937261903,168.5256328679416,133.62214321467755,142.16410327692546
1796,59.86666666666667,154.57486829901399,151.5354125964611,150.70190005570208,145.90523108645436,159.74565402943244,166.99772853072596,133.77110623212448,141.59393265681607
1797,59.9,156.32058472958138,151.6869528620329,151.5600839783297,145.75082470787774,159.52520800802066,165.90055966867018,133.64180590932105,140.5575196024985
1798,59.93333333333333,156.89374902484377,152.51855906674456,151.15018910418218,146.5721086713295,159.3773022027551,167.6409604037866,134.3040625116361,141.3626497137433
1799,59.96666666666667,155.54511118512048,152.19064993584257,151.21141137702946,146.43493004837677,162.2013042532799,165.6071622658798,136.49660063104136,139.9249207677175
1800,60.0,155.60333017267945,151.6705535191742,150.52070547349103,145.86926551787457,163.26482630587518,167.0720415898516,136.4970966898745,140.59447412939758
1801,60.03333333333333,155.43106813104652,151.65063853706144,150.43298866909967,145.94133944508448,162.5806686853515,166.94242042459823,135.68918701465708,140.67625789201944
1802,60.06666666666667,155.72512194088924,151.71049071625373,150.4135403421196,145.78707792698896,162.89985318530307,165.94380513503253,136.5284590328054,140.2424052215658
1803,60.1,156.00218124608588,151.9630539056556,150.10612512683252,145.8207213694049,162.87878035076346,166.09146959495735,136.68436811712255,140.1643087195383
1804,60.13333333333333,155.756686615158,152.12177673421348,150.05948446280672,146.27819956230596,162.88746559130595,165.36391983233682,136.32663938979803,139.88265283763047
1805,60.166666666666664,155.3027721372673,151.93929535347434,150.20606701870497,146.28597141507097,163.12916013273934,165.3794615298779,136.74321091810168,139.7485529711206
1806,60.2,155.09651791749275,152.0018433662306,150.0975768407867,146.46054535663774,160.61618544642556,167.23590270577301,133.62267884215407,140.91806869004975
1807,60.233333333333334,153.54431507793785,151.83775964428943,149.85580856681645,146.0027468231505,163.72435216043826,167.57534443208664,136.62584547098402,141.23712722974082
1808,60.266666666666666,153.36782071231244,151.85891946078948,149.72226763385626,146.1522337269061,163.35889310546168,166.43132645346486,136.65783502242104,140.52009702971623
1809,60.3,153.422822892533,152.03266863749695,149.61520546935307,145.92766050637735,163.5483027519542,167.22081913826818,136.82439313718208,140.47925675411912
1810,60.333333333333336,153.80757661443613,152.14078204360717,149.52015964417282,146.1568071669342,161.75289354735443,168.42195666823417,135.0116028857373,141.69562695721524
1811,60.36666666666667,153.55303941602392,152.20845430425288,149.7113089722548,146.56673889970264,162.1558428741468,167.44945633625034,136.13180053982154,141.11844814602816
1812,60.4,152.92936506920435,151.97384595605635,149.49456213028793,146.4465923818764,160.98430149287015,168.24698020106285,134.00716137630772,141.47199969235157
1813,60.43333333333333,152.78446713354427,151.7058032259305,149.5028675916231,146.26796112440314,162.33264412722198,164.9139022756214,135.84572927982433,139.4215326166053
1814,60.46666666666667,152.83360896286564,151.70934689044768,149.54347696192923,146.19537402531157,163.05517562574838,164.61856234858843,136.84321992399018,138.95173512409673
1815,60.5,154.1177090364645,152.0542630471762,149.37298939261058,146.24754897286348,161.81948937707415,167.2803593482995,135.92869465098826,141.04528044649675
1816,60.53333333333333,153.83636670967215,152.21949253725842,149.17062762695153,145.5245860119697,161.7683457337867,166.6890366696767,135.26407212997876,140.891417894187
1817,60.56666666666667,153.880124768488,151.79851737896504,149.0409668077988,145.9439462885597,162.36743711934156,167.06279913827322,136.03284998187812,140.73744196924844
1818,60.6,153.3137233392107,151.38905966018314,149.123862799616,145.81483701750503,163.76071243659362,167.54538581194728,139.16190851884733,140.78794941507792
1819,60.63333333333333,153.2331460375569,151.43731110934505,149.23689341883775,145.87938210286214,160.37541199726067,168.1739530941002,133.70037134372382,141.23934240105126
1820,60.666666666666664,152.8184299658133,151.9580343288924,149.45228685920424,146.44053113954095,164.19241356199424,166.16576774885266,138.7455670801417,141.07428607104742
1821,60.7,153.32161041999356,151.84475693352724,150.06415053552703,146.12917288217605,163.6803957759294,167.24253390926987,138.26155095364982,141.64188515882867
1822,60.733333333333334,153.55242491110843,152.25749622031907,149.85049427417817,146.04939465140407,163.53913202034127,167.1992968328527,138.02936852253634,141.69599691879813
1823,60.766666666666666,153.713148226119,151.8758829690004,149.77679320702924,145.73430581633102,163.64863502119258,167.0312686356351,138.5628437861457,141.710247661046
1824,60.8,153.1924750149879,151.71812019580122,149.82373475033464,146.47594155440316,162.82016361431127,165.958886456005,138.4102477517597,140.81558304880525
1825,60.833333333333336,152.5907109148068,151.16609399893167,149.7313846755679,147.26497974267895,163.63861373789854,165.36481173645575,139.1892951349394,140.6885849040266
1826,60.86666666666667,153.41005639288576,150.86110663709036,149.546227766227,145.78459744145607,162.64731275416779,168.05816805849824,137.14956035536383,140.72406502002283
1827,60.9,153.71373345166796,151.5571421747767,149.68390050834054,146.54719315688533,160.00184567626573,166.92871913935278,135.629160476393,141.04734490187786
1828,60.93333333333333,153.15235641639455,151.19420223831744,149.6768234482587,146.6470242486499,160.86261558673607,166.75554049324313,136.2474082713701,140.6984628373448
1829,60.96666666666667,153.1511621061436,151.51076938359475,149.53618057922466,147.13240738207074,159.81871447873735,166.23392029586563,134.64664288534428,140.73179430877144
1830,61.0,153.8498461951093,151.24738087226288,149.87021339691046,147.24078993637158,161.39777241369873,166.08887045081414,136.75193266820756,140.33300259861448
1831,61.03333333333333,153.63088890225714,151.23045519442059,149.68250921735745,147.13772360498874,160.23224874631342,166.52029715480242,134.53824515882127,140.5719675044599
1832,61.06666666666667,153.39010792145817,151.39738437239308,149.72972230956822,146.51526315046175,160.75687427294807,165.80577351513304,135.33151679634383,140.67908926542185
1833,61.1,153.53993140378074,151.43891830257718,149.91685668368754,146.83805098468284,158.33308725534008,165.52509239987216,133.02056323502256,140.67518430812194
1834,61.13333333333333,152.91254861921297,151.23519356810334,149.5628570372744,146.39860654572476,158.94782221873524,165.91119012285833,133.04356041619496,141.04969464721748
1835,61.166666666666664,152.75025764305173,151.10377033004153,149.5355363540263,146.20273802281807,158.9848721925088,166.17350221549793,132.68184664509678,140.94301182387505
1836,61.2,152.88003636482026,150.67310189925743,149.49909604866846,144.97818407962123,159.15476333608635,166.72653572123642,132.71313954027005,141.09664625953093
1837,61.233333333333334,152.90323799953597,150.3799132684554,149.58213349883627,145.28214312382585,162.50179114667648,166.69558942563373,137.5647341103648,141.00963518071566
1838,61.266666666666666,154.4347413827895,150.3802642834257,149.0311820767057,144.15961501586312,163.16626921153974,167.32941340633386,139.66787156071635,140.23231325673743
1839,61.3,153.22547213573276,149.68865391812778,149.36561804662546,144.9627833823563,162.79358872470843,164.9746338924629,138.89087625065957,139.0891189887664
1840,61.333333333333336,153.3150019683202,149.63714434451097,149.28024786254394,144.96522785894425,160.60496432129779,166.12477641062227,136.15658947484954,140.12976825920833
1841,61.36666666666667,151.25901082123497,149.10569222188587,149.16172650254362,145.1446457412621,162.00995646726957,164.3333694514363,137.13793090987843,139.50485003337107
1842,61.4,150.03466814688687,149.65145957161945,148.25838237251466,145.38760154959093,162.6076752416517,163.7074356515235,138.03484777494126,139.47440410366343
1843,61.43333333333333,149.21549062291797,149.0777187563743,148.11150409567992,145.41460506201844,162.7450007685285,162.97951713175632,138.03227940484945,139.10350384660242
1844,61.46666666666667,149.39212155931784,149.23454393759454,148.1437146455415,145.451675848922,162.60377264321016,163.15669049890346,137.9494817335684,139.3067378690941
1845,61.5,149.94978911020718,149.59434045786352,148.1334302317468,145.77729745032096,161.16355037754843,165.2593214505004,136.43811387747476,140.69913077624452
1846,61.53333333333333,147.64791197172661,149.46549841316656,147.76574100177328,146.09441813295751,161.4951257777596,164.3385715964072,136.55438699686147,140.24851318114136
1847,61.56666666666667,148.8076273372573,149.50263448470182,147.54526005954548,145.38648344610706,161.60360963718165,165.30738130511762,137.02312545534127,140.21972380186355
1848,61.6,149.90534032973315,149.40854874392429,147.4650994456288,145.12699098316753,161.13116335626063,165.43101759980462,137.33921954222515,140.53283368883584
1849,61.63333333333333,150.01128181436914,149.22189994604804,147.48746422665067,144.89799477222672,161.46294976695964,164.3182749580566,137.63963524800067,139.82912822167987
1850,61.666666666666664,148.25725256203378,149.144508769675,146.69732133476688,144.60418683716432,161.99420662021018,162.4012817768386,137.80576456170778,139.4210601423916
1851,61.7,147.41026531260852,148.9543119413019,146.63117686986263,144.4336562665454,162.5325512673213,162.93115846783203,137.22134386721672,139.2612714251646
1852,61.733333333333334,147.66338043863402,149.16755300078447,146.43825647364386,144.76703427805268,162.36553946858734,163.71512825211644,137.34181948581605,139.29494867602412
1853,61.766666666666666,147.97897374352723,148.74826210588475,146.86864255262253,144.90621435710406,162.20738847394247,162.91168370536047,137.21281657261878,138.82864451878723
1854,61.8,148.33033689669915,148.8588231244414,147.13404264977257,145.1323218062902,162.05276451793472,162.9988624528039,138.5096635367261,138.78555653147367
1855,61.833333333333336,148.12663931620838,148.9683476725706,146.62830898894322,144.5359187405761,162.05477520445422,165.24985578717266,138.42257166890084,140.06833023725804
1856,61.86666666666667,146.4707361353595,147.70693998744287,146.71859579750586,145.06740344614968,162.5939874350097,163.2184190520383,138.07725598825303,139.09145670503867
1857,61.9,146.9267920776741,148.1931212862574,146.80736705318714,144.39748410747507,162.81347800562415,164.49496859646757,139.4195117101839,139.50320420574008
1858,61.93333333333333,147.02006932664915,147.86442091734907,147.02257783717602,144.86794131471362,162.58842124436086,163.5320142148103,139.0098336276462,139.10209267937654
1859,61.96666666666667,147.07909443521504,147.8899292648163,147.1600905592378,144.91853947776474,162.57950346878275,163.5852483348831,139.04247387058564,138.99981541071375
1860,62.0,147.44748736309015,147.945132085718,147.27280154586353,144.61416029077142,162.72081736460223,164.26938683520464,139.07344209210444,138.9693913841923
1861,62.03333333333333,147.53700362805296,148.2512059083354,146.98373506480476,143.30913773967563,162.863732084744,165.6576810613314,139.84761016564062,139.07325695578334
1862,62.06666666666667,148.00618446518757,148.13392192753423,146.9780912046194,143.35634912429535,162.80137888582755,165.53315890230607,139.5795696179992,138.9573180672248
1863,62.1,147.73622407999767,148.00740280418626,146.97202771547913,143.3361379678853,162.74928061051764,165.20232749839636,139.07836933254913,138.82790149638717
1864,62.13333333333333,148.6977698047744,148.0075849370602,146.81323517548944,143.19324769937612,162.24746754526998,165.53684257477917,138.03938379882408,139.0133675426619
1865,62.166666666666664,147.53119907276414,147.8638005167015,146.9511412938188,143.6895568928939,162.84294546920611,164.43065156038253,138.30369683368707,139.31715639392277
1866,62.2,146.5257366619517,147.26871650800888,146.98827697985928,144.66182713294947,162.49019748715259,162.31638059356436,137.89819668724581,138.5299298122827
1867,62.233333333333334,145.57456122334645,147.141186425538,146.84433038419883,144.6651327006457,162.7954813461334,162.3386355802546,137.90716533997778,138.45885858724554
1868,62.266666666666666,146.21181763268905,147.66572081155817,146.80382341560852,144.1400829834032,162.32734854692796,163.23481229033135,137.6225889411719,138.43195342332206
1869,62.3,146.05681547927819,147.71842029064476,146.94865932901337,144.30620069849394,162.80044398519647,163.5117816885228,137.79970379712066,138.16874960503128
1870,62.333333333333336,148.9039950932596,148.16474528943408,146.71181787429535,143.4943477598686,157.51084166459512,165.8216650186704,133.0933463487867,140.6656933175114
1871,62.36666666666667,147.76483852976386,147.91973643597083,146.92242190962912,143.8025133405637,160.33448623065095,163.92962437449967,137.19683863088005,139.7060229066285
1872,62.4,148.04024151131873,147.93030437087842,146.84280156641668,143.39046534622713,160.79269551095533,165.8064143278678,136.58002408362353,140.9396680446459
1873,62.43333333333333,146.68603363321344,147.0909840261893,146.93132895740897,143.46793673780172,163.05951137287911,164.9465849636744,138.75219995622015,140.45117276626476
1874,62.46666666666667,146.7734371581383,147.4839960412805,146.71697707679465,142.6198507346265,162.52093895655136,165.80810835887584,138.20292617264164,140.39078557395314
1875,62.5,148.22453806864556,147.07932427153835,146.90109621410602,142.67538918056425,158.27599164032577,167.84818072602394,131.81812483308198,141.36546377320195
1876,62.53333333333333,148.80260956192677,147.0533665741695,146.34187076562728,142.27786299042808,159.3168648476044,167.460507289655,133.4628185468126,140.62163684520922
1877,62.56666666666667,148.9776346347551,146.6862401338295,146.46257440071648,142.26848456173786,160.90112943708505,166.8072615211946,135.45026047035344,140.2765515898194
1878,62.6,148.62289082143045,146.39393921198865,145.89690622316888,142.04355150056017,160.7733295470553,166.41261923226463,136.23191982340484,139.97545262954037
1879,62.63333333333333,148.34313463809173,146.22209475543252,145.98562885244962,141.39082991311892,160.38915384790786,164.07414424852183,136.90270394443976,139.44649870320967
1880,62.666666666666664,148.4157977696768,145.6304849732739,145.86490604874285,140.92720728344733,160.58060524019817,163.9442584873196,137.23119695824013,139.1279367410453
1881,62.7,146.89038975687944,145.51190959422118,144.87064246604686,140.60522473548255,161.7747029484885,163.8254074306313,137.2978416224356,138.92866183616135
1882,62.733333333333334,146.52304665368604,144.564152935006,143.0255032874405,139.20431521449632,162.6036813934365,164.79889962071817,137.9654620263037,139.2078001613331
1883,62.766666666666666,146.2213012061827,143.72876950876582,142.53090389174352,138.9829736098207,161.95975978539605,164.33795295017637,137.53955132678368,138.99519046995647
1884,62.8,145.5754188662885,142.90495003767506,140.76639134004446,137.73347608719496,163.4978708180729,167.55385527822554,139.6493478755019,141.10580660822077
1885,62.833333333333336,142.77004054207862,142.26017662058626,139.61039396428427,136.9030488120539,164.6952373081542,167.996778235433,141.35875297919185,141.50718450035677
1886,62.86666666666667,145.18328864431544,142.41404058014783,137.4355790832112,135.72885420050955,164.7778769350188,169.28417682550705,141.124899765957,142.12728051325118
1887,62.9,143.1151210478565,141.54973678153618,136.21141447907772,134.85561664322978,164.51972901287672,168.88949095381915,141.1287293474128,141.68459467338175
1888,62.93333333333333,144.8570830241548,141.04392031148257,131.78928415533213,130.86178443904566,165.22451088763597,170.07472420328878,143.11028475635558,141.02498544775418
1889,62.96666666666667,141.71822414037416,140.49958741458343,131.21247118276713,130.37063473500743,163.912264213633,169.61875882385604,140.32691065764618,141.1749542538182
1890,63.0,141.23129545456746,137.1842023899696,127.47189252357714,126.08798272262837,163.2572375471716,171.60726994002513,137.88906875728603,140.560072469502
1891,63.03333333333333,141.8090779796155,138.18093771430182,126.75229228887483,123.8801429790692,162.32135738859668,170.72806732597425,136.92955344419727,140.62113563021418
1892,63.06666666666667,140.53441035778948,135.15467170369584,124.53573019373117,122.75608919927679,162.97628839796874,170.54787470430566,136.6555678560287,140.94587762356284
1893,63.1,139.2356517318696,134.0077236435526,121.67595072543071,122.10193232029575,164.18378056340455,170.91680795945888,138.20503699132703,141.20771730209918
1894,63.13333333333333,136.31669676533127,131.9533989984216,122.57777397528832,121.3553060100653,163.69265328602478,170.26228213779024,137.73905403392789,141.03529180863637
1895,63.166666666666664,136.9429274137746,131.24675248117632,121.27515401942757,119.81088756456293,164.2882403202122,170.29170449831565,137.26270286419432,140.9227532305766
1896,63.2,137.9867203305412,131.7865571014091,118.69466581944013,118.02438312046276,161.70757063382763,170.49992868554102,133.00613221432351,141.0548382297903
1897,63.233333333333334,135.98295114920515,128.1728822066095,117.46751112118756,115.92298851815762,164.1421401915418,170.38296839236367,136.62251142900766,140.84563646097502
1898,63.266666666666666,133.58268224451038,126.59559200437302,115.26134203826932,114.07202614494497,165.48102515648623,171.0837807354868,139.2954015405182,141.3532865581758
1899,63.3,132.75116864649314,126.78502597843271,112.2415051128223,112.42122263018767,165.98769811055698,171.44348100770583,138.91131553269327,141.26544300699956
1900,63.333333333333336,132.2039400360134,125.79585744698443,111.13262357684962,110.90604699671596,164.89276198026553,171.2549446188222,136.8199654991053,140.9799348575645
1901,63.36666666666667,131.05575519375355,126.11620968912077,109.79234205671048,109.50406638638059,165.97499800524895,170.99795821174223,138.87632827953178,140.7251424159873
1902,63.4,131.02612821564213,126.05901024044559,107.09941931567185,107.90646771110137,165.84356763447624,170.09930451884514,138.68783999695222,139.8302103190433
1903,63.43333333333333,130.2476169299711,126.57085666636698,105.30203173931376,106.29730206887895,165.68796540460272,169.25073890785302,139.0374593741922,138.7277829367952
1904,63.46666666666667,129.63224804202105,125.59030367564506,103.76197822083004,103.18374092030788,164.99332813881412,169.39980578674232,137.71646092734906,138.39831368562375
1905,63.5,130.10354638625898,125.82236906263088,103.53369618142288,102.39714515255686,162.93833250491141,168.47196084513206,135.28325054231271,138.28198217045315
1906,63.53333333333333,128.27969967902692,124.82703958611846,101.86355864750486,101.18224682441922,163.33533803844378,168.32995103473866,135.3317893742395,137.79581571565797
1907,63.56666666666667,127.01710395120112,122.37425312110796,99.57772289200994,99.62343289448094,164.96824897048762,168.855509300474,136.6996951165388,137.8770267407661
1908,63.6,125.12338870177109,121.48704331445515,96.63046323136206,98.55746573400127,165.4559831255709,168.4046501742013,136.61340078973546,136.90976919741308
1909,63.63333333333333,124.64413845309916,121.01357745163529,93.90413568041353,95.52342032648978,165.85325657036313,167.73764026168985,136.582506164454,136.12718064696907
1910,63.666666666666664,123.69708393910109,122.70504472151592,91.4398603156519,93.89263463524276,166.3836178351678,167.8651275199074,136.2205079212879,135.8040308888122
1911,63.7,122.17365343681303,122.84962398351087,88.23361838496459,92.06945020523833,167.88573834734865,168.3980737826448,137.3109227417346,135.71950139955115
1912,63.733333333333334,121.20999161966816,121.79207550583043,86.90117598574574,90.13233362302927,167.64097237391155,169.3394018514602,137.15998363518648,136.22044441020682
1913,63.766666666666666,119.72960883479603,121.62733322581336,85.3656499909428,88.95862703716868,166.88108370011747,168.84471575193047,137.15740350530913,136.1431356180069
1914,63.8,120.15687389352517,120.72490845165315,83.08632489211816,86.12140774727767,166.17338516047045,168.17700028343364,135.25165141278316,135.25367480910458
1915,63.833333333333336,119.91201666835103,119.53423332666421,81.39331902261644,84.08479626321311,166.37689492749803,168.20606155990637,135.0489429142212,135.18748872810866
1916,63.86666666666667,120.13167990451953,118.80224584605975,80.42331674873381,81.08308432758598,166.085227487569,168.82744319493938,134.23231422632355,135.02476378277058
1917,63.9,119.84870695883968,115.86069525903902,79.03950215480621,77.74600067821814,165.91838851369982,168.89162663338146,133.84900610126954,135.11587235629776
1918,63.93333333333333,120.11400838289225,119.49646586703558,77.85355862911709,77.70997387556973,164.27130472106325,168.69580084626972,130.4003142409083,134.32541775903985
1919,63.96666666666667,118.52050234425222,117.43501305010541,76.30272119455464,76.29139158964963,164.11364421010347,168.5857927595119,130.00083878132753,134.4011128752126
1920,64.0,116.00295145421536,116.46014283296654,73.83333481470785,74.24164315808832,162.68452478408906,168.6312638088109,127.39427913490668,134.48221771379687
1921,64.03333333333333,113.78564650761064,115.6252823477325,71.15139793627168,71.150050896574,161.71242031594764,169.12338916174718,126.24959591367666,134.01491353400422
1922,64.06666666666666,113.38680090960189,113.76906536225009,70.05623253764914,67.95990066251059,162.28005004807412,170.1423919315525,127.40806789508954,134.10142606271748
1923,64.1,114.98873558698351,112.98320029340732,71.32330335102654,66.5517193676903,158.893674783697,169.9145431903793,123.61086926035078,133.8336478646318
1924,64.13333333333334,113.63370756248477,112.66637308287818,69.57869215742419,65.9352268186495,157.47343775484788,167.620636688283,121.64071230770038,131.82101187056432
1925,64.16666666666667,112.82836952023867,111.5027332511813,67.76984197598108,65.3827619080615,154.59303980797426,167.1716138924344,118.41533110052377,131.5624962861218
1926,64.2,111.89708768846371,109.80555537996169,67.51360211909102,66.0113410278166,152.26857414064565,168.50264883797166,115.91197010090325,131.93726097889504
1927,64.23333333333333,109.43653348223424,107.80766316550572,61.01968703207035,61.14085463013359,161.2316172563618,170.29387382238897,123.24832300578544,132.25845277584443
1928,64.26666666666667,108.65354107743981,106.50399483714908,61.13113189323545,59.64957327840855,160.59390293847053,170.37303005416675,122.6879627387719,132.5066560922092
1929,64.3,107.27488417712317,106.44325487399614,60.06135214147846,62.458613549276905,159.3157347113943,168.9168474752953,121.28337684886293,132.14132605534226
1930,64.33333333333333,107.99976135324438,106.36964323550825,59.473845940011415,61.885525015349835,159.7359189904359,168.8988988148774,121.33241400329243,133.3678692816056
1931,64.36666666666666,107.87635075621264,105.94409776285553,59.50520716494919,61.172445163527875,158.4573128298545,170.166021964416,120.2358413758351,134.248876495008
1932,64.4,108.3299109870294,106.1560636592262,59.223477487244466,60.413069673524596,157.9222583913967,171.51370300006386,118.95549976170447,134.6518657805345
1933,64.43333333333334,108.18346209997807,106.0304281166601,58.274225779226484,59.47497974762399,161.08389889012523,171.35123048599135,122.16005853855931,135.095683563854
1934,64.46666666666667,108.42653760026752,105.89156767034527,58.24335667209556,59.29974908825149,160.41057288903818,171.6647265435731,120.47203869810738,134.84319818925155
1935,64.5,108.2268056522921,106.07860378017844,57.63907680818386,58.977255754137026,159.6483603423316,171.59524123500836,119.45677815668219,134.03146187700293
1936,64.53333333333333,108.6631543036236,106.44526292457036,60.16396922524502,59.50338075475053,158.02651133969755,172.0872573890366,118.83039542854033,134.4438873322188
1937,64.56666666666666,108.73141449467899,106.7109204532922,59.9304076544835,59.143308556682115,158.02962997957968,171.2882889717426,118.606801906008,132.35720183051373
1938,64.6,108.03622574356623,106.62869704119818,59.774546420234984,59.47422273094255,158.21805153236582,172.3283150668285,118.84587489791767,134.95537652831302
1939,64.63333333333334,108.19435914045395,106.23979686079755,59.73089123412334,59.42650376686473,158.75709672965968,171.96991501502168,119.35868271570769,134.01949814410003
1940,64.66666666666667,107.7905985683817,106.20738950696376,58.8551422923456,59.629489181401865,159.37430645511284,172.0598829551146,119.54151276302868,133.22127328740757
1941,64.7,108.51637938567842,105.86168194197161,59.068256109572225,58.997599817363955,159.47721231503874,172.03744464516274,119.86715578741114,133.29069857310688
1942,64.73333333333333,108.53100060269611,105.06602810679739,60.42874398785263,58.146600396189726,160.56204310114512,172.34621491982838,122.33753668239063,133.69494702970292
1943,64.76666666666667,108.74975300462124,105.16678284920853,59.65534309222687,58.1488872011812,161.1815743554435,172.40672299968224,122.3573530010416,133.81474125291507
1944,64.8,108.77228802975024,105.97751136895361,59.70488928918357,59.3394439520256,159.03286318410926,172.22152870076926,119.1549867971965,133.7521097907213
1945,64.83333333333333,109.29310638303068,106.42727662732929,59.558951431902365,59.2617443794772,159.30974598504903,171.9836172967751,119.80234612322847,134.5811319629765
1946,64.86666666666666,109.13539906656794,105.93027825762731,61.060676315741624,58.76226293979748,158.2180149845247,171.83195640393546,119.71646571653991,134.0782288355776
1947,64.9,108.62066370287772,106.00425692722267,61.13415246227461,59.36756099332741,160.20665980709157,171.5373885320421,122.99505839787155,134.90929312712183
1948,64.93333333333334,108.71633754060788,105.94856401426355,60.49403533439986,58.70984199430539,162.1540932015613,171.4324220299218,125.28541571608774,134.90545503371357
1949,64.96666666666667,107.91962490866106,106.43618990106759,61.00908729806811,60.31328470758616,160.51942028651212,172.03974843388872,122.79636919131597,134.70365602102734
1950,65.0,106.96797254834802,106.87046533359988,58.496285746059584,60.25357509183123,163.29254925850668,171.516395766243,125.18778057566362,134.2716659632367
1951,65.03333333333333,107.75976084574243,106.77301062443888,59.70121397115525,61.22363102346243,159.36276150399794,171.36270947647566,119.87283559046088,133.27451075468142
1952,65.06666666666666,107.08522199336964,106.36594860839341,58.78777392664865,59.68764293070726,162.24798848213132,171.87052410269655,123.80095656182422,134.09039642765552
1953,65.1,106.05743323743961,106.84773684147586,61.856792936158605,65.19835301982197,157.08843995997762,169.69530020429863,119.73610555172534,133.06800329392095
1954,65.13333333333334,106.91905506572755,105.88401231383364,62.24422650632055,62.64145656620279,159.4642262567151,169.4929501292214,123.23784169173793,132.24251147933194
1955,65.16666666666667,108.83622244477239,108.19170732117475,64.9173084836519,65.06001769745356,156.83281172811502,168.3437514916561,119.99400372559566,131.12362192990628
1956,65.2,110.56305546652148,109.91512753788702,65.43264644065823,66.3456566922799,158.10454229542765,167.02323548711152,121.21093421578198,130.94200894694495
1957,65.23333333333333,112.41009314305383,113.11867896512207,67.18804300974071,68.69169178675658,159.69616711715832,168.08054089026325,123.03738124336677,131.71681696290705
1958,65.26666666666667,112.67693964171687,113.70621948083357,67.70342167788954,69.26939735722863,158.16464054481196,165.95651519401932,120.97020681546618,130.91265751865947
1959,65.3,114.62709559586845,116.38783085474138,68.97733557393872,72.08972483475729,158.68853290063458,165.40940921319654,120.94803264269531,129.97441327732935
1960,65.33333333333333,118.45703557411927,119.59076198442861,71.85672599189398,75.8154769880108,158.98665482699025,164.7144713724401,121.22292537840654,130.43667577095886
1961,65.36666666666666,120.50506429590116,120.19335439535179,73.9335653762995,76.68922171664903,159.12006819421734,164.63224569341907,121.29724848818033,130.49467235992728
1962,65.4,121.06179041313953,120.56764268554345,75.16310449634189,78.64379366967603,159.6150722217595,163.92144616052423,122.16794106086626,130.47395166492993
1963,65.43333333333334,122.62926967371261,121.13284872821889,77.6654968988619,81.70176951907713,159.75671137465812,162.36498359908305,123.00389849637301,129.9083953256407
1964,65.46666666666667,122.15420608710824,122.12107125342926,78.85638746175933,82.65420728735417,160.36616211907912,163.03142147395022,124.20813050589497,130.53506225688997
1965,65.5,123.15005008687376,124.04187622388788,80.21899585514474,86.12540322691633,161.76621771065732,162.95109766823916,125.97395555910812,131.13648328129963
1966,65.53333333333333,123.22667574166105,124.91203004039231,81.41152476205936,87.18466599127738,161.27812504845755,163.49531316428357,125.40590516960403,131.27797365968706
1967,65.56666666666666,120.61414894766804,125.98914273174667,82.67219225574951,89.41601350005139,162.22308441358766,164.03685645467783,126.76723262608333,131.88676866723486
1968,65.6,121.09368467337822,125.11921540402793,85.18628726786879,91.33292879065661,164.32443190412454,165.70880160487667,129.76615310807384,133.62827833609518
1969,65.63333333333334,123.26614390585155,125.51104417110474,90.65164163940409,95.595576919727,164.02872357406082,165.13986093625434,131.01179279408515,133.67463590567462
1970,65.66666666666667,124.96748077756638,125.5677655513836,94.82320689362108,98.00482010917524,162.8935359357003,165.315617841376,132.1148186611369,134.88468135265194
1971,65.7,127.0941763509932,124.56682069749091,99.1869519770641,100.10875313882073,162.05335756665409,165.2693438780337,132.70575124996307,135.65430168264587
1972,65.73333333333333,127.85696160046942,124.09460557075181,101.4303644749802,102.47155710766216,162.60326916508902,164.15372214902376,133.57972704694504,135.67010965442913
1973,65.76666666666667,131.31225395420086,125.33219563706632,104.65708694449131,104.36359720185044,164.33938741357295,164.95628410957076,135.53007660030494,136.6575436672847
1974,65.8,130.934352983553,122.7008303699869,108.23612710466558,107.87456669162222,163.86601811830573,165.3807625653637,134.72207320125506,137.9409211274605
1975,65.83333333333333,133.0613595241134,124.36337550127233,110.60849181654366,108.8892974357187,165.1019804746565,166.25082200285232,135.6613567151229,138.28837672605607
1976,65.86666666666666,130.80738923067855,124.1783490333074,111.50245795814416,110.84817580439336,166.5455234674219,167.1500003622232,138.37383335351024,139.14956303062985
1977,65.9,132.81540687638025,123.03048310464166,114.10503284620145,112.70047745122956,166.11873300141517,168.09033878618467,137.10765845131363,139.81017614492566
1978,65.93333333333334,134.87390253265804,123.39758993235176,118.05524068413852,114.74038937478768,166.7609188298926,168.81541562768473,138.53840295018682,141.08327149974303
1979,65.96666666666667,136.28809842491438,126.56399501044422,119.81753639835863,116.8908774509464,166.76254835947339,169.30983068173322,138.77404034734025,141.07887524318895
1980,66.0,137.15953433949798,125.23118592545514,123.9574635859374,119.30204065055018,165.6947842100641,170.45502569814852,137.3938931186155,142.70978038393085
1981,66.03333333333333,136.81176632880718,126.48946774565638,124.40192995379898,123.33773986922066,166.23351754979723,169.91328661593278,138.22949815963693,141.80430297344137
1982,66.06666666666666,135.20991378555306,129.00934489715084,126.99793661245725,126.4556161770888,165.84421588172322,168.88418003154231,137.9700664121555,142.121152315592
1983,66.1,136.72005821070485,130.24085262007193,128.60325201480174,127.45865374560418,165.58726042131138,168.722155432565,137.92571830486645,141.67899996875198
1984,66.13333333333334,138.12552994899738,129.8387862804712,129.0022662359578,128.83505253525942,164.4150335628263,169.49865616619593,135.4043718880886,142.06458552564465
1985,66.16666666666667,139.1827575477997,130.77350269095516,133.32162211118793,129.35130698165963,163.73313858603845,169.70320121296248,134.59695942150123,142.0455740694237
1986,66.2,139.0155824028038,134.0574623919302,134.01221824311546,131.28333586352463,165.04998957301478,169.310701659494,134.5301295390123,143.18953564102398
1987,66.23333333333333,141.91817898396062,133.71842457038613,135.88365759672791,130.60914683713014,164.56535204525795,168.53098194136837,135.6890488128721,142.2833709247341
1988,66.26666666666667,142.18553576164197,138.52581126951887,137.56058402951192,134.44769717298266,163.18644548285533,169.5708047224626,137.07764183917774,143.2424136278233
1989,66.3,143.42914418460975,138.3333714137754,138.8944064151638,135.18603286391027,162.62466944255976,168.229303451682,136.28539524612643,142.6066304470198
1990,66.33333333333333,143.58323971343432,140.69502958320507,140.6867833933024,137.38816615426472,163.02998416430313,167.09232816710818,137.12984178702084,141.65937531764337
1991,66.36666666666666,145.20581743752498,141.14878965438976,142.1296011170524,137.37533456005528,162.88271462128205,166.76863389861373,137.58433404599887,141.5588910876621
1992,66.4,146.0118802801515,142.17724115675165,143.07324296843106,139.47567829034793,163.3735768622894,165.8699424480739,137.99541072872339,141.0809112748848
1993,66.43333333333334,145.50477259313698,143.1909918006668,143.90269767295229,140.41350965084968,163.20361060301585,165.22281175154373,138.38317807075373,140.2984960694902
1994,66.46666666666667,147.9552860400706,143.90767391307247,145.37201326069805,141.22251796670002,162.72430344995828,165.2966750864314,138.73160558665631,140.51654855788365
1995,66.5,148.14199902106853,146.3945879333741,144.77552462752635,143.00938301574587,162.7487046171929,165.63833473404338,138.67897212068712,140.52489173378495
1996,66.53333333333333,149.70554843771004,147.61772614708883,145.37151362565982,144.395058650298,161.8387247237394,165.59230997688337,138.9681689030376,140.38125997114577
1997,66.56666666666666,150.54176923978093,148.34850702527834,145.1603456116432,144.4810548327027,162.72823645436006,167.01258189243708,139.45916610975812,140.81344476411985
1998,66.6,150.58953892741155,148.4822795285116,144.42484846575766,143.95339639053236,162.85036218307155,167.43575311056108,139.00151311256812,140.59309715770152
1999,66.63333333333334,151.88251192892605,150.83288778750858,144.76374359990436,144.14153654774879,162.71996650686023,167.12392365050164,138.47149578906908,140.78519451808552
2000,66.66666666666667,151.56379411977798,151.69468606161217,146.15702059086257,145.50893047460679,162.4827313705898,168.81628435786638,137.79624211075154,141.75409780243066
2001,66.7,151.46513505917525,151.4396057425837,146.5696112748002,146.36198939448616,161.6846977931771,170.97594245894243,135.72591549661948,143.54069840998818
2002,66.73333333333333,151.13478395353107,150.95573185445883,147.16813805723865,146.4684183742959,161.1301469382061,170.03424079816472,134.95204554648856,143.22603156626798
2003,66.76666666666667,152.72458738674672,151.29666975232217,147.08672392467653,146.7190772623323,159.46016048059656,169.36067150621352,134.10304636103356,143.05965858394686
2004,66.8,150.98233576891553,151.08093065848786,146.7555790901241,146.77040908841536,160.32167631652464,168.23514331917394,133.9511852681433,141.6764024775964
2005,66.83333333333333,149.70142002734715,152.02791541453763,146.5483689477862,147.37873163118647,161.26421400929652,164.75960514394257,135.34124557218976,139.52249028652275
2006,66.86666666666666,151.10922505888536,151.88056460207372,146.66784671395135,147.49018295893185,160.67950029001122,164.96666856994423,134.70959342794495,139.00600423189837
2007,66.9,150.12466836628204,151.3230341835667,146.32372184320062,147.13500909622363,161.01653718942327,165.0095711136699,134.48803852753628,139.1449854291775
2008,66.93333333333334,151.21615330778224,151.39979892366415,146.499638300781,147.23959405011558,160.49794300386566,165.56727152302824,134.11548405250934,139.7374409797423
2009,66.96666666666667,150.55374617303556,150.9741713856485,146.15354073100468,146.7132027932381,160.71277232524366,166.0142858566156,134.15073863377128,139.91482640235574
2010,67.0,151.27479672042134,151.04387866912234,145.78528779808565,146.784075329197,160.77387678186753,169.04724991322803,134.57624492499667,141.93048450831793
2011,67.03333333333333,150.91048511941347,151.0482132918767,145.8821090484088,147.0640814354579,157.45262354442158,168.18267618769548,130.15119369888004,141.41659721062294
2012,67.06666666666666,151.81216783425552,151.43511834185688,145.5944486068904,146.39437533544907,158.42546670599452,169.72199745936715,131.51620020510083,141.79451928713226
2013,67.1,151.71989902230365,151.29782152090675,145.53792129542774,146.49467909422503,160.10357775358077,168.4770917309724,133.10352420404175,141.42540378103484
2014,67.13333333333334,151.7176842104022,151.36164115526782,145.6059051655379,146.67670593861794,159.14224876142177,168.83637433554694,131.98789791309784,141.5577511837859
2015,67.16666666666667,151.41080146288115,151.19755304848348,145.69436492827677,146.4836407479964,159.32009876247588,168.82270915756692,131.65180245838914,141.7280577475105
2016,67.2,152.28843891582792,151.28096119379993,145.77994961942622,146.60384740583928,158.00794971596028,173.32963588961493,130.93894825248435,145.71153168198776
2017,67.23333333333333,150.34173866515087,151.07723084199353,145.3072153783054,146.1057398731071,158.57472830670218,171.42634991163158,130.6398584590635,143.9719257291858
2018,67.26666666666667,150.11997221900674,151.42434420043867,145.66998624689668,146.43507957387703,157.71800032452865,171.17520359827648,130.52149810798565,144.28752380280795
2019,67.3,150.1529981201855,151.0263917269421,145.37311820112942,146.03710730894943,158.87922263717752,168.90615256523162,131.87553997366967,142.4824491658009
2020,67.33333333333333,149.5701029096363,151.07093433873615,145.0242588953727,145.47310434459263,159.7331873321939,168.5412242651922,132.0453065425012,142.08427904286657
2021,67.36666666666666,149.04579395687594,150.66452743980156,144.66282829892126,145.34661286664692,159.7037069067724,168.19574897518027,132.13356509185937,141.78116839481783
2022,67.4,149.360129364858,150.07519672462834,143.91772038129167,144.33488839509417,159.26231065842478,168.87026800574355,131.4458366834213,142.17028252881474
2023,67.43333333333334,148.08511194390465,149.2097358714632,142.370296986995,143.0432420937762,161.45561529551165,168.7812152991539,134.094260336164,142.22700714444767
2024,67.46666666666667,146.0600755692536,148.0819234302689,141.0558233700464,142.36589894467315,163.69550846195816,168.05831526070278,137.41193983434442,141.5526096592948
2025,67.5,145.34163652929652,146.03892133659375,140.02227823748427,140.3366511437845,164.13601718243993,168.45903831537348,138.42591531429736,141.39564083468898
2026,67.53333333333333,145.62043950594688,144.90247482636377,138.38096714924504,139.2474005701038,163.9214433630142,169.76482911156359,138.9903105113291,142.45904837162882
2027,67.56666666666666,144.82107641082538,142.22439503988915,136.40681367271688,136.42669125707792,164.49230735807228,167.76127113066934,137.96816142540715,140.3646831674633
2028,67.6,144.9607564407822,141.71769755820134,133.91170390991198,134.1889476351646,164.81418653508945,169.89386665968894,139.29867199768987,139.7956601686815
2029,67.63333333333334,142.6929438491525,140.07702260242584,133.1487686210877,134.87826289017997,162.2719845263037,170.2512609289931,135.4279268279266,141.48028715928507
2030,67.66666666666667,141.50905597590992,137.2988640192517,128.3031816996283,129.57800186635743,163.05707742571968,167.48696706763357,135.88132587096524,138.90564361151507
2031,67.7,140.33212679183998,134.56801795340883,125.74846407383264,127.86534231090242,162.73833810265498,167.49032967786172,135.69985763355604,138.6717217531525
2032,67.73333333333333,141.37547971097572,132.98448824011888,123.47784844660626,124.48848393312596,163.58298846898163,168.72822566101271,136.66252285953345,138.91112380108254
2033,67.76666666666667,139.96338595711293,130.36058404511758,122.23538665217608,121.98921052641526,164.1220105269459,168.86847574857737,138.29481395788534,139.50811565992512
2034,67.8,136.38675678739412,127.45348053012938,119.33500029751026,118.76525071141278,162.98325500157364,169.37775416408397,136.38573600890447,140.15692678219924
2035,67.83333333333333,134.401759905979,124.86536090320605,116.64695277708188,116.46788890090771,162.8965955994235,169.36432887259522,135.95117060694162,140.15840448283328
2036,67.86666666666666,132.672506676132,124.75862541381129,113.82212332630255,114.60838365296573,162.30791475124232,171.46869685248424,135.30369708774512,142.25077247524598
2037,67.9,132.5306662444022,123.74571612284876,111.77726448887437,111.74346686177084,162.52577555831712,171.37062080571832,135.3350872014253,142.75572608603918
2038,67.93333333333334,129.9091201123755,122.44664462901001,108.95129752501188,109.26480881005243,165.22224476560183,171.25689877568817,139.49735180807875,142.5628383826127
2039,67.96666666666667,130.37860943014763,122.58746579255019,106.22888091364959,106.19472056779077,166.30085566800673,171.07354162774158,140.10284153651546,140.91736224783773
2040,68.0,130.29651536929836,122.56195917206256,104.43179157175149,102.65521948792875,166.25867705061054,171.54583701715748,139.49941556048287,140.71723894012086
2041,68.03333333333333,128.21569457301473,123.19667522320624,102.38979114788684,102.43004603975346,165.76421338245692,169.97967385642758,138.6428366464193,139.8162590254978
2042,68.06666666666666,127.33900802653307,122.03369453440799,100.57189621020892,101.07653474914144,165.40166912990898,169.251313458875,138.8210314448429,139.27855625638486
2043,68.1,124.77265782429198,118.32651499762805,98.29019988851437,98.33455874799114,165.32795138328973,168.34416693689118,138.44462371801234,138.46528063305686
2044,68.13333333333334,123.86805449006914,119.55846802137225,94.84970466759368,96.28026018915133,166.09437516903617,168.24149850073084,137.88706961834632,137.86652053496533
2045,68.16666666666667,123.56844359360974,122.55962094678857,92.87632643231696,95.88058746061337,166.0737848453488,167.56940660319518,137.6435983206049,136.74403842188616
2046,68.2,121.8354932873941,122.48179754757928,89.86040150654033,95.03659119411714,166.36300804069612,167.73616317573314,136.9096870818383,136.8562265186114
2047,68.23333333333333,119.39832457893819,124.10876310773517,86.57782028971867,93.73319281377795,166.22706734552753,167.8760249958339,135.95545551202446,136.42043213531304
2048,68.26666666666667,119.07049897000644,123.00733719200409,83.41183581242488,90.16643560887016,164.54133453803942,166.71704105178006,132.47633794514587,134.80320330845709
2049,68.3,120.5877093391224,122.9894381022053,81.00642688376486,87.1027302326013,163.92114387002286,166.1602244858262,130.17442503189923,133.59903484078094
2050,68.33333333333333,121.76871100775912,122.160106136039,79.97200896937872,83.99847493253323,162.77033836459194,167.14281462016115,127.46660505674575,133.1283895015408
2051,68.36666666666666,121.31910923169703,120.90412402532966,77.7604080003693,82.47778479077556,162.76869744956124,165.95799420670593,126.20564928557091,131.55211809027264
2052,68.4,119.69351491635568,118.39957198427541,75.85544560479832,79.4192811225655,162.17793126164145,166.13074328931128,125.9050702749888,132.14247060430503
2053,68.43333333333334,117.58626528483104,117.4173089322305,72.41381635503629,77.2003294298052,162.65927233101314,165.67357007921277,125.58534723937707,132.18210416399626
2054,68.46666666666667,115.83650867096,116.32635880573532,70.3913459824445,74.71915552165217,161.95860584552528,165.71879642609943,124.71956056221171,131.51709652394695
2055,68.5,115.17248846013932,116.96485507609059,68.99365012766256,74.03794590471516,161.98995068088718,165.0733060847144,124.12505968998418,131.24959955979213
2056,68.53333333333333,114.73382567149135,115.70198950946128,68.01759506031851,72.82701048269325,161.00510036546893,164.70395812391064,123.35335506047407,130.79428026703258
2057,68.56666666666666,111.70185519961305,114.27944919443179,62.43837063911975,70.69305109082926,162.01996951870854,166.06931898356694,123.46137462922549,132.01692626134047
2058,68.6,111.38557223323257,112.69223240917978,62.21758396763797,68.85951335418474,161.22511174350876,165.29128428373176,123.05440347773151,130.88570594750138
2059,68.63333333333334,111.42478900103751,111.12582079014459,62.80223215314377,68.35655602257825,160.28014200072963,164.9219330379775,122.80113592531626,131.2460600233546
2060,68.66666666666667,110.929364190653,110.82446459879036,63.70368945281511,68.90744368637111,159.73064180525404,164.90079729145938,123.28095806634921,131.31322011883125
2061,68.7,111.66436597022593,111.9881194562028,64.95457277226777,70.60966700659478,156.04539368909687,164.14387316907022,120.13616770588379,131.35608803768292
2062,68.73333333333333,110.7427552903887,109.94415150587689,65.24392283752933,67.43461536109673,157.62795804123218,165.98413564728378,121.53613995967955,131.89435793704132
2063,68.76666666666667,111.4201942477691,110.68381714148832,66.8533729058148,67.39353939209734,153.79963215460316,165.82781425340193,118.9298730339309,132.01098020661138
2064,68.8,110.49247012988451,111.06742525136937,67.31495289558498,68.0308983117972,154.00614451921987,165.71980509846847,120.06904600277788,131.59156232784736
2065,68.83333333333333,110.3229303152869,109.50048672495795,67.29869849565434,67.08781102655341,159.11836840251036,168.36797681893864,124.73772368018875,133.8392749294589
2066,68.86666666666666,110.5177354199181,109.95954428786214,67.5855929884531,67.66521563221242,160.61178023045136,168.73294072140087,126.59789532094248,134.28304529024263
2067,68.9,110.36797016485487,109.98793719243207,68.2458272669883,68.0975151787512,160.15328105611178,167.93441591664018,126.81672785976623,133.69714368353718
2068,68.93333333333334,110.18858389246712,110.45684903692208,68.17707154550824,70.07129976057492,155.23134700619948,167.24593573238639,120.98262984567417,133.74243788624548
2069,68.96666666666667,110.46086469860055,109.95096484928074,67.87187180261012,68.03083667022237,156.3420415235998,167.65036518202345,122.10227319706163,133.75929788735527
2070,69.0,110.08107127138227,110.44687443456462,67.22211402915828,68.91251203898724,156.51789208025374,167.45627734651927,121.88467772049619,132.92193255295342
2071,69.03333333333333,109.89144914344966,110.50457755829366,67.44216639714003,70.6401057693145,156.31347495554996,166.45241845158543,121.70576694026396,131.94243398132028
2072,69.06666666666666,110.48339723135213,110.68257527086706,67.85558053774082,70.69436712976814,156.5759610172818,166.28554890158063,122.02217454543545,131.64257298881506
2073,69.1,112.24004139375401,111.58921573933073,69.81725399791682,71.65764310083038,147.44433464690255,165.33031985379773,112.62117779721162,130.6319377050526
2074,69.13333333333334,111.91987551495946,111.40110188390095,70.09560133623768,71.56773933797167,149.5964017245233,165.91300466567068,115.61068566498393,131.2697071683711
2075,69.16666666666667,111.82254754401366,110.84985250926186,69.73941042234108,71.35058864291538,151.2389673044522,167.6874708231641,117.20515477622463,132.59094146004696
2076,69.2,111.81851324409104,110.13830483404561,69.97914012303409,69.71816496968101,153.71199289446594,168.44136945986628,119.70550131840139,133.21072566792404
2077,69.23333333333333,112.09164378181251,110.08201912846556,69.84419958913256,68.07463646167365,155.87842574289144,170.21397884857058,121.15354965393858,134.01665946092368
2078,69.26666666666667,112.16621117000568,109.86667134726932,69.85435674844523,68.16348010232659,156.91824250643103,170.13023394137102,122.52681030800203,133.94458966803964
2079,69.3,112.70085064276972,109.876501877328,69.87158894304885,67.34014180175716,160.17474329493953,170.43622658277408,126.59795758026935,133.87238444924378
2080,69.33333333333333,112.71955745245953,110.77063147262805,71.11249345511534,70.0387639552633,153.64695670912724,169.48090272310077,119.92410494501115,133.52692001915415
2081,69.36666666666666,112.51468610081905,110.71368599370473,71.09493496687016,70.20103595081673,153.78770313358635,169.35914479569908,119.75309730657365,133.19242341295887
2082,69.4,112.62248712449342,110.11991017903574,71.03329567812,69.2683670201979,158.66418853464694,169.55950592589647,124.83946632370166,134.04865373084675
2083,69.43333333333334,113.41292385496627,110.480325591841,71.26506843176553,69.32452389080868,158.3918411774957,169.36977043026138,125.12385656489876,134.46486849001482
2084,69.46666666666667,114.15136166522626,110.92330552755405,71.25419646936723,69.50641675735353,158.6168209124625,167.89659115506345,124.75099527705503,133.34638577261364
2085,69.5,114.7551516330373,111.2072708065645,71.69753990496966,69.87942753123872,156.8727588571958,167.79048355214937,123.1889904452345,133.16047081764447
2086,69.53333333333333,114.04826387656797,111.46624633451523,71.23057869556843,71.36200943469471,158.21451538990326,166.6182522967592,124.61157046938594,132.60397505566374
2087,69.56666666666666,114.28148569145405,111.7892014254212,71.59151726314846,71.69018326302684,157.0392616891055,166.26314702836234,124.10306035259335,132.52709927962252
2088,69.6,114.21301619405395,111.65662751085799,71.22923340309993,71.82094370923726,160.95913071284392,166.73213179831444,127.9889864076401,132.62619542393958
2089,69.63333333333334,114.49164024754599,112.56012040311879,71.72616365270943,72.68356921695315,160.74746999411553,166.33170666493837,127.44496387057394,131.96664796271784
2090,69.66666666666667,114.24000196112576,112.73943013844345,71.83475557787249,71.79739358616176,162.21135539522274,168.78870973487577,128.77318135628772,133.7129762570349
2091,69.7,114.10982266431145,113.22708470562917,72.50205159904876,72.48225469132336,163.0978127817194,170.24721855932577,129.34462471491634,135.36189825808094
2092,69.73333333333333,116.17747479336282,116.06222140885448,72.43935073775161,74.44153683496364,163.70606048429184,169.16890365488695,128.56111668518912,134.31933152757372
2093,69.76666666666667,118.21987697880307,118.88960738519475,74.58824325096306,76.99661348531355,160.27964374664305,167.34981687867705,125.32052919737102,132.75339704490904
2094,69.8,118.70681976255331,119.29520966835756,75.88475928995233,78.48515684433683,159.60417543125462,166.85443851351997,124.3966931189687,131.8861247786739
2095,69.83333333333333,120.96343115609163,121.05439723347811,78.73344424776428,81.13423966765042,157.19707120972274,166.09825574046002,122.9995429690696,131.95587292021773
2096,69.86666666666666,122.18358774723553,122.81116216039008,81.09712716155579,82.05922836815317,157.22042812431056,164.4217789042688,124.00449323447019,130.95973213588238
2097,69.9,122.34077606915865,122.9119305138576,81.60382246064218,83.34321410986271,154.91532505706834,163.75742157509967,121.05714817691876,130.29715687998495
2098,69.93333333333334,122.53013432838065,123.00844530160883,82.05074709605711,83.97149850083206,162.1238410043978,165.36745568080292,128.86883268376465,131.77291184161967
2099,69.96666666666667,123.16652803493382,123.31633846096709,83.23205641402629,84.41227683530259,162.93042597497856,166.94485822083965,129.2900271739062,133.18920012682764
2100,70.0,123.33184639165368,124.02174014969238,83.46632037187668,85.7026021484159,162.71859079206948,166.24713329438953,128.21280104824345,133.05477421478577
2101,70.03333333333333,121.19893133266272,122.97871460401409,83.47223128347767,87.27396953959642,162.2632261456161,166.1033319570419,127.79526026258158,133.02577449154887
2102,70.06666666666666,120.24360726317387,122.2273283450393,84.8654473574051,90.99191337821608,164.18098911811066,166.10320847357374,131.46742622889224,134.37384850338205
2103,70.1,119.84093416128177,122.34250083368133,86.1533822577916,91.55022916690415,164.38227698809004,166.72431679335392,131.78180356082862,134.65152041244335
2104,70.13333333333334,121.70691382039705,123.61877359780065,88.40500082853222,93.67705611027459,163.65828577311018,166.9491260076555,131.25577992494317,134.54475144966827
2105,70.16666666666667,121.85519833530647,123.89884604011493,90.91936124270055,96.13480319551614,164.9975805542525,167.3647595621906,132.3050021613129,135.23646760551392
2106,70.2,124.02146276746146,124.03225438860808,96.32512502509951,99.25926768727743,162.57478801514284,166.65108364235263,131.80805014897837,135.3701110947988
2107,70.23333333333333,125.88898703419119,124.45329450672237,98.7928256670571,101.12604058502708,162.18120775662393,166.03783324678636,131.377276461727,135.59302458231747
2108,70.26666666666667,127.17599886725012,124.1853186029506,100.91103236148668,102.7981726427351,163.29697122606356,166.000713346702,133.10276823568645,135.61831694448747
2109,70.3,127.94827847778376,122.53636198560395,104.3163087786201,105.76215764014103,163.10686225975948,165.81411585206692,132.9427797999001,136.03162513099247
2110,70.33333333333333,128.88168143165564,121.78924553278739,106.9527091211415,106.70180954100329,164.08689814731846,166.71582164465173,134.61305490662798,137.20325796078822
2111,70.36666666666666,129.87990186705133,121.9707178537451,108.58313604220658,108.33771183690149,164.97258941916252,167.54622583586598,135.24396207712013,138.07785738305097
2112,70.4,130.92969281533607,123.02615525709713,111.13417007430263,110.28447593876987,165.41447450366044,167.77409063571463,135.280137489095,138.3965030349324
2113,70.43333333333334,133.11941650098035,125.8845547716355,113.07283379349579,111.58961793724107,165.88545886770115,169.3790801842604,135.68540234366063,139.12870712663332
2114,70.46666666666667,133.58156940186564,125.38944334656856,117.40656512055489,114.00078987080566,166.40207047821576,169.7512060199952,136.24201860020392,139.39822210702258
2115,70.5,134.2640194364592,125.88118711632275,119.6963940514731,117.32031308472313,164.34374668390322,168.7468346375519,133.87082292324286,139.57435252769747
2116,70.53333333333333,135.43725785954442,126.28239285406089,122.43985943991976,120.99344832312484,164.43122913507548,168.3288183578002,133.95993433797838,138.87773660874367
2117,70.56666666666666,136.32612687826528,128.43284504392219,124.37006532761599,122.31460324964716,164.38499397944105,169.86062925681918,134.34850995860572,140.92690718320023
2118,70.6,132.6714985305592,129.22875164596138,127.91679939010254,126.31053243944918,165.1951371254689,169.31623430098117,134.0989655134485,141.42715338480917
2119,70.63333333333334,135.91260261284182,130.61020705607964,129.0929712634937,128.89186998563574,164.8574624121258,168.0468034554591,133.96650743545865,140.8123476326162
2120,70.66666666666667,136.55849327016207,129.9999685080492,130.42130713305184,129.65832768335633,163.37189130940487,165.69793111362267,132.56269051788757,138.9520351502576
2121,70.7,139.65500853711234,132.14128692538134,131.8452252914847,130.61832131820313,163.4320945021966,165.5867548693502,133.15599466852512,138.90152710305253
2122,70.73333333333333,140.00871644157746,131.3495047714761,134.3817272357432,132.6187849410535,162.96940454464698,165.7743707104831,133.17267783877344,139.3769561965409
2123,70.76666666666667,141.4082304844029,133.91697938223143,134.2559517177587,133.26646684520068,164.04354490659966,165.91545270382335,136.0619661605147,139.65804266879744
2124,70.8,142.5974694374115,135.0033787912565,137.17010259016843,133.72001846801814,161.13121946969136,167.76495739213786,133.18385345159058,140.42880742471831
2125,70.83333333333333,142.76267723723956,137.33742583408923,138.36436681449473,134.97093397129154,161.33351363247456,166.93816448485765,133.86951071406847,139.96864606808373
2126,70.86666666666666,144.39613985350817,139.78570572185646,141.18550099070967,139.39620925745186,160.45413969973802,164.46900805043848,133.1768226782564,138.72256947338707
2127,70.9,146.2713551288422,141.15079639469857,144.52446635831114,140.53658331194382,159.28143744579282,166.93235330820465,132.681815546962,141.11579013907038
2128,70.93333333333334,146.98271754234065,143.252034450728,147.4551336191134,143.5894634763592,157.7387775558802,166.66185126696658,131.63241675757968,140.7841340003395
2129,70.96666666666667,148.1028910973229,144.45094593782616,148.54602971444456,145.52733329318593,158.56657799736732,165.42913988977085,131.5750384505118,139.88229142141094
2130,71.0,149.00854016744827,145.45893190711556,149.86439356953656,147.63712410439743,156.57705346991352,162.4365423863103,131.2004979378505,138.41316390082758
2131,71.03333333333333,149.5643098879611,145.86718298598117,150.20894925296727,148.12934803010543,158.05134497305082,162.37135714507673,131.90469732317166,138.17319750591489
2132,71.06666666666666,151.37971185999686,148.0067674548722,151.12915071894778,149.99064658590981,158.51547679615862,162.91647504337655,132.27567853275147,138.63665630737435
2133,71.1,151.95067658740027,149.97251913867336,151.2510587027507,150.1366971100109,156.8231473946738,166.77998578952133,130.62462825546555,141.66606472999266
2134,71.13333333333334,152.16103437137232,150.90181021114284,151.5285756445378,150.3648405680411,161.56816756152628,165.65066363211776,134.43509181551775,141.13748640388704
2135,71.16666666666667,153.3922027614741,153.2240239369437,152.16085070341956,151.86136849869513,161.10795572539988,166.52400175421977,134.2039812956286,142.02232184090906
2136,71.2,155.75073166971518,155.3533772555724,152.84959465728969,152.75240586916382,154.02639723052016,166.0626244760527,129.3194509322129,143.385696118601
2137,71.23333333333333,154.18388468112695,156.79483159326855,153.30199796259708,153.22822997621068,161.75712515912883,165.61645126760394,135.57579625288898,142.85344765968404
2138,71.26666666666667,156.83653328018963,157.51781588089693,153.39810665346985,154.54323669294354,159.6281074284757,165.3388432192609,134.81036173297227,142.45437224932706
2139,71.3,156.7617613199159,158.53312465226438,153.94405684201797,155.05221847947684,161.49282966417732,163.7436017647712,135.8546884590926,140.8796130717206
2140,71.33333333333333,156.43813653895228,160.0005155588879,154.34080843827692,158.21288516905287,160.0165493343151,160.34290207637264,135.8909699728396,139.34725003495706
2141,71.36666666666666,158.4622502961377,161.0707839990154,154.37303264672406,156.6733416170492,161.88730787110322,162.38448096487073,136.65936698419986,140.34668660024732
2142,71.4,158.5138408356007,161.59354946190015,154.55435327237524,157.8273585111999,161.47364411501303,161.77638020173097,137.25561760252677,140.09893438597686
2143,71.43333333333334,158.81985401374786,161.9645048822172,155.01812021562304,157.27991921209113,158.83576704076805,166.2156452934191,133.82857562129547,142.25698997154032
2144,71.46666666666667,160.89145273286277,162.23802468080765,155.46707300621833,157.43264348573229,157.01300829298359,165.82181921633148,132.65992241769476,141.6256901147875
2145,71.5,157.60627537560484,161.9102121525886,155.8953999274404,158.26195377303705,155.5148889908453,164.81234496681807,129.6944044450269,141.799756516832
2146,71.53333333333333,159.8343336174871,162.79017468998433,155.70262313005196,157.91490420842305,158.69105783698404,169.13627434577296,131.91405951466217,144.9380092618901
2147,71.56666666666666,160.06060165638488,163.16401358351914,155.85331478891098,158.2101760278597,157.90641302495024,168.57547162183093,131.0263280899706,144.94088818673973
2148,71.6,160.07108417663312,163.29850882627818,155.92698363837027,158.1707642609088,162.25158797754588,168.27157050241658,135.66954927772994,144.5367221914221
2149,71.63333333333334,163.0363355832307,163.13743046674458,156.24596924725907,159.04714807654702,158.59446032717983,169.67541114485346,134.18212557630096,145.36575410182104
2150,71.66666666666667,162.63229383508377,164.19485906413155,157.0445019260738,160.1016428437152,153.62416166898424,167.29834843898362,130.20829951962355,144.33069155568776
2151,71.7,163.824148166225,163.46754202770367,156.8168671542611,160.26367527312078,155.50931189127226,166.65118284786575,133.59696754596825,144.35528559282903
2152,71.73333333333333,164.2363603556555,164.31974278143431,156.58920552658512,160.27039536454,156.73415979773148,160.6376724842071,133.63752285145839,139.9432477000666
2153,71.76666666666667,162.17408830312155,164.58188660839934,157.1861876723367,159.99560208804485,156.37117573169814,161.25872822687967,133.64229843711377,140.42335044479023
2154,71.8,162.44058662050716,164.53080817037437,156.91180888805056,160.02180280054057,159.5347902202807,160.8547308065193,136.17397843852171,140.18409748039574
2155,71.83333333333333,162.35156469591675,164.68213878586323,156.4076106159195,159.37520761507747,160.08792312191858,158.32086767965694,136.50220983798943,138.711767440162
2156,71.86666666666666,162.1112546026542,164.8543027450807,156.12255985396166,159.38802167443313,160.61705323497378,159.42612009976133,136.24217748227346,140.013909738622
2157,71.9,162.31863043203668,165.8544316979099,156.77213899598829,159.53638701571953,160.3713054669338,158.67298022066103,136.56740060385172,139.22242198857057
2158,71.93333333333334,161.66223261938893,166.1224601632215,156.51513318762534,159.42840638577542,161.4553709974149,159.69304468463898,136.90215963763595,139.83564537945188
2159,71.96666666666667,164.85259691974687,166.3162757920437,157.09655619717836,160.43920981115963,158.900267549861,161.17611126687493,135.91306868217492,140.3603156459327
2160,72.0,162.15231836629366,166.72980779562235,156.06919856556368,160.18279682495083,160.90023831723985,161.81071826029014,135.60290931577953,140.54066997075358
2161,72.03333333333333,162.58651992045867,166.77902598752746,156.18688097718382,159.95921494849622,156.90127723279926,161.7890551085292,132.29077817880813,140.53438051076012
2162,72.06666666666666,162.34279031489433,166.97225080921504,155.31242064914557,159.076309307261,158.44659106782825,162.59511954970375,133.52935916099432,140.69367344007853
2163,72.1,163.09847091447045,166.9241426269405,155.91187016037318,159.61521660436873,157.867430359025,166.3325628489959,133.44229150299952,143.10308811300794
2164,72.13333333333334,163.3145909487319,167.1072627289814,155.82644757534197,159.25870905117984,156.47460879082172,165.9661504197503,131.73445256316882,142.8461982718491
2165,72.16666666666667,161.0229099594556,167.23882453440626,154.67304218992737,158.74114212368565,157.86508421623518,165.9990636072384,131.9656217121528,143.2539347719895
2166,72.2,158.9076955644781,167.21401496903633,154.48816552389195,157.50023865403838,160.63901398582695,164.58373300646676,133.49317276999346,141.9899469153188
2167,72.23333333333333,161.51821156006426,167.2071772192811,154.58742715455762,157.5589632460813,159.85097580674247,165.78457698100456,133.01667823259095,142.27634847940885
2168,72.26666666666667,159.37707248380295,166.88180860339193,154.5441697580255,157.34095926420395,159.79652941123183,165.23919554734596,133.06197817007242,141.79907521053713
2169,72.3,158.0819377812689,166.8979568184066,154.1900147513904,157.41047699245345,159.11301301587096,166.38518854604808,132.66621638963704,143.0826566632836
2170,72.33333333333333,158.65597715216535,166.66420925843653,154.57761739343505,156.9929438062818,160.1480806729556,165.81595072488574,133.0536946185019,142.27771280537794
2171,72.36666666666666,159.0646582087421,166.72818983293627,154.28711353090958,156.43121992889627,157.13188990700473,166.11197999359388,129.21186969884215,142.4277746784783
2172,72.4,162.07144844470983,167.26124307970926,153.78912245825828,155.81249715322917,158.10844146144603,167.51983082740696,130.33620029053483,142.72210474617262
2173,72.43333333333334,161.9048634808407,167.23370092959684,153.79055962000427,156.78788313543708,157.62448157359998,169.21566783153693,130.64805357096034,144.2717139070573
2174,72.46666666666667,162.51521161702576,167.02573473209918,154.42736555168227,156.23140634823176,163.3254446711096,167.259066842754,136.1474614657214,143.0080216214339
2175,72.5,162.21507943023565,166.82104867268185,154.40021235931084,156.55864401217062,163.7697140026699,165.46825937270197,137.56298901032022,142.04694555513296
2176,72.53333333333333,160.89178827824043,165.55356860809087,153.79708764249347,155.63220123961526,161.00031539217002,166.9288288911741,134.14116981714196,142.08907705189878
2177,72.56666666666666,158.96236440968224,164.29582654245186,152.9792012929714,154.4701537418434,162.00073728217615,167.13672343671877,134.20349433944338,142.23452031296245
2178,72.6,158.9926521341821,163.03347407879292,152.54552459057,153.7404574833199,161.95616402137156,165.57489718647673,133.98141532286073,141.19027133750228
2179,72.63333333333334,158.77202794984203,160.63289573521402,151.9794483554772,152.13829752936508,158.17905412852605,168.1663106292448,129.0707218510336,142.25309703980042
2180,72.66666666666667,158.17000856602874,158.39130049063138,151.64034037560953,150.9866706828237,159.59383905163435,168.44277866160323,129.43617818175468,142.61265688603007
2181,72.7,158.86465184248092,155.5769974843352,150.17647791762175,149.78015171359684,158.99427265269404,168.18475455449132,129.3533471337549,142.28817292529283
2182,72.73333333333333,155.38333875964534,152.10986995601462,148.46333227130287,147.73895787780708,158.97830494218,168.1600870231901,129.26772776185874,142.45941052123774
2183,72.76666666666667,152.88860612156805,149.93570844307408,146.86702277834974,146.8496070817595,157.04452542398877,168.2574890490875,128.43468185194186,142.47255741869546
2184,72.8,149.20215734564903,146.585197362198,144.88330545893658,146.0266810351753,158.50695670619345,165.71184083291874,130.61063206825165,140.78227457361083
2185,72.83333333333333,146.1668502122245,142.44671911422472,142.27268639064377,142.12971025205778,156.2933888908996,167.87575409957373,128.41628582947405,141.04028233059654
2186,72.86666666666666,143.9711502998155,140.11880035590895,139.52100489963428,139.5530035208543,157.6347630912929,169.099454592627,130.00600848662026,142.02139595298365
2187,72.9,144.1093036138773,138.78854009353145,135.58455280982005,135.07002604116371,162.3201448028434,169.41391707850119,135.11687647707404,141.3777105415305
2188,72.93333333333334,143.61422079406006,137.58903387096905,132.628710970151,132.74512483608086,164.18245644193527,169.68035457688723,136.42033643537684,141.57985003737193
2189,72.96666666666667,140.59878159551158,134.75143393383482,127.14347213152837,127.60376752112255,165.18170142652954,169.6155864611445,137.99018730470172,140.53371597147466
2190,73.0,138.86311254722852,131.04550133834928,123.60499360374517,124.99748457080983,165.20086116806095,169.01430602000084,137.7530794533772,140.91620521683146
2191,73.03333333333333,137.9962477428176,126.10740495314619,122.78856819892691,120.49693666854051,164.0126207153761,169.74458724232414,135.0549730663801,140.25103650689522
2192,73.06666666666666,136.17342337275252,125.60318734231377,120.02443858255081,118.01908095113744,163.0707830351604,169.93918775946912,133.8731346723814,140.88602389610963
2193,73.1,137.6321097822677,125.4104106908932,117.79364620817871,115.70234956187839,163.34693310473529,167.66025117160558,133.0171450975275,138.9666219175732
2194,73.13333333333334,136.72514192734408,124.60760406350525,115.55388557007731,113.04641797422558,165.97103747027438,168.24734606860454,137.0117187919242,139.06399983153582
2195,73.16666666666667,135.1663171684094,123.97196886189762,112.77215063677043,110.88570291358788,166.45101061226936,168.2976577846959,136.03275282696552,138.63531493846065
2196,73.2,136.01331978882718,125.0533559888418,110.99214724677937,108.96536206646728,166.2570437026017,167.4602943804634,136.25902211828875,138.0268446806424
2197,73.23333333333333,134.1993009726997,125.04493522752011,108.97536193744749,109.81305158857066,167.28189281927115,165.64052779697118,137.0829258183187,137.56816742729458
2198,73.26666666666667,131.51068098832016,121.3626545346805,106.44712023426159,108.37254925971901,167.89580723964886,166.003273685193,137.48349162983675,136.82923348279485
2199,73.3,129.44514460297506,122.09350227092051,105.89980476777045,108.10021848324452,167.8384796112436,165.94621192951323,137.61736264880588,137.1740230363552
2200,73.33333333333333,128.51331975428843,119.306686809703,104.0156524858972,106.24450011995839,168.69735343826255,166.61520640620967,139.36111496828525,137.2149347807381
2201,73.36666666666666,126.28829296648922,117.64396348688565,101.40014985368988,104.04857218163791,168.61543663648533,167.57533489728004,138.41759764409073,137.312147304184
2202,73.4,125.74523416396818,119.70998072268557,98.96140528706178,101.03139641390342,168.59333377494661,168.91210436258456,138.5862614504875,137.64324516804965
2203,73.43333333333334,123.90519871679794,118.33928299426204,96.23493321389596,98.76183844345775,169.0384039414909,169.8199223379509,138.56110621724298,138.1004424046168
2204,73.46666666666667,122.51111878022385,119.15226958634048,94.720361142781,97.57317414246926,168.7743247098317,170.1539584353671,137.78740743865453,138.31161507089362
2205,73.5,122.50093890623802,121.73031348791872,92.67579334344826,96.85248051829593,167.87719197420617,169.11796380982463,136.87280302001383,137.3354366654105
2206,73.53333333333333,122.2915059631547,125.36052456362057,89.04899136669165,94.94411555891364,167.49128876646128,169.0931501398658,134.55650193532375,136.49876063424637
2207,73.56666666666666,124.3521924448556,127.93242115701642,88.0121807093498,94.7436681039739,166.47034316477993,168.144141878869,132.75868642420778,135.71993567975096
2208,73.6,123.0020049099871,125.83931551031908,85.59665071013649,93.28708041905624,167.11612593615638,168.61621088186402,132.74555462209577,136.10184659424237
2209,73.63333333333334,122.43449570880443,123.51274272884544,83.6769770429696,90.86250870074207,167.54610850189172,169.13611348795718,132.92194667904036,136.32591069104387
2210,73.66666666666667,122.13210181338032,122.39276136403471,82.57674892736091,88.56574438731444,167.58964568759654,169.03061860563423,133.27071013965843,136.1471923733104
2211,73.7,119.64972703543972,121.70705870544134,79.68737423277317,86.88365260394123,167.49172747153534,168.69111455479762,133.4966147068808,135.72026903194086
2212,73.73333333333333,118.95681245311216,122.08621341571855,77.35995794274032,84.87820495544362,166.75407347696085,167.98537822236457,131.70264770259843,134.3662408212212
2213,73.76666666666667,116.95911792160551,122.57633526658996,73.6624366261641,80.73692663974352,165.1537662874032,168.38623110111652,129.39663695933143,133.48406376868832
2214,73.8,116.05731088226527,121.20650090743133,69.43628150421169,76.37824471453597,163.34899218608723,167.26186152006537,125.92091660646996,131.8050138328239
2215,73.83333333333333,112.84374003706883,118.32227916552013,65.42350335015567,73.11094191017762,162.4498238088166,166.35394814860393,124.75232659858004,130.4817817222682
2216,73.86666666666666,109.69863870844624,113.76984855250744,64.04150386184271,69.470471534141,162.95442661216538,167.0876303823397,125.79991079714566,131.04220319958623
2217,73.9,109.91599510013755,113.7454446833288,64.38212801734528,70.11359491219298,162.04701124865113,167.32253121662,124.93847312257518,131.782726244719
2218,73.93333333333334,110.10673854908524,112.79324785490823,64.15667037449391,68.18694950907029,159.34641400339083,168.3708971053942,121.87658064139897,131.97527086528015
2219,73.96666666666667,110.13172919697739,111.47160652979714,63.764225244458736,67.8069433497181,156.4004392530099,168.5681351014354,118.53566203743877,132.1518157401143
2220,74.0,110.3497936596684,111.68251254690713,63.649310352343456,68.08006953023462,157.85238167135904,168.2091923275024,120.03045630057393,131.95930428687197
2221,74.03333333333333,110.5662309322425,111.96503549430527,64.39239811846257,67.95929647544396,158.21245930440804,166.12045736666383,121.40846160103285,130.4616808591388
2222,74.06666666666666,110.78464140927653,112.19413627612605,64.79704351902723,67.84886970664337,158.63734478458096,166.26387687744545,121.90854603103298,130.3800525141403
2223,74.1,110.4491440562704,112.93015209934953,64.7217042208681,68.6808649165593,158.88868849023157,165.31499822323536,122.57252451093063,130.10447440736849
2224,74.13333333333334,110.99405379874008,112.93356431461955,64.38742863263313,66.66586731869864,160.09839401676365,167.02900445176468,123.5279691008025,130.38637949911313
2225,74.16666666666667,111.2265814658413,113.39538935639926,65.08998033743343,67.19520978652936,160.04236288087216,166.9105857280574,124.03748942289275,130.30515251975604
2226,74.2,111.48547614203461,113.77532520324958,65.51063436824697,68.08468240401857,160.02197432685955,166.79356308244166,124.20264359691292,130.37262068530623
2227,74.23333333333333,112.03763767050928,113.74942726444571,67.61808515909003,70.50049865907334,158.518108984684,164.4448279303022,124.16244249625589,130.2315479099908
2228,74.26666666666667,111.66085459850792,113.65653305343773,67.28176932544083,70.71306348579623,158.520418516721,163.7974169388342,123.79810644825761,130.10415232031784
2229,74.3,111.30360729183592,113.1578612238947,66.89201987641584,70.40007524461834,158.31438723213316,163.04624472994064,123.97197783980984,129.75930726137153
2230,74.33333333333333,110.67385859319953,113.01657841053526,66.91999622435401,70.93711440194163,157.46940975654203,162.2026878217066,123.45965131701405,129.21574371157303
2231,74.36666666666666,110.31294315194712,112.98590761544175,66.80385579861634,71.22768097073616,157.95126906544056,162.42251312450188,123.94807636804742,129.39621277431345
2232,74.4,110.53582926686471,113.41276961239318,67.51456034203173,72.51434374179705,158.53261979802582,162.91632361907048,124.32548693114649,129.87043313043233
2233,74.43333333333334,110.82019217287146,114.18155981796961,67.84771846907051,73.67772917647244,158.32380873364173,163.72674582281584,123.98186042254302,130.58954204082957
2234,74.46666666666667,111.19085385896358,114.58810739590032,68.27500227788971,73.7176114062313,158.13764145726714,162.63161024033494,123.8852330320096,130.055043215185
2235,74.5,111.29610607732299,115.48758271874838,67.19912649642005,74.61924155236234,159.63104952639878,162.58809435528394,124.36709222779861,129.84438670944792
2236,74.53333333333333,112.06940782571111,117.26212152324648,67.90378980017606,75.32754652772866,160.06797192350643,163.1771133282162,124.33983193374816,129.9200084856205
2237,74.56666666666666,113.63156695820729,118.48435592023945,68.99317558395363,75.92998506823558,160.89965074645838,164.02428099224485,125.00583440666081,130.5062021927561
2238,74.6,114.46817782090943,119.58863166240374,69.84181550184064,76.90227206309899,160.84009285899552,163.49058223253596,124.67803184254603,130.2544320460041
2239,74.63333333333334,115.64033816977454,120.72023788132846,70.76623619029384,78.52037062861066,161.36403620477307,163.4591866915291,124.9668065922553,130.38765662897904
2240,74.66666666666667,118.00779236465854,121.02928453657618,72.80777816241057,79.38692310971913,161.45905374088784,163.2770493237755,124.50131172751205,130.0979376094754
2241,74.7,116.78825666130898,119.48310718328928,72.22133280914976,79.6313799937288,163.21902441900073,164.41274059158795,126.2523231270479,130.93579286829183
2242,74.73333333333333,118.98496708666441,121.54570114109991,74.67780708785436,81.6280255850986,163.81380426647056,164.97842934886205,127.35921931018073,131.83583772942902
2243,74.76666666666667,121.95465349140807,122.50260416967646,77.67315681837805,82.55995205950244,163.0986594393353,164.57428075041028,127.72952943984109,131.64038133112817
2244,74.8,122.67317970456948,123.69208043360466,79.60057097296918,84.18407581021627,160.98898776341377,163.29436103619943,126.28025583139251,130.83330352279052
2245,74.83333333333333,124.05052597873284,124.56257230776916,81.31995365344437,86.31149811611193,161.59347135977526,163.30526890734686,127.62413333817777,130.96777341230714
2246,74.86666666666666,124.53051097633677,126.92678955995414,83.98580901144187,90.53230977246787,161.26864366918429,162.40179422897174,127.73119568383693,130.69959017667665
2247,74.9,124.43410933038402,126.8621736863205,87.02970977332816,93.6483206597926,160.67788784052212,162.71430584878706,129.08778847309821,131.4694610537283
2248,74.93333333333334,122.92658608351384,125.6301391564216,89.59253193279194,96.785156443712,164.10521053498937,163.8371077438627,132.32117360008016,133.66776190620655
2249,74.96666666666667,122.0310829320849,122.69981146866033,91.67226380328226,96.82990993097276,163.67911996792046,166.31356876288865,131.56597587652664,135.74869719547007
2250,75.0,123.16284872316746,119.49448720121238,94.96829242048872,99.01142819578887,167.72125886066672,168.15599611382717,138.17589897384119,138.18604516568095
2251,75.03333333333333,122.86085742919575,118.7509592717497,97.56099869859486,100.91335165806382,167.82235080122177,168.17805972827946,138.1534518872699,138.3982806938331
2252,75.06666666666666,124.73787492800524,119.9566742394754,102.21274129446904,104.48616979113017,168.0652427722005,168.01363506141146,137.23019076929498,138.37154442365943
2253,75.1,127.33684605435417,119.67554310100363,106.32993260097884,108.32440227388146,166.47776495193162,165.60334727533228,135.77296103007913,137.67844218749843
2254,75.13333333333334,126.76718697477234,121.35998618261718,110.39948786753507,112.6590407177095,166.6742312984377,165.47886239276428,135.39217647647197,137.6659575737281
2255,75.16666666666667,127.94461504094703,122.85385272650747,114.0936382609772,114.76233493806059,166.86763739932036,165.9256786838285,135.20460647392449,138.45245593283656
2256,75.2,132.79863463549427,125.10296498006988,118.05709301367737,116.20859144919918,166.91796004714416,166.37906562688508,135.03646417082467,138.55657834621115
2257,75.23333333333333,135.14753152945252,127.11931142455802,120.92962727993297,118.76078807804652,166.406627035021,166.85221235778712,134.95538162284302,139.13023165271832
2258,75.26666666666667,131.4865697319728,125.64336670542313,123.83512589109355,122.1637751204255,166.56333144694835,167.18809922961907,135.8603369992546,139.14103526795103
2259,75.3,132.70804578088905,125.40704916096904,127.42710882636004,126.16309611094519,163.8566527892993,168.24067614411297,131.6351294830063,140.32420814832562
2260,75.33333333333333,133.591352309537,126.53262321528231,132.36062041304314,128.50804888695762,163.99814215858672,165.77079986166325,132.15008967499566,139.71873816701296
2261,75.36666666666666,137.94819183683626,127.43631457834366,135.4303641826253,129.77705626329916,162.81782999113844,165.58343326713702,131.1860835580665,139.29476104877716
2262,75.4,138.47413251666777,128.31727426551177,137.48892732904508,131.95179812278516,163.01768339111274,165.33406936660074,131.76279784710312,139.14877270007446
2263,75.43333333333334,138.91413709796643,129.32852757289967,137.83012818370258,133.9278684053364,161.53898597582946,165.4197209190824,130.94536542534357,138.61980384944832
2264,75.46666666666667,140.2797904196526,133.18766255100243,138.53897730247965,136.24120609736585,161.43605561237717,164.47422853074363,130.82671733100182,137.62640880893431
2265,75.5,141.3726089597665,134.12653301945818,140.21547218358265,137.53291234966312,161.3223752559376,164.036393196195,131.20119734003583,136.92629467845336
2266,75.53333333333333,143.33199239935834,136.56929250373867,142.27004734426518,139.09214848796208,157.47567897728518,164.29355286444462,126.62182158102995,136.71761717654164
2267,75.56666666666666,144.18431601478292,137.61065130237733,144.5548597203114,142.0244056044204,158.6023611719974,164.31784845454982,129.18691541477202,137.06050536848852
2268,75.6,145.63799967050784,141.19139827029505,146.15236156307225,145.29572740824315,156.6367708584918,165.58338751552768,126.10262668159628,138.10587097860895
2269,75.63333333333334,146.919430784255,142.41227194656457,147.5406469726346,147.53748423740706,156.28286163354852,164.97741599436432,124.41932527925448,138.7311599419049
2270,75.66666666666667,150.5826987720681,143.6563057770751,148.81403395773697,147.5790821957943,159.07735362959818,165.77069433031937,128.9883180192521,139.2590730603826
2271,75.7,151.98928432524957,145.09434094570958,150.32222870631827,148.56165440640888,158.91128856764334,164.89478705837797,128.849699763049,138.43044596329148
2272,75.73333333333333,153.6468877945835,148.85776379086383,151.27264801837632,150.68629103263498,154.56288237104607,165.62991667386513,127.62530376586119,139.71021276573043
2273,75.76666666666667,154.0808184984463,151.0023847131584,150.8815441700112,152.2350222084824,160.72153061364952,164.48502473971882,134.74721908978597,140.19604295354324
2274,75.8,155.06470009876352,152.7594781581844,151.47019252809787,153.10250489127407,159.8954426015766,165.86810521329878,133.29224503817935,140.92381902140886
2275,75.83333333333333,154.83013239858388,153.862265203458,152.48891173124426,153.14886194885486,160.9102902321403,166.58327134188977,133.20505520440074,141.103959137384
2276,75.86666666666666,155.4211777662105,154.94466984847855,153.86570446610756,154.8598666119706,159.03055623145238,164.84725183314598,132.19733921099527,140.79974490680797
2277,75.9,156.1438181630261,156.49403754704386,154.7681768607397,156.32456840865123,157.11898064860043,164.7782670892275,132.05424274592934,141.6920905751975
2278,75.93333333333334,156.42556032917886,157.09092510179778,155.31900416600493,156.6354079711111,158.25349304346722,162.2541681622103,132.19745971941134,139.85749128922075
2279,75.96666666666667,157.4256151462136,158.73964522763302,156.1269576565102,158.6061305820086,159.57054298388823,161.9388349774112,135.59585493812637,139.7956447105418
2280,76.0,157.7981449538017,159.13088979334432,156.9486784495416,159.4135180459202,159.97597330187645,160.1800604894337,136.03615352680913,139.09030863297252
2281,76.03333333333333,159.4604829751798,160.69239551339933,158.07133382654118,160.32812191061274,159.62442323575806,160.9551399811513,135.96713503848684,139.83229010543894
2282,76.06666666666666,160.60487727122182,160.77507576694094,158.64565776264774,160.92261423997078,155.34863515883052,161.35924191721648,131.65639654079828,140.11864154581633
2283,76.1,161.20530992484353,161.36500177108832,159.20616256172775,161.11676702367788,156.2928875684845,162.10695607984988,131.80083541490356,140.57406943258897
2284,76.13333333333334,162.7552279165793,164.0216622482611,159.60319944862871,163.02580842995903,150.01761812081463,166.9443983537491,126.6117250048688,145.02319312201422
2285,76.16666666666667,163.45484721112672,164.29961959757836,159.87691893572458,163.13331480829223,150.96369338905623,166.57082464258824,128.14560856105177,146.29712444603447
2286,76.2,164.08077934618217,164.5793407885842,159.9880718606288,162.473079912985,152.45931173933855,167.007737320647,128.55466118519294,146.30789522045868
2287,76.23333333333333,164.7373743974864,164.81969160106757,159.9193280317748,162.87879700956367,155.5589246881245,166.06923045823513,131.58776492427623,146.40311774737887
2288,76.26666666666667,164.099523578103,164.95666648833276,160.15039013755575,162.8675336656305,157.5228403374018,164.58471960731418,133.04141337306058,145.17442671760568
2289,76.3,163.99940766172406,164.86034520648823,160.3500645153321,162.8414419395412,157.44365091268602,160.541734936751,133.44919826880883,140.4502442149411
2290,76.33333333333333,164.16409938625537,164.76363473311525,160.32150933663328,162.50879417091238,157.24273586298153,161.07642436884922,133.60696351806206,140.4041774554536
2291,76.36666666666666,163.90936714707618,164.61971926341465,160.13730089363418,162.25630562668672,156.137229518031,165.75892603250634,132.8594353145504,143.14210579992485
2292,76.4,163.98579602048153,164.64800480579584,159.56102200201363,161.51741080292328,156.7438158745595,166.46420336934017,133.16909638366386,144.08682860542905
2293,76.43333333333334,163.87909060676301,164.86416115830596,159.56298321450654,161.42602282673872,156.98984733964505,166.09196026637153,133.123535941618,143.6609905034571
2294,76.46666666666667,162.60736478530305,164.7461568070918,158.97034203531473,160.87995917545138,158.57578925985712,165.65212619980161,133.21371877425057,143.01212201855628
2295,76.5,161.7301013914652,164.67632280326688,158.2511151308678,160.92056704437607,159.16708579852198,165.75523856353965,133.6237983376324,142.70035126881262
2296,76.53333333333333,162.34851596744363,164.3780066515917,158.14589645150258,160.7866211447408,154.27751213273928,166.91978996636115,129.26556274155354,143.3040287395078
2297,76.56666666666666,164.81704719725687,163.98924514912486,157.8917429919148,161.07572472071288,154.1254932864953,170.11835760374416,129.27753620097175,145.44457182652198
2298,76.6,164.52856904809605,163.90923175152165,157.49391242341193,161.06938803225145,154.56246208350652,169.53080650244183,129.5192725187253,144.927196469258
2299,76.63333333333334,163.56713419471555,164.35505536333955,157.21461329553304,160.22833355662448,154.1432280675948,166.61174921779946,129.6548350353284,143.24215397696844
2300,76.66666666666667,162.82828086166228,164.29583831979463,156.0494640672618,159.77632173886303,159.56599138010657,167.14163272222711,134.22792289496638,143.2690312338757
2301,76.7,162.2082031707876,164.054829999365,155.89846101995286,159.25535104960423,158.75746502651836,167.8523228960992,133.4196157258944,143.73266105456545
2302,76.73333333333333,162.20828093271567,164.1360126359392,155.93180596829097,159.7260202608805,160.54224646004903,167.78278480963158,134.90991582176068,143.84953524386668
2303,76.76666666666667,164.25787233493173,163.44095851216196,155.62315145150998,160.02838169923763,160.84299820215202,167.4130841836771,136.00543817816816,143.8135419515408
2304,76.8,165.06655483845873,163.02565057436246,155.80580743988318,159.94143016158915,160.72561602364738,166.44372687438374,137.51696153268827,142.9835754051436
2305,76.83333333333333,164.84723911182755,163.07558122083674,156.0272512139637,160.51890756282486,162.3725201709786,165.5429367210683,139.29679194224875,142.70456046027974
2306,76.86666666666666,162.7034804589353,162.9016042649596,155.80963376050323,160.07499573626808,162.89899682312156,164.34056476419846,138.23418795515977,141.13193614623563
2307,76.9,162.90489398570875,162.88936159812775,155.82524232526927,160.0257065004529,157.9660372675048,166.2157916294739,134.30954705530198,142.03028131626445
2308,76.93333333333334,163.21679485421419,163.020337102581,155.5589665003893,158.57681040344954,157.987561580634,167.15816537410862,133.97187344097406,141.85537989106467
2309,76.96666666666667,162.66022167153005,162.72124971794588,155.00158682735992,158.23048360539545,158.91138454257663,165.74821341176508,134.90343888651282,140.86275509934532
2310,77.0,160.93802445513384,161.838010749023,155.03089703423444,156.72563128876732,161.1740009877816,164.0021260995579,136.73262315701504,140.06204191327285
2311,77.03333333333333,158.33233980154526,160.41756539472377,155.08353579227995,157.71996683449214,161.6846521415034,161.2578951172552,137.0235082894731,139.52823012083965
2312,77.06666666666666,159.9469494229138,159.3128043870529,153.54604166094163,155.1654436645351,162.7500161214965,164.1467470145416,137.40686956077684,140.09549479946787
2313,77.1,159.23774088493786,159.1322699825595,152.96348572283853,155.26197952540429,160.1469119130219,166.17586269742273,134.00286718471884,141.61864634213217
2314,77.13333333333334,156.76899910327387,156.66860537016797,152.6653236160449,154.39746503302302,161.86177161528065,165.87871966206512,135.70550277881907,141.43406755573082
2315,77.16666666666667,155.87637858752905,154.5207446009073,151.09585002410725,152.86111871697744,161.61970642545285,165.57788724007605,135.24835033520966,141.2342159151457
2316,77.2,153.4392308093205,152.36328445882262,149.52976858188197,151.6635249748073,161.53667560729795,164.1312372453476,135.50397665853063,140.5193333837098
2317,77.23333333333333,151.39252876559277,150.2212706225848,147.1800076715998,147.9306878115436,161.53587372626515,165.3325408314112,135.0465877661952,140.27393609421253
2318,77.26666666666667,148.2653310334779,147.33699091950842,145.8599348533328,146.05649012163968,160.73468354111492,163.92629980713923,135.1777661922881,139.2846868698456
2319,77.3,144.441313352286,142.4551596828496,142.45684675811512,140.85044213198742,161.66682489501557,165.95869489205467,135.69072934515435,139.5088550348311
2320,77.33333333333333,141.77572679185417,140.2517733531423,139.95973426463192,137.67792562140625,161.5226552953728,166.38862480247906,135.55992934193182,139.3503094208668
2321,77.36666666666666,137.8311998052257,137.72714698588754,133.6364244263842,134.75514431824894,162.56374577560183,167.24877832196702,136.19117731236514,139.54719477485557
2322,77.4,137.57853628655118,134.9717970052268,129.4833512083086,130.57888196478496,164.49160924682357,168.62983222589443,138.01105744398552,139.47978900573685
2323,77.43333333333334,137.28526695652394,133.2847016028483,126.0807220274779,125.94782376485261,164.01233187991122,168.90302632733153,137.02465240336718,139.39482607999582
2324,77.46666666666667,136.56940953224054,131.33186767814374,122.3443555075434,121.34456064208808,164.26039167517334,169.71681241633829,136.2960800882038,139.15803087639063
2325,77.5,136.50046421207836,128.66802830433457,118.48518232595535,117.7934903111635,164.11445390736668,171.52397978016646,136.7120900970064,141.59202729446795
2326,77.53333333333333,135.86368045885024,127.46813300407216,118.55794276187514,116.09991310960811,165.7070632219269,171.18192814048675,138.9730682675733,141.50403962228043
2327,77.56666666666666,134.4315745167253,126.22041205746692,115.67880788229894,113.20962128638122,165.81314658325098,170.83001138552157,137.89414367366942,140.6907254690199
2328,77.6,133.42077101576356,124.39831799137463,111.69162817360763,110.33583468251913,166.018980701854,171.78515402159758,137.09905597343067,141.0867321531513
2329,77.63333333333334,132.6444030285525,123.59333318259253,108.5249247642995,107.0237505063997,166.88268303878752,172.60648916220535,139.65966767865825,141.83983662103404
2330,77.66666666666667,131.69039954589292,123.00972478815326,105.01197052028986,103.67486995397336,166.98883338496324,172.82301266077383,139.3842219802958,141.95448828344874
2331,77.7,129.91998040271898,124.98998510580533,100.75014791629121,100.9067737661278,166.95893593358366,172.0671343723513,138.57422091392615,139.8224363222919
2332,77.73333333333333,127.73805722390725,124.57217773219101,97.64720160719853,98.86697938247623,167.24975291148297,171.83906552290478,138.87042175510354,139.73454333193197
2333,77.76666666666667,123.160417029453,121.06033935034338,93.53000262075436,95.24064355615344,167.47090639628942,171.47157386425386,138.65987244154618,139.29207617375096
2334,77.8,120.06699047033403,120.61800219466231,89.42699521242655,93.19385655557643,167.65269566564842,170.92522844743107,138.68295475159886,138.8859821440854
2335,77.83333333333333,120.73116690241807,121.86578934635357,85.99179084250314,91.16850184165664,168.27173152670608,170.50866419667713,139.16999866811628,138.23557496314783
2336,77.86666666666666,123.07757174887175,124.5380725352029,81.98726343205784,88.13101029954166,168.42308465873595,170.46876236011644,136.6257320126621,136.92069384805183
2337,77.9,121.77457501612224,123.25506896948473,78.66252647687044,84.92008611068673,168.51831995233505,170.51610100006806,135.45188738713804,136.46378914183748
2338,77.93333333333334,119.49911328324156,122.48278772952604,76.41063289206586,82.81595899732511,167.2909215770272,169.9600026234051,132.98962315818005,135.5603175330398
2339,77.96666666666667,117.56799878901573,120.997792665096,72.30410455082205,78.46090497550713,166.03963358297008,170.08313182778832,129.3880384749006,134.24931294584178
2340,78.0,116.50334644802825,120.13100152669016,69.66286395518635,76.73464540535191,166.01530009479927,169.48300646261293,129.31773286050847,133.34166931086708
2341,78.03333333333333,114.08497589033887,117.94378724221886,66.42845148044425,74.4472538487837,166.12987335031949,169.4511383823573,129.44364604069258,133.49808517844536
2342,78.06666666666666,111.75454507671661,115.96459448382612,62.824398719244705,70.57603379608132,166.34960260448082,169.46235809752818,129.40222722374193,133.417981458747
2343,78.1,110.48656938631596,114.11677543100163,60.316526457251925,66.99904970103515,165.45026217135305,169.47420111630174,128.44985110321684,133.18924158737593
2344,78.13333333333334,110.91604376053806,112.3168925970024,59.78781529717824,63.008652080480985,164.9112076936174,170.20433481194857,126.66646136222134,132.5988373797984
2345,78.16666666666667,110.53526159552854,110.6160841790407,57.26194257025774,60.54112321800911,165.97962484786257,171.03070869335963,127.27952296926922,132.8610748406134
2346,78.2,109.80515959248943,110.02878735146365,56.78811056405444,60.691401871515346,163.82896861269575,170.49783940466708,124.52458426221561,132.28098295155203
2347,78.23333333333333,110.40704804066763,109.85606418849753,57.3423351006749,61.72415441714215,162.073376363848,169.53501255261784,121.91846895536408,131.97593481923718
2348,78.26666666666667,110.06917002443082,109.43271272479082,56.883125382032375,61.48245864070328,162.99865539385755,169.67877612505853,123.40056686459431,131.83522434277538
2349,78.3,111.84470056009198,111.16209448022283,59.16470435585417,62.532045531708576,162.71835760304756,169.17195453498897,123.73614915916643,131.52966394842093
2350,78.33333333333333,110.76682079568671,110.50335652055189,58.875334044193835,62.677800187457784,162.70256978774614,169.14476226619178,124.0158301975232,131.71148406407184
2351,78.36666666666666,110.77841214153565,110.54917073779386,59.00135380132188,62.85117975674628,162.74419151382148,169.01749092937808,123.69338141353336,131.45756504383002
2352,78.4,111.02372132976497,110.91263212736484,59.15272737700877,62.06020016855203,162.84468748033103,168.90821871066117,123.89753552713498,130.94321541675313
2353,78.43333333333334,110.82381403795983,110.78314513669854,59.85057642315128,62.22389490501672,162.28031400670454,168.56292182185237,123.8776513387405,130.92630319258174
2354,78.46666666666667,110.75067745186523,110.74793779703062,60.26308333646916,62.521588728918566,162.18433890423933,168.41981563426265,124.01776891882642,130.86083680918483
2355,78.5,110.79586437176594,110.79017231718538,60.24851748364754,62.664011672652165,163.0289506127816,168.77447668797353,125.12147568619875,130.90322958636824
2356,78.53333333333333,110.5880312607797,110.92070446650956,59.99439129368698,62.86658393507887,162.73006945874408,167.67230020709337,125.51809887426641,130.87054265584445
2357,78.56666666666666,110.74544286653149,111.0031698667242,59.98378628616734,63.123346935865484,159.1875544114171,167.71160937167312,122.1440633656875,130.73770469000956
2358,78.6,110.7060322788028,111.03113766904836,60.54447761672227,63.2769732668145,159.03599393176054,167.81122240843362,122.20150503075732,130.6005546228576
2359,78.63333333333334,110.78250640166644,111.82982675704649,60.682758114154595,65.21408761018418,159.32126832778087,167.09851144612318,122.48053289362446,130.87777644819639
2360,78.66666666666667,109.4750908960813,110.97405284569896,58.931077173614604,63.77856308962161,163.55628052323507,168.87020192926073,126.43963960002205,131.88202644881326
2361,78.7,109.4518197612728,111.81296530191925,59.36916594065531,66.6486076017827,161.62086827157842,168.5808082370842,123.79036383061498,132.2329994840547
2362,78.73333333333333,109.63614216184956,111.52346335533666,59.773482530645346,66.3418626335032,162.62381084805017,169.56680145956065,124.4408632024321,132.64797365535213
2363,78.76666666666667,110.78661453665107,111.16894048573296,61.385322304883864,65.88921717503285,161.90823759116856,169.57012542879684,124.00861835774927,132.6718505684291
2364,78.8,110.79601723376372,111.00487079436861,61.44922026584495,65.68233365600663,162.646362490806,169.41382400936374,124.99099611587751,132.2874537190936
2365,78.83333333333333,111.08770131265386,110.97563608563205,61.34807424462035,63.948201827080716,163.0428305752119,169.88344764640453,125.37353573935377,131.71642787641895
2366,78.86666666666666,112.78937235386525,112.1063733694401,63.42214628487522,64.84149764341721,159.01788344135485,168.86637348353526,121.29605303941871,130.9356435463252
2367,78.9,112.96909027764795,112.13877556659548,62.23759886300011,64.71864569952913,160.8308620796386,167.70392333100293,122.8949144248558,131.59888041969077
2368,78.93333333333334,113.3088733926615,112.81654783841081,62.68976652122258,65.57501490824701,162.4277488398278,167.76632232778758,124.40710755133982,131.55603875962888
2369,78.96666666666667,113.59163607128596,113.90816786413016,62.780559629479505,65.58300704774206,163.61151663421623,168.5755164578861,125.61525090503866,131.60891610460584
2370,79.0,113.55464141976655,114.41024682426826,63.09834044976764,66.4291768006211,164.09180470883112,168.82182400872887,125.88264803880504,131.70694256715373
2371,79.03333333333333,114.46533588901603,115.68047445057668,63.28303942023936,66.87246100095193,164.24305464844858,168.59364524830036,126.1016634168028,131.6194074060408
2372,79.06666666666666,114.81575591982447,116.63343859736443,62.668205132506024,67.01266847275689,164.79081272156006,168.54028474186327,126.73992988872767,132.00946616809793
2373,79.1,114.17256059742942,118.715640816293,63.06370135612965,69.21688684226616,164.7125432182301,168.47211142855602,125.21367281823463,131.78512250086575
2374,79.13333333333334,113.87344584032309,118.82010048620597,64.23249786739346,72.47547255528006,165.73444175952432,168.1795441654487,127.90012991212717,132.40237978380787
2375,79.16666666666667,116.65330776498533,120.15795444459738,68.42465309859742,76.67304639498455,164.7899372025957,166.48271272122244,127.7565385592126,132.51406020687455
2376,79.2,117.78832592967733,119.56691099950967,70.10659437028626,77.49005596243732,166.2237213353439,167.8681904274979,129.1020548388882,133.19659138015953
2377,79.23333333333333,117.24311161206582,120.48538670728138,72.27294732642086,79.89836185678865,165.8182743047759,167.85228818298097,129.14244975750998,133.2162121725192
2378,79.26666666666667,118.53088386552828,119.77896418277776,73.37966490527984,79.3203273128522,165.9471089894137,167.94037598656251,128.82153909369669,133.28052356921964
2379,79.3,119.17145849696396,121.93299924222681,73.96637772398023,80.1600742302168,166.3995241025019,168.20926465281096,129.75224167088768,133.77107054135956
2380,79.33333333333333,119.88833944078841,123.12544533405891,74.0500017768534,81.15696384278252,167.03098353149372,168.2094679539164,130.80708119337893,133.535654985918
2381,79.36666666666666,119.99536853860086,122.68012195445723,74.59557548108931,82.02871173199667,167.21578556517508,168.3416859068587,130.5643601686832,133.6341237165104
2382,79.4,120.66564094683768,123.43211223956263,77.54785496938402,85.70891287683627,166.08945152929613,166.52612926514917,130.0677004130615,133.6970058813551
2383,79.43333333333334,120.66055223844799,122.23054907850738,78.66968811760631,87.83964352218739,169.2009980362236,168.00491405298183,135.3058038743386,136.41812958602137
2384,79.46666666666667,121.09355875021436,122.27431139581505,80.3320326307651,89.76263466601857,169.40974257055353,168.44396188333477,135.63133815377176,136.4901999369759
2385,79.5,121.32044350257958,122.78814004312882,81.75752994276651,91.17292747562658,170.44853572872717,170.04370519288008,137.65948932552968,137.4842130982781
2386,79.53333333333333,120.50489678696484,119.86764768689463,84.3028187752982,92.65465726787401,170.42844922886988,169.81074206996607,139.14505580863343,138.2190304508831
2387,79.56666666666666,122.71080227223993,121.16159851001521,88.61358656855641,93.99680660732443,169.8838334083036,169.749661212895,138.35422059600464,138.0300536268772
2388,79.6,122.02318740172919,121.71044889529729,90.07831465811746,96.97468124648745,169.75852186653287,169.57179009692717,139.19817920323757,138.52675085524425
2389,79.63333333333334,124.23902565941839,122.50640741846668,93.1895151548794,98.66087878077788,169.3770757763177,169.53936937753497,138.63885625871657,138.27593056287304
2390,79.66666666666667,125.45916658245262,123.1650691242963,95.60333482322595,101.59826374443817,169.75587861483774,170.31441948199952,140.0011060423892,139.046466404789
2391,79.7,128.37890721971698,122.06893911497964,99.18808781731784,103.39169703971255,169.77562143373103,169.6810424369531,139.28085065921806,138.83939630481896
2392,79.73333333333333,129.85551132566945,122.48573545284954,102.66945281535969,105.37602983648016,169.28494161039563,168.67636647445795,140.03123344791453,138.71616862777876
2393,79.76666666666667,131.64166777606778,121.94990981444658,105.8468993834234,107.2135828634993,169.16535688621684,168.64129818694076,139.65173170736827,138.61208042127532
2394,79.8,133.25788094098098,123.90733445346855,109.27991178743049,110.84374602217457,169.14686396331564,168.30002233110588,140.59328208335262,139.0173256402539
2395,79.83333333333333,135.65338230243705,127.90871139408996,113.5712295407885,112.78889269134771,167.22421759624913,169.075418624406,138.45681027675624,140.12770196681424
2396,79.86666666666666,135.04481188914443,127.81663700037429,117.4894047435443,116.52557551245127,167.68071882859846,167.57782378547753,136.95657534774307,139.4855045304465
2397,79.9,135.50593660501377,125.87502339429827,121.26010109630185,121.31454948946022,167.28487662863262,167.09791804144152,137.10310666181982,139.3797525083528
2398,79.93333333333334,131.83121248876668,125.12896501618577,126.82676743271435,128.77648535341547,163.68716924466426,164.225353438037,131.78710773440483,139.65558245143103
2399,79.96666666666667,134.5433505424495,126.85071234118453,131.69943057048286,129.9741070409656,163.5835441361168,163.7601337756611,132.5879890838713,138.45153706671454
2400,80.0,138.3496435683853,129.90838197629324,132.59549206438933,131.45352136153545,162.2681048585254,164.7908776481631,132.0889627176604,137.8938374884825
2401,80.03333333333333,139.91182748236238,134.26310615382806,135.64526283705231,134.6339881873282,162.66046806239603,164.2836756161612,133.04717821055075,137.23967233278836
2402,80.06666666666666,140.56260769743835,136.56135150936888,138.9956269308343,138.74472949545492,162.10972248836757,162.14905966097092,132.53029124202817,136.51662757209667
2403,80.1,142.87412217228956,138.21525484217523,142.4465104436444,141.25817177187022,156.07969439583013,161.47475866742195,126.20073715770697,136.19047779865804
2404,80.13333333333334,145.4793201998473,140.28225748157251,144.96840365383426,143.15886696246332,157.8112381392457,162.41524766324798,128.71981651763963,137.27241885505416
2405,80.16666666666667,148.00951563990037,143.64468268860847,147.73499558734025,146.2458817637126,158.39787015656628,164.4828205454033,130.98088400855312,139.23570994300877
2406,80.2,150.47391099178125,145.13892470808693,149.42972537114719,146.93286988284123,154.78754994288803,166.06370548385968,127.41616379507377,140.25368512149228
2407,80.23333333333333,152.04931885815571,146.87076514227232,150.682618230625,147.60731701674305,156.58126774133464,166.35818666955447,129.04176164515403,140.5359198487693
2408,80.26666666666667,154.46835594303218,148.5934563621183,152.03164615721127,149.00664532123469,156.28905460988753,166.16037111289575,129.42776179309368,140.85820778348375
2409,80.3,156.27161274035845,150.67527648354206,153.04759358171628,150.58734006882588,160.7291360845761,164.80876415372217,134.38536336027795,140.1443869833328
2410,80.33333333333333,157.6347925476315,153.38696016151053,153.78092231509726,152.94658856369156,159.97517969595793,161.37481700617334,134.58171848578834,138.9427290112576
2411,80.36666666666666,157.94226589769642,155.13310387926282,155.0620799380633,155.21054503629676,158.8545399990163,160.15007728535267,134.08679228990937,139.5038991655955
2412,80.4,159.0347821070915,157.29200221489853,156.22829669173962,156.74761512248145,148.17229152408137,162.12835649624475,127.29490737006304,140.48481944119735
2413,80.43333333333334,159.99882711528073,157.128157848462,156.2326833628069,156.78773073700071,152.82197805079335,162.81331485666894,130.6886347940656,139.7780433569126
2414,80.46666666666667,160.61497014024084,159.12815732738815,156.34986134253543,157.80740996850759,153.0665520793832,162.67342969333777,131.0314075374182,140.12987787783723
2415,80.5,160.56653361311834,159.9138722041764,156.4451871052326,157.40614610334512,157.14231508274202,162.34169410872153,135.07395820910088,140.26258726718328
2416,80.53333333333333,163.050037513279,160.43847681720084,157.04357702028415,157.09315490491733,153.75697002056518,162.47495893537936,131.27857858811578,140.25294730936812
2417,80.56666666666666,162.50850516603154,160.87433237343768,156.3782254445197,156.9248046846292,159.42280112478105,162.88362606504552,135.3757696073633,140.35324514830793
2418,80.6,164.06646409470457,161.03402083986924,156.6247431773097,157.0331141970187,153.93975828406988,164.15580845993034,129.7176465043399,141.0460629280207
2419,80.63333333333334,163.91171177827857,161.56432931222105,156.21725948038284,156.9577749990801,159.95651373287998,164.4904429062544,135.25607374168354,141.18381217882165
2420,80.66666666666667,163.96383220090405,161.57296689345833,156.41682670184753,156.86384205341693,159.5249736178166,164.42988433881834,135.0683976824277,141.14040242346664
2421,80.7,164.68810920019908,161.61578223227167,156.09942350181896,157.30182546877208,156.53369679780178,164.07398380699314,132.84383854378706,141.15255415156835
2422,80.73333333333333,163.59883678049462,161.28654435799965,156.26680829267383,156.44580773774624,158.8612053626931,163.0578713924718,135.85415057294142,140.69934213466195
2423,80.76666666666667,163.74208935579608,161.34869521031777,155.88211014281495,154.68354231563978,159.64733672728525,165.3633889373605,135.17220369435984,140.93680886311816
2424,80.8,163.96883208970303,161.19293522672706,155.56648827197583,155.0335235643672,156.89135623993982,165.54525420753282,132.01455920713158,141.11491594333916
2425,80.83333333333333,162.89125425752422,161.42676235401345,155.02850681567827,155.06703481370138,158.0492583418133,165.40759425514844,132.7032870983788,141.2940003792982
2426,80.86666666666666,163.35967503589052,161.6499495238039,155.09607919328053,155.28505279443934,159.5515593729023,164.9129243470037,133.9025172348668,140.7520813365345
2427,80.9,163.76750188257824,161.51612881490203,155.76834269237042,155.89306011134877,158.58661569042073,165.06802103648062,133.20511321285412,141.35945226785046
2428,80.93333333333334,164.10975707246726,161.76374639824766,154.99969673308965,154.37277697440703,159.66025626617065,168.26048169566116,132.96169356941226,142.20931793404984
2429,80.96666666666667,162.41322211515097,161.50737647152118,154.86359565805031,154.77619933750842,150.74015285203438,166.35955806649886,124.99120921363112,142.53623750246066
2430,81.0,162.38623900904912,161.29645900586416,154.30624144928152,154.52175131449977,152.0452892722648,167.19178384914838,124.09398047945344,143.06172586794307
2431,81.03333333333333,162.84729323818488,160.57322802269962,154.53466204020796,154.43061936395029,152.81571214864562,167.73817273492108,126.12027211353379,143.71833239184923
2432,81.06666666666666,162.29517478604512,160.73012297672815,153.9410585848439,154.60515176525448,155.92322290473834,167.9700555645011,129.38613065570516,143.79626855270766
2433,81.1,161.01748807955693,160.68441920985657,153.5452589301781,155.5911120168939,155.47158695712048,166.98276271411507,128.80173337964845,143.54224452235675
2434,81.13333333333334,160.11764776321093,160.59296181902178,153.24266390076778,155.28227012603645,157.3859310198444,167.60952413689847,130.72324822075208,143.87274871068328
2435,81.16666666666667,159.73531476568866,160.12328916395424,153.15805182077756,154.88903433826394,153.28438996816578,167.4008711661824,126.04751599863614,143.77963738331718
2436,81.2,159.30476509947516,159.47308792758034,152.52695957412686,154.71919261486866,157.52343603827532,166.7744064086263,129.71236006361002,143.21795555655814
2437,81.23333333333333,159.03316627489093,158.6771816325943,151.95550229829166,154.18488794643133,158.4270388379284,166.78532521754758,130.53728565392333,143.14671798236645
2438,81.26666666666667,158.1435437958994,157.7434052122774,151.62996547466082,152.92575787761203,159.81059362433996,166.22388988508317,131.97760669505848,142.2724432719858
2439,81.3,158.00597872983573,157.31319480961486,151.28881232928345,152.83964034982688,156.1937762656447,166.21604434474938,129.219905894965,142.32498192318374
2440,81.33333333333333,157.13887950110134,156.08839714560958,151.15313115923942,152.0377322730703,157.45634920264342,166.30435059727358,129.89071236943096,142.19918063719825
2441,81.36666666666666,157.53931738561937,155.69432923293544,150.66627146087134,150.88495734004206,156.22272149199262,168.4324295252687,129.5579480124869,143.38827141887302
2442,81.4,157.42455871841707,155.36356740001543,150.188550807188,150.7381312662848,160.63189183341842,165.61878479660606,134.60851579938054,142.39858452682233
2443,81.43333333333334,154.54483180668606,153.77388390158313,149.2817119337281,149.41049246459602,160.2015159660246,165.1896419298697,133.87704509299726,142.12134191408708
2444,81.46666666666667,153.02200988997652,152.1347987658339,147.76375163236537,148.57663100810163,161.09235453036547,165.65529767185754,134.75583248147376,141.8328031947345
2445,81.5,150.22134666907758,148.16007231357565,146.00952149122517,145.70770946312297,161.74965846645705,163.3823834037951,135.7072030377243,140.41441403597224
2446,81.53333333333333,145.9698192779233,145.1927919853205,142.52876380288222,141.92539019046382,163.20040053875266,165.8797546196666,136.60159597157602,140.29023024305306
2447,81.56666666666666,142.6219605694259,140.55059827678573,137.6791419960057,137.78640876946793,163.493973746613,166.54090792626374,136.50797458220583,140.27728860326735
2448,81.6,144.05132821724087,136.93087008505825,133.89764466882355,132.31962497221224,165.57289739430013,169.81358312493757,139.98936465479025,142.3244651635654
2449,81.63333333333334,142.20145218742613,134.4568213724007,130.6048157927913,129.7964682469112,165.78445562827642,168.13019311612535,138.92056966887637,141.20940103416868
2450,81.66666666666667,142.05569389710104,133.06533226016404,125.26870926646497,124.31813172172696,164.53760592076375,171.2166905545104,137.41164639051206,141.78578916929268
2451,81.7,141.26210538915817,130.86920421473474,123.23597783227372,120.97979234216473,164.59188734272732,170.92153315298154,137.68596585892186,141.87095453053254
2452,81.73333333333333,140.43579342258235,131.68390803702354,120.06037556749267,117.84647399321878,164.9210407513414,169.87663579383346,137.76301902496277,140.6412540518317
2453,81.76666666666667,138.8303477927632,130.73625209009649,122.63992841878293,118.36439028392279,163.40672090678598,169.99013879593227,137.37081343529957,141.0208572466111
2454,81.8,135.31591813974154,126.23311359242669,121.16146213022107,118.45625334832619,164.32291698376056,168.5888948906742,137.18176106267657,141.02530623013104
2455,81.83333333333333,136.73361351166074,126.1752399057309,116.47430727111724,115.59074620010067,166.59067801693018,170.38045495210625,137.96716308750737,141.26016128012512
2456,81.86666666666666,135.02399667063253,124.35050171175463,116.61943253773737,116.05044219795343,166.48871482384897,169.40082872118347,138.63270019633276,141.30938752430097
2457,81.9,133.53629343151744,123.19794000322436,114.00028876614971,113.35232882417908,166.16793299974188,169.9963208508518,138.65110863323494,141.20901043017207
2458,81.93333333333334,134.28400417003817,124.66793116495519,112.66844559201377,111.57246927531811,166.01692972972057,171.2073425235345,138.69065566638147,141.67832082383285
2459,81.96666666666667,133.52682582712418,123.49562338820103,110.10676702501172,107.50458615019424,166.38701252460658,172.21004003848813,139.07459707012444,141.59066139305702
2460,82.0,131.33245290106652,124.65382940269642,107.24831044077024,107.6659811319664,166.42213351378442,170.94205569338047,138.83075448376368,140.10867129585588
2461,82.03333333333333,131.1677088564731,124.09322294910666,105.26563594998684,106.7991215625419,166.36843578407414,170.48622779698098,138.55762410356854,139.52668441419277
2462,82.06666666666666,130.28223008289154,124.90915862436344,104.9352757985964,106.87085867519835,166.3781414685037,169.93801397384826,138.71234784872632,138.91438658220935
2463,82.1,131.6593855738075,125.56074424971924,104.01327655925002,104.46249726539787,166.61253597203563,170.36910617058282,138.8268908882765,139.14944815267518
2464,82.13333333333334,131.57240917568024,124.0923794272846,103.54433764224807,103.69928549017597,166.2821654145355,169.95803428687213,137.9868867314737,138.79334698885228
2465,82.16666666666667,131.93458830712297,126.75815102412807,102.2376054060306,103.10857607708311,167.85091513528465,170.8279331392932,140.5078992752607,139.7086748300693
2466,82.2,130.4307314675818,123.91883158997858,100.8920857894752,101.9255707317546,167.5738180578169,170.71660937578463,140.2107997661661,139.6083058511301
2467,82.23333333333333,127.44846892587032,123.19522579566865,99.18612669795465,101.74810158853349,166.7061596308082,169.94449656909975,139.5355062529738,139.04157325596543
2468,82.26666666666667,126.67089120484191,122.39696178520602,98.31661887245137,100.78095193749583,166.48030416429307,169.11651686075862,139.2215190593437,138.3725855439357
2469,82.3,127.90968888038552,122.82019648889772,98.40001890299726,99.32496107553153,164.61005996525645,167.76174139522726,136.70530475196608,137.27266484655533
2470,82.33333333333333,126.36449121469971,121.2519881948727,96.97706867349719,97.70190348397361,164.07960631606775,166.94236132865066,136.5934517730581,136.650750720853
2471,82.36666666666666,124.83065179119745,122.41195357098995,94.46457529048871,95.88932791450924,164.41986372136586,166.51613902080942,136.44836332730685,136.4748652519386
2472,82.4,121.85206949231589,121.23446363751135,88.31860127263433,91.39526939233791,166.22205572464972,168.59198465547098,136.48815662608482,136.80479058049397
2473,82.43333333333334,120.18868200330171,119.97749075296626,85.92772182095544,88.26793013366822,166.1691948365251,169.04381099797018,136.7589480861743,136.77864309549028
2474,82.46666666666667,118.00923402552081,118.69251490730754,83.22771776139622,85.23208136708405,164.02116391504387,169.26895518633785,134.46006958554077,136.96370363173025
2475,82.5,117.51094569551941,117.27953122494189,80.99297869959001,82.74884239630846,166.41447846150277,169.13163113478527,137.67760633909637,136.62226680533814
2476,82.53333333333333,116.56305783732311,116.96967808415275,79.32086496045088,80.78742119091145,167.28072452652762,169.29587940795668,137.73984922029862,136.887640754044
2477,82.56666666666666,118.29935495369149,114.46178507192369,78.18258649762473,76.36958454764894,164.90841686843834,168.93389888710018,132.9780495480018,136.50273619616098
2478,82.6,115.8201715434505,115.99004825210045,75.4206575542952,74.89218753212207,163.55859787080263,168.1342019975679,130.25812333255018,135.02920951981545
2479,82.63333333333334,114.15750577043255,113.83066986380223,73.2821682709681,71.88083157237043,162.69301193529384,167.79197851152773,129.85177160209707,135.1169916005884
2480,82.66666666666667,112.67787420229887,111.99784956573788,70.4147679435165,69.67243524178176,162.20905596315816,167.50311237652576,127.67937524621561,133.51931457399795
2481,82.7,111.3930595535129,110.10604390626605,69.49192596646022,68.10196010231452,159.69047169592062,167.8426682118859,125.18722423896226,133.4059815121051
2482,82.73333333333333,110.99247929290786,108.68573946003346,67.49489518932444,66.39118290382704,156.602194108362,169.41373501923786,119.61458832974608,132.06978193015246
2483,82.76666666666667,109.7730256745389,106.13571970777143,67.54725360117057,66.16057269112146,157.2799700472045,169.3867215379603,121.26256002616802,133.44757642937654
2484,82.8,109.32595702535984,106.04336449437209,66.24501717550501,64.9343707492889,158.5530656871112,170.10731810629323,122.15649499073832,134.65928900411976
2485,82.83333333333333,109.31025739253612,107.16167072318832,65.63796317833567,64.4205194033179,157.77226511771647,170.3712366384069,120.94056378750109,134.6995380209977
2486,82.86666666666666,109.63970934567371,107.87173825754896,66.1062101038026,64.31984832599396,155.57058161013458,170.0642504293484,118.67237464454601,134.76291937345374
2487,82.9,107.64255842162329,107.30614942664387,62.376146193790426,62.327309544471866,158.36005632982346,170.884407635367,118.95053764071749,136.32660027171673
2488,82.93333333333334,107.99910800323752,107.71640764677628,62.161477728175974,61.80403590987929,158.558189173791,171.02487927674463,120.3212509758926,135.75961912881638
2489,82.96666666666667,109.3954094755123,109.05194961040307,63.525694466006385,63.624218723130035,158.54554673660112,170.13207058002334,121.01460014197495,135.4420354277453
2490,83.0,108.64421362472582,108.59017780862543,63.6770101535095,63.56231406288297,160.17782862809875,171.53090691995544,122.61259033772608,136.63633126541941
2491,83.03333333333333,109.3611377113343,108.13544412360072,63.60584065927257,63.57473452194162,158.0788880708523,171.51436257857844,120.78252900320751,136.61960980494968
2492,83.06666666666666,109.80506219567232,108.1670201597157,63.559661033621566,62.49190787648824,156.94729680340367,171.19037205958452,119.5494691367317,136.56762559004892
2493,83.1,110.23983761965346,108.19029285316049,63.88868410733721,62.61195093803769,157.27985968175366,171.01374089869844,120.58694428523673,136.52361099553946
2494,83.13333333333334,110.05617789469746,107.59197262084339,63.5842767286156,59.77041550303654,157.52403965583986,170.25253460716647,120.78123587902938,135.2204320155081
2495,83.16666666666667,108.75901535884708,106.68034312724247,62.9301920690432,59.69944544180264,160.76177018321343,171.93591550379927,123.5018715765845,137.51947439370667
2496,83.2,109.23800819952514,108.38489966984099,63.24421596999068,62.056797227129834,157.9521850414615,170.576894839338,119.9988212780586,135.88219859009797
2497,83.23333333333333,110.32054128288826,109.60696430836593,63.69707315422223,63.07926083770996,156.7815532782494,170.174379255651,118.60395487021687,135.25526957313392
2498,83.26666666666667,110.13976243115154,109.07130905355405,63.8754347705018,63.12552805074251,155.96185446508568,169.7262515280304,117.70671336856772,134.33347331698502
2499,83.3,109.29026502181954,108.47878761224455,63.741832305814185,63.116968370803086,161.2440715224447,169.36393949117786,124.77300977024986,134.84350504152482
2500,83.33333333333333,109.63977614581579,108.06349829625486,64.25835853845147,63.59422962791053,160.49974955463833,169.39061406373182,123.61760730001247,133.79637127415867
2501,83.36666666666666,110.58906477609945,107.6752315805091,65.40853893382447,63.68973908025492,159.30451954251515,169.44955533840317,122.64880269461823,133.18491612726055
2502,83.4,110.86144885728322,107.48517881177304,66.2963770776786,63.84143148686237,158.70067087987653,169.5718145789723,122.23780071187996,133.5278013140605
2503,83.43333333333334,112.00857665310718,107.42379198715396,67.60181711688358,63.701754867213175,156.8393014369667,170.53086098249636,119.78834736467928,133.81771838201627
2504,83.46666666666667,111.7676563760405,107.38473196896099,67.58050253141352,63.91028826157493,156.21158784108573,170.1003547977848,119.29772146894292,133.9967353801275
2505,83.5,112.25044450745195,107.72392297758279,68.97491514173521,64.56745746692523,154.7262811810583,169.27392007081176,118.41777695567528,133.43005339224507
2506,83.53333333333333,111.60572106421394,107.62967244885283,70.17743446128448,65.85290234107377,153.45684245291474,166.78201312646956,118.6516062092117,132.58014936366988
2507,83.56666666666666,110.94220139918218,106.86640547328363,69.95825675259323,65.92454695924033,154.06296700177919,165.71247164712227,120.15569061251017,132.2602864145923
2508,83.6,110.86416900686578,107.6329159296619,67.58132507617111,65.88081254194864,154.55039065348288,165.932470395301,120.90548116250194,133.30407344601264
2509,83.63333333333334,111.2382374712221,108.02358379108122,65.57738717073273,64.66930725363255,152.37286386454764,166.36122454627883,117.23214717413036,132.2709175839727
2510,83.66666666666667,111.6151470854783,109.08813184883893,63.01170452414819,63.900574181777934,151.13492309509448,167.30054651205268,116.02031012427248,134.06961895712988
2511,83.7,111.73030113910572,110.19924368544258,63.82082094576876,66.13885706581937,146.7913906247189,163.37470826893133,113.80201936356421,130.77907028064755
2512,83.73333333333333,114.04060084474618,110.77048316656398,59.5929339422546,64.62090104296173,147.4279524246629,160.91042794124704,113.75131910195702,129.37485039768626
2513,83.76666666666667,114.88422155116568,114.60304559026599,56.00980815583593,64.75193352342502,146.91512780311348,161.05870611291064,112.62109809536165,130.8729307500186
2514,83.8,113.9664644103913,116.2890071099633,49.96319761731313,60.17452503998866,149.0323499073433,160.2402660592732,114.2535915854992,132.09623915285636
2515,83.83333333333333,119.2976470604868,126.87103523816135,45.66611325806123,56.354243146769576,157.24265363023073,162.22576661724608,124.58223709235176,132.93321000186873
2516,83.86666666666666,108.9375677565017,127.31191482847618,26.52755707617736,50.05247389284157,161.19308148050726,163.2891136354128,126.38219398515577,132.90081688664566
2517,83.9,104.35657978174403,118.16653716834493,17.528415008020943,31.095463903882532,161.72820349593096,160.81272252639997,129.99764937057202,132.63827017539805
2518,83.93333333333334,104.70411868536452,109.86192294428064,13.959747876439286,20.615878993361758,163.0647162652066,159.9514253059308,132.86215958046998,132.66447502587872
2519,83.96666666666667,102.21590369596109,114.9444731664524,17.490357285733495,20.63560836781935,164.96468988730243,158.00699139370576,134.3271659494991,132.9551412423814
2520,84.0,108.633388449617,123.64874887338368,14.559513274617427,20.13898704882257,158.22369369316644,152.48619495312636,131.89439435541254,135.06318120170062
2521,84.03333333333333,109.81799544307144,124.63343979742702,12.365490039463038,19.744849157220806,154.0594380200305,148.79983896733174,131.18029928893097,134.39034645204944
2522,84.06666666666666,107.08063345332309,109.50740979690576,9.916853988390216,17.035628431033302,150.01862258127966,144.76984743238967,134.6487179837431,132.58712271389223
2523,84.1,109.75106648349316,118.19188408440556,8.45517360253284,18.669500420404095,150.0369713993672,144.42183022005193,134.0829729325105,133.2866762857608
2524,84.13333333333334,113.15917068988003,127.48373116960903,7.168855780429157,20.435501466238062,149.7978022019836,144.1845842774825,133.84417900132468,136.99599850026252
2525,84.16666666666667,115.18745517772105,135.07945618601215,6.228451931668609,22.79604083726014,149.86195542136832,143.83975067755392,135.55643258857546,138.73125049093827
2526,84.2,114.67726611569593,137.94523299812812,6.546311518999662,23.73981557841432,151.5211114758165,144.52330276681832,133.64697623496687,137.24437121687382
2527,84.23333333333333,113.67865913816247,139.4836738338969,6.580833044590012,24.44495392992749,147.54703491432497,141.76947216569332,132.10173239030385,135.92265031907777
2528,84.26666666666667,116.31205405230699,140.471785837197,6.533661810108089,24.423879887590754,146.57215036756264,140.73771065584202,132.43536607375955,135.4695702524048
2529,84.3,120.09692887068684,141.5393541489183,6.15912221869588,24.257067134977397,148.11278045765638,141.32896194309097,133.23353247148438,136.44220857112097
2530,84.33333333333333,119.62055824409958,143.92888775698844,5.046690622210228,23.98031503368627,149.32969898436806,142.19956601767976,134.1235995519934,137.8497902346597
2531,84.36666666666666,118.7027478513357,151.46839641651837,4.195423286218496,23.48709874239136,153.79507188113283,142.7760526041757,137.11566640899062,139.84240101521837
2532,84.4,116.233640224564,149.7294855885361,8.327999013710484,22.628072746721895,157.8514108657357,143.1188866729277,138.4285613369078,138.4820923967563
2533,84.43333333333334,103.20658020645729,155.55695236053825,10.1876289456431,24.427105005331477,150.8730140723869,140.5769317535148,136.54027938626788,139.6236548436764
2534,84.46666666666667,112.8577296199972,162.00994362021098,14.31679077565457,25.78531953460888,163.17688624409186,142.60413191077942,140.18150989464954,141.58940510453343
2535,84.5,111.65670283858474,156.60535927879044,9.808369503110205,23.989283360218735,159.21925430758012,140.26699252603905,142.39334207218081,141.23818324450582
2536,84.53333333333333,110.9441993326318,160.97681786657705,6.599414618911951,35.552469724324645,159.082161578422,133.64830749226746,143.60797038822028,139.88688333132828
2537,84.56666666666666,109.67909966355754,159.17346532695186,12.029143288081075,31.55943123311961,169.92394010676577,140.93638925310356,152.58832216012547,144.34835481974
2538,84.6,107.55426417417374,161.57581350167266,15.814786609073145,36.20674857186551,175.60959977611603,145.7230062393618,154.7740630748608,144.07753859251244
2539,84.63333333333334,107.74631491984002,161.28690324192047,13.27611633485875,35.605425644839215,172.57053344438665,146.8284986663028,155.7828249548409,148.74020487314277
2540,84.66666666666667,106.60947146876514,158.87893280606357,17.935917993752017,32.66806167585145,174.45522290795833,148.56945806154206,155.0488564329284,149.64523979237708
2541,84.7,109.52221523215543,160.29764439094197,11.773208679228585,35.61603742097736,173.99227400443934,141.2990804339799,155.92286668571762,142.71718406054222
2542,84.73333333333333,106.87296956575713,162.3780866293798,14.566724146079764,37.11937721873368,172.96644369490437,145.22047949570398,158.73545457526407,146.26861783635562
2543,84.76666666666667,104.4388916935824,164.2835585041903,16.1831651862653,41.60828585160033,169.1255500861476,145.60718281264255,157.55242223526022,144.71830364590133
2544,84.8,108.75434279595278,164.87133149402695,20.23518550142646,37.34097284447603,167.40584222646584,147.0642745735037,156.6872711398373,143.7146847974168
2545,84.83333333333333,110.20202234536536,166.9693011342186,27.0957398871637,34.7632726018217,163.85422287301535,158.4449579930221,162.7361561980612,154.8536039160276
2546,84.86666666666666,110.08939455780275,166.58523787899375,28.314312323829753,28.807687782803796,166.46807835856995,161.85951764384913,161.82710273399545,154.87785124040605
2547,84.9,107.6829878310138,163.16408913838328,24.933128820527003,27.493180484923418,167.78100404591635,157.6851348318548,162.2892498249533,153.436893611465
2548,84.93333333333334,108.56754961745932,165.40418305730108,21.70457168178706,36.170296188491875,170.8194290997066,151.325733134714,157.57035384830004,150.67326898904153
2549,84.96666666666667,108.47563490641573,165.4190258888063,18.86051977419129,43.839900918001106,172.98333642328916,149.3086187916594,155.2693207335273,152.38919437674662
2550,85.0,104.8547319751391,163.02842850571392,10.809951926809882,49.434127697151034,173.7522418709669,148.7463248591922,155.99144061660343,152.34034163778253
2551,85.03333333333333,107.18946091631976,161.62318572448683,10.389223732106005,49.14061519107605,173.47918409284816,150.85974285137064,157.79968799377053,153.45084021327068
2552,85.06666666666666,110.14188945642957,160.11954132673267,5.551817608410889,48.24018228861714,170.60002679432816,146.7349973741302,156.92849483228542,151.52498017763565
2553,85.1,117.18062238411129,156.91212224862568,4.5726834439631805,51.46041214541472,172.06856724658286,151.4316052207872,156.22138540252365,155.39420620863888
2554,85.13333333333334,115.60953135544013,161.11608960202793,8.142299451460417,47.06308196424044,172.5120850414507,151.7880683176986,156.38072502767054,154.81577953139563
2555,85.16666666666667,116.41151434501712,156.35770343874063,7.0457358991619925,52.60689764136154,174.97998372073806,152.37417738251946,159.7094403942623,155.28655834842843
2556,85.2,113.24825961235967,159.8070671477918,8.888210985534622,48.18868327345554,174.94422144848332,152.68268458414408,158.0942716626597,151.28085345245597
2557,85.23333333333333,111.00502233213273,164.4435986188089,10.688913422587389,41.1292531885745,174.99929911661155,152.33312567229495,159.36035523818046,152.50961390532387
2558,85.26666666666667,110.90993637026573,165.01168657900726,12.927028503502289,42.260462285635484,171.45868855322442,153.28677528195615,161.30112456051597,153.61028330461556
2559,85.3,108.67985510135011,163.91593806346992,12.597180170876872,47.29442509122299,171.1264786606248,158.27261883835368,164.25963686541888,157.97573156219923
2560,85.33333333333333,101.19275086185392,167.46417514823062,13.74324577113287,46.151115296922974,172.68981675444502,152.65651788014918,163.41123309013008,153.5393307082649
2561,85.36666666666666,96.64262069789712,161.41747544073368,20.11471996076632,35.41634596847552,174.43561480162293,152.36925423251054,161.73949226765117,157.21710276886319
2562,85.4,93.16981545795669,160.16270933918196,29.802218864532268,33.217808357015016,166.14017410243687,154.2312559753683,160.77263890516952,150.93289263526648
2563,85.43333333333334,95.27718645830555,161.6359186141227,42.88666005688803,30.547099784807752,166.57512075641628,165.3700822693228,161.15253084476404,160.85294898756052
2564,85.46666666666667,88.98777617724,169.14810737143793,60.25156953205924,34.22218631242814,150.80407307156318,176.153573829936,167.94781269337065,170.88208152581223
2565,85.5,82.24915488236262,169.1462412024802,71.00403375669615,38.89256730993364,149.37305246588178,176.14243823118827,167.28352821919125,170.73748845774372
2566,85.53333333333333,99.21454477764904,166.7058213242918,76.78537541863805,60.931007339009525,151.71436213108683,173.50912471956005,166.5113508358142,170.4020529199513
2567,85.56666666666666,147.65965318797902,175.7578405292411,86.56317510704066,80.20235263947023,149.50261544534132,174.72742220046717,169.77349930730065,179.29488222435782
2568,85.6,159.5475180518926,179.0323021471226,87.08020794243235,91.10952515783778,146.60991453868957,172.41822068504248,171.20898826033476,177.27311623123225
2569,85.63333333333334,160.91963324039452,174.67926280016718,86.2638273421627,90.94006101499932,143.70005023017146,172.1552729597337,173.6428013883368,171.00324246350294
2570,85.66666666666667,165.41042819768435,173.96841590910267,82.35208258680478,99.99570053689526,146.57774301249117,170.00346067457969,173.68774749441684,168.3899076880915
2571,85.7,167.98396104423963,172.24624938189666,84.7563674094175,101.46710693304624,141.4667318988927,169.92650197348712,177.31115551234652,167.91707429515702
2572,85.73333333333333,166.36797308627035,171.79517186344228,81.27024762676432,103.00270100937468,147.46155347895836,169.94456951725738,175.97724554827408,168.1500037808306
2573,85.76666666666667,164.8248611492577,167.7476332776217,83.90708068020405,99.2025030414181,145.7209683061719,171.42708033442807,174.4700364008518,169.45733358467973
2574,85.8,167.65735020768855,167.42619227829934,80.68846758949448,107.13192325556479,143.3826869323339,165.75882502180076,175.54024109919374,165.5922360302127
2575,85.83333333333333,167.20644484997564,170.17390458856164,84.38707287103098,110.58426890978288,143.04741447226002,166.6258998062104,175.52450163642675,166.83944271724386
2576,85.86666666666666,164.27659963933272,172.67319679503015,85.62956235847547,114.61234430161225,142.2253947204563,163.61567502268915,176.6376325643852,163.59468925633712
2577,85.9,159.2551455146606,165.48684428929172,88.00459392095144,107.0533730819563,144.09134633898904,167.07462712573286,168.54720525243792,163.249374980869
2578,85.93333333333334,162.89870152681561,166.40922828077237,89.38944113294211,111.19776195377243,144.49996658735552,167.88125997729492,171.9172708060269,163.3042454326626
2579,85.96666666666667,167.09960538824976,170.95333918338108,91.37095080323242,116.46301031594791,143.7527558646366,167.19177424577285,174.98798209470667,166.56841953854118
2580,86.0,168.65477298919222,171.63375403140617,94.27214691912499,116.78160383788824,141.17830349209834,167.4627511834156,175.28805780271287,165.920030683946
2581,86.03333333333333,167.42532277008297,172.10465239743505,94.53023754908301,116.30201823300696,141.78686264234193,167.40319786315263,175.24318052789303,166.33864902633692
2582,86.06666666666666,169.02040231436385,172.29831424698307,94.77535096844761,116.77357224101596,140.8695958171602,167.1973910575909,176.27168000322337,166.6497252546162
2583,86.1,166.6992213125612,175.07548620375275,94.60956027477404,116.5311437919457,141.88482036076383,161.0335836180768,175.68082867108282,162.79052722324118
2584,86.13333333333334,165.92012529140138,174.1491771177711,94.53195226648458,117.12621800142591,140.40418783289437,161.90719168659678,176.2044981121257,163.40973328460876
2585,86.16666666666667,162.95620682439,174.7522288008278,94.1337174711147,117.24730425025979,138.59516083015558,162.68380435256375,175.8158628118071,163.48981891986742
2586,86.2,167.07574391106985,176.41985719829188,94.09940350171676,117.83511843973535,140.17922008988506,162.95672172812007,175.25331905182918,163.4042573646791
2587,86.23333333333333,169.0677290457698,176.432915039626,94.45011430319909,118.67908732592846,140.56826743775335,167.36854029958673,175.44148251272023,166.42885805024042
2588,86.26666666666667,170.4865163385072,177.60577120717141,94.72977015593032,119.18709542315301,140.892201283986,166.87941601067845,175.67137654628158,166.3304642831501
2589,86.3,171.22979259131077,177.50620138283824,94.64992228771999,120.02307440169328,139.65869556925077,165.03552670060685,176.63173965153118,166.11053819601463
2590,86.33333333333333,167.48117729024125,174.92790329971612,94.24260079048958,119.31627008236656,143.05834925989805,166.12623855889257,173.3870189382711,165.81395415471442
2591,86.36666666666666,168.6915263494598,173.16573764802627,94.98007386312916,117.60845211186435,144.04162562337163,169.77630413933733,173.06135342060003,168.40198865830325
2592,86.4,168.9814507185358,172.06543229031067,93.98843252977207,118.19098459925198,140.64646371377924,169.58399288158827,174.18207023160855,166.4199908549797
2593,86.43333333333334,169.99492330607265,172.9797733441499,93.79131276784763,119.23783854896948,142.78506660040375,168.2150029540627,172.27968468856642,165.47332666533262
2594,86.46666666666667,171.50258957434454,173.35366142323818,93.60220372640471,118.76159159791524,141.49351107661738,168.4039417080538,175.3355334118383,165.91104266514887
2595,86.5,171.6058702057058,174.1223533103704,94.0800724255532,117.24900264910832,148.86891131969776,169.73517537469687,170.81861032725365,167.23523786021278
2596,86.53333333333333,170.99347872091798,174.64304563188318,98.50753851767907,115.74064137662766,143.6576336850119,167.18005183096034,170.72072438535608,168.6594928166542
2597,86.56666666666666,171.24311149397727,174.08283085432242,98.05616744489275,116.02361635851786,142.70788681328835,168.0026813615427,173.86017255095797,168.43009884802422
2598,86.6,170.479252332722,173.17353636388515,96.16451178769132,115.96133978819843,146.38962012218153,168.61591536679967,171.83050708652522,168.20911500639136
