frame,time_seconds,left_elbow,right_elbow,left_shoulder,right_shoulder,left_hip,right_hip,left_knee,right_knee
0,0.0,104.45036097067029,131.76465211909164,61.40662705777472,81.70632381963358,153.53646591632017,152.71242350910313,144.40102723221085,147.51837451120005
1,0.03333333333333333,107.07462426411317,127.33953647545285,62.70609702122876,80.24058771790563,157.6623073855181,157.21322092450689,145.39497485616866,149.71737122758154
2,0.06666666666666667,108.2014128662668,124.81076974059746,63.85054413725598,80.52003828175195,160.80717124006233,161.66939544105398,144.63512743160453,150.08487676654588
3,0.1,107.01903385785988,126.45698973886758,63.702436005560855,80.36860536440444,160.69831138392766,161.67897804609007,145.82630699540567,151.4524820770675
4,0.13333333333333333,110.69726313039028,126.24110615036551,65.71397058596123,79.86990339292305,160.02847650407915,161.43813925219098,145.85724791676148,151.50192532220328
5,0.16666666666666666,110.75518253838814,125.31421917303022,65.58161848135677,79.89862506396393,160.7110772650745,161.74277205196753,146.08510010363423,150.89207163973091
6,0.2,109.32137161280912,125.35116817024443,65.3306603208008,79.64688470140155,160.55815070818008,160.84614271599392,145.52348332269975,150.6769466547132
7,0.23333333333333334,107.44991473383685,125.70454335198627,64.56864816212386,79.98771111133432,161.7062548384703,161.25037704566836,145.4931432115748,150.42939000135237
8,0.26666666666666666,108.38821820433425,125.19655673900436,65.00890209601884,79.90608600467847,161.06278211414232,161.35067938576,145.6259218966116,150.62149693168655
9,0.3,106.8192663162882,126.1115381282555,63.9620439602868,80.29409014592218,160.70149761813215,161.56385140100156,145.55273919088438,150.822898978573
10,0.3333333333333333,106.37414801195392,126.16936932647033,63.536721303114774,80.20485163812727,160.4979232598759,161.30507682486854,145.48338999086906,150.8094169776783
11,0.36666666666666664,106.40196304542577,126.74194423148393,63.15366193921931,80.31243623756221,161.27629373867939,161.49158198673567,145.36366638418951,150.75697704945907
12,0.4,106.31673286624641,126.5933473349765,62.44293334453822,79.7909012049933,161.11996553724245,161.5947880264975,145.28056142088218,150.5653989937075
13,0.43333333333333335,106.00547836399097,127.94182963152397,61.719896714031016,80.05587837054459,161.56834164535294,161.2342372136665,145.66587954131919,150.60580051570372
14,0.4666666666666667,108.3205871879473,129.13005272042278,62.2131940221178,79.76439650877496,161.96378651297724,161.76978988496245,146.45055356291203,151.11954771931474
15,0.5,107.29087958118208,128.51168703262726,61.23178026468426,78.38804430141182,162.03764223557778,161.19773224078995,146.66392563842496,151.07065929042795
16,0.5333333333333333,107.90894198467002,125.69890114446893,61.35140625802246,75.66418578327058,160.73346321714874,160.8411321740834,146.63711503827247,151.36725973794833
17,0.5666666666666667,107.8901971301083,125.47059169486789,61.38022309161577,74.4581061443388,160.66544058178434,160.43599414044084,146.21782022800974,151.3688883757085
18,0.6,107.34768179583938,123.21948329680586,60.90934461834483,72.48082269538062,160.17947096259633,160.5572789790348,145.76079726726502,151.61190113442737
19,0.6333333333333333,103.25684433861994,122.48736755652237,58.96957501086435,70.85562012751633,161.2711998670003,160.54179266608304,145.36880380415806,152.07867449514836
20,0.6666666666666666,104.21893127155806,122.1671147422463,59.269450135822154,70.27914688263937,161.26662072361393,160.709301723895,145.27159397901298,152.1041041175581
21,0.7,104.47953412817633,123.82508050093107,59.76602359178934,70.29557359009436,160.3967652036126,160.0140669658975,145.22123754562637,152.9110412077608
22,0.7333333333333333,106.56188902432184,123.67075843883472,62.40808630590384,70.42511140979722,159.97569533857202,160.2923713039419,145.34503264814256,152.86060298632427
23,0.7666666666666667,104.61348449129832,125.81984891905883,65.18770509155475,71.38800361250395,162.64210662296784,161.70292435677234,145.9643137855352,153.52529458908234
24,0.8,108.13951623905541,125.82120925819542,70.50545946380016,71.88832885015186,163.86226787622468,163.38278431818736,145.93653600149244,153.28772410847745
25,0.8333333333333334,110.36321138706731,124.39764606436201,75.88619586366083,71.66205285620254,163.85642917207798,163.11896049010596,145.05057838604557,151.83228369297194
26,0.8666666666666667,107.25644689151568,120.14968886703682,78.07491673268491,70.98964029227398,164.50399283141144,162.10200109717056,145.8318119065452,153.06215634188368
27,0.9,107.13066189162315,118.25991988477773,81.6244863854582,73.88129683646567,166.21864634153044,163.4102062130933,145.92097989644455,153.18005100169816
28,0.9333333333333333,107.50127722596064,119.74386570228347,88.40823233140547,77.68299471553145,170.65828977368017,165.8809666853232,145.24496984883004,152.37531882675435
29,0.9666666666666667,108.23851146388502,123.19959836863431,91.0869923532986,85.46165444918542,169.10959561968974,164.3710053531236,145.74562470552453,153.32908121028723
30,1.0,112.78687059020993,133.3772996300825,99.1262784825808,99.37845900060964,171.28336407469496,164.83007489765197,148.52223178165085,154.94933384428504
31,1.0333333333333334,117.57479287901383,137.6236176223377,105.71789106470017,106.54861516958327,171.4843809782563,164.9432195555387,149.48479948692085,152.8555474158114
32,1.0666666666666667,120.98296391764538,141.40181284244045,113.88595931232433,112.0077470919132,171.19691035017237,165.5857893563631,150.36125701455845,153.10354814431523
33,1.1,127.96318380252514,146.339880370176,120.87558678655353,119.0319272634598,171.79628361886543,168.25770027359718,149.14024046517662,153.50773281504902
34,1.1333333333333333,128.29677488741865,151.71690927028695,126.72009488105479,126.6270113025528,172.52742023496373,168.30375822624924,149.16542133369717,153.7235187094587
35,1.1666666666666667,133.34913047236296,160.61993766119824,130.592723506409,129.8650158781481,172.83848609204344,170.64156094155297,148.6361282766405,151.32672286591153
36,1.2,136.2019833130935,162.15581341138156,134.297226212835,131.872790816693,171.43947302799555,170.3810282787044,149.02159630871162,151.40879373271505
37,1.2333333333333334,137.89085917658488,164.29464969020927,139.12102590489954,134.50614159022817,171.87317632106317,169.64072351857058,148.88745495508502,150.84743705225577
38,1.2666666666666666,138.1695546710826,162.28394338768166,144.63780752159425,139.19036481587054,172.91348738603733,169.31069190879302,147.6362311473401,151.56194856676714
39,1.3,156.18026629535845,162.88664826985618,152.4068185838502,142.78998266486641,173.43400823953303,169.18955443140794,148.03487953178484,151.47698732981576
40,1.3333333333333333,163.54385061075797,161.3994184003803,150.8454153888872,142.01138458767417,173.3778447311472,172.49134024067456,147.3178704242309,150.28518811987124
41,1.3666666666666667,161.62291088052228,161.5735127670666,153.93768309858473,144.84058659711204,173.56045837929196,172.7160933298698,145.91997641139906,149.4804192550425
42,1.4,162.6580386854277,161.9786409596886,155.71211944299304,146.93656480760066,173.8046848895623,172.2525886252116,147.00691163807397,149.3122795233796
43,1.4333333333333333,166.6701024669592,162.1591831572834,154.19716938142102,146.8590107004212,173.4344330445461,171.4403123050767,142.48135891064638,147.15253452138822
44,1.4666666666666666,164.128359808643,161.77088234955215,156.70174046810592,146.80600594560207,173.62205078080217,171.24741815033715,142.7870888411512,147.2643892014502
45,1.5,166.2698144992712,163.59773770681232,156.88824373340634,149.80098803710956,171.66155764464145,170.54894407535193,142.44657077184561,145.38934935712194
46,1.5333333333333334,163.09242783490467,161.82289147552285,162.78138493727195,152.51967504755058,172.48285928196296,169.66096898672865,142.6104790428473,146.06718510240034
47,1.5666666666666667,165.7060489766943,161.91779913305342,160.48042612847385,152.78323039935708,170.58418410402697,169.0216040240568,142.14075435065223,146.13662504876706
48,1.6,167.70267430107396,161.73052509720333,164.1724903184375,153.98961601356018,169.55449264349164,168.50055377663722,141.7298673413156,145.2950125269999
49,1.6333333333333333,165.73881334605346,160.98602434070148,164.40091909303268,153.8052199312811,168.67266568013824,167.73853704323253,139.86082635253646,145.3101690366192
50,1.6666666666666667,164.97566479200358,159.9471083879491,163.5834896506618,154.95416143199938,165.89945454866768,170.4401872652887,137.98673366842675,147.3839251595787
51,1.7,162.3413324307894,158.69191889297738,163.76370733521156,153.40087651059562,166.26846302455226,170.42907161801492,138.5198215602913,147.79543387310144
52,1.7333333333333334,163.95627902495025,157.7201571138646,161.64195815274527,151.48621967066643,167.28362685138308,171.50972615666106,138.17733591040505,148.07079974769263
53,1.7666666666666666,162.72202339257848,156.87326946815728,161.23905184803843,150.91001877961935,170.04109983027197,172.31970568100442,138.4454117929364,149.49253910995998
54,1.8,164.20157559421693,158.8406739025823,159.86006948556897,150.4423871286507,169.72601487731413,171.80429183827871,137.69937318437923,148.14708983264526
55,1.8333333333333333,161.6298291034007,157.92690728096466,160.1562383480556,150.58004662006448,171.24140539433847,172.27299667725117,137.7702160395293,148.7746435725616
56,1.8666666666666667,163.1784249142147,157.73609735156603,157.75964877647414,150.2891488327041,170.65995780473747,170.10882771761342,138.38108674291,146.8387205069594
57,1.9,160.87896136817548,159.32857861156745,155.25601801547302,150.9010704272581,172.39245864543378,170.47834952367225,139.9977825865088,147.60064159397066
58,1.9333333333333333,157.60613737520586,159.8486476863709,154.4755315488957,151.61267447061806,172.3676903446882,168.6227082258342,140.64354214978871,146.79091389436175
59,1.9666666666666666,157.45179454857566,160.37405883152786,154.78204449881127,151.50234160139652,172.34326296343372,168.31382279371238,141.94148558044068,146.32938790946432
60,2.0,157.38862073313896,161.35332914263174,154.4412166094085,151.60363122349978,172.27180126423434,168.41459852480847,142.02690811222948,146.301143716286
61,2.033333333333333,158.66664956972832,162.00626267390126,153.89820696072144,151.35188186634994,172.31405283545908,168.94340542215878,142.2707006957816,146.55014373180262
62,2.066666666666667,159.4219058094651,162.27242249132937,153.6462349370335,151.47550181282656,171.39978736365555,170.23510328316686,142.3557114131874,148.01824531705415
63,2.1,161.17114928607754,162.42385378001734,153.8310303381096,152.4765066290785,171.62098211197468,169.87867089904742,143.93828453845063,147.54683649532882
64,2.1333333333333333,158.15736878351484,162.33504950784013,154.2987568964012,152.7936660480542,172.23136135104113,168.41225242120635,143.8944086117445,147.4082688574621
65,2.1666666666666665,162.54582588280562,162.88559990015904,154.24783708342846,153.11122792431271,171.94126001792222,169.64198974726798,143.09140139728294,147.193047202291
66,2.2,164.4425707589337,163.2602126222818,155.75947589251138,153.36551172146173,171.06597990390665,168.13553032061216,141.2938757303729,146.21956884396985
67,2.2333333333333334,164.91652198215894,163.61649564493783,157.29120323421822,153.90631087329515,170.06851411789634,169.3863107606023,141.33222039077626,146.43534584320463
68,2.2666666666666666,166.58428236664216,163.84892820300163,158.90648379534798,155.25552304567398,168.81976135924788,168.9286632389645,141.85960399909183,146.68344521919263
69,2.3,168.99761795702412,163.531001470489,158.05950557278993,155.19863638213917,164.38773980006744,168.9534341726276,138.43789944308688,145.4167946958541
70,2.3333333333333335,166.49787086329937,163.7135766186429,163.2372256698996,156.09399695820733,164.82091204331965,168.2111231780447,139.55636900830612,145.60479225963883
71,2.3666666666666667,167.74742284916147,163.74163994005193,164.7480848747894,156.54420267139412,164.9959878982052,167.34670626958393,140.21902281148965,145.46336673559088
72,2.4,166.88514352956508,164.00932873909852,166.30966529039458,157.24850804238426,164.42605340304223,165.80517825513775,140.72773319985848,145.46657685799377
73,2.433333333333333,166.66961359770096,165.07549200670252,166.26677964874332,158.0611721996744,164.3288169188884,165.3894240640678,140.11890973107597,145.57254372156467
74,2.466666666666667,165.194860424808,165.03572169416924,167.33359505729584,158.30052824367095,166.05500436323098,164.97431442594925,140.09746554933062,145.79782604432484
75,2.5,165.17965375985466,165.51637304454152,167.56236626731422,159.00764761579785,165.60951046932925,166.0042033410591,140.1354587697174,146.48635348293666
76,2.533333333333333,164.9000365651479,165.7824612610681,167.9312536389632,159.98692242546178,165.05059552006412,163.97506199858014,139.9478501822341,146.44038358038966
77,2.566666666666667,163.5540912586208,165.65513122468252,169.1958401572295,160.32914299258525,164.68327840086897,163.7114335050023,139.73952085359625,146.81192347627814
78,2.6,164.26033148458765,165.5762315610306,169.49242218067806,160.34326421590458,164.72703083276872,163.87164311073133,139.8152479070791,146.81954660045366
79,2.6333333333333333,164.11026188289364,165.56249566586214,169.93838006627007,160.53196199953092,164.37464729005123,163.59426682001785,139.75614104304904,146.3747961241244
80,2.6666666666666665,162.92849665913698,165.39560578058385,169.8402592258137,160.13225480113775,166.4231676092661,164.19580742664044,141.40163997000644,146.96412702037986
81,2.7,160.303129570169,165.22961973567726,169.71439202225736,159.69307914929348,167.73142399467486,163.938990594032,142.0198886056588,147.00113337908758
82,2.7333333333333334,160.90194815201167,165.54455704885214,169.67172176143103,159.7931642452613,167.44419331557734,164.03928398846307,141.9663852106581,147.0254513472853
83,2.7666666666666666,161.46188136789794,165.57675794797083,168.70299947491552,158.99354564270897,168.81910724234027,164.77867102162594,142.9392354550056,147.70827526301798
84,2.8,165.3375406757681,165.5088710976676,168.22693595593026,158.65437628124874,168.4998650421741,167.13579988155314,143.13272341968073,147.46404130739532
85,2.8333333333333335,166.5090895643294,165.22511625324447,168.55898620356538,158.48604919355995,167.12802696596677,166.88241926331577,142.50695899505473,147.5051579159437
86,2.8666666666666667,161.11361472955392,164.53926993774388,168.95735129281715,158.278897140149,168.33124898547266,167.09408690019345,142.76347896213665,147.94936407567693
87,2.9,161.47178418836367,164.1123614448903,168.81924314989172,158.26121840176165,168.5963373397168,167.0660135553868,143.83009762283586,148.64275304639577
88,2.933333333333333,165.85709994394995,164.64258200412928,168.61536946958324,158.3827435427845,164.89284396574794,166.13054480656368,141.73940358634093,147.73436033620314
89,2.966666666666667,164.32449393353843,165.25747600658147,169.02747719068591,159.3331054226694,165.36708019490897,165.5480913020296,141.3435154509075,147.6956579565436
90,3.0,161.3334216357294,165.22802882907476,169.544039216847,160.0494445570476,166.29205805442638,165.60889332424787,141.80107013439834,148.92932169563136
91,3.033333333333333,161.41924207584395,164.77886910158355,169.5491741167756,160.51945720340726,166.39460189434922,166.05185945676985,141.72167040794875,148.42638945790188
92,3.066666666666667,159.36847048902771,164.55975990616193,169.11075198281247,159.72646671875734,168.78547272255733,165.5232273739961,142.1417655351079,149.65584863346373
93,3.1,163.33364818625267,164.64517683819633,169.43159679859843,159.95186211837455,166.27647714850428,165.2080446715532,141.8339142731396,147.82162473401297
94,3.1333333333333333,163.7340529103938,164.6635284483891,169.8014487873696,159.9256457392591,166.4088720724937,165.26270657832663,141.6458006896181,148.0014434514185
95,3.1666666666666665,162.95527696694793,164.4010295132589,169.71605853836613,160.02560851783625,165.99678745521285,164.23033904535072,141.27008477734114,147.94879955039227
96,3.2,166.7875600566388,164.94988090903522,169.30171957757224,160.98395129591245,165.19842575457588,166.13347964536663,141.57807824554683,147.0258640861904
97,3.2333333333333334,163.89268545042665,164.9668341089334,169.21729486319813,160.8550840851981,166.9138655355765,166.0339119404142,141.52836877585688,148.00654322971747
98,3.2666666666666666,164.46366413885116,164.82663357315477,169.35536537146984,160.57078559189137,165.8132191324772,165.9538634892175,141.84551976194535,147.57693832593193
99,3.3,164.83980836835204,163.85404948695398,169.1789456820481,159.5287852510048,165.73634852500444,164.53359459818512,141.5086798069027,146.7765857416557
100,3.3333333333333335,166.18287201116615,163.92953210771358,168.54709300914575,159.4012635642559,165.80839514170614,165.33534766845543,141.17821605337048,146.31246630516733
101,3.3666666666666667,160.12224210972386,163.36753890838077,168.45517382034518,158.3058985538852,168.91087534487409,165.77237906886572,143.56217917696733,148.34692230725346
102,3.4,159.12546613829693,163.2075551344463,167.6634405409096,158.11243609485632,170.61070029612998,166.0064217891875,144.2882788162581,148.7103161370705
103,3.433333333333333,159.863357950454,159.85528714675254,167.42429888588802,158.02222195991868,171.24942763504697,166.21178949451874,144.65744125456402,148.68142219400772
104,3.466666666666667,161.69483648001977,159.92445104842128,165.936447801123,156.11383100344037,171.37421045241803,169.25487162348736,143.98872389319646,148.9338520506542
105,3.5,159.96175042028403,159.04524066623802,165.85737535506473,156.55280985276488,171.61055077995138,167.61257819664974,144.1518090279252,148.3002229358317
106,3.533333333333333,163.96507757565945,159.1533730878513,162.59131941552718,155.836758413913,170.28378348761672,170.98440651699735,143.1800688247363,148.42204134918325
107,3.566666666666667,161.2995014500258,159.50415971879997,162.6120118040375,154.95528602359724,171.27659892198295,168.66858681191468,143.4129503414159,149.00894081069256
108,3.6,162.18749612751793,159.2650245801101,162.569377613489,154.63164608140227,170.9298167298905,168.25923674890652,142.50446725349312,148.33858453667472
109,3.6333333333333333,159.69899968498035,159.06161677599772,163.44961593474977,155.90605406914327,170.39190166491852,167.8938058448514,141.2261254924966,148.06052281505953
110,3.6666666666666665,160.3420778223887,159.9981651867871,162.38965898875267,154.0939630793723,169.96686100102437,168.8849112792729,141.2055911266675,148.30937627724575
111,3.7,160.62155860835608,160.68326898088475,162.46278596325487,155.71085392414213,169.848798633399,167.54678375352137,140.7109842502589,147.9387572846335
112,3.7333333333333334,161.69969477661954,160.90191497363787,162.8294530114804,156.15744983838476,169.22207546392053,167.20622205340163,141.3008819506047,147.63546536981593
113,3.7666666666666666,164.20493582070526,161.4217237489559,163.32895534313633,157.00408450175655,167.71072972579753,166.32205337506252,141.261262621586,146.76437811671138
114,3.8,163.05588029080877,161.70369206899926,163.31446091902203,156.96837370097424,168.2707028590798,165.59071517950798,141.20986869646475,146.90787741374456
115,3.8333333333333335,163.42038739630152,161.5260055674313,162.6607758423779,156.4081122407771,169.49276156299354,166.7119717398385,142.73119677318195,146.94676210248025
116,3.8666666666666667,164.30958370215077,161.59627992557307,161.89740041710954,155.87862586995544,168.9764491707117,166.84891305795512,140.96655136545834,146.7244387367129
117,3.9,164.66445551101805,161.6239672411163,162.85533020097466,156.2677177802945,167.9265514668638,166.59660644384488,140.8895917806861,146.68475971985296
118,3.933333333333333,166.2427841631121,161.48151836392555,162.07660964745,156.2773540724435,167.5081104136261,166.2034249357831,140.75360208388025,146.3724295932793
119,3.966666666666667,165.89704337516412,162.1236207477799,161.84236835530103,155.94424464564466,167.19821719515892,165.83329024006642,140.51607459995333,146.13381825596085
120,4.0,165.70463457950012,162.40762850906466,161.49564964632245,155.5875349590222,167.6959641392662,165.33350915971408,140.40429433570577,146.34475882811472
121,4.033333333333333,165.07214038446136,161.94230806936343,160.97150426367824,155.08203919595215,168.67667815692616,165.68195057651445,140.18966239873635,146.3431073636661
122,4.066666666666666,167.33384078319637,162.54016152580493,163.53604528228183,157.80263640076092,164.4211926817911,164.89771893059338,139.27304742236984,145.38288968098067
123,4.1,164.7383913078384,162.4116706047509,161.4703623816176,157.0133103170735,167.18190612201406,164.70823724131102,139.0401019645504,146.01370329513233
124,4.133333333333334,165.67045115987202,161.8394791830345,160.5959631446436,155.397831979986,166.79392318758119,165.01657669705165,138.6516118222629,145.76243138111167
125,4.166666666666667,167.070012849391,161.37908012622628,159.57446769062216,154.1975150890425,166.81218181638965,165.23265424503313,138.95759995760608,145.1121457587605
126,4.2,167.69120974401997,162.06103803789085,161.34657463674864,154.84588379988364,164.8661659951531,167.07359035404494,138.51921501358868,145.23719818980305
127,4.233333333333333,166.1628978750333,161.60971056239617,162.25386744400265,154.95268981024205,165.36768472399459,167.70703596863228,138.75837707039645,146.18718670320663
128,4.266666666666667,167.10489734789022,161.25471089934828,162.69256011610764,155.38548647424204,165.6922048798125,168.89172744384203,138.95763132354884,147.2544300504063
129,4.3,168.9494404446706,160.970574237236,162.59576966519361,153.2000057116693,164.86299937807433,169.9603730435273,138.49958768114746,147.0738801454542
130,4.333333333333333,167.98473106764683,160.66149237700088,163.01135537316526,153.42689314637332,164.9480924329544,169.48009202156086,138.967817032606,147.33763272364152
131,4.366666666666666,168.74114348008632,160.58915620978613,162.60741406035794,152.9201912472221,164.07939647833848,169.4409206632066,138.1332336896548,146.82814662489545
132,4.4,167.83038635540092,160.2224784064974,162.95975894015913,154.5262055738821,163.5690777530153,163.82592367781206,137.9114887022353,144.12761305650957
133,4.433333333333334,169.3429677834836,160.35848859478435,162.97936070363085,155.35676057874295,161.04472451793447,167.5027418213078,135.4301559200105,145.1624532319541
134,4.466666666666667,167.62628055623864,160.2247355242467,164.07671105034527,154.81541332930058,160.4092650990621,161.83188983306997,134.18465267032457,142.3802069597287
135,4.5,170.78012547784812,160.64269133290486,163.48997111246368,156.17696211488973,161.6454842282538,167.8432875574892,135.72942069411513,144.47260960668106
136,4.533333333333333,169.16918441793993,161.413240215747,162.69390271144616,155.05470960088638,161.788439833816,165.47451567517453,134.1639240702609,144.09580873381236
137,4.566666666666666,171.26404492578195,160.60135060408186,162.78586726473463,155.49787759035783,159.91165394188724,169.01381090338145,133.20177824684578,145.42718983245922
138,4.6,171.96989114183708,160.88216675610934,163.24721040667953,155.42767896775567,161.0529216303626,163.98136837434396,134.4141238917214,144.50910023546348
139,4.633333333333334,171.85065422236178,161.16061940826032,163.1034234539919,155.42982201405593,160.27440660219526,170.18009693544272,134.77253432212672,146.6122107462832
140,4.666666666666667,171.88600080900474,161.28392367722194,162.97198663649428,153.62570869884556,160.73161107616045,166.95395451934868,134.3420919421728,144.39844965728238
141,4.7,171.7291557261789,160.94263344773893,164.43846152883617,155.78365981670314,159.5079655143064,168.4064824838845,134.77260587664423,145.05116080962264
142,4.733333333333333,170.26196063230907,161.3966980205386,164.10602559302038,155.94014259837775,160.19095057259926,165.0207134595397,134.40083072449957,144.41259888359377
143,4.766666666666667,170.5325213058253,161.26723400305497,165.06569148391742,156.16876831379776,161.60829154900088,165.04329265148075,135.29128670173526,144.58959499596907
144,4.8,170.14064928615534,161.56218407260522,165.12216266770577,156.26731935838845,162.56153498356514,165.28968647835188,136.0487657196318,144.72114748706076
145,4.833333333333333,170.1787105794763,162.2440152854017,164.74819155339557,156.72035410588165,162.76390875206255,165.49973019968283,136.18434695534324,144.81179943289462
146,4.866666666666666,169.57071378872936,162.78108727252058,164.61179399370866,156.90150771095526,162.85735093669348,165.1297981690924,136.82444617031166,144.7738685796015
147,4.9,168.84280384374577,162.75560729187188,165.050685885387,156.4626433346736,163.1545595113414,164.4668306872372,137.5444972792466,144.9272471223174
148,4.933333333333334,168.439659712645,162.79450200998016,165.47019950778906,156.7108026481244,163.24546323534867,164.2124333260411,137.76150202119214,144.9580842087878
149,4.966666666666667,165.9966829069633,162.7014972884604,166.4988332050889,157.05729715732127,164.9591089946647,164.73832871623802,139.35241183054686,145.77011954506867
150,5.0,165.99232695854764,162.9142642538863,166.70170543283473,157.6245650297102,164.74858387165443,164.8966771024513,139.18386037088123,145.7944497082102
151,5.033333333333333,167.09470255968495,163.37999836731626,166.92490355628115,158.84319118832113,164.17077324117338,166.78843810770653,139.0827977221404,146.402147089932
152,5.066666666666666,164.6588552801251,162.9710069655908,167.0796806405743,157.84854287635477,165.38257906189057,165.79779831547006,139.20347053005707,146.53985204158633
153,5.1,166.74998851678222,163.60636378489747,166.9246797553445,158.61002923774572,162.57404720988788,168.29221146014962,136.88724493287992,146.86720243333443
154,5.133333333333334,163.04181235424974,163.1143840861682,167.01615346604666,157.5852305092655,166.296874739831,167.2726622138594,139.39921154280998,147.53393293884315
155,5.166666666666667,168.54210825803793,163.86710580486417,165.98847654600846,158.3608621664351,159.05194388474249,165.92092113103828,133.5974498677248,145.07178696801904
156,5.2,167.24929120855612,163.46323823098354,166.16845214577043,158.46897795140904,163.12995264855508,166.26354007314364,138.07873286266815,145.567508781181
157,5.233333333333333,164.39499819625286,162.42477593924414,165.54907812965303,157.5142712357483,166.0610098975959,165.08017352582837,140.13953564024595,145.68196668621724
158,5.266666666666667,164.68482551461665,162.32033133205485,164.75388426963016,158.42459859221503,166.5205081775651,167.04311172815238,140.1557293663748,146.6906360572752
159,5.3,165.74233941015322,161.74349365694917,164.06426779210918,158.08950891196847,166.66596520745847,166.7031066220358,139.83859196224307,146.2264450538667
160,5.333333333333333,164.30359118812683,162.27785918308712,164.5398422159891,158.43484672973744,166.29262414719997,166.64552318388766,140.05510635880813,145.61568521405084
161,5.366666666666666,166.83619206247107,163.07286212577253,163.31149057842845,157.97857328469146,166.3607201177284,168.27240760420563,139.21457231770947,145.834001080345
162,5.4,166.43467823782473,163.30510324889246,163.1357869074684,157.36599494197705,167.74230469559686,168.38242608516705,139.84326256439473,146.39869313351568
163,5.433333333333334,166.76111578228333,163.33660183894926,163.35866214248344,157.25645109674375,167.86989433622557,168.37549011569,140.2553575020959,146.4744766244528
164,5.466666666666667,165.47406004857672,162.96400334447247,164.12330012256646,158.13741970922746,167.26616205041248,167.5695566020696,139.680560645835,146.69594307552774
165,5.5,165.75802859850293,162.97175700691682,163.96131286209334,157.89376533375437,167.67707976605618,167.1998840985505,140.09553219786926,146.4942500207498
166,5.533333333333333,167.64190797737905,163.69401816800317,163.3001704703691,157.8186761283401,167.12813865315113,168.44196647417849,139.45472006407823,146.3454574413719
167,5.566666666666666,166.72662954645398,163.71371302450112,163.45030457213232,157.87661431874605,167.99343867749377,168.4852244643083,139.9177531566288,147.44214142552505
168,5.6,167.08128616750426,163.64121060724182,163.61106766106678,158.04350822256643,165.44492563244825,169.54663891952768,139.10179043108155,147.62030418288805
169,5.633333333333334,167.1237284659862,163.6308545538033,163.0445649653139,157.971674885547,166.93531118371664,169.2506936511603,140.06573391575287,147.4397362398553
170,5.666666666666667,166.44563135111156,163.10431767625244,163.11362224565192,158.10262101545183,166.9140764399211,169.9517112674242,139.96296045113326,147.10555766563152
171,5.7,166.20159154392064,162.33847272683576,163.43406009057702,158.51764448040774,166.7178054332289,167.7360522899846,139.90239892759138,146.13648615594218
172,5.733333333333333,163.81309580798458,161.72663510269214,163.01005657043933,158.43258734163015,165.61761894299363,168.02408661625282,138.7369446904823,146.60275487330586
173,5.766666666666667,164.13974258887234,161.10412110180295,162.75493658088166,158.25797286450248,165.6164524962965,168.84233442942926,138.70690263314356,147.1241566392051
174,5.8,165.245279815177,159.98691454553585,160.78739674137236,157.46256707638693,167.6034050279479,167.91114532018395,140.05897936354285,147.78166198064105
175,5.833333333333333,164.20634548052922,157.2033853009575,159.65498222121232,155.33266375808714,167.69238034630058,169.30936670461836,139.3424639376235,147.99318025585427
176,5.866666666666666,161.37074658387496,154.96322915938714,158.57565850592667,154.49923744059254,168.53471407621657,166.11614883520406,139.71171343161012,145.148857735711
177,5.9,159.35642338714734,154.00378012809955,157.68556877157678,152.83438404103148,171.3574701398307,166.8091763191902,139.48397392971086,146.13327585184487
178,5.933333333333334,157.4894077840484,153.85390759198376,156.64378740109856,153.82237708285652,171.1710701583297,166.14208047499034,141.0546955167729,145.9170643174759
179,5.966666666666667,155.83037365052405,153.92156623351784,153.44922451270003,152.05342036240063,172.25239460129654,167.18897682667847,140.73297542803664,146.09128878177745
180,6.0,156.29741280284978,152.7707770567681,153.5536285359598,150.3875114365561,171.33276188442593,168.65815937332366,141.03521944917557,146.85016009907022
181,6.033333333333333,155.95666487976632,150.62506318729757,150.30223239086442,146.83763974243183,171.59812140126982,168.99648077199922,139.31912091480086,146.79234390203814
182,6.066666666666666,156.38313629242398,151.00557679360975,147.3274143749162,147.22033290992482,170.9982161559442,167.9505082521633,139.7869542931164,146.479117930519
183,6.1,153.40597865446193,147.7822230431254,147.0133713163262,143.53156013318699,171.32623471490578,168.87707754933814,137.17322544423297,146.44853633752243
184,6.133333333333334,152.68373500419216,147.26315116565746,144.52642483051827,144.9876818681414,172.4176549019768,167.14688057265545,140.26918416010912,146.15845827526326
185,6.166666666666667,147.7001385453783,145.37465035187913,145.69165752115543,142.29394744372811,170.80214305750619,167.32872152029915,138.28722171639302,145.81448556539684
186,6.2,146.8471242717476,145.64527789476418,145.7354331101241,142.3765088262473,170.3148142346724,167.29538929809002,139.56185376727245,146.23826469874976
187,6.233333333333333,145.68062802995206,146.3659213331674,144.4275541322657,141.41191387685905,170.1473720479543,167.81922453936295,140.1475484283909,145.87369363572418
188,6.266666666666667,148.07148157056434,144.63601925167862,141.17476245574233,141.6618804510379,170.23242699670317,166.99499964407832,141.50205498219293,144.90673712725825
189,6.3,148.2448188361119,143.31012807830615,138.95175798063877,141.31882822154913,169.3578714037463,165.42895306671107,140.27141338853266,142.88731634190515
190,6.333333333333333,142.01440437275625,144.18300044444257,139.2527539256276,141.6727471150437,172.1354781252883,165.7878319462275,143.79625849581424,143.864788607935
191,6.366666666666666,139.43985772574234,140.25352881930394,140.23506767916052,142.63435122350324,170.964410123213,163.08911604453445,143.076005329676,142.77094094162553
192,6.4,139.23694342046423,138.02559867885898,137.523995481159,139.91372683155075,170.92500482856516,163.9946694830588,142.46130743445408,142.61204059726228
193,6.433333333333334,138.58826652212045,136.7578565103375,135.01505296349308,137.40387914262323,169.9247061815018,163.83523321066588,140.65886526430006,141.89162908209187
194,6.466666666666667,136.09482286697562,134.4397982579254,132.3246237477552,135.56360161033,169.9840017444092,163.81842359602373,141.7856535029875,141.98871683179243
195,6.5,135.15318474593485,132.93688024955853,128.29335967931576,133.65319620829425,169.5762635053689,163.58362139430733,140.9518047944345,141.17290782580423
196,6.533333333333333,134.12470325252258,133.1421435303673,127.3361569846427,133.21470871082244,169.36106055613297,163.18482322718802,141.38293581841992,140.9135234935028
197,6.566666666666666,130.88223518361724,131.59510433980597,123.97388775229247,132.47210537580773,169.4560362153362,162.4674579756024,141.80140847070618,141.37779310202188
198,6.6,130.78488431829615,130.07123176068518,122.43379635658034,131.84507305883997,169.2129433489038,162.242168536989,142.0381533186645,141.32240585195154
199,6.633333333333334,126.6880214890597,128.3503209356684,118.86753471109854,130.40969897519864,169.54776149385685,161.46149423117242,143.12462650612704,141.28246905673555
200,6.666666666666667,125.09840924775396,127.43778402871122,116.28626334031237,130.44137433525174,170.87985874230938,162.02050156834605,144.54886235634757,141.00011752496715
201,6.7,123.8813366190526,127.49340687000655,113.39411583737466,130.30841729060387,171.91404838122074,162.214031362607,146.23486481077586,141.3726266753793
202,6.733333333333333,123.68542185112074,128.24680542965737,112.20062045328335,129.77781449609617,171.828829113719,162.97777892558676,145.62501488157915,141.39348783618954
203,6.766666666666667,122.5114167714977,127.23572828045025,110.54728408778949,129.33865668909596,172.4639462791435,162.9279831647549,147.08283280849076,141.6942078923874
204,6.8,120.48329392902667,126.5226651276538,106.68088634443403,128.00890831340894,173.47153831006204,163.91525291005215,147.7174935675767,142.2952053940533
205,6.833333333333333,121.75105113745487,127.531226843514,106.33531579649852,127.71607581812641,173.17504241668,163.35087333395538,147.37541376059434,141.78879211753124
206,6.866666666666666,116.47792586893186,126.70147540498017,101.30202602735444,127.0663442146176,173.8915212350977,164.3990360144104,149.09511098306945,142.82412229084608
207,6.9,115.34045979989293,123.57929220488435,99.68563787227642,123.79744841429398,173.80027526845114,164.2578978990181,148.23379552641538,142.88601206000814
208,6.933333333333334,112.81278365056124,121.33262102114323,96.40100873408495,122.42907897111081,174.02737266921557,164.27338323185555,149.67763135612708,143.6419534630805
209,6.966666666666667,117.38969142437774,121.8012622828019,98.86694376397257,121.40392518499361,173.25649175199212,162.98425925826515,148.94518006062077,142.77550633811506
210,7.0,114.99240657301007,122.51884622396881,96.5441793230728,120.45443182791398,173.61459687086622,162.85320847484542,148.86220971223725,143.78333834647816
211,7.033333333333333,111.56669942667833,121.13127456076761,92.76551613650308,118.53782749130788,174.18118867922175,163.79148629074965,151.0877652079479,144.67032104836704
212,7.066666666666666,109.86978033611854,122.62842909176248,90.66768105134581,117.49175843021001,174.22749476353778,163.51413263405865,150.29282334939265,144.8458001939606
213,7.1,108.29380950463327,121.94257980037854,89.62276043495443,116.46791996309486,174.25475897968371,164.82152150984626,150.6808112461257,145.22472493247204
214,7.133333333333334,108.79441172322733,121.16008992632801,90.06650841351342,115.913774773329,174.27311203452942,165.2566443704815,150.02328362191804,145.58057423901909
215,7.166666666666667,111.67322383406157,119.97835665167867,91.62740381544609,113.28311335190283,174.30865227621337,166.5899432425658,149.36001634924298,145.87436089529328
216,7.2,109.11843503342648,120.19058606081397,90.70433064469327,113.51762537556995,173.9952827297094,166.0902015910738,149.65302229358596,145.83664575919582
217,7.233333333333333,112.10622902652364,121.51452378945923,90.03533390908346,112.02187875740648,174.6430182779148,166.50370937480386,151.1193752342912,146.391196200349
218,7.266666666666667,111.01574270265755,121.24773789257709,89.14115230145023,110.58644458308892,174.671830332512,166.94824863412353,151.49422381588184,146.4900742531119
219,7.3,111.93500096274778,120.50858393313383,87.470348080138,108.73144370923248,174.69022314715616,168.48059317765572,150.81849865858754,146.4839660754514
220,7.333333333333333,111.0455104366074,120.59543403083208,85.96042438124263,107.6001460530029,174.6508899565621,168.39893402783645,150.94151447717675,146.29139124530855
221,7.366666666666666,111.5009882764043,122.06408014166912,82.81296795971063,104.54976211218403,173.89814711723713,169.93245406661453,151.18548889490705,146.4126668578819
222,7.4,111.76144515713918,123.06114800748023,82.06547451527378,103.59651717658352,173.9416170952084,169.8897621328399,152.04900695956994,146.669792282998
223,7.433333333333334,114.28657032329444,122.91120964968319,82.28243500795749,103.54292766963128,174.1473460791004,169.55154571687294,152.63565823626365,147.27188269810733
224,7.466666666666667,117.0703164831002,124.03352505494325,79.6642731141164,101.34986411378412,173.89016233505967,170.1005143782658,152.875256009692,146.6778587056762
225,7.5,121.56925584447019,126.11880620779336,80.96007200748949,101.22404304746998,173.91845068647447,169.60843447506704,152.4043420741506,146.36929626974123
226,7.533333333333333,120.55091824702399,128.44233392798114,78.16090253418137,100.58269994983173,173.54874321157666,168.29351643763502,152.50952767629238,145.18136044038883
227,7.566666666666666,120.37704390653083,128.628313688226,77.76224639054689,99.9703424975374,174.59271300240985,167.3641740711219,150.88020535316733,143.89093180924388
228,7.6,121.08031759352444,129.9260279641328,76.4797595177429,98.70778711694311,174.52203691446175,167.17945152414507,150.38805523536618,143.7153584588144
229,7.633333333333334,119.84621027054236,127.8351593506786,73.61840879734295,97.27409095048472,174.29046420925465,167.62770134172237,150.1749873925266,143.10969251133193
230,7.666666666666667,119.33843901288895,127.32944480124183,72.82015600360396,96.604715726825,174.5025390923089,167.2755778154118,150.20534854999892,142.88815871270648
231,7.7,118.29990732304643,128.67317053864693,70.66770390003248,95.01568877018775,174.45510419838612,167.54089182801266,149.8475063129126,142.8042622944173
232,7.733333333333333,118.05798979693337,130.6550851923404,68.6908299173761,94.53542197852194,174.58793767795768,167.49457022007496,147.79351445467356,142.28250230042633
233,7.766666666666667,117.24073617572436,129.1375241282452,67.4542857196522,92.16892144567852,174.74848849139548,168.64607734456084,145.13435598447728,142.01891695569984
234,7.8,118.47590699547246,128.48593820455292,65.89139176340844,89.43895304545644,174.54549354267746,170.08274623637146,146.24364839703475,142.1857503158374
235,7.833333333333333,117.96317192960534,128.30953520858245,65.99501225099415,89.60045936297742,174.68809122245898,169.34184730439037,145.51809358435105,141.9078586223506
236,7.866666666666666,118.30502739335566,128.07708223346663,65.34203702943317,89.29917117393478,174.55759286054104,169.1801768535356,145.6099774807983,141.92357017185589
237,7.9,118.12799534590788,128.3623096309212,64.04443098757709,88.05903811745083,174.31048524998388,169.76992900835742,145.95055211706423,141.88507136892906
238,7.933333333333334,118.08182849019137,128.08202038954158,63.62422834589747,87.16068395122703,174.50139216123276,169.61687893894347,145.67637910551193,141.44930661165634
239,7.966666666666667,117.76987819944011,128.08143512474496,62.90164630394649,86.38667845830538,174.41704728278904,169.21475232125653,145.77714312651122,142.15019821965433
240,8.0,116.69791059840726,128.94417501115998,62.461549773335484,86.30189288653585,174.65518506918465,169.31641889075212,145.6023691144268,142.16391397774856
241,8.033333333333333,116.53867303298102,128.94009030408594,58.995856561681904,84.31925170149152,173.0712973686078,170.42177715178906,146.34199529172398,142.52990417138605
242,8.066666666666666,116.48192918001278,129.93760213368088,59.30929884689101,84.40744081518392,173.2359119081739,170.6377805344202,147.05383694371397,142.15547184528225
243,8.1,117.75510400834378,129.6393352251672,60.52684110520173,83.94989618290904,174.30326192727108,170.06246830863725,144.6645017257596,141.978726260358
244,8.133333333333333,117.57491617395809,129.2224336979952,62.11388266387999,83.66152281846216,174.93829794353155,169.9756658719444,143.9561206702302,141.73678622275145
245,8.166666666666666,116.27632571944291,127.71943219298615,61.49132510676457,83.30187372874155,174.83423842564915,169.48198682397907,143.61163575263674,141.76964077765874
246,8.2,115.85897366414787,127.19668982090471,62.343376037290255,83.26710202935642,174.1331350277391,168.7113172668651,142.76967206153927,141.9019461813243
247,8.233333333333333,115.83774914628964,126.24923511409112,62.19757859700944,82.36974612257976,173.83025046604317,168.48147215309123,142.60022982936061,142.11373123718735
248,8.266666666666667,114.97634758522707,126.28967362140531,61.86194396566929,82.03493105990891,173.68278046998148,168.70626965675157,142.79130938742352,141.73877120237623
249,8.3,114.84341728743578,125.68240399898419,60.95557773517816,81.01550488382144,174.0619373167275,168.99897644826228,142.87235611442483,141.82434217115235
250,8.333333333333334,114.40915575500777,125.21217120786464,59.93428783131703,79.64914451262275,174.33187054599858,170.14511852229677,142.85671144956822,142.10034299638477
251,8.366666666666667,113.20621582505079,124.71307342701925,58.35547976342921,79.41220345562662,174.76730283814513,170.60004321494623,143.77548921974494,142.42769797938982
252,8.4,112.77512972427921,123.59455237827135,57.79746176034264,78.19316249264372,174.77720901087145,170.93698569909625,144.3928085766544,142.7280585129743
253,8.433333333333334,112.44022899665335,122.59415220583317,56.37176993405992,76.26726912877241,174.68363925610913,171.713245912356,144.1979665351351,142.97483248418325
254,8.466666666666667,113.07437022336605,123.46987843747922,56.51141677624378,75.66366837623615,174.73868508100148,171.9925278888412,143.18209121705613,143.29740232886505
255,8.5,113.48402956820775,124.11489171706948,56.508849657338516,75.78978872005304,174.74118117916694,171.8731533833898,142.33930756640882,143.12761101447447
256,8.533333333333333,113.23552575581962,124.32240916459315,55.90662807098564,75.34869505065156,174.73308267345905,171.54964742967957,142.53283515346078,143.17575066844657
257,8.566666666666666,113.14786423204909,124.41183419853432,55.90589942063378,75.07920306461027,174.68899073895344,171.50203989612805,141.9716056359557,143.29180170323912
258,8.6,113.01874853016771,124.44468820937709,55.49618753866128,74.74022226925842,174.6690392514517,171.6536416803896,142.12953019405552,143.47750025323194
259,8.633333333333333,112.27052234810908,124.2577861844876,55.21608439884871,74.66583324489508,174.62541654112044,171.76510768967245,141.5530189403986,143.17350743224986
260,8.666666666666666,112.818490280025,124.13086573429285,55.42748142536347,74.50106158378077,174.56934401698427,172.11835168168827,141.40699755305516,143.25331541993984
261,8.7,110.20000162711452,123.10195124124796,53.40076375587466,73.47507500242502,174.55443292994514,172.17635126531644,141.5862648290109,143.59251902212534
262,8.733333333333333,109.77127243715171,123.13972196598577,54.60380170783268,73.50456197925362,174.27010420828375,171.72280849898618,140.1035187483599,143.2564251102824
263,8.766666666666667,111.16303587816307,123.11806125366056,55.360891199522335,74.12982916115232,174.55904021006964,171.48700075233518,141.04627476137992,143.28697351077764
264,8.8,110.92635137808206,122.73458244031818,55.115437015821186,73.96004339833134,174.59034745232992,171.80454395221227,141.81622616697157,142.7894179014792
265,8.833333333333334,110.76868299581547,122.53293825275092,55.08800415586527,73.65284068347165,174.61618286445253,171.73199924984115,141.99325587625376,143.08875542324682
266,8.866666666666667,108.71110221233984,120.75656760469971,55.64453515608464,74.36583198672224,174.22989495849677,170.3359432254591,142.09354749928508,143.13393824367807
267,8.9,109.58645296049771,120.17769389181345,56.07765583852131,73.67408854113516,173.9210671481887,170.08866891018772,140.87682596340133,142.8537514746269
268,8.933333333333334,110.35657448209771,120.5010555471608,56.308098819070864,73.1574558509119,173.4705101727453,170.02503814879043,139.5182985459942,142.38818876434917
269,8.966666666666667,110.23004557021592,120.23666503431825,56.206311651202796,73.16993748022631,173.44916001436624,169.80659532936565,139.59882894682093,142.4374223904076
270,9.0,110.79845070049578,120.41940108918493,55.852471803377384,71.20916606405244,173.66176245424737,170.69024352670647,139.28348488620674,142.0834789692414
271,9.033333333333333,107.79353683176943,119.6763621085535,53.916734746838095,72.35611865852944,173.87643893532632,169.484551692644,139.92139834316163,142.35713257133344
272,9.066666666666666,108.83406233443432,119.87843411882862,54.242973700731596,71.8075045697902,174.212031448874,170.1880515561153,139.98829922579668,142.1086949563014
273,9.1,109.5843264759934,119.03278606679045,54.16234955536258,70.57861529712353,174.44450209409845,170.9262125325693,140.26712224204468,142.41867915263185
274,9.133333333333333,110.6117503156971,119.29920212455215,54.327806410798985,68.90164638690632,174.4138104493074,171.60375921838923,141.00509645198457,142.54481295801313
275,9.166666666666666,111.12864253812845,119.99163509850867,54.52034357161617,69.47266470573058,174.2636164100063,171.13889655165465,140.2711223607878,142.04174133595544
276,9.2,112.09206836720006,120.34127235607812,55.14351468771594,70.01762410605018,174.01454617376868,170.60428940503485,140.08992476911774,141.65237840101628
277,9.233333333333333,111.83711391265405,120.52483580049177,55.00768363966485,70.31065180397677,174.04457874546472,170.6357846740781,140.14742680588594,141.41133410062912
278,9.266666666666667,112.35341823805476,119.9317078243154,53.732647251406384,68.0278129906265,174.4916380676035,171.78133664467074,140.1061080150629,141.49164250971154
279,9.3,112.17818712975703,120.29902295489563,53.79799850507127,68.81482307914052,174.45137748761402,171.7666435415696,139.42705735570115,141.61243229802355
280,9.333333333333334,112.54811574271221,120.66957385933732,53.36058117821089,69.1808796935403,174.3925584144767,171.83495019642766,140.6631785329933,142.03259961184585
281,9.366666666666667,112.51909648036012,121.37571538643125,53.67309773173278,70.16910846781546,174.43092133966388,171.55425117233338,140.45734451926273,141.78634986510409
282,9.4,112.63926983667756,121.36647929641383,54.01919437621617,70.68914844630508,174.44543323707438,171.42061408036957,139.9775272355183,141.6161527558836
283,9.433333333333334,112.53474472884245,121.53487497071552,54.139444061568355,70.96385314433773,174.4523960209681,171.51245708510663,140.05388821476663,141.81792505050083
284,9.466666666666667,112.55537859900065,121.55939256147977,54.307513262215025,71.55983547682298,174.47516435866265,171.1379151447202,139.91891482188802,141.9381856629821
285,9.5,112.37046250332277,121.84984267502173,54.83178506528583,72.32896973205257,174.45689221684464,170.75628970391534,139.71885714930144,141.9156072517332
286,9.533333333333333,112.5317480534905,121.88474802998067,54.89051198957386,72.04326301380821,174.43478949157162,171.0351915023422,139.50290972117566,142.05095236836496
287,9.566666666666666,112.13440093828741,121.69134566839271,54.80028677071102,72.21836448897668,174.43471866489955,171.0005423956997,139.7417318788807,142.35668178879544
288,9.6,112.13553862286463,121.76899658587324,54.58738513810726,72.14027534702201,174.48162204943816,170.86686197517147,140.33599730301876,142.45435433431751
289,9.633333333333333,112.18617352760958,121.9610445051906,54.291342562093995,71.90626609562958,174.56181049464172,171.05602345008495,140.4349064485909,142.39699782326295
290,9.666666666666666,111.64803120792457,121.6331816326063,54.579084967359876,72.3938695853514,174.56105853234305,170.91653957758015,140.76695140863103,142.02914495950293
291,9.7,110.94810060096992,121.0831366056264,54.56088201721762,72.72927778466345,174.55305599232446,170.9008125716905,141.04299788187672,142.5979275782879
292,9.733333333333333,110.53940468707702,121.03855792874927,54.712674355469204,73.3244370945011,174.50544008175183,170.63741109828982,141.01616078510986,142.8908657454611
293,9.766666666666667,110.33981771585972,120.81001367116903,54.698474849276444,73.44984423900765,174.46364652480418,170.55650212757288,140.40197622291484,142.65491687802248
294,9.8,112.0923689576098,120.3410185607777,55.84804696956105,71.95682257962508,174.37178529164464,171.40719509075925,140.5193987692704,142.87011349685517
295,9.833333333333334,111.23582933653087,120.78335041153572,56.15441981131162,74.4036613345171,174.16096252772104,170.15847137481643,140.89771006991597,143.04397122319133
296,9.866666666666667,111.06029198630083,121.01080459085146,55.82329536869462,74.14297739406315,174.37458608521493,171.26479332383408,141.31913043982598,143.80814678810444
297,9.9,110.75982825808258,120.9204144439335,55.706515412876996,73.82325846719586,174.27748555215578,171.22963036606572,141.46286751336459,143.606716329574
298,9.933333333333334,110.20276273428904,120.1782773163695,55.74106902793448,74.3174114167318,174.26161886640256,170.6694609209484,141.41730380938768,143.60112739562146
299,9.966666666666667,110.71046491667359,119.75416148026487,55.48220511309043,71.97620348744547,174.22992677877806,171.4680078327805,141.3975973760219,143.30348308362701
300,10.0,112.26472631576486,120.1762760600048,56.995433707757506,72.15402804420451,173.66909817924792,170.7805616320185,140.55828088267947,142.84750346372928
301,10.033333333333333,112.20534578287514,120.21659118106324,57.110728332128105,72.30027657847977,173.62462059722503,170.32367709046576,140.51792164515967,142.34802257790588
302,10.066666666666666,111.70452811012133,120.43858811741613,57.809812200940584,74.8258785842496,173.487262563532,169.0489424580459,140.34322415581565,141.8077584395056
303,10.1,113.71247971739281,121.20533856963493,61.063985174660225,76.03295394735562,172.393440721513,168.20943883367303,139.653225684923,141.0303338153104
304,10.133333333333333,113.23823201716239,121.39032776837375,62.04499584146764,77.09808667066197,172.30681737559988,168.47625788870167,139.70516046146122,141.45734419581035
305,10.166666666666666,114.0582683283364,121.4795585736021,61.861158646414246,76.8562715668643,172.59065869496322,168.8066750210331,139.57897676273535,141.55753285727167
306,10.2,115.9925861354983,122.78679073726428,64.87368132212345,77.43302792960576,170.64489594804414,168.39570749031785,138.13066521185408,141.20109205020864
307,10.233333333333333,115.96389995042618,123.36110306134832,64.69421218531765,78.00879262598752,170.74378229405875,168.22956223413647,138.06091320325373,141.247530407469
308,10.266666666666667,114.95795214593147,122.91413104101741,63.70364867724419,77.67742825442534,170.5613454119377,168.08105076797645,138.27484003822386,141.00509485476812
309,10.3,114.40059980035346,124.0640766485381,64.1176371826725,79.68041630625237,170.2814930163466,167.2937632456478,138.04605871542446,141.08710454376723
310,10.333333333333334,114.83515393775544,123.64175957051124,64.7605723612463,78.98703668720712,169.9453952527708,167.51679904625468,137.80147888741598,141.08306589700751
311,10.366666666666667,115.17268154722484,124.03570397660123,63.68113406377473,78.66759432527621,172.2410210878809,168.66801527921305,139.64182313309223,141.71222138574635
312,10.4,115.83601001075722,123.87724880726054,64.39394851263026,78.22928339054452,171.40652441645142,168.56105709735414,139.13611387129484,141.35969543402604
313,10.433333333333334,114.97474867280432,123.57167840998127,63.56640222932836,77.20135122131151,172.11523259019432,169.90658460122725,139.68052160382638,142.3295447958139
314,10.466666666666667,113.05871914028734,122.57011469947317,60.990639298571246,76.09617671055408,173.19778970369006,171.1138245004091,140.44038290087855,142.96050430985613
315,10.5,113.64529688538822,123.20929049029918,61.429587195062595,76.78710978692938,173.56127151968346,171.1094867207729,140.71491588135387,143.21972471023054
316,10.533333333333333,113.71128650327958,123.00621090206526,62.582082135481734,77.02345052270731,173.38588377720822,170.91257519511697,141.5530557819875,143.5824199789456
317,10.566666666666666,115.10828333813191,123.8062371281079,63.454862318427935,77.68101319068957,173.26182239143225,170.90341346915426,141.43743696719528,143.70938978022045
318,10.6,113.79398605908851,123.6384887111825,63.02235246790341,77.84690305716497,173.45908280749268,171.16821363098396,141.28255549237247,144.03076824831342
319,10.633333333333333,113.78662229911536,123.59251566296784,63.06565317877543,77.77606537955586,173.19109173062685,171.06808050286506,140.67471570744524,143.98965565450558
320,10.666666666666666,115.30378521299265,123.89087498992706,65.42494064522843,78.2597493770745,172.25866427493264,170.6618931226187,140.08160296188814,143.41401541919114
321,10.7,116.1378326421054,123.9153040562589,65.87386207820042,78.36987388188467,171.22864998782612,170.20833248272422,138.6855097504685,142.46934980746906
322,10.733333333333333,116.35558427020973,123.91034291985079,65.32630179566105,78.20651135277959,171.69761681860163,170.3016737199253,138.70656853740144,142.3133860396604
323,10.766666666666667,117.0389351573436,124.14307814783959,65.8135965843239,78.6227461366107,171.2844052821625,169.7069526065215,138.56705253227187,142.07001872090223
324,10.8,116.34379911100095,124.3760226184217,65.48619997542916,78.88055011701147,171.22997707121272,169.94183362817088,138.47640855087954,142.23760083742934
325,10.833333333333334,116.9828301015338,124.5168959347879,66.49385328308668,78.90824794913223,171.0042164279874,170.0482381595363,138.60892478040415,142.3029433096259
326,10.866666666666667,116.66891444026528,124.68758696846776,66.51706213207609,79.1431556495153,170.73113990720557,169.86631163676284,138.3433103599403,142.17961055240414
327,10.9,117.66219098402162,125.05830905772648,68.0259180414343,79.71826158104692,170.2674296068356,169.68671415551535,138.44068467812855,142.0863077576954
328,10.933333333333334,117.81159976191303,124.73208242501553,67.5020756182462,79.33745482872824,170.77526469284524,169.95717930655815,139.0328132196208,142.28620907791841
329,10.966666666666667,117.38684538578406,124.65718741936334,67.87333944921565,79.49229581832435,170.15029695540068,169.58672516003674,138.57015421027927,141.8490341091365
330,11.0,115.26371965333917,124.90486566091809,66.00130081479163,79.93706915198516,170.5538096466688,170.05320096954566,138.89512363032375,142.58697632211155
331,11.033333333333333,115.74251343613317,124.2440496131495,66.15826213045067,79.49157585045123,170.7430622046844,170.18700322560693,139.06429029855,142.24895576912172
332,11.066666666666666,115.57269597938271,124.3058471962479,65.77448714221399,79.37005469508307,171.05336125838633,170.32379326610928,138.8901242564986,142.2869242210453
333,11.1,115.23033191894926,124.08618203717833,65.66530858551249,79.4049583074449,171.02448656161658,170.16157949282055,138.89315938124665,142.09311819218715
334,11.133333333333333,114.13072275945431,124.43672847616563,64.67810580797571,79.66605762866753,171.53659676784173,170.3310123564725,139.7329152033718,142.48920372420605
335,11.166666666666666,113.43372271128173,123.90325357906666,63.67580330752557,79.02152653742202,171.7682439552624,170.3416551230352,139.88249426297372,142.7099350113033
336,11.2,112.91436683306299,123.55031319225337,62.94449772464819,78.35788031033465,172.22947099601083,170.75217370535952,140.35899496570502,143.02639038501675
337,11.233333333333333,114.10295775935391,123.882567724159,63.379311856479994,78.11376909665503,172.36870963301462,170.84238019328316,140.67290871593414,143.51588050324145
338,11.266666666666667,112.20695711338792,123.48764688611168,62.71822265311546,79.07083532303555,172.61213829066747,170.65505324363897,141.23227703855625,143.4912639947879
339,11.3,114.39232648479434,123.66548265196721,64.83538273736256,80.12297578437558,172.60338360512264,170.28074118984281,141.48875982291204,143.25551076421786
340,11.333333333333334,113.84049972750604,123.7361902832906,65.1409197467815,80.62657314676655,172.92600781361702,170.33718308330563,142.14847535854557,143.39846429681955
341,11.366666666666667,114.14575884506576,125.88914358275046,66.93695392330925,83.05738251271862,173.02286256460707,170.27403408444283,142.78839163609263,143.72648573925667
342,11.4,117.42620807438986,126.80393685956345,73.4668251537899,85.09041645293443,171.4672037908796,170.21966974885325,142.2293197898502,143.61728428620222
343,11.433333333333334,119.81641563941335,129.07006218990955,78.58880719178097,88.88285777548232,169.75137084680279,168.99677772557857,142.10220867796872,143.54391358675974
344,11.466666666666667,119.53001892142912,129.39511139414122,82.25750812261897,91.58077931119544,168.8345238489845,167.7892303293697,142.4149731972516,143.57988254165645
345,11.5,122.8732669781611,129.8693707508204,86.4277086655893,92.42231391636027,168.96685870959885,167.90941098478564,143.0902833849045,143.89945665827364
346,11.533333333333333,123.14554984037507,130.58910757025637,89.86893143248707,94.73357697395724,168.51602651961755,167.57078133835589,144.04429472593165,145.20773276840148
347,11.566666666666666,124.1120280574335,129.79553128598096,96.34568784273542,99.11239498467097,163.88701319952267,164.44479494512646,141.8985109621508,143.91200810059152
348,11.6,125.88467605262164,129.4996889982739,97.72021135795244,100.25410260235836,163.39698396711242,163.3317191794501,140.9197458338433,142.57644564928643
349,11.633333333333333,125.6409374791192,131.39671774936946,99.55792747536917,102.67472484418556,161.9501413977458,162.32568659127298,139.40355802383712,141.90305678513178
350,11.666666666666666,127.1494027002754,133.25472203611986,100.54359238446862,103.74643149657204,160.8262020569913,160.06930304617725,137.94405766591163,140.62805565528274
351,11.7,129.1176415008176,131.89373140941277,102.06264054219906,103.69786541130698,162.45898167060102,160.19108448294924,139.38225677416577,140.53392984038942
352,11.733333333333333,133.5117078630755,131.87231896928412,106.76333690497867,104.41640643405117,164.4162817937045,159.9369970187865,138.69789790070203,139.36822013820657
353,11.766666666666667,135.53710341612404,130.72724484265655,110.10754619483743,107.79449655120267,163.25414421989393,156.71535489262686,136.72110075053433,137.37687576932842
354,11.8,138.1806218451019,131.30924503040043,115.12321494530624,108.6170470020203,159.6653611843578,156.10563891899508,134.2257784114307,136.78718714808178
355,11.833333333333334,138.57350863281167,128.60488937305618,120.43784501654778,110.03496738795596,159.0740573827951,155.05971330227004,134.9459743441672,136.95167279857088
356,11.866666666666667,137.12759184277078,127.46268258436525,122.27916562769494,112.40235111301709,159.46142802045026,154.0890863309487,135.0295268840919,136.77349195657825
357,11.9,137.0807732177361,126.32766339607481,125.26913464849937,114.11625112336097,161.53853356951473,154.67212154068068,137.49528023189728,137.72570811552703
358,11.933333333333334,137.4674082707726,123.70198300386788,129.9305538593899,115.99291673784995,162.43679567811364,154.02316237715218,138.8142940650444,137.1581560282952
359,11.966666666666667,137.83738302201678,125.65643817637486,132.29073470208394,118.94056073426019,164.07718924763648,154.93395952108966,140.06237406884526,138.34011938633228
360,12.0,139.630585680077,127.09965028818301,135.63176891329502,123.18190507864557,164.59677853803618,156.49443191558694,140.3534863169456,139.4810470876196
361,12.033333333333333,141.08271247555732,127.10237762307561,137.04075796853832,121.96851787569277,165.7816514640172,159.1771166345557,140.78870233662784,140.20388035506
362,12.066666666666666,142.21021321451724,128.55353359252643,138.03342179369076,124.89909234306215,168.71656472898695,160.06705839702053,140.79023788959236,140.37858323467316
363,12.1,146.386084960168,132.09857765480723,138.35538301922602,125.59449409487033,168.68314146974103,161.32333604812348,140.90264391827512,140.71814841413314
364,12.133333333333333,147.43384005903542,134.21952488436108,138.1735752121659,126.02708206121348,170.04933338061304,165.18821042760626,140.7714105385227,141.28504444108717
365,12.166666666666666,151.60015708476232,137.8751571627305,138.08310795871932,127.3217500019541,170.84312259942297,166.42327966961997,140.30821092208683,141.42295170575696
366,12.2,153.19180273900133,138.37156677971132,139.71376827718566,130.88833316757572,171.8480658805194,167.57398044122218,140.93835749769585,141.88135750936138
367,12.233333333333333,154.97337933011542,141.9679004466107,141.00924844662174,129.86286642504137,171.47079613039853,167.61928386666384,140.03731166838406,141.58021913988543
368,12.266666666666667,156.28728300945141,143.75322120486646,141.39235078514943,133.86994707079006,171.5588812953683,167.5015909431187,140.8965165638204,141.51803824368815
369,12.3,158.11388671373382,144.11398586721748,142.71342895800117,136.6842688749449,171.65871699634064,166.5424750227505,139.80016543196183,141.51739519917007
370,12.333333333333334,160.03738405207739,145.61187466798512,143.61619116588244,139.05268195339175,170.66556519383852,166.69763940318455,139.627986469354,141.71124308657147
371,12.366666666666667,162.16963474290742,149.4699282966461,146.58116881733,140.6767945256437,170.2811183294583,166.60316823689664,139.4155141547351,142.04351384691722
372,12.4,162.6156430404591,148.28245697125297,148.55317142861708,141.69181880082388,171.70993896049123,168.31048514420237,139.57921696904742,143.28517158524141
373,12.433333333333334,159.95047167577903,149.4009623370038,152.83710440147357,147.08953603680467,172.36752593703926,168.42158650843191,141.08232562320407,145.45986234886126
374,12.466666666666667,160.69717249891352,150.02899041246522,153.37913749477536,147.63176796373577,173.03823386509396,169.19862619353646,141.80322830628225,146.57441120834065
375,12.5,160.61948906752352,149.1926795088067,153.7261555154492,148.40673044141528,172.93850037549495,170.76711640489998,141.48828453654454,147.08993860544265
376,12.533333333333333,162.0776918412607,151.27158614742288,153.8597992807025,148.7464298898188,173.02073790397426,171.60307978379615,141.48390916753388,148.07532345204822
377,12.566666666666666,163.49431167691304,153.4363213445801,156.44383392086377,151.35586446184624,172.73753498993386,172.26693446505624,140.98132148459436,147.84180447923612
378,12.6,164.71701991225095,154.45580113400266,157.93176785519938,152.72666930011744,172.1302146585327,172.0890141378686,141.00491712269607,148.717986861369
379,12.633333333333333,165.4019839115228,155.47225862296952,159.3488648748126,154.9449841680005,172.09513239816937,170.371662227885,141.34273843285777,149.00898911251784
380,12.666666666666666,167.53037788599423,157.26250357996958,161.02833173124583,155.4109350120182,170.94537001795157,169.96490494524272,140.99625245636236,148.43158219562474
381,12.7,168.16394808775144,158.38913057242848,160.5798850853504,157.08201271553,171.17450277950888,170.82866110248247,141.23115126767163,149.1492464721187
382,12.733333333333333,170.71767714642294,159.11649978964428,161.1404943802085,157.70590696562414,168.7311442394629,169.82724845141195,139.18768222169797,147.83655005523906
383,12.766666666666667,169.88613458785406,160.3005407774829,162.32045118017106,158.45894188931808,167.5812789768568,169.12636356222717,138.651527594342,147.7252736714177
384,12.8,169.04225212004823,159.44221539397716,163.01221905072842,155.0053145944662,167.5191247670949,168.50196085022594,138.76264728100477,147.31894073356858
385,12.833333333333334,169.3242426987961,161.15814124145678,162.26346322971162,156.53170539423962,168.58390902642995,169.5288721589259,138.96337055721222,147.62329321731687
386,12.866666666666667,165.54305025252748,159.13502557451187,161.07742024151818,153.13673573081928,169.63009363905567,167.34801923412712,138.3663549580832,146.7003275556447
387,12.9,169.10088426489392,161.95490056159966,161.8423664285629,155.6990898397834,167.6393101239659,167.3127574726863,138.56562441422946,145.48156953323294
388,12.933333333333334,168.67566288213737,162.01775710023782,161.50874501641158,155.6737618682348,167.4490865653176,167.10409977435955,138.47841909286592,145.68242446285677
389,12.966666666666667,169.60243463932568,161.47441329777342,161.50858728993782,155.96987315486618,167.4844166363608,169.47793153284184,138.47721202266794,146.8254900344689
390,13.0,168.43660992219517,161.97028302894668,161.3943269845772,156.0939591446087,166.72061207632507,166.57209030407736,139.07587901173542,146.44848029655037
391,13.033333333333333,167.6150241697741,161.3710014199928,162.01720542734708,157.0020802417692,166.89510948089662,166.09367686524203,139.00848197657203,145.79686240533084
392,13.066666666666666,168.24204874351992,162.27689525798547,161.9341126996953,157.12214819740126,167.09437403381895,166.47592616934466,139.3012157476924,146.48455435186904
393,13.1,168.5278261807942,161.92283880997354,161.32197568614524,156.75155868358055,167.73997749720525,167.32975476788195,139.2671587778849,145.35647792361922
394,13.133333333333333,170.87503659520124,163.52199609605543,161.34417821745384,158.2752558099334,167.22245109888667,168.75455493564215,139.97155817984043,146.46484519635524
395,13.166666666666666,169.38129621510362,163.34285439922343,160.92733305675563,157.76767568093328,167.73779463161063,168.80240005794533,140.20102719780454,146.65043044209716
396,13.2,167.91470787222525,162.09136011966672,161.83878329285236,157.0441610075917,171.93399578915205,170.38074358985568,143.16917917028908,147.40792586100173
397,13.233333333333333,169.44285314808556,161.991562023167,161.4982872877256,156.99195511615008,171.22900926716514,170.24445041299785,143.00553627869985,147.5094448020823
398,13.266666666666667,170.20611977135337,162.18022179499613,161.5778868545652,157.04990655051648,170.601038248349,170.12246452582738,142.36573071053863,147.50585064004358
399,13.3,170.43469508381725,161.87445332580344,161.3108641630324,156.84294519644195,170.45457156146543,170.10105522332228,142.20688159709007,147.53821461865144
400,13.333333333333334,171.13499378063477,162.4835296305406,162.06672149059713,157.00677611299847,169.78224326995414,170.1816911197084,142.33361450948783,147.6516699000374
401,13.366666666666667,169.0302195424665,160.68008126017747,161.8995614087432,155.1459563214322,170.95945229380195,169.977246222991,141.28053959841293,147.54471888298175
402,13.4,172.1366650002803,161.4795691719297,160.93188272135782,156.83881797175718,169.5682204032496,172.87218395120803,140.61472126775274,148.67133232352714
403,13.433333333333334,168.71518014526785,160.3995329752508,161.819049239152,155.0803359948905,171.2185550229849,171.1087776830532,140.92335021405924,148.8113591244258
404,13.466666666666667,173.02700754485815,161.13490459363481,160.83055444265554,156.14232906679712,170.434490322533,172.82721972714114,140.50078372733873,148.51287412691187
405,13.5,168.37235444124624,161.2342324183522,162.1372890950087,154.96971084822334,170.11313579075068,169.533766895877,139.49773457055372,148.03959351478116
406,13.533333333333333,169.06597034227565,161.00002708065753,162.04427364430737,156.0780482440521,170.36620591100828,171.84142374313456,139.95570469855602,147.9606204686393
407,13.566666666666666,168.43583144248456,160.5910554808164,161.53554541298317,154.79864323803508,171.05609690829434,170.94986010252995,138.97610030748038,148.24193847641925
408,13.6,169.03629567891184,159.55381794372096,162.67051294801678,155.36702632155047,170.38832626824916,172.08258895119243,139.97246653486624,148.41757869549858
409,13.633333333333333,169.1148082744596,159.3833163051869,161.20020315160113,155.0951193101214,170.02205215210302,171.2820535425387,140.05459186811967,148.0785716074878
410,13.666666666666666,169.00943484599313,160.4408628619793,160.6950145712876,153.4736687999193,169.84629703156364,169.99756558119816,139.382215570501,147.66460822362356
411,13.7,169.30424125652627,160.02329132032392,160.76164498764376,154.38199497569653,169.29863494999074,168.6615490655548,138.7296654998165,146.5630323963204
412,13.733333333333333,168.37980876041317,157.7372526408866,160.7574859530756,153.56419198322956,168.64894649980369,167.4258459978887,138.57470931375943,146.35473937530605
413,13.766666666666667,163.71339056689604,155.51530743090808,161.7789711073337,156.5183019903855,169.9914950779441,165.5170391285658,141.54651254378643,146.58010705884553
414,13.8,165.35809374399764,154.91195732150263,160.34509386923537,154.69277254346488,170.59153472987302,166.52951429748387,140.992014991643,146.5711788518983
415,13.833333333333334,163.72938908385257,153.84804966476096,161.32550085807864,154.96166310792904,172.16748254822375,167.56597838560575,142.4205308253572,147.27621632311056
416,13.866666666666667,164.4648749258787,155.10577367588436,160.04421914195348,155.13055524938494,171.96650309532362,167.3546733940872,142.48539411538195,147.12010818926348
417,13.9,164.74442560443293,155.54850787852666,159.49459452702487,155.60707348171587,171.87515952817273,167.95426014341064,142.71059510956738,146.5415516371552
418,13.933333333333334,165.92528015550462,157.5369936229301,158.76577506547605,154.81615405095795,170.535401499515,168.47761432052383,140.42175957342624,146.56698005237578
419,13.966666666666667,164.20956584309184,156.92134024896862,160.0763701481523,155.7195371575407,171.26248253869986,167.8912040789053,142.32231480519874,146.7626335410277
420,14.0,166.1731179658107,157.99882163428123,159.02623753892306,154.92265164284117,168.05013560220235,166.53597194180503,138.2212526914848,145.57240168857007
421,14.033333333333333,164.16713754611686,157.64445655751106,160.15242765008415,155.44625151358608,167.75691938570552,166.4110672639107,139.2772732507346,145.85200985570373
422,14.066666666666666,167.38186505791336,156.9174027507037,158.31172371742977,154.67041113620456,165.63708974242994,165.23156518520165,137.44665378058284,144.55195535042708
423,14.1,169.38406956329814,156.15199421587846,157.99743768155753,157.30625401605442,168.50594743297617,166.57208025431152,141.58135824946706,145.6894085409008
424,14.133333333333333,170.3014384002572,158.791375922125,155.71635580207217,155.34953886517036,170.05500843035935,167.09834997691186,140.0129701261022,145.28204900852424
425,14.166666666666666,164.9318454853298,156.45253018033975,160.10590241435656,155.113785364926,172.0258201545612,167.88457691018084,141.86817678091677,145.60282286543412
426,14.2,165.2888946372763,158.22335679952718,161.18589831618385,156.5016418682348,163.49885742011153,167.42690108956845,136.90650496873272,145.53106671452113
427,14.233333333333333,164.51715786299332,159.20999212610064,161.0356880694538,156.9800937762899,164.55406725676,167.29958229618708,136.89157397565546,145.91607208241803
428,14.266666666666667,164.84986803744624,160.9226307195878,160.57627289782934,156.9949918632564,165.19838663504913,166.85153521859314,135.79663715342838,146.04087479933293
429,14.3,161.94160155993572,160.59238052053982,161.88921377468913,156.71755980201075,166.2773153027998,167.3408595234056,136.65293410783485,146.21006295344793
430,14.333333333333334,162.8101186152681,162.21783905295484,161.39988354705494,157.03741139427405,166.917317548803,167.99940773879794,137.66369975952014,146.66635243134175
431,14.366666666666667,161.72609365316052,163.19757530804213,161.19678562921493,158.2340625527613,166.54534598260827,168.2220246044206,137.69385311908889,145.98350470232626
432,14.4,162.56030360950433,164.04520723427217,160.63437275163713,158.15074017286057,166.51774724058225,165.5491982618189,138.07301917502772,146.5583120933953
433,14.433333333333334,161.87758134956763,163.85825034932262,160.3060684598155,158.0284465212017,167.07389066022384,165.64440656887714,139.04355768734698,145.10202284738887
434,14.466666666666667,161.7287483940125,163.8290290539972,159.90722017459987,156.8398127049732,166.816608705945,164.72190200713013,138.35113601943365,144.6998017958138
435,14.5,162.37863481299226,163.49009212778125,159.77353110071812,157.15465367684516,166.86903385083795,166.94304038142795,138.84054621295732,145.32362515731825
436,14.533333333333333,161.1426370469158,163.15534077126887,160.29313242983397,157.2309324287712,166.93119853658155,164.53991027654067,139.6872863357428,146.54500666301533
437,14.566666666666666,162.96954609969998,163.08877747814756,160.38433360906046,158.5900146870237,167.0567852064456,166.03421597391304,140.65248378596903,145.65793075864366
438,14.6,164.21236656675808,162.79340690049523,159.38813439158773,157.65888039656775,167.99540419559284,165.2344242473837,140.66001913820753,146.02529221342076
439,14.633333333333333,164.90246281135364,163.06197910892837,159.94775393401096,158.17213287979894,166.59022888963307,167.3041088135605,140.94093194077507,146.34880850763136
440,14.666666666666666,165.90329473750782,162.87541548922903,156.94436812251743,155.37312520301776,168.83213888586496,165.41346541241847,139.50833462088966,145.75213017216467
441,14.7,164.75908625853646,162.87941870652375,159.22810468076673,157.09456131705304,166.70152349199807,168.84894555866939,139.55341668885887,147.4761602348539
442,14.733333333333333,164.21086638419405,162.68925811270805,159.1892933226667,155.5520541999896,166.5592924601248,165.24503729745277,138.46235873281367,145.16461872965985
443,14.766666666666667,165.90448087862967,162.8669092988693,160.3039427881453,155.60490177781904,164.91175255742382,168.61866552079883,137.2989364393909,145.9968872371152
444,14.8,166.97660668117678,162.91234355266232,160.6813162483609,155.1934949368089,164.90743797465623,167.10440502698827,137.83852632180114,146.02159998402723
445,14.833333333333334,165.98262877117648,161.65159059146984,162.43919557156087,154.70519854317646,165.0874396844351,166.59478291804692,137.68320169934248,146.3528335904696
446,14.866666666666667,166.45702053337655,161.97657982050015,163.2298089041718,154.73714534638995,165.69737819233006,166.60139053820333,137.55377974021607,146.22963291729099
447,14.9,163.4447478836443,159.95785229958432,163.53435701827078,153.78837257571067,168.54237833417278,168.99947152785765,137.27005452555446,147.1201759501894
448,14.933333333333334,163.255415435593,160.08040753904922,162.81476188149512,154.46807079163634,167.64956769851648,168.52295784998373,137.64245281183184,147.08319259314575
449,14.966666666666667,164.86402033516333,160.10112601068153,163.21771399668987,154.8229032896156,167.7884495868824,167.2231195192573,137.37791399156558,146.03415098814202
450,15.0,163.35405365528814,160.85129324627454,164.0459070538359,156.2518765349927,166.60356007542842,165.5512026980049,136.79047979282203,145.94505372552808
451,15.033333333333333,164.6764911842485,161.10837106241317,164.08772028504734,156.382968984325,164.81679197194094,167.5195276374527,136.97862641547368,147.35531170650978
452,15.066666666666666,166.81694317207868,162.5947717860231,164.01318966659113,157.82533603596212,162.9889857427378,167.18294045276733,137.26946785122695,146.61931454395446
453,15.1,161.73324097121454,162.12971565899414,163.6503927975033,157.2892663464663,168.26726978846713,165.23647173622518,140.42943578328232,146.66041611145462
454,15.133333333333333,162.21260395845917,160.5961706113174,164.3292971119166,157.43985101826323,164.30888620894748,168.9664358965149,136.40832488747608,147.19763038631996
455,15.166666666666666,162.9564593826772,159.72345632425615,163.86258253344016,155.54531140672412,165.06898187950193,169.21993122800296,136.3147044235401,147.8408852100124
456,15.2,164.96076411170617,160.8628285502071,164.07694947439035,157.5403320998921,163.3292658850567,170.45783486444344,136.8026968525674,148.75456633825638
457,15.233333333333333,164.6503137003893,161.00016850982507,163.05325879861468,156.7501489637451,164.22679229513685,170.63999461247295,136.71277664373423,148.75664319356432
458,15.266666666666667,164.31784337222962,160.67937645402773,163.8771145396518,156.80130547440223,163.8984813969502,170.42203455173572,136.97012987867834,148.29643162986156
459,15.3,165.86711470438019,160.13839532438396,162.48283485240992,155.3799961026683,164.77795519974626,169.20838863083975,137.03807965516134,147.3957135713041
460,15.333333333333334,167.22935302409013,160.82122756042784,162.0363751931828,155.88100159863453,162.71260962482577,168.6173061762765,136.21400879102615,146.8478407603792
461,15.366666666666667,167.26290118545302,160.81788352174163,161.77100215515875,155.02921791604913,163.029199094319,165.87378545831032,136.2691089031406,145.98868215309227
462,15.4,166.68359069403502,161.54085576017619,163.63864525450185,157.44027615456847,160.84830251335174,169.65755051545534,135.11931634806226,147.69340438095563
463,15.433333333333334,164.64587643783037,161.7107670479147,160.75567596381606,156.89374293762216,166.1738647800842,166.64995026725904,138.4067831749319,146.89927658887615
464,15.466666666666667,167.57713789291935,161.12876693775797,161.90677720979113,157.08448474277404,163.49241633626366,167.78475847402962,136.99648312262636,146.52442571986455
465,15.5,166.9246009628387,161.0409903145633,160.8183641657338,155.33024221177436,164.69813040579444,164.23141068818956,137.68161276157497,144.75144477511884
466,15.533333333333333,167.25368724913923,162.05312370341315,162.29173053392694,156.68014870918714,163.53132588787383,168.36486582003846,137.6840371082846,146.61040143679702
467,15.566666666666666,166.2634403491405,162.32289413083322,161.69398088533373,155.4535196492098,164.66361772492218,163.72076252029441,137.86503725712828,144.07577001930096
468,15.6,166.7703008867722,161.67767695593773,162.3550935018687,156.07696573753958,165.99805343361837,164.4161372829354,139.99915615121253,144.43437752175976
469,15.633333333333333,166.70219280122728,161.0407802524443,162.01550894708686,154.10952123057575,165.31791401289456,164.68636271274917,138.59852126693156,144.54957426278284
470,15.666666666666666,165.152765058445,159.77287501036153,163.04773341310727,154.01647638441392,167.29123981570245,165.39148384467134,139.99512153403592,145.4418473653697
471,15.7,166.79302751245362,160.00492752718736,163.31037751059975,154.7796274939685,165.46844369995904,163.57776728823816,138.66554804380874,145.13701521258855
472,15.733333333333333,164.84214348327873,159.18162378210724,163.6278143990623,155.09317780911385,166.69356243749465,165.8706919047491,139.34804058143865,145.78826762365458
473,15.766666666666667,163.96144422101287,159.91407393717682,164.32381071481262,155.7762379333005,162.33904293661638,167.27751501447247,136.8640856716634,146.3776280931365
474,15.8,165.1903800531107,160.66422117393705,163.44340479744835,157.05904041114496,162.32412569073608,168.6833685665506,137.38261310538923,147.20998081727026
475,15.833333333333334,165.73273104481797,160.15405909089307,160.67994918414004,154.84598535616246,166.66070102184577,166.19586533659998,137.73328127576534,145.67698211478748
476,15.866666666666667,166.23261429854142,160.29999832302238,161.63369550624384,155.29858900608414,164.4463351562622,168.39085763688445,136.84790696912523,145.562449097558
477,15.9,164.1897961874612,160.12047820892067,160.51805060157838,154.11276830636916,168.556690464763,166.3057692688246,139.8723682477447,145.37967295257874
478,15.933333333333334,163.79640576456444,159.03564548462043,160.56364990023553,153.16912336119844,167.2610423413858,167.11081452134775,139.24767480979187,145.28417653365972
479,15.966666666666667,163.3178148504816,158.69865441141152,160.50760028832403,153.128069540676,167.25748570475807,166.0804703333909,139.3240699606584,144.70548287742605
480,16.0,161.42756216047397,158.56227699927632,159.73951885297797,152.83314311925668,167.94913968829007,164.85356995300447,140.0913285633034,143.97074303535317
481,16.033333333333335,159.63308690513017,158.24020740115267,158.4682821265567,152.16219245817317,168.3190590320241,163.05961353589436,139.90646035722102,143.17512177192026
482,16.066666666666666,157.8740686793308,156.7101578733482,158.67730216929684,151.35391685329796,168.47604229849546,166.33642025910373,139.22292625209977,143.70056080277794
483,16.1,157.0612927744179,156.16040481895186,156.31608537280124,150.37449981271487,172.60158344170588,167.22318728799243,141.58700088350537,145.38071673916858
484,16.133333333333333,156.96075022961637,155.67169870162542,155.38157177336376,149.7882630400971,171.74256462994578,169.1580552817236,142.0017483719674,145.97699494158493
485,16.166666666666668,155.42886187741632,154.17473612708338,153.92443778341934,148.48784720556117,173.17747490438978,168.4741506644899,142.31929716589573,146.14010168258193
486,16.2,154.97686970927504,152.7323356507372,151.63723728470225,147.34747367789623,172.57042701825094,167.12191972745805,141.59498732099874,145.51819085088437
487,16.233333333333334,154.84308584663387,149.68558620195756,147.53096539255594,144.2664619103337,173.33834573306373,170.06876931028108,141.23475474993833,146.39280841039607
488,16.266666666666666,153.5142031562906,150.07703932968073,145.7709458890312,144.90195375513707,171.66691670382772,168.91504440601963,140.03292899862618,145.4879896171772
489,16.3,154.19813801117127,148.0285754440341,144.53819458490415,142.7267635405366,171.00047431486223,170.70852264958668,139.39687234881274,146.53103689341177
490,16.333333333333332,153.5236166584549,147.54186206011735,144.23333970470458,142.85079287040935,170.91047907228116,168.16120880331377,140.14576777184158,145.3504057739199
491,16.366666666666667,152.70328398809795,146.00101983344447,145.07692798621247,142.01009241698483,170.9897083909475,168.57084374770952,139.60173814279767,145.22720205106518
492,16.4,150.0257214876867,145.8246635583782,146.11756103294357,142.18834881410456,170.002163956245,167.64486443185393,140.2148420670323,143.83971385471767
493,16.433333333333334,151.73257790427883,145.9394156056583,142.25964319204613,141.2529903408419,169.71325862210048,167.38539861616664,140.79304094123955,143.23913973279258
494,16.466666666666665,148.72407417181375,141.54115574104807,144.32784556122144,141.25819315646567,169.65190953285114,166.166503369887,140.38564085691772,142.08566934725093
495,16.5,145.56437573932166,139.57290933790463,145.8340091654788,141.20827223554411,170.1442230743372,165.433091878395,140.6245373910654,142.22098948730505
496,16.533333333333335,143.73125645430233,139.21294164642947,145.76909541751547,140.54701633270744,169.46161187896857,164.39936261466923,139.9984331098828,141.03438366634634
497,16.566666666666666,141.48773278084974,135.8079511758769,144.7570651020659,139.77846648491843,170.4224984374163,163.23086480260142,140.7146352548818,140.9112623802815
498,16.6,140.67310583473437,135.04417019668574,143.44225786103203,139.74257141948723,170.71208501958662,163.23382396150146,140.33747013516168,140.5036487117939
499,16.633333333333333,140.10447613283182,133.17151385931837,142.50391146896803,138.82752938521327,171.26972355398112,163.10008318308124,141.88932296738284,141.22018475812337
500,16.666666666666668,139.96574933310666,132.36515821687374,141.02279246116072,138.722303582276,170.03127445806143,163.03592702083728,141.59389451095396,140.9642159516122
501,16.7,138.9695634419091,131.26059138663285,141.10745720418137,138.14888536596854,169.32534640939994,162.5059704969906,141.27320698716005,140.80544940987136
502,16.733333333333334,138.59618814564917,129.53274238434906,140.29126257232141,136.16390986349722,169.45521161544573,162.6714242766583,140.82024943341784,140.78440782101302
503,16.766666666666666,136.73703250029035,128.43989057284725,140.66037889769495,136.40593864548413,169.93304954203245,162.7614773459823,141.76213082972902,141.16316599908768
504,16.8,137.1216422266766,128.3134368989897,136.56794424318593,134.33896211289382,169.11585203576826,163.28435390207943,139.9351012389001,140.52161585209748
505,16.833333333333332,134.3071916382937,131.3416728923171,137.4021663888427,132.49112414343986,169.64641254428645,162.7861519876666,140.40703077751976,140.74552988377374
506,16.866666666666667,132.04581679980913,129.41973680640672,134.74123949397205,131.83150442395305,169.54965844104902,162.78442637867255,139.90333692318862,139.6866176753472
507,16.9,128.93678255396912,125.72051994535485,131.22283968603188,130.91176374514836,169.25517066241264,161.12375167328915,140.6811077833403,140.34344735848148
508,16.933333333333334,128.73308487892868,124.78644022692771,126.18235984250403,130.8267134084322,169.08439747555025,160.11573927022505,140.69854172118096,140.89521900225125
509,16.966666666666665,127.32984901549585,124.01452923217049,123.76540852347706,129.65574248081361,169.93209205308233,160.39528033778126,140.97391587761325,139.95128761507522
510,17.0,124.77093672963078,122.17290589201669,124.06668552693404,129.91962170049396,171.66358698478268,160.83019086696874,142.61507592614976,140.38832264872661
511,17.033333333333335,120.70392441244306,120.1000786844652,121.98517203827504,129.37480391168808,171.94387811637694,161.0352133455292,142.9462705023086,140.84796895718247
512,17.066666666666666,124.65038596004723,120.3144098168847,120.08024408549815,128.35604443361183,171.9306119267257,161.00627345524444,143.29706349388067,140.92456665785085
513,17.1,126.20495399845184,121.0503008158054,117.62674006624097,127.22571256774984,171.44516460204397,160.67986869611215,144.11215022508668,141.2732784358473
514,17.133333333333333,127.0863837978217,121.74800062687352,115.74602618168947,124.26406952450918,170.7560106725937,159.8924248015778,143.68144630613818,141.08721469222328
515,17.166666666666668,126.80070550921855,121.25450389399549,114.23099865711812,122.61169456165177,170.77534514986414,160.26645035792058,143.47416908640508,140.28959402911676
516,17.2,125.80314468326495,119.93967990174862,113.67518601065908,121.48903104138832,169.55168718174326,159.5700586802151,143.04584768956903,139.84827821431
517,17.233333333333334,125.96719678570162,122.18544064269622,111.86266244638762,120.14651863481335,169.69907701451038,159.68122939854626,143.15619725136415,139.93269722726458
518,17.266666666666666,126.25740294674036,123.16906391283294,110.16795660761053,119.26204103682775,169.06565446884937,159.7348004525594,142.12730615988656,139.7446176380933
519,17.3,124.25534855498326,121.70532133398197,108.58217391681238,117.53003289200886,170.03254734315996,161.34850616751044,143.0636951349921,140.2152638255139
520,17.333333333333332,125.62144639526996,122.82762261832833,107.44372845450296,115.31820166670916,170.28814506700994,162.1020477478461,142.94475197730566,140.25384270516597
521,17.366666666666667,125.42901286687704,122.19021953826858,105.11861306464347,113.2745433126338,169.98053325411146,162.19951193227885,142.03067212731912,140.25911525983958
522,17.4,125.7559265561191,123.40684962717708,103.04325074873452,112.3147496105167,170.05338046357892,161.24303930558514,143.10053170220039,140.7046969738084
523,17.433333333333334,126.70374065237938,123.61415028245352,102.5989898590384,111.19808903215848,169.44056016112015,161.66504038769415,143.79829360878557,141.04624215777596
524,17.466666666666665,125.88420734684387,124.21809844528612,100.40236904204669,110.15120831397573,170.54974733068752,162.54046238284414,145.40370700420976,141.32180883465574
525,17.5,124.7699281114448,125.74435751369435,101.0594926582623,109.86687632290767,169.38818943693067,162.59913114984352,145.7451354043926,141.52048820164381
526,17.533333333333335,122.41426604607676,126.16634999829449,99.56836797064776,109.14757462343701,169.11217639978045,162.7473554895576,146.61868555499734,141.2385725315619
527,17.566666666666666,120.4386102123332,124.57961286659373,98.62510030045314,107.3967515442136,168.64789022483492,163.11006192991883,147.91531894488105,142.07867371087596
528,17.6,120.6058049690411,125.34791260506313,97.99125670425344,106.05673143514088,168.93303280516955,163.53569876990977,147.69289331315076,142.4640221764354
529,17.633333333333333,122.65117894786151,127.80645969333897,97.59488966464602,105.22295352540829,168.57474731046136,162.8693159469529,147.9911547372703,142.3540828682374
530,17.666666666666668,123.43445089090606,128.0512947944236,97.01668789974588,104.56504643399907,168.44914286794472,163.01892166076001,147.6461983441827,142.241367377402
531,17.7,125.83970151701746,130.59003225155953,96.79391657011992,104.48905344675747,168.43761755134517,163.44292762318926,146.6860248783113,142.64921021784767
532,17.733333333333334,126.58356929793597,131.7191759928059,96.68282900331097,103.78393910010686,168.3718612240204,163.50623077526126,146.34754026456608,142.44237790093905
533,17.766666666666666,123.83268386054128,129.64251260200103,94.09182161711135,102.82814306607415,167.01651790527802,163.51362428104594,143.66873893445538,141.70264581860366
534,17.8,125.2399813294272,131.6483914421908,93.7550391499659,102.25508324465783,166.6659205235376,164.14958409428888,143.83522931994779,141.81657886719185
535,17.833333333333332,124.16674325471325,130.61060855049237,91.25308950275249,100.70490280507693,165.90286539870377,164.22097671779628,143.08592937490621,141.4883510725328
536,17.866666666666667,121.3390386265856,130.65972606799826,87.04885066616191,98.97343800828011,165.26638166810085,163.90273996451225,142.50515963611858,140.86419489489916
537,17.9,119.76293818957026,129.04022138163458,85.80407318880685,98.70615481487273,164.74953310202838,163.48000814338482,143.01723517471123,140.2076020119378
538,17.933333333333334,120.4198601105232,128.8070643272074,86.53490068701618,98.38691153541706,164.45456592739214,163.65203565192513,142.31396428677277,139.94068804258725
539,17.966666666666665,120.27045506581824,129.03897153814535,85.03366623380904,97.89663068803839,164.70026235214996,163.44643007561623,142.28558899854954,139.82368551531906
540,18.0,120.35630709715544,128.72727185401035,83.0868381500777,96.68789207009988,166.09469292508194,164.2480081987123,142.4958003914713,139.90179059757196
541,18.033333333333335,120.31352818418547,128.85559963480753,82.68902155304446,96.49357049926115,166.63660812311727,164.14600338085435,143.00057660790583,140.09952910812825
542,18.066666666666666,120.58069728598882,128.60226857641223,81.34909696624273,95.8509950635369,167.71894200959807,164.50084187132083,143.5127946999277,140.47233457431005
543,18.1,121.34500478608317,127.74618973867149,78.45757093052605,94.54483736321053,169.64658475744307,165.1048868383082,143.5878447373497,141.08336800247358
544,18.133333333333333,117.77116788888678,127.09027114349148,76.18465007344565,93.86341460344053,169.53665351861807,165.48756490795662,142.96066066533004,140.8479310422308
545,18.166666666666668,118.17822999024457,126.77119663096312,74.08186600736094,91.3848781166395,170.83260426170057,166.22191354027905,143.19703133588388,141.3590593533207
546,18.2,115.86130618527585,126.10849699138113,70.82949482892141,90.09639384855288,172.23793185263918,166.96597148733358,143.54619461151927,141.50619579432717
547,18.233333333333334,116.06616064769933,125.73271412825376,68.97142592962959,86.10537276468338,171.54512430024326,168.16668388692946,143.6131981222679,141.3885157086556
548,18.266666666666666,115.77265335034416,125.12641268456966,67.90876146360591,85.70175351335318,172.04688450453173,167.38048394634828,143.58887120407067,140.94086845886468
549,18.3,115.80133429644063,125.00245394574198,68.66971112321022,85.70777921684908,171.2760374694647,166.75652579791787,143.3905419183873,140.73288664894363
550,18.333333333333332,114.51213692255385,124.56534167786288,67.42877896655368,84.88414903386749,171.26375561226163,166.54250106938363,143.42335846959716,140.78526132367543
551,18.366666666666667,113.23825941931479,122.70750250461342,64.42195849685974,81.56050840342259,172.2312631016499,168.00094847377426,143.7717904282282,141.2387083262165
552,18.4,113.63260715296367,123.15512719282525,63.46553519841297,80.64045520465005,171.61025607066776,168.00434832121286,142.5193455910404,140.81659246415853
553,18.433333333333334,113.55990826314944,122.98789028991078,62.43916537427903,79.6653416784423,171.66362801197857,167.50051498169853,142.41782770127398,140.78221468877032
554,18.466666666666665,113.25159947867947,123.43302548817755,62.232012116508976,79.90460160680853,172.23226184016247,168.11757711465506,142.63502399020155,140.98231002516985
555,18.5,113.91214915430032,122.57421875844463,62.594443463842715,79.6153761512624,171.98431351477942,168.12888891842798,142.17873349522887,141.25792034092115
556,18.533333333333335,114.28133280875021,122.50357528109177,62.86698673888836,79.61188194515798,171.59134945165798,167.98497843080278,142.1618505114753,141.18482771926247
557,18.566666666666666,114.64249447478929,121.87126029792836,63.08283477631048,78.50620128327311,171.73845778523318,169.10787530661585,142.03646466170989,142.43592044011598
558,18.6,114.59565500967676,120.86841889192922,62.57892539559716,77.7653946677874,171.7499658570639,169.21182059326284,141.96425099028846,142.45651970233862
559,18.633333333333333,114.42824271002496,120.3438268923838,61.90553195428938,75.76858852981483,172.04382859465483,169.6304053191767,141.66815440028256,142.30722022539265
560,18.666666666666668,113.17176534263031,120.28210865336445,59.7459682655352,75.13983188332129,172.76123687102037,169.90545356759296,141.62240780553972,142.2843321393459
561,18.7,112.37844236713579,119.67867648213188,58.30829661224586,74.56480590043616,173.10214852615462,170.04874131057773,141.6364939161008,142.4767113240316
562,18.733333333333334,111.82014256619615,117.65945395773973,55.25733894260694,69.75663448526356,173.87043937019234,171.7844073983446,141.9880814426422,142.69806071010615
563,18.766666666666666,112.184222293375,117.24389211018332,54.350026464433874,68.1394326108166,173.8612737846958,172.28799391588265,141.7864328070361,143.03449143011352
564,18.8,111.29462028139761,116.65743461680486,54.42937688801322,69.1588959420233,173.64526931363696,171.04761733481197,142.6129278947775,142.9145140433723
565,18.833333333333332,112.11728594859267,116.74389529544052,54.81031910058929,69.12482221934066,173.56876301356456,170.69918269561234,141.99383705635432,142.33943855350438
566,18.866666666666667,109.60286672337108,118.83948683897195,52.10683012381268,70.8246183268003,173.7426876525584,170.74364644366182,143.32833286421635,142.74147236943847
567,18.9,110.75761968178357,114.96210988297332,52.39523330913874,65.644419061016,173.82654167865778,171.99705366603538,142.59871575663487,142.10013838713783
568,18.933333333333334,111.50547444479969,114.47810936168551,53.30332183173491,66.2226217743961,173.76464858495473,171.62564373025052,142.00038023270943,142.09921981889184
569,18.966666666666665,112.773024937166,115.75931163564782,56.05534661444064,70.65912134357187,173.70196792378374,169.7878930762344,142.48144249317232,141.95966573328687
570,19.0,112.50493023649966,115.05074700043662,55.79395594398554,69.9188054313197,173.45664055741588,169.5010667279595,141.82840219860302,141.4084451964992
571,19.033333333333335,111.73059836438021,113.6073721864465,54.887649616993336,69.22204927047373,173.53465018947247,169.66233850752718,141.86634633303382,141.6991020017929
572,19.066666666666666,114.56835272226353,114.61281890003593,58.44018152712389,71.06645220989775,172.58151663334164,168.28320692744242,141.70137955416533,141.88887207185246
573,19.1,110.70308756256728,110.71320754116766,54.44020420463259,67.3561784739288,173.24890174887963,169.3824443048989,141.44554312042064,141.9266648612172
574,19.133333333333333,111.54317682362323,111.64077081870663,55.601319588173894,69.34114165113098,173.4381082442645,169.5299034256014,141.61989869272756,142.14437121017897
575,19.166666666666668,111.46514912233835,110.47327072808622,54.579164469745486,65.71960356313153,173.26876513833884,170.56412589280896,140.43076865792497,142.263851805811
576,19.2,110.33869193960369,110.22594528920088,52.86333960833188,64.87553468238501,173.58894151104988,170.99113280582782,141.21337825041482,142.441811229969
577,19.233333333333334,109.7649294444532,110.28750955673617,52.88379713042137,65.99610740423908,173.43957323780924,170.33065246079096,141.2393567858616,142.61510992658478
578,19.266666666666666,109.65186965721884,110.24003015290418,53.54555636093598,65.96616734975471,173.20599246318184,170.41487684873096,140.81743279251788,141.95057002442758
579,19.3,111.93343293917697,112.04162367820255,56.92403238740156,67.4567194009932,172.39746816877178,169.82674441032773,140.4727483961472,141.4045118788271
580,19.333333333333332,111.4754070105491,111.35505416729218,56.56340158787964,67.18440901638266,172.56383762370626,169.72715985627255,140.33892121576957,141.28735580055618
581,19.366666666666667,110.98200399590647,111.03386179664177,56.351948043986695,67.77954112334915,172.45556815556762,169.09766497317,140.3579170063261,141.35254543265833
582,19.4,109.09705170698638,109.17402541474863,52.42830468386943,65.37629671350219,173.44942459296956,169.44968478305262,141.6401818521556,142.3254051880515
583,19.433333333333334,109.3998621083363,109.34227384605134,52.94823139765678,65.80597401456507,173.61186580476914,169.79619684868524,142.38271763142149,142.67876653452973
584,19.466666666666665,111.24194172974867,110.08707670322131,54.13325792269269,65.62876930482376,173.42351006820905,169.736833185567,141.28516968778047,142.11994463626377
585,19.5,110.92325062497682,109.25378720683631,52.251955264093056,62.99565132674934,173.5252957717257,170.26218772292555,141.6587884329674,141.91547932285175
586,19.533333333333335,111.00111508882846,109.83592607913022,52.7370684636283,63.51657344073468,173.76235948235015,170.8643213845622,142.87283333634886,142.88566598237512
587,19.566666666666666,110.95075613313797,108.68857565563478,52.295841987127474,62.06678386104052,173.7795756405427,171.24677671021323,142.60738468916557,142.3159074512363
588,19.6,110.68698600225983,109.30014944016604,51.90168255351141,62.79205032837199,173.81515203407668,171.2270672701416,142.32514608105848,142.25485468192173
589,19.633333333333333,110.74674628138729,109.24336046135384,52.207478631804236,63.07508578281708,173.78894629201938,170.98052844976027,142.0398618496837,142.0965447547958
590,19.666666666666668,110.1485192553704,109.11030459586381,51.91770369781949,63.23086466282839,173.79030556569538,170.9395828348121,142.19763204911274,142.129017305815
591,19.7,110.03911462986943,108.48258047796281,50.76113267160884,61.74806909336116,173.77538762827692,171.6791879070232,142.41283989291009,142.2165965751837
592,19.733333333333334,110.25424970149453,109.43592186182043,50.54733828698328,61.91841417517807,173.69684659369213,171.98018001568374,142.30063382087317,142.20498967623595
593,19.766666666666666,112.52260213941476,109.67733745109086,52.246282379232845,61.85352995649097,173.70502164407858,171.60985396236688,142.12380064705164,140.84195232742914
594,19.8,111.06061915995106,109.59251273199128,50.543054421725785,61.80044069700321,173.61706964431028,171.40096545666125,142.12196633736525,140.75244279069057
595,19.833333333333332,109.3899984264163,109.57305294760047,48.52459524305346,61.98494718064237,173.37193614903768,171.29989667013191,142.32520090766212,141.16313443951216
596,19.866666666666667,109.48449896729028,110.46322999689968,48.776347761640444,62.929318246737374,173.31428575228517,171.23559008073713,143.21989258812062,141.51149039164127
597,19.9,109.75288355064339,110.13173247037368,49.00721197218528,62.41958612060574,173.5868091825485,171.16037934921508,142.04942553016278,141.2801551076139
598,19.933333333333334,109.55071458520317,109.59843413534242,48.49627827228079,60.42022313062612,173.6356846740442,171.82823375261216,141.9827026388173,141.47060914600436
599,19.966666666666665,109.28196930542457,109.63943191672891,48.51754291757902,60.43012117058397,173.56453230345284,172.02303894780724,141.99061810276186,141.66899289233882
600,20.0,109.26790868947938,109.74028956267492,48.76612281777471,60.62999428673797,173.70668166070587,171.82520228124406,141.53948908261236,141.25700753876077
601,20.033333333333335,109.20887064429452,109.9593418584173,48.56039274115803,60.68384747794792,173.6862309073225,172.14874078252632,141.2705705359354,140.82505603241802
602,20.066666666666666,109.74205355536462,110.84186639393401,50.83558407493734,62.117138905914146,173.83701668585834,171.41942261545822,140.57020742063455,140.11860653873921
603,20.1,108.76851694833282,110.36201323572689,50.27256689961772,62.18642090970564,173.86883915231024,171.13547939226166,140.4833207629707,139.9990901983962
604,20.133333333333333,108.09163584539726,110.21407020983453,49.807398256769126,62.168291751734024,173.8592436148486,171.0426987981772,140.4922887037993,140.15015154819596
605,20.166666666666668,107.97624352783467,110.22029425287232,49.639231119451146,62.169723176494195,173.88485909251128,171.05824784650954,140.27272919077504,140.15655314201223
606,20.2,108.60020971730988,110.78054348231788,50.30619851088833,62.89080960707752,173.85814180046088,170.8196017928671,140.0589312186395,140.00485865134738
607,20.233333333333334,107.18511114350083,109.86864713551645,47.327465506257745,61.845520794099876,174.03930108473347,170.85036573281133,140.96619243676162,140.3961877400473
608,20.266666666666666,107.59909804863047,109.96073990862486,47.83561054901807,61.79793905808234,174.113228420859,170.61376686270808,141.312078766829,140.28827906599398
609,20.3,107.63914463694559,109.88913644631656,47.9618932509838,61.10390382800187,174.09613401605046,171.02437308623394,141.3482068463795,140.40599458230508
610,20.333333333333332,109.1104354248134,109.82883062197376,48.884250858410624,61.01638440692378,174.02916176759908,171.05024940571266,141.14830387998333,140.34892557824531
611,20.366666666666667,109.14604277789353,111.40140592960874,49.069632249647256,62.923954226452814,173.92895512230595,171.08556275816,141.61330019938814,140.6159868591265
612,20.4,110.25812842027902,111.28546170156234,50.1604397948965,62.66138389346635,173.97932472895164,170.93056814071085,140.55185872521952,140.01080901767114
613,20.433333333333334,110.18875605689222,111.15162155136996,50.108789205776105,62.61035359825803,173.97408214134313,170.99131674992512,140.57291777322874,140.1071839118447
614,20.466666666666665,110.19064129193325,111.09722068789681,50.09008292442118,62.38821046225362,174.00710270004942,171.2179613592992,140.8313852210834,140.35884916388235
615,20.5,109.65128155795279,110.76965409768297,49.7467353427314,62.55516406154422,174.01829303496578,171.1507802842581,141.6796129087242,140.57758287755468
616,20.533333333333335,109.52280570687232,110.55034760344414,49.058274138493914,61.72604352830161,174.0197136199935,171.05203839772506,140.88935245992985,139.8574064475425
617,20.566666666666666,109.83689907164344,110.68132553299935,49.346064759032814,61.75922633277754,173.98039594867262,171.62378977353856,141.40120521554942,140.6843373203521
618,20.6,110.21645491851126,110.56768969147716,48.982473981951046,60.29383707577648,173.9055903445165,172.51899417194372,141.58118410091808,141.0477297679864
619,20.633333333333333,108.96914247911312,110.85051432341231,47.641262655423816,60.52367936738014,173.63679703560578,172.5964877694375,142.23069658084648,141.34186947072837
620,20.666666666666668,109.47573868054602,111.13076057082195,47.74298159847609,60.63526199852244,173.796368181611,172.23110871280778,141.7557561600291,140.8246152025691
621,20.7,110.56061751143429,112.12505703878512,50.10048402050568,63.54465738900246,174.0152063362219,170.99244284557832,141.5696907147368,140.77396999703467
622,20.733333333333334,110.40672682702653,111.62429044067908,49.959613662216,62.28078121147829,174.02392042051213,171.27701039332467,140.7905518207845,140.72822166065873
623,20.766666666666666,110.07488199884216,111.6868471555748,49.84844157242935,62.65661510671292,174.0510720818098,171.1350461954534,140.63098596578766,140.5839515051354
624,20.8,108.87552250969131,111.18584446472708,46.767924805418595,61.24224793995173,173.91703344929752,171.54642233356813,141.2244609757038,141.09952016598436
625,20.833333333333332,108.3185530226343,110.12205096342133,46.899744932635365,61.16353199704911,174.0847273383183,170.7937144173407,140.88873122181408,140.76832384612868
626,20.866666666666667,108.386798198705,111.14785357632415,48.35328524288496,64.62912772271359,173.89211880391346,170.3387666053199,142.18888797816695,142.13603304421682
627,20.9,110.84123893270278,110.39782477392446,48.81334219876554,61.43763884972276,173.53235901016748,172.1831403362418,142.0630610108388,142.49531951352938
628,20.933333333333334,111.21105149028567,110.13335488156737,49.100548173737714,61.36066727209115,173.65396419815386,171.75464220633452,142.71531371854405,142.2125625520952
629,20.966666666666665,110.53289736275532,111.66842668915558,49.394488268457486,64.46796945119964,173.71304096443123,170.86382070104997,142.9502157769913,142.5185314276273
630,21.0,111.60534343366376,111.40624434622086,50.43277070518745,63.88593341677083,173.8167593194918,171.07925658048512,142.94650868435448,142.37824976296616
631,21.033333333333335,111.15798290495741,111.35473330981026,50.56908548881607,63.79809110707475,173.85945908953286,171.05705760540593,142.44627546364234,142.28290174103287
632,21.066666666666666,111.10736499245422,112.21053154974419,51.5394040924762,64.86366900309123,173.89477040071614,170.73933343408348,142.11610584164862,142.39439913393625
633,21.1,112.0833144199431,112.68936170589096,53.875056447867394,67.44866164463288,173.93850667920307,170.34796570768248,141.2607192066499,142.29693302800993
634,21.133333333333333,110.84750645662378,112.43125461598689,54.776902914398235,67.5385162703733,173.48760627941417,169.70624698690239,140.10857739622406,141.89511410932747
635,21.166666666666668,111.01424493634812,112.9555480554826,55.64562810610446,67.53825751561251,173.24472280472213,169.83138694783804,139.8936210481475,141.87827695110263
636,21.2,111.64479682046992,115.65092970663896,57.48867625580957,70.79695982954911,172.30575011018087,167.69688582462118,140.0810688392587,140.99606991608695
637,21.233333333333334,111.85173117870573,117.04297586056582,58.038381379849305,72.10067925508127,172.89495191638517,168.42571245784822,139.83474768051565,141.12385077096187
638,21.266666666666666,111.93980072568013,117.25175229903323,58.509932920375206,71.76658949093772,172.44005400881187,168.41293711793702,140.17780008885435,141.34619178525566
639,21.3,108.65522468537965,117.83053112242318,59.22830133885261,73.20946793307445,171.89778008733825,168.13730207486694,140.00503689761558,141.11232961963898
640,21.333333333333332,114.23466680739381,121.83481910148534,64.5800022667993,78.75646365435485,171.82251533718252,165.39617670563388,139.92207587896826,140.1575158273182
641,21.366666666666667,115.11511287426637,122.78110011962588,68.18603018457723,81.204837495448,170.9036915121657,166.09695623470833,140.76771538356869,140.76214831913936
642,21.4,115.65221444716182,122.40149973226782,72.32417645094404,82.34224755695341,169.51961927026875,166.94073039816647,141.11539092849407,141.4996289624668
643,21.433333333333334,118.491889902772,123.56668969723658,75.69695937157366,83.35424259272428,169.4992827946483,167.6009351732564,141.44500656820045,142.44613659434307
644,21.466666666666665,119.95588542734205,126.21252871872247,79.66718718668223,86.1161230244132,167.913003172206,166.34082217089323,141.44563363475868,142.4917368747355
645,21.5,118.74241693585188,126.32384499117158,79.40108638893217,88.3535491972193,172.15183679396853,164.62921889806586,144.35959720089787,141.14775250331462
646,21.533333333333335,118.3530965124105,126.35275226677201,79.28435708362628,88.53814410959691,171.2740994136834,165.84381859452438,143.98013236381996,141.8191494139369
647,21.566666666666666,122.08941185790356,128.22584117296182,84.73555409520242,90.27028315766074,169.93856091977548,167.3546682156274,143.73087213459274,143.36189348533563
648,21.6,123.12746654095618,128.81478328193455,88.14461193458716,92.3711062736249,168.84652734107217,167.52114207943626,143.65683771821116,143.85869934012732
649,21.633333333333333,124.56599494984596,128.73401924247824,89.8199033097882,93.8149186355878,169.2186650436379,167.67417474529486,143.70701652780247,144.39780702611392
650,21.666666666666668,123.46186339961992,128.2523887730094,92.70929357400928,97.65973214711376,167.4004431047325,165.9513226092213,143.8613405073799,144.5322316876361
651,21.7,124.40875369327195,126.97410919454387,96.25792665401985,98.40357776697464,166.93759904845436,165.94917941109128,143.81584517142431,144.03560026745785
652,21.733333333333334,123.89878720727646,126.71517047971425,97.45508822999498,98.89348462405499,166.31917607900897,165.58882916973099,143.2598406618139,144.0517699507595
653,21.766666666666666,123.34365243730409,128.1951713438122,97.70035637034096,100.14269565612649,165.438649687895,165.50680589090595,141.91040816933238,143.91108924861246
654,21.8,123.78323173190765,129.9478971518218,98.7294014707111,101.79073145304181,163.4389809592998,164.12631174074144,139.38766136101657,142.90243425862653
655,21.833333333333332,126.50070571868046,129.87644760288907,101.62060436675107,103.79421724282352,163.17661900885517,162.90989645379221,139.05460157085346,141.97383313098186
656,21.866666666666667,126.73795996708233,128.46214962770907,103.46776464399382,105.06764367676098,163.90857132856985,162.80793832896,139.56020887258984,141.92835985579362
657,21.9,130.30560553186984,128.093362624393,106.14420864051436,106.27394446171309,163.82360378824853,161.0507225785364,139.02691538761746,140.82912247666448
658,21.933333333333334,131.0605338503703,127.76105416414977,108.37130622859678,107.61821027523443,165.75833903555886,160.71485815741894,140.53664851108326,140.73322338881027
659,21.966666666666665,133.3892087659756,127.70903800765356,111.46642258716878,108.54381315156303,163.35236304507214,158.33054451918548,138.81649888861094,138.96826481074172
660,22.0,132.2792917759593,126.41534793503425,113.4890229440346,110.53790237253865,164.99948707236905,157.95787432542244,139.88208210610182,139.10715166015927
661,22.033333333333335,131.94578641072047,125.37291410511874,115.97865122110251,112.29115866992504,165.203076163799,156.89731689113577,138.61607889208088,139.10923807536457
662,22.066666666666666,130.4608618992761,121.4641188023761,118.77206215942375,113.30213105313901,164.931413109994,156.01200298785287,138.50436739605263,138.32954716183957
663,22.1,131.9612237053604,120.88803998716058,121.50448328980704,114.15518443664452,164.54688849262232,155.8881350903425,138.23207033597853,138.38830442784032
664,22.133333333333333,130.24173215293604,118.4347632907937,123.69426714616968,116.0037313960658,164.7236330674327,154.85611829666067,138.81543977535043,138.5474574619075
665,22.166666666666668,131.36010321073576,118.95909729893191,125.91329913124886,117.06863317987079,164.54616475155964,154.21294788718498,139.25388528483572,138.98881260328326
666,22.2,132.92411999513652,119.6951858912381,128.27444808762584,118.53171724085145,164.57630701598606,154.719428824003,139.4366969320955,138.9648020537806
667,22.233333333333334,132.7321511264537,121.7382539774091,129.374327114474,120.36541504446431,164.5340286066709,154.35360109566207,139.2081895862093,138.93044473085973
668,22.266666666666666,130.5985443637642,121.42945119207673,131.68011002879842,121.75509065829542,164.23512164951705,154.79177174606622,139.06751676828065,139.00247505203876
669,22.3,133.00608124694622,123.4799328536452,133.43133179448847,123.60973116179117,164.06985062355298,155.07124187727638,138.75316867872414,139.10407332468117
670,22.333333333333332,133.81972747121074,123.58344239406425,134.14954040279258,124.20394009868481,165.20714181651445,159.28376297751146,139.00520701621676,141.11253368743232
671,22.366666666666667,134.74035196961702,126.05288279614244,136.3374349327465,124.5968125528529,166.5043757138734,160.6286064329528,139.03486451588122,140.84032916346948
672,22.4,135.8778339280289,129.6914393544123,138.6018580308965,129.73356707311132,168.11010734553486,159.96706095151004,140.2541312319408,140.90002479472855
673,22.433333333333334,141.00907642092636,129.26927324998556,138.42287118326985,128.83435596261606,170.10491353431954,163.93147981093765,140.98443584143058,142.5618256512401
674,22.466666666666665,144.47051128526397,133.03916124540837,139.65974625015997,129.65251767845749,170.60963033045843,165.3676997310462,140.36591948080618,141.57113398423155
675,22.5,146.71190497711243,135.6902748863516,141.39921582505397,133.15027674315994,170.26892952902443,164.90960094444077,140.22452566251116,141.0372905492274
676,22.533333333333335,149.97094876160114,137.05412364730745,142.43501406928414,133.43088008916007,171.54868043495182,166.91733798821042,140.63763676363422,142.09089451420445
677,22.566666666666666,152.0063058427707,139.14302799142507,143.69366103100657,135.20149105403993,171.3450140472358,166.40936035148508,140.59706753837906,141.8124869873719
678,22.6,153.78884035823776,143.63879541873436,144.53769545215243,136.7574758322388,171.08322753973994,166.83247211756304,141.0688979521827,142.25382836244114
679,22.633333333333333,155.98584581435264,146.23072797072544,142.63463668470234,137.54555404359078,170.97337694167513,166.91950674725516,140.40153616691617,141.85590849919822
680,22.666666666666668,158.02459362635793,146.5139985992708,143.55513318235992,139.01267372356247,169.65707417983847,166.402857772157,140.0164596432113,141.24408686636508
681,22.7,159.61541976293353,147.04897149482227,146.06219121721924,140.7388679459303,170.885336092129,167.0070663590154,139.8269217841597,142.22383534326005
682,22.733333333333334,159.58125492893092,148.87063492357277,149.41928831556427,143.59671981160648,171.8349543632078,167.49882015235843,140.49446711183924,142.89466444041312
683,22.766666666666666,159.53834668854873,150.0463640846683,152.18390196759856,146.35611211023013,172.3134602303529,167.66145039412137,141.63748489169524,143.77985255021486
684,22.8,160.49850676790885,152.290937525024,154.36754589951025,149.69434135513706,171.27301332469537,170.03611206574917,141.9546765482149,145.79257932577676
685,22.833333333333332,158.4597477753587,149.0775207398757,158.7079020824911,148.09430138247663,174.80687381371064,170.32924117371635,145.08119368718945,147.61293284010074
686,22.866666666666667,162.62046940935124,152.21085091244686,159.7941059631533,151.62163254016278,171.08256901817748,168.49523077923524,145.48915245435384,145.62010036757837
687,22.9,164.08159968534048,154.72909310283916,160.35365400129564,151.4635903075671,170.9502720107042,167.7206576705873,143.8265989648324,145.76421698640115
688,22.933333333333334,163.21877278980637,154.62844625490823,161.2158407457342,153.9505077170876,169.7699209284953,166.10868651789775,143.75559779141958,145.80764936609336
689,22.966666666666665,165.5910727494247,156.507308424653,160.51237004195204,153.55793400845968,167.8466257926059,166.29468026938142,140.71107315417223,145.93678212641186
690,23.0,167.47829057646163,157.99964457237363,161.39624574664654,153.94810439361686,165.12648564652704,165.05849779463466,139.30345676535057,145.88600068947116
691,23.033333333333335,168.89795560783372,158.30473038962043,161.56749736262805,154.80613572058945,158.12677545476103,168.07834069290033,132.96080990847585,146.4789921878631
692,23.066666666666666,168.47409930242918,159.75403739018165,163.53845697100746,157.10127995977422,160.9144918842328,164.66886918900255,134.54734431127656,146.30938471766495
693,23.1,169.69691947109766,160.61038242592403,163.7603149202162,157.19735050263918,161.02045119440137,164.64150498317784,134.98582912971938,145.57755208693874
694,23.133333333333333,169.31499759757858,160.48163662711568,163.91319516036745,156.99329882639356,162.8366149875201,163.66483219068468,135.13446280904816,145.2011365005115
695,23.166666666666668,170.04654673875592,160.6897437018632,164.17744855267023,157.01969240358682,161.6005844979662,165.46489810596657,135.23300989754725,145.26352625182335
696,23.2,165.12844397672308,161.39062903502347,166.94928979488833,157.61052508453298,163.0965643153992,163.40225663314305,137.13064050242377,145.21231552599716
697,23.233333333333334,167.31992900165497,161.02711307123104,165.86472231679025,157.45944435125946,160.5107958733647,164.7800930867247,135.91014432686697,145.29696661753692
698,23.266666666666666,168.5296561246439,161.98730956258382,165.83277238331,157.6265359115239,160.08544733570372,160.8866058877186,135.71301234916373,144.63503777700856
699,23.3,168.5009625149294,162.89792781159952,165.57207572382586,158.41756813912409,161.2135194141321,162.97564638248502,136.87472013280768,144.09185280839654
700,23.333333333333332,166.45490317848518,162.95077172299108,164.00919884500408,157.5104352730362,164.35498572353993,162.7879901521177,137.9430829934015,145.2800721662394
701,23.366666666666667,168.27968219800815,161.79608104496958,164.64889463962675,157.4338756790386,165.15483037692806,163.13670196392556,139.59589167551218,145.2498056332288
702,23.4,169.12988685092355,162.36304399656328,163.4349775084895,156.349163535739,165.92605540660333,163.01222400220433,139.51269444807969,144.7131464655342
703,23.433333333333334,168.61631015027552,160.97347259197366,164.42609039065323,156.35885448256624,165.83791041547713,163.27187621986135,140.06479084042633,144.51110824811647
704,23.466666666666665,168.37622254675284,161.4404427456908,163.90292962134316,155.59665950001306,166.6283975136529,162.79147126537927,139.55283896023892,144.7185408229328
705,23.5,169.51534657005737,161.43497442472736,163.92940667732148,157.57889370264982,167.32797249502843,166.8265709823784,140.40122649940017,146.48383580712544
706,23.533333333333335,168.78976038037493,162.51389502471167,161.64641519938758,156.11737581943,167.0640055730883,166.24005006229856,139.11415393804594,146.23284807636057
707,23.566666666666666,169.7235120448955,162.50547234961374,165.37035882034317,157.40335413838937,163.51805521968538,165.55817841544666,139.7851716647545,145.73821396872955
708,23.6,169.3510258339994,162.58663918114254,165.27503627102357,156.63320660275647,163.81983291324798,164.53184087519173,139.2100489051341,145.64001582483885
709,23.633333333333333,169.04668522099706,161.93370864613152,165.34292245429953,157.7897270614298,164.16190481003065,164.83079318505358,139.69885647480262,145.46598167502367
710,23.666666666666668,167.51319007000654,162.1238437915986,163.97866711805526,157.71123652563912,165.24259198888595,163.82494194488956,139.15151767279946,146.21112500403137
711,23.7,168.1952084458018,162.66548209218053,165.02863347638026,158.8638124979587,163.54076049583222,164.48884576443928,140.05762241767493,145.80461834132245
712,23.733333333333334,169.1257868353612,163.00788122782046,163.36546547712305,156.88262781375553,164.7932591919139,166.2309994919819,139.30080089134134,146.0722721045956
713,23.766666666666666,170.8373421378626,162.04105458884086,164.9190053265805,157.4154446634643,161.72473651539525,163.6188684152623,138.00455149964301,144.90919575072
714,23.8,168.61229722357822,162.8116746253889,164.82368422961045,157.53367204436623,162.68748200818416,163.10529334625087,136.94107668458727,145.59203530737824
715,23.833333333333332,170.05552851724204,162.88760536912537,164.87082544548224,158.5210410584527,162.3516422639009,163.6353060139278,137.18120006825953,144.37201563725148
716,23.866666666666667,168.19862771669287,163.07417281233765,165.89403514430975,158.56501608706782,162.44262710566267,162.60501135816227,137.22190575100836,144.6847663115155
717,23.9,167.30362772316303,163.07044730069208,166.10999698604653,159.23824600345407,163.7353299122078,164.85206973056145,138.25729656461397,145.8455570811889
718,23.933333333333334,167.27419220357092,163.0793865094276,166.042998730229,159.3189004372106,163.861634118429,165.29115367700933,138.34286461479965,146.4925964762865
719,23.966666666666665,167.60739393583134,162.85911104323725,165.88185009030255,158.6629090013553,164.05965103477442,166.5763418575342,138.44410809817865,146.18440385171314
720,24.0,163.2506658899966,162.5905530972198,165.69050726251004,158.36303946553568,167.44394576192641,165.27098439849914,141.15743735109479,147.43602306175825
721,24.033333333333335,162.77722106944088,162.4101035084306,165.78099059955457,157.98343137893832,167.0281061564596,165.34000634858663,140.97233443037743,147.11893907049122
722,24.066666666666666,165.39100360622274,162.34846687486385,164.22408512780783,156.7757076206242,166.77265533723977,164.05699670850004,140.57698446297888,146.64979268674563
723,24.1,164.83839212332066,162.12537693098906,164.06749154290387,157.62717909176774,166.9888893665687,165.26558461857354,140.79065279595778,146.39384680092147
724,24.133333333333333,166.0122147819827,161.96878879259808,163.27048757835465,156.60801986855475,166.82254344402926,164.3390981716664,140.5360657854039,146.01218673388925
725,24.166666666666668,166.34505338773167,161.7524531665146,163.0834735503201,157.36975546227,167.03839304523777,168.45513399023307,140.67754558712704,147.09333361668672
726,24.2,166.3860602989572,162.22367503847073,162.9437435612182,156.22785512818444,166.07421816769792,162.23687227842177,140.58443502554394,145.79840149473355
727,24.233333333333334,166.40018174261857,161.50034178086514,163.17436293005838,157.42448587272824,165.95296677200577,166.03528438965364,140.18978014793078,146.33657977839098
728,24.266666666666666,164.1736398976861,161.66712595385272,163.85962456915308,157.5314740773061,167.94019984009816,165.60145468787763,142.31540492052437,147.6014190866016
729,24.3,166.49784550365746,160.3818683664153,164.56381690781504,157.9112911308903,166.6912408602324,165.801622968054,142.32305865256924,146.88929933406794
730,24.333333333333332,166.30183381475507,160.9619303554784,163.98050632496546,157.80988772102918,167.10118273862156,165.32489978372604,142.00733033502163,147.2146445470297
731,24.366666666666667,166.6638928797278,161.81924017997676,163.87688375729672,157.54779765335772,166.59524449475157,165.09653429729852,141.9241306373031,146.05213794666963
732,24.4,165.96683998999896,162.05562695171992,162.95102959510072,157.28198773314654,167.52028044879484,164.90893993216,141.0452610871957,146.28363677506124
733,24.433333333333334,166.91652533978134,161.380203029774,163.04117969883248,156.76697755775794,164.4804949039645,165.79817066502747,138.17416552403137,146.1228752822154
734,24.466666666666665,167.2232198255704,160.98149381905023,162.75760819765208,155.37832529807568,164.7807601940219,166.09394695367538,138.5397339227863,146.43279949344358
735,24.5,166.87812805770713,160.0826702554178,162.48265307796765,155.33657669680775,167.15265701395072,166.7545397199604,139.9122632221101,146.63486857754935
736,24.533333333333335,165.62856750155476,159.5056276902772,161.82575078713003,154.01487422805388,168.39155115433888,167.07860803038128,140.2979867502879,147.47377286399686
737,24.566666666666666,165.45187433740136,159.37700964130713,160.4861439760678,153.30726435616427,167.77841764803156,167.69639062379997,139.462148221176,146.96223348486393
738,24.6,164.8817805359329,159.4517224075962,159.34631288887525,153.85343000280173,168.14568608816577,168.59285542141862,139.6344542116559,147.0714908247452
739,24.633333333333333,164.15885227244604,159.54902567154983,158.1886567876503,153.59447486627909,168.52445386054103,167.84730787388096,139.77498761337367,146.48404256080246
740,24.666666666666668,160.79609537985255,156.47486662021407,157.9785833540081,153.27777269116066,169.99494938561455,166.36386802430292,140.95090146341366,146.2929794287549
741,24.7,156.40316884506558,156.10998113945624,156.33263937745406,152.92307717404194,171.38049225356042,166.9325757950527,142.11829814292048,146.63880960147168
742,24.733333333333334,152.6859795332273,153.93004991403717,154.66454969289526,151.95819111845114,172.4346498027815,167.12178120793712,142.56550756838152,147.39926602853998
743,24.766666666666666,155.80149675573824,151.88098589930408,147.64093299708145,147.643392759554,172.8253827341663,168.24227861685767,142.67796586938238,146.45585751196379
744,24.8,153.9670737216064,151.10109368822742,147.87979846851974,145.99397087407115,172.91305859218897,167.64906711178807,143.4965888681342,146.28197165782467
745,24.833333333333332,152.44130966015595,150.1137166881902,145.2545342595447,146.519490541177,172.56938961939906,168.1026499802884,144.11581414164917,146.7363426961893
746,24.866666666666667,152.75067299652142,148.8391784470726,141.69255748520663,145.60798535776394,173.07327391150466,167.80569939789982,143.83148729475081,146.00265643282347
747,24.9,152.06742892178548,149.77097797903056,141.0630422662545,145.7757406032508,172.69670217760316,167.1513761032819,143.35541133348715,145.7259604448552
748,24.933333333333334,152.74594311839206,149.1204491091534,140.71362588776427,144.21462299083123,171.99107708115324,166.98594187420963,143.30163690445542,145.01724360189957
749,24.966666666666665,151.28463855423223,148.42822153416213,139.27701860016913,140.3572689728792,172.44609099253867,166.8255839045606,143.66493802476504,144.88568274815165
750,25.0,151.85256881879928,145.96082456638223,135.55129022509624,135.3787500138946,171.09286635024662,167.14665866543984,139.65870066787446,143.96038103459415
751,25.033333333333335,150.47947623843532,144.95354239504627,132.13881552899926,134.076294632021,170.5840527585482,165.35773232314892,140.30056705744673,142.89916473793676
752,25.066666666666666,147.20590520073063,144.42519893440908,135.3141828074661,133.38939968279186,170.40896372457576,166.3601103441612,141.18655726316248,142.13967776710103
753,25.1,146.76112063756085,141.84500131983856,135.51425139485923,132.05596873646965,170.51572788596218,166.81229139759571,141.11490612267397,141.93342928657148
754,25.133333333333333,142.6396237761321,139.83688039295447,134.19712615409424,130.85877566473422,171.0819898746817,166.64754372740882,140.69882544384595,142.04862433372963
755,25.166666666666668,141.56777601562771,138.53110298935638,134.07165814345214,130.33922119740228,170.48743059847277,165.29973808529274,141.07905216181277,141.7605720868777
756,25.2,139.94590499095767,136.79088791849838,130.07780069762114,126.74604739923342,171.36893649653302,167.60301677849193,141.89928164958448,141.7180932808729
757,25.233333333333334,139.39609171324057,135.50926261253045,126.4425984832825,125.41985552844028,170.76694350411145,167.87246130539864,142.6491849122727,142.7104621511239
758,25.266666666666666,137.48427870257254,134.6018098110366,124.72171658483634,124.25142224121625,170.89954375401805,167.66380133749698,143.3406664058899,142.07833736167703
759,25.3,138.90050737683043,135.8125943564105,122.98451285453048,123.23187158897589,171.2287881157667,164.87101951805747,143.8240829332131,142.23579578680085
760,25.333333333333332,134.52484423754422,132.35966122955287,119.18911224323102,121.92299799462864,172.29737142778302,164.58902431252994,145.73765950829835,141.86153890370682
761,25.366666666666667,132.0482976182691,133.8394520013489,115.79654704247729,121.47919254484728,172.13865247469818,162.6713838881974,145.31397401464582,141.35882859344704
762,25.4,131.05691686360402,131.0192860535356,113.4556628073298,121.13384745784626,171.60350791418279,160.80517614616662,144.86158668169665,140.68244361812728
763,25.433333333333334,132.34159760087664,130.66579238852046,112.44231729534,118.92956393332037,170.7914826693105,159.7887250124075,143.76623239705478,140.13329648960902
764,25.466666666666665,132.22814327345787,130.1788667524648,110.887984592028,116.75700209873794,171.12960401832854,160.77587000528743,143.58935820943248,139.20415387801052
765,25.5,132.90380860229905,130.19323158422878,109.73798801962006,114.87905079083343,171.04131586450353,161.22615403011625,143.09505829669746,139.14488231637552
766,25.533333333333335,131.35537336803029,129.48635283225002,107.70902355733723,113.66121877886815,171.03367447000738,162.22076164986476,142.80446954260975,139.59632555336938
767,25.566666666666666,129.37861089101847,128.49127409873972,107.36347647126208,113.40611183226166,171.0578049913197,162.25206631154705,142.9683571928617,140.2862723300574
768,25.6,127.8209515580743,125.914081217837,106.30687514650398,112.70010857559713,170.88865980625113,161.68248861401136,143.34371901759488,141.00660804607497
769,25.633333333333333,130.56072112494334,128.60722852767356,106.4084298310257,110.29942416284875,170.14796334612632,162.3260883781594,144.3468703602907,141.1613096958749
770,25.666666666666668,127.70728420195219,125.26757926149143,101.67298615778178,107.22506607293717,171.52175726271903,164.15620357648737,145.07753202592232,142.39354107133778
771,25.7,127.345696182366,127.85171503495559,100.63489398294524,106.59201701404544,171.03357649218285,163.98633531371266,144.67971729160934,142.21991915844228
772,25.733333333333334,126.41736869189283,130.09256305063084,100.44661927937109,106.38046344526923,170.19459400557733,163.84381310716435,144.01502860853378,141.54853438222324
773,25.766666666666666,124.96357092326116,131.23152754768134,96.94497851890416,106.03158637912455,169.7217540807621,163.9119400401517,143.47445469025445,141.20317865380457
774,25.8,125.60873981166381,131.61453899025506,94.86581991657283,104.85924987689798,169.56723841997373,164.9222831370263,143.42887513379998,141.33882194723364
775,25.833333333333332,125.83877322675127,132.54752346106366,94.62880673310711,104.79722290805695,169.9525291962614,165.280846410598,143.58939152625032,141.7053293939166
776,25.866666666666667,120.96149142579984,131.80321871071226,92.02495978563893,104.8613593907125,169.6774648973034,164.4619667850711,143.32070175639336,141.55301007177493
777,25.9,115.0166099297319,130.21089389969276,88.56738433166917,103.75574784587009,169.77038940956675,164.85128472624217,142.81862163447246,142.34689751610597
778,25.933333333333334,116.12496274802379,130.89495734796205,88.73455590666175,103.07615472280159,169.85756865623014,164.958016373844,142.67547750299943,142.29338775001585
779,25.966666666666665,108.03204848882035,134.2901231060065,80.07607003255022,103.4465472165322,168.57422962004014,163.9022709188528,141.57610069420608,142.1114910874783
780,26.0,116.51551972040906,131.9499336201178,84.10357933970482,101.18074884327099,169.7419238504985,164.49653611407768,142.62030179145052,142.79231299376747
781,26.033333333333335,113.76288678606699,133.8904024276679,82.39572153375921,100.68023513366776,169.33415350826644,164.48354024451876,142.05368530744582,142.62000318719586
782,26.066666666666666,126.86579573528695,131.49096955814863,88.2860548980918,100.14384040570845,169.8505798693218,165.97200290046197,143.05419846814297,141.71876653362668
783,26.1,121.6307052107189,130.12384608803546,84.93063404971831,99.50865987077957,170.12422552771,165.95372282126218,142.7596722884189,141.86290860448977
784,26.133333333333333,118.65333290162481,130.07332333049402,83.42203409418792,99.13039432953452,170.24690354387218,165.92424715406344,142.79323062432877,141.63916505665387
785,26.166666666666668,120.14820107287123,130.0014628526195,84.09310183748855,98.16948417675766,170.82975349818184,166.52947880768656,143.68397791890482,141.82510896707794
786,26.2,119.41391363644739,129.52706201334823,83.02423288168579,96.61944013157238,170.84879072255703,167.00944654921202,143.9120647044323,141.81985801314806
787,26.233333333333334,118.91123942652558,126.0770748648044,82.33018741552377,93.67593281516885,171.04299498078845,168.27552387684275,144.02157612513702,142.0162889768687
788,26.266666666666666,116.964387801697,125.60706931105673,80.35434063260722,93.77550775572557,170.78238386462522,167.56052341307497,144.08709728930086,141.90827035488002
789,26.3,116.04657743229882,125.3862732493564,79.60900639168628,93.69235533322086,170.33053089060448,167.14442682518907,144.15357057066362,141.57783179425846
790,26.333333333333332,116.38506357855789,125.03051216508966,78.64260493046311,93.32231592567193,170.00142904283098,166.99826157558041,144.05124479821993,141.38792222534366
791,26.366666666666667,117.3687269786636,123.65658846332315,77.78462206960485,91.92048692382245,168.7372969875827,166.6544970751231,142.85865760050874,140.72848611511805
792,26.4,119.38524174981832,124.39137463061276,78.14395027513874,90.69752803340165,168.07967178995028,166.26328880197153,142.2267623013073,140.80948756781015
793,26.433333333333334,120.49661807959434,126.47517178806355,78.7338945689413,90.35229571883904,168.46725538531334,166.65850700548316,143.3104357103994,141.75083518331024
794,26.466666666666665,120.69842697846542,126.29136000401122,78.72526130391057,90.3341588632613,169.20588617553972,166.8984616062238,143.03131266863383,141.8057359270666
795,26.5,119.0637059100094,125.21502512499843,74.63695965436384,87.07745445039878,169.36702778847052,167.31717930949543,143.12823266219885,141.25246802584215
796,26.533333333333335,118.61435923854594,124.06227128940897,73.99625657521952,86.08931030921578,169.5080520834784,167.19019654087373,142.95216307154,141.26681375857137
797,26.566666666666666,118.31110321905714,123.57867225078695,71.92630792142802,84.7107647040096,168.8355139956778,166.58832964315937,141.84635254280767,140.4861553573306
798,26.6,115.25903938119161,123.21139948216876,70.09057203464116,84.12635612012257,169.15291368366803,166.38820719601247,141.50593854321414,140.27889685399805
799,26.633333333333333,118.88013505858723,122.79757119187532,72.82392136974732,84.05218577059625,168.06048859477627,166.03912964779738,141.67761663497163,140.08434694560142
800,26.666666666666668,119.87365296803966,123.1690572979689,73.27616299887487,83.69069433965761,167.9166590183337,166.59737893841793,140.06915143782632,140.21615575148525
801,26.7,119.78190611106203,122.06517990192596,70.5914063051651,81.63312669207924,169.27869519267716,167.08995660371744,140.9249302356869,140.46729100498175
802,26.733333333333334,116.3883109357358,122.060754715709,67.41936272221393,80.48643740089575,169.79628908704873,166.8854765582419,140.9999896688749,140.38759214187726
803,26.766666666666666,115.77532356120287,121.51032318521342,66.70128148104335,80.1443168750746,169.409872562232,166.99686280502013,140.9468669106102,140.53578846239245
804,26.8,116.18001365357645,120.74232578932747,66.19929003175105,79.22838473607443,169.1132868160728,166.79252128562516,140.93199102231432,140.47771766384938
805,26.833333333333332,116.58199757117944,120.70324409827448,66.05802484299032,78.31265443535194,169.2720649823531,166.5258994751073,140.83589448980445,139.96069295963733
806,26.866666666666667,116.43644579343714,119.67685848017946,66.29378098243855,77.78899921184403,168.89460352987308,166.48906427907016,139.9925110582222,139.63705484150537
807,26.9,116.6062968307732,120.109949454129,66.49504213808899,77.71447075626128,169.2500057373888,165.62923888522226,139.57474368780615,139.4641039103318
808,26.933333333333334,116.84093247911713,120.13795673655129,65.97270939986458,77.21629271235007,170.3435051742061,166.00448326433116,140.66067744259632,139.77067251051997
809,26.966666666666665,116.0127778417796,120.66717281523256,63.380030713574826,77.92508769712848,169.9578226111222,164.93774778658363,140.4332249030702,139.69138373327092
810,27.0,114.40626011531059,118.52782886491917,61.100889427275405,75.7883397060699,171.31607070264343,165.5176785338961,140.43393654665172,139.76364112976694
811,27.033333333333335,112.27639247611779,115.73233599793552,57.30336049008213,72.5625601009428,173.14768410864923,167.1853634650898,142.11242509323358,140.56545167123448
812,27.066666666666666,110.03749934255893,114.69228104056826,54.95376158964882,71.46134730867318,173.73163653409142,167.55118382272653,142.54376908877342,140.89061703977129
813,27.1,110.44954080548315,113.72783673611202,51.86310708217761,66.30511018570775,173.54251526542225,168.6935948256678,141.55891012882225,140.80912941523854
814,27.133333333333333,110.80576843895459,113.52969344135957,50.22635148916905,65.66565867712167,174.4405122767168,168.96195876318586,142.3984640339083,140.96474203257102
815,27.166666666666668,112.41446726209546,115.17797297397911,51.613331818749344,67.05111420858385,173.58003281094247,166.68824741850173,140.0237383761314,138.27181501660516
816,27.2,113.51179844669701,114.29411097518374,53.94330100196622,67.3364902442182,173.50637131578898,166.2108911349258,140.1591903633532,138.33392305436521
817,27.233333333333334,113.9299390720043,113.57807459549157,57.026566101244164,68.39281180752063,171.57864722256608,165.1511851803129,139.89073208266032,137.00144632445748
818,27.266666666666666,112.53624361344458,113.97744146663611,58.13153958072868,70.45065058055974,171.56656976941238,165.35510512521134,139.42929922909423,138.1203102892842
819,27.3,111.83912703952815,113.15493340540701,57.73768429157122,68.77486120533649,170.2307401669761,165.5298208432089,137.39182743809462,138.18832777024258
820,27.333333333333332,111.33498426281629,112.85772206031683,57.46756988326851,68.58136540997354,170.6197401099025,166.28147798019427,137.81963258190254,138.90055748270308
821,27.366666666666667,110.55641151824781,112.41875353424666,57.41099599277429,68.61338367729708,170.29874917927663,165.99332646163137,138.0601524300546,139.11660764664336
822,27.4,111.90044719309127,113.1235973768566,58.204860616430274,68.62262765544777,170.51091849620812,166.69583192246918,138.38464509763293,139.32282550090198
823,27.433333333333334,111.36537596614133,112.31365305379832,57.76673469963377,67.38179785369778,170.42729798130995,167.05048214008298,138.5876738172678,139.5741585447086
824,27.466666666666665,111.27585729352633,111.97236856993635,57.70266443126317,66.78093798825532,170.63805832603688,167.66667631568527,138.94076930382695,139.84047960950744
825,27.5,110.76659318586256,112.06908352952641,57.57187920839126,67.37379792768107,171.6502287984588,168.02648332581654,139.57013186418737,140.29489152888456
826,27.533333333333335,109.87291943449453,111.52834524591906,55.930000841927345,65.88738300355891,171.20358981269456,167.61347930854595,138.9760717094602,139.88477645837037
827,27.566666666666666,112.43449411079838,112.70818698539189,58.0977198628982,66.75847002411578,171.53862127695393,168.1903822061536,139.20876848949322,139.96163496991358
828,27.6,111.84915169006068,112.70072909204137,57.81551094002521,66.96644740451758,171.29435720504105,167.97320066714235,139.1036906053588,139.92089328762182
829,27.633333333333333,112.25240833651057,112.6921975648659,57.21384191434925,65.35682980529594,171.0833508183663,168.50136157597922,138.86328942707345,139.38189339172203
830,27.666666666666668,112.76936767619623,112.84812896422734,57.16952088721193,65.04317580221667,170.8823152091306,168.44631395655486,138.4033238038174,138.93785740565687
831,27.7,111.50585680196895,111.69548766337304,51.72113813248914,62.622346449724894,173.89108289570586,170.06958298690645,139.23563053245408,139.7595895309808
832,27.733333333333334,111.6441012595643,113.44409397973367,52.601164313715074,63.40664472184295,173.59367750650952,169.95784121653716,139.66111452842398,139.59924636562317
833,27.766666666666666,109.07396648133782,113.35887583684212,49.46455274622933,63.36585918818954,173.79626308741348,169.714930839324,140.24005976423726,139.74944825019236
834,27.8,120.75796525154095,115.7285377737462,25.009313865272823,66.04635069509972,172.26028246427387,165.79271074164933,138.57451381870686,138.4252256487723
835,27.833333333333332,105.58258316055242,111.38645824799102,38.920639802739586,60.78585223100104,173.24843038028345,168.22866055574372,138.59595697215974,138.14397988530104
836,27.866666666666667,105.07768802271826,111.68576924337152,42.19524298632074,60.73104467510887,174.11231122524316,169.19175227056442,142.84787133979114,139.31317270858358
837,27.9,117.52869264367875,112.70049822735174,33.139949018153956,62.58436548514856,173.72802167219652,167.33527869290083,139.87144742459802,138.55342378714235
838,27.933333333333334,100.78153891512521,111.60122090330164,37.634440463347794,61.772438672449816,173.89239365776493,167.86280577931984,140.4905915774677,137.82445763348397
839,27.966666666666665,110.38198431982812,111.06449359823436,36.966765374756676,61.966128117628564,173.01828266897977,167.34676380752524,139.43021251466465,137.6558237406316
840,28.0,108.32013785437046,110.83352267548644,44.29547164447541,59.66166080299819,173.22385759422545,169.05776854654923,139.1472007709957,137.52967985851157
841,28.033333333333335,110.04022984293711,111.27579610784979,47.6322511536474,59.90798949406798,173.25018069761214,169.47248697540496,139.28618543406887,137.9520018465428
842,28.066666666666666,109.02129108395684,111.1981167944378,47.51094757965785,59.84045667495219,173.7715633265972,170.02071539328537,140.38110213489227,138.60747316555398
843,28.1,110.55745340383635,111.5834222496892,47.69203528516243,59.946950215398445,174.0835332829561,170.3841223459099,140.6900639815963,138.8042148232626
844,28.133333333333333,119.13246512061251,112.26742868702478,39.16360188517738,60.883211389901845,172.33129389333016,168.87949902411034,138.24529423627294,138.10196440638106
845,28.166666666666668,110.9566781933666,112.8849770065795,44.876810970084314,62.367247858357366,172.8803811474443,168.68836693799057,138.5813555926395,138.03665691771505
846,28.2,106.2537132742307,111.90598100963375,40.92735343388361,61.245425779471596,171.42837247148947,167.5611679927733,136.402428348375,137.06631386251775
847,28.233333333333334,110.71454141167676,111.80192637494248,47.88780627333935,61.24811172192023,171.85242336583255,168.02309387650118,137.25380839815116,137.22305191309982
848,28.266666666666666,111.66441729078022,113.20169056251564,33.93763762743263,65.31977744387602,172.3862438420256,166.4007939838702,138.40863106466642,138.02316467577063
849,28.3,120.67664768363639,113.87575024045341,15.960656870697854,65.73564998403016,168.22419525840644,163.97745397138132,137.12440996884564,138.1251220932813
850,28.333333333333332,108.96114803148156,113.50018201218153,23.069955437029602,65.35453012543296,169.6867733582676,164.54665980963895,137.32343717922365,137.97609766970504
851,28.366666666666667,104.4040159760985,112.80998463998051,39.63367987497723,62.58072230141046,172.47077747008393,167.25038795585124,137.71984397329044,138.19038000640654
852,28.4,119.96650449305243,112.79951681768048,16.506668366559207,62.47727265771569,170.82754419481773,166.88134859018976,136.82771109248642,138.73538550003175
853,28.433333333333334,100.94185910718424,111.53832015268334,34.10518302429462,58.359554882381055,173.10860344996905,169.98052522784968,137.46715008759463,138.65487937704793
854,28.466666666666665,104.26345294447329,111.4734885635158,40.156862426538716,59.01658948435753,173.13836287307925,169.62746273523388,137.2503867672838,138.45801481003232
855,28.5,107.9642571646429,110.94639628056629,44.65967394382455,56.98128066841479,173.12483914981027,170.4316396724778,137.76451210543635,138.29198850245444
856,28.533333333333335,107.2361529679948,111.0984263249333,43.57866031399664,57.213837158102145,173.5234683654951,170.6108902817089,138.24538149797363,138.218918394753
857,28.566666666666666,107.75480522890884,108.58629094354905,42.578452991251474,53.84147582554898,173.8843297673947,171.4232647699874,139.2072505372116,137.8831709933779
858,28.6,107.41451879809148,108.40429593142284,41.19065432059546,54.62846557937963,173.62845493644704,171.20914008889193,139.7393011795584,138.46983906870483
859,28.633333333333333,114.26007913426376,112.6863394840809,32.04870853541636,61.88587252538225,173.6013299419467,168.21085105731353,138.2703117501087,138.10099201185847
860,28.666666666666668,107.72588708792941,110.26442139896463,39.296592163365,56.984697042601596,173.91494172466344,170.78804272078614,139.1073879759838,138.7249013223005
861,28.7,107.14605716912516,108.67543920027535,39.69738421409746,54.00970930773194,173.51750527357171,171.85086423676046,139.67168375128412,139.04298836691967
862,28.733333333333334,108.95914979956457,110.82288807916647,43.18876344138118,56.31115660442827,173.89324397809978,171.31076837310988,139.01535700784063,138.67395131604405
863,28.766666666666666,107.73442970339536,108.5257330527848,42.09647143580852,54.24110579934212,173.85393552819164,171.41490285884328,139.10570092351543,138.9898879970792
864,28.8,108.94623392136896,109.3204028151759,42.68447902925751,54.350832281189604,173.8665526804591,171.57759101537025,138.38773175731617,138.7518106335258
865,28.833333333333332,109.08004405153629,109.41646836669197,42.55107095691969,54.58831529336579,173.86507040888807,171.5449108980547,138.60792720313876,138.8439634268277
866,28.866666666666667,108.97891698618561,109.31205696206759,43.582699015565126,54.72839414785774,173.36826972568304,171.10735856373097,136.85302043584093,138.3773778783501
867,28.9,108.40778041244184,110.21254357234648,43.0470631379684,55.41007795015088,173.3547139541077,170.87753611296756,137.0851436917518,138.04820469617454
868,28.933333333333334,106.50094766052707,109.93638719930559,41.78226167251921,55.399660585700346,173.6931196081363,171.13932901574205,137.5111337771465,138.0964444293616
869,28.966666666666665,106.51668936025499,108.59650964216792,41.644183258505535,53.4026104356359,173.698015507887,171.80138961009328,138.24275222964394,138.4581028624218
870,29.0,108.54706031941056,108.85587934096164,42.594896479091545,53.78421809102582,173.58998892171397,172.06141152328746,140.53065811883147,139.14168846296295
871,29.033333333333335,110.7246806651534,109.61772663780202,44.49666439260195,54.06709429302636,173.86885877816752,171.94219542400037,139.9399600335287,139.29843613794196
872,29.066666666666666,110.15279076853645,108.96033925773138,46.64092731864991,54.53711087598782,173.79537991661508,171.57281575733867,140.23913536311952,139.1485961451088
873,29.1,107.917672179451,111.32061502390778,28.6506582314452,62.71357898699774,173.51112895553825,168.26331843250367,138.25437175010376,139.84607905127316
874,29.133333333333333,103.21527827141485,110.4498486360071,31.61097970260005,60.53760358173013,173.3653914359552,169.1602754532338,138.54611990557723,139.73200075963715
875,29.166666666666668,118.7514447359231,114.60956456853818,14.873880091022414,67.2989966577327,167.0278512479442,165.16360565662356,136.83797819148938,140.06241610499654
876,29.2,100.09053290359938,110.89365648417986,38.62948289734177,59.97879139903852,170.7093736231298,169.48018954162976,136.8626107035513,139.21593550452954
877,29.233333333333334,109.63655454438849,111.62127560835737,54.01269215393916,63.5343675458523,169.67648688004516,167.47429876780438,136.52773114242353,137.84562748598358
878,29.266666666666666,104.76033782436365,111.483708707172,50.78615050535601,63.374312761297816,171.60446367944448,168.24902968628476,138.96191889835146,138.48119332918074
879,29.3,113.21829289577671,112.80725351211974,58.90514194316246,66.14808529917613,170.24429223185638,167.04608811617118,138.36741180424966,138.16908658409662
880,29.333333333333332,110.18159192300965,111.96525418351358,55.70644455218718,65.70861769856664,171.28237085652407,167.9812063582093,139.67538870930068,139.67661004613595
881,29.366666666666667,114.32452849640056,113.15977337150227,59.46041882316853,66.57670690682413,170.87767566263153,167.90724392860744,139.5098813184479,139.64175335484737
882,29.4,115.28200902466756,115.39072642951841,61.584962835307664,70.06810921286981,170.42323011538278,167.02225282006788,138.9499288429271,139.55071210961844
883,29.433333333333334,113.62552338058623,115.12729107851831,60.93110964967887,69.7887599947767,170.8704125328644,167.02710920610562,139.1787456785728,139.88290130560486
884,29.466666666666665,114.70771150398593,117.07087898957316,61.232901648209975,70.23366648306545,172.00292521072424,167.78962022667093,140.84487773855088,140.55146523963413
885,29.5,117.31104244602952,120.07562977134894,63.86341993053845,72.64944160203314,171.44367677258143,167.555988968001,139.99354416397608,140.0476972237924
886,29.533333333333335,119.36574551455125,122.13320190253063,67.163179539124,75.5655302336424,169.43347741876252,167.10120284613885,138.76279779392954,139.5528661383044
887,29.566666666666666,117.22631581057871,122.61477306244545,69.13863915604789,80.18072409071031,170.45526026942662,166.4677854402491,139.4720342508359,139.59647445554046
888,29.6,120.92749516236447,127.0701749411415,74.81635670031649,83.89171632877945,168.23273734565018,165.62668010115013,139.42338663451133,139.65551750493364
889,29.633333333333333,119.68043173429265,125.83706565050147,76.69829672448196,85.29687146347099,168.1909535689226,165.71014540375506,140.49731726494053,139.78223567161564
890,29.666666666666668,124.13886871225178,126.55593373181509,83.06645666783731,87.921822865462,169.46024315952482,166.78375891731883,142.18934664523553,141.54127414020388
891,29.7,124.0972703907712,127.18166227679482,87.1962088221942,91.63045945119815,169.93431940641827,165.67977576725815,143.6464577970345,142.00350873650933
892,29.733333333333334,126.06840644969486,127.3971156469352,94.41264028783573,94.20216781875003,166.6563544877303,164.53326370037533,142.82735105842227,141.96501685530862
893,29.766666666666666,127.6910146982126,128.21259705779838,97.43627855226022,100.25487843025387,167.18531753731133,162.42406721523733,142.63201866131212,141.64383175014643
894,29.8,126.65308418968367,129.18371926649826,98.02823520946849,103.35476597658455,168.6183694170355,162.49090016454727,142.96166674425498,141.63805183595525
895,29.833333333333332,128.89019276764873,129.43649079681,101.54268423725344,104.65960679665956,168.99177951377,162.9473993928203,142.7574606199247,141.56691193201402
896,29.866666666666667,131.0546034712492,129.1755091644256,105.64550151091528,106.95072203633408,169.17100032680065,163.06332082173074,142.81282715141728,141.96183014704678
897,29.9,132.45178354189247,126.70984146926668,108.34911535216706,107.96436550208264,169.8391671499873,163.29435621933925,142.87905667549055,141.8155553549796
898,29.933333333333334,127.22545055013944,119.62688328960294,109.95904796340196,108.83280899594547,171.87808820772148,164.6686715461959,142.93359893898463,142.61524144997463
899,29.966666666666665,125.10920651392804,118.00806346449423,112.69533850243329,111.3509606820297,172.873253693801,165.15095679283206,142.95054296191623,143.11168074511687
900,30.0,123.18732642023397,117.59598090628506,115.2216956177772,113.12912788505464,173.21346845491868,164.79544734630477,143.06223151415296,143.01382175617374
901,30.033333333333335,124.46219387417997,117.85973824158158,119.57834608462646,116.52155485202155,172.86731009171982,163.45232023824457,143.88503392717416,142.601857174915
902,30.066666666666666,126.92928587632127,118.45739686374719,122.5918991472772,119.33266335682737,172.05269788254395,162.2604097617287,144.14633015173428,142.67798295604362
903,30.1,122.487224164213,120.53986749858873,124.19857780132267,122.25698764326438,172.02782949099608,161.33411569121117,143.50246191667588,142.9570351587988
904,30.133333333333333,121.08033396065262,115.15621153737163,127.34277173600202,126.23368466396053,170.98608421845833,161.49769124543928,143.36482421462605,143.00736822395857
905,30.166666666666668,123.68075637611967,117.65211936110987,131.05724132350954,128.29209192235197,169.3005116510397,161.4947986595761,141.32012370523984,142.55021394691659
906,30.2,123.4179302219065,120.75488597025678,133.56204602510212,130.39901955668094,169.75331761832507,161.38199911551763,140.71855610374215,142.2255931794338
907,30.233333333333334,123.47154972853913,122.8489033672857,134.1928601173172,131.91499053636443,170.60691778102253,160.80760199001128,140.72504151425284,141.78609417749243
908,30.266666666666666,127.74060702435415,123.99893846324629,138.15626700541952,134.6094868209431,168.47117380316521,160.64221897276977,138.27608423459185,141.66098254711605
909,30.3,132.52127975023316,126.6610389002402,139.24351831332595,134.10183442778947,172.34433364979017,161.67809770777214,140.068074387393,141.91060643923421
910,30.333333333333332,135.86065865019285,130.89742665093445,142.2510696334403,136.3145736827069,172.16539443582855,162.1196524874077,139.8382708730021,142.2341118980024
911,30.366666666666667,141.581305686014,130.19507576499657,144.01007193698356,136.14193850021175,171.79100062099207,164.44817142729212,140.78434715289498,142.60365860310765
912,30.4,143.10094966735946,134.2500944724494,145.63697945757846,136.4817201651066,169.9995822373041,163.5210946071545,140.04682556776325,142.31451557823098
913,30.433333333333334,147.14122996078717,137.03880155733484,146.9650956212571,138.1881153338476,169.23249627291048,163.30490941305843,139.9721921894323,141.88876252334092
914,30.466666666666665,150.09765403603134,138.52715355700184,142.6926222101484,137.02577740711857,171.63969339116335,165.18340029500163,140.3761476436874,142.20610558008735
915,30.5,153.04730307128003,141.63039973764768,144.80559472724602,138.67751976906544,171.61443457362688,166.1027430376001,140.5617908690526,143.34131058969848
916,30.533333333333335,153.9256413512123,142.2650380818206,148.39176156910116,141.22355798939736,170.97355247049407,166.3720151543779,139.50584569528743,143.46716023320326
917,30.566666666666666,154.98805901063545,145.3706463664816,149.6406131026696,143.15947207203055,172.26451942119496,169.44034660007438,140.6202753115224,145.82587691278232
918,30.6,156.30546179337853,148.9404596500665,150.72184373723877,146.81091381698818,169.88236872101118,168.99029684485487,140.40098705932556,145.13677141875468
919,30.633333333333333,157.0515669709012,149.19009846067155,151.498962568146,146.95945421810993,170.24089471317453,168.37071160832218,140.67072714842456,144.29689857804792
920,30.666666666666668,157.76466271679533,149.78958842839776,154.9243243568949,150.89000733336235,169.06225886243766,167.82445421253098,141.263673018308,144.17032152292455
921,30.7,158.48042454265365,150.56182350242665,155.86528369888651,151.66127557588902,169.59017242873907,168.23323633936585,141.56335037856329,144.75816590897784
922,30.733333333333334,162.2283729318176,151.66551612513703,158.27868574681233,154.65337693559803,168.33225111174212,167.02329453199604,141.14296985067125,144.743390129089
923,30.766666666666666,164.29886706469514,151.85250958803877,159.67752863769078,157.03395472140957,166.6012241661357,168.98480415767838,139.809083596482,146.34566641942604
924,30.8,164.12110354039865,155.26807842307014,160.37870638782684,156.99609183972447,166.36843247580455,167.5884846621911,139.4599117936189,146.19838996306083
925,30.833333333333332,164.59757747890538,155.45523282466135,161.97914218375215,157.6178522431224,166.50474369154634,167.84728369273097,139.61631475181056,146.50185896319104
926,30.866666666666667,166.42474404426102,157.533679945202,162.55057951462499,157.82083236168089,165.3109514289487,167.32413509140264,138.88872368100334,146.1137758192133
927,30.9,165.69809204026996,158.5416098528005,163.73879346970958,158.4155856297621,165.78846629030676,163.93514574929586,138.80256251488095,146.20649388662918
928,30.933333333333334,165.8097056797717,160.489029265338,164.5963737116324,159.77943234394544,161.2857178165368,163.045977120354,139.0274199158266,144.8715840792237
929,30.966666666666665,166.19134010890468,157.87228320603757,164.9190004296732,158.1444528008907,162.39948015490194,161.72228290780535,138.04138051694989,144.19756001238096
930,31.0,164.999697497823,158.14845140592828,165.35329494433458,157.37672899264504,163.39234148788347,163.77948247015928,138.2102966990707,144.86313683134898
931,31.033333333333335,165.08812331561515,159.6490259106738,165.5452290899053,159.01568373430476,163.03333446506804,162.60408628437568,138.32450470541337,144.72676415268066
932,31.066666666666666,166.2626119317948,161.00172538484813,164.65002029162426,158.9123303310825,161.84286918249737,161.79773510802306,137.73307355490388,144.22175326707762
933,31.1,166.09606032557414,160.53069250519357,165.32887112394022,159.19860354052477,162.22140420558276,162.11357150322715,137.66578325274048,144.20760077704273
934,31.133333333333333,167.07315357256337,161.8410219484884,165.5738672423018,158.83711333155242,160.3717668825696,163.90951059335623,136.1313741239012,144.8977430387929
935,31.166666666666668,167.4879393618884,160.88519110123016,166.53212492555636,159.99966372665654,161.53223824198184,164.10900650366918,136.4209586209964,145.16780619708302
936,31.2,166.3436908422281,161.61444030795377,166.98251922638389,160.72530218801245,160.46924961144722,164.82658265304747,136.5318543868954,145.79529267481354
937,31.233333333333334,165.7128936645637,161.61535708425538,167.7858225651571,160.61756848216112,161.10029860750103,162.25004056997236,137.43408413095878,144.44448867849087
938,31.266666666666666,167.50483933178168,162.07145570025548,167.19425982816563,161.44180274484762,160.61356542720173,161.98602652713785,137.82578643039136,143.65268674521042
939,31.3,166.7241817034778,162.60685644637294,167.7731289831261,161.59088363838518,161.02045842876385,160.96726357251933,138.51088964540608,144.02207721372804
940,31.333333333333332,167.21704644861322,162.82277035025265,167.27889081631582,162.0801397901867,161.01400125271846,163.8772781989754,138.10698295838233,145.12541447922453
941,31.366666666666667,167.24673767088674,162.78114225904443,167.6338676938714,162.02821313069433,161.18414240684558,163.90064902564222,138.32338240312038,145.1477352314268
942,31.4,167.57973291983566,161.65680901632578,167.1792560589978,160.75625839492756,161.6819188939884,163.6597204731614,137.68930723402278,144.5697504163518
943,31.433333333333334,168.22858533007556,161.98211487230924,167.13872517010282,161.67967415689608,162.49712959678396,163.6503532056645,137.69670283279564,144.61965513923465
944,31.466666666666665,167.26778799628153,162.0579140061945,167.3825851168615,162.1091488138279,163.26312268432167,164.57196041907483,137.69565674985657,145.14423856320477
945,31.5,167.95809959274874,161.55320614971092,166.89392199277333,160.94214535549247,163.40925820933577,164.41928032223038,136.86531244603975,144.98113441026447
946,31.533333333333335,167.97163384342696,163.0165043717188,166.8510188315474,162.00450862568724,164.22978285863982,165.7044357850213,137.46423149759573,145.425698911304
947,31.566666666666666,166.78517617730247,163.1128107163024,166.90491456195147,161.71941208985328,164.023324537701,162.72591821956942,137.50670100576502,144.48799561157625
948,31.6,167.2419454287192,163.4188847313271,166.79727761944355,161.78035406236512,162.70322786608673,161.84421657318504,137.42360590656426,144.10120646215438
949,31.633333333333333,167.0130536666098,163.52562062175028,166.30603733425832,161.64767502629584,162.538678868115,161.57424980420052,137.75689120313484,144.16511603707497
950,31.666666666666668,167.2488542059722,163.4154984328504,166.52198705483812,161.66622297862878,162.28521751270873,161.50590749218347,137.79890240266982,143.99026058908973
951,31.7,167.334397613021,163.83865930700932,166.6266302823943,162.36860680278,162.268809540119,160.4387909390685,137.88380050655047,143.81450074674524
952,31.733333333333334,167.69203475517523,163.9025618326892,166.4438861901036,162.53663025083466,162.11145322651004,160.70473812541465,138.23611835226504,143.54140550994882
953,31.766666666666666,166.9750733254567,163.74732174276113,166.65032048041056,162.26353282565842,162.8035552397262,161.0309655941241,138.04171315486124,143.68639440582953
954,31.8,167.34766391797686,163.26851826023955,166.91051801609544,162.81636388182554,162.95398992167623,161.5095135692965,139.07856741252337,143.7275995873162
955,31.833333333333332,167.64793152359704,163.87882657350613,166.66439471260858,162.6521244080497,162.18646813039823,161.2304804529088,138.39080157696816,144.0053980978038
956,31.866666666666667,166.78423530548707,163.8585017215275,166.3703188192557,162.23719360532368,163.045769897382,160.9691739234645,138.80538203918442,144.06340635321178
957,31.9,167.5470252780908,162.17591374156214,166.65998568092346,161.90563970398625,163.4648347820096,161.56582697837334,138.98208013010355,143.851579067691
958,31.933333333333334,167.38068969830854,162.69714098480014,166.50908988978415,161.8511587970083,163.49968691354434,161.1747822744528,139.40425377749293,143.83995475711566
959,31.966666666666665,167.52159551540942,162.80806888588182,165.55717205601644,161.22549688089924,164.72757504266443,161.95507325288813,139.34205426499594,144.04544338511818
960,32.0,166.78028911250206,162.26241707432345,166.19335713391231,161.08879460334387,164.2242493786075,161.87256422613981,139.4828804364281,143.94783637885897
961,32.03333333333333,166.70073796567456,162.8958259384057,166.06333335537136,161.6778551439984,164.09614182308613,165.27406428129908,139.51067345752335,145.67709634609037
962,32.06666666666667,164.362948035637,162.6602704677568,166.42523350754715,161.16740757019437,166.6249922751937,164.53419708958737,140.92861333589508,146.58108460238037
963,32.1,165.19250929504142,161.94526479266244,165.58695723325417,159.92881413508096,166.65028991681143,164.1923661048099,141.07419897608168,146.3169853137746
964,32.13333333333333,165.5671985282172,161.86357226534096,165.56427582750928,161.37940848646505,166.6468827818998,162.07958573110704,141.28633988218203,145.35956944857188
965,32.166666666666664,167.66484637714655,161.7320204037327,166.7324791747824,162.08160771848657,164.2161923311524,161.93078816532056,142.1803382967299,144.07626060143508
966,32.2,167.2643012185538,161.53073382236414,165.72589547970458,159.67143188213566,164.883880050117,160.93231794610915,140.94063208883506,143.83847051158855
967,32.233333333333334,166.7238760328105,162.5321344267962,166.4195018523476,162.02850864488903,163.42974411652233,160.77244131071384,140.63683656569552,143.97922103986105
968,32.266666666666666,165.68653959632312,162.91447968931132,165.41077892772864,158.11339317414016,162.72865140630142,159.1354043168919,139.61921981464243,143.10003747550883
969,32.3,165.39438654450453,159.8374406070457,166.75901363658124,158.6432934718548,162.18263368335266,161.05097559785992,140.37185690599347,143.7850389781242
970,32.333333333333336,165.64428936783656,160.8881637439177,166.7275324847551,159.56010912326244,162.4332083266178,160.6616570652678,139.9518341341022,143.8883556750802
971,32.36666666666667,166.26207628058995,160.55328237721557,167.12059168362404,161.89456323125205,161.9562611454907,164.62848084469636,139.56120754210292,145.60391695081964
972,32.4,164.9768986690832,162.61466175582564,166.51650081982737,160.45932268332896,161.89884691527675,161.3095026141074,139.48648782910678,144.2673364688397
973,32.43333333333333,165.7832977773739,162.1207237512769,166.61895502133856,160.81896923095817,161.53059332197992,162.07526124111973,139.36893374969134,144.365343179996
974,32.46666666666667,165.94214864438422,163.3696642531944,165.1927555078094,159.6347854871306,161.47475731399325,160.81401618815113,138.99607101653987,143.84589530437358
975,32.5,165.80495001679145,162.3951590362124,166.30007690813872,161.26615042516818,161.00029516864777,161.33325296894495,139.04149683049215,144.09562899571094
976,32.53333333333333,165.10870151926036,161.58013957571603,164.04948629961686,158.94041221507842,165.10670551436016,161.88506337936494,138.5611047809702,144.98875080989916
977,32.56666666666667,167.29535322767768,161.74697486847919,165.32616637285176,159.69665954291628,163.3609362925715,161.67499248283806,138.94750823347985,144.489998442337
978,32.6,166.98040421931958,162.5574719163239,165.27631344628048,160.67463984995223,163.46025912300962,161.5445366456761,138.90829032653363,144.3953529158357
979,32.63333333333333,167.16530038670987,162.68079753800777,165.47298368498747,160.33762897624106,163.09057976719916,162.17899120422535,139.20001429441547,144.47556285362072
980,32.666666666666664,166.09486122928223,163.00288158931252,165.6731926510607,160.25209354516818,162.14644761169782,158.89799143492328,139.17629355028657,143.0501237731508
981,32.7,166.8729414271345,162.05654549653877,166.01674447705057,160.47365651764525,161.00982470550275,162.07110510534483,138.16355124983386,144.3417401645874
982,32.733333333333334,166.39286124251657,161.71086131929167,165.01033348079707,159.95649265581767,162.85061529858896,161.8085727867159,138.4144151885855,144.8408889325969
983,32.766666666666666,166.9239080506315,161.0170783665372,165.33652312078348,159.12743705931206,162.29703105036393,164.10119418631749,137.80053338979027,145.58617218547815
984,32.8,166.93955443302795,160.97511409555693,165.3317029058181,159.84445000318726,162.2129963470583,164.303236102163,137.6223513628984,145.30956534632807
985,32.833333333333336,165.57343223518257,160.56193695962205,165.01393573702538,159.51026200922007,163.37242791904634,164.13869062412556,137.5652663430286,145.5691045297058
986,32.86666666666667,165.98437515385731,160.45071171133782,164.88854799224106,159.70234456329806,163.008919974121,164.03100426577012,137.85814121635693,145.3816202139791
987,32.9,166.11925534093913,160.5825502976267,164.58493016123822,159.59995372954654,159.2485370559703,166.5253612892203,133.60304376868982,146.25888058157676
988,32.93333333333333,165.77067997229094,160.58122653916428,164.93081462568153,160.18919330599297,161.214711005438,165.01739542811862,136.06922119064194,145.5290558677884
989,32.96666666666667,166.31440521911344,160.18318579168692,164.34504166527395,159.46644615290745,162.00844108572312,165.4571959287025,136.09073806584496,145.31882600389608
990,33.0,163.90343588833565,158.80237062688863,163.9476957067582,158.80451712152254,166.36380896008725,167.1202254225238,137.368281779656,145.94225561802628
991,33.03333333333333,163.47284247623423,158.7118206732796,163.55576452736813,158.146497145503,165.91591302203094,168.1388693450779,136.90009112223754,146.72061955479978
992,33.06666666666667,166.6953541055434,158.862584255074,164.8148860069913,159.1235115647726,161.7501689853715,167.71544269240994,137.48894176342458,146.9009486256232
993,33.1,166.9974027535709,161.26488147212035,164.75141882315813,159.29651573780936,161.95727135811853,164.72976624670142,137.34007845395092,145.4593902975885
994,33.13333333333333,165.60595892951198,160.51623142999588,164.80276744964448,159.30547422294575,162.66139407529778,167.3252946824751,137.35906887721097,146.76009805250274
995,33.166666666666664,164.99801062121534,159.58497182727,163.86994572445428,158.73522218569195,163.7367730730148,168.21152326305437,136.67555264640586,147.00847869291334
996,33.2,164.91390377977052,159.94162218159025,163.99937041908527,159.0060805124107,163.33164972909427,168.37347957909884,136.5540313516203,147.7292043983155
997,33.233333333333334,166.5015835558751,160.5871139926737,163.56659135139665,159.5369828373492,160.7686447329445,168.06843269621547,135.10453310844528,146.91818566661937
998,33.266666666666666,166.20100196612623,160.00536056524143,164.48551217799016,159.25519402057293,162.7152995344591,168.1279548206688,137.21392575416846,146.90637693324757
999,33.3,165.2819817237168,159.77645069020676,165.00992553542312,159.73448634201037,163.53410793848687,165.0973847205834,138.08168084485268,145.781997696818
1000,33.333333333333336,166.9344053235412,159.8288675804318,165.59584907469053,160.9961556281636,162.15140553546865,165.4709319446608,138.61623387235625,145.78614387522862
1001,33.36666666666667,166.61917000978553,159.72644559572927,165.19745177314124,160.33300569607547,164.2996424021079,163.76397962525294,138.49043422822754,145.43783829097436
1002,33.4,166.21334978046778,159.87965748067572,165.11873479914541,160.38879262474524,164.1954650701351,165.78975804987218,138.249911174607,145.60588623324713
1003,33.43333333333333,166.0887127831061,161.08908702174733,165.26743015917577,160.4884713328045,164.42217736980774,165.87990053256857,138.81310523544013,146.23981131470148
1004,33.46666666666667,165.00130377026562,161.51629159557368,164.68949579929733,160.5545201627892,165.3043812490009,166.03875033209147,138.71798655267628,146.44531878672527
1005,33.5,165.45580225800364,160.59993395154376,164.8810489923931,160.8531846320062,165.56415083720486,167.78217417459578,138.94776676346018,146.97902742857525
1006,33.53333333333333,165.2718079620935,161.14880245444294,164.1106414529115,160.3905129635295,165.748856236664,168.98525182687018,137.99591853523526,147.47513874256137
1007,33.56666666666667,165.9123561375287,160.9737339066011,163.82015353143777,159.73183214680202,165.5336673141959,169.10683778030497,138.7590455671597,147.4383483425459
1008,33.6,164.44932450403417,161.3992334349153,164.38544715969286,160.191680293858,165.71016199798817,167.44576366300106,138.36653873450246,147.6044651794901
1009,33.63333333333333,166.31334142756415,161.54890700229987,165.23862805402547,160.8025291357337,163.42023221476282,167.36142174575588,138.4039558675626,146.71912628132188
1010,33.666666666666664,163.42738230806728,161.57887530533208,165.52078091842336,161.26523668869945,166.14394970089245,167.42125204377754,140.0843160163146,147.62073986035523
1011,33.7,165.2201379342601,160.46758389452657,164.90058108320108,160.30565692228254,166.84335922274138,170.10382260960455,140.51820015868608,147.9823435257566
1012,33.733333333333334,165.21939931249048,160.58997776136493,163.8315653457844,159.50244884286565,167.34612438233063,169.448631717281,139.52782270536088,148.09129199045984
1013,33.766666666666666,165.63689077306043,160.67253342526251,163.35460932832882,158.92779286325464,166.52072523689148,172.29715964811174,138.53678032687307,149.33766592419337
1014,33.8,164.38359160365076,160.49730709938885,164.43509070397607,159.78948689979143,169.058641807766,166.85570658242713,142.05401496140883,147.4985764942793
1015,33.833333333333336,164.70756304729883,160.4351331281594,164.28838041384142,159.36355863335217,169.17103954163886,167.1643496893936,141.78833375679994,146.88711530537768
1016,33.86666666666667,164.3636678876054,159.30506105946338,164.0604743475265,158.11996840203858,169.2114326216525,165.59797223284224,141.58549761968897,145.98187029162153
1017,33.9,164.1973810013832,158.48713664149082,163.4703482706548,157.5289002932125,171.40445404419793,166.62316805361385,142.64659866343902,146.38344333425943
1018,33.93333333333333,163.40666272743854,158.69612161398905,162.10767023740968,157.31020748483587,172.15359426307444,167.52519374102067,142.00256970300552,146.73817821649837
1019,33.96666666666667,160.6008879578081,157.65991885632593,162.79360168800608,156.85451463233258,171.4253885330185,169.20784638493322,141.83497642255594,147.12802290477566
1020,34.0,162.2555224109896,155.98692634125393,162.58981437425908,156.65848099439836,171.09081191601774,170.85213371444425,142.1269959695984,148.23488577195175
1021,34.03333333333333,162.58790966162152,157.10164677639455,161.54486967260033,156.0290541572461,171.3005316449623,171.8073878568725,142.40656602895265,149.50667071269228
1022,34.06666666666667,161.7873825622999,154.8216628173931,160.53798775886625,155.06090802719663,170.89447886934303,169.88402873926938,142.39800616501583,148.16021404174853
1023,34.1,159.34599424036816,153.77402251771468,159.26241919516897,153.86859374666616,171.96772134256432,168.27887764699477,142.80999228818246,147.5519369712458
1024,34.13333333333333,155.79264607417025,150.81577200561497,157.8554198927872,152.90525356938417,173.69833808107154,168.5564195045442,144.47199629636987,147.61030535512737
1025,34.166666666666664,154.27244973068835,148.84957788991252,157.30233171989224,152.29599049618886,174.20431046647874,167.71196742591493,144.1694616243598,147.34875861416614
1026,34.2,154.12271470743684,146.4850999163737,155.8381711553207,151.4213122956729,174.45182041305492,168.72814186355032,145.336915227966,146.76348453568107
1027,34.233333333333334,152.54991404846243,145.91993674658792,154.4843241149045,150.59481354790006,174.69245454473645,169.0289994824181,145.95479978448844,146.79431115056315
1028,34.266666666666666,151.845352682173,144.41056347427372,152.85139883940136,148.59453511408395,173.80833819208402,170.7432377273332,143.71882297079995,146.80719915426863
1029,34.3,149.62660175768926,144.3258855663619,150.37295550853398,148.34540772337584,174.1368521752387,170.40063070460604,144.3048887151544,147.09601896706977
1030,34.333333333333336,148.57251708700852,142.9699764805608,149.64172455218724,147.2053422368382,174.70168546339877,171.38227769725208,145.75417947665147,147.16433161235585
1031,34.36666666666667,145.27966863644005,141.0671845164668,147.83017564174673,145.41560343593648,174.50528566631732,171.39213078326193,144.95020072181876,148.15091630245655
1032,34.4,148.30966961630614,140.2005124271665,146.56352026094626,144.46360402608693,174.580782797994,171.01648491143914,145.00938871339272,147.51578995983616
1033,34.43333333333333,146.7427708396125,135.4335077437714,143.9352989005479,142.1096516570996,174.3017134945163,171.21708613565642,141.43695956015935,147.21323996554307
1034,34.46666666666667,146.30623388384393,134.1781433576288,143.51765770793472,141.38924545634225,174.29259921841145,169.85325868320265,142.94404014074695,146.61996703684144
1035,34.5,143.48253110628127,135.71870314451832,145.6151204305233,139.20336298179407,174.3503414183008,167.40093802447345,143.05240381336267,145.04632724931363
1036,34.53333333333333,142.94023877385348,130.2587677483081,143.22276617938405,139.09237579108662,174.28263693321776,168.25239153792631,142.89525198749297,144.91088742183038
1037,34.56666666666667,141.24989611184313,129.93865913092924,139.64085636500414,137.37695457698894,174.0001141886756,168.33929005280763,143.19153933958788,145.14309274144938
1038,34.6,139.5638091011596,129.43352110002738,138.52481110519392,137.8555349871559,173.1625923792115,168.20202743351103,143.5312316806663,145.07819481230553
1039,34.63333333333333,139.09467889334374,129.36452424894424,136.80973629331336,136.9188620379211,173.94254081289222,167.96471226115315,144.77989057249965,145.26102642994493
1040,34.666666666666664,136.7322798180435,129.72623411256686,133.47794339382125,136.07636762165524,174.1813669801588,166.1419729073324,145.07154530822473,145.143562802882
1041,34.7,134.62939007150234,128.72306412105885,130.68761708425558,133.37175342926275,174.225405990273,167.58612937475152,144.85071708388259,144.6087733316415
1042,34.733333333333334,134.9238491459004,128.5503073648275,130.27498761968576,132.61839131718315,174.3694447162818,167.52380364157642,144.3116783750684,144.3433429647509
1043,34.766666666666666,134.38585801767164,127.94746206355674,128.38563335468805,132.09921996515396,174.53014020756044,167.61903854417756,144.8652759173638,144.68825557747678
1044,34.8,134.3399052820803,127.10872339333892,121.78794662886587,131.86382043949038,174.49176471167547,167.11225355888058,144.7606224027033,144.68983833572977
1045,34.833333333333336,132.53379562250078,126.65552168237147,117.43832027996334,130.32469478133513,174.56751478023838,167.27403873197787,144.79182337821302,144.7693577765638
1046,34.86666666666667,128.67302789093597,124.29412043853105,117.62532082333655,129.56460046826157,174.32729123485095,165.7652896920848,144.48859131792682,144.14983224529485
1047,34.9,129.76888726141016,123.20438519440948,115.86974058451926,128.79003063751023,173.9744797656662,161.73745099737772,144.30218538151613,141.74265513504835
1048,34.93333333333333,125.22710855098804,122.01534817680383,115.08542555668846,128.13179246322292,173.94162692879775,161.872578846099,145.38111765892538,142.13356677945703
1049,34.96666666666667,127.8499387912518,122.984361228096,113.44271520893626,127.59849790977896,173.83985378786156,161.75546062854028,145.4395625377409,142.28182668672522
1050,35.0,123.4206545375834,122.22941615886515,114.66309246263766,127.85717907685907,172.55619444987298,161.69031691100977,145.9187015005712,141.49359812434363
1051,35.03333333333333,124.42105785912356,123.6074770286191,111.40642885348265,126.65716688772191,172.35080912284096,161.35663290800133,145.74944315867702,141.16391057891778
1052,35.06666666666667,125.03481468795897,124.30095395393602,109.77433191830637,126.68498283397086,172.28554494583494,161.1373110721355,146.2775569497084,140.12297855354507
1053,35.1,127.83725388597269,124.34701111675842,108.11058439012461,125.71873498895395,172.4961010513701,160.61512272287402,145.62967152183398,140.01674484129333
1054,35.13333333333333,127.43044741116735,125.66092913194115,105.58806922490506,124.72236143208845,172.21922730859762,160.4152747502163,145.5649545689805,139.9902474644665
1055,35.166666666666664,126.24841011465055,123.49807027164105,102.83494274445093,122.24832079668192,173.35780937775715,159.90454791467107,146.76706480399156,140.31001224700617
1056,35.2,125.31545927083644,122.3114260679916,99.26646170390089,119.67371276484931,174.13768667220873,160.48416140170525,147.1048219291487,140.18836082972683
1057,35.233333333333334,124.97603598893295,125.5394354325617,96.34891900783312,117.62864156112512,174.88640207305778,162.68146403875224,149.66167032315875,140.69186458266572
1058,35.266666666666666,122.63361000905762,123.56561345412237,92.05588804535239,116.35579924036495,175.10301287982338,162.4884028324345,150.36610308471433,141.85112073448047
1059,35.3,121.07650251434018,121.90105143773548,89.25015283766953,114.9597300749129,174.8849737004661,163.20122322812713,152.44990162096772,142.16995795485713
1060,35.333333333333336,117.92526132882737,121.95830813851995,86.94964343483385,114.75609851454739,175.03993121380057,162.79910243200803,151.47946649136944,142.5753668716087
1061,35.36666666666667,115.86961282387163,122.27157043874941,86.02066107007141,113.9709987368241,173.98888895035387,164.72841816699784,152.06944082601706,143.01163578533814
1062,35.4,118.06613305432225,123.5631221261393,84.50191646206156,111.99490000400968,173.7215825644038,165.3711973486099,152.0458634655663,143.41133940696054
1063,35.43333333333333,117.59131451225937,123.48142759523964,81.12531394628714,110.34321531487913,171.31800552620575,166.90777972060374,152.33925767024178,144.326728259261
1064,35.46666666666667,115.37201949202584,122.55695613511972,77.88381787311093,109.17652310662798,170.7033412972067,167.32656194045114,152.98507279283453,144.56210854879302
1065,35.5,117.9004210732393,121.62714228245139,77.26597281179428,107.71020951785597,170.04230861789694,167.85235825511998,153.05841062453194,145.37755845981772
1066,35.53333333333333,117.4328890591624,122.84339186323652,75.51923200393419,107.02259583213521,170.87122111141747,167.6891775043882,153.15911678974854,144.74819439864075
1067,35.56666666666667,119.83203500923008,124.22798108372898,75.7651022346418,105.9853605500222,170.6710296250143,167.85766922852378,153.11286820068977,144.69363913762464
1068,35.6,123.1548402394831,125.4338742192963,76.67470353170103,104.63611584074603,170.57677437842818,168.7920752289552,153.36582232848608,144.3505891052312
1069,35.63333333333333,123.39857929131954,125.0786338127195,76.41535874791106,104.27870965347718,170.0216478413939,168.76686568243886,153.20538867370655,144.34797734312582
1070,35.666666666666664,125.47256198573211,125.48065137363348,76.39340951171256,103.51243277524397,170.05860495910352,168.90358524483662,153.846884054822,144.36604350390488
1071,35.7,125.34439049484627,124.5114472996923,75.5848922488708,102.42026666789872,170.05393794986855,168.32705761443333,154.08954119000978,144.2633948713676
1072,35.733333333333334,125.13849407868932,122.40000165813828,73.90026873002633,100.66750235265458,169.79953744695374,168.41923284020956,154.68252268603803,144.48666057034424
1073,35.766666666666666,123.39551212868847,122.61163147316829,72.67644598335126,99.87173348284698,170.8721058387032,168.00290027177786,154.73230637671148,144.6081439015327
1074,35.8,120.94732384816156,123.54009771998182,70.69467021195318,99.14986796273797,171.8655761135069,168.0911306322535,153.74818805059093,144.197468832203
1075,35.833333333333336,119.52445822316454,124.93823197312143,68.89532220119672,97.40276710462471,173.2143710708668,168.77070266326237,151.58339489876923,143.49820886648024
1076,35.86666666666667,115.32917805141307,124.22659220400215,67.6957520025712,97.44468194802543,175.01305994434438,167.99256897291139,151.3480037404816,142.2032385277312
1077,35.9,115.37184482771863,126.10775137870735,66.52410363698615,97.19026231452558,175.29866700887143,166.70627619797267,149.2283575178823,140.8328644856029
1078,35.93333333333333,114.80677861292071,128.3831434562999,66.52812663063938,96.75144745852636,175.24679944445984,166.69354403076548,148.74686091183403,138.97170361367185
1079,35.96666666666667,115.54173371466504,129.43980001739925,63.59821304317628,94.14863846973165,174.6740687092399,167.4246322970282,149.8668809269157,140.90006093918066
1080,36.0,115.31257490869572,130.56264230445407,65.76085916290526,95.45796239240234,175.16499958909182,167.54776629790499,146.3421564019079,139.54497534929547
1081,36.03333333333333,117.24059291819833,130.3480133701881,64.99901533121788,92.55758896801673,175.11855620256173,168.52147690724084,144.47410884280788,139.04950591532688
1082,36.06666666666667,118.02499616499944,130.3697840585997,64.87764546192733,92.18563207913063,175.07767406378244,168.2449618146521,144.79671351557167,139.1738327511516
1083,36.1,119.026320829576,129.1541054209294,64.81186199053354,90.48161948929403,175.0793555262668,168.74851450780235,144.64700731429107,139.28029849304502
1084,36.13333333333333,119.6581985136964,129.36343690695273,64.00207039889663,87.80835978842829,174.88308848328992,169.89298475251414,145.90275563769725,140.60708961243344
1085,36.166666666666664,119.27223582509964,129.95525478457063,62.35243518914377,85.39947190400197,175.04997397351082,170.4126949655726,145.02261351444486,140.82440616767664
1086,36.2,120.66542039412577,129.1872474417946,64.92984650467119,85.27579025383065,174.69036731166872,169.46974239865955,145.11478679511904,140.62113407558505
1087,36.233333333333334,119.13802283464776,130.15068372750451,64.62109381207148,84.94191695482424,173.9835884993051,168.91768653679168,145.56495303598172,140.5210626689907
1088,36.266666666666666,118.77376328242576,130.49764863743377,64.26629649974788,84.78199327344004,173.76278217526414,168.67019292570453,144.89556916173098,140.44643083255272
1089,36.3,119.71566482543606,130.56454913949315,64.49896901735687,82.85801741920343,173.69295277066007,169.5912038969995,144.54614998669888,140.30388478368323
1090,36.333333333333336,119.49509228571632,129.8881798399112,64.07787783946938,82.60149750567162,173.72043346098417,169.29057709652125,144.86326036461878,140.39653169800573
1091,36.36666666666667,119.93078304093281,128.90690705185128,63.8105960031306,82.09322000255784,173.3624198410591,168.94207436592654,144.1789775530138,140.1161593295127
1092,36.4,120.16617933161896,128.50280387461902,63.534491306165386,80.9957626696109,173.61884073083453,168.93659245839964,144.1187265649186,140.1270322489995
1093,36.43333333333333,119.31101981271621,126.12795134744543,58.583765965745684,75.19139309267337,174.70999961120285,171.1344382785408,144.02240824873329,140.84778492127674
1094,36.46666666666667,119.44225065437011,126.29472296542401,57.84264480562015,74.356834190785,174.55256028754712,170.92605020122883,143.96983433178036,140.54701911086096
1095,36.5,119.5123243666303,126.65561161613624,57.93369319549895,74.39219641818735,174.36784620257188,170.18220139864215,143.34650632278394,140.12407888908328
1096,36.53333333333333,119.2997066422995,125.7467213982716,57.374703508876756,73.59568117066546,174.5427192509609,170.02126267378188,143.23859928484757,139.81704420342552
1097,36.56666666666667,121.81685513892751,124.50957260713942,56.33850230761645,70.88436719019008,174.49793936154896,171.26405632474462,143.50159353769482,139.95001431760127
1098,36.6,119.90841248367772,125.07648913521453,54.666026242359,70.66389629780991,174.3716099511765,171.04967282097007,144.31209631693116,140.69147675213003
1099,36.63333333333333,133.3758915453496,126.86807481762149,14.705440527788125,73.34897630737825,172.7664712125913,168.35458651879895,141.26364128640088,139.65912901589084
1100,36.666666666666664,114.06135955860263,126.4083086146664,28.527335626495653,72.71620074721433,173.70759203298468,168.59650371620975,142.03886648161597,140.17306663618803
1101,36.7,102.00318362685603,122.92489322494546,35.85435412685143,67.44975659003731,174.58584983296078,170.75710432365148,142.49484973385808,140.02553337031603
1102,36.733333333333334,126.87841195126377,123.26977149766076,21.374608585204523,67.73078999838461,173.28246421063957,169.57942732078578,140.8869824919836,139.57327938008206
1103,36.766666666666666,110.058916753004,122.07175276996348,38.41577667193945,64.8237134585171,174.7582555444359,171.36618821543502,141.30828186410548,139.92553201604755
1104,36.8,110.06484283653396,121.55230899186202,42.26302961328015,64.8997916130206,174.61068206844266,170.99985177636543,142.8832219838896,140.78833503220324
1105,36.833333333333336,127.83352571133528,124.55536964690862,12.794040698358714,74.25760614852248,169.77887815648225,164.4011529263547,141.805587888547,140.37557771167968
1106,36.86666666666667,125.66871183777899,123.83915910826282,10.916812731454483,72.7077891240134,170.9180538586042,165.2135201090174,141.5303480466908,140.1219708009188
1107,36.9,109.74938573667293,122.79801966234578,39.50969167918555,66.0649631798893,174.8436650852424,170.3875205663548,141.79037081929613,140.39623828800805
1108,36.93333333333333,113.52706518660855,122.63320267664072,39.551111054543405,66.05958550146092,174.79745730303247,170.57841238161544,141.3041349613567,139.59353764856283
1109,36.96666666666667,112.75347281351108,119.85847531457057,46.53026361544379,63.25517986775481,174.7867563715986,171.21478249227263,141.43423632402317,139.94848418067468
1110,37.0,124.24707830944726,122.80366987338486,42.73161767387454,66.32632459134291,174.6398704393811,170.05351832331306,140.95683357573085,140.02991356667795
1111,37.03333333333333,120.34561126620481,122.31153088406623,39.697628346321025,66.33952591205181,174.7197602640103,170.09185740064538,141.96532587756647,140.71839714664645
1112,37.06666666666667,114.95194931138343,121.7330147294594,33.20360716618924,68.00802268427398,174.5240562113015,168.72990969353452,141.92863816763867,140.6874858970973
1113,37.1,129.4932724518894,122.57082652416075,12.869724321491233,70.44255239009483,170.29134675237535,166.4348519866447,139.4584088891552,140.2351729877964
1114,37.13333333333333,127.166773043358,122.36693791822476,12.052432512976065,70.32432632104548,169.49015761456738,166.27212304968486,139.35968767816212,140.34989260202636
1115,37.166666666666664,117.81160100611058,120.64108874978,12.595313945470574,67.3943226067043,172.08335630666727,167.93817892559372,140.03821163997463,140.36594649256014
1116,37.2,107.77230535682476,118.8785988944657,43.29910894536594,63.871573313505806,173.69417996492123,169.92142749690103,140.35980388596815,140.35171038593225
1117,37.233333333333334,111.16960177798272,119.10926166391995,37.15139022421216,64.08422573973186,174.41403668996756,169.8320585374016,141.44700537949066,140.48334001602566
1118,37.266666666666666,115.09934954613344,117.66926247284917,48.325339208806504,60.412169422294774,174.66647965273575,171.6238533030572,141.54133277682095,140.14398708914234
1119,37.3,114.85447671423753,118.19780015815728,49.995588254371846,62.0297652893253,174.67137229007804,171.14929334273756,141.6665335328316,140.01325893332836
1120,37.333333333333336,125.98741826179733,120.52113211619208,14.878525381531233,65.35094062090371,173.51797488436338,169.3810382732339,141.43043438020774,140.62733562397437
1121,37.36666666666667,98.88952918533441,117.14754496263421,30.601665498662214,62.60415328387141,173.69548931793108,169.81424350406277,141.46898554297687,140.20801910561488
1122,37.4,109.13675071975965,115.86104997160732,45.5187903290502,59.64814912547132,174.36772539788947,171.0725718254618,141.1795984285673,140.15374006705227
1123,37.43333333333333,113.42340277512467,116.60097220667899,49.324105744769064,60.02102398617149,174.60748819623188,171.47859436451975,141.13898729259387,140.21620374316174
1124,37.46666666666667,114.57692546797514,117.36653678220098,50.877525263100765,60.60629706544598,174.5916534843585,171.489415036806,141.45380631070154,140.07057355811872
1125,37.5,114.96324280250211,118.12199223606153,50.18063806000567,61.00815219802924,174.54411917484535,171.5302365389254,140.81757878780985,139.66709418864664
1126,37.53333333333333,117.11180034218698,117.79732887592613,49.830929316130366,60.42105579089013,174.00823263534983,172.09526724286425,142.78422634141387,140.41240141153037
1127,37.56666666666667,111.41159644315411,119.76427999373004,49.21321873387874,64.91869469892856,174.58077148584564,170.59122533227273,141.5266252486001,139.62028363676336
1128,37.6,116.2843854557571,117.71776352850694,49.67807975307924,59.273995850934895,173.06264035463496,172.6619680618938,142.41619895700015,140.72710744162015
1129,37.63333333333333,117.12986930436365,118.04377870392766,50.15627091227358,59.753030160674214,173.78941110861768,172.44297224896636,142.6757122376415,140.9017511776327
1130,37.666666666666664,118.54284862974838,118.46729688685882,52.239302742517246,59.86226841471416,174.41658506634835,172.33343483555646,142.35399389047947,140.79846128438075
1131,37.7,117.3978537256055,118.48715965658819,51.484798782695215,59.9886116601349,174.47038011328127,172.30335219403935,142.0417733767665,140.7477451238386
1132,37.733333333333334,117.14926213482119,118.67409597661828,51.325250795456505,59.86629529468785,174.448536768629,172.52716456524917,142.1922613858417,140.84903125207035
1133,37.766666666666666,119.23050587419051,120.6855674186954,55.06432483835333,62.51957686056587,174.54985555622872,172.40933912319613,141.54440291074073,140.48886040659278
1134,37.8,118.56329033306304,120.55947124794648,53.69696001826935,61.8368257614063,174.49420497016246,172.70993362784284,142.4228091591868,140.75366063686397
1135,37.833333333333336,117.73290432183202,119.51765192089937,54.11178179261292,61.993687379465996,174.49674889385756,172.16880553622352,142.24651656064557,140.6787779868255
1136,37.86666666666667,118.51849424702738,120.09913098872593,54.934782240303576,61.51382464589847,174.39181283394504,172.5040357675855,141.8758027278047,140.8180174598326
1137,37.9,115.52305578291929,118.48684196608477,52.764283160085824,61.019098813035185,174.369524267248,172.22089730744406,142.02122675130263,140.54944890429235
1138,37.93333333333333,116.71403350083509,118.47934021331933,53.31736775703437,60.99069961416242,174.41030692326058,172.26195920237808,141.70094432894163,140.47161451640167
1139,37.96666666666667,113.59323614870549,117.77025795147584,51.06946350875626,61.311445658069616,174.37347628478037,171.42571745107233,141.5754505099225,139.88153626745896
1140,38.0,116.38597542879589,118.63585320255038,51.686522970712936,60.922245964558115,174.46266687617026,172.0021303083999,141.7677292133259,140.37423350058242
1141,38.03333333333333,115.32277631233227,117.74532305342241,50.285397959900806,60.628019422885735,174.4306571651299,172.04585715489875,141.96466830941284,140.7421106599833
1142,38.06666666666667,115.48995371013233,117.6293836901177,50.02145657063173,59.69887313578074,174.5389070681246,172.1201516673733,141.37205944697536,140.64697519826146
1143,38.1,115.25901037198994,115.49241925618772,49.520252401105736,57.8277057378385,174.54047238741245,172.07004818009426,141.23254317794553,140.58727871995183
1144,38.13333333333333,112.92046978650231,115.83158724863138,48.562394188281026,57.873063062455536,174.51695021105047,172.1683896337629,142.09087669880967,140.90116644842018
1145,38.166666666666664,112.12957441401124,115.57437808678313,47.91725409209221,57.82339828975723,174.46712316358995,172.05576821778308,141.58192929899673,140.6693470010026
1146,38.2,116.06000658305057,117.00727264698067,52.51770822275937,59.01520802978545,174.40642968893434,172.1925598335653,141.01077300366126,140.6879757850577
1147,38.233333333333334,116.14189543570768,117.02033484771493,51.18327025357768,58.916094319800294,174.39366455315002,172.29872329122122,141.60565970268897,141.3082164312807
1148,38.266666666666666,115.55517787860038,117.15206015776467,51.16790761160697,58.54957763879555,174.43734485165245,172.2896851073922,141.02862437475738,141.09479977787296
1149,38.3,111.69867973166605,115.81152051803289,46.494563751205256,58.01700212238312,174.05910251596876,172.36953551305442,141.6272291429167,141.83617671109477
1150,38.333333333333336,111.31998112700042,117.94532429408258,47.65625783256462,58.596508666090074,174.38859229954267,172.37179609005528,141.8838540502581,141.8211550584945
1151,38.36666666666667,109.15826938635993,117.50217124349142,46.21591327851443,58.94350359541728,174.31838310631167,172.2529416934973,142.37803872999277,141.10928308710274
1152,38.4,115.23504259599885,118.0246697331861,51.33301477757451,60.38245886682085,174.32688492234408,172.42938718247592,141.68475017322342,140.76216199724308
1153,38.43333333333333,116.17155162591907,118.23425153345433,52.82467742304972,60.61162126358233,174.3237875043026,172.5702263440537,141.69799682396342,140.6575590257975
1154,38.46666666666667,116.34159016507951,118.32104463681111,52.34014903133502,60.81851370544917,174.06158963490324,172.76311544720383,142.30485634558778,141.69731763345166
1155,38.5,114.9796377871143,118.63586499637881,51.315267497273744,60.74454193776823,174.1255435367668,172.81684430866935,142.0089885547701,141.39038043100447
1156,38.53333333333333,114.3656066784111,117.98395863730723,50.67556938032176,60.449423889813566,173.759675216646,173.14314295268827,142.86368947957092,142.37264788122002
1157,38.56666666666667,113.37707779673043,116.95514110263284,49.87162520463543,59.81857954453442,173.7363580378285,173.22190322346216,142.66372781016082,142.35275056218677
1158,38.6,114.8789216597185,116.38321608830857,51.064463211882384,59.51558081023365,173.80546131577017,173.21111775886575,142.78771576052623,142.26782304185448
1159,38.63333333333333,115.39939236691116,117.9297117150294,51.69408060343969,61.8485252132473,173.97595437813422,172.78521213063485,142.80612148285022,142.77810408109033
1160,38.666666666666664,114.13557772961865,117.26881945163285,51.0776422815794,61.18681252023348,173.972580068868,172.8768737632308,142.59134611641235,142.24175151880132
1161,38.7,115.69780955634832,117.43245352615382,52.70212173102116,61.495439631644466,174.06362024376392,172.7184341146815,142.29947280843186,142.24014941682267
1162,38.733333333333334,116.01361844515236,116.7993429566507,52.95495900965728,61.06548152488189,174.05840133882407,172.82183470635508,142.25105042118426,142.36466054927658
1163,38.766666666666666,116.60478813044801,117.70922375239954,53.515285939259115,61.62937249450466,174.09661254785183,172.68639013841167,142.0951301183499,142.06170337812378
1164,38.8,113.6931630617747,118.61994156683207,52.457470906349094,64.88031239278435,174.06433522337667,171.26237145160007,142.10344168903646,141.59299426128646
1165,38.833333333333336,117.95601037256768,117.84559895031599,54.55868686421474,63.97993184714437,174.12445872134944,171.4012951517904,142.2657702149923,141.50579360966825
1166,38.86666666666667,118.10887399778998,117.41884101407916,54.705663139944605,63.47940514436315,174.16132220150647,171.5158920366983,142.23770677042475,140.95893568301688
1167,38.9,117.69414910061892,117.52370116663347,54.76294744507678,63.3868562254998,174.1803632654216,171.6954876651121,142.1240878675495,140.99646626605573
1168,38.93333333333333,117.76928538582887,116.6624371083555,53.89815478840108,62.35950805173024,174.1893325304941,171.8400580650342,141.41731708076637,140.7522093492971
1169,38.96666666666667,117.73239494896858,116.61221480272233,54.006070440033405,60.78999333985622,174.19394113968536,172.5449604665008,141.61578969655903,140.82560998257924
1170,39.0,117.65772065160853,116.84893907446417,54.54602638667681,61.99319488040529,174.17745117419435,172.50953495587947,141.4043182320752,140.9129869324034
1171,39.03333333333333,117.76375328994101,119.17246012978633,56.371762599294044,65.75654028378345,173.95492696203823,171.33334606053876,141.39721712800153,140.66418988382736
1172,39.06666666666667,117.83995094720433,118.76539066537859,55.797719635124615,63.97621887562348,173.71654879260925,171.56906041033284,140.68886355690248,140.24885297814114
1173,39.1,117.13541774025273,118.20015359357272,56.01836763800776,66.82548286449523,173.4946958811168,170.14648980518643,140.32262443420203,140.06674306453854
1174,39.13333333333333,116.88466703781174,120.8331538002822,59.276792143049406,71.3647117034195,172.21231713391353,168.17224524218992,140.95198025355432,140.24232708207515
1175,39.166666666666664,117.02922295218161,121.91364313491303,61.09088804529781,73.12876220925286,171.8364570002804,167.9379836868255,140.38506565119204,139.908084305322
1176,39.2,117.73939179935493,121.22792882509854,61.230392087877654,72.13925825078003,172.11483749533713,168.4434301710158,140.77788452011325,139.7833945923287
1177,39.233333333333334,120.56434487909141,122.59628899389641,64.88685304574672,76.19070208809644,171.30361132457466,166.67458871083633,141.07777050456895,139.86956693553367
1178,39.266666666666666,124.83606599346662,123.07341317898525,69.16396255691079,76.12406218755591,170.64920221033944,166.809072915324,141.35817001914606,139.75294971111384
1179,39.3,128.24634972004299,124.86053256844022,71.66852210695437,78.10215920763294,170.30664658177696,165.9856113621155,140.97478336560948,139.02987592649038
1180,39.333333333333336,127.743012194284,125.1009225050838,74.01504745284815,80.60862683228122,168.98835486748584,165.11332631999787,139.90044741597845,139.54842089451154
1181,39.36666666666667,126.9458098827158,124.49579557490831,74.54582871226624,79.67769221940452,168.74359850324532,165.71475954584332,140.2149298644335,139.36421053442027
1182,39.4,127.07537090714851,124.53194027113669,75.49531377069694,81.90824306978537,168.81676098742028,165.19785591262058,140.36793259434108,139.13882519802468
1183,39.43333333333333,127.55302205780889,124.617115157273,77.29601973885548,83.1827406972095,168.23851372742246,164.56725854041713,140.4935415502687,139.10979034873512
1184,39.46666666666667,127.44230575595483,123.61290882863202,78.04440400436313,85.24546569527419,169.57051342221695,163.5528415743172,142.4557666996924,139.35363329328362
1185,39.5,125.88680904213695,124.39239892771418,78.99344510143062,86.32863573021467,168.65285848871451,164.07601936508928,142.32464649323558,139.27614905565093
1186,39.53333333333333,126.12884935315199,123.77946858001091,79.50472856304161,87.36427141365694,169.6425670319341,164.25744787786837,142.649984357021,139.62807141164674
1187,39.56666666666667,128.01595153517155,124.71522070168406,81.24879213846411,88.97973897040738,171.12024858335525,164.78312790388077,144.99110550304957,140.8335527391135
1188,39.6,126.52321946376034,125.12253724165876,80.40187947231838,89.07885748366768,171.92833219581556,167.25384373341262,143.80610089288464,141.6297990501539
1189,39.63333333333333,126.86115927656355,125.24816946558705,80.5078341147825,88.06963633846985,171.55133619724728,167.58508508620957,143.88410738347847,142.00829730638378
1190,39.666666666666664,126.52966949546727,124.85631044901538,79.9726604508693,87.9993063690908,171.39772383356157,166.25957216653356,143.4043797384581,141.43372842790552
1191,39.7,126.00385596411722,124.56560626495607,79.46223356170431,88.52688215507031,171.66421770355956,166.31540563097334,143.14744618883603,141.49668225521796
1192,39.733333333333334,125.23661872680614,124.40353943741351,78.12359482197985,87.98157886672067,171.31751268164652,166.50697725636897,143.06366803046672,141.7861852373479
1193,39.766666666666666,124.86760216351573,124.52126228625325,77.9367886459892,87.7494531569141,170.57191249830194,166.45327231640042,143.5163054630055,141.61392851465007
1194,39.8,122.90064507022728,124.71588639258924,75.97623765268311,87.50918288435453,169.66030440713894,166.26635761993143,142.4925190062391,141.04647490914337
1195,39.833333333333336,120.88508092874832,124.88637725926135,74.21100705232357,86.55143079700461,169.7187692814982,166.71373987205615,142.42878238199467,141.15130523023262
1196,39.86666666666667,120.545516512821,124.94731746335192,73.42202468460992,85.80720655656289,169.89753380401694,166.96359571419927,142.47967350904133,140.8987841739649
1197,39.9,120.97025940750171,125.44755324864411,73.40254278529002,85.32593765238751,169.7009252020868,166.93612903670368,142.10431016670978,140.58780884156556
1198,39.93333333333333,120.31987306423564,125.15527762311417,73.02476724560132,86.40230038117534,171.3850157357389,167.23889228020008,143.7157033084193,141.66201129858504
1199,39.96666666666667,120.34649100177371,124.57220494928265,72.92322231720703,85.95417700098842,170.65637529635254,166.6606766848445,143.3969674490328,141.3618906095608
1200,40.0,120.60487468464576,124.55247162861619,72.7740317957032,84.64938415557059,169.23658060776322,166.84118002516794,142.37071456591303,140.55443397560575
1201,40.03333333333333,120.45615472522046,124.39641153584157,72.63995399335452,84.72180298306596,169.74953589134336,167.05506828332452,142.29909126694085,140.76511324639526
1202,40.06666666666667,121.44563462888756,125.03005989529173,73.58681049730845,84.9312661980771,169.46794365790203,166.78115734978945,142.19959139098964,140.29980075801555
1203,40.1,120.72508400907097,124.7026994204154,72.531186542482,84.96921910398231,170.53494226830708,166.89720905362452,142.42003433184658,140.34106077652902
1204,40.13333333333333,120.09853351946062,124.69762416939352,73.19905202248049,85.98684658737272,170.18703135362543,166.66481416124205,142.9490100718741,140.10076696288297
1205,40.166666666666664,120.0643105306108,123.72527808688189,73.9449938885358,87.20470099748732,172.41820897346668,167.6185850207251,145.27085421943258,142.2117813679111
1206,40.2,120.503127090278,124.43630713179967,73.87401529684051,85.8268795352948,171.48353831105578,168.23791557224428,144.13351241968354,142.02825444511188
1207,40.233333333333334,120.24226803660011,124.51189911782323,74.64314618377315,86.14868361439603,171.05556151011248,167.93185347103966,144.16812063542184,141.9804774056967
1208,40.266666666666666,119.90327437069048,123.5930629576447,73.76940161044303,85.53142253369528,172.3240695774052,168.3295220447296,144.36996820874177,141.93948696214056
1209,40.3,120.90330584249456,125.58474340548162,76.41917235356371,87.90791495251814,171.10699479644845,167.22598372855555,144.321622579245,141.90224642992268
1210,40.333333333333336,121.1893348918853,125.86308878280833,77.41805292536414,88.16475112882327,171.52828479122928,167.34290508176227,144.63875908500535,142.17972752645125
1211,40.36666666666667,120.24245456682918,126.76193986081243,79.4073180612032,89.18737467905538,170.51090499544964,166.82515517704337,144.34926670439665,141.9853501173834
1212,40.4,125.10975256132657,128.4734379340388,86.01157836826172,92.30034432138073,170.1458679453717,165.70869229375597,144.8507777534506,142.3479606360811
1213,40.43333333333333,129.01262221330296,128.9579731291451,91.1654928587287,92.85114895366505,169.70005738001998,166.07573764861215,144.83764048650238,142.4145501961194
1214,40.46666666666667,130.16284181775737,129.13081212644917,93.47399413290772,94.40155747583111,169.63131020755088,166.33094550021966,145.00443581973843,142.85414971261312
1215,40.5,129.96614198904655,129.5249803688581,95.86249415968562,95.4599741259511,168.62869090953166,166.14209512999875,144.68964791422505,142.73045319717536
1216,40.53333333333333,129.07437645191797,129.70518233113842,96.643343837722,96.24695268380886,168.5625994062456,166.4822320416989,144.49797076312217,142.8747204168776
1217,40.56666666666667,129.26992416199198,128.30819865641652,96.67434063604746,97.06567858850676,169.44830776996858,166.44933220367338,144.14992224636933,143.06741320140452
1218,40.6,126.55664315817403,127.92247903534867,95.88623994659433,97.87750030779253,169.8372200052823,166.05177936157162,144.38407365428293,143.21176789244913
1219,40.63333333333333,130.26930551039467,128.2511526819381,97.51714531725574,98.23360287859487,169.7787810185833,165.8811752347972,144.14315882349976,143.08901765784972
1220,40.666666666666664,129.71206744186514,126.84048752307547,97.4336928453182,98.94637783535869,170.45638343882536,165.0334909725458,142.65704937480194,142.39850798816278
1221,40.7,129.75998424373554,126.70584251233525,100.50140493654924,100.0389255468903,168.36659122716844,164.41523646473956,140.9228021405646,140.9892107826759
1222,40.733333333333334,130.26455108400373,126.94094850360383,102.48650896597324,101.04791736097195,167.7652458314389,164.1233499528794,140.11077284618153,140.38583489985135
1223,40.766666666666666,132.18022504308095,126.58191383105603,106.42823406838976,102.34626760328247,167.6124290685543,165.33257778537424,138.33274588805912,140.5349996154889
1224,40.8,132.81543709365604,126.0128399853421,108.26968937052612,103.86157932967875,168.78348965575984,164.91434851644883,138.43336483500215,140.87707035324664
1225,40.833333333333336,130.7085904379249,123.93155179349789,110.08387544299023,104.79691335788387,169.19189092036603,165.50534150546446,138.13834668907842,141.21211496426983
1226,40.86666666666667,131.23073876895964,122.22803854124741,111.8333592200333,107.57206803194576,170.36335113442587,163.9045203941082,139.11137451952763,141.26133920593884
1227,40.9,129.1603550325836,120.56083272711369,115.01990598964713,109.53924593795946,170.86629467362565,163.4521676988115,139.3808398658597,141.4589236046422
1228,40.93333333333333,130.47635519137137,122.44581132629783,117.3900654203163,111.3656699443592,171.0229386623563,162.3063920016985,140.1370032626456,141.62508510992453
1229,40.96666666666667,130.25192669038952,120.74479662865151,120.24848668450866,112.80004492805416,171.2235457589558,158.9171149268864,140.92531347739404,139.91950746663863
1230,41.0,127.81965854013572,118.58726975774745,123.92243073677798,114.22927358938888,171.32476099816097,160.69063949068192,141.0490328058937,142.04812237766674
1231,41.03333333333333,121.50190918582578,119.50133660381526,126.69069544052141,116.38130960942799,171.11884648178042,160.1112354249543,140.71481085469682,141.82992871621508
1232,41.06666666666667,121.31031144139834,121.15830222058291,129.9217845877535,119.39792991507701,169.5769693802902,159.9650715707872,139.08479890861398,142.01588873075664
1233,41.1,126.39517861982364,126.94721477160736,133.7340058218505,122.82693246043259,168.89822979593367,159.59823181441993,138.85102240308248,142.3067237780122
1234,41.13333333333333,127.75663624084564,125.9400362293361,135.10798893961967,123.93421721019898,168.5954317364364,160.12090916485266,138.45165245668974,142.33550188352456
1235,41.166666666666664,130.86838984394097,126.33394817489875,136.78674295839016,128.1010153106733,168.69213009775257,159.94082574962573,139.5113248578844,142.33776163160235
1236,41.2,134.1186554113383,124.70781249763976,136.04117093417372,128.39807653079404,169.98937072039837,163.42711595693504,139.68563805368117,142.6572076182978
1237,41.233333333333334,134.643726551281,128.1763036626582,138.39909427127773,127.03920305596327,171.3049607684272,164.9585458397521,140.81097267175105,143.0564974817478
1238,41.266666666666666,137.3991238157652,127.94756595989043,140.71083584666766,129.80436189861186,171.94281483390068,164.26429985717596,140.7905491660188,142.61743288584282
1239,41.3,141.49386684823457,129.90247457115186,140.66763870294145,131.46776566279036,173.13821692333048,165.2329030175829,141.00441240986981,143.45854627961586
1240,41.333333333333336,144.0350589334476,131.41261813650686,139.98520763272577,131.64484935487226,173.7227907127852,166.7084161632366,142.22582287031102,144.03876366322189
1241,41.36666666666667,149.32794701438937,133.8921108561985,139.44844567267592,131.06791481579108,174.14235216744132,166.9833072124826,142.32155943770573,143.9575090030851
1242,41.4,150.53624086012329,136.42678304436757,141.74659448153093,132.76982127941878,173.92183835399288,166.65254938109686,142.4985688690715,143.9018531483506
1243,41.43333333333333,153.0650979825935,138.36681611724532,140.94785368500052,133.35206343618594,173.5635610353118,166.8140165607177,142.39569712510666,143.64755651365542
1244,41.46666666666667,155.93468644815434,141.01470976001508,140.5721275174313,135.2386056015267,172.78802702110156,166.3256250946458,141.9917968555782,143.05256185232625
1245,41.5,155.43578564458193,140.96083294720438,142.19048057988292,136.5600643046321,173.2370188901751,166.86839094851075,142.16851401689158,143.5169709590426
1246,41.53333333333333,158.1392348521575,143.51254271308983,140.25464388057463,138.4912550528496,171.0619115843335,166.22752214161628,138.62476824814593,141.74798787553095
1247,41.56666666666667,157.22437093115323,143.73792335620246,147.3436645424103,142.40291267238374,170.42650070754692,168.05675763921218,138.64773398292985,143.42396290917878
1248,41.6,156.38070032883473,140.8195580934522,151.3590041909051,144.956275169671,172.68074618262546,167.43302806616768,140.57324516244108,144.55269137949452
1249,41.63333333333333,157.56906103412047,143.65131948111832,152.5606228797146,146.34375578100028,172.3136257745184,170.43463757922947,140.21269994610097,146.36207595960653
1250,41.666666666666664,156.8364468769983,144.54753978177538,154.34071843733835,147.0539240559745,174.47918640806245,170.85636617605857,141.7004176583216,147.1499440206481
1251,41.7,161.47006812251098,149.17721245069436,157.89982513268095,150.77192008772286,172.81070660605582,170.78913830480633,142.81854295462756,147.49298152577873
1252,41.733333333333334,164.77034829212846,149.8332122017672,157.83573166447735,151.69256635766843,170.84547681067997,170.91974704902645,141.07408251085405,146.6087161969285
1253,41.766666666666666,165.74860276057433,152.58596315248332,160.90921618947706,153.33014178483882,169.66240930174666,170.50856994227345,140.93580349528625,147.29028451123324
1254,41.8,166.6106074125346,155.50111898369298,160.3766880559574,155.25004409180715,168.58158211620494,167.84090145854046,140.39614653077962,146.98961046009168
1255,41.833333333333336,167.15305974066158,157.43369229427591,162.75590589945512,157.0800411102474,167.04367895321897,169.85653419822575,139.3190338607323,147.73702736448118
1256,41.86666666666667,167.93387483332975,160.2857096327957,164.05200657939463,158.4454258584836,164.34867227413616,172.2493878281738,137.44998413013815,149.22315544122782
1257,41.9,167.49286200399837,161.34312037445443,164.02845259928213,160.30334570278274,166.10574688779266,168.23220401088625,137.89005478988977,149.39354627324303
1258,41.93333333333333,168.1136706275872,161.60915427020961,164.07371391167322,160.0257333135354,164.77822142346173,169.94575436215945,136.12594248186852,148.2302099530171
1259,41.96666666666667,168.81032312800517,161.33816050494286,163.9098090676102,159.97082948365443,165.55843891925414,166.66052197707347,137.49188281349512,148.54572695702743
1260,42.0,171.35993367575446,163.44111424446146,162.89872877297438,162.30893622152618,165.374793465172,167.4651474671242,137.7171448047279,146.82964391254256
1261,42.03333333333333,165.63143833446145,163.2288408939917,168.00057003184003,162.35290165714136,166.30500640899973,166.31962820823304,139.99010303400834,147.46968614915133
1262,42.06666666666667,166.7554498226126,163.81264732848683,167.24137594395503,162.76135381994123,168.43708969649322,166.64666864596566,141.23710648076974,147.78187704894938
1263,42.1,166.51412834861662,165.68400289185553,166.38784131499875,164.2828872465375,168.16225105121862,166.4821810077885,140.6159348632743,147.49181310699078
1264,42.13333333333333,167.82908482914414,165.11503917398952,165.94793933790814,164.0331573620777,167.536744141286,166.22274985149699,139.7340155484442,146.80164057501793
1265,42.166666666666664,168.26371898283526,165.92958132734032,166.48707143012527,164.8409432063236,166.36318449200294,166.47755044525445,138.75008488317692,146.77227830361386
1266,42.2,169.05495563285118,164.63744482494934,166.3676365609262,164.30085918793503,166.62386177710894,166.8375056075149,138.91899049557082,146.842618105573
1267,42.233333333333334,163.51220140337452,162.95233601394239,168.06594050074355,164.00233486785555,168.8177012364123,166.48875317196226,140.99586880007382,148.5943022470984
1268,42.266666666666666,162.89575716252332,162.47911890447955,168.07446086122226,163.72004660766584,168.76008400651182,167.1911391678267,140.84823041188952,147.99977644523045
1269,42.3,162.37558443585976,161.82320369228475,168.5755144652086,162.8743085339666,168.31318693390514,167.46338789566926,140.5981072649207,147.8592457986077
1270,42.333333333333336,161.6754378395384,163.47233013038294,168.12641109544202,163.0111972581982,168.27027794508746,167.32285883139284,140.6173679190658,148.02279711449714
1271,42.36666666666667,162.63383032414944,164.19572773038826,167.530500977836,163.2774896675522,169.49225536340882,167.6855001435878,141.05160079531936,148.2450251453457
1272,42.4,168.5184125599825,165.07407447621517,167.77964769132012,163.80621348974384,165.80771222218786,166.8511939464218,140.35186809601097,147.2907548983954
1273,42.43333333333333,164.90901467100264,165.99707834438152,168.8819935832075,164.97829890062545,167.86630305375303,166.73303796414297,141.80639280148722,147.99822974983184
1274,42.46666666666667,165.8050781215185,166.44514754083275,168.1313800937035,164.9295549033313,168.0474231995859,167.00551831646166,141.9808007703734,147.99433153241932
1275,42.5,165.7517694460848,166.99369369488974,168.16461890499085,165.2639973908074,168.1343037303913,167.33958716341522,141.71758875573408,148.43757342646458
1276,42.53333333333333,162.04777983779962,166.6830414790614,169.6586098352164,166.76728973480675,168.91843355509292,165.5773734054143,142.2823864128742,148.15818126737295
1277,42.56666666666667,165.71393303575624,166.95650687143572,169.19414314479585,167.02529761075817,165.47183637560912,165.11823786685528,141.0591605555593,147.73381327446964
1278,42.6,163.303292413416,167.08162050944122,170.0837987685619,167.15271664346795,165.58009673917434,165.39333271202688,141.7533733435473,148.14853760161324
1279,42.63333333333333,164.24844446845444,166.58770683589185,170.01931781535615,166.2822334340524,165.664811670412,165.5685602122198,141.05645719847948,147.70217930348218
1280,42.666666666666664,164.6639409463118,166.389134950167,170.1073490269274,165.71354273143072,165.52172536681525,165.00223302220712,141.1425606423368,147.35476031501912
1281,42.7,164.92836504050564,167.23635161508807,169.91165037285896,166.93259736949807,165.03340909006602,165.53237857170708,140.3596900277057,147.47911415835415
1282,42.733333333333334,162.69030572268838,167.25319497578377,169.79355700649907,166.32866202897773,166.52542779287694,165.6862554199182,141.00118389127095,148.3763512496557
1283,42.766666666666666,163.21294920346463,167.17400791935674,170.00734263680687,166.13007725294932,165.64639938288514,165.14195476419553,140.87043827244142,148.12534186361276
1284,42.8,163.30440753309801,167.12279457346057,170.09423084195302,166.01407451700499,165.72766904978764,165.35824050276167,140.88558532100532,148.02035922409726
1285,42.833333333333336,163.69021053334902,167.8881544286245,170.17790911587701,166.9399264905275,164.83576058415872,164.880632069543,140.9900722746575,147.91256026442818
1286,42.86666666666667,164.06049619158097,167.89049173228375,170.01623386546115,166.48686598288845,165.68035921903552,165.90353581546182,141.40928465758097,147.76485872174163
1287,42.9,164.07988174441718,168.1678700338214,170.0899626470836,166.5564329017288,165.23373548360962,164.6594053480328,140.88618380849982,146.84644064350437
1288,42.93333333333333,161.50636051143732,168.17606660681415,170.6813202148174,166.81540834588188,164.8955155370353,163.73585316377108,140.61202693283997,147.93881029399967
1289,42.96666666666667,159.8080176268033,168.01314219917703,170.90822862163142,166.83159668250127,165.23932107633553,163.0746422140376,141.19342005931972,148.18745736092748
1290,43.0,163.17493132525757,168.62006225971717,170.44018734601661,167.69808305400105,163.80604099362213,162.68629311077032,140.67702136296572,147.52140762351843
1291,43.03333333333333,164.2719479510248,168.41065000005935,170.7619805087202,167.41678422519053,164.55340311323846,165.1430615352503,140.50529847360207,148.3583043159872
1292,43.06666666666667,169.9243818533892,169.02345199538502,168.97405043078624,167.05382502732314,160.4516000886403,164.10683059890394,137.78216486444222,145.61213046080195
1293,43.1,165.66334876753456,169.1804890022452,169.469464270119,165.53217252748428,165.83985638201514,162.92554250695682,138.77952002982403,144.29764013561967
1294,43.13333333333333,164.68644345361736,167.2769671046498,169.6644071817384,163.8196715696996,165.28866701940188,162.0271541282598,138.4873522952577,144.425889754932
1295,43.166666666666664,164.06742150341378,167.687905235158,169.9953403633387,164.9662367365137,164.53212248560138,162.0609445054991,138.3569676670827,144.57085665771464
1296,43.2,163.22561274747505,167.2888332421918,169.64968899458174,164.46123463468518,166.65183026702368,162.92666227688824,140.1089428854667,144.94817853682903
1297,43.233333333333334,165.83102689083412,167.86340539774523,169.5182028684624,165.2247323350977,164.7485179137944,162.83077196435076,138.9074010620961,145.41058280546847
1298,43.266666666666666,159.41320776512146,166.6458843675662,170.25861780398992,164.3019114716317,170.50815353729377,164.4244018011878,142.2157464812518,147.67943236154218
1299,43.3,163.82036022287747,168.0861200739311,170.0051438740076,165.40242639860958,164.11892966361305,163.72879954812836,140.95657831936452,146.68707383015368
1300,43.333333333333336,161.25864048370963,167.6679402904486,169.95877407619315,165.0361041180813,168.85909592396396,164.68587492583106,141.5538294843321,147.29016933861095
1301,43.36666666666667,169.68979415430502,167.5138045895256,167.0746994077448,163.76161796714044,166.40910559207785,167.63103625741343,138.88868428669704,146.85385213007007
1302,43.4,167.97251587360748,167.32691319746633,168.26602493210953,164.5811654024005,167.04293475099595,168.00955139269195,138.97359024816146,148.21416031577806
1303,43.43333333333333,170.15369041629404,166.88347290713423,168.37342258656696,165.01584250543337,163.02148751217769,165.8434756197418,138.8007453386458,146.9391612137905
1304,43.46666666666667,170.26056657647422,166.16331079770578,168.4926482617288,164.57462776762017,163.06234627420156,165.54508621169973,138.6308309618202,147.04305056252272
1305,43.5,171.92306268775792,167.15457947024336,168.00657466669804,166.16461381298535,162.74053786311367,166.47375423742423,138.54011812456957,146.2462353473845
1306,43.53333333333333,164.61851394764346,166.1643822449955,169.44886541914855,164.1473453247575,169.13976030327728,168.79266938287398,141.97846176986351,149.3533319317492
1307,43.56666666666667,171.25312485225737,166.0890250996536,168.51924084940913,165.36450701980402,162.62948585491787,166.09287478220702,138.79445598224794,146.10505670829826
1308,43.6,162.68981764799184,164.4798485173683,169.13876856627996,163.59194223764203,170.00844169297622,167.91985185136863,140.60004373709506,149.2892616295212
1309,43.63333333333333,166.58760876498155,164.9620242868941,169.3038741714533,164.36219608971894,167.31919037456916,167.26801933812365,141.80179816376315,147.48871294136367
1310,43.666666666666664,168.8914358540103,166.65329309335237,168.74703055172156,165.23586821373388,167.38913237683596,167.78578646186216,142.05279355662924,147.5418952367868
1311,43.7,165.06862309410167,165.8725156661598,169.3996462429359,164.5875741311263,168.90521643308378,167.61019299395392,141.67601562645717,147.59330988806522
1312,43.733333333333334,170.54256252957143,167.40794058408108,168.03112970069316,165.82327393237355,164.63520253478214,166.94802813262535,139.23209992848092,146.5696447761837
1313,43.766666666666666,164.29215720201324,166.8607268567355,167.7694711845168,163.62869868604145,168.50544298487156,168.20023858173764,139.4589345381552,148.7250199587611
1314,43.8,168.7388851294531,167.06609888800594,168.40066489994436,164.33989161609267,165.88428267399848,167.7366165438781,138.5904439804955,147.20799148141495
1315,43.833333333333336,162.5952717604572,166.06667469505362,169.43756756415905,163.5169995762956,167.29671963203586,164.83381347114428,138.50399879563403,147.15788148922397
1316,43.86666666666667,164.89056959377208,166.9067280661774,168.7579618683865,165.1046049319087,167.71793710790098,164.16180157450427,139.13675906178358,147.19888994604543
1317,43.9,167.08353566493108,166.8693482512048,169.18625115310152,164.77659626005646,164.75950663355596,164.12299304908177,137.89141114107437,146.3703230835762
1318,43.93333333333333,164.74346552340776,166.88638732032896,169.28788322229204,165.64361823779635,164.56909274504466,162.82847901731992,138.03975527443515,146.23308163097562
1319,43.96666666666667,165.87354995250575,166.0052355430536,169.11422399075832,165.71425370607366,164.6157851775708,164.55176004656835,138.52263704700133,146.482403379261
1320,44.0,162.81986049572785,165.27107673035795,169.15585779314003,165.38458249136755,166.6085206983091,164.52683306131686,140.55743633732425,147.09517536897928
1321,44.03333333333333,163.96128503822695,164.3578797256156,168.82319650374654,165.3518602000942,166.65711102163516,164.5495393587538,140.42032567562126,146.50595888216168
1322,44.06666666666667,164.78962440132236,164.7431370684463,168.62170216112034,164.89860178744033,167.05925905579397,165.98423550317497,140.62550955845342,146.47704507146176
1323,44.1,167.74838634083744,165.3099844170703,168.68039124506674,163.26733623149406,162.56329449783152,164.32869644145327,139.41735335931128,146.10247235431885
1324,44.13333333333333,164.6428768739681,165.47442042233206,169.1841870173005,163.6359429990898,163.4467612682064,164.17999075915162,140.15681799218967,146.23163849882457
1325,44.166666666666664,164.3398216972935,164.84254754440994,169.15887691215042,164.1170548708061,164.32601266799796,165.18390936340384,140.5445521708344,146.66230957643515
1326,44.2,164.27789780747162,165.14985947957015,169.09605399298383,164.65414652926302,165.30329657073779,165.30244586419417,140.95815528872572,146.70645522621552
1327,44.233333333333334,168.5544426962035,166.2582244561704,169.9285609951929,165.59721222111395,159.61731636789227,163.38128826210533,138.45703746490625,145.2361692947542
1328,44.266666666666666,165.1605872603803,165.93635720529716,169.22778993475353,165.10283789033622,163.75268569808568,163.85598534778978,139.68742993240795,146.0453107408418
1329,44.3,168.10413635071941,165.47123148841692,169.11792887742138,165.5139854558905,163.36971119769873,164.94116063043847,140.3571031311261,145.96924586322018
1330,44.333333333333336,167.30395610718554,165.18075711548914,169.14823467124918,164.6913813586325,163.6355014143892,164.8216711629019,140.60034538757503,146.09864192410706
1331,44.36666666666667,166.8118320981436,166.5924272787219,169.02191497929897,165.36243597107295,162.35973620078227,164.13786690005472,140.44499502002137,146.103538399099
1332,44.4,162.96931126445736,166.57258657409807,169.37317727565303,165.5176655407312,165.85493519836513,164.73298630804442,141.43883794786296,147.76437644895515
1333,44.43333333333333,164.95158864373926,166.09898275181988,168.93136548269467,165.4514569034401,165.87316594328874,164.91444819941967,141.87572642895776,146.9656456197363
1334,44.46666666666667,165.17816497118005,164.65266440725705,168.9344034619373,164.92003454505883,166.91315799669704,165.47351257885887,142.06528164062647,147.1799651375282
1335,44.5,164.63383254426415,164.36416517377376,168.93655919394917,164.36482556975957,167.36118252615236,165.5675727228477,141.20786285351778,147.2611411229399
1336,44.53333333333333,164.75070931583417,164.3141996925412,168.04314145784463,164.1014954699448,169.6061818427369,166.83989100195822,142.52735777717015,147.40012615122197
1337,44.56666666666667,161.57171943751965,165.6292873986501,169.23338386949604,165.13638389185607,169.32953955180102,167.6481555139408,142.6725275883547,148.18452628109694
1338,44.6,166.8392575397315,167.62424923850833,170.55435547522112,167.6262654431327,160.952305736216,163.6373137555264,141.3742231950193,146.64442414231732
1339,44.63333333333333,164.57229663577368,166.60655044534036,169.6403795470944,166.3473168218464,166.3070063315876,164.74246407867236,141.7148342647845,147.34704777333928
1340,44.666666666666664,170.94219380090016,166.81637906346623,168.77456558004073,167.15363972649882,161.54723299186782,164.45974691664966,139.27605028649273,145.95748606139577
1341,44.7,167.69437507862347,166.60263404109648,169.84204012929538,166.45372936231885,165.3992122065897,165.5202638430366,139.674567945614,146.8731437155304
1342,44.733333333333334,168.776698758403,166.58791224300296,169.55466715953875,167.03817778362603,164.03570197631072,165.07559568994967,139.58951628150677,146.55745769865823
1343,44.766666666666666,164.37502848350354,166.71824529964115,169.70780828061808,166.09036191183088,168.42251117096282,166.16205043430202,141.1464558643581,148.2441858689936
1344,44.8,164.8243915041285,166.97626813555436,169.30377103580568,164.69224810513265,165.68397310979813,164.84891016591789,141.65620681713625,147.61852571561337
1345,44.833333333333336,166.07097607091058,166.3282568019536,169.57482755018347,164.59792927458793,166.25910208380043,165.86242202859265,141.31939240586243,147.63851400372278
1346,44.86666666666667,166.24304258233056,166.2879933874802,169.4778447089318,164.34047462772924,165.88549413221213,166.15630790788296,140.7047931404995,147.4130696056754
1347,44.9,168.84621981230774,166.71086116610851,169.85161788894158,165.59627011638767,162.5240610035913,165.15749773685366,140.27626791930368,146.05093048131354
1348,44.93333333333333,166.80770373340735,166.14833311074437,170.16850476078457,165.45165895793414,164.29606741199925,164.70669173584133,139.9440876792241,146.87422118324403
1349,44.96666666666667,168.20108492144377,167.11929129268708,170.00035608528222,166.10569440674553,162.27090922402004,164.17761673061983,139.36443723065858,146.54880036537085
1350,45.0,166.67354052084093,167.194643989941,170.41169519774897,165.62570980051188,163.02066492918794,164.087124309357,139.987750689512,146.84972876588913
1351,45.03333333333333,167.08510153272968,167.4418040887532,170.1815124834738,165.855017163851,162.75519155122805,163.96648126379952,139.78363977102939,146.72268467347382
1352,45.06666666666667,167.0801971637346,167.81473983695005,170.265003491021,166.0847275696714,162.17370958674672,163.75027429677047,139.3839305039139,146.9192431890249
1353,45.1,167.17036515261788,167.92094198722762,170.74378091454872,166.97830182280447,160.67688330807013,163.30466667147098,140.24230710650215,146.64943073386644
1354,45.13333333333333,168.12800711565566,167.69117058385223,170.52177396081112,166.1924643907564,162.86727546114545,163.623199881922,140.09549987426428,146.8203266845631
1355,45.166666666666664,164.00994406324153,167.19011929033698,170.83440135472418,166.40344086261825,164.2340016462243,162.69741578920178,141.79197870293555,147.3024851427217
1356,45.2,166.53122795175466,167.79706360373208,170.37141088006427,168.04580710991502,163.78494109248155,164.68303416416916,141.33264959844857,147.06212301567106
1357,45.233333333333334,168.20913563055234,167.29755974516846,170.32175036435473,166.7393896341798,164.91141318661198,166.38211726181416,140.27958503129815,147.32664615630006
1358,45.266666666666666,166.4071706485809,167.5273014983552,170.37022555591045,167.01604618817817,165.51175652195406,166.19751817405748,141.00637364440814,147.760338973552
1359,45.3,164.467189439628,167.61670019909386,170.46688095892443,166.60889448926062,165.25894847732465,165.6680259234866,141.03138105637615,147.99973726323245
1360,45.333333333333336,165.52051078174844,167.76957169291643,170.43565100196264,166.66686369004944,165.38822625549093,165.66847627991433,141.10267122440428,147.74406358726117
1361,45.36666666666667,167.44706003390527,167.8952128862725,170.38743982115267,167.02767503845155,163.83674573902593,165.13094008325774,140.49151431013883,146.77003020920773
1362,45.4,167.22634054418364,167.4325932070247,170.44138943186823,166.39054067238033,164.31468697212958,165.9640428468459,140.71598907470155,147.16919837061118
1363,45.43333333333333,169.13280166272492,167.23692468657472,169.94698697590482,166.6182460257506,162.1638233719028,164.34835557105785,140.0013320363374,146.14667457758054
1364,45.46666666666667,166.698699716924,166.40848203628545,170.63463759033158,165.9680502258469,164.0607938857717,164.52937652571205,140.48920265847127,146.29600459151393
1365,45.5,170.1534780677049,166.9283129702802,170.07132516506655,166.30993676096296,160.66554246980206,163.17994012058338,138.00439908222467,144.89851416298484
1366,45.53333333333333,162.85813210963124,165.93832815178985,171.12311191871507,165.25002116259716,167.12899229300126,165.5523991376091,140.54542621295678,148.08271208857192
1367,45.56666666666667,168.2086306404139,166.14511046306993,170.67621853410893,165.9256707313789,164.25776559607334,164.74549381464135,141.73571828554515,146.35912475076637
1368,45.6,166.97252359038322,166.52271415780882,170.28377460193582,165.52657964349712,163.11242348771194,163.92474911844226,140.6755865583809,146.0060013574458
1369,45.63333333333333,165.24728205312945,166.58656353741324,170.1560461040818,165.27873837582595,164.49743416602968,163.47426846249158,140.76290627115432,145.787349721643
1370,45.666666666666664,167.0723914133844,165.6531505247308,170.31609126676742,165.1799663731632,164.20536210360802,163.906322522823,141.03524270607937,145.43843740085632
1371,45.7,167.1852931405774,166.31134388746557,170.23242375617656,165.63111061611215,163.8155402851234,163.77540297905526,140.380467147107,145.2819417114373
1372,45.733333333333334,166.27125796420137,166.17874431146058,170.72395747169446,165.47137772357505,163.90555918290156,163.79146903139718,140.15774273457194,145.77946992758842
1373,45.766666666666666,166.8369413906846,166.74414671075755,170.56245427249823,166.50226158401756,164.84594714883883,166.8959706060366,140.75120665121682,146.89992229774285
1374,45.8,167.1847188167449,167.24480488957113,170.65603640444974,166.1044591804045,162.95237972821567,165.63752001610877,139.48790097569315,147.08445555543383
1375,45.833333333333336,166.6092262447572,167.2539296506983,170.55687067091608,165.7625401024673,163.09487816003707,164.76903761244105,139.38977539741637,146.676257802961
1376,45.86666666666667,167.31077298929418,166.60778531038537,169.94078558438432,165.03114577727828,164.07291365185162,164.89729707565485,137.8627494112038,146.50306470615595
1377,45.9,170.70790625131195,166.05648883127873,169.00352698545456,165.49828770750906,164.29381568856647,165.75770569632908,138.5088248889479,145.42116760014534
1378,45.93333333333333,170.5874519812182,165.3325382214241,169.2450547981411,163.7274039076752,165.34053948210632,166.98800453546414,138.1144788672186,146.2929077503403
1379,45.96666666666667,172.9084115565969,164.72861109776872,168.06748909772162,164.90850710740597,165.80184379575786,167.37671927870727,139.56044766623447,145.49011910915019
1380,46.0,169.53804352964022,165.76289335878582,168.44097327057113,165.17782283768338,167.44957186406347,167.9730393072295,139.46581818047719,146.59941467943437
1381,46.03333333333333,171.52421224987106,165.13988080980627,168.0516384694701,164.81461854898407,166.92294234035242,167.71482260022728,139.1059172463675,146.10057740951754
1382,46.06666666666667,170.13086591335727,164.7862038410415,167.36895081905135,164.55391060573714,167.81930983886895,167.75124527354416,139.41397072561793,146.02818438442722
1383,46.1,171.10113206637365,164.2195008120766,166.68219260304653,163.96157473988052,167.4671514718522,167.6839443119854,139.13789787070849,145.72022612345893
1384,46.13333333333333,170.4732546400358,163.2008023305895,166.6879115314297,163.62577897495868,167.37987446489146,167.88477915231715,139.16050009976442,146.23310783809455
1385,46.166666666666664,172.02429575279444,163.1202973536726,164.85807022932,162.92266078224097,167.10778444459334,168.92236282267362,139.34054412854587,146.8454453464695
1386,46.2,168.1134584863856,161.70074116229227,165.4321968077286,160.63326034504172,168.98787768697443,168.30896906664992,138.85669837772974,147.75800792980687
1387,46.233333333333334,168.93827111167658,161.79155582814113,165.82149401538987,160.7332464518767,168.08517008480914,168.214106055896,139.1450978134534,147.52438576284214
1388,46.266666666666666,168.6982603706234,161.4667112643564,166.39870101265538,160.57911492344726,167.84097787110724,168.20696151886608,140.62567415606964,147.9211925097391
1389,46.3,168.71716598841374,161.49879444151728,165.87745783314284,159.8844972462859,167.82640225055746,168.30733610347852,140.1005602991892,147.8049795207415
1390,46.333333333333336,169.12995814755828,161.31974310081029,166.2527495022455,160.36796529038722,168.60271620945895,169.05460560125496,140.89823150827206,148.2926199135564
1391,46.36666666666667,171.09479747252905,163.21994434910948,165.08449898574375,161.16529509542642,167.35627288280546,168.9178099828193,139.43192939147764,147.74639866968914
1392,46.4,171.17388740459012,164.03503699938665,165.21409124796864,160.78831266948973,165.9444538199321,168.64650223480007,138.42353482318993,147.49489030088915
1393,46.43333333333333,170.51958091771968,164.1607133785564,166.42071268890172,162.20736049323193,166.02564791767898,168.3558553284852,138.9247324344793,147.72492912404348
1394,46.46666666666667,172.62679358466602,165.0849009487456,166.402054080188,163.3136580310532,165.02624347663465,167.8724779725972,139.53943420137358,146.16375771061277
1395,46.5,168.59618054891322,164.73131476475396,167.28360428917495,162.4294388236531,167.5601298730546,165.56467787077813,138.20356885061267,144.70871586381128
1396,46.53333333333333,169.57033803416627,165.98293985826805,167.376260597331,163.78764290270422,165.77499777733718,164.9369829395526,138.68379835685624,143.9489115325562
1397,46.56666666666667,170.45928842057504,166.56039026292493,169.4142801009076,165.84614492613872,162.88273333498472,164.55007450129997,138.13145682755126,143.9301689989353
1398,46.6,168.51257726259584,166.44304472472328,170.14385834146802,165.89489221895278,162.851051172527,164.8056478640088,138.11107935487996,144.4301646060765
1399,46.63333333333333,168.53075869342157,166.49403302740498,169.49497549560436,165.678246466408,163.47929389919446,165.2188764441442,137.99888007739747,144.73801997847076
1400,46.666666666666664,165.51207804155976,166.06945893837448,169.949747881272,165.8616147951291,163.64423717985804,163.74076311275616,137.6769707524239,145.2511342693305
1401,46.7,166.82703294545,164.80567458663646,169.39649998108916,164.44126078344289,165.15780406944137,165.8629787787018,139.01766387528355,146.4546423727009
1402,46.733333333333334,168.80909564022295,164.91306933123428,169.00214615322727,163.87580234254028,164.38235589365507,165.81368310012533,138.62427726309556,146.470835785972
1403,46.766666666666666,168.25081043092726,165.10008428595137,169.08551920193145,164.04843389806146,164.7735326091986,165.51538034432923,138.68912792949038,146.39722720035377
1404,46.8,169.25476544101278,165.16211726449927,168.55867179358725,163.70777542438915,164.91931776630096,165.76103938212637,139.07275197405818,145.93815988476152
1405,46.833333333333336,167.7627450343411,165.20522133796192,168.71280238952752,163.7678174918433,165.59936731731517,166.05503224283459,139.09948232886083,146.62285970823518
1406,46.86666666666667,167.05956609022067,165.95054903907547,168.72649307010334,164.91161944318233,165.1564742850983,165.47433730212595,138.86339462004622,146.6512191569006
1407,46.9,167.74244452892134,166.3982294194356,168.48220648615217,165.4786440748166,164.8679186621939,165.67630245013194,139.01906285621803,146.59180949183207
1408,46.93333333333333,168.9919267739573,166.3832638105207,168.8102281200547,165.55751344869108,164.00962263878253,165.46682491106273,138.8200230045132,146.3445263115226
1409,46.96666666666667,168.07411627617344,164.5008986948395,168.71950009956367,163.50415861476867,164.1270566578703,164.68157727166638,138.3043699621164,146.2186021531513
1410,47.0,168.07746886031305,164.24894112392968,168.72119512044924,163.97039598563242,164.0847592166027,164.63187100208103,138.2914861114137,146.2585236173836
1411,47.03333333333333,172.43041870239486,165.9749774764655,167.78815801293445,165.14451067019752,161.68480196525465,165.11154974556197,137.22404930132217,145.25822688390477
1412,47.06666666666667,169.4287538591524,165.34529831469035,168.80352754226877,164.28394529799593,163.56683562167203,164.87523773762564,137.49338965356318,145.5458604408171
1413,47.1,170.66031559723925,166.1232972906061,168.96342699885543,165.50050905885607,162.98288453410447,165.5907844848784,138.53114128195585,145.6074650885578
1414,47.13333333333333,170.798010501128,165.0506344452689,168.51530071097085,164.67428907835955,164.54396374398178,165.81418208541854,138.72898169864197,145.61927337120883
1415,47.166666666666664,169.92208919110908,164.8895775398412,168.65899085563794,165.14169751936774,165.31030291580197,165.77380552650308,138.61445954225505,145.7341458929016
1416,47.2,169.7271776697483,165.8221365949677,168.35880903602754,165.29644553844827,165.09920442089637,166.15271885458571,139.0575068355536,145.86351353937644
1417,47.233333333333334,172.67682687037086,167.02241096756137,167.9945388942115,165.94502059803625,163.8384098356165,166.7537634045216,139.68836763568865,145.95281674257066
1418,47.266666666666666,167.56595999269493,164.1398676736286,168.1363817202642,162.45560569755574,166.5693854794639,166.20013276682795,139.9152805277955,146.67937081193136
1419,47.3,168.16232758567364,164.25013177528828,168.62330669990754,163.82169070636658,164.9371971129226,165.05644179654203,139.64949422275905,146.4257121327625
1420,47.333333333333336,164.60887582508505,162.72775047031726,169.26615248973633,163.63759538115252,167.66588482048638,165.23731892813268,141.52544980268482,147.18682147001786
1421,47.36666666666667,166.7180376957196,162.48967484382845,166.5403353163348,162.34617606614452,169.8845496093219,165.88838148701225,141.5870855148162,146.95161411448092
1422,47.4,167.8019581370738,162.7218782747142,167.2317907416555,162.74617210095093,168.63823503157877,165.83998667692924,141.7816222638812,146.8472048303612
1423,47.43333333333333,168.75967227326964,161.86930107543998,165.57608465331018,159.9333606160387,169.14318014961464,167.76491068890098,141.54638497255303,147.3283570063375
1424,47.46666666666667,170.7097759378204,162.6432602140674,166.5735539249869,160.8893107223726,164.52423964126206,166.96755091304703,139.89609382667714,146.03322184549418
1425,47.5,169.9497469237109,164.112292061211,167.98029758274689,161.84333812662553,164.0022858073986,167.10238366502006,139.3273279846462,146.53344203612016
1426,47.53333333333333,168.91637457544707,164.8362476319417,168.3983070190317,163.20449754991415,163.75075395203538,166.01861588343198,139.21752082703955,146.23742000816512
1427,47.56666666666667,163.7004088772196,163.69276072879043,168.71221374939662,162.58118867773,168.40396655085326,165.58566779058341,140.93068078707412,147.25066999513382
1428,47.6,165.63022496227245,162.14052576570373,165.90383907006412,159.80668812811433,170.86912594964463,166.96630219894467,141.18419649600693,147.5050652822933
1429,47.63333333333333,162.43173211592634,161.24632304811047,166.56988407190534,160.3752961629408,170.48329255177472,166.45896699228453,141.41893218319677,146.89737712780433
1430,47.666666666666664,170.05653682686028,162.1886389478806,166.4128959800378,161.56462140206483,163.40915560023845,165.02257820960506,138.5444264886583,145.01306411847656
1431,47.7,168.9732722570711,165.51009816818768,168.12975925807936,163.86045322008897,163.49805507226026,165.18236647407673,139.49241134147385,145.72348433919404
1432,47.733333333333334,170.03053442010787,165.669831888709,168.49913156174563,164.5134860236361,162.09667391855265,164.52591449012422,139.40369074613324,145.05724677367766
1433,47.766666666666666,168.5656269519231,166.15167142001002,168.73479203142898,164.4863579132641,163.42831336495192,165.45536248565188,139.2938562966441,145.9561778143912
1434,47.8,169.3028804210471,165.10935605745703,168.69356630352667,164.12673780594568,163.6182452982991,165.04691112804002,139.19006104490185,145.71857955073483
1435,47.833333333333336,164.84993618045453,165.1457898834693,168.50140638385687,164.0904462501477,166.6544977606045,164.09451078255194,141.522099318794,146.40551013674187
1436,47.86666666666667,164.69940235895004,164.51073584963362,167.88819854255752,163.7596177529445,169.77500338699244,164.81944162610742,143.2930279121943,146.76885172841116
1437,47.9,167.12938725854693,162.005665035346,167.5470508341493,162.21030766747944,169.09130737232306,165.32978121304708,143.61457351072855,146.76620608424366
1438,47.93333333333333,165.15329005357944,162.58316221986962,168.36883707905662,161.23882910875105,168.96350581445213,167.93072826333636,142.728234857061,147.27156161720185
1439,47.96666666666667,170.8112947552623,163.2434671501624,168.1086490943363,162.22528599772076,163.8646258557224,166.7311948870996,140.17824963304716,146.20225850595617
1440,48.0,169.90353669723996,164.06933147242182,168.8329374716122,161.50695332611218,163.81685135514954,166.89335218999568,139.13748310931132,146.24719197434766
1441,48.03333333333333,172.02901643992257,164.56792500388508,168.7662251478543,163.178954775424,162.92185389502268,167.11924913988557,137.8904079461345,146.00062656691017
1442,48.06666666666667,170.2256110411773,165.4245670111055,169.1207507039266,162.97417562405278,163.35680030988618,166.96804587724915,137.88846786326914,145.8340032433202
1443,48.1,170.4409857803839,164.78727810874938,168.43926968627787,162.92704472287676,163.51554435512907,166.84588307544584,137.45604935345327,145.79410086564437
1444,48.13333333333333,169.51815080479582,165.39373977771362,168.95480683615673,162.62586260793466,163.38318398960166,166.07534654423475,137.85798972586028,145.57011557317375
1445,48.166666666666664,168.9707384771179,165.2915018715789,168.80639418456553,162.64824079454422,165.54378697358487,166.52677676855146,139.29501144766704,145.74755160482312
1446,48.2,171.40693330799377,165.6079655573517,167.96550667299005,163.73305778855735,164.85969737053543,167.2430660174698,139.1014931979675,145.82951667945184
1447,48.233333333333334,168.75735802498204,165.49647875323208,167.4179341125251,162.7548862113508,167.18045740038664,167.93001151462508,138.94918014952032,147.05025691638033
1448,48.266666666666666,172.95509338419512,166.16695812353453,168.30824047178348,163.8676114380663,163.3289165182038,166.929099157084,138.2024559263719,145.58556492361447
1449,48.3,168.58907533282968,163.9980986416339,168.07907249867577,161.67792679600322,166.67251115622292,167.71904912592464,138.30931195383477,146.98537270078066
1450,48.333333333333336,172.67674961629504,164.67070876891785,168.27497361347395,163.58735425972114,163.8432526134014,167.47864774810435,138.03664502870967,145.68882274465682
1451,48.36666666666667,169.2020386177728,163.21281726774689,167.8996822039737,161.41323099671843,166.43933077645968,168.17626056482058,138.3699679553276,146.7217717046009
1452,48.4,170.85473983321916,163.82407422662712,169.52388014845377,163.169807391034,162.6358998337684,166.87153243223196,137.94209621442485,146.27600816515118
1453,48.43333333333333,169.29059467547643,163.74031617793236,169.2153434904245,163.07117001151067,165.1876392188028,167.53125521352086,138.402534384094,147.2224622908322
1454,48.46666666666667,169.49534144978364,163.98246224557099,168.61858868384195,162.8784968274016,163.92085295504273,166.22178402170027,138.28952966458635,146.7518869813216
1455,48.5,167.65126372661712,164.50667619975678,168.68868372307944,162.52961649710076,165.4548588371584,166.63218911983404,139.20552399649594,147.23971973021278
1456,48.53333333333333,167.01548968397543,164.42452768604903,169.79711142163674,164.18405793209075,164.60814814717293,165.4635534198028,139.09580753736802,146.79540280381136
1457,48.56666666666667,166.32276460600028,164.69842958202116,169.51224232811904,164.1872930262969,165.2684793143546,164.8715690419347,140.45484235257197,146.6319641839043
1458,48.6,167.25885212557688,163.99701593472432,169.11863080272687,163.33359514266604,165.07575916734444,165.66634426759168,139.8006662126931,146.36119016712004
1459,48.63333333333333,165.6783199680334,163.96374283343866,169.41058649623596,163.14990343709678,166.59122446863012,166.2734375359166,139.7552083903705,147.35806891742044
1460,48.666666666666664,167.7005921467753,164.10181656130712,168.91232835396926,163.83021217041005,166.4950585494984,166.7866545322912,139.86112174382936,147.12787855889832
1461,48.7,166.4020368045313,162.73225497259008,168.27794790483932,161.29349440339573,168.09504489084583,166.85770183681396,140.06987512999078,147.59826927587497
1462,48.733333333333334,167.42734277383087,161.60416418745103,168.00300266090287,160.548561975239,167.25215417898417,167.21415116334836,138.98927506167772,147.4308238083461
1463,48.766666666666666,167.82129768013525,162.29378745965934,167.10783128972955,161.06513130921036,166.80979028770702,167.3246249617698,139.38675984854663,147.15624229061032
1464,48.8,167.47661911746548,159.97331831335458,166.59038344242634,159.47133774071523,167.93583112963458,167.560379401594,138.0446592001763,147.10907103628583
1465,48.833333333333336,166.976656228328,158.45778489582315,164.61829816518684,158.83847257747712,170.00485455965114,168.16922430662586,140.03593212445793,147.6997079056548
1466,48.86666666666667,165.6283806545955,156.63899716632196,164.6784068404553,157.83390300366108,172.02250713338728,169.10947696707876,140.75440009211914,148.4313065389614
1467,48.9,166.04813982516225,154.95645908291118,163.58210871863247,157.2789979594944,172.2708532641895,169.30159042251182,141.28340746372263,148.4911744258141
1468,48.93333333333333,164.66111230422447,154.0958369922352,162.88959451238816,155.06816291105145,172.24059579382046,166.88487105930213,140.3801967527821,148.05190021683953
1469,48.96666666666667,166.808131251834,153.65435882462143,161.9524000854514,153.96981575681124,171.22854190689347,167.77255401454204,140.08083011583093,148.10597120820864
1470,49.0,166.9538689766686,153.5170468025747,160.2917459638192,152.40556430033251,171.9372962842631,168.62250980165797,140.00296595000745,147.82928539578128
1471,49.03333333333333,167.83863962681397,153.3311515059255,158.32794035499515,150.43393788915074,172.2897943550193,171.24734228764603,140.78358755198525,148.16679066596274
1472,49.06666666666667,167.12982195233784,153.36592317873698,158.0839045985885,152.40922073470045,172.3992938548807,172.59205617271056,140.47332927477675,149.2264891638675
1473,49.1,166.03468805271027,153.1010128847038,157.31139917231417,152.02529441677103,173.89552980346232,172.7047264531236,141.79617085566997,150.46238352404498
1474,49.13333333333333,166.22195052966688,153.13698270459483,156.68743451353407,151.86484108816194,173.4597611101471,173.3757910831806,141.88041078324628,150.4969574852002
1475,49.166666666666664,165.45749611583716,150.9794794447385,157.09844802419494,151.5715046843936,174.08868999480984,173.17490544103453,143.45533268157067,150.52058396984958
1476,49.2,163.08436858678064,150.6739815438678,157.41465447824194,151.42089746667423,174.55121785641418,173.84334262668636,144.58577596159793,151.69321819353794
1477,49.233333333333334,161.18321327401608,149.72981683590518,155.79510390053548,150.80705953201377,174.58501344838805,172.34167495392225,144.28199205076092,151.38318597793588
1478,49.266666666666666,161.3730569043538,149.01172333749489,154.42416474569816,149.99898618662863,174.42560696326186,173.56047645264832,145.149555812978,150.8743073119252
1479,49.3,157.5055119553365,142.99415610786943,154.6080460233893,147.51383661070997,173.3242257371617,173.3861011333379,145.55987415685505,150.6390865664419
1480,49.333333333333336,154.03163577767458,143.28328375255126,154.2297705292791,149.38732267344696,173.8242529227428,172.07514360378534,146.31550590487032,151.04563722409102
1481,49.36666666666667,156.03678975578646,141.96142350237307,153.65492287392794,148.9813446026033,174.2284659103494,172.11933869017628,145.74920692877444,150.83647282830827
1482,49.4,154.80886098285475,142.80538747209073,153.43856418955616,149.78608322665016,174.16583028985622,171.70610243895516,146.48881476523906,150.35410923158503
1483,49.43333333333333,153.3106897655854,141.2410964435511,148.28029480139907,149.0646676092041,173.917948477097,170.07556853815657,145.96448573110476,148.46370730447205
1484,49.46666666666667,149.01154645507592,142.05498118222974,148.0711122310497,148.50457964853453,173.92927747210186,168.16331430948256,146.15187901725517,148.22662511639638
1485,49.5,148.3941949376401,142.2610081906649,143.7021049593729,148.33263485172745,173.5647083900952,168.51193796234705,145.56331641338113,148.27323819612675
1486,49.53333333333333,147.60908358279787,141.0298389056747,142.94179325095544,148.5104851875902,173.2031625449879,168.20460700467828,146.66116663771425,147.98411608576538
1487,49.56666666666667,143.96847824939368,137.90713147792178,144.34665857516515,147.69720881651244,172.3967705692267,168.0859340766355,146.25613735367003,148.08294678179664
1488,49.6,143.0316789508698,136.01410512062316,143.83028777680843,146.1587392055465,172.19930623223397,168.10649164001657,146.7207280827928,148.5239281515073
1489,49.63333333333333,142.1038204271417,134.39746819428404,140.4306555203836,143.33794896634797,172.65472464382606,170.07530315387186,146.79874900058488,148.4368867704036
1490,49.666666666666664,140.70875095534862,135.33837710342226,138.35075640861297,140.35597730696549,172.90029866799853,170.93439110936885,145.9231751734895,148.5278565172365
1491,49.7,138.2902115176911,135.28693171914705,136.76908867679631,140.0894119955284,173.6329228923275,170.78909754604248,144.731256690471,148.24416958098325
1492,49.733333333333334,139.53826253547678,134.44448012278124,131.32620764083256,142.3635407492929,173.8638533695158,170.1666562648608,144.46575178407682,148.8419992972697
1493,49.766666666666666,142.3833651817351,138.9119347097587,126.70871154811834,138.25330968763885,174.24455234448743,167.28454500403882,141.37013898229046,144.11765440227882
1494,49.8,137.52226006697015,135.79368000442872,127.47869732001675,136.38481482237674,174.40738915762637,167.0311675263134,143.03908905823278,145.59809488635528
1495,49.833333333333336,135.98608851038077,133.8397610987475,126.69945803013843,133.50535417997654,174.46796912577426,168.35860963336907,143.0184562860115,146.08987641621138
1496,49.86666666666667,133.874108046796,135.90628966845998,122.83259334990889,129.40844974840655,174.45381197839214,168.0219860626586,142.82890375183692,145.600082867951
1497,49.9,135.74974877150686,135.32196565400048,117.80774402183589,127.5824369991999,174.47468044320573,166.4814923846685,142.40840167132535,143.93020983428752
1498,49.93333333333333,132.17803499323443,137.15462216375036,114.59555940535998,123.2431759017316,174.30927143917654,165.6093115641874,142.5201216664781,143.11154031859596
1499,49.96666666666667,124.63429050977737,134.1977175513943,113.63518805446729,123.48374192541179,174.5491135747242,165.83022491512963,143.59454445729276,143.81140406222323
1500,50.0,130.54881136083802,132.4575281704207,113.56635141996667,123.86355123834308,173.9275268605756,164.41159517713035,144.08563864260864,142.05099856454862
1501,50.03333333333333,137.00223887515656,138.70535328597623,109.82530858751154,124.62303778453054,173.92445648658926,164.03848557699436,144.58467744054153,141.10799327693923
1502,50.06666666666667,137.66947486224828,139.81299665482868,108.78081210171113,124.81109205286079,172.61915663083943,163.42556351783998,144.6988309292492,140.57837299406694
1503,50.1,138.88302951016166,139.68471497503276,105.85298000582397,119.36555244593588,173.40166688880862,164.4805650245745,145.17206636725382,140.8840572536433
1504,50.13333333333333,136.87174451476437,134.94873397778545,104.95632768050754,115.65699864398853,173.0234984538922,164.96238661835056,145.48711816819386,141.57374145649982
1505,50.166666666666664,134.95872751400046,133.15062746299367,103.83414690375861,115.35701254695701,172.6044536088319,165.52424936793142,145.35903275526294,141.99259403260436
1506,50.2,133.74738954747846,136.713317015352,100.96399177394913,111.95765670647894,173.92090640015246,168.39063338569446,145.88082816869004,142.67950945157642
1507,50.233333333333334,134.4360030576278,137.50890107788274,99.70332139838497,110.33704561264733,174.03774638041364,168.38694830156282,146.4492460446111,142.81294857462015
1508,50.266666666666666,130.4040340491751,135.534140343967,97.0784706133966,109.49513620546816,174.08039728555167,168.31043193180665,146.74116951125134,142.75880047080176
1509,50.3,129.99954529093165,134.02705283170343,93.80852758084153,106.59198900897289,174.31304160782648,167.34069101314088,147.44334578229711,142.4541172487864
1510,50.333333333333336,129.52795531679342,131.31577995410177,92.28891764482223,106.5295400866735,174.23203797593007,167.87221496269072,148.93446108414815,144.51059755403608
1511,50.36666666666667,128.33862473180642,132.85602956275667,90.54139318809374,104.10810562328312,174.1657608285895,169.77530631298953,147.9886241075178,143.96508429984604
1512,50.4,127.95846358874984,133.06212874889658,90.81461494102884,104.13849543865362,174.06327551686368,169.5917271076962,147.48220431044297,144.0686910430544
1513,50.43333333333333,126.49854716074022,133.02303055089624,89.17582873447428,103.49946130439376,174.06412689337003,169.7223525298685,147.4693861424553,144.05662184441698
1514,50.46666666666667,125.54000209303277,131.63878385576362,89.11798715033889,102.94288236064554,174.20965870844512,170.4182532188141,147.29384851371145,144.44842399377154
1515,50.5,124.83651040893182,131.88196774802663,88.52475587857603,103.20771213140776,174.22284729915634,170.4352879209864,147.15958132142893,144.61696499908808
1516,50.53333333333333,123.96941533753603,131.64002081945543,87.4439084712311,102.74853745670026,174.38064937454956,170.52031065261164,146.85252383004104,144.88551289881488
1517,50.56666666666667,122.04954333908745,131.43069231624338,86.64434809623272,102.52391908389012,174.01675263044572,169.40905494516406,146.05968163036687,144.48151950677794
1518,50.6,122.2909268987624,130.90164370786172,86.52398423853987,102.34456662421914,173.9202520270772,169.25575658033682,145.76807030608728,144.20084927777245
1519,50.63333333333333,122.48587379128934,130.86429111237354,86.40161882461325,101.88765118320758,173.99055195721297,169.12089786354397,146.03598179951683,144.34534416982737
1520,50.666666666666664,121.61710430427387,130.58523212957832,85.59544542175209,101.30377435326085,173.8223802802827,168.18150055228472,145.6746828362649,143.73169088015595
1521,50.7,121.50746684586677,130.00817410164544,84.97729136153224,100.52440769437852,174.03087082352675,168.69520748407945,145.63063036817024,143.9229952441924
1522,50.733333333333334,119.03425868761467,130.15453360588612,85.43964890268302,101.96035321583598,173.2029463898415,167.7343666523595,144.99118564073487,142.8197663390094
1523,50.766666666666666,118.98566861214586,129.83318942020114,85.52629465290077,102.17639441503194,173.09524319024288,167.37408324246803,144.7282154190207,142.4036546116414
1524,50.8,117.562601060772,129.14259894675288,85.26765925559756,102.61967303448546,173.09468417021947,166.7162652018382,144.9191659703267,142.26968990820984
1525,50.833333333333336,116.0836533799047,128.90830206369128,83.58278247237726,102.4266261195925,173.1060698541998,166.71921455219697,144.9276903090107,142.33163898333268
1526,50.86666666666667,116.99427202246405,129.93339173271633,83.70022780452211,102.27540256569473,173.60571552325945,167.4494031877921,145.59181564562076,142.34589335678174
1527,50.9,114.95794435104402,130.27678563126673,82.3902760134559,101.68072977681804,173.55194949717583,167.86026439730543,145.22808418439396,142.44405361067328
1528,50.93333333333333,118.24426637501713,130.2615346638573,83.30312896835176,101.4931637427886,173.91418317725763,168.22901639868104,146.38361849800734,143.28059283235302
1529,50.96666666666667,118.91550248775206,131.02180987782984,81.71198633768924,100.62084843001169,174.16099547836717,168.44461373564042,145.97919386034508,143.11267037008489
1530,51.0,119.33466588508102,131.03934541783258,80.95469554238474,99.96696081228376,174.01099985185226,168.54949108153284,145.1181123684009,142.65941125649323
1531,51.03333333333333,117.97482127008031,130.79353548361277,79.91252026659839,99.51359766894679,172.6005440690574,167.7127508565372,142.95982062444747,142.36045994934676
1532,51.06666666666667,116.17031308968842,130.69550569190676,77.9286958778417,99.28390109304009,172.16429199386522,167.21964561504404,143.56625242303548,142.09437389070266
1533,51.1,114.02541113771356,129.812011171421,76.96265902289618,99.45840413459095,171.0702483500424,166.2024680103102,143.09090846083836,141.47547200165855
1534,51.13333333333333,114.01703719292453,129.60199878345625,75.86079785477385,98.9771375977621,170.11901160406947,165.61616924014672,142.45226073807055,141.09573039765263
1535,51.166666666666664,115.54814249112103,128.5374059628822,77.98239580697319,99.94141277949262,169.36381804610872,164.99312650586205,142.84976968283053,140.8743993454007
1536,51.2,116.62330936803382,127.99595783131053,77.74111557493445,99.9982715912365,170.4116649354803,165.77086203631106,143.42242237838641,141.419250750081
1537,51.233333333333334,116.3341295026351,127.59650375764069,76.1090590877573,98.40063266615914,169.5373882371828,165.22217551203815,142.13895098625918,140.41633018805513
1538,51.266666666666666,117.30061715449479,125.87466184129059,71.9288027517775,95.34133836270946,171.51226305548866,165.54289457952345,142.6876671577435,140.32492524413462
1539,51.3,117.2897663019252,125.07609799072276,72.08150800014751,94.87989411564237,172.27634509901782,166.2525986335463,143.25658742801912,140.37810997595352
1540,51.333333333333336,117.98530549702802,125.05022885810186,71.85671996750266,94.06318329509327,172.43402091171194,166.30461150326101,143.27792070617673,140.3718562901508
1541,51.36666666666667,118.02430001457515,125.3196080459373,69.93053297093637,91.40215431315991,172.81541281140434,167.18688787467522,143.4265135146015,140.60521039703247
1542,51.4,116.11360146931847,124.11193687435541,65.92519868168151,87.6808376382833,173.67824991349156,168.42586564667735,143.34688557250396,140.55934385595387
1543,51.43333333333333,113.64183602223748,123.51614712903478,62.657798006486416,86.50815768935624,174.20195849837424,168.82752474635387,143.77066104586822,140.52971486768618
1544,51.46666666666667,113.68931829564721,124.36577337712343,61.73979619456311,85.85168702853176,174.38743698589332,169.20200857160847,143.95865296537517,140.77142696658183
1545,51.5,114.0281941941406,123.33068777589271,60.122241444232834,84.22373024967244,174.61077487551668,169.6963885363731,144.6906291071325,141.05925349434023
1546,51.53333333333333,114.85820496776773,123.87352131750501,59.90385569035867,84.15983892232666,174.6843256820705,169.37194626973138,145.30615998163435,141.57479911409465
1547,51.56666666666667,114.74297190922492,124.53562729224858,60.178839205568494,84.43081689172104,174.7761109620558,169.05604943561337,145.06154192263463,141.2596237223922
1548,51.6,114.85075455875072,125.29204724295018,60.59825200780882,84.44093903660841,174.74407771629222,168.94739265731246,145.20985813588456,141.4688885983526
1549,51.63333333333333,115.54547798004735,125.55456783128064,60.19268822103884,82.74706479686965,174.78340188944387,169.6676566187046,144.93763743332843,141.19362740644115
1550,51.666666666666664,114.93233942246424,125.85909548612024,59.44409884503773,81.99667808776586,174.76285790479835,169.67678610903383,144.98698925204565,141.07969789739616
1551,51.7,116.04879589752699,126.37911579600076,56.87903149564531,79.28071481698365,174.68162667823665,171.24058301241087,145.64425075783421,141.78009294951616
1552,51.733333333333334,116.13831952283772,126.57246519415914,56.738515690175625,79.32516090442802,174.7854652750254,171.07731975561686,145.38814876277758,141.65594535336473
1553,51.766666666666666,115.9217197280775,126.88770981753163,56.14735821224945,79.63991940383707,174.77524875989036,170.8706284981772,145.56682216553102,141.82316197363846
1554,51.8,114.80918728162287,126.85128539576175,52.83916631034568,77.61671461855758,174.07993679338117,171.8204380165778,146.0934486656632,142.10928754192435
1555,51.833333333333336,112.84760470489141,128.02843886548962,51.958748520209205,78.08395958863349,173.89334545216494,171.68715974106613,146.25480746767053,141.6666784469049
1556,51.86666666666667,111.76509790559408,128.74387725859256,51.21321086722018,78.0921054247891,174.27440721523504,171.73844123461114,145.76876090281422,140.81873106459267
1557,51.9,112.1245671517558,128.67449913720586,51.90246008354523,78.19584425032342,174.51424178443608,171.4028180935398,145.71576360938863,140.85622971806546
1558,51.93333333333333,110.84040492977658,127.37636999429145,50.44142410825943,77.81340391630451,174.26276808981572,171.34754702675647,145.94155466967229,141.00345860387657
1559,51.96666666666667,110.34282374146431,127.01114145043921,50.41894672658121,77.30387227995503,174.2755880584258,171.72714392581892,145.69536665735347,141.71295191921712
1560,52.0,111.57349547162995,127.29927408074589,51.18215570141381,76.1907452796088,174.57835131974406,171.83288115323745,146.28222218790884,142.1700229999383
1561,52.03333333333333,112.34332986939049,127.60322344384956,52.467509853545145,76.36226125082268,174.9327332702355,171.59200391694037,145.82394527293152,142.1206035464341
1562,52.06666666666667,113.60553011662024,127.6421809258303,55.19364897087953,76.21313820606414,174.8475336743474,170.78514117203176,144.9009927726697,141.93353104381222
1563,52.1,112.67474850833958,125.8538140386227,51.522541552263,72.93875668527158,174.97158683723956,172.08815631068012,144.71563195614604,142.20167648575918
1564,52.13333333333333,113.60702336439215,126.42459808175653,51.698148843136934,72.25511842376764,175.0916550447215,172.21581953860573,142.99194837692912,141.73943258184934
1565,52.166666666666664,113.09660877139471,125.76313362900052,50.18153652473104,71.08750850924855,174.8685277367748,172.46260325351102,142.96027142141887,142.03635654135155
1566,52.2,113.94960833834857,125.5574935879484,50.098417064502364,68.8444366042742,174.61676656834996,173.15196534780745,143.1997541780522,142.68881078481138
1567,52.233333333333334,113.51679091495046,124.71785728439161,49.1775803837971,67.18930739814674,174.50372620236445,173.29200834526995,142.5735944263737,142.49989528267685
1568,52.266666666666666,114.25817915321764,125.1526557639846,49.60478829442041,67.94532522429876,174.450043760233,173.2668600961582,142.83342522463246,142.92388314519525
1569,52.3,113.70919073443211,124.7441470977781,48.796916011225974,67.03842320121713,174.494236221885,173.30476485996013,142.22962836268465,142.6542680040123
1570,52.333333333333336,115.06146680381256,125.0714575343671,49.53404656060616,66.42969542587677,174.51034196006594,173.34098069479737,142.07473318550487,142.61436874447742
1571,52.36666666666667,114.7130882982712,124.72815406747387,49.260352979611426,65.49755111374253,174.7025966512602,173.35105911966144,141.78729059037224,142.45438907416806
1572,52.4,115.21927571685323,124.62338528213957,49.293139246264545,64.34912448074469,174.69514363917617,173.4273823594976,141.54154828745192,142.33308766896593
1573,52.43333333333333,114.90715191494742,123.07940868638067,49.13833007027851,63.341368923649064,174.63805061176595,173.4240006799046,141.60280309406332,142.42791920962867
1574,52.46666666666667,113.62252542580586,121.68757128796035,48.211765233452006,62.4547576009017,174.61813256111614,173.45662850020992,141.60743203012518,142.50753600294644
1575,52.5,112.23006813905255,118.92496914422155,45.54900393430168,60.11708395983592,174.13614603052378,173.45724902731598,141.7678745645093,142.7911681998586
1576,52.53333333333333,110.99816419983414,118.38714042159006,44.11408170241945,59.78533536998282,173.92504791280822,173.46638563430417,141.79562312017393,142.91104559976947
1577,52.56666666666667,110.19904919944591,116.49141565446867,43.62631727916224,58.554528145018004,173.93303415288804,173.4639886209327,141.76070222719858,143.06954312097577
1578,52.6,110.14307448945698,114.79933146334864,44.244303855401824,58.69436914552863,174.16074537868178,173.13053167910584,142.03849863652835,143.1371354351237
1579,52.63333333333333,109.98978758785987,114.6993671442618,44.31872227344439,58.858475763303844,174.19682946181842,173.11763135587586,142.05561260486,143.0534710974266
1580,52.666666666666664,109.52709762563191,114.69772326239998,44.242343191740844,58.895700723795784,174.26440941115357,173.14952159836102,141.8250389888288,142.46855836501987
1581,52.7,109.38734816895376,114.10403291304853,44.01278608080006,58.127575794243654,174.24798306706415,173.21165580531436,141.6463631986464,142.39316357842458
1582,52.733333333333334,109.07147374670761,113.99164377312134,44.10380421378317,58.1817055864935,174.42665795745464,173.07063938513485,141.8080575102167,142.50193922869454
1583,52.766666666666666,109.87590104887947,113.99170035999512,44.371135351227736,57.29990556877268,174.34254496939062,173.28048153314228,141.27320498653808,142.2030491696485
1584,52.8,109.72558264180152,113.99107556551483,44.35242084220837,57.580246651693976,174.3655638609519,173.1145857513645,140.97256200642067,141.9518307538481
1585,52.833333333333336,110.86607724194475,113.94682432448657,44.657769828595484,57.364112507949486,174.15420339795202,173.2140424159655,140.96286979033013,142.03321370947452
1586,52.86666666666667,110.49022079553522,113.69971982158154,44.55407283625352,57.10772191560818,174.1519128367367,173.22158500977312,140.9030523806753,141.80142540241292
1587,52.9,110.01140318124318,113.03867885293685,44.07488973012218,56.91748157666268,173.98079966190912,173.18012426320783,140.8641173265157,141.59985477839405
1588,52.93333333333333,110.38821884749953,112.78798130958552,43.86261006103325,56.643765294783165,173.68023226593138,173.219601837099,141.01871803309336,141.56527746736825
1589,52.96666666666667,110.61654756864554,113.07299124144082,44.84041252496245,57.535422685534314,174.15637431554913,172.98957309747448,141.0181533958601,141.56983067660573
1590,53.0,111.23675169942138,112.97610622708576,45.058539389956216,57.472606730407655,173.8579121931143,173.08587890567958,141.74107442763287,142.0952871678273
1591,53.03333333333333,111.16780625449739,112.93623756495089,45.0976527045565,57.45069424440962,173.589811869246,173.2709077416118,142.13062559973318,142.4186333372342
1592,53.06666666666667,110.51076317133445,112.49005408841363,44.63297212989949,57.329997833554486,172.80293777402557,173.49557254967672,143.144398160183,142.88003122978668
1593,53.1,110.60077669287215,112.65977890720063,44.7023085915609,57.914898131846854,171.2673237903679,173.701949407184,144.104728225827,144.26898499647388
1594,53.13333333333333,112.77794412271817,113.55742865995781,47.495309421457264,58.36668937114261,172.52317300482258,173.71775881324987,143.7754373510955,144.01057609097637
1595,53.166666666666664,111.75645759042102,112.75717461120995,47.09586013446528,58.34598055564703,172.99366867125465,173.69186786975263,143.5780377839919,143.67997972737805
1596,53.2,110.21365155389437,112.55815756546254,46.67803890341505,58.2871859658914,173.47793416164777,173.64783021445345,143.47960614840719,143.47868769666408
1597,53.233333333333334,108.73359264406369,111.83118163861225,45.637887820014654,57.7187242615279,173.41407646013718,173.63906239949182,143.3322370525884,143.56133716401118
1598,53.266666666666666,107.57372217414424,111.0342159383414,44.53394985622785,57.13565403364306,173.2870469243583,173.68923666125826,143.6382985024581,143.7716135020789
1599,53.3,107.67128525782822,111.50846466352658,43.14262258753719,57.08679630796225,171.87198446425973,173.75681153267138,143.75785699223906,143.92240109539003
1600,53.333333333333336,106.62356961237795,111.60721450642306,42.767282836080255,57.34902243005084,171.6648940243323,173.8074027975344,143.4434109665726,144.04207362046827
1601,53.36666666666667,106.56518854258745,111.10440399514309,42.91155977510186,58.14392450780324,171.22150071228916,173.79549735224782,144.25726821378706,144.49257964307478
1602,53.4,105.8929876941729,111.09378440902942,42.98527987641131,59.207703791123876,171.67858527284653,173.62386637315035,144.27131915969238,144.8380168120868
1603,53.43333333333333,106.60853162341775,112.7064951306917,43.28738314115567,58.08688726970446,171.79938519537976,173.84277462624559,143.74458542033983,144.5379333778389
1604,53.46666666666667,107.01891724295068,112.34377262260283,43.54370514108663,57.4765969545164,172.1297975495307,173.92494774481708,143.69170728406138,144.37069954696096
1605,53.5,107.58232200500571,113.60133565771534,43.25006521910685,56.227808274895025,172.15019332379362,173.5054846272436,144.031673790548,144.36034114471863
1606,53.53333333333333,107.52466338610243,113.31845691418975,43.329592748570356,56.58191477950076,172.15735643413308,173.71670308779068,143.46138889558628,143.99743210602034
1607,53.56666666666667,108.3244358078187,114.01732527920369,43.96263735344268,57.124185772867115,172.21496854373024,173.8343184957926,143.22754795057568,143.87404771763613
1608,53.6,109.99452255202687,114.82606638514619,45.17376405094639,55.88127677977231,172.540956162955,173.56890948562585,143.30755935799488,143.8627095992404
1609,53.63333333333333,110.14032252403307,114.6446422423802,44.52178542858343,56.34695632801959,172.5099130695945,173.94124843700513,143.29813558437814,143.40572167372576
1610,53.666666666666664,109.99109236336471,114.46907170174714,44.75651375620689,56.55040638958838,172.8316487157306,173.98344854080892,142.50700321952155,142.64184908327488
1611,53.7,110.6344637927731,113.9869077568788,44.62138423477234,54.83036559573067,172.853416646399,173.95295196491563,142.8123812024018,142.79227937947016
1612,53.733333333333334,110.82867062512742,113.909683886672,44.77088609506788,55.26982162486817,172.77844827479177,174.00408573403288,142.46837712260145,142.60112950743087
1613,53.766666666666666,110.80420721292721,113.84798760564036,44.70887257761561,55.311306991709905,172.66338723034048,174.01723573303678,142.63524713535787,142.46383728418274
1614,53.8,111.13541543080221,114.15806226948298,45.12694627594244,55.85892097635385,172.49346387702792,173.98579026581612,142.08854348511744,141.9772191176127
1615,53.833333333333336,110.7898686769109,113.91541592636058,45.205380828865934,55.859972212357,172.53541074260067,173.98565869693047,142.2248107816274,142.28127386130905
1616,53.86666666666667,110.49812836179224,113.67215701688362,45.73658935417225,56.78301786273411,173.02137366495708,173.89228471730033,141.7246545508128,141.91600215248104
1617,53.9,110.0531253344814,114.25959413666065,46.00408169018727,57.19953200768543,173.24954726511405,173.87497025546816,141.3534069844437,141.94333258354584
1618,53.93333333333333,110.95717186980043,114.65583329678229,47.056039573530924,58.453323545290374,173.25344750791837,173.75888439832258,141.524603177705,142.09115590538087
1619,53.96666666666667,111.59804559370491,114.7546238711762,47.62623155694223,58.48932437329635,173.37075002463197,173.7389763721995,141.79208499982988,142.2393834843013
1620,54.0,111.70495068435568,114.75434183193747,47.05326356071343,57.737465930143166,173.52643869893723,173.79887870121,140.43459502140345,142.1098953165677
1621,54.03333333333333,109.7105842104294,114.79844873762684,45.6268797120307,58.4026526456651,173.53662591032938,173.68029748633023,140.45933452064153,142.41309767451773
1622,54.06666666666667,109.84974653118044,114.91247065465976,45.89403733269433,58.30770189056537,173.68833184001966,173.65095186240458,140.72610339014815,142.37927475493802
1623,54.1,109.02268913824537,114.12042414961101,45.36129515324508,57.68603221208312,173.81268959622813,173.62971327350155,140.78304131115027,142.14459795924571
1624,54.13333333333333,108.2028771206085,114.0300937934965,44.83892046320727,57.56129459953142,173.79622907497082,173.6641405207184,140.5962851443893,142.03838499588386
1625,54.166666666666664,108.9404674899526,113.99369027776926,45.30888704766372,57.58172418464275,172.83133021350315,173.78833080498242,142.97654360760305,142.68113418256218
1626,54.2,109.7048830740802,113.95447311904113,45.86900662359214,58.62622360716757,170.97765249371216,173.85118891246617,146.31057576690935,144.2610074376907
1627,54.233333333333334,110.32038911898236,114.03758106663791,46.20896701765083,58.575707051747834,171.12992544178024,173.8525307841012,145.58675478060692,144.3447671083636
1628,54.266666666666666,109.89613627036948,114.47258491345086,45.36960950473606,58.44690207862213,170.84144295577605,173.8396108018766,145.19537772124795,144.723271620568
1629,54.3,110.2408782135459,114.86871237117796,45.382449745487826,58.481381097293,170.7892918406996,173.82195814933257,144.9538371722994,144.92482712162035
1630,54.333333333333336,110.84390480097599,115.18502453320954,45.94787401586714,58.34123283679771,171.82105980911095,173.82759975598069,143.74985249628594,144.5492037671416
1631,54.36666666666667,110.73685120521378,115.14852532624168,45.95273356264019,58.45027675888096,171.75267073520405,173.82590595911697,143.953928300232,144.33392680956152
1632,54.4,111.2886352515991,115.78903586150552,46.43643950396287,58.69113554237162,172.54442499489227,173.81943145600343,142.92075405373382,143.7250805039098
1633,54.43333333333333,111.67803094007662,116.63480206754798,46.98440995374899,59.3297868294555,172.87169082635168,173.81569044101784,142.25194883406166,143.4298659498954
1634,54.46666666666667,111.94138080326508,117.07897290144246,47.463416939281565,59.64708987815907,172.38320106219996,173.87341210994526,142.98762282218863,143.65557893215035
1635,54.5,112.57308670986461,118.62847805935644,48.6131917044042,60.29163609284522,172.86458659001426,173.89631427453511,143.16612780473716,143.73421519910457
1636,54.53333333333333,113.70637534172522,120.06967988448248,48.949056962691316,61.026037665341505,172.16821959293506,173.8992642025512,143.58917407940737,144.1079309402624
1637,54.56666666666667,115.42559056443157,122.77848366387329,53.81677203998848,67.24628054098146,173.638800234901,173.31830048949652,142.9367157249599,143.7787468391287
1638,54.6,113.46228617066704,121.04538522995354,55.81868047185615,70.97663445857357,174.07092179219134,171.45101942027816,143.1337024299008,143.43956853422452
1639,54.63333333333333,115.19572688696266,122.18324034776971,60.087839896397846,72.40318918618068,174.18148941047974,172.15693061060244,143.99801418871058,143.21232122846385
1640,54.666666666666664,115.35236610749429,122.97063339744666,62.18531438944866,76.32953275352114,174.17385032214253,171.19061719419076,144.14424567290925,142.91403176771425
1641,54.7,118.01453652736672,125.72722044357376,68.76030298240171,81.12156779793453,173.21821288750115,169.31816084607638,143.57947902582998,142.49978589681183
1642,54.733333333333334,120.42836610507419,126.85287924474633,72.93353882441099,83.956494075129,172.51498316538655,168.90280435014193,143.34243788843028,142.328124256438
1643,54.766666666666666,120.45845508152829,128.1106601710541,75.46590940924945,86.40223086328638,172.08770783369627,168.18889229468783,142.39014018397089,141.90064460123153
1644,54.8,123.3993428067321,127.40887464277894,79.35983086475751,86.3936768464334,172.44920889609256,168.7959288992331,143.3110430015358,142.60055556563412
1645,54.833333333333336,126.32597179864553,128.13353834524497,83.68260463189105,88.62817139465078,172.21277547751143,168.9458615644577,143.38898966677743,142.9146874952927
1646,54.86666666666667,126.78137421200162,129.16914344688388,88.55233368721554,92.24081657339728,170.10723849330583,167.41167015992588,143.39408142613618,142.76606938819936
1647,54.9,127.44069282212782,129.5033476091702,88.74361755488233,93.93080869044616,171.1549714482932,167.07841146160632,144.0906588427661,143.48219314787883
1648,54.93333333333333,128.805738232587,129.90888465606784,92.1135948234292,97.63298946368813,170.4826071195242,166.09197240746303,144.34220906199215,143.66324199416806
1649,54.96666666666667,129.02225582935182,131.11890012059825,93.0340904609051,99.20771607144835,170.97771187588432,166.3415843902082,144.3718989161413,143.6560930221143
1650,55.0,131.66840331529303,131.58122136043914,95.79007503646163,100.54562944730621,170.82115460096202,166.18259146783745,143.74931207687538,143.3994739248342
1651,55.03333333333333,131.18434543051663,130.09895694793204,100.20764147900096,104.78320593894455,168.66814078837274,163.83236746688337,141.99063329162254,141.88020159494238
1652,55.06666666666667,133.96106866270213,131.52430351641985,102.55272388666194,104.84100203975585,168.1093000280375,163.08093654678643,140.82774613942905,141.32980412294125
1653,55.1,134.93843821216691,130.37649039277815,105.3856426067647,106.38719663337174,169.65488291698594,164.19426031536736,141.16067494334135,141.66008857481538
1654,55.13333333333333,130.90977913473606,122.47357058197109,104.77986619692207,107.3704484563507,172.07540377185347,162.84988771743429,141.43715667470838,141.39013290719674
1655,55.166666666666664,133.09987172340075,122.52771229938529,108.68585270957313,111.46311017671388,172.26763782068156,160.26482552492357,145.03613281772985,141.35803284414456
1656,55.2,132.56393977231693,120.23730382280894,111.6275834632591,111.46729771626438,173.1829403193007,161.2635255021301,144.44338497261975,141.50602718552042
1657,55.233333333333334,130.19363139251354,118.40302424657503,115.14839936919685,115.16897138509763,173.54203841665577,162.5847311879972,144.92644848498588,142.34054365919476
1658,55.266666666666666,123.72890437256153,118.51592804930235,121.25737420838743,118.0205537703014,173.58730196016313,162.5908377891248,145.0070959082071,144.05179666165307
1659,55.3,126.23724597968929,120.36242023109783,124.30214834127804,120.71140617851816,171.8793179672983,162.39297395984465,143.84695412311146,142.8263366713756
1660,55.333333333333336,123.83327676870435,125.41204744621632,128.92592049188136,124.08143013694725,169.93451898912843,158.65619342304433,141.60026828790967,142.0905088373602
1661,55.36666666666667,128.45851313677264,122.68019963657021,131.06383949944882,125.5086932474055,170.18364590837294,159.28737886098355,141.6613960565062,141.68826171300836
1662,55.4,130.33167541523255,126.7680221067265,135.12608704920441,129.42958148056988,169.70249108554182,159.51252195744644,141.14036033653878,142.36624057902736
1663,55.43333333333333,131.61095895396824,127.15931325794126,136.22826006018764,129.2360842072335,170.42521253581572,162.93284696624352,140.9948137003519,143.07622083294893
1664,55.46666666666667,137.71438751930083,130.33333736802302,137.49707947589053,130.21073357458687,170.5084772181458,163.959966193343,140.19974402323464,142.5289817819821
1665,55.5,140.01991679461185,130.29224363840737,139.57647722497643,132.04992259116688,170.93936262314932,165.27541763648492,140.47083156338726,143.0528903532965
1666,55.53333333333333,143.76807060251312,134.56678826663972,139.70435762851656,131.9487976982069,172.3872366266341,167.5063888944963,141.05517937299882,143.06510437662374
1667,55.56666666666667,148.6452017108089,136.47274722738715,142.04375058218238,134.7905030660108,172.48110605425381,166.61260943363268,141.76528615365254,143.42580402677473
1668,55.6,152.34949897719892,140.1565461347239,140.55800113333316,135.69644764236932,172.33195843317662,166.83188948496056,141.5320021570731,143.08588565406092
1669,55.63333333333333,151.52486972439834,140.9869310691495,144.18614727378448,137.1233235850626,173.60813550636772,167.1269822088374,142.8480504669706,143.74504365411622
1670,55.666666666666664,154.7249970460063,143.82736697062842,142.8426183101263,139.09782853912517,173.0508839126519,166.68423250872152,142.31311004233453,143.347132379729
1671,55.7,155.10294543192177,145.1823707244492,146.21330152567384,144.12555699223284,172.6403438397483,165.82669477876198,140.8799623900259,143.2190751327631
1672,55.733333333333334,156.87309442119746,147.54511691873614,148.21415130713905,146.24744998305667,172.95301582321193,166.80820962830646,140.4956422608149,143.65334615321282
1673,55.766666666666666,157.03313436844317,148.60174405982903,151.4546801899421,148.61180263888065,172.23940237919527,167.7811115990272,139.6959901024117,143.54548971239572
1674,55.8,157.29943770196084,149.79113793228888,151.7853639261954,151.4538694930531,172.3274659570713,168.67420417487233,139.89133548082305,144.86367536122074
1675,55.833333333333336,158.80479079210963,151.3918888032135,153.03921831376587,151.8571284091353,171.14170758042437,169.5867798444121,140.38689720063013,146.45813578271523
1676,55.86666666666667,160.7478290535888,153.03685882215612,154.28574086353856,153.98167354053965,172.2249732161807,170.08219977001252,141.03216983356927,147.1455753860413
1677,55.9,161.6232447320458,154.14537499245424,156.8821702518873,154.93476418884873,172.54470207838105,169.74729826812168,141.76235131729086,146.8323170624122
1678,55.93333333333333,167.7111174875526,155.91291274097017,159.81509987009912,157.01062377279064,169.11589139234448,169.84364981504828,141.33740786786424,147.15595169096926
1679,55.96666666666667,165.8805970525452,157.50758269014074,160.69554116853357,156.92047237658835,170.51912794881997,170.1359751554224,141.086444751064,147.5674318229109
1680,56.0,165.95670112320036,159.08269815274093,161.53134186997562,157.5716389032922,171.0329039489113,170.09110881953816,140.66529869849205,147.56471999877834
1681,56.03333333333333,167.1844251047539,159.03273758490877,162.11792155826416,157.24607125245382,172.04568118858853,170.0029704753577,141.6575222010623,147.7725476936872
1682,56.06666666666667,168.42714401823557,159.11827522854614,163.23445397160242,157.32384088060695,172.28653760188277,170.5208700651536,141.81290466303386,147.99746840254974
1683,56.1,168.4056882714534,159.79491358697015,164.21215918683984,157.86405829635473,172.55447052690334,169.86548324473992,142.5526082824888,148.0046895414561
1684,56.13333333333333,168.7906747943674,160.73418855169328,165.2482084646216,158.63913783485955,172.0873472394604,169.65927073124124,142.51801691032585,147.99189953371592
1685,56.166666666666664,169.5580952342094,162.40027510670384,166.283271499476,160.75864188512182,167.0390000998403,168.2310230004492,141.26270629383947,147.60289006744722
1686,56.2,167.9268917971412,163.2653551167381,166.02888406549548,162.05311729334286,168.16669723822133,167.85840521680228,141.05922363088806,147.67707621852614
1687,56.233333333333334,165.89118707228164,164.5865646374421,166.71448567265276,163.78319439879436,169.83852134339062,167.58416698353827,142.00937914418864,148.23344053219657
1688,56.266666666666666,166.33069302081591,163.88834532549464,166.26439015888914,162.68711409431097,170.19753082163103,167.59313514616923,142.07670932455198,147.90770436548456
1689,56.3,168.47141626102677,162.86694136845597,164.2778081597821,162.58936479610205,169.76960272918808,168.22711148193503,141.02877960015502,148.08820953650974
1690,56.333333333333336,168.74492564316418,160.89211004555176,164.7808329622569,163.10079430009782,169.59278026859977,168.67785390366498,141.33697800406676,147.87342365267918
1691,56.36666666666667,167.22331296652024,160.7885754858821,163.4219193487872,160.12423081235755,170.4114334646458,167.08813375743568,141.44964579594946,147.01983337786183
1692,56.4,170.4938039327108,161.38439294381476,162.21355505895073,160.2568039928937,170.26394653973034,170.0017521968097,142.34769581563586,147.57725417980146
1693,56.43333333333333,166.86543980373827,159.65341147643989,163.06514465722424,158.5550300207522,170.8053803464347,166.80883720783976,141.4434219294174,147.0678944337698
1694,56.46666666666667,169.54280564566272,158.5457314318472,162.0889597405642,158.98140804526747,168.83927517281546,171.59889659001004,140.16384916128933,148.3639363297553
1695,56.5,164.33930712876696,159.2816144809171,163.92173691600877,160.07108435980456,169.8844346771007,167.9699149810138,141.60366726116487,148.3829538239812
1696,56.53333333333333,167.88191243616583,160.46802134076316,162.1949109462581,159.41146530119775,168.79840901747198,167.97113662639015,141.7984514943401,147.49894272422577
1697,56.56666666666667,166.66642627442968,159.83876656381545,163.16633802272045,159.61885088888727,169.03142801646612,166.85726901064226,141.3949540217039,147.46005395809493
1698,56.6,166.67032989882358,160.54921230024695,161.84352837861667,158.39229710709677,167.9637245379831,166.61148296311762,140.2845863860457,147.21586118681194
1699,56.63333333333333,166.86041924752809,160.81256913487886,162.11897726431638,158.7547079482671,168.34763859155612,167.00750752767811,140.58203874904223,146.34369753183967
1700,56.666666666666664,166.58303844069897,160.34332176294092,161.9848766296113,158.76249101884787,167.53435014236175,168.00564695526444,139.87757315360668,146.47420633264525
1701,56.7,168.36711686765832,159.61580150816565,162.7774897507857,160.8675148787454,166.2174954721254,170.50456403162258,139.64780376833016,148.11891230292306
1702,56.733333333333334,160.85843336308895,155.8587762877499,167.17072086896238,161.23677139333125,171.21273866933473,164.73885049628853,143.447061339347,147.06458025453173
1703,56.766666666666666,166.2834115493215,160.35961672335796,164.88656762723846,163.98209753451928,168.4015793439455,168.10642436032867,142.73991257626187,147.80213273133666
1704,56.8,165.13770689039382,158.17113251547312,165.1682420553319,161.37532265897102,169.72527129585504,165.602750114388,141.47549723444823,146.2219541328358
1705,56.833333333333336,162.87762170869448,156.80593852123062,165.3669923916437,160.00686684999852,173.68903163609377,166.9351642823243,143.98975457552672,147.37004172746998
1706,56.86666666666667,166.513802439211,157.53396946907597,165.24376352260035,161.05571719591558,171.7991388275312,168.63142078047133,143.85405939694866,147.53434223122818
1707,56.9,166.52178625167977,158.3462875413355,166.01173976719414,161.37819008801512,170.94560583009564,166.12121078510347,143.07418241550278,146.09864965249872
1708,56.93333333333333,166.46002781100125,158.16909101346806,165.58049318700105,160.62041832672878,171.02520675726842,167.6910517386651,143.01168616436453,146.40500131419978
1709,56.96666666666667,165.19800168293904,157.73546169532023,166.0999935198525,160.27938611815296,170.72014543215965,165.62595958489723,142.1500803267806,146.09822239487966
1710,57.0,165.22445856383243,156.71811639989022,165.985494894997,160.15297204271775,171.5095659555286,165.7502799493977,143.15750062040644,145.8187360564849
1711,57.03333333333333,165.00861175948285,156.70337646041838,166.12563178170217,160.3412660242921,171.1644833406677,164.78077861963905,142.745246189437,144.883271107397
1712,57.06666666666667,165.15821470336002,158.18110332013833,165.45541954860897,160.53453816003986,169.65205447897816,167.98644265761848,141.69684956707738,146.32926430129697
1713,57.1,165.73253713012943,159.93602399295656,164.91618384237375,158.66038598690133,168.00707942070568,164.3730963221717,139.41195340787726,145.95155241121356
1714,57.13333333333333,166.16943991695086,159.15759165082162,165.61929982473683,159.2505470650722,166.37207521160104,163.8712098797159,140.00152361891128,145.86785908767587
1715,57.166666666666664,163.9877694873685,157.46328222209658,167.70875437389822,160.3468203544912,168.46244290857757,163.51862658679534,141.44473281197403,145.79497094390348
1716,57.2,163.4364844105505,159.11959090645152,167.0907742195066,159.0029524047201,167.44270897293188,166.30771684474672,141.394384584812,146.41157960537925
1717,57.233333333333334,163.46510079319594,158.47118840585816,165.73363289890966,156.17754743299054,168.65019759048738,164.7346660815184,141.13213762355568,145.0478245338007
1718,57.266666666666666,162.91215887620703,158.35548647549135,165.26464492128943,157.42837477606417,166.29658019092736,166.25233849352202,140.1981228011666,146.1333745978401
1719,57.3,164.4784971831096,158.0637753379903,166.29066463135024,160.01989052391863,167.3632108334263,166.85715626611687,140.84737045429767,146.54101974070278
1720,57.333333333333336,164.16557110910782,157.9080957687367,166.48939725623745,158.6256869352745,168.2356962362386,164.88520109338958,140.75948393954215,145.8748127505986
1721,57.36666666666667,169.43872684597025,160.95678508767637,164.40437801226724,161.68635461574934,164.97211971052113,167.60103636843064,141.5970958180885,145.79050631205303
1722,57.4,165.58034249184803,158.7873091691876,166.72596842565326,157.59404621583764,166.85917405227408,164.9691236698139,141.04384890965454,144.8978535423731
1723,57.43333333333333,166.1922585643262,159.26169805949206,165.07756847660934,158.73708616578907,166.79374566825445,166.5867568464816,141.11020107665794,145.41919717660386
1724,57.46666666666667,164.35206497758398,157.37413802641186,165.56743690652266,156.38172225392108,167.51789869014766,164.41279032560232,140.55037787076938,144.9754882225074
1725,57.5,167.0220748579135,156.84458110732336,163.9785400190946,157.70845122444828,167.24694470243426,168.27848818021545,140.59162004282823,146.53386912179351
1726,57.53333333333333,166.4126577505742,157.59530583883685,164.41583179908324,158.32155513175195,168.3118967388699,167.4851078340263,141.07636911089483,146.0664348996225
1727,57.56666666666667,165.96189001417247,158.0234291455392,164.09441552612884,158.64923822074957,167.69529678402694,168.03152296174298,140.9034768889938,146.6510224526273
1728,57.6,165.7166761143591,158.02164087764442,163.5894861751027,157.14138935537702,169.0228510324232,165.2882694104212,140.4383158666533,145.5837142880393
1729,57.63333333333333,166.51102369207834,157.93668545480003,162.40049144834683,157.198781950352,168.5035869623987,165.94000353819538,141.07545693169934,145.59789620466853
1730,57.666666666666664,166.81907021299665,158.84083967921822,162.81834608884154,157.79129518209172,168.8362700857694,166.10949851386013,141.39722204607585,145.543457641526
1731,57.7,166.82780186430423,158.57850624183985,163.89813052332727,158.0600626768763,167.40118579084088,168.17829716539413,141.17890971847638,146.32657352259423
1732,57.733333333333334,167.28612065088438,158.9328124694638,163.77670637611422,158.3689737659994,168.25540658362158,167.96008143625886,141.78031017963903,146.25967471273236
1733,57.766666666666666,165.52720190656544,158.12000615908735,164.35067754588576,158.4268168978966,169.82239373085415,166.72305847263578,142.26172393268016,146.01543596493119
1734,57.8,167.40438483129205,157.73726438427514,164.0536645948214,159.54312018787746,166.53290921235296,169.4810481235679,140.5899530202537,147.29929210389906
1735,57.833333333333336,166.23201011482274,157.47733321431602,165.22739672979228,159.02831947853406,168.2673978336849,166.97236322987146,140.9582861018385,146.40164753244048
1736,57.86666666666667,166.62504455539943,157.66541580698905,164.95214766530952,159.6416390978272,166.5226742878572,168.09767181313495,140.32604732128365,146.6235867585294
1737,57.9,165.27007023164842,157.04089976213274,165.41419434624103,158.93399151652352,169.38098556205148,167.6760958351796,141.53989613699855,146.58369206885018
1738,57.93333333333333,167.06265351697243,157.1520131746086,164.39618885330856,159.30922069527986,166.0033651016305,168.8843475211311,139.67370750850978,146.83233252270273
1739,57.96666666666667,165.1333623359828,157.4655555785203,165.30607435097696,159.7469335530293,166.03035332230039,169.5916806222194,139.35228261165793,147.33178224643495
1740,58.0,167.0355820497373,159.21144316001113,163.82460156575044,160.35419232133336,163.11280700759838,170.05260752575663,137.38664965847966,147.39175596770633
1741,58.03333333333333,164.7619381207638,158.65008496385317,165.14074550369318,159.6811651805688,168.1919055141805,166.65760098697237,140.1801699226515,146.36608215202838
1742,58.06666666666667,167.19916040902297,159.98302322841312,164.59285994544112,160.78037472548814,166.9417475905381,167.28220518554775,139.79213495401297,145.63090125529033
1743,58.1,165.32400422722588,158.30430056130606,166.51693753644963,160.45888737507153,169.61013040346452,166.0381218367221,141.7677724243303,145.2702143734215
1744,58.13333333333333,166.42464367457703,158.85131887670067,165.16693115124923,160.48353488074747,168.16598279710288,165.5212249255262,141.48448817186778,144.8173179359665
1745,58.166666666666664,166.36491695423967,158.9288597032596,165.22849411229308,160.60301623763533,168.07239422795342,165.38274867449434,140.98377030731714,145.30361777672343
1746,58.2,166.0015920064188,159.03633444371826,165.11833531311603,160.51746678635342,166.05551911510628,168.83878832811988,139.36740406628988,146.61028017446833
1747,58.233333333333334,165.98956827323764,159.15850780578668,165.16212176742474,160.8175262034624,166.43549733895688,168.64426723368797,139.87198641056455,146.71960937132863
1748,58.266666666666666,166.40900995493425,159.51395785894218,166.54451963909,162.04298288716262,166.61828835082514,167.15172437552624,140.0431743416729,146.5156786434701
1749,58.3,165.85854553822492,158.9438362808908,166.21546511564765,161.05982443211875,168.54623417153027,167.2571839230626,140.9464760117971,146.44969447778462
1750,58.333333333333336,164.01324375837984,158.7512291306548,166.04162561800027,160.52669226416643,166.24104567121688,167.85264368283597,139.10656436225432,146.84898898261324
1751,58.36666666666667,162.78552648849774,157.67693380323553,166.82780694980042,159.55396465427413,168.18428531505273,163.93252876094851,139.68518050314785,144.94625319621025
1752,58.4,164.44225553610244,155.98695600041327,164.33530739916034,158.13210168833584,167.78352376012913,168.46050743107776,138.32513064533723,147.15968068269223
1753,58.43333333333333,165.08132572649325,157.76537500374113,164.26959059726104,158.7452398735412,167.9890477652267,167.6400830409122,138.65758098819907,147.27205441502528
1754,58.46666666666667,165.21550235672328,157.55553465158098,163.50656400669325,158.21198383050626,166.6549350654602,167.9368783449005,137.31002517851235,147.23110118941082
1755,58.5,165.05320601551455,157.54730795064762,163.3691843647022,158.561212566667,168.72953995965594,168.10595651973398,139.97100011771795,146.99113472546873
1756,58.53333333333333,165.17555021175576,156.45872969872738,162.3305254741452,157.3217821850311,169.32979116119537,166.16234136713143,139.29075777511517,145.84729519102328
1757,58.56666666666667,166.10090368417528,157.73712145735897,162.12615584430063,157.69432651058483,169.2434879565806,166.33878099428864,139.93339384209256,145.07243912271636
1758,58.6,165.24931967178182,158.1198543145373,161.4831585750848,156.70392822757555,168.28801949195088,164.22672011774458,139.86994946213798,144.87779281912802
1759,58.63333333333333,165.5372002361152,157.88818685217768,161.60435339897236,157.44367291808206,167.12157351170714,169.44236196423068,139.11669977155634,147.4734680482188
1760,58.666666666666664,163.77702543816932,156.14390435768934,160.74457553786073,156.09040067116564,169.32849156050335,170.26556705571656,138.4592684983938,148.19292862395997
1761,58.7,163.92285711037007,153.10289803249933,161.22400790586354,156.99223952332454,171.71409912885548,170.70061450201393,142.06375180127975,148.71441728570423
1762,58.733333333333334,163.22109335769193,154.59926748445312,160.8922093504817,157.16207961498463,172.66734805672894,170.37964633296448,142.92617547518702,149.4453177266656
1763,58.766666666666666,161.3058821130025,152.8898582102249,160.92197682596918,156.27562803359334,172.0070053264111,167.8135202835141,143.7391468616582,147.86954546448987
1764,58.8,162.27274284808905,151.8039227443024,160.4204381143431,155.0803151363619,170.9647213016034,172.68811789725274,142.7492903540952,150.01288901319242
1765,58.833333333333336,161.28625202523278,151.68992547290642,160.55912387164003,154.68078325508895,172.72336435510002,172.67210143569682,142.9048622636427,150.71605243428473
1766,58.86666666666667,162.5022009411848,152.26943986900525,159.77444896950763,156.09900892053284,168.76663706986952,174.57299944961693,140.06131295364167,150.9297815695244
1767,58.9,158.30927515345894,149.2636104335528,159.0717754196558,154.21561017497766,172.86372146116273,168.66347055965292,143.29739395629267,148.4634394720312
1768,58.93333333333333,158.45826851525652,147.76116576363378,158.2000684690768,153.93570055908248,173.45055987027933,168.72368596611727,143.26225399706365,147.83536357357664
1769,58.96666666666667,157.06982861168646,146.820262535775,157.55401213046738,153.9092201878764,173.74690543498647,170.05696046763916,142.9482688906837,148.41037480146545
1770,59.0,156.26112081446394,145.52694878753897,157.96055146940756,153.7028618448531,174.68546651522118,170.29103533012884,144.7171781305339,148.66139212177987
1771,59.03333333333333,157.2393937945213,145.05702363752283,156.76467928272882,153.13885208586308,174.32421872565848,169.66819870230572,144.34695523710846,148.45797689822064
1772,59.06666666666667,153.52524620459454,142.0503960907184,154.41895408210414,151.6131202922896,174.8338567942229,169.88440117161394,143.55225261132648,147.4857405693253
1773,59.1,152.15540334217414,144.0301861169256,153.28839783527772,149.99756952986573,174.83662571492044,171.15358232917382,143.57845813411166,147.64460286359576
1774,59.13333333333333,151.73439931620953,142.29692418400205,151.89793390694095,148.28561229161008,175.19012944982808,171.50697965361803,143.98940993870508,149.25746546177908
1775,59.166666666666664,151.69096563895692,141.9064807992011,150.81062263966191,147.9621424965385,174.94622150875136,171.70609638438125,143.49262006077535,147.3207641199972
1776,59.2,149.65062267468033,140.7862335652,149.19392190096153,146.49179125911218,174.97949986107193,169.57759690271703,143.11789005670997,147.57523366618435
1777,59.233333333333334,149.28147289068193,139.45640446102706,146.16997297128998,145.48605809474776,174.95629164221805,169.40670003746328,143.4515118514528,146.36345458496515
1778,59.266666666666666,148.63484744542424,137.78120265914407,142.8993408562276,143.67859951292556,174.83782025612703,170.12863496054675,143.46516699425513,146.15928166021678
1779,59.3,147.0473146975878,137.32831815732956,143.34051842185278,141.74795557665354,174.77491284219886,171.15067630528142,144.96811347057366,146.79742625898217
1780,59.333333333333336,142.38019936402816,134.86672151475346,145.49135407058338,140.6606001570149,174.1745533936277,170.97498993584418,145.86486371740276,147.4057921614801
1781,59.36666666666667,141.08339185808413,132.77820956375305,142.92490706069535,140.37641495069556,174.56463204148872,170.53918222812686,145.6859901958147,147.5759320675937
1782,59.4,138.06236569499336,132.63232400586844,141.4161613455518,140.0567238240858,174.7340019997023,169.85605479054274,145.3506903547546,146.61497343468173
1783,59.43333333333333,137.14406428860497,131.65913029239186,141.700488289196,139.57501408516387,174.62811245149777,168.92541762914954,146.00990264939742,147.02527864549984
1784,59.46666666666667,137.87141519182404,131.1726760008625,137.71003282882225,137.74458821502412,174.823883717973,168.6464625223865,144.44591275333178,145.85732491509472
1785,59.5,137.55438320529808,131.58434731706882,134.30399090628308,136.27092179660937,174.79069517862328,168.68818727722888,144.25414124328555,145.39066153441337
1786,59.53333333333333,136.21897978487618,130.82366339670614,129.2551174556914,136.1801780373591,174.74695121832983,168.16666425071156,143.55424788242857,144.65601308135615
1787,59.56666666666667,134.52164456928514,131.10929706232852,127.29795154894103,135.20463709696912,174.65761194470596,168.10099258981037,143.6842555928017,144.75640831469406
1788,59.6,135.51939162256977,130.61881507512228,121.19566363377862,133.2040561177369,174.5794884417855,168.13383979348367,143.57585603413924,144.30710611474382
1789,59.63333333333333,135.98210759306897,132.12507083197735,121.62218920169406,130.64078589263113,174.81295869499385,167.45151095574624,143.50916597449395,143.43995025899372
1790,59.666666666666664,132.5634788442548,130.39699595742132,118.76522762459209,129.2131189028263,174.92141650636557,166.74682101641235,143.60002991345445,143.33916087817678
1791,59.7,130.51943805189737,132.22361270617216,116.81176217550714,127.67773968903158,174.9496574100834,166.29501872973154,143.93913304235332,143.32313033315793
1792,59.733333333333334,121.85593382958957,129.47098192510376,117.56377240968587,128.1389635911316,174.86187966758112,166.4619711781637,144.38610751701876,143.6608409544967
1793,59.766666666666666,119.44839674946333,128.75697221405574,116.45718097979653,127.67820671593083,174.6760350072235,166.62466961208335,145.0915022622711,144.0278058951849
1794,59.8,118.73701805817304,128.87538769323317,113.6704765505419,127.18799296603534,174.6239095831289,166.81695055854266,144.99558870419474,143.84150004815734
1795,59.833333333333336,120.76100972311622,129.19558471794275,111.41265898956617,125.40989014112428,174.91573324325987,166.34459174226055,145.18870737203804,143.73592592342555
1796,59.86666666666667,121.89608273226997,128.29221889054895,110.95220838040171,126.17697820269817,174.9900428344742,164.89482649178439,145.42263115418703,143.6157466129929
1797,59.9,124.33253625681,128.60644764638434,110.02038129801709,126.22606517326575,174.68627722402786,164.07091396856123,145.3156130003438,143.57028917966167
1798,59.93333333333333,124.45307976409832,128.54531531433577,109.10139436561154,124.4100097785483,174.88198218021213,164.8372202063963,145.34515923573542,143.4362427015669
1799,59.96666666666667,124.37290245996657,128.38541767403436,105.47228665284047,123.99859154382223,174.93359243740113,164.5195357640749,145.64908732961283,143.0316595079068
1800,60.0,128.19982855923146,128.23319227277116,103.17272401691086,123.52732524505598,174.98212479610135,164.40771706964458,146.67311432933926,142.9321546489892
1801,60.03333333333333,126.21249278703219,127.8324468791568,103.25991386105838,124.76325728539939,174.2868038341169,162.2057832512357,146.38611096071025,142.5212885821959
1802,60.06666666666667,126.59862086909766,127.79554104628689,101.41408667797137,123.93936189643401,174.44994181816963,162.10600721177542,146.33661362317082,142.0390282162709
1803,60.1,126.18107624369941,127.561824819888,99.33984948408798,123.1022179240399,174.2294135649341,161.87590914784852,147.3772372551557,141.23531599819415
1804,60.13333333333333,125.25281726169116,127.82769786019381,97.40598493658392,119.92086209370059,174.52150422986048,163.00844210574965,148.18891737835662,141.09482392883476
1805,60.166666666666664,124.86081964389217,126.49542468761243,94.66624123975055,117.77298973527571,174.95372343192156,162.4631526379041,149.27918468618668,140.99098432105376
1806,60.2,120.10115271233528,124.70759258818593,90.95435305969451,118.10374071962336,174.9851553360045,163.25109581055398,149.95128725689577,141.58217058613192
1807,60.233333333333334,122.68252962191707,124.79649983154019,91.30749061380682,116.08076558774926,174.9631558246778,164.0425009830987,149.53246542417142,141.52708501420597
1808,60.266666666666666,121.3833274987794,123.54695823092402,90.47507861585642,114.55331406815493,175.0091763469271,164.03926477522938,149.9849576947188,141.95445480598406
1809,60.3,120.99937056683576,123.05709562753877,88.59750003321909,113.13716070551865,175.01637319999676,163.54212880015234,149.79852927926325,141.92994287727922
1810,60.333333333333336,120.72731050811743,124.29143178436713,86.81417132930994,111.61440856012601,175.1083004526871,163.23063590560878,149.91800080085335,141.62121091452738
1811,60.36666666666667,122.51383093344974,125.11471139039452,86.6322543375884,110.75897565786256,175.23691918869727,162.95441808562046,149.98822615912084,141.16803317954222
1812,60.4,120.38045870953931,124.90049532345411,85.30042859207701,109.65685491455548,175.0760694558696,164.83096639647562,152.14820236662678,141.8451131059054
1813,60.43333333333333,120.92764986037267,123.4533581373591,81.69199755997182,106.6195765388771,173.43793554784116,165.91979747513926,151.68508178860992,141.9021267123231
1814,60.46666666666667,121.74060827202938,122.63840794729425,80.79830899772163,105.69524690299573,173.27117127400038,166.19954233894003,151.67268576724226,141.84941966604597
1815,60.5,118.45033494681374,122.90062438470139,80.29358254894589,104.74863202668901,173.5158164981171,167.53370103071796,152.70906898802784,142.86023308116205
1816,60.53333333333333,122.34137561306747,125.31248820247434,81.15935329569106,103.45153903188518,174.30500817367056,166.84742870570076,152.08310419773989,143.11989985389027
1817,60.56666666666667,123.87992287068748,125.59865436239646,80.97643635752655,102.909675849195,173.39631510679473,166.94840324957167,153.19234585317517,143.1619544959
1818,60.6,121.99859723328937,123.5283843975575,79.79694753507793,102.75667875493642,172.0365837222911,167.5502959310343,154.87112666913754,143.93983930971805
1819,60.63333333333333,122.75446711807693,124.66319434873257,76.3166574735438,99.37487752880041,172.6782479501246,167.98294441949668,153.49487613265558,143.58946028380262
1820,60.666666666666664,123.90718602948593,125.65157108046819,76.17772240123915,99.47189875853276,171.75428069877177,167.93577268047906,155.0739206014507,143.83210148982624
1821,60.7,123.71742753518578,125.95620677979988,75.58637478393518,98.94034208843382,171.84910319145513,167.71943018597867,154.94010388086903,143.6851770539418
1822,60.733333333333334,124.08241330950399,124.92902287753752,76.23160918538942,99.15058963350205,170.72518460930888,168.58972732309607,156.48256561736554,144.73685234430658
1823,60.766666666666666,123.63686837472252,127.2770068106102,73.84421001668824,96.02158235159426,171.10156815124245,169.78309624518482,154.10991778316378,144.39189578027126
1824,60.8,123.034907642692,125.91557107704537,70.50284991177766,93.58088868776498,169.17833548826573,170.81226423646265,155.32616727218803,144.8530381984036
1825,60.833333333333336,122.76380169131905,126.31936697730833,70.09105541944189,92.6929054350479,171.91946716350932,170.04382142074573,152.58574908962686,144.05219393968974
1826,60.86666666666667,123.27740687459057,126.05699234905497,68.94647095800427,91.57643634288735,171.29314593213684,170.10929575361297,153.21184702173784,143.23344778493848
1827,60.9,118.90641470678909,127.03128106138385,63.31628887890862,91.10317826240677,170.53116821373123,169.75289093384447,152.55456742058612,143.12826516388853
1828,60.93333333333333,119.73679035051805,130.47633704796607,63.59813655862005,90.9071473799,173.09163273907936,169.64217094039336,148.70535547649476,142.94468169434688
1829,60.96666666666667,117.12678713715341,130.18479320338892,59.479299684694396,88.98808366428392,171.52580961553357,170.76389802662808,148.27602463061558,142.25014093827374
1830,61.0,117.7139662987123,130.42271148103637,61.26057661274701,89.04400437101687,172.61140474057953,170.93836672308615,147.81808769742804,140.52212190313304
1831,61.03333333333333,117.86904927878638,131.70315827653167,57.05722620932273,85.99138588206736,171.03471700755236,171.34322965375057,146.0659368459146,140.91484697869603
1832,61.06666666666667,117.43793282827927,130.15964768496514,57.46393589983661,86.22577493877365,171.33554495020482,170.9298405536797,146.77268299964229,140.49869045218816
1833,61.1,117.93955304890414,130.64431373984385,55.040483846502966,83.82862953852128,170.14326666299254,171.3685828656428,145.7329678077558,140.89343842376584
1834,61.13333333333333,118.23652799853286,129.54018059242745,56.450823299886,83.74491075390092,171.55909388545786,171.14713019587262,145.67272720051002,141.18157244764515
1835,61.166666666666664,119.43197689444584,129.64336098090197,53.99102247613223,80.71271742504258,169.48863956221658,171.90791545118077,146.8078527758482,141.6801794553008
1836,61.2,118.3192625065697,128.85501989076883,53.83367941949559,80.55965826816279,169.57341960309793,171.8060373642383,147.82626290572264,140.7723892629661
1837,61.233333333333334,118.85763313113408,128.46145658421267,53.85162239075803,79.70577543502563,169.6606240469857,171.92144245061834,147.61636073837832,141.2681093446259
1838,61.266666666666666,114.91148345323305,126.86569442412049,50.94715661900965,78.46352316474872,169.48261851093275,171.91588999665134,147.67269053665473,141.0637453621403
1839,61.3,115.59334349027102,125.5902391214296,51.50148695363141,77.68195481048613,170.14567321756644,171.84815761240776,147.484818744767,141.1567502822757
1840,61.333333333333336,114.49282651851166,127.34733006725396,49.638982366671804,76.29694802323392,169.34028184991195,172.23670833762162,147.78880057631764,142.54578692882654
1841,61.36666666666667,115.43129824899864,127.23249017890502,50.204111139062476,76.24557403473872,169.00674612727886,172.29541556651137,147.19692097286296,142.08297002737612
1842,61.4,117.4736425095795,126.99899310129143,48.96641323297302,74.66008464464655,166.72592688291223,172.28074482602855,148.4219816679463,143.43642305682582
1843,61.43333333333333,116.90899075842933,127.46535398631364,48.06307269962375,74.23445466972592,165.78790945771848,172.13085070118166,149.11183780177169,144.38313553611513
1844,61.46666666666667,119.47659011449055,127.19423197130307,48.5148438219152,73.00552881847686,165.692308916701,172.0825573685799,149.49655847522635,144.63654395789158
1845,61.5,118.86707991480044,127.25253109861916,47.13076677452956,71.83625655304111,165.03780928439465,171.77703180902677,149.36593700289066,144.8834082330971
1846,61.53333333333333,121.43560765998534,126.21369390942313,48.44217622596597,71.76030692384826,165.38777560671096,172.065326708346,149.10287728871987,144.35393003172783
1847,61.56666666666667,120.1443794571055,126.25689831420537,46.34221356756395,71.16197978963638,163.67365136083964,171.85857184835547,149.67292896710086,144.74960055903017
1848,61.6,121.07934874651274,125.25308919473908,46.75705845781618,70.12674321447759,163.90046985933478,171.98769961255252,149.45598334561572,144.44136542859528
1849,61.63333333333333,111.82513990508146,125.1129898001354,39.84756978072477,68.65237851702635,163.78740569094754,171.82287497395373,148.8811418221466,144.11620111113035
1850,61.666666666666664,114.0732274333408,124.02112689692936,40.60466740030285,65.71911112370465,164.04669739301616,171.3390372970597,148.91683996221047,144.50096329936304
1851,61.7,112.32008641062525,124.0747069487877,39.618912197161464,64.97931180965483,165.21984441842034,171.5034640331867,148.0473933803246,144.3458855417371
1852,61.733333333333334,111.19093179720463,122.20389212205066,37.43711448639821,62.276551941767856,164.47509181357051,171.33386679673652,148.98624531054907,144.91524090532957
1853,61.766666666666666,116.47849675083862,123.50366035786814,40.163988113529484,61.65254846810169,164.182872945132,171.11766798088914,148.74246093742718,145.05278105916494
1854,61.8,115.55554664725825,122.09483438078158,38.95670135846964,60.025341260796786,164.36073203526416,171.36154031316732,148.29860409306346,145.15765534985078
1855,61.833333333333336,114.61404160089003,121.87480268564714,38.58389559970698,59.53605749495324,164.84687986094983,171.43792179138663,147.76244043957453,144.75884342588978
1856,61.86666666666667,111.01659423587526,120.64607297487733,35.46671878817618,58.38316477883918,164.4965756331289,171.33464814917542,147.47451469137334,144.67656056969645
1857,61.9,110.71849664897908,120.40744964180745,35.080689558775475,57.43072979612571,165.28040738857865,171.2885006365262,146.9559618865797,144.4633453789364
1858,61.93333333333333,110.63927916068532,119.21857121705331,34.172262373388875,56.23261426561318,165.19375471917962,171.17497875535804,146.974013981381,144.34374314604042
1859,61.96666666666667,110.82420141902203,119.54724506847029,34.06646269509375,56.08828251293957,165.14314752799154,171.0945166806728,147.09747868493685,144.49948963393496
1860,62.0,109.99225701291913,119.30819510036297,33.01024882493363,55.00350577155124,165.0977321297064,170.9623574546367,147.0696841512566,144.63299672809376
1861,62.03333333333333,109.52857374294814,119.17125688120176,32.70342377462036,55.041406969372645,165.12425809920418,170.95969545391026,147.01795811983308,144.60635074781473
1862,62.06666666666667,108.46028037508339,118.33214460238977,32.34790797800694,54.435793854374666,166.01403493891297,171.10737372302012,146.2578066184566,144.4404154553016
1863,62.1,109.14386392554667,118.59580019818152,33.710910515463326,54.616452700584084,166.9870369107442,171.19700393435738,146.47291729361686,144.3667145640132
1864,62.13333333333333,105.04699842392327,117.26300671149434,29.42965723647157,53.42887182209478,165.5732249542505,171.11270667661793,146.87635363632018,144.78370003504662
1865,62.166666666666664,106.44848197566219,117.1942544955574,31.03911360111801,53.37945438493765,166.20783013878554,171.06906159678164,146.51625789101192,144.2653007040489
1866,62.2,108.0236708287211,117.27366698616883,33.121241154651884,53.52495862786323,167.79725898737024,171.39983697139868,145.32705462700395,144.01051373774672
1867,62.233333333333334,108.2766523754525,118.44929482449841,33.46295700580386,53.97144733175413,167.66193870382668,171.41165241055302,144.9569670185743,143.7811785064901
1868,62.266666666666666,106.71798486676049,117.98026775249922,30.85741591050229,53.42367062979574,166.07345106290416,171.07442275421894,145.52018609880847,144.6098120395522
1869,62.3,107.50324217947693,118.21725283896045,31.229668789923714,53.30740702732636,165.67093270318958,171.0031832398216,146.09555589826985,144.72523906539183
1870,62.333333333333336,108.02824464359708,118.24412529549879,31.792222142773205,53.39439011402785,165.95634541021514,171.13810933897477,146.0176075850513,144.77762038349226
1871,62.36666666666667,110.29555716159248,119.12137441802575,34.43045497164858,54.00759808087223,166.98939941404433,171.31422021296498,145.70488587487645,144.49170254903444
1872,62.4,109.90445437373988,118.37994533750762,34.86839822261843,54.5112069461139,167.61503829872444,171.86083144215578,145.72751065584882,144.3202787015111
1873,62.43333333333333,109.80696997478688,118.67930178843662,35.4129578699739,55.30212315610853,167.9455167605903,171.99256440716465,145.52566701316297,143.9688867442165
1874,62.46666666666667,109.94028510658505,118.44813315539588,35.40574742597591,55.110398826298436,167.97146098637376,172.04552454191415,145.61389646032987,144.29284313639184
1875,62.5,111.19593085658597,119.40740390373593,36.37429675214213,55.72291298177513,168.352807154536,172.24851906408378,145.43830456794544,144.06112607694646
1876,62.53333333333333,110.96958797448507,119.54122952669454,35.88266817774861,55.24293061818163,168.07796334506398,172.05348065609897,145.80967819552583,144.0535987535953
1877,62.56666666666667,111.16721488013053,119.54075903678677,35.81192010881121,55.28088821751189,167.93540764820682,172.07099346386514,145.79398522651508,144.18219587557556
1878,62.6,110.37550246847438,119.25847221312777,34.57732602554115,54.74078317293024,167.2913317959685,171.81503103334578,146.0428499209652,144.3134813372437
1879,62.63333333333333,110.41232620529112,119.25935386220718,34.56746643697564,54.45890802663206,167.23077608526665,171.6058576468794,146.60541837028975,144.31739649332104
1880,62.666666666666664,112.72969795094134,120.05963575423759,38.600354349872326,55.89206588776942,169.33642232099632,172.0828300033926,145.92031336725864,143.26141142939352
1881,62.7,112.42021160649148,120.47144498237289,38.49473399108016,57.86910457118501,169.33449570364368,172.6274364490227,144.22747694956823,142.88758113772607
1882,62.733333333333334,111.83714634881039,120.0954035269936,37.7849492305533,57.628554323586854,169.0407147907818,172.62849629679738,144.41552328802334,142.82439478627836
1883,62.766666666666666,111.15750450665472,120.05349240642322,37.7381001939586,57.604916734069135,169.0484033887382,172.62995071575028,144.4348777111477,142.88595291888208
1884,62.8,107.6964391928549,119.41346054979144,34.01151768077921,57.00513798553276,167.34682889632904,172.4180816358892,145.15938198535562,143.68606486187497
1885,62.833333333333336,111.39467188480708,121.46561364087422,39.34249333730227,59.94488926937758,168.92848503110636,172.81090650265668,144.9288356364962,143.70684371422493
1886,62.86666666666667,112.29307899309141,121.28377836175885,40.95842822076494,59.93970087773191,169.8367102256498,172.85528065966915,144.57005625294696,143.68464857280236
1887,62.9,111.63309993372641,122.21714767261362,43.35674106981565,63.75240042470149,171.39538770933441,172.97798711582175,144.27189592427396,143.25862553088618
1888,62.93333333333333,111.81452697043406,121.83588362316907,44.770712348856925,63.73089343254256,172.14741297488376,173.10979599971571,143.44501444075416,143.48426831630718
1889,62.96666666666667,111.12648951771064,121.91540851051526,43.46394728341163,63.55472474930082,171.49583474793494,173.12744307193194,143.54025231766707,143.3788467793117
1890,63.0,109.1098871560737,121.73621072151533,42.472708499440564,63.540495790136625,171.47213167719178,173.15771537112738,143.97680265284876,143.42494170118457
1891,63.03333333333333,109.5072325761046,122.22021792431804,43.71439036924122,64.45235333250717,172.1381629350722,173.1563282720374,143.404464306509,143.62968396399722
1892,63.06666666666667,108.91956648162818,122.09654486471334,42.87046216470499,64.39115967822887,172.1405432490074,173.07617151585666,144.36874566065293,144.32962400665517
1893,63.1,108.26257329230815,123.71883120541973,44.56720657834182,67.507204292339,172.11370200653215,172.7060491119813,145.19491859187053,143.55530539131468
1894,63.13333333333333,108.78311429209103,122.90112461581762,44.98803015040144,66.31742191216394,172.43182468892022,173.12937390070098,144.73604090655857,143.48275849418314
1895,63.166666666666664,108.32577980400833,122.09564409131221,44.59686126911621,66.10738298807455,171.83878299850727,173.22663501747434,145.16267967202683,144.1193011915239
1896,63.2,106.98415726335554,121.33423173768233,41.12404755522581,63.6845950259657,170.26131355023824,173.30261178951463,145.65758552947608,144.90345245437163
1897,63.233333333333334,108.15021864160022,123.33161278253367,44.700985214921054,66.92189546768456,172.40011153490997,173.0324370869789,145.05351255510567,143.81116951579668
1898,63.266666666666666,109.46134277864435,123.46795713408663,46.868596832636904,67.76753958683916,173.14019394157546,172.9993377683528,143.84806953302862,143.73908513875688
1899,63.3,108.87009836295753,123.37484488174881,45.74264249342023,67.2085966485842,172.56716647897372,173.15249722159513,144.25554671677352,143.90920544848765
1900,63.333333333333336,108.23269835354034,123.15404618164513,42.88838441695483,65.53009134378232,171.24244884583726,173.32381856383594,144.3584411453433,144.06296008456198
1901,63.36666666666667,109.4439723826376,123.64545406569903,43.17863537049297,65.37531265010708,170.77156882208206,173.35418620966777,144.35341944635374,144.05933891137204
1902,63.4,110.57260276965266,124.7725339963171,45.4872677000702,68.16107495847122,171.52820083977016,172.97263505972532,143.62472942474218,143.12745902020458
1903,63.43333333333333,111.79020084267026,124.48397964038189,46.83868242458398,68.00122215840638,172.47579091523076,172.74561595369576,143.37871845496298,142.30731002704547
1904,63.46666666666667,112.20402281035153,125.22577897483056,49.2553844857201,71.44506200339026,173.14933054833867,172.30178732105622,143.1256269629928,142.18500493399262
1905,63.5,117.20307396118848,126.90975832974294,58.53014894319606,75.89589366914015,174.5223196147477,170.91827105967718,142.4867348428924,141.32151272734873
1906,63.53333333333333,118.93950554750751,128.16483296555577,65.0590048699335,82.86681661923011,173.3744179246214,167.94507239834314,141.76976487476156,140.25919809164853
1907,63.56666666666667,121.51156439753849,129.49977537894318,71.23537560637578,88.05869747818936,172.57953334597022,166.23613442135064,142.10876478939207,140.19812164417246
1908,63.6,125.25046039348945,130.98690138515278,80.42623815519454,91.90346077594455,169.96643462633975,165.45469682396333,142.72276677903673,140.56879963023258
1909,63.63333333333333,129.7187251798375,129.38946149800833,88.83995552624494,95.67520604545452,168.9097626504927,164.17042185722417,142.49572453118168,140.95810732236114
1910,63.666666666666664,131.6173428165728,130.16716478079113,91.93258246993037,96.18797179722561,169.56150662747768,164.80830112907037,142.18975279571424,140.066125143433
1911,63.7,130.85701778141768,129.10166536574692,93.84894613664957,98.64016681508234,168.6411929726818,164.9279572888768,142.13389144791464,140.43084141119533
1912,63.733333333333334,132.05277919212455,129.92554920022476,96.35787479345825,100.51996458428432,168.7278134624581,164.14144018564295,141.7760824064209,140.2648254940222
1913,63.766666666666666,133.26566449594807,131.67085304163115,100.21164719429632,103.52627173615738,168.96815973472187,164.74731543843012,141.01810848587837,140.67547168900657
1914,63.8,134.7327602073529,130.90462915204995,103.64125279850165,105.30962713913696,170.31888265512987,164.85529818908074,141.59993842037866,141.18535958905812
1915,63.833333333333336,132.3696989453326,123.14264844506391,106.97288325867625,107.04004833053808,171.44039203378577,164.80724123933294,142.40133699227616,141.7375920950558
1916,63.86666666666667,127.49308595245554,122.06838315924588,110.0606009152434,110.58703316118404,173.03738526624758,164.20727431644087,143.66677201420902,142.04201596307055
1917,63.9,126.9079984222559,119.36382681442669,112.32616770856069,113.34008022705072,173.15989849682404,163.55742914532794,143.58705921102887,141.79271723195808
1918,63.93333333333333,127.08503468593523,117.0536151873109,119.23720497612923,118.05723779189107,171.76817890739707,163.34886186803166,143.7585703685058,142.66162503777602
1919,63.96666666666667,129.9618688581128,123.276153178944,121.7493719266689,122.39094478441214,171.39903326443613,162.42207670321707,143.4049151970045,142.23125203308186
1920,64.0,129.92730695022783,127.5994825006822,127.97542148233686,128.19844660873224,170.56637086241426,161.20757519319758,142.5037997052358,142.46658514388938
1921,64.03333333333333,126.34898758192715,121.9862712969844,130.51390741615126,130.29450566571398,171.1152374271581,162.32694004378214,142.5033737640312,142.94453413334108
1922,64.06666666666666,133.76415888511124,128.47963044914226,131.46931660165677,131.81918417249912,170.03596211404832,162.00828511354771,142.3395636605416,141.90148855229518
1923,64.1,137.57378154616418,129.77336269784283,131.70886295472553,132.02037778979525,170.67643284261618,164.5676471020755,142.16290339106152,142.17118910872077
1924,64.13333333333334,140.03380746726492,133.3508936706113,134.10312544735862,133.33765239269874,170.78756601688497,165.5678871857628,141.2382551559795,141.84447335312709
1925,64.16666666666667,145.51448886149774,138.57992138354595,136.93210279836745,133.72836847983677,170.93953965444845,166.79504349949423,141.56144439350211,142.60931719435325
1926,64.2,146.8934073339576,138.2038335698467,140.1515253752913,134.08784955601732,172.17506034294206,168.88261294561323,140.20014351877435,143.55956302501266
1927,64.23333333333333,149.1760478906324,137.7238875069408,142.21771912036724,136.37121389511674,172.39223188315927,168.91060559131913,139.6440658822002,143.5513286330699
1928,64.26666666666667,148.9495711623761,138.24883717919388,144.0727263917069,138.3357529846841,171.35198297526827,167.98469126840112,139.35563956939262,143.61004827760638
1929,64.3,149.239433467922,139.23253466490806,146.47074348395626,142.07027599041166,171.8295170826096,168.00796711338458,139.6539441483609,143.47082977300042
1930,64.33333333333333,148.84158298040612,141.97521159914643,148.3749216357226,145.68265889541496,173.34543106306208,168.35006925385977,143.090537978287,144.51497935472267
1931,64.36666666666666,152.12755497567116,143.97883992647212,150.63382750278143,148.35800701231582,173.8355613389907,169.99062041504283,144.3370331235811,146.17756056824695
1932,64.4,154.2809268662533,143.97618266178796,152.0566247781806,150.32563226818203,173.95247776315557,170.9020235476103,143.86105921241926,146.81764573201505
1933,64.43333333333334,154.8818443858595,146.26649005456167,154.6129984451846,152.06117252374654,174.38636279945982,171.01065394011692,144.87139924312692,147.8205699953858
1934,64.46666666666667,156.2225961840593,148.3322493678294,156.71362992342972,153.88165461226123,174.52064892873906,171.47381045607543,146.21698785104417,149.1427906436296
1935,64.5,161.30819200287755,150.5836516761515,157.5872055628974,155.15014424001654,174.04574805781382,171.59509522596008,146.03425940529146,149.4940281843115
1936,64.53333333333333,164.3299375620379,151.74524883425548,157.95013425511502,155.44971223957194,173.65905581128428,171.5107495331159,146.49341138981993,149.34802070025157
1937,64.56666666666666,165.07764866427036,155.34581732843822,160.2633589159693,158.21027891993705,172.90459516942897,170.5077322093907,145.31333549987974,149.23494340268172
1938,64.6,167.40326681770892,157.07610257632078,160.56461566170316,158.49480208812096,170.0507489894144,169.34534964376633,142.75201083165302,148.21887824140325
1939,64.63333333333334,166.95196029148286,155.63444497878842,162.22009772339746,158.71732354107482,168.5028779671592,168.36133961329986,141.9978497705697,147.7870421755851
1940,64.66666666666667,168.40890426788602,159.33947135303612,161.90993491546817,158.36197094879807,167.3240132077838,167.6344047535735,140.3255548895076,147.41971969125532
1941,64.7,168.00869306754873,160.39560021758518,163.3114002359154,159.2047388939061,164.57090979886854,167.08273946513515,138.46965434259326,147.51070908229016
1942,64.73333333333333,167.42572482186347,162.79079309822987,164.0271130168847,160.62670349584138,165.5070624106196,164.536017465194,138.24454961813697,146.98520319841705
1943,64.76666666666667,165.41050419881483,161.86764082588743,166.28370808362945,160.91477638400966,165.99632597344552,164.98375065872946,138.43422389395798,147.14141200392947
1944,64.8,164.83885954141653,159.99116532978323,165.2555227198956,158.42758085565177,167.3775640352142,164.3633142228859,137.46543041842003,146.30751818729598
1945,64.83333333333333,167.201551905332,163.27865739998836,164.22560583028692,158.50094182486643,167.05357582367816,165.28911311776457,137.71124689944463,145.93882679016258
1946,64.86666666666666,167.62407975820324,162.2349300379871,164.368428996564,160.24736378829144,166.74649144758627,164.17329420510328,138.09798832559582,146.20506052350223
1947,64.9,167.2681032985491,161.15363202060428,164.7691308786982,160.53393984620394,166.25961982914637,163.20434685648343,137.5087486767848,145.72234483627653
1948,64.93333333333334,165.06092759295984,160.08744387183117,166.9477387656464,160.67003115592226,170.27970160668866,165.52049385882253,141.3907935934738,147.33931776694774
1949,64.96666666666667,166.0171764668868,159.63641005480946,166.91942491018406,160.7363799029597,170.1685909234911,165.24844602642952,141.04904278548688,146.80881864535647
1950,65.0,165.99404865856263,159.33543800879582,166.8868451347254,160.31966496455917,170.48000771324888,165.548163958785,140.9045699936865,146.86394406269622
1951,65.03333333333333,168.39744909434089,160.86312825957762,165.973003136887,161.16359299785842,168.96442714881726,165.1617166954041,140.95722435112896,146.50984212114275
1952,65.06666666666666,168.369451268755,159.9030817724004,166.59241401780034,161.263904833952,169.6623359276014,166.41989269692846,141.42997216980493,147.68620106617777
1953,65.1,170.96611089161016,164.48340021341474,166.7321956461555,163.40972912286736,165.06411780966152,165.20016181673162,139.50495367205647,146.19594384514477
1954,65.13333333333334,169.53494606780603,163.31615001437783,168.33792875302743,163.7109322475457,164.5981900985295,165.44915392881128,139.8475813254804,146.31873871416428
1955,65.16666666666667,169.32616058605876,163.28109815170353,167.88177135072127,163.57398243924908,165.88943337765204,166.7371853421716,139.95392837679753,146.9363745076552
1956,65.2,168.7703059530105,160.47463519315474,168.0684577983415,164.56539444031029,167.09206620446383,165.28902251731523,140.1847325977121,146.23493660430526
1957,65.23333333333333,167.5972311381957,163.3561289781358,168.08306794503346,163.35000279439456,166.7424541636544,163.49498190763586,140.2437245304163,144.8320188388225
1958,65.26666666666667,167.41228561528752,164.07251804102023,168.87570267735558,166.46006905003395,166.68638740522604,163.49529629999154,139.5147785899426,146.2199993940304
1959,65.3,166.34210049301066,162.69367313495815,169.40378188746755,165.4529951292126,168.3098371507875,164.47331592847516,140.20194501115358,146.5829861809364
1960,65.33333333333333,166.300100327912,161.89478666796367,169.6602115585628,165.89026188625166,170.62455639442072,166.25642622019726,142.02307626141078,147.33174701564215
1961,65.36666666666666,166.6711961916258,161.74360846787377,168.72427587213394,165.26440640534736,170.7676537637949,166.5827999647306,141.23956852283888,147.4429911384474
1962,65.4,168.644064488062,162.8137823791921,169.1294687842587,166.73811087863007,169.8196079554241,168.16829348396513,140.57433114975177,148.34808263328003
1963,65.43333333333334,168.41573607431263,163.91873781674437,169.7277992562284,167.18960478200273,169.09960409746213,168.07736039384994,140.78157449792533,148.5121556746568
1964,65.46666666666667,167.71246030025418,163.7056556469528,169.24762489651357,165.42120076410632,169.31182787012327,168.95694781424802,141.14840862941602,148.7508360926861
1965,65.5,167.2871593074386,163.46685065844468,169.23558265332494,165.76057043299576,169.2965479506481,168.4306379869393,141.43706040725854,148.39223443903575
1966,65.53333333333333,169.28343363248538,165.50422398390575,169.09934715594062,166.7570909915033,167.93863951854507,168.2402096812533,140.6126015295436,147.67927479652946
1967,65.56666666666666,168.5964954407705,166.11896777115038,170.45141747100567,168.38597323492573,165.73344716905945,167.42569339610162,140.78485853495354,147.7109517164848
1968,65.6,168.27827339369213,164.819814222876,170.28091742261478,167.92583023622902,165.6086835173656,164.69870172416364,141.08648517379828,147.37613104364905
1969,65.63333333333334,167.03930192336617,164.81489563967475,170.4247204603875,167.34810227401533,165.81575820042093,164.84834557868567,140.97271559432252,146.80707034579407
1970,65.66666666666667,166.64275398181712,165.80755433300214,170.27824493120312,167.05959588730553,163.07746929012748,163.75780010915878,140.25253315992896,146.31674508807717
1971,65.7,167.53353597284814,165.65634419834615,170.0120835915081,166.04085030472424,164.2892472797385,165.31180105719724,140.8778388682046,145.97576440494137
1972,65.73333333333333,167.200354602875,164.06535200914993,169.95731577459026,165.67471588754663,164.90030468023542,164.20263609442625,139.60952623897342,145.50919146216265
1973,65.76666666666667,167.64974916591808,164.18021889811564,169.96680945549767,166.14035515898573,163.91871560671834,164.14451522560654,139.55194341708918,145.55143212597827
1974,65.8,166.75350952083522,164.7141350607259,170.22311621444473,167.2202717985457,163.35436292984488,162.64043173691903,140.71905981096873,145.99500349706355
1975,65.83333333333333,166.96549604601228,164.97160819101313,170.50506694872794,167.15446714113196,163.09519787721393,163.17750542595306,140.81827484223865,144.9988674930378
1976,65.86666666666666,167.203511636635,165.18943869043792,170.39489764420438,167.03911047552054,163.12163079436755,162.62193379144168,140.32813658149027,145.13177490677697
1977,65.9,165.07870959825902,163.71518683446573,170.00805363487729,166.18612385601517,165.5865939932707,162.73407810236998,140.39779472935925,145.25249355788995
1978,65.93333333333334,165.56852590199267,163.986290175228,170.0785622568259,167.00379592839823,164.74831258523943,162.31783050518015,140.94988912979056,145.12931841492292
1979,65.96666666666667,163.07929017683907,163.7410469649835,170.41931274904616,166.4206183998021,165.81853313037027,163.05712709842038,140.16399137139015,146.12225219477267
1980,66.0,162.7940221968039,163.58751219519925,170.6091162954441,166.96660365777893,164.84403260396715,161.66583113702706,140.6024147784503,145.56055795513547
1981,66.03333333333333,163.7276730385437,163.70016786819912,170.54678563713804,167.06416979092023,165.52545153055115,163.73280809746856,141.28276249571167,146.30886278427377
1982,66.06666666666666,164.3056071703849,164.6754920247432,170.54349898964367,166.8966625275253,164.71991654440288,163.5620712716275,141.44254600710454,145.55834045709486
1983,66.1,163.82482243868333,164.44442875153018,170.619394403136,166.6359514448289,165.27691477967034,163.09123049969338,141.10436570944665,145.60146072543813
1984,66.13333333333334,163.2705531979271,163.74782475408824,170.65458560894345,165.94499854519745,165.41995527027004,162.9484696874834,140.76526833800438,145.58200055470132
1985,66.16666666666667,162.61339645069012,163.12603799896263,170.44062747056628,165.27758099262317,166.88947164005108,163.6237842156737,140.42857250525967,146.17780104606732
1986,66.2,161.44749336538774,162.86664386380008,170.43996938105673,165.096453615694,168.64903198375927,164.24830265566032,141.69086405491998,146.6509377618852
1987,66.23333333333333,162.61775063141263,162.07103674924517,169.48245756118303,164.1567629615372,168.61518746109346,164.2922795905237,142.6932875695119,146.50063974714803
1988,66.26666666666667,163.3033631177577,160.03363848298454,169.46654827489925,163.28108734856033,168.70908894962557,164.52819249058058,142.92735145609632,145.40584628378198
1989,66.3,165.94077948836716,162.4724149498268,169.0644394802919,164.64586605119175,165.83937486507955,163.51285261129027,142.274734151234,144.65931182735312
1990,66.33333333333333,166.01705521488728,161.62255425209725,169.22712786271398,163.99139684272123,165.67053256054967,163.12373926001726,141.95495810750344,144.80586263963394
1991,66.36666666666666,168.18905484061375,160.23703277125423,168.58819422296423,164.23564218613365,166.1242090201608,163.7363850788497,141.71550416611308,144.6618823616498
1992,66.4,163.01592817222297,155.81266342033902,168.1335729582988,160.24557941424624,170.45858987373086,164.6546343635015,141.91714825603094,145.53557373593668
1993,66.43333333333334,166.4080132822836,158.56995275036795,166.3835508653418,161.29105604709056,166.7137598359958,171.16385450028756,138.72031601468882,149.06003032914012
1994,66.46666666666667,162.89136772960555,158.06633508039636,167.33495234130834,160.80912896446762,171.05702527448227,169.10230533128671,142.28022992118406,149.62231374068878
1995,66.5,163.07848709219138,158.78346168277957,166.9092415068049,160.81450810678007,170.51251091454762,168.5262295933838,142.3234096440073,149.03637305052675
1996,66.53333333333333,166.39189310546624,159.8350666070993,165.7992577467264,161.52599419410083,168.85452465413687,168.14808708560975,141.82858673840556,147.6720622634213
1997,66.56666666666666,162.9882157594811,158.53625633738338,166.54097010712684,160.46316115636068,170.7369288160133,167.97523290510577,141.68038310962916,147.72125181851712
1998,66.6,164.14829064043712,158.33681457482598,165.73814666866735,158.6844662210736,170.41790507837135,166.7815168383274,141.43978006104874,147.4256176248422
1999,66.63333333333334,165.63055586498103,159.2677317832989,165.53495076448027,160.15173264596638,169.00217548412252,166.42553877182905,141.67459120398536,146.94288862769113
2000,66.66666666666667,167.4799163356837,162.0057314176767,165.17014811696353,160.81324332808552,165.83777461703244,165.32335017591552,140.1308153292939,145.39611595994006
2001,66.7,167.51277884762632,161.54387473634887,164.90679006852363,159.20354935963576,165.17900339355555,165.62371223187407,138.46132332250255,145.245812146706
2002,66.73333333333333,167.31052477117348,161.78537979988272,165.31411033060823,160.59541409439493,165.06945037063534,165.27182987625872,138.60684940018072,145.27198326536043
2003,66.76666666666667,166.55323892086938,162.53779306226895,165.4689540161962,160.98309187866832,165.03763492491362,164.84438167040037,138.49465443112723,145.51431596406377
2004,66.8,167.71584893470458,162.6877931882427,165.01692860260107,160.58855341005113,164.0199743126808,164.65192432440116,137.60575254320037,145.43832193923913
2005,66.83333333333333,166.87792550361482,162.6416035706601,165.84670017125683,163.09196102421254,164.8565890876427,163.64060315709136,139.82591763462966,145.16074496604355
2006,66.86666666666666,166.47938433339147,162.6725140486118,166.7052928311417,163.46983885773517,164.00555094036247,163.12818724935985,139.5546110461641,145.12665563609266
2007,66.9,166.0126588035161,162.70609264683733,167.6845703905706,163.74871022673685,163.80040265517272,163.07483294145982,139.16860695710764,145.10357020218171
2008,66.93333333333334,165.22765359665448,162.4513093195528,167.2903855474875,163.1131201939036,165.99009764450284,163.40530451696156,139.49679781505552,144.94913493864854
2009,66.96666666666667,167.3071862974083,162.67432799446505,168.27088891589128,165.06954708035965,163.7215423400427,162.79568826582806,139.63686366136338,143.85026241757683
2010,67.0,164.2701918468426,162.26384821410306,168.35345480529242,164.25681895236605,164.6358619430585,162.1732407997766,139.02541329660798,145.00670131819405
2011,67.03333333333333,166.37732537395263,162.57623905280298,168.4817789133079,165.9461859585625,164.54660743435716,162.89449200016549,138.82676763440207,144.55072403372793
2012,67.06666666666666,165.91350206508034,162.05120854963556,168.7508460759192,164.74155985611964,164.04140570728208,161.68458929014264,138.3223705048469,144.11682257181064
2013,67.1,166.90283170897922,163.0154776209759,169.30255169794097,167.45322114334382,163.35916305211884,161.9229946472871,139.04362209350313,143.7958123909113
2014,67.13333333333334,166.8375729025287,162.16781762855152,168.67681913507099,166.5678472078916,165.52910901050438,162.33293694635884,138.98925998908697,143.76077052104313
2015,67.16666666666667,168.11382278563192,162.44703418686777,167.93268936955695,166.0848892361183,164.2967850985283,162.34446694585628,139.5930556330027,143.4947318001234
2016,67.2,166.17657683497333,161.70067403666002,169.43242626895716,166.45104354186563,165.75833320920822,162.93299517146156,139.46224207645233,144.05252139506635
2017,67.23333333333333,167.0887038882853,162.99073842762616,169.20309844386853,166.69210147571363,164.0848054189873,162.81729352024612,140.65628833223806,143.78797341414403
2018,67.26666666666667,164.99966665490172,161.44585516542105,169.19054013441865,165.79576533220143,167.32759677226926,163.3790695760027,140.36491106139985,145.11094210432407
2019,67.3,165.85528761229818,161.31195263480637,168.8323055002329,165.5625985785224,165.8153264102283,163.52164988444756,140.4106754180999,144.88637597626922
2020,67.33333333333333,166.97871299673926,160.38814478425618,169.1347906613779,165.18094954631243,166.6102386078256,164.0834472186309,140.46696775768993,144.73970340170692
2021,67.36666666666666,165.31238625881085,160.65068306910248,169.29660923249247,164.94997991165653,167.1981216916346,163.67505064244668,140.67058802201845,145.2114540865456
2022,67.4,165.2053130235256,160.96585556092109,169.57505831276168,165.82033572076634,165.91250561359902,163.29394378726573,140.7252970224127,145.14222678811348
2023,67.43333333333334,165.6378244061621,161.64433845751486,169.55897259396951,165.98581673763903,165.55513010501735,163.12917352875877,140.8776533581464,144.95947011065047
2024,67.46666666666667,166.74669202774817,161.32350253404712,170.181657456913,166.95223101376777,166.43980470438996,164.61350030838068,140.95567726315372,145.60288288655235
2025,67.5,167.09866300091974,161.82669395321028,169.82345959849508,166.54617381101585,165.56863143988056,164.45922809159975,140.87981622224592,145.59281211718647
2026,67.53333333333333,166.88685238100314,161.66320099370824,169.817455660821,166.5806307393651,165.69635884801383,164.71049868844017,141.03472979983778,145.24690535781295
2027,67.56666666666666,167.56220082919666,162.04469634006486,169.85787418133071,166.67265800806442,165.36554945290067,164.7699959709857,139.82871659810465,144.9584788717991
2028,67.6,167.24604696168223,161.7979975697596,170.13725178970378,167.28713850045918,165.25096684689217,164.2199606884745,140.149574129724,144.76672220319597
2029,67.63333333333334,165.09269185032585,160.65229961155958,170.5782659493766,167.16472494248455,165.34699485281075,163.3388974593633,140.00948990621134,144.9392235489721
2030,67.66666666666667,164.5469609470283,160.09925694674223,169.39028062500464,164.17472293328402,166.78983144665676,163.7677985460024,139.7142158060907,145.0953579678563
2031,67.7,164.897857481984,159.71026616786128,169.2977909590494,163.8876877073983,166.8931748372107,164.22164846903664,139.89253743087772,145.05241047334016
2032,67.73333333333333,164.18649472383086,160.27633583677007,168.93489370985014,164.5724335269168,167.1565693597979,163.8952746324819,140.5913364342279,145.265724224292
2033,67.76666666666667,164.35565241305625,161.02879004569672,168.784464238704,164.474642712022,167.2340656916567,163.40709332692043,140.1392331401526,145.4733536201282
2034,67.8,163.55674157592742,160.25683895917436,168.387192645741,164.00530783536854,168.1508432102347,163.5753330499779,139.94424987339804,145.543041689514
2035,67.83333333333333,164.39414985193986,160.21301411956176,167.69783111024955,163.6896054653531,170.19866293294535,165.9826847810808,142.27119489507658,146.45165551468872
2036,67.86666666666666,164.80901915889734,161.05133087703965,167.5962101168145,162.19876744800078,169.4322462925007,164.80998925526055,142.63245828664878,145.51660807328057
2037,67.9,166.65883437891205,162.3100037993608,167.06015506295245,163.3638093158438,167.46434843543454,164.89110124564934,143.3035088983943,145.36818886480364
2038,67.93333333333334,164.20541824842292,160.60093349567086,167.7916780062485,161.80005711001525,167.96546546683987,163.18108724705954,142.32895470307142,144.97013197565593
2039,67.96666666666667,165.9582096839044,161.901081175004,167.07255144224732,162.86579076915677,165.35592019578027,162.15561366961475,141.93041826024185,144.33114063044678
2040,68.0,165.1103096026771,161.60467303729973,167.28677970646334,163.24117371173492,165.46391155638753,163.19386737760126,141.95532037351987,144.98291905517496
2041,68.03333333333333,164.9215431659647,163.16635272342444,168.12344954446877,164.61069205104982,164.34597004258256,160.80541803612937,141.5584983549822,143.94643681619516
2042,68.06666666666666,164.86637363330973,162.468945363692,168.17993096367715,164.81703529096293,164.35361384503966,159.9569227361725,141.11874316237268,143.36026826559726
2043,68.1,164.22425241790918,161.91278821210093,168.25971640421469,164.97323433978272,165.50635238978984,160.33933855771295,143.3377747506565,142.98027045333802
2044,68.13333333333334,164.06228284488964,162.28574380069657,168.3651898258256,166.37017498856187,166.3449319533799,160.46600340465147,143.8187017551905,143.11846098422035
2045,68.16666666666667,164.72694203079033,162.34486431596915,168.5909364336913,166.52733977161395,166.7223461823652,161.92845389393096,143.04310562416646,143.55668691823956
2046,68.2,163.0279733805141,161.34759726076237,169.14371355957542,166.14320874685987,166.6793102316588,161.70456370421567,142.97248727036924,144.17471512892
2047,68.23333333333333,162.90471038343742,160.24560881769546,169.18295239710224,166.83016158662386,167.93850193137058,162.1874056498544,143.02413156547382,144.40934207815275
2048,68.26666666666667,165.41095652444855,161.32534106257222,169.07842285749294,167.61569535060872,165.80860797245637,161.54214523026323,142.44461328029394,143.65103864390016
2049,68.3,164.8716791406957,162.3200479974266,169.3981332126505,168.6596835582185,165.35123146575768,161.33437195190913,142.66095065728592,144.34840291125803
2050,68.33333333333333,164.26849893354188,161.764275150737,169.85298804860383,168.77496602562593,166.57261190666256,161.64484213693223,143.27449948972904,144.3844278667726
2051,68.36666666666666,164.1117943572983,161.24032302344204,169.5297761101403,167.16992911229812,166.88402290093416,163.34770897021934,142.8968202290785,144.7138113949059
2052,68.4,164.98594565709007,161.47426867659496,169.10421620558574,165.91800738077077,168.0027063979796,165.1799789244101,142.32085088049647,144.85497670369847
2053,68.43333333333334,164.19994571885763,160.37229761732078,168.832650333624,165.2330613997044,167.9724196661578,165.06182853174317,142.29913053851112,145.01855758967608
2054,68.46666666666667,164.17640803403467,162.5929377945346,167.5593140809056,164.67621593218522,167.01111257473934,164.74244345063343,142.15588899848427,144.950256812001
2055,68.5,164.56006119279357,161.30860662511662,166.31587425355087,163.34495591804776,167.55905918430236,166.34588418735044,142.90142106590838,146.0286696533594
2056,68.53333333333333,163.8203388927497,160.63764589749331,165.3573405536421,162.97338730579543,169.6308352863556,166.66435775055083,143.76743958686657,147.2098008558115
2057,68.56666666666666,163.6610350930308,160.50309115715285,164.46663387578656,161.25943802914165,169.59813478314865,167.40532759588518,143.94379722659588,147.121582837442
2058,68.6,164.36442338427634,159.21587728168774,163.50792786518707,158.96019555056998,168.92329440455993,167.53078361075794,142.4129655955266,147.24319294258788
2059,68.63333333333334,165.05322704506685,159.20953309115745,162.41462570626385,158.7759806902954,169.54681513667626,167.94244602502286,143.0898626463621,147.2441818879754
2060,68.66666666666667,164.43941224741755,160.7927665989406,162.1365504640989,158.89381882017054,168.47303594339292,167.31132860317769,141.7035867090019,147.2465153317244
2061,68.7,163.60108304234848,159.41964852440464,161.34532336832737,158.98727652585626,168.5535188847803,168.52183247491413,142.1482615276362,147.78398875790162
2062,68.73333333333333,162.59483364607848,158.14318363941013,160.30516801177245,158.37452914059864,169.88165911193389,168.32929370027543,141.59814674008877,148.09531581472618
2063,68.76666666666667,161.20486649101252,156.20322968991172,159.5101105638573,156.63051570889576,173.24061836649838,169.74343309503394,144.84677088692234,148.13138915687972
2064,68.8,159.5198236571712,153.6153653469603,158.83472985274724,155.6099494970544,174.5714260820873,169.78386159917684,145.5862050582889,147.98761449341072
2065,68.83333333333333,158.14935148255208,152.23041694562798,158.41497984009217,154.66325923657126,174.94884144119783,170.36663370875243,146.22768113041639,148.42918684004144
2066,68.86666666666666,157.9367543961113,151.16028028447678,157.34656424279453,154.13161222249067,175.07004556004028,170.79982405127717,145.97408698201326,148.13220431895564
2067,68.9,157.5815690438677,149.56503097422933,156.09596657964175,151.71572408694084,175.04372693825582,172.07820020542383,145.74541412631652,148.7190080542095
2068,68.93333333333334,157.42060554192605,147.72360765216393,154.63295613644019,149.9121449177145,175.10058139277268,172.8870898749386,145.8532449334715,148.7274942070332
2069,68.96666666666667,154.63235632233364,147.69021103880527,153.06126136501618,150.01574188585425,175.0554795319246,171.5737890672181,146.6039707947377,147.97060423738512
2070,69.0,150.31746331181475,146.1780326675172,151.39325843088236,148.88933139007023,174.86092170955936,172.18360389583876,146.14771451945253,148.17669880548578
2071,69.03333333333333,151.2379245905534,144.67123011835264,146.59690567920552,146.31238375293088,174.85521553351657,172.25093918776864,147.25712706011066,148.08187019219582
2072,69.06666666666666,150.56478793421084,142.74367007989244,143.31536992336547,143.43570852641244,174.7635764284046,170.763333210268,146.27472899859646,146.2854930060426
2073,69.1,149.86504856326778,139.93319214255104,139.01301631364655,142.02372899602221,174.30908624791527,170.75523740716432,146.15642793449118,146.5091370306565
2074,69.13333333333334,149.78708584851123,138.4689199823948,137.83994450929774,138.691372850867,174.67696363743605,170.69021702957974,145.10316435988076,146.21532499643914
2075,69.16666666666667,147.0875655483523,135.35732669477952,138.1286449586837,137.94390762373513,174.3561141183805,169.23577155741856,145.64160050004259,145.86319717660672
2076,69.2,146.51765434978128,136.5144248484527,135.14866074277816,136.16592182812158,174.16240232712175,169.70010484544682,145.14959375466194,144.77101568047132
2077,69.23333333333333,141.74794595446443,135.7347273276753,138.15431263745424,135.3017470800372,174.17968669421208,168.2292902412706,146.971705527952,145.4099576274122
2078,69.26666666666667,138.2120881805274,133.8344343089292,135.46458654262983,134.09365152455362,173.2657205366871,169.1162291050332,146.6056963254903,145.27231806414065
2079,69.3,137.14624666376142,130.79103039919806,130.8089873441555,131.91920699799613,172.726453471941,169.9410280233322,146.84793103037123,145.83429370732014
2080,69.33333333333333,134.7823544734494,127.46196020460987,127.21917371505883,129.73481694969615,173.48051649099926,170.7273452678486,146.81976881064213,145.5212863617536
2081,69.36666666666666,139.14543938140724,134.1502321070266,124.73972729777248,127.10966437357297,174.18214800030466,169.78363976138903,147.55326517335138,145.72961108969778
2082,69.4,137.00220036401407,129.9949076846485,121.65047078873145,125.4224260002314,174.19847686748426,169.74131758346607,147.83089820105565,145.89526142827603
2083,69.43333333333334,135.11194282386276,128.10262211852015,115.9552433264641,124.36494245829839,174.2293255285074,169.6132618653735,147.19984412760462,145.0250082527341
2084,69.46666666666667,134.2489712214453,129.4913827389976,116.51897381080607,122.90274430824256,174.81901725683545,168.8604048438326,146.38617117379215,144.52402919452703
2085,69.5,131.5776138856512,130.4688031203736,118.0765735995578,122.63454597318,174.57954061838984,166.78507930613924,144.4380132351756,144.00947097967835
2086,69.53333333333333,129.46582544688596,128.51654598207318,112.6361604640512,122.92985949627544,174.15246717114653,165.89397512438484,144.2793511566146,142.97370336457664
2087,69.56666666666666,131.6323359077817,129.9736186117246,107.59198695844141,121.98484150733091,174.54794159562624,165.5115999113587,145.67724737900627,142.47436238992026
2088,69.6,130.71806334387796,129.62010113037246,105.85597539740526,119.90270843015597,174.19297560613165,164.06481449569125,145.0222693690741,139.77362803303114
2089,69.63333333333334,129.89061522270407,127.45217258251868,104.43041440218633,118.72909566052276,173.89777536719603,163.22299685465333,144.71051457313945,139.58090302663106
2090,69.66666666666667,126.10398513443876,123.8000986071906,100.39386898600661,116.96303888732845,174.30785261322154,163.30993087003824,144.91887834613544,139.34616500742428
2091,69.7,126.63607147298855,125.34690458812844,97.89707388537443,114.03030324837933,174.8023833584321,165.1463708703242,145.9768327962485,139.24451182744215
2092,69.73333333333333,125.12640205302928,125.35645152654712,95.11449226031968,112.55083103869619,175.3511415229691,165.4304905019165,147.49453303823321,139.63303174350236
2093,69.76666666666667,125.75996744146708,125.53131114265335,91.59466508974498,110.51588292189246,175.23228971772997,165.43278090095066,148.2554084683134,140.26541848494486
2094,69.8,125.83975081179736,125.47363449161617,89.85808089897851,109.3993133775442,175.28201728929952,165.2819081389105,148.83296447468283,140.72765770110945
2095,69.83333333333333,125.7737818458376,124.22444976202245,90.2520108012514,108.57817510511963,175.29571598738517,165.13434822704545,149.12644142192195,140.82073163177944
2096,69.86666666666666,125.27737596210414,124.89686069964347,87.91177400996476,108.74636089335526,175.21841363400677,163.99588150554905,150.57486801186963,141.45193789929883
2097,69.9,124.84698769258628,124.96942407673258,84.74143187361065,104.45797044944452,173.82744552307756,166.79661962497335,150.86439285852438,141.63075537338472
2098,69.93333333333334,124.05002822046568,124.51005022644682,83.29959605180277,102.069009057527,173.35395349566843,167.87600597391636,151.7549240119178,142.03503664138967
2099,69.96666666666667,125.35835920975691,125.52715770855691,83.27288548229266,101.5934099798907,173.13733389834366,168.13648592874935,152.48635280113032,142.9415590409136
2100,70.0,123.85061919276846,125.40808540295721,82.053979297883,100.85767514142697,173.06301868246663,168.04885444418787,151.67864413407023,142.99982749042607
2101,70.03333333333333,123.56183827320271,126.02532416857406,79.87824949975165,100.32576158951719,173.44367846949154,167.93769828601413,151.21669902474676,142.70901715906183
2102,70.06666666666666,124.03944713472575,126.98148465257135,79.56931548646938,99.4302648782359,173.5059189931586,168.5929534220316,150.50117196551506,142.39689943943054
2103,70.1,123.40036223854085,125.76351072841834,78.4868871962859,98.3327071056995,173.45038869575833,168.95815661712174,150.44628394394945,142.46889107336364
2104,70.13333333333334,125.09738081301288,126.8157299222629,79.482723472139,100.17957038336073,173.05097129625005,168.0926959486793,152.81087707386376,142.84732399596746
2105,70.16666666666667,124.37598152921393,126.26622294885931,78.38838982695738,98.86133543110074,173.29662623534156,167.96710764834074,152.63676549550814,142.67604371358922
2106,70.2,123.85906764935152,127.06864766864598,78.11763067360614,98.40000994558501,173.60841718658918,168.01883711435485,152.29354951446493,143.09002458966302
2107,70.23333333333333,122.75440093439273,126.31211848603215,77.84411871208388,97.88353801149026,174.1783284470773,168.39258753485655,152.58252457538353,143.68708293636683
2108,70.26666666666667,122.17146493036076,126.64563103210779,76.19841698896714,97.62507719778954,174.36839401362053,168.3531150619938,152.18207721437537,143.45028904616464
2109,70.3,121.45262432853654,127.33931217086035,72.8281180052917,95.8049449651466,173.56443511404692,169.33808901995016,152.02282787340252,143.36957311537222
2110,70.33333333333333,122.67331964191057,129.09025191802814,71.69843444456174,93.9672519312136,173.25709496426828,170.1309369326671,151.29012180756072,143.45309496919722
2111,70.36666666666666,120.11652591386958,128.9323463323978,67.65192172443375,93.363882800382,172.24770338174932,169.6136929760365,151.64976741323974,143.32256582578916
2112,70.4,122.9327993519794,130.40066415903107,68.03142546263153,91.39702731511281,173.05202321201403,170.24791236037422,148.92767905784345,142.61524278131094
2113,70.43333333333334,119.63332698381198,130.77152981045774,65.61056097335094,90.96497949038529,174.11024697163597,169.79670271001567,147.34383332423047,141.95301184042538
2114,70.46666666666667,118.59237244045825,130.0085075190476,64.67399037843592,90.80158393623745,174.75642280239938,169.32751472975355,145.9980755690463,141.16839385665864
2115,70.5,119.01902882197685,129.4329041400521,64.03587444490732,89.4433005426284,174.6012857076478,169.66760552402567,145.60507451386104,140.82752595536346
2116,70.53333333333333,120.77923775599402,130.07306224819112,63.19232252657039,87.15573908014682,173.81966549469135,170.2928641873061,145.75725936091843,140.3812730706547
2117,70.56666666666666,120.80289431329294,129.43596828724233,62.83120993561788,86.52560521773796,173.91118770782893,169.94032993483998,145.98984913025765,140.24243044804538
2118,70.6,120.58490548547341,129.87058982923415,62.39061698373177,85.03633563556865,174.71204059255743,169.96121587585915,144.59956077780464,140.33610219870107
2119,70.63333333333334,120.32378691782863,130.17575460369272,61.556254816255425,84.64231882422467,174.4155463477715,169.75726049354603,145.09566674370654,140.16719061710202
2120,70.66666666666667,118.56492256489608,129.84141618617463,56.31024733334587,79.89995076766611,172.76452007183673,171.44384758540008,145.6410481001278,141.5245591418751
2121,70.7,119.923910350426,130.81665306047668,57.569033793006426,79.55277735938085,173.5526464478176,171.45859218476335,145.82381743147786,141.7069752946454
2122,70.73333333333333,118.90004076400452,129.82436941386487,54.44163777834808,76.94710571049944,171.62578215914795,172.19676421393322,146.572039386844,142.1625582662542
2123,70.76666666666667,119.92952346597687,130.3835748195732,55.39986504993844,77.92346448099795,172.72170364839184,171.77900870341614,145.76629207549803,141.84854126989342
2124,70.8,116.96260904667054,129.16509159157565,53.656203723212656,76.34601412924502,172.6436504120849,172.02090300499827,145.22946245371116,141.3281986891839
2125,70.83333333333333,115.58675387073038,128.93464075317954,52.09083362668796,74.7768465764777,172.78767526100356,172.05441411415447,145.4967320950537,141.38595148463804
2126,70.86666666666666,115.45480670896629,128.3917551531544,52.11652684356412,73.70022024130469,173.0204503775405,171.9332084845335,145.37299075099185,141.29478324037802
2127,70.9,113.99424304648551,127.4827237437826,50.50996980856736,72.07129246249113,172.72364019433687,172.1938108892131,145.23760827188775,141.98906350418048
2128,70.93333333333334,112.56584807745872,126.8565740703265,49.027669709425815,71.37460502781605,172.4598259797235,172.34348589930823,145.71074430171313,142.50111352035427
2129,70.96666666666667,114.3596907106278,125.89895838023286,47.90091775668372,68.13060183283483,171.44584283918283,172.6514233704146,145.77484166513938,142.44547225073393
2130,71.0,114.41654483485678,124.1822418486218,48.586441007379584,68.66309750876572,171.25431146841035,172.54004525400873,145.87379497216673,142.1318530711263
2131,71.03333333333333,114.46086290353895,124.49978323266659,47.37584908252963,67.3613224343435,171.0727824759569,172.65129933394564,145.42708199554235,142.33033109951032
2132,71.06666666666666,111.4446052087344,123.12522195249784,43.84152361156258,65.86369916980162,170.09839432382978,172.63952820764223,145.91094285565984,142.93684097759052
2133,71.1,112.45746832469428,122.08892430988384,44.28041496647973,65.34873567641141,170.23002776827093,172.63806484151345,145.90626863524628,142.90219326651152
2134,71.13333333333334,109.01937105428638,118.44378863403844,39.652864727561614,61.04230330833813,169.03071083138664,172.71109798834857,145.9040267392129,143.2613172838307
2135,71.16666666666667,110.0809496043916,118.89474782348344,41.23798792753517,60.909030160029786,171.097663293399,172.70239456692744,144.57878348505326,142.29774322957286
2136,71.2,107.80720754091767,117.82983176845656,39.877353235286954,60.16689590536594,171.88169863715015,172.63898158305585,142.85459846793586,141.54155265444936
2137,71.23333333333333,104.8764715495615,114.44956730022257,37.140268092404604,57.38783644040367,171.44119370232735,172.6738829862678,142.92840578510385,141.82436089918775
2138,71.26666666666667,106.56318120832796,114.06036322885262,37.41885796851582,56.59736419683957,172.49889148256972,172.537979099086,141.89880882243494,141.16249132360258
2139,71.3,103.34210786628952,112.93547085111486,34.41610856505159,55.35854352876213,171.95085860010437,172.59868134134624,142.37636511908295,141.39859009452704
2140,71.33333333333333,105.94704981894071,114.04535561122542,35.12761780447344,55.31762081072026,171.99768103483433,172.5903085553326,142.50440042190158,141.42926401984417
2141,71.36666666666666,103.05397686234792,112.54603845859498,32.86503977009315,54.44474819673836,172.6737671472564,172.24619949885206,141.44524318681556,140.83860076271355
2142,71.4,102.24868227466526,111.55060094761487,31.573219957500047,53.609471801136856,173.07059602413193,172.00639518087658,140.81187843246389,140.41343539135588
2143,71.43333333333334,102.41138228230605,111.71202778881042,32.31834659912352,53.435011175696324,173.2867550110856,171.6693898674773,141.01867225372249,140.13814602762474
2144,71.46666666666667,102.57738668027649,111.25019611025034,32.977115212369505,52.94697662308455,173.15967551268375,171.9211800693042,141.03114305559814,140.215620082515
2145,71.5,107.51744084339897,111.8717034918779,38.005908296635454,53.0842133570628,174.1520769457457,171.82787346542096,139.60731127354217,139.87422024341026
2146,71.53333333333333,106.60350557531451,111.51499161238705,37.98614858214427,53.15005649508966,174.2576640738406,171.81412449846405,139.50466243210496,139.6666618572813
2147,71.56666666666666,106.35679159717057,111.19692438985763,38.039135550982984,52.840347588671484,174.29647078595704,171.76887987431647,139.16578924242745,139.52344128795667
2148,71.6,103.78142727056671,112.18000716739907,36.472362762509526,55.92784280466827,174.71292113702847,170.15693189532692,138.39049977287178,139.43734868769403
2149,71.63333333333334,103.11240605522848,110.78948426288915,22.154412742856074,55.837398975718905,174.75816910835562,168.8460213556652,136.20435066688344,138.82349719224172
2150,71.66666666666667,110.09257981574169,109.79310336123402,32.76811751015148,54.07450248402624,174.8312139396035,169.47139781035224,136.93883911774373,138.59650024194863
2151,71.7,106.16521620237572,110.1976291636819,35.02310889239844,53.893307340849844,174.7750609718357,170.1756720024368,136.95218717347603,138.5569334599126
2152,71.73333333333333,107.51430782590927,114.20361611972875,24.39979745602912,58.75944005224101,171.92805323500207,167.72638443642944,136.3217515361885,140.52310988101593
2153,71.76666666666667,104.78763541465159,114.64731582840751,20.080641225851682,61.44666318490289,170.42310395581404,165.96311690547006,136.45917418182336,140.76547840613432
2154,71.8,94.41991068207342,114.19422054313372,16.894402301148148,60.174908807563355,172.13987413941484,167.7388309383386,135.56884427938112,140.26334008047024
2155,71.83333333333333,98.96542594693845,111.26321484917368,18.502055771699148,57.46377711228427,172.83305425295887,168.39152574005703,135.61450393503242,140.08176066089226
2156,71.86666666666666,94.45333039834563,112.40433824582668,17.162170647431957,60.53325132736533,172.33344391608006,166.51901192987725,136.68909555518402,140.944065545541
2157,71.9,94.76503768217492,113.38293892990866,17.951841653613783,62.73641600364793,172.87567258163975,166.57535113579522,136.98923715744655,141.362669730544
2158,71.93333333333334,99.41635340507582,108.13274139377876,17.132381784335927,58.49821565925277,173.4937346752004,167.04103770686976,137.08460223921003,140.73478463310457
2159,71.96666666666667,96.56087595009899,110.52425035457956,17.52235680509524,58.970408385527875,172.59759524146702,166.50331261138933,136.2611243975203,140.27554851023115
2160,72.0,98.01787985755338,111.59526366741112,17.20393678327357,60.521722901128,173.92107500464985,167.53030224296995,138.78348491106328,140.94045198465233
2161,72.03333333333333,87.54368864199165,109.91301905706423,18.748471055046895,55.67893638022669,174.1370846279129,170.47885685560217,138.82462694974447,140.99025801367284
2162,72.06666666666666,90.5307521786589,110.23248282036772,17.34264493187896,56.01231223884465,174.02769261613193,169.31561395082073,137.04733459360668,140.536488362174
2163,72.1,95.87167037325248,109.68932791511571,25.598330195362216,56.19734722097753,174.13957520388996,170.21073946050606,137.4644896121415,140.42064758956386
2164,72.13333333333334,98.62024531007923,109.73209169450077,34.556932591896945,56.013612275233946,174.15658211062825,171.18000817553775,138.30979975447798,140.37657165296056
2165,72.16666666666667,101.48638672955995,110.74626970633787,38.106521734862156,54.633140934892815,174.17377940256438,172.44805061185951,138.9131206193961,140.8450601589666
2166,72.2,101.2026279550219,110.85794663224492,36.6108018526566,53.275065280369425,173.5886689428459,173.03681517713747,140.00659773333584,141.58151872222228
2167,72.23333333333333,110.5260264376431,114.19705612734214,44.00993931996333,56.25315267277132,173.38966255037153,172.7193582051702,141.05084946038707,141.50189153514432
2168,72.26666666666667,107.32397975611742,112.41088394610536,41.08080406830486,53.77183297228237,173.6517254430878,173.05761730383261,139.1572403522208,140.71055776000165
2169,72.3,107.14120696114229,112.83339157134488,42.105485465522975,55.77020347274931,173.64817161569644,172.64085634509925,139.4771024228729,140.1945323265124
2170,72.33333333333333,104.72202462570505,112.74055540558417,40.5610168103166,55.93234828857333,173.78131147220128,172.58025387641118,139.401053325349,140.22054975809283
2171,72.36666666666666,98.14436064336692,111.58944344930772,36.23558713938332,57.870917358477136,173.8465447259512,170.95459137648345,139.47113106820697,140.11754177433883
2172,72.4,99.0243628780972,109.32737017471996,35.366198787648315,54.64681984259732,173.24686969680516,172.11554366012604,140.67008018127012,140.99498806051906
2173,72.43333333333334,96.20392195226061,112.10568646691952,21.84466672600153,60.697074626606216,173.8185355067666,169.26900182355328,140.60485767026915,141.23670945318224
2174,72.46666666666667,101.86878468182532,113.91319780777343,23.354141618413827,61.213325809577675,173.79069547802067,168.73372231852898,139.87914621495682,140.52242080772487
2175,72.5,107.42742551122272,113.83993197779382,39.216911919840896,59.729333266290894,173.87694185545791,169.58874331959845,139.62696620890875,139.79132896405255
2176,72.53333333333333,103.01234277111739,111.95266033506128,38.221744407470126,56.87387135328211,173.47448359947757,169.88925368910878,138.05529757066546,138.80077101326108
2177,72.56666666666666,110.08975110604403,114.74121005720578,44.39809467943799,56.69145254058847,173.78898772599803,172.01527651274895,139.30727011139086,139.58851122779305
2178,72.6,105.40490085032074,114.66786989424945,41.116248017299604,56.70644412507783,173.5928837582262,171.83775725778497,138.38235100532313,139.29620355905132
2179,72.63333333333334,108.01248830178572,114.06150974706165,43.93562997440133,56.39945061607794,173.7908994122413,172.54877614295089,138.658136278825,139.83347167835683
2180,72.66666666666667,106.9531579481677,113.37862237095348,43.10510975023812,56.54802915741433,173.72932657052408,172.19004083199977,138.82100872351913,139.6737967643707
2181,72.7,110.82982947909038,113.3297844917464,47.254083402049766,56.76937482551278,173.70434464708333,172.34301392409054,139.87412347993708,140.270257082109
2182,72.73333333333333,111.08287329046243,113.84434610776631,46.21275888741787,55.546984725266675,173.6918306357922,173.07837843201457,139.487181049211,140.6836272692184
2183,72.76666666666667,110.07040238023973,114.07699242160109,45.70752124960685,55.865124628189015,173.68884528737175,173.08639900556747,139.98618039180207,140.72999178629118
2184,72.8,109.46145373093009,113.45037106871413,45.265856276129256,56.057829685388555,173.53015544027966,172.94932144001552,141.18224483049764,141.04985067741376
2185,72.83333333333333,111.24011266170179,113.4446770079188,47.177582456490235,56.173154280292685,173.55897781820659,172.75436505063695,141.02578607990608,141.03574187034295
2186,72.86666666666666,107.14895926662278,112.65638590547073,47.68863601952349,60.095784804221694,172.89102412002129,170.18573705354027,140.89582789394282,140.63783913659
2187,72.9,109.43264610276783,112.8418593549855,47.36378336708498,57.40911489964832,173.06081774857782,172.34151021000804,139.58602927580134,140.27539995404373
2188,72.93333333333334,108.62764750430696,112.81357699718019,46.71814828972498,57.505116689508974,173.18668091615666,172.51863332705133,139.3300998851931,139.96458169812112
2189,72.96666666666667,110.8338451532747,113.20366815618847,48.47249931086976,57.87437126462861,173.13599357870578,172.51423944942084,139.10860764127048,140.01576257590372
2190,73.0,117.72742994758951,115.08089016686327,30.814086610925877,62.87116895853807,172.23766746897118,169.1336781535873,138.2171946722256,139.58270382410927
2191,73.03333333333333,114.1009199801386,115.54898366404217,47.96319707949448,62.73729491461213,172.64032016059681,170.1965124791096,139.24500832381244,139.79204419845678
2192,73.06666666666666,117.79883000404982,117.38545879297051,56.403555807962114,64.25092573354426,172.16531977306562,170.62704595734556,138.97312296271596,139.63856199706018
2193,73.1,115.39506495666272,117.38741047343768,57.60774534488162,66.4880492314078,172.4304124280411,170.35724345496448,139.60473404587034,140.3942987698336
2194,73.13333333333334,118.8362460880546,119.88277173142367,62.39778841387958,69.2457358944244,171.79429960489864,169.92787108338374,139.67611157196703,140.31543999493667
2195,73.16666666666667,116.46615363999533,121.8666740749854,61.88484330658716,72.32384958164516,172.54771014182154,170.21498443063618,140.13028360554458,141.08674098475802
2196,73.2,120.68647611342931,123.76011721238717,66.52023826688612,75.2964492197766,171.66024930296177,169.1016924480991,139.88990093400895,140.82370794587987
2197,73.23333333333333,118.1577547837746,124.08298821597378,66.15333248739746,77.67889583833671,172.42175454466954,168.8781346058948,140.9591290644098,141.33222618732637
2198,73.26666666666667,119.39752468575024,125.36325387889858,69.05006609325753,80.46954217931588,172.1184463533044,168.39455009427527,142.28647529041362,141.74358409385255
2199,73.3,120.0708960692035,125.88860036946434,70.89003457032908,82.45029805322976,172.3892013671213,168.46777638669383,143.10317754314366,142.2814604980536
2200,73.33333333333333,120.51334198136675,126.36917271119056,73.27906406426348,84.30889069005254,172.38353052891694,168.2606128575075,143.39842347928746,142.30949987618294
2201,73.36666666666666,121.18804582118759,127.17846859125629,75.05777765103265,85.19513603444783,171.68769221008347,168.9610781495095,143.34722288115887,142.35610794092042
2202,73.4,123.1162392311903,129.58973058963642,78.4327528256046,88.18293996301703,170.4279797918986,168.76709134047087,143.38135108569406,142.63613937887686
2203,73.43333333333334,125.12458289558165,131.4877286194396,80.17059477834258,90.15581749621911,170.32112723613886,168.80687319709403,143.11112880686852,142.67073682976184
2204,73.46666666666667,126.5082610745784,133.02980539380206,84.89403950833908,94.268763490199,169.65633294681382,167.41341389046624,143.98288822084288,142.32292831986615
2205,73.5,129.05474129243214,132.82661110935155,92.0669272539839,97.0066347358579,168.80000225743413,167.12657154779205,144.3111554831334,143.47273829505505
2206,73.53333333333333,128.61633116961283,132.93229019398495,93.91202488706608,97.02707705707522,169.49551615943463,167.90274677450702,144.41577703951307,143.74077690353556
2207,73.56666666666666,127.78654618402747,131.875073562436,95.42432336199883,99.85119941698616,169.35265152861828,167.42157719053995,144.11979472541123,143.73383595896755
2208,73.6,125.45200410358447,130.56481091773938,96.34854476769797,100.37802837467413,169.11616334451074,167.5065545215918,144.28783601680888,143.28877345434844
2209,73.63333333333334,126.93282730061173,129.0999879703067,97.30769315980476,100.82899848635746,169.19394009174235,166.77559309084555,142.6801321276027,142.66968592895478
2210,73.66666666666667,128.86114027005388,126.7709201078532,100.2964682213927,103.83361890429013,168.51750924938233,164.24798571390295,141.5066747512969,141.91919982371041
2211,73.7,131.04176507163012,128.14778786018354,103.63136742175676,105.91506155979438,169.61073101391668,164.80695697951174,141.89502874055898,141.6053326284886
2212,73.73333333333333,131.1023255374638,127.00265069132489,107.76269774857025,108.18911168319623,169.78053209297792,163.72907594699143,141.71970672943877,141.20659415966097
2213,73.76666666666667,129.5856107545956,123.58754721929921,113.13367491771015,111.11416407404894,169.25067630820507,162.00150162263455,140.57602166627916,140.7262194188286
2214,73.8,128.8671116730709,119.93959485965289,117.6510149924313,112.43094543796913,169.52955097259155,162.01981354606343,141.22342785160606,140.5140874470622
2215,73.83333333333333,125.19004185299177,119.36293689808329,124.26127144212717,118.79072204183849,169.38643429437343,159.36406942486104,140.9922801773079,141.14193373372308
2216,73.86666666666666,128.26521029038003,123.61258552887602,128.19124247192119,122.66138382764552,168.6300907894586,158.6394497824522,140.40372880654405,141.34964349159014
2217,73.9,128.73658809079961,122.37773964325325,132.08858995958283,125.85078157582896,169.32164043499435,161.07349288765906,140.68166257005336,142.2627837569486
2218,73.93333333333334,129.72539785040476,125.051882854402,134.25955349554525,128.068804059262,169.6496457182023,161.43570740850862,141.02005307007215,142.0975303334353
2219,73.96666666666667,131.19867625226914,126.41296009966774,136.85510040529,132.39464090434322,169.3470082159042,161.1932907614842,140.32477453739915,141.3592423818405
2220,74.0,135.63389450118717,125.35511589773375,141.9781290359828,134.99877762622611,170.16006181046671,162.69745949008217,140.68898322921603,141.45310820202292
2221,74.03333333333333,141.50260758450102,131.38260580364735,142.8343425056129,133.35547740893614,171.98744814209684,166.05544886227094,140.80506250907243,141.30590809025682
2222,74.06666666666666,146.46896707323845,133.98182148042167,144.79372943959837,136.60571276280862,171.61184639690975,166.25151527348606,141.04287885790106,142.29102083698322
2223,74.1,152.52046900371198,137.91760496464286,147.65666004645232,135.87345484612527,172.2408051430565,167.8095756751881,140.9363961923849,142.6980123869163
2224,74.13333333333334,154.52207487277954,141.1636204163955,149.42955957611767,137.29010271418596,172.34873215450304,168.6613644560713,139.12760803956408,143.57643268875478
2225,74.16666666666667,156.43485566023355,145.15545207968165,151.4469278104901,142.78972269001173,171.9283218932874,168.45094637335592,140.2664799077765,143.81874494073938
2226,74.2,157.01698558535426,147.98703980805027,152.6658933762197,145.94698973482699,174.09295878893747,168.46351241243988,143.15980426511723,144.31948812560358
2227,74.23333333333333,160.08301076350784,148.84858385827528,155.41753333217306,147.56306801679068,173.55007733015648,170.47465550412943,144.15202262718856,145.41924098241262
2228,74.26666666666667,166.4437293693526,151.2828236599853,156.99264535144664,149.4691122287424,172.20629727392298,170.7896224058322,143.02195299630634,145.86422275329323
2229,74.3,167.57547971919007,152.8406574398074,159.69601472485294,154.21176731375874,169.6693400930545,167.56609537597794,142.5353177450441,145.53440588663676
2230,74.33333333333333,167.54712386253038,157.33401364517587,161.50771343987978,156.61521081393767,169.60958664182797,167.70503659978124,141.77852937298596,146.4904200872699
2231,74.36666666666666,169.2664578785296,160.1420075719745,164.13286126773028,158.80064801828965,165.63345284071312,166.01157112263888,140.53640760662503,145.42473964094026
2232,74.4,168.6252705979421,163.05530394127663,165.80859933258327,160.19094963514092,164.4867897160135,165.27327334977056,140.48974739159635,145.32471632837854
2233,74.43333333333334,167.32862531062491,164.42504193092748,165.26534669362226,160.64545700541657,167.70250293066928,166.24262308308496,142.5068845918969,146.31042068261476
2234,74.46666666666667,166.81086475060567,165.6975874374709,165.0822342224415,160.42845701810032,167.51386889428923,164.7045664968571,142.1579274168633,147.06195046792195
2235,74.5,168.0780324938727,165.99008016741953,164.97993176545089,163.28876110352732,166.98223866044793,166.13961104772437,141.7534416022925,147.07543781969332
2236,74.53333333333333,167.5383927220246,167.22318938974269,164.92467767633653,163.01214745257698,167.49033973482358,166.34906040864274,141.69918328306952,147.83652601698992
2237,74.56666666666666,167.079199367672,166.0107157605293,166.22051656687935,162.3228965967935,167.03038546082024,166.06946294759805,141.441177427128,146.65761104095623
2238,74.6,166.79900409836753,165.8833886215493,165.48800340953338,162.547493092394,167.40374982262,166.37427719308764,141.69826954843256,147.12647528607158
2239,74.63333333333334,167.05962365382342,165.96170217625684,165.56299303772497,162.49798335510636,166.80522249387855,166.5270289431678,141.03763861395802,146.99879269269826
2240,74.66666666666667,166.73948802567315,165.97108179982675,166.4108718423949,162.719993295846,166.27027267456717,166.1115408972832,140.9282644013195,146.9650496385892
2241,74.7,166.37304438907503,166.79987954053453,166.54252979691793,163.04882712841243,166.05562932713198,165.2035952212782,141.1997503824855,147.00367574652122
2242,74.73333333333333,165.58382746581782,165.990641921239,167.4465082659319,163.21198375863798,165.877749941689,165.41199338088015,141.23937725367804,147.00086504694525
2243,74.76666666666667,165.16952682903548,166.09959422136444,166.8887623025649,163.1899525665703,166.0027734582339,165.04014353514475,141.3354782382538,147.04159798747418
2244,74.8,165.3174141077497,166.50614394203836,166.90203062046547,162.66150376933942,165.7903753989383,164.42411066579967,141.25220078633583,146.75487183199334
2245,74.83333333333333,166.09500726344103,166.6321734161447,168.130345453936,163.63445996677214,164.24043701587593,164.14325564224183,141.01329006686987,146.24727137474116
2246,74.86666666666666,163.72504960145503,166.5336944270902,168.51759157562392,163.5551980972137,165.09797991511448,163.54048139148804,141.24464262241742,146.87150596195698
2247,74.9,164.29579606841196,166.11109570713774,167.80620982755343,163.21391853149038,166.8590547526377,164.56169708110824,142.38275867918398,147.18245125445642
2248,74.93333333333334,165.76324567919994,166.32206795183384,167.10474165588363,162.7973316090322,167.10448864478056,166.81927259403233,142.58849100236225,147.61309659793636
2249,74.96666666666667,166.09333814219661,165.4366491468381,166.6578090246896,161.6517449240659,165.58023309553465,167.29914362290967,140.25548265666905,147.59778025574929
2250,75.0,168.486363937727,164.19088391441917,163.70973629231685,160.3965230958568,165.84537468658252,169.89819027018444,139.37717425765828,147.93524366092083
2251,75.03333333333333,168.5631513495276,160.1708550242823,163.26813129462622,157.6230937632821,165.9004432423144,169.2107699054707,138.8398113836703,147.0418464354237
2252,75.06666666666666,169.12695433438748,157.62603287006186,161.77374706082452,156.48369887177245,166.8698220284945,168.73170497289613,137.83416359075423,146.7506605252934
2253,75.1,168.53701926663564,156.42356064949482,160.9763964137759,156.2024108199244,168.13558767122345,168.64249862136197,138.38641782794195,146.94610991882826
2254,75.13333333333334,167.0347602128883,152.17251175606214,158.89622353066022,154.34689417448124,170.03605344954062,170.04068130786231,139.60711139844724,147.85080202642519
2255,75.16666666666667,163.37134735752448,147.58535587821333,154.8210692027736,150.5853241632852,171.19618116903325,172.58841283498845,139.55987389600247,147.82285006759943
2256,75.2,159.40767762693193,142.6348524879828,152.18576206106727,146.78160194159108,172.5527347412003,171.44111373317534,138.521491073423,147.72666879889698
2257,75.23333333333333,156.2335391436252,135.116937329298,141.00142341629714,137.53847641387895,172.52477316386145,170.6396571943609,137.73646365991536,146.5795576073973
2258,75.26666666666667,148.54206272090548,128.76058787406328,137.2383980065802,129.44102676061362,170.2715276501449,171.64840708492906,136.62327776839723,145.60112677903717
2259,75.3,142.03016201819344,123.13856259067342,130.5331184484899,121.42312860383338,169.14986297064888,170.0525313946032,137.4724984135297,144.77187385455576
2260,75.33333333333333,135.04644986562832,118.73458190572316,119.46085098025061,114.37643018221499,171.70952965480953,166.65340447139815,139.85094544383918,142.07739586572202
2261,75.36666666666666,136.6844255907046,129.11539372864775,109.5796118270137,110.6675642723473,171.24317014073932,160.55309844652731,139.98516401471232,137.47084242664187
2262,75.4,135.59174845316437,131.97439481447208,102.40300141351915,106.62919438049985,171.1914775735996,159.02888100566256,142.3027104121665,136.7722461797547
2263,75.43333333333334,130.28894655624796,133.1196283525767,97.83103289472099,101.58543740553658,168.44802116583335,160.2761334245751,142.7608646576535,136.70547963412218
2264,75.46666666666667,120.72970639915268,130.5521400081612,83.38126298239,92.68694667549526,169.2336204321064,157.10586127500795,142.89335565093464,132.5779568006929
2265,75.5,116.9452333451167,125.78920701998261,78.28026908026796,87.18700541626762,168.4063249690327,161.92596485996995,140.37858752131783,135.3472540441524
2266,75.53333333333333,116.1245421706677,120.13071299451138,72.19204118923929,80.82934788487518,166.92581748975402,164.3281595209716,136.5510757674748,135.40432670992314
2267,75.56666666666666,121.81363264259465,116.52497868177883,68.02257715703998,70.25346961725423,163.45557070791352,163.27068339496142,132.19976800778005,133.18029146444746
2268,75.6,121.78631880392868,113.3434928832855,56.51600621618888,62.20108355078132,168.08946779161926,167.0166378247468,133.5187071535946,135.8460063884097
2269,75.63333333333334,122.64681492013892,109.82490967268215,50.94295543770434,53.41736184184567,168.40588075019775,169.6856113571192,131.32959359781452,137.0349107513739
2270,75.66666666666667,121.92452809391948,112.98757400307719,46.09362314617254,56.06752805410915,170.3561509355674,171.25086453643394,134.32113136686235,139.7719597493434
2271,75.7,107.85184506338958,116.31200169895034,26.5509045024865,55.25113735391757,169.50228236289428,171.3788517890126,132.6757492880028,140.7806677665063
2272,75.73333333333333,115.0791704789069,113.23493826634589,26.804836160229296,46.17673982338608,171.49243958764015,173.01767843600038,133.70239855976448,141.47685988471525
2273,75.76666666666667,97.45814108979795,118.10881283138917,15.07376985721053,45.66435597832731,171.31528919559958,173.2223114271956,133.24904279797278,143.31962681689035
2274,75.8,110.43368247963227,115.60571365305002,15.747029381515366,40.588367731392154,172.425530768141,172.9140488839603,132.7607642187494,143.76613852444706
2275,75.83333333333333,108.15133143989205,120.42362156951062,15.106755706998786,41.78252822285743,172.8963263980142,172.59451721228152,133.53192186949494,143.5819615300231
2276,75.86666666666666,104.97514949701727,127.24339690545821,20.02027683653486,47.74405334783922,173.0503571932769,173.14524681250666,135.28261440572697,146.51967115572376
2277,75.9,107.14699453640655,130.34417760997434,20.83142584535681,48.0039496667518,173.68318073025975,172.92607148998223,137.0479476790097,147.38958010228234
2278,75.93333333333334,117.65288149081384,134.24899509255508,19.82471413942096,51.029775476997784,173.51945699681963,172.44133312998488,135.7709864608234,145.6165731694723
2279,75.96666666666667,116.98998836983581,131.0209982660309,20.108079284180555,51.29675584528281,169.281652841329,169.8335350125281,134.3129415501589,144.5680747252337
2280,76.0,117.52448435081573,127.80872353768328,19.132914905989562,47.20192273640387,167.49668776364393,168.98805102634208,135.32712140630588,144.8791274953101
2281,76.03333333333333,118.23059259793354,130.64681000042165,19.044732888642802,44.9774079639553,166.35817828598283,171.1592176331253,132.73525123272913,144.60674100506918
2282,76.06666666666666,113.57785339810347,132.9158046738896,17.05683224299612,46.981434609374205,163.83884830708737,170.04709865715031,129.99710295191525,142.37391328762627
2283,76.1,116.29555436689657,133.7895378759343,15.947931362966042,47.98424541317088,164.29595500974352,170.10082686170486,130.00790649272002,142.4774290474623
2284,76.13333333333334,114.9013775762956,133.03331459141458,15.86033745481333,48.32010231991904,162.7381749847105,168.26009579144076,128.77455249975776,140.89929709016116
2285,76.16666666666667,115.96837555226105,131.87936862660086,15.29003632425363,46.31683049096545,161.76771328901344,168.2471689908133,128.47448541807947,140.28795919962946
2286,76.2,118.28406582594968,132.094283127841,14.89312159830333,45.34572396212166,161.03267387650772,167.92772036354202,127.29408111069745,139.72425540930672
2287,76.23333333333333,119.62529495866147,131.03793222267726,15.234364621705101,41.42951199910754,164.394026121123,170.05905377869863,127.9359209450873,140.03666288863283
2288,76.26666666666667,119.35206974643259,130.56388176088547,13.406676077130967,42.998531496433365,162.48871904105403,169.07513122008416,126.54875034003851,139.21938667739568
2289,76.3,120.63949744986246,131.8667193285564,12.892925435358327,44.502395369536785,161.70609555706594,168.0119786237382,127.43516944877736,139.37042471155263
2290,76.33333333333333,120.4808573024192,130.51767463271486,13.077296234261814,46.35900688991784,160.86252082332632,165.00867056383817,127.78578440384491,139.11764345555596
2291,76.36666666666666,120.02087180108104,131.66347608964378,13.82792032659565,49.214631336829015,159.88504240808584,163.845883284563,127.35914772922763,138.58384523296738
2292,76.4,120.12323677839439,132.0063233630276,13.672180902513745,49.934566786991184,159.09630813658165,163.579007153352,126.94675150782692,139.16375054865668
2293,76.43333333333334,120.4248602450787,131.29047386375143,13.596642437966484,49.675945848478705,158.096483728403,162.99200490743326,126.79353877959468,139.22310583676227
2294,76.46666666666667,120.6426434053952,132.0131028397732,13.551717911079377,49.28627781737813,158.8281329365401,164.37270432808083,126.87685868018889,139.92495282119506
2295,76.5,119.98224090801067,133.16281632001198,14.496569214649265,51.01718457904051,157.24266886221713,164.32778156962797,125.02827918728289,139.40345048299346
2296,76.53333333333333,119.49359754090482,132.91191966465405,14.970279050271573,53.23064510773407,157.31915007765969,162.75324480101506,125.09740654739949,139.41316401793068
2297,76.56666666666666,119.16464286333243,133.54891908330268,15.804985765449644,53.637841868071796,157.38385438310985,163.27593993579487,125.0105148957867,138.32805532591414
2298,76.6,117.10485742768192,132.89409181286854,19.451450800030333,53.042939937932786,159.27149381477105,163.54707939861711,125.8894665360719,138.3669590247811
2299,76.63333333333334,116.60635535481424,134.9626244966203,19.95857765073719,54.92522794484706,159.0226564761702,163.7757361548153,126.20893424566695,138.69391431321682
2300,76.66666666666667,116.34956640694928,134.48631932735103,20.962599295774915,54.58703759348746,159.6598177806516,164.62998810355194,126.48085564766397,138.58059172001123
2301,76.7,116.94369551335018,134.27624821740187,19.981484349410202,54.886754531017864,157.99463720898763,165.2499456844844,124.87340014224914,137.34176604742504
2302,76.73333333333333,116.70020489996304,130.9321332576826,17.807639813227446,56.048761424984846,155.1796562112662,161.92056245573215,124.45862504180722,136.17669366049037
2303,76.76666666666667,116.16892579565013,129.34165420729855,16.713415356054877,55.580697637884995,155.18703784611398,161.47988214316993,123.89649752447608,135.96652048132526
2304,76.8,113.23092930742735,126.10951678560198,14.591670216239732,59.14926579633678,150.78873406771342,155.9805010588942,122.38231738092027,134.49639399414428
2305,76.83333333333333,114.5957329231906,126.88519173880452,14.254151517800516,61.11381609413965,152.99546312753577,156.01393496358946,124.48290213194255,134.97075289060933
2306,76.86666666666666,114.47401834358291,125.46077118815597,13.26667507770844,60.42117824298843,154.83539693034845,156.34507798665945,125.93077904364625,134.08208844519328
2307,76.9,114.19323915338785,126.5078178491358,12.631646895457699,59.80049580699673,154.36073644687747,158.47129944032662,125.54813922382344,134.90049549247922
2308,76.93333333333334,116.1748561042331,123.97619798715789,11.703910421412015,58.19426094240111,155.181161451013,158.12707997610534,126.63389267523283,133.83583590195104
2309,76.96666666666667,116.34136506118733,124.06957384111828,11.36744122887094,58.78083446384367,155.6098406737559,158.40150342938483,125.86738690750917,134.0773715768939
2310,77.0,116.4880728540673,125.03115138832769,11.615501478722312,58.83041036488191,156.62409065952022,159.93882789594176,125.36914165343539,135.13362654788597
2311,77.03333333333333,115.58324742279966,125.53684020227682,12.66590761021584,59.23677565632147,156.60292818615366,160.20319892419977,125.5524906240446,135.25253798188712
2312,77.06666666666666,113.84122886765894,126.1864161890903,14.853587067973011,60.01261384747374,156.0711462366685,160.0722335373607,124.5247339723846,134.7835773803124
2313,77.1,113.8806078548287,127.08232900582834,16.934570532479995,59.10921972890366,156.075916291522,161.35476569124944,122.55150946915084,134.40070943860005
2314,77.13333333333334,113.79465176251534,127.40274951779509,16.460361133714624,58.66955817523281,156.22960841853427,161.2986546767029,122.571192476697,134.96992817097126
2315,77.16666666666667,115.19454252650542,126.89094802590738,18.221647998274648,57.87715739255063,156.01333951499515,161.40993906928696,122.78012187773594,135.64397093993009
2316,77.2,113.67485388316733,126.48925699123359,17.970293730411626,59.74968291306808,155.0359279195093,158.54758023299013,121.97725362033034,135.29021494744308
2317,77.23333333333333,115.34812797742842,126.72985606572723,17.823138097688368,59.309583471121904,155.0701397463164,159.09577927695054,122.01808873419509,135.89177735604164
2318,77.26666666666667,116.21990842519875,128.17912358757158,18.123364240707286,59.7189639877763,156.57093965706537,159.8368249347612,122.76492286939045,135.91934735203793
2319,77.3,115.98241172022962,127.05566856302286,16.81581772225871,58.20813344369532,154.98241664174077,158.96166446973356,122.68238205169975,136.15739184907605
2320,77.33333333333333,116.1123785853792,124.66183046323832,14.830149778588584,56.98347458510391,154.81516550408193,159.23891788043994,122.6150620294714,136.57219507783987
2321,77.36666666666666,117.6577191845378,125.81998687580365,13.290509507623774,57.235584300194425,156.1618831813783,160.83502680725263,123.49683842945973,136.85669885326303
2322,77.4,118.1070001192463,124.69187293477218,13.361417184504726,56.485104886158034,157.74048733203912,162.1855755078949,124.44789539722939,137.65164644218393
2323,77.43333333333334,116.5886232271843,121.59981066154386,13.11558464714063,55.913100170394614,156.14615819591268,159.18962485210884,124.3464662144123,137.44102414577333
2324,77.46666666666667,116.4186741477525,121.0351254738402,12.44079487179893,55.384987021303516,156.86732350550562,158.73586592140632,124.35221502339853,137.37265561217342
2325,77.5,118.2010760466364,124.7213630128036,11.20636933074602,56.382067009155755,158.10767779047484,160.32420389236034,125.9823766690491,138.00405984743693
2326,77.53333333333333,118.21383476686593,127.77518460555349,12.46359582261617,57.19354079591759,160.21314859635694,162.30812561550553,126.87982658278257,138.86432239265068
2327,77.56666666666666,118.09820069760848,128.53077767573387,12.218765114638794,57.893775832963634,161.72864206639258,163.51842641032636,127.21649331737379,139.27858091481443
2328,77.6,118.21839601009869,128.86640982459377,11.083385025432111,56.5691834474721,161.80368438579413,166.00910884036716,127.2430983714518,139.97329770162162
2329,77.63333333333334,116.01964057418203,125.48305987896846,11.101141885455199,53.868130393025005,160.63383006903877,165.3182480353508,125.03122450674962,139.2957558164477
2330,77.66666666666667,113.73717588157928,124.232290218772,13.448803463398077,52.94785608793665,163.02454263415,165.36489131624452,126.89932341127789,139.49178973388467
2331,77.7,112.34162232312654,121.91703095052064,13.102400594931579,53.01397099815411,162.41743388415574,164.20867774559326,127.25639122874794,139.11224426309224
2332,77.73333333333333,112.04520124753888,120.65691488084815,14.04471410809809,52.6152373667882,161.20695405346802,163.8375436663087,125.7353016569436,139.27097504975475
2333,77.76666666666667,111.0651634751893,121.55319305253623,13.388143931270607,50.75078030167418,159.84013340939777,165.08946026369878,124.4752746815139,139.2520733941657
2334,77.8,111.76083181216748,119.89014656842897,14.733537068898439,49.272761910374804,161.00895865386843,165.03918141162706,124.91589840605121,140.46709907125458
2335,77.83333333333333,110.94363276569506,117.58165619635474,15.551669192333907,49.746078208494346,164.20806300605724,163.8890105742146,128.46146013736757,139.48803136978793
2336,77.86666666666666,110.72170471959264,119.07070531368822,16.90106008387658,48.808294090135014,163.29001731123756,165.84430952065992,126.99757140928548,139.9878372381543
2337,77.9,110.58070325513494,121.31102654407448,18.652355480876224,50.42993813520862,163.52191955988164,165.61862419602124,126.63160863193595,140.07013008119512
2338,77.93333333333334,110.45530884643941,125.96447333804618,19.31660991854335,53.93479195710368,165.64149385428726,165.40472377352015,129.78469958546654,141.94296046304606
2339,77.96666666666667,113.51429051571743,128.78921566288938,19.947658974859042,56.235389072451184,164.19157994279192,165.43217057103172,129.90584040303546,142.2705080297332
2340,78.0,112.76148990421157,130.01965132578908,20.792186686572542,62.32587425550394,161.19514334640587,159.72526498470205,130.29113978677074,141.39777033439017
2341,78.03333333333333,114.82155481600326,129.29532269618772,24.282806552243876,64.19220687227737,157.48025201306777,155.2234351160694,127.28189539379181,138.00310212840125
2342,78.06666666666666,114.8042231219141,128.96598120458304,23.24228460161597,65.29708535582297,156.93755987362292,153.09300539938414,128.18601613798626,136.9436638011974
2343,78.1,114.33888095060645,130.42245137822823,22.60941647978371,64.21160616405216,165.31337320038423,154.43627227825914,135.40009223527028,137.1717300558232
2344,78.13333333333334,114.65540730680581,130.6992986152575,21.780911847882333,64.23705717824417,165.5193948126945,154.60392279901552,135.5588804278599,135.8877956113716
2345,78.16666666666667,113.19057586980003,130.59750538711873,22.153421142519598,64.36940794853768,158.75473526973659,157.82175973438612,127.63209219036641,138.3451630341945
2346,78.2,113.53464705596556,129.94702092724785,21.26185316352182,64.2240061021759,156.4752525669105,157.0814064046357,123.96206843775985,137.8707030407951
2347,78.23333333333333,112.41770263856748,130.60231407560633,20.71619013363623,61.596027287333904,156.84824079561204,160.09359873519904,122.28850351083477,138.9618132476766
2348,78.26666666666667,114.07075722574528,131.1544836731698,20.548903225291408,61.281474850228406,158.45242611246044,162.11918078895977,122.53360073414088,141.10987157959318
2349,78.3,114.75420091683425,132.19048553636657,21.630568975191807,60.55765728559088,160.79849610969492,163.5829773936504,122.67742741434509,141.38510230904882
2350,78.33333333333333,114.592844226097,129.8041007901505,20.465064483857194,56.94326974574954,160.51908020625802,164.36298374598667,123.52930204586298,141.48368560978017
2351,78.36666666666666,113.55255060584047,128.111512957794,19.99339332144287,54.6092527837169,161.30153829030422,164.76615468784198,123.48443681656012,141.79777600760957
2352,78.4,113.78011196982881,127.77171895957606,19.178773217970043,54.98133040428165,160.8409483016129,162.35949042912975,123.54441790921652,140.44754134793223
2353,78.43333333333334,114.02373858515972,128.01201261227462,18.439730247909043,55.587353711805626,162.12045095845332,161.61705881520948,125.64405011655509,140.73583254647
2354,78.46666666666667,114.74729751604895,128.07060327070013,18.07951883179188,55.625462116800946,166.01701020539426,162.1305657799978,130.3667742778141,141.4085212362417
2355,78.5,114.64947019727941,128.14897872244387,18.01720926157428,54.40582808586591,166.63416604862698,165.44771134036935,131.02209508844075,143.76579281206295
2356,78.53333333333333,114.9319722635315,125.6149452250447,16.676174063011608,52.25971038412578,166.00078917290523,166.4726205561922,130.43368816398865,143.76423166409253
2357,78.56666666666666,113.53247737501792,126.1511365955062,16.20298400061864,57.279082213874986,168.33840727108074,164.09297341003952,133.63055241861247,143.0297281943262
2358,78.6,114.23794081908113,124.93672618591319,16.13235342002656,56.63302554185096,167.9720248023473,166.41543744788632,134.21444040226916,144.04551211863424
2359,78.63333333333334,114.93229627269116,124.75550743798064,15.440457192920132,56.50908641474553,166.0788256918995,166.56165413553853,133.94160212331704,143.7022115737693
2360,78.66666666666667,116.56874594009855,124.45415003393751,14.062775633031917,55.18399236822274,166.13446914543619,168.99721915276422,133.34386774396515,144.679169261299
2361,78.7,117.19149486089862,122.45066762045369,14.484514954636893,54.6596392908252,164.87949720687092,168.58655860521063,132.02487827816606,144.07117821734846
2362,78.73333333333333,117.8989852812094,118.65173163399152,13.613490405300745,51.11217458292656,164.34427661561026,169.3868685590169,131.71390685760565,144.0831609508031
2363,78.76666666666667,117.56825383921897,120.11715820730191,14.370774459045542,52.207288259967946,165.34469402456082,169.87610096009772,132.09939033754063,145.08360752874782
2364,78.8,117.47727343171974,120.61526362899123,15.603407801651452,52.221722676209666,164.81481123261975,170.69646936464164,131.144013422694,145.22540297546362
2365,78.83333333333333,116.19677808856703,119.53166929683107,16.671515110530212,51.14086484453777,160.0051312257479,167.08243715689434,127.66879931947082,143.00606250639825
2366,78.86666666666666,116.26981101796332,119.72921618740239,15.96334757052703,50.86176178293233,160.55239620175325,167.92283704678016,127.7790008731846,142.40455759198733
2367,78.9,116.55097963228941,120.02463157907762,16.86149542503426,50.9128942688941,160.5371282216512,167.86158317306587,127.01097620362103,142.12811384747656
2368,78.93333333333334,116.1974368233447,118.09113410323573,17.749299190597615,50.39782678154125,158.4118405671033,167.13410714323055,124.94018311329411,140.8135215281701
2369,78.96666666666667,116.13890601542457,118.28976573363505,16.21272719763694,50.637829294687755,158.69886482850436,168.25636508914914,125.75625419853695,141.3889204827949
2370,79.0,116.59087352447318,118.89852348031444,17.435084081598085,55.166009334424146,158.39506487010715,165.1960644285996,125.19972762564026,140.29858244899486
2371,79.03333333333333,116.4925608522697,118.40892227623817,19.978644261960522,54.60565062123704,156.84201310114793,164.59298144015824,123.9230079795607,139.17912459119086
2372,79.06666666666666,115.01076106909791,117.89988790082306,18.02694380136625,55.1159235001118,157.47272735540494,164.8986044710944,121.57144961846387,137.5460553657036
2373,79.1,116.37795125771363,116.31861563503658,17.042994557830873,52.23365498412371,157.30685791437344,166.78619827631488,121.52842408775594,138.07739313556033
2374,79.13333333333334,113.71695113784448,114.94930268912402,18.773644021930927,49.69284415687823,158.71542109672828,168.79334540060393,122.6112348713042,138.3772216462791
2375,79.16666666666667,114.10361012718754,115.10451870589482,20.06382177165074,49.072438755508784,158.33630182911088,169.72349806352227,122.64423651442685,138.44351478499132
2376,79.2,114.88960287854084,114.32734575416,20.658560918302054,46.17516625543844,158.13867738198027,170.93507567373496,122.11751805757882,137.49528732121084
2377,79.23333333333333,115.67525237933263,115.41170006815791,20.329920623000177,47.29975726083239,157.98158198238036,170.3372620023497,121.36182866711908,136.7833499390902
2378,79.26666666666667,116.11323800254448,116.43964921262592,21.034947185028763,48.74328362899244,156.9923668721748,168.7856508074603,120.6506596606,136.12855165481932
2379,79.3,116.49952565350222,116.04689900516001,22.94045091074439,48.16728984638014,155.79334663253647,167.42094280786523,119.16073596274344,134.92305760471163
2380,79.33333333333333,115.97139345419758,117.46093021806426,23.71871495817583,50.023459945305916,153.10997125326264,164.2856046499424,117.13536765818176,132.45562822663894
2381,79.36666666666666,116.69677101853208,120.74778256351918,23.29573562950415,51.36037057889297,153.55844060313945,164.61383623353348,117.63869158313926,132.39263858441763
2382,79.4,118.37806808325286,123.79619675640532,23.253460946293792,53.62259649061785,153.8252319678858,163.83742998666264,117.55346722929475,132.06103474358275
2383,79.43333333333334,117.45110167131006,123.81164894617348,23.445831712096492,53.74898084777226,152.95742956181343,162.9145844696116,115.47642965628422,131.57450168106033
2384,79.46666666666667,118.20724885139819,124.27894354030924,23.317506342889335,53.36740153268854,153.97309846030979,163.44072944089606,116.16441202367996,131.11655935329887
2385,79.5,119.10349250876625,126.63341274610211,23.408390985206474,53.61583972287051,154.55827615377504,164.81130603238105,116.91504009314976,131.40138084099024
2386,79.53333333333333,118.49181463662667,124.22690981965106,23.51518341477212,52.13484061492629,153.17044962624394,163.77804385607743,114.31021869996265,131.41467709585902
2387,79.56666666666666,119.3602133443955,126.3211489284779,22.580119349533057,52.68565940723201,156.22249839685136,164.40653422433576,116.85168486294566,132.29942015667464
2388,79.6,119.0205662239495,127.12998650765965,22.29368403127901,52.09914049811463,156.55793777837684,165.34306432224898,117.22700948452483,132.33723394558788
2389,79.63333333333334,118.59083862530603,129.5513066334386,22.35395402832657,54.600190804071104,156.5524427698219,165.36180735672295,117.30391546610059,132.31816906438573
2390,79.66666666666667,122.074817955376,130.77658216558967,23.89357402806215,54.02047896974441,157.6258678289688,167.20926352144113,120.08603072282027,133.08205322957303
2391,79.7,121.02128275648722,129.77264688895315,23.827215322690947,53.204447442718475,157.6221141338756,167.1341711709768,120.3856951231248,132.92961524585766
2392,79.73333333333333,118.50943485166039,129.16078366282707,23.205091136177117,52.43060751776028,157.55500391010528,167.27631985672414,120.34907649838145,132.94599623376732
2393,79.76666666666667,117.11520848820247,128.667554277753,22.38844053783313,53.01184632838453,157.55524677352497,166.7597460560971,120.75185787030338,132.96501538906244
2394,79.8,115.6190884588947,129.24349330234705,24.29081545424089,51.74204145894017,164.02016139438103,171.10467453476704,127.35946231925988,136.76610407233997
2395,79.83333333333333,113.50221037188561,124.59048450110859,22.74692687743779,50.87214198365461,162.80132869754257,169.5846831687705,125.32874555323579,137.3716951538582
2396,79.86666666666666,113.98379526517115,125.48940791622503,21.6668130490133,51.9187938120477,163.7674945119341,170.6257702437166,127.29468271524411,138.8492143554635
2397,79.9,114.04792991801791,124.73512845242973,21.042807260306375,52.12950635670384,162.50076077680444,169.71571680254087,126.50900424458322,138.69583418393916
2398,79.93333333333334,116.27183279540236,125.4691060501597,23.376511863545986,52.103567499153584,164.65653670109228,170.665698218454,127.47028103384403,140.29720329042627
2399,79.96666666666667,114.19749214583713,121.82152604130307,22.87678850886524,50.5162350274061,164.49542540092247,170.5077475434725,127.04410946449039,141.15555624012703
2400,80.0,114.61255721543964,118.86456566229938,20.88252461592439,50.29424745543565,161.41563827697297,169.2397253894803,126.2528236224558,140.37409274046257
2401,80.03333333333333,114.20738832879404,117.81936223125551,17.961047548738136,50.95992028386716,159.15145848667552,168.35841617213467,124.71689118147799,139.88930238225754
2402,80.06666666666666,114.19937022132771,118.87340575512458,18.120720232444253,51.65172489466029,162.8353242815289,168.1414685767928,127.0593762792722,139.7326657472753
2403,80.1,116.56630757789898,122.71187714781841,17.630143097754466,56.11433334396809,165.77383073758543,169.33305823930212,130.45887225348199,141.5439329299608
2404,80.13333333333334,115.24681649740161,122.75843970822348,17.242376227244048,54.80647009493299,164.0058963830527,168.81358424343722,129.6429426703921,140.63465451411466
2405,80.16666666666667,116.1836835340314,123.7172863851101,16.45367238441674,57.32507923150402,163.15106014764652,168.15100789455448,129.55385262641508,141.4009060859084
2406,80.2,118.77226676674306,124.32725412238996,16.14149991808992,57.19154525459847,163.33218246238803,168.12697792055067,128.9037760379583,141.61091251588596
2407,80.23333333333333,123.05117108611319,124.87963568842393,17.909145873915236,56.11465425220312,163.4574188264419,169.9780785807331,127.91423797921317,143.69928479353442
2408,80.26666666666667,121.63724764931054,122.96087557841734,17.930908483595744,55.27556136764666,164.24721638365133,169.53480475994888,128.10477577690008,143.8046257013427
2409,80.3,120.68062967112206,124.62870607626563,18.421698393625963,55.317645719232395,164.60071206964432,170.120072341834,128.08608340376247,143.6433991695219
2410,80.33333333333333,118.84068375498487,125.08103995002145,19.015622582281022,54.60463886263754,165.48280637759797,170.73804089960552,128.19723015864068,143.4469649243388
2411,80.36666666666666,115.97149262702987,122.53934603257755,19.452113006064458,54.66699786747748,162.17752709673013,168.83016048079585,124.7399928455587,142.80353062877552
2412,80.4,114.78261601201804,122.1668372027502,20.232630217416155,53.12479154206389,160.7090570844803,168.203553138578,123.1722436074198,141.41250475673615
2413,80.43333333333334,113.0870548315872,121.23725152817761,18.433882417717776,55.76885249863195,157.47620006852196,164.92396242839126,122.30457112780105,140.23410194554546
2414,80.46666666666667,114.10180500714782,118.75766783193355,16.723722112374215,56.97531552779386,155.80864300687574,162.3012170389589,122.20788909031829,139.4561396804998
2415,80.5,111.2155705098766,119.64166289181534,17.036976008694076,55.71121397594319,156.7000752491581,164.0269525000438,122.59205137275221,139.45071515648704
2416,80.53333333333333,111.59874137391986,120.50336937207676,16.829747362588712,56.46604719118903,157.3853081912104,163.41707906121863,122.87534287692623,139.23108547725843
2417,80.56666666666666,111.69173988796709,118.8574120738161,14.921757945688679,54.20401208065703,158.10533736408098,163.7197018359664,123.04200129213078,138.93437564458023
2418,80.6,112.72470206118044,119.93370429872705,15.28320283121039,54.94242567456654,158.43778336786306,163.97474480306798,123.14016814430231,138.94351564973735
2419,80.63333333333334,113.67663482740325,119.711861891533,14.782331950285405,54.663802760221294,158.97636021526176,164.60975176290938,123.27155338139578,138.99533439339604
2420,80.66666666666667,114.14986159285617,119.75537646370789,14.55378555700594,54.68261909704287,161.22228899530668,166.0383794802793,126.0335495956994,140.58099355221
2421,80.7,112.84023342690519,120.89776755518253,14.944477639595252,56.86222211027168,161.15853998653566,166.08446573716023,126.92242152052373,141.06581679833883
2422,80.73333333333333,113.56314528522496,121.21066497376455,15.329443397987028,55.37509236468992,163.12593696429647,168.065151522639,127.30778546825081,142.0239255489682
2423,80.76666666666667,115.67113954705172,122.23116818614628,15.497831746085094,56.79187736115689,163.56973949122602,167.87004848876165,127.9389139861592,142.01557061377414
2424,80.8,113.8628486185773,120.50844553553684,16.4956759723803,52.74561364528993,163.9010957641878,168.67464904864005,126.84292277384758,142.25125205032182
2425,80.83333333333333,117.0867731412316,122.12714064959063,16.581814694143738,54.31754189896492,165.5811904031275,169.5109425611835,129.24026377482565,143.0476438890305
2426,80.86666666666666,117.2585500221129,121.41691635131176,16.27174996666334,52.498821100947225,166.52220900768913,170.32514181561078,128.50771994399952,143.41755750481963
2427,80.9,115.3950554520254,121.90152405373185,18.215945875128025,50.55889947323734,166.92572860954851,171.51698158718096,128.12952337569178,144.1005099408495
2428,80.93333333333334,116.14364500805313,122.88478188406633,17.849152552274543,51.95328498472295,164.95788306473403,169.66481793111558,127.69929773454523,142.56115715040266
2429,80.96666666666667,117.85164748212006,121.98755647179503,16.307207341317017,51.93114134590027,164.2722315939713,169.5044976158356,127.12610303801968,142.1109154086985
2430,81.0,117.89018362948468,122.60291815803234,16.533777205575188,52.35708001636919,164.24554117439317,169.9699617665637,127.32772197514711,142.5682673288829
2431,81.03333333333333,116.87474908084403,122.91994474692405,17.520437845645343,52.10712578210156,164.8648091530868,170.1342895454575,127.95195437552607,142.7754466581545
2432,81.06666666666666,116.52517123517036,123.10859821179409,17.98925150835806,53.53962857900967,164.1008582819864,169.43538248101476,127.55822730660043,142.1880552718198
2433,81.1,118.55026416743418,124.34299091091304,19.42468040558863,54.036529934393016,162.90302665353275,168.89221731832257,126.87913998099499,141.26721962289741
2434,81.13333333333334,118.71213906728097,127.04816112368812,19.57101293911081,56.48378040801929,162.61266082341302,168.6590531550969,126.72617660589884,141.39830161749535
2435,81.16666666666667,117.09059736308565,126.19746014658064,19.140359965986576,58.409061569753185,161.32369625358746,166.49762353311684,124.84701317202733,139.092294692101
2436,81.2,118.24217415928999,126.77333750798188,19.203096600245928,58.513402763501354,161.0109947678235,166.6963521438567,124.9565942040978,139.26510508681505
2437,81.23333333333333,118.86184525748216,126.91619949170737,18.556321810380812,59.03104443239388,160.827213821787,166.5303471676056,125.38212049834678,139.85214615050958
2438,81.26666666666667,119.8094430192845,128.96833738615385,18.753228707728653,60.1474565948182,160.8906154731216,166.77463034719335,125.60596774612935,140.49245623249263
2439,81.3,119.02914511137257,129.60576913759112,18.512077612815993,60.37697544746175,161.0809989987603,166.77658037809834,125.92164656489295,140.662366570336
2440,81.33333333333333,119.36892184438196,130.27579193387388,18.71482764285518,58.71963033858845,162.1469567052505,168.66693316369089,126.77178639274334,141.31359794535345
2441,81.36666666666666,119.3326194861036,131.7389669559229,18.64157845538437,59.28327141494584,160.95436419886485,166.74922790025704,126.40447076541706,139.56508026891947
2442,81.4,119.38960254231074,133.03842485785216,20.243928336242643,58.32361735388088,161.87391293266893,167.5486735810125,126.1135720370888,139.56595849660224
2443,81.43333333333334,119.46932679860116,133.87110393471337,17.83674186946279,58.772243128718536,161.08426034659638,168.20644718800338,125.082868992703,139.46071705439044
2444,81.46666666666667,119.23022535877337,134.64020965622774,18.677477995539917,59.77213791679023,161.77690585901365,168.37910513073106,126.38109824118204,139.7656857311247
2445,81.5,119.31337947802888,132.4592471926701,18.639847706456454,57.81302300620498,161.6525578491291,170.0524689660093,125.66134091786897,138.8345679501477
2446,81.53333333333333,119.36804277573856,132.7050215156922,18.691523881138163,58.326431172084035,160.99527214061143,169.29956222559457,125.47698291903001,139.0686895090096
2447,81.56666666666666,119.47285842615472,131.8849207649727,18.515435240057876,57.98270805246467,161.00335098970916,169.2696029113912,125.71305819910252,139.36581543493503
2448,81.6,118.91655369013016,131.88607915403816,19.151340351066718,58.02067416474786,160.98051962394706,168.93534661248952,126.18129384714867,139.96167424425786
2449,81.63333333333334,118.01034691724503,131.65621481666437,18.785593416948767,57.056747369512514,161.14367723190782,169.34713377899777,126.7477002227336,140.6332248112862
2450,81.66666666666667,120.32987786457402,134.7088646031876,18.815453085364158,57.835200346405145,161.4678367507884,170.53559936095857,127.03493105360896,141.09466934816245
2451,81.7,118.93551489778113,131.57014041726123,18.622096903494423,54.761603409246064,159.50724328956676,167.7817411111912,125.42159771303089,139.76842692332298
2452,81.73333333333333,121.6211961275177,131.53505905962197,17.514698128085797,52.27031938146928,162.61979790432733,169.52420240551882,127.30917840082493,143.11245702341924
2453,81.76666666666667,120.7145776889497,132.11002868188567,19.214942603506884,50.907193759912765,162.100470873319,170.19287972774478,126.82351176566945,142.12781491127586
2454,81.8,119.90721398355569,132.51186389366765,18.31307318004257,51.81949602272874,163.3621900473706,170.39457327858986,128.32016899284974,141.84320285220713
2455,81.83333333333333,120.22236981438243,132.3547164821674,18.38222631267156,51.95344544994019,162.70040990265176,169.9580754835338,127.16660686828561,141.5279518168809
2456,81.86666666666666,121.00265922255203,131.4794346510972,18.009592268326898,51.31570145742966,162.57293817161442,169.67511663191596,126.77751258201468,141.3197709351705
2457,81.9,120.25987956894659,132.17930655118425,20.790187525207404,51.99790269857748,162.69573152323323,169.67988701617708,127.07045639381117,141.5685424525354
2458,81.93333333333334,118.69323376638387,130.6904523622446,21.083739940571316,51.625356962495424,161.72785507308808,168.92378315272038,127.16759174313688,140.90628517534438
2459,81.96666666666667,119.1678128777673,131.84423136896334,20.80463287407707,51.35311798928693,162.42582311120256,169.97998261412025,127.44557762597917,141.36808440112262
2460,82.0,119.21262020328578,131.4333909670626,20.97513483329294,50.99812678463134,162.0679579456098,169.87174474995524,126.58793045994092,141.21576540670586
2461,82.03333333333333,119.96245411579199,131.26802707715092,20.564142536103574,51.0043162403759,162.1593199525581,169.69131804538642,126.89963926276018,142.1500813222415
2462,82.06666666666666,120.23441881510135,131.13346745169116,20.376493201872716,50.8649564697669,162.0595947345962,169.57837589015878,126.84692044334928,141.88779226768477
2463,82.1,118.74968205315595,130.01093859251955,18.281316223130197,51.459978931016444,161.2364594997775,167.8486045279493,126.43129821499492,141.47746025539587
2464,82.13333333333334,117.26232665415014,131.54353797185024,18.92112270891237,53.42088802876803,162.33150829703365,170.98612891824885,126.22344599645487,141.9506235048659
2465,82.16666666666667,116.2163084504484,130.5999421611678,19.540490466546842,54.44757129499946,161.6049314345534,169.80570993739587,126.50932281088785,142.305174093074
2466,82.2,116.79769714991492,131.03318890504374,20.63305606987852,54.4942604261666,161.7011908106253,169.51424349415134,126.97998075336275,142.66411079829987
2467,82.23333333333333,116.75963268468013,128.06114917152703,19.57275356377815,50.939760037299486,161.45828650614538,169.95064625067587,127.63499524438556,143.36381257867038
2468,82.26666666666667,115.75550249985358,128.0018723155385,20.42565843582492,51.089365797397996,160.0287737718821,167.9893089860115,125.78399036123433,141.51337017322055
2469,82.3,116.3409532858081,126.72443282003893,20.199766845090195,50.20832673385676,160.8166108515415,168.5025179617181,125.93713089296664,142.17518910912244
2470,82.33333333333333,116.90125387112882,126.92577686783962,20.422070759311268,49.60166503049945,161.45734720620624,169.98472033380645,125.55271697118947,142.76665260674162
2471,82.36666666666666,117.66634631164959,126.94566212180246,20.98193884267333,50.50210721297122,161.72130969234428,169.2782070027764,125.38958149758886,142.38800090927631
2472,82.4,116.24745025255824,125.992707450837,21.516494301807903,52.07913310057138,161.74597529758944,167.69711026035134,125.63319643951274,141.6924012314343
2473,82.43333333333334,115.61292527949593,124.69597336992071,20.455008679775148,50.676468419114,161.69308943574933,168.36218312142606,125.84034108482044,142.146115221471
2474,82.46666666666667,115.56429581968774,124.57054340258563,18.98847713794779,51.95758055499827,160.25620785075742,166.7451677710438,125.94027037855743,141.77394436288589
2475,82.5,114.99753296924331,124.93012555257988,19.040634728798445,53.58055464395489,159.81321509950158,165.38556162270729,126.20059975328955,141.8784479653446
2476,82.53333333333333,115.748001455922,126.55200909393157,18.614954689550938,53.73723918534399,160.4166160840574,166.0736524256593,126.29361032481054,141.93330530005903
2477,82.56666666666666,115.93059450628112,125.58399699276762,18.542671846884826,52.95988976234026,160.7314936469165,166.10443476042377,126.50918700802933,141.8915909341938
2478,82.6,115.07768225978695,126.44470593961404,18.231888410284057,53.8969654578887,160.67900052203836,166.40140963084696,126.85522698025599,141.19511100361862
2479,82.63333333333334,113.34324696502455,128.065052553285,19.15425318637985,56.26014497179518,160.2915918621967,165.41857816597997,126.84535583409051,140.97367375079662
2480,82.66666666666667,112.82936329557378,128.34265921718804,19.535755349866125,57.762202491774666,160.4262293522757,164.17843467687575,127.20178030843212,141.0526159918238
2481,82.7,115.41967835827383,129.20598047260646,21.273761638870447,60.65099892512814,161.13294043901706,163.3443683435106,128.15204936814544,139.9682935450299
2482,82.73333333333333,116.00531368916458,127.17568738663593,22.084957329182934,61.66721335076089,160.63371852995158,161.44480193246662,127.90098500676406,139.23812654647625
2483,82.76666666666667,115.42988465164159,125.86009076589006,22.59233372618183,61.37312996675503,162.70663906489048,162.63166471261187,128.9811061889757,139.768191760854
2484,82.8,114.34442562315105,121.83996948330224,22.59191466861207,58.4130965192226,161.85983548618398,163.74217403286494,128.18548837285425,139.66511452846518
2485,82.83333333333333,112.22558810494475,121.23814274000269,23.950361885469203,57.43098856547766,162.9616905546906,164.87882673004455,128.82750731648449,140.7936044956085
2486,82.86666666666666,111.97897515730637,119.15283204260821,24.02557635405774,56.412075637843614,163.65804943652395,165.23996880785765,128.26955378137953,140.41346057406759
2487,82.9,114.4840129915645,118.85235190622186,24.739070304838705,58.33621776549901,165.93635794678514,164.77362856506323,129.47733418798316,140.22990260138272
2488,82.93333333333334,112.44701011351377,117.78767678836375,25.12037580915686,57.30739174029223,165.77824329090078,164.981395958319,129.98625676764098,141.0586543819883
2489,82.96666666666667,111.81497461201337,117.37325209221258,25.687481894670288,57.23219747189256,167.24843289481944,165.45754545266513,130.30279608315004,140.94379519170744
2490,83.0,111.03416245924129,116.83051811034308,25.212891712992775,56.892697124332074,166.32838200541335,166.4067041573567,130.09562353781033,141.89495653781336
2491,83.03333333333333,110.94383918400688,116.70593057653605,24.875891909703952,56.46187619108055,166.7049915571586,169.04763677857324,129.7880414347468,143.54986331956394
2492,83.06666666666666,110.82344645845643,117.01023475920611,23.79299807718,56.68075394621913,166.0861684830632,169.1771835892497,128.9498675532615,143.63154573786298
2493,83.1,110.77706174981905,116.67753603889751,23.304029467246746,57.471969588172904,165.32658941136503,167.1633176524809,127.0918872832152,142.76957119461994
2494,83.13333333333334,110.74931633718948,116.46999402979003,21.617803663647248,56.84671468209886,164.90230948778157,167.31250743349574,127.18913204758034,142.3822201018502
2495,83.16666666666667,108.89973607293734,116.67201429510213,20.497456691081595,56.66460836610526,167.55011818311513,168.39081735209942,130.25730059351704,142.9594656929795
2496,83.2,109.47837281842043,116.36064696745353,19.763864948843235,56.10434909083386,167.18515707458724,168.2853424218931,129.4654810630358,142.78946825706007
2497,83.23333333333333,108.92931499861075,115.48315932515399,19.666797315999357,54.81825949871502,166.35418773041908,168.39784900329116,128.45883955532636,142.5919296391927
2498,83.26666666666667,108.97061225611498,115.83117689050708,19.369023125966006,53.74840600533843,166.45496725461018,169.20979872513232,128.7261135923394,142.52077230095628
2499,83.3,109.07347732877777,117.30486269446767,18.988228243141094,54.19436202772992,168.3524064632002,169.25165640047643,130.46848895841617,142.8255820385786
2500,83.33333333333333,109.3783103023742,118.00888035828429,19.08324183143571,54.4318196002391,167.41570390617616,169.3805793790846,129.22503937694964,143.0413104725807
2501,83.36666666666666,110.40514797609977,118.77750580078146,18.61922636417798,56.66700352550503,168.81192591370197,166.70842965931976,129.70621802800173,140.71447508497582
2502,83.4,111.95923234924355,120.71032823328157,20.152627370247373,57.04097397469566,167.92627796981014,167.60313388319648,129.11924306123518,141.29220265054917
2503,83.43333333333334,110.2309396208881,121.27789019627156,18.392601910590894,57.989766093654104,167.68797550038593,166.89284211426698,128.03397133781172,140.95010457912736
2504,83.46666666666667,110.84368666950105,121.940241204405,18.727502540305068,58.12931583905265,167.1539365406567,166.88629433415582,127.84351698467357,141.54970288144
2505,83.5,110.39959161090704,122.46977696094953,18.870291098375905,58.06864840338039,166.54731855133275,166.64334984616016,128.77844191737975,141.82101503325273
2506,83.53333333333333,109.89736068566826,121.28981385980845,18.361457743203175,56.387253854872036,166.6584753519016,166.7244428723749,128.9261782167639,141.5569799218649
2507,83.56666666666666,109.24513083875729,120.87301390026511,16.706532258452903,56.095457404796086,169.1345265402167,166.45340137739106,129.67781172814333,141.00013511163846
2508,83.6,109.95676652190178,122.56124338835312,15.769522922289541,56.626242648521874,167.4984756963215,165.08460389414392,129.62788248681173,139.75344271015427
2509,83.63333333333334,110.37827140699804,123.90362890333745,15.704026805916438,56.150318293232246,167.74554422137862,166.03293627750344,130.4064835922748,139.85043599127545
2510,83.66666666666667,113.6869161241027,127.56645835355533,15.496018765929762,54.55167530004977,167.49473954332456,168.83035774415893,131.38990394013115,141.1016900001045
2511,83.7,114.69652496907258,131.23399030257886,14.096384379136891,55.45409142646001,167.58808470599683,169.49577486642593,131.14717472892093,141.6076040107753
2512,83.73333333333333,115.63950965123188,129.88833572287018,14.029720189543069,54.74284632126534,167.22667599190572,168.84200699073787,130.7406587390014,142.2229048583229
2513,83.76666666666667,115.08097491622055,127.91394364490544,13.163192745499401,49.60492108399579,167.6540352337582,170.90706752440877,129.93098631048238,143.87865465389734
2514,83.8,119.60038222754805,130.22091794578503,15.0186428480323,51.43209216258022,165.21426668497713,170.67093574075218,128.97774378099865,144.73405631717608
2515,83.83333333333333,122.8434486792622,130.21394914085573,15.629050593711018,50.0463351526072,165.34915744102912,171.02375045434025,129.68875135412208,144.7217179293966
2516,83.86666666666666,121.85310041703046,130.23745515824265,16.116654347637496,50.01623668230948,164.50416844640944,169.481705680037,128.85788752397687,143.52286792774382
2517,83.9,122.43535737515253,129.85415783698048,17.25077487372418,50.56057411040167,162.63979985000236,168.0795926184191,128.76842958648754,142.63718511208893
2518,83.93333333333334,121.99990751542634,128.31942692942147,17.969550394690014,50.295141598701214,164.1926333713929,165.26306038151137,129.8534569368592,140.26369278414424
2519,83.96666666666667,121.44328382898426,128.57691873742982,17.49579427908388,50.463542231558876,162.79203488615207,164.44833839817747,129.038887537556,139.6633393027567
2520,84.0,120.48428241482817,126.92592347865099,17.10344997989448,50.57982967252145,160.86543491072112,162.40637458678492,128.80865041635468,139.60288075544875
2521,84.03333333333333,121.064341070562,128.32807886661533,17.727493924100127,51.86754192888364,159.69990476519325,161.54371930535302,127.68016509461054,139.20691479325293
2522,84.06666666666666,120.6286279211974,129.40203144880624,17.203658659524393,52.06579205641064,159.47498139723385,159.52920812723798,127.09467977613635,137.23507803725965
2523,84.1,120.08967629482424,129.75237123955128,16.54494370370063,52.66976898120003,158.58924994860377,159.5680886504868,126.10032350229397,136.8854297146564
2524,84.13333333333334,121.52113371608337,129.54064511864198,17.325261593065747,52.42075515934461,159.24736116647443,159.01273637643243,127.00869025970349,136.20893730227996
2525,84.16666666666667,123.3214304345107,128.70031506211822,18.32812276277607,50.24431734322465,159.81901013267387,160.16905827267772,127.01392516142761,136.56470376239596
2526,84.2,123.39618180556411,131.51737086783993,20.185850370026312,53.227089692796824,161.5396985623395,161.38525840344934,129.44340647354161,137.67299453475056
2527,84.23333333333333,123.69048199736885,132.4300323302767,20.644698500742365,54.209698822003624,160.56021575111316,161.80882571712905,129.44253937052414,137.95762470773738
2528,84.26666666666667,123.24061752661392,131.07240239135973,21.39535854442006,52.55549719556545,161.0244695622383,161.4313344252245,130.56228540508084,137.52212568064766
2529,84.3,125.93834712770207,133.5818250954188,21.62012560035711,54.06450192279126,160.2635374236887,162.1821867452099,129.48829697029169,138.02179014119716
2530,84.33333333333333,126.42885034925344,127.56852374586595,21.551268845686938,45.76241713830249,163.61546296821044,162.75246725601562,133.94045672258105,138.3744952620574
2531,84.36666666666666,124.63192768326138,129.7375698209815,19.686555813344615,46.813630835613836,159.60625484873594,161.871726383442,130.0799742931645,137.5362338487661
2532,84.4,121.8119578645024,129.2031606199859,18.094821828622116,44.81092945239661,158.809816472533,159.73053105847768,130.36447929371033,137.263737462931
2533,84.43333333333334,121.55711812870695,130.91796099102834,18.127495131869864,45.76894647663058,160.2272920358099,160.82394543645145,129.52299909402862,137.4744940907526
2534,84.46666666666667,118.23823340777055,126.14899548089612,14.868224295280058,38.921645630324285,160.2859742795591,159.7931920738593,130.23018848086022,137.19705198654788
2535,84.5,115.88900573142772,128.55829208155288,13.872347023784856,42.3878457459759,160.77407009049227,155.4242141715891,130.9389964216988,132.70510222369973
2536,84.53333333333333,115.48345507537718,127.43796576255632,14.043714668180959,44.311806172583296,162.164932333979,160.44858512571295,131.83169214979972,135.37716462334947
2537,84.56666666666666,112.41905286340608,118.91825741691345,13.683533960117057,33.251978863113436,163.90509557306063,164.91244043098087,133.02830238929158,139.22528723231943
2538,84.6,112.9350104069454,122.08870976732632,13.396189150642513,35.73218692904035,162.49467319563854,165.3326193521964,132.3804361822352,139.99173021497398
2539,84.63333333333334,114.52574910044667,121.8981283233058,13.246186761650588,31.76210890778093,164.56805942905183,167.94227160360163,132.91910160355278,141.20452952930017
2540,84.66666666666667,113.85423488234893,123.86893470575795,12.724608626389484,33.468823476322015,165.04917128002836,168.7163641359354,132.61434438305824,141.11840862053006
2541,84.7,112.25045826158002,125.63478144861632,12.914322532840352,34.992211216318054,165.1309236721457,168.1175767254553,132.58381437189348,140.60179837494658
2542,84.73333333333333,111.5120453614484,124.96120691300318,14.230096055209422,34.59834999225648,164.4833499610005,167.10386664248776,132.09109780835078,139.68047893630578
2543,84.76666666666667,110.99854432375699,125.58707412362695,15.264815691351593,36.49178156604726,164.4656608915344,167.3563703087681,131.7241843137172,139.9652699790068
2544,84.8,111.29544995720101,122.05288157806511,14.735368693230942,29.21558614701751,164.3260900388565,166.81148965915438,131.77202244040168,139.7216755986608
2545,84.83333333333333,109.27682764381262,115.92013294720051,15.119624110064994,22.506516133036722,163.91116120139003,166.26632401714411,130.45573158891017,138.10622275433417
2546,84.86666666666666,111.27594312835632,118.8395016578011,15.994308522967831,22.029803100151643,166.33064365784833,166.9152790570565,132.24557255907115,139.11429796084536
2547,84.9,111.59982323799657,117.77447824547531,15.937371070581833,18.71908569159068,165.86560726752796,166.76641660725642,132.44137620924562,139.4665120766835
2548,84.93333333333334,112.82710991784826,123.73267463475413,14.994422601164297,21.118947756264305,165.7895258346519,165.81958993968223,131.96218891297053,138.45178426057163
2549,84.96666666666667,110.35432910611927,121.82131944938877,14.632420352283203,19.951748591902437,163.240801782567,163.47486533093848,131.88250092110687,137.74000736672747
2550,85.0,110.26471724617272,118.19944475624928,13.912057283136859,19.27144012698195,160.2041499590702,161.81312074897355,129.99305264348206,136.88580867133956
2551,85.03333333333333,111.57666618370055,118.96725375470773,13.871887936526294,18.56498870566198,160.89131424076896,161.75135241401298,130.31810470405756,136.8645110460815
2552,85.06666666666666,111.8462027617728,115.45398756146058,14.02668974094861,17.768203005318416,159.9938094093698,161.6450283631348,129.1446608363223,135.86194865241947
2553,85.1,112.09489135085302,116.5419292295706,13.899979999666888,18.08909853742617,160.68536743443602,161.6632773130892,129.4463942153918,135.88302085207764
2554,85.13333333333334,111.62812800797103,115.12330464211496,14.61792490251682,18.28284042754016,161.2094857742197,162.6673948208638,129.20654700180307,135.5052741644827
2555,85.16666666666667,110.60529784857269,119.90726375494889,18.646889531993185,22.273859055350968,162.3813047726873,161.33138898800283,130.8649559615306,136.1677913684681
2556,85.2,108.3709263897935,120.71609153334082,21.47293876070448,25.422135401763537,165.21026174406092,162.1664444110356,133.44240772065493,138.168942292547
2557,85.23333333333333,106.32004953600786,120.3662484604352,24.74635262087941,28.454817456787097,165.2279401896259,162.24837628822783,134.9846728322786,140.59190839510552
2558,85.26666666666667,115.64244849789598,131.73375575409696,31.141626948858182,38.688158973671236,169.48900522555462,167.3726137655194,137.80820405601602,142.72062360069484
2559,85.3,126.82213733536774,140.4193312453344,38.39596227466,47.77124872024411,172.759463357326,171.01448653486767,143.39684178330884,144.84517102162337
2560,85.33333333333333,129.04009538321668,141.5407072950588,41.46449874473299,50.05150093271545,174.23215451407395,172.97745396903935,148.71088499323764,149.51440720018056
2561,85.36666666666666,133.29057584366936,150.56786513113747,48.252536216844724,60.296576168200744,174.03998605151915,173.29950113512425,149.18540366498507,149.71366014662024
2562,85.4,95.04817157441438,165.0124494811609,42.34128406285913,78.69078237683948,173.80102838353355,172.8908124736541,152.1527335063413,153.1721248903092
2563,85.43333333333334,96.45647065099439,161.00888392048438,41.36049636858339,79.89506016899803,173.95158551486082,172.74752310366534,152.28937301911307,153.18617889680613
2564,85.46666666666667,103.50298075678971,160.4189733934689,44.83061647454285,85.128475509202,172.94820206641543,172.87614947237154,151.21567674506898,153.36985116062547
2565,85.5,117.82429484851833,157.62861534804918,55.72682918107482,87.28961368975071,173.8964198367859,173.03988099295222,147.38286073727068,151.162213203244
2566,85.53333333333333,129.89770569064626,159.43354535045927,66.55491359443316,90.29149638757052,174.23998779019058,172.8415647626941,146.83583272868864,150.48327612541078
2567,85.56666666666666,128.0165596383051,158.95996107698446,68.30571697154964,90.90238975123307,174.3212633814154,173.4270719931927,145.71113265693617,150.17543326851336
2568,85.6,128.7563088849517,151.95665074929906,70.86759656324661,87.31176166171016,174.55119722154026,173.81164148324405,144.77214468362908,149.55025267711324
2569,85.63333333333334,127.96371433690253,147.69747222382108,73.63579714846742,85.79630824317648,174.6059641842181,174.48825998794592,145.09277584480978,148.84199617169858
2570,85.66666666666667,136.56027413450272,145.4555208609763,82.42448540030746,89.56748006164206,173.79591735851582,172.21539626609015,142.30284517281524,145.58110692652653
2571,85.7,139.13048069639274,143.67299803851571,86.48027668510603,90.11187285062832,170.4453903447643,171.2969724024031,139.22184142933054,144.1379398626552
2572,85.73333333333333,139.70330443233703,144.37596927200295,88.7854212399978,93.1908752969564,169.01874959489265,169.38816034612051,137.98951410972882,141.41665709894846
2573,85.76666666666667,140.1727989708258,145.3986545315146,94.01018790741922,95.66341851515551,165.5194257586469,168.58985240854508,137.3379885750161,141.1085662844189
2574,85.8,140.65869003220158,144.92343582247113,95.2929128667633,96.45515172814397,164.8714162462433,166.6275773555654,137.3917142163668,139.78059592041095
2575,85.83333333333333,137.3043830355632,142.8991593554265,95.82188246012235,96.52605915061027,159.74614943799264,164.46381367866826,135.76109470071628,137.7428981387547
2576,85.86666666666666,126.40720502268259,140.36611233289815,87.43650809095132,94.49035310151503,159.15220096574959,165.00095737134788,133.51638490719554,137.1533240959562
2577,85.9,124.7467742223069,140.9556198009222,86.43405444324273,94.24400799279513,158.177996593364,164.8725092225043,132.69883764400095,137.51879216247443
2578,85.93333333333334,124.80620165442741,139.91887042961372,85.29363016180949,92.68733637372615,158.98202239235488,165.12734714670128,132.78330440164908,137.36277996697066
2579,85.96666666666667,126.64107257670295,142.27668660440258,90.18355285668272,96.60671717354808,153.96657603581576,159.001263440639,129.5945493874836,133.84564053414115
2580,86.0,126.9314728014107,142.6498924769796,89.68495526687389,97.5135415190434,160.5448368836031,157.76349184323803,135.3737164246707,132.3303631255935
2581,86.03333333333333,124.0819113591413,136.13344495359775,82.31563331963815,90.70741145861888,160.93877077371755,165.03875420397497,137.11837987976313,140.69492590322994
2582,86.06666666666666,110.7402518887084,118.22860606784141,66.14141926045376,76.68119023668555,167.4565948615222,172.6440463373435,138.51022743032644,146.4105932001598
2583,86.1,100.47840115555573,102.3959104903984,64.57300700844887,71.03360224077295,162.76461065475155,168.7436831616996,140.72967652487557,150.1986018188229
2584,86.13333333333334,101.81529160985352,110.03043241693565,65.98897518510772,76.05536129649273,159.46609326530583,163.75847033497794,141.85856584187815,150.45551441572442
2585,86.16666666666667,105.04643286919277,113.08486036079923,65.8948922541584,78.45990839685419,157.50713756217064,161.8277493416178,141.97886509557418,150.30303773956226
2586,86.2,104.86377143319984,111.82452637204554,63.69266299183969,77.50443613539184,155.99337963196277,161.0148334414113,142.09600530492247,150.35197797505336
2587,86.23333333333333,106.79110790924808,105.85053739110138,61.65173981457109,74.79412298101082,157.53389082437585,163.48140409471375,141.55580921861383,150.16718284113296
2588,86.26666666666667,99.19873022848088,93.77116707810127,56.292221922009404,67.24941499137607,158.04025958120948,163.53132512370215,139.6983188234617,149.04999906486395
2589,86.3,93.78432639340562,90.96991126540388,49.94767159347655,62.53644097662781,160.25543974553753,164.7512740245839,141.0662098658117,150.8565834819046
2590,86.33333333333333,91.89606098504258,94.92017618968396,43.383801029437656,62.024009889528244,166.09228191082198,166.3595838778703,143.92742432052577,150.71669693260833
2591,86.36666666666666,99.49510727951989,104.75854648269559,41.64808821919198,62.54539832295068,169.0719291000328,169.64961846805528,143.9257978323188,150.48021676034904
2592,86.4,98.17068240706051,126.10210174569808,37.899994717759206,71.67920369495391,172.19590625362352,172.05904903358203,142.86461505724503,149.64797016133357
2593,86.43333333333334,96.8667226304738,135.5044835667467,35.443134968205975,78.15575018351748,171.5823889612481,170.97634247331743,141.64491579928503,147.64269826079314
2594,86.46666666666667,93.15659658881405,137.6178529232037,34.13572825247683,78.17153111201795,171.97888334012657,171.238029360294,141.78874041064466,146.97967078471171
2595,86.5,85.00567888138787,134.90136524242354,36.8739040101419,74.94845061668985,173.27861901908832,172.75756568697355,142.03337173756205,148.4990794028837
2596,86.53333333333333,79.61949794135856,134.90691506652746,36.80146671239031,74.72443330802098,173.27530643560337,173.34825057849724,141.94455471822562,148.6375291751592
2597,86.56666666666666,85.39199655160573,136.76892186743925,33.440983214670474,82.00279285774678,172.84654635644048,172.29990979399165,140.96467714546424,148.10267840521834
2598,86.6,120.81707132940413,137.65801384641682,54.94315802848748,83.97700562558553,173.77412362919844,173.36050307344368,140.5799708591333,144.1928984585012
2599,86.63333333333334,122.11221834355575,138.87174896721214,64.17814036817663,91.32364943045934,173.1495471603776,170.1192571203569,140.51634350698382,140.87630189781888
2600,86.66666666666667,123.03467151638992,138.9948464342448,67.0748565078255,92.69528569512045,173.8619267450612,169.23987996037602,141.98907169066834,140.64014076668067
2601,86.7,131.6990909133369,139.85263566764908,79.00343183174682,93.97860793649133,173.47308258729572,170.2373049604235,142.19771795386407,141.84926405966914
2602,86.73333333333333,134.51460423017616,140.15288546608593,84.4487557300772,93.84780642490249,171.90844785536393,171.22294191485648,140.8343230787369,141.75779989400928
2603,86.76666666666667,136.86934272658206,140.36529003424613,86.67777798239821,93.71495278792457,171.17857794095252,171.33479805502037,140.10890577522503,141.5846068229638
2604,86.8,137.45928453830075,140.80491443771407,86.97033966064821,93.03008698478821,170.57471939429013,170.14030147025542,140.32103537631764,141.10526221519552
2605,86.83333333333333,140.66484895038084,141.41517570299277,86.85220964703481,92.89175984711426,170.7152000939703,169.29859544037168,139.79830849676623,140.4806941987947
2606,86.86666666666666,133.3533031297303,141.71421495095242,79.99090154996674,92.29862439222345,169.87390505360804,168.96132740630097,137.5930895850833,139.94984976322542
2607,86.9,127.9570849017741,142.21899518288822,73.03234533557382,90.09700129336706,168.61751072106202,168.42642388226994,136.2258866845123,138.73585998238897
2608,86.93333333333334,127.0434660080527,139.95870237908431,67.280120555006,81.88655270956164,168.7874559034819,167.84348146774138,136.03233296937847,138.61660471839429
2609,86.96666666666667,127.15947814078692,139.34932483094073,55.444937563640046,69.67676273946599,173.417508884374,171.91362221423105,139.85246579319076,139.90203444774997
2610,87.0,123.56114094679057,143.80756879476246,40.292128978338354,59.32765424925175,172.946961393764,174.80686844098537,145.0363782540472,144.5574682126748
2611,87.03333333333333,131.1987196778956,127.26426314619886,36.47160430775368,44.08164500907884,173.46346955848898,174.27185390835433,143.94665940822685,147.30073646959556
2612,87.06666666666666,128.0011228536581,126.09336035270454,31.2345994511419,39.573559033567726,172.7757042129993,171.145900456294,140.7918054280127,144.60047927257997
2613,87.1,122.88706362828763,126.93380016903775,26.061806151162067,36.348586262280826,169.1337555363033,167.78241941228146,138.77642458372418,141.93109301729922
2614,87.13333333333334,114.50216791420122,123.1102046116318,17.325902547554037,33.96937990738596,167.0932573129109,162.48543321643373,137.99835640307796,139.77342691158856
2615,87.16666666666667,112.39578229983898,121.44669124965476,13.830284891479293,30.449311631468955,165.46888796356436,161.83032413669207,134.5903859059649,138.25242684458246
2616,87.2,109.03305329808651,120.34640292989218,12.600248044484424,27.204837010668413,167.11758444888693,162.82219819862934,135.49834134001756,138.14243706336097
2617,87.23333333333333,109.04111924734242,122.01437548966406,11.791513790326274,24.61427524593892,168.11820643559096,163.67264880911125,133.6007694196093,137.5035812522649
2618,87.26666666666667,110.15483093604536,120.56215644692486,11.860170716539056,21.55445943509131,168.23117403161908,164.05012773722441,133.74244431809217,137.64668547975873
2619,87.3,110.7947131230587,119.32070726494771,11.68176500243917,20.092971343889435,166.5799429206528,164.02724810809462,132.75623041464965,136.2247489392578
2620,87.33333333333333,108.83814032034483,113.17168754254527,11.831816125728285,19.470922954422583,163.8116757626542,160.81717530385268,131.61479631820464,135.22383846973358
2621,87.36666666666666,100.98014082382856,107.48518960637612,13.28589571948472,19.045340202903052,162.77678199132868,160.82258255991084,133.03627276838753,136.39636520775085
2622,87.4,104.90499158045756,109.54530191766025,15.896904736113978,20.240023604968453,165.24513618551538,165.07008291790518,133.214429078837,139.75208508599886
2623,87.43333333333334,110.52013603021155,117.25761909411885,23.704309921046452,26.275093178256007,171.88627710534112,173.6060486725272,137.38100773268678,139.78958038551238
2624,87.46666666666667,92.10979952195314,127.55260901573511,30.347097613028293,48.44564262437713,172.60471237661707,175.26152606057198,140.17939923166765,143.95360429631697
2625,87.5,103.75804720751076,128.71918711734654,32.9013876900183,53.93599319034676,170.42592929918365,175.46333691072343,140.52240570774478,145.66572090809458
2626,87.53333333333333,118.92353638171902,131.48378897901674,49.780673605085816,73.11804757383096,170.27844615437579,175.79030261812238,143.51329124759704,146.56794480240328
2627,87.56666666666666,122.45825608842378,135.2487061087268,63.78103892936342,82.92820572750259,171.82011701735874,176.13645987740227,142.81382374290342,146.87836018866344
2628,87.6,141.83780712474652,145.9832895677534,84.24071902495098,94.78762609616199,172.8512464805018,176.4116270172242,143.10861422858605,148.69680658429533
2629,87.63333333333334,139.29747708912225,144.55380328946936,94.27004045033627,102.70247804405854,173.05905185293085,175.16252623617757,147.00185173178824,147.67103973085136
2630,87.66666666666667,142.63307517642545,147.31266583788988,108.63103880611013,114.55437147542628,173.61573824263357,172.61846440967597,148.31958798411415,145.21245252107985
2631,87.7,143.12075198641335,139.59175116895003,122.80388483225438,126.47817700912003,173.78096872283047,170.83323089136047,148.45974817556035,143.5315527747509
2632,87.73333333333333,145.1642936798378,146.00675455976173,130.80388862308467,132.11354498568497,173.9246243640329,170.40073877418962,150.52062502042813,143.50831369138987
2633,87.76666666666667,152.46660945753302,156.92743806821818,133.57604710083456,137.91729263996092,173.56060424048744,173.8833095538045,151.13379763510872,144.48579216282997
2634,87.8,156.3134553305073,163.35641044942284,140.1246396906137,143.3965110451348,174.15709046479975,173.2591744746331,149.83707833499713,144.9521584056994
2635,87.83333333333333,159.52466348569075,165.960454263137,145.9684818063072,149.87777490981023,175.0271333843899,171.20321587906747,147.89243980177733,145.65257309023806
2636,87.86666666666666,162.52521750074214,165.3503724215097,151.63370203973216,152.1957558284626,174.421484598126,168.41279107338474,145.85453500636095,144.7357176468429
2637,87.9,164.09263263658124,164.70753830256834,155.220121302895,154.41327710081057,172.11281566833867,168.23614202225562,144.72824898592665,144.52844509968273
2638,87.93333333333334,164.68058856391988,163.47229561082958,156.75113850685713,154.52513656166445,172.67191671819702,167.9368641012478,143.42338195324535,144.40763286042244
2639,87.96666666666667,164.55218243868154,164.7036007354581,158.9756821828749,156.8445065753131,171.38325547734252,168.79135143196126,143.14464648982775,145.32191716660043
2640,88.0,165.21575093165856,165.2508964910884,162.47002010069906,159.89803579909776,168.63440198773944,166.66961256065977,143.408834629213,144.46339834778024
2641,88.03333333333333,164.18158337246822,166.35666933995034,164.09685549783777,162.52591124799798,167.72846190521108,164.0576757096327,143.80161385136677,144.6681901866365
2642,88.06666666666666,164.33588585641996,167.3698152239642,164.7693606172486,163.25717841703445,167.57825588483806,164.3312149795491,143.4054285216442,144.92384502670225
2643,88.1,166.69406254630243,167.7531684344708,165.1077361651793,164.7251590040561,167.82866161589257,165.0054851324956,140.597331797499,145.75233877445538
2644,88.13333333333334,166.5442418927468,167.98738134410155,165.58961453722472,163.28887820969487,167.96489878224776,166.58884785135083,139.98070506741948,145.7854184082546
2645,88.16666666666667,164.95631488292332,168.17113790760718,164.852461428864,163.20266364406228,168.57692525104096,166.3570689981264,140.7832777601513,146.62485106075843
2646,88.2,166.94226890087614,168.7406951086521,164.80799559536487,162.88216298924823,164.33096015774694,165.07911601308675,138.91555844576735,145.4074061723768
2647,88.23333333333333,164.61250521092919,168.84670424129266,165.37683979046622,163.26186750188714,163.02210152460387,165.68808532332486,138.50857706253288,146.30582577734202
2648,88.26666666666667,163.76097086795374,169.03844651958812,165.65919703252246,164.2094637677369,164.90256383733535,166.16322364651177,139.74108539372006,146.69350058400727
2649,88.3,163.4022221792288,168.3783655131999,165.54709492868037,162.48871435066184,166.14131795564688,165.66327240593455,141.63223777979974,147.38528730762164
2650,88.33333333333333,163.72364639115787,169.07016263229286,165.789094783901,163.12952047799675,165.33218575829642,161.38366164553344,141.71259490245723,144.5969470169284
2651,88.36666666666666,163.894695420255,168.60738473730117,165.49959646219313,163.2908435680856,163.61484861037104,162.94515249144925,140.67098599190638,144.60307466547349
2652,88.4,160.9257315124944,167.02911796899545,166.19077821451282,161.93541042398024,163.69324427794714,160.68300295950144,140.44138195305896,143.4393210705749
2653,88.43333333333334,162.47376964390472,166.50577501302595,165.57238001369444,162.52341055086077,165.56654856572257,164.42548708962306,140.51940428055343,145.98566349138378
2654,88.46666666666667,164.18412059690667,165.4639540259969,165.94145296972593,162.22165775673366,166.69453114627353,164.6476772360408,140.2967943957218,145.9471159881402
2655,88.5,168.9744685676232,166.45044586643237,164.04916080634447,162.62260952823547,162.57314198401565,168.36173626427137,137.5009766291881,147.37789683211537
2656,88.53333333333333,169.2050715997829,166.5581731724299,162.71888203085916,161.87521135562585,162.83770916900156,166.42637331767966,137.04517638235558,146.4950718202714
2657,88.56666666666666,166.26858846882084,164.86738427161862,164.53731269068462,161.32045716751813,161.95509104983503,169.2427717028295,136.01418092316126,147.73206472580478
2658,88.6,167.43070840952558,164.41146592361636,164.32689434554706,160.9766518167655,161.64250703343933,167.91596553602938,136.73348263931143,148.55596743988264
2659,88.63333333333334,166.91475872940205,162.78700378343905,164.6433848751053,161.8152776331758,162.32708794204427,167.08792710157306,136.607459929548,148.70961468313016
2660,88.66666666666667,166.9003149148497,162.7757578657701,165.04810040893918,163.59571969088148,161.8379886609262,169.84200374336484,135.72454378564936,149.4706050378836
2661,88.7,168.8935476602995,162.17357521134022,161.57866502880518,160.65601524581385,164.1974395944468,170.25994528184347,137.44877126159494,148.6910361342092
2662,88.73333333333333,168.91696706356106,162.15336988311378,163.89998774067246,161.83960430342034,161.09656537948726,169.3808790446158,135.56555356174042,147.67983223916215
2663,88.76666666666667,166.83349879121897,163.3098201955751,164.6053916836179,161.9309205956417,161.8523869324642,169.4751941039858,135.91113573647257,147.21428630434613
2664,88.8,165.17521040375132,161.39343494789404,165.45384045487526,160.68207895620728,163.54012140341794,169.1913894679404,135.71863504134248,147.63069337583858
2665,88.83333333333333,165.68913795587142,161.17753727097877,165.22996907152844,160.1542496862491,163.58765116343622,169.08903885414261,135.6509268529348,147.60806619174372
2666,88.86666666666666,166.40209448237678,162.18945129762068,165.2509454286282,160.79149353703326,162.6983276758815,168.60659183448877,134.8576999968013,147.26748466993575
2667,88.9,165.93089362111024,162.49152259480496,164.95531108643397,160.1297410968861,161.45154172582144,169.97288469750671,132.99157891446887,147.78253018181934
2668,88.93333333333334,167.6213566075385,163.4278136981992,163.05869723982926,159.5775818751074,158.53858042194187,169.67917436396039,130.24235137371028,147.66307024442278
2669,88.96666666666667,167.9301568098703,163.98067800305972,163.30212869185644,159.87425223103597,158.90822667152165,170.02636048073518,130.6054754763047,148.17126477061032
2670,89.0,170.35523961491222,164.16703356882627,162.69193573866937,159.9621436615781,157.92929897094203,164.87188712802663,131.90371008840225,144.93159650243257
2671,89.03333333333333,169.6135035328628,164.506335527269,163.90958109913757,160.19703339778061,158.41359712896005,165.22897975445355,132.03464766431125,144.88080212846586
2672,89.06666666666666,168.47891954448852,164.5574827911161,164.1762109462029,160.74425714311593,162.18752821933944,166.53221845756664,134.9706520031633,144.70382537319998
2673,89.1,170.83251284035072,165.26819930354267,164.27105021899243,161.11216631705548,161.57099789225379,165.08109830035824,135.7328050298827,144.21640462016967
2674,89.13333333333334,170.83343228200414,164.41204698226161,162.60875580571968,160.56188858332837,165.00019983456264,165.0912218453309,136.90041933678583,144.03969102447695
2675,89.16666666666667,171.47332133370162,164.30818208077307,162.34015386874057,160.65085626300618,164.58175597594916,165.1847941385262,137.78267797588163,144.07122032095305
2676,89.2,171.261053753863,163.73109442728892,161.86440565514621,160.27854026238145,165.9619716111152,165.32857348099228,137.9829208908898,144.6223183125452
2677,89.23333333333333,171.40086497475568,163.50436922826998,161.61598604315984,160.33155245819538,165.39050835062721,165.3423781403058,138.026274612481,144.30280684726551
2678,89.26666666666667,170.97755983807812,163.76690079061845,161.65174947282202,161.53047349361086,165.6871783602889,165.79115266409227,138.0858001557414,144.38072932995678
2679,89.3,170.70077417906515,163.45816436277826,162.0837828909794,161.39647437942708,165.86015076304582,165.79340810209038,137.2116134946611,144.51084229777908
2680,89.33333333333333,171.63058248376475,162.53346043673056,161.6299891073424,161.39413830304667,166.42159156411,168.66233471681588,137.91553345905763,145.5746587151341
2681,89.36666666666666,171.1729335774052,162.20275907930423,161.949041057856,160.2179996311553,166.0949332047323,167.11112660401903,137.31893488880215,145.19366776792182
2682,89.4,171.12169911097976,161.49873102448507,160.82995633390698,160.29136015793424,168.19510092899685,167.79678917373604,138.07942772029634,145.186598383806
2683,89.43333333333334,171.19658765868894,162.18740347661353,162.07010481655954,160.35418196946333,166.30364370954294,166.1801369322545,135.96136315207545,145.16774348727228
2684,89.46666666666667,171.55842355400276,162.2914233027406,160.7485338663604,159.6867608639697,165.6272332543483,166.8621967907872,135.0836882070682,145.174355245723
2685,89.5,171.73364337865576,161.48062200132244,161.38568677901455,159.3282024741753,165.3242009170219,166.19548531240346,135.03495875614405,144.97045856541624
2686,89.53333333333333,170.76558786327965,161.1364975658503,161.719967950614,159.48563506005652,166.02785147396358,166.64776356904716,135.23541325397676,145.4271090046967
2687,89.56666666666666,170.7009122649877,161.94608686373675,162.49058334995667,159.9520050544237,165.93979612987098,166.40354938688654,135.3750942890283,145.48262488412814
2688,89.6,170.42121939031153,162.35028668465003,162.6881984983279,161.81141530182703,165.87424464789277,167.04400293162766,135.48043384030694,145.76098231075144
2689,89.63333333333334,170.02990810544227,162.53913080697419,163.51032621018481,161.86793966582295,165.75935024819495,166.79209246369697,135.56097027385056,145.82678809959575
2690,89.66666666666667,169.45621033936084,162.37106322596924,162.65688352018492,161.55473508648953,166.36167821744579,166.65832139265655,135.32120061893045,145.8243757013742
2691,89.7,169.86474399624245,162.51606851091586,162.02655262055913,161.28684150263783,167.04409117922523,167.1644411937067,136.00681761578684,145.8840801711118
2692,89.73333333333333,170.73004249465347,162.08411174792474,162.0595033692742,161.2406130351889,167.18625878416734,168.1040990174765,136.7127489218344,146.07059962338644
2693,89.76666666666667,170.1426833627545,162.49785454677675,160.52117732572975,161.05746729641447,168.0242753507381,167.66440764730612,136.25294728094792,146.18189789201838
2694,89.8,169.6166197228968,162.08842241058136,160.50221978945078,159.53138956949127,167.84098810413911,167.65936313895068,137.09440286008424,146.0353409913584
2695,89.83333333333333,168.94284851052203,161.69955257570481,160.23881309907497,157.74540617419152,167.9912399862948,168.4158663616856,137.61462914050554,146.1206133129013
2696,89.86666666666666,169.63832078496822,161.76610516129244,160.7005433755013,158.62141030964187,167.76681524861016,168.3549530174832,137.42793850942692,146.44578959493623
2697,89.9,168.99485860196486,160.1568645620114,160.11406030788325,157.0274749101758,169.67027581052673,168.6195988763424,138.91191013856937,146.7183058208618
2698,89.93333333333334,169.023210509523,158.88667051896024,158.90214432424455,155.05111636019186,169.35864757748143,166.60817359084078,138.00708879750727,145.66897251739545
2699,89.96666666666667,170.71275228360432,160.8925053452226,157.8874744701527,155.96242952501254,169.23277256158943,167.69777082487326,138.75775339111746,146.2683488982282
2700,90.0,169.9569844856475,160.77945559759053,157.27469072907056,155.17043771558295,169.8077197297502,168.1152273283647,138.69589622864223,146.33010085364734
2701,90.03333333333333,169.6209814095233,161.35246085559433,158.81077584529652,154.9219631539474,169.65426923816918,167.96925726264564,138.58345212648743,146.7165341750309
2702,90.06666666666666,167.43635068291925,161.51188262168168,158.77043753859581,153.80588456572417,172.50479311572678,169.21523670568496,139.08651338752273,148.1247238045286
2703,90.1,169.87227427413205,159.24353214112483,159.61937274131168,157.1413039153159,171.47883399684926,171.23545666492328,140.2343489931782,148.89810631427548
2704,90.13333333333334,167.7507224017578,160.22189290321222,160.72651032783872,156.48770982222948,172.58388355972122,171.34922715932666,141.21842107613776,148.92886753031328
2705,90.16666666666667,167.4438547843796,159.85355015572384,160.80096820686464,153.47781914687215,173.75851584183198,171.35737701574706,140.73899090836676,149.12510590216561
2706,90.2,168.11048830985436,158.2668918031255,158.87574151431093,151.61345819418312,174.3820355613563,172.6513728320142,142.23175804161295,149.04637636573364
2707,90.23333333333333,164.53593731879363,156.0486750752409,157.24783141083546,150.62144855713467,174.86889435227,172.56424250143073,143.48786161978038,149.48663480852784
2708,90.26666666666667,164.3873878682512,153.1744604258264,149.71561467352194,148.15446605089224,174.87217696759856,172.70795747149148,144.36227001606196,149.08999360139717
2709,90.3,162.39238222324698,150.8160106620964,143.5663600247438,145.97056663865587,174.90745319084547,171.74361301202595,144.41369806798645,148.76153837284383
2710,90.33333333333333,160.46506282282814,149.45877135944664,141.47212061743227,144.5502301553945,174.8479212753269,170.66676316770395,144.2298967338844,147.2758953030448
2711,90.36666666666666,158.68205352859704,147.62048096103746,137.6088474637722,141.61540808872996,174.6873596200048,169.75852079684802,141.7682835898746,145.98335138496094
2712,90.4,156.4272690621235,146.75497783428577,139.28932961722904,140.25010927048862,174.70514852431143,169.93685119542442,141.75688623002367,145.62690660733716
2713,90.43333333333334,156.23060272682804,146.31957673462327,136.53601261050926,140.2748501738974,174.7171083629173,170.69109026870126,141.8172054511244,145.53269098446393
2714,90.46666666666667,156.3458997031865,146.40505187026608,135.02046590005733,140.01167986395436,174.75470960816088,171.50215897568393,142.1567966822779,146.0544625058774
2715,90.5,157.03722020274176,146.4525621963717,136.6591071223204,140.19779142913876,174.70107687573213,172.00690134317952,142.22276241952213,146.02391372993483
2716,90.53333333333333,157.7732629141897,146.01124630859928,136.25021242965502,139.29231576605554,174.7908669483414,172.17896603055038,142.58597091105173,146.10068657711736
2717,90.56666666666666,158.23389125808797,146.58127535895161,140.7984342111605,140.41702588556484,173.96906091281824,172.9722125411563,142.30641946656996,146.05758140186512
2718,90.6,159.6024218241668,148.4828508727424,145.77847753678034,143.7508182660371,172.392766311106,173.06941739652362,141.7599105714393,146.94809770765835
2719,90.63333333333334,161.93975559317647,151.7955303863778,150.81683008672917,148.42325035567936,171.99864525205012,174.5847073558905,141.97765878593947,148.80550445275352
2720,90.66666666666667,166.69286239785632,153.8842662373287,154.90787727804505,151.43346800600017,169.02828095783198,172.75625954912962,140.13822699014295,147.61916069172707
2721,90.7,168.20968173760443,159.07275389741423,156.19941837274024,156.85973163531656,168.67240976069414,172.03981832112802,140.9551175005213,147.36545859793918
2722,90.73333333333333,168.86864433146016,158.98136904821084,158.00649824917812,158.04629463905636,168.38101482922326,169.15220948411576,139.83228585441725,147.06483125241917
2723,90.76666666666667,168.81466036930655,157.47320662955886,157.2436706567282,156.6097223971374,170.15324901092785,168.55315808216488,139.24275206685152,147.9024048415951
2724,90.8,170.41105981631273,157.4300319537541,156.86250353644277,155.73556527030414,168.22423712357033,168.50677695970552,138.24324558339444,147.12585026923756
2725,90.83333333333333,170.49503564146914,159.8878771441487,156.53306690670567,157.5898668801361,168.3912292605624,168.15104324221286,138.18847915660885,147.0701811625333
2726,90.86666666666666,170.55556922617666,161.032127075967,156.85268618681917,157.51070712081653,168.16508920572616,168.23790951022016,138.1624732744208,146.82510031166754
2727,90.9,170.55421385465453,162.87412976065085,157.48251590734546,158.79000535760537,168.47532869611896,169.1758167525055,138.43118372282885,147.20701823482707
2728,90.93333333333334,170.02148222287727,161.95015524401774,158.16873591642593,159.1822298558484,168.41047491078123,169.00980039301143,138.08479689860013,147.21304839126486
2729,90.96666666666667,170.23917479618405,162.31994578599475,157.9966280580108,159.2655035936241,168.7612700756044,169.4910506294814,138.05737695357064,147.29256599099577
2730,91.0,170.3655609009992,162.022654367515,157.66758038906846,158.86714845393067,168.8098801553564,169.6619813007771,137.75842026586423,147.4106838771766
2731,91.03333333333333,169.80074229533264,161.5522400949801,156.95608934298352,158.41749673206715,169.6882281213843,169.5022885809284,138.11865556130425,147.20153759085676
2732,91.06666666666666,169.47551981818398,160.64844182494153,155.4561763086189,156.42924535241895,170.43520341045408,168.36617338191272,138.50463769021033,146.4121262687096
2733,91.1,168.8136127988632,159.45504622190776,156.4882479791677,156.07348221461444,170.86458354002303,168.36537055238213,139.1864334303927,146.56597542166546
2734,91.13333333333334,167.72430071659187,158.60407979839644,155.22247369496526,154.32399215572235,171.66681580202706,167.95008652247927,140.32106097956813,146.6067395587974
2735,91.16666666666667,163.74813924944374,155.1260162839322,150.18739568474177,152.31352152985139,173.1744973041668,167.9523813478323,140.438636711836,146.4514895254779
2736,91.2,160.52991366648098,151.93820836940938,142.76417324938203,148.72404943725994,174.63478624440688,168.92612888657956,141.4765488001075,146.9204898085706
2737,91.23333333333333,154.2230877880075,147.3286881106949,138.44523691630457,145.7219720815633,175.30167566814856,169.53405250203343,142.3950381507164,145.91175742638478
2738,91.26666666666667,149.67081264550114,143.3259232136815,134.51538916983327,140.84437739114583,175.14465828323998,167.9989066353335,142.21999320082887,143.9603347041684
2739,91.3,143.9542838493731,138.95072535796737,131.1133614206366,135.48656446764338,174.8489563931304,167.2186205497509,141.0962054426404,143.35047739413352
2740,91.33333333333333,140.13875685817214,137.17878165806434,122.84285129893738,131.29305184413897,175.15007597395572,166.32705042885803,141.1863481910144,142.7994574706842
2741,91.36666666666666,139.9140864231861,133.19332246558636,117.73641718658274,126.81989412246287,175.07022212336403,168.17862815434637,141.8015485131913,142.97783614803015
2742,91.4,139.53574501721238,134.727128909571,111.5540844762288,123.34090511658978,174.9177034479199,168.2863527861543,141.72815383122997,142.64745627654557
2743,91.43333333333334,136.70255120261425,132.6029381318738,107.0598992002412,118.6256265165124,175.19756150233187,167.9223537106502,142.86273695239782,139.69152927715314
2744,91.46666666666667,133.05574371525174,132.22560661707695,102.17725057421728,117.66287589155503,175.52047102195937,168.18849068639335,143.82742030303626,140.2880658024097
2745,91.5,131.4388658786853,128.06561439313737,96.91330310543691,111.84222689068238,175.02938522297245,169.48847266304625,144.59591135826375,140.60712148113845
2746,91.53333333333333,130.296372269838,132.45356777849216,92.69801554979456,110.21427701975611,174.98588167270822,169.47428591253717,146.40837961549377,141.80195291590502
2747,91.56666666666666,128.44996180409646,132.79870669227543,90.4675455419068,108.23166133649863,175.42140172974126,169.08186104420164,145.89037377621594,141.74002002590672
2748,91.6,127.15151419669925,131.29621256035628,88.97880513526636,105.51295013008809,175.4840642440507,168.69190813437973,146.26290046082136,141.69050343323886
2749,91.63333333333334,124.42208164754537,130.4350350905143,87.08201428889934,104.30806440292281,175.53709789176884,169.21790947683107,146.914167760175,142.46955810490633
2750,91.66666666666667,125.9521746228102,131.29408493280695,87.18292976117269,103.28404041021847,175.73587144156247,169.2308487978936,146.0435752601305,142.26166380622385
2751,91.7,123.5621208724561,131.30665206735364,84.14242617172359,102.15186875342856,175.52444149882788,169.8088975890773,145.60296948071093,141.87507830139768
2752,91.73333333333333,125.05397591869044,131.94192759814482,82.67837208541981,100.05500665762234,175.09918491018468,170.46535554146146,145.7491882246136,141.38296167161187
2753,91.76666666666667,119.85014545750049,129.42566270916555,76.85941224121966,98.9330459241955,175.38150463132368,169.33259806809255,144.68346258468426,140.386704864965
2754,91.8,118.93255461712745,128.20279305347407,74.10852279119314,98.17299828306437,173.2944229271148,170.27701380509356,146.55578816176603,140.85601710470993
2755,91.83333333333333,114.30899880105363,127.91683792394805,67.41381584280842,96.13753475316663,172.32029822336835,170.42415871987865,147.26479264115798,140.2759705819969
2756,91.86666666666666,113.1434710682927,129.2891785993543,62.156530144270974,93.53710083034967,171.0555162115658,171.14278374373527,146.85798357203078,139.9608776957564
2757,91.9,114.32349684121264,129.74661804791768,62.4521402032228,92.84350192267414,172.3782124052298,170.69776962976366,146.03930492702483,139.4676308689385
2758,91.93333333333334,116.96204527546415,131.4444166149799,58.41303406389447,89.04384462599772,170.41937497533283,172.04713433805762,145.58713195827067,140.43310217995906
2759,91.96666666666667,117.15124795704173,132.35632466111713,54.75206884010627,84.31522487483768,168.41090168072586,173.43409757428415,145.53720992683557,140.98777154065
2760,92.0,116.3752041950363,131.0140311383663,52.93894486253706,82.01426043627286,169.53627236520705,173.48655038406866,144.96533590303898,141.89861037377207
2761,92.03333333333333,116.14386849209181,131.0186758409685,50.53244785053989,78.8908806255772,169.01272666452937,173.70976413405006,145.69220045982266,141.75301640305827
2762,92.06666666666666,114.08587420688737,131.0132019336163,48.46193864704511,78.5007540192905,168.90973705309975,173.70917426439,145.012917881437,141.73391062070385
2763,92.1,114.15134764303765,130.676796851518,44.04651588882015,74.93506822397197,164.4255251146766,173.27809433369933,146.71370637568367,143.1911787931057
2764,92.13333333333334,111.94972763767647,128.43102899683467,40.12718049470301,72.09213745979203,162.70128121106967,173.02268825154516,147.4503554870715,144.10318289942828
2765,92.16666666666667,111.75417291045686,129.78838016472918,37.854894718603525,70.18987154064283,162.11729809129466,172.41941226979327,147.28101885764102,144.10018658303477
2766,92.2,107.93089577172245,128.5637636987676,34.756417795641546,68.84846083208845,162.37687913368308,172.3364200312085,147.10960896629754,144.1722356515686
2767,92.23333333333333,107.75440545130432,126.86838872467048,32.83121489554581,65.54974546283175,161.7518786492383,171.54707334804536,148.05297792850288,145.28158834994935
2768,92.26666666666667,105.22035363478977,125.65244003582063,30.314428326415957,62.852382166218916,162.93542240174165,171.45697169673628,147.62649873280455,145.4005355752983
2769,92.3,107.65170964945167,125.90678381288859,31.059837652183862,59.443039799752626,163.8158021306742,170.0330578505912,147.25536159576336,145.79135508151043
2770,92.33333333333333,108.73918066696137,125.4409510100471,30.165622585367405,57.60397234870451,163.89032292796006,169.75025931451808,146.42805668307614,145.3186575593969
2771,92.36666666666666,106.31070084357457,125.04075612375958,29.556043388295095,59.17855001793437,164.2147140766909,171.0407095410757,145.80177434049804,144.36913895546945
2772,92.4,107.84321360840912,125.6655839510467,30.85096437430258,59.23220889243593,164.12420224645933,171.40794651386938,145.75152965226505,143.8970497517584
2773,92.43333333333334,108.0499676815373,124.79398768724134,30.04087820530687,56.546430137485,164.47848068039647,170.51420746334617,145.65735825147706,144.45772561504967
2774,92.46666666666667,107.7003146915107,125.15027721963557,29.74186905467381,57.34344802196597,163.96915248835012,170.7878457144502,145.70564867830487,144.38726293882976
2775,92.5,109.10471615126367,125.56677914237204,30.66614914500878,58.170390490229956,163.8304826372196,171.0979911591581,145.86613461712068,144.26698554531978
2776,92.53333333333333,109.30138767597128,124.8720198610493,30.717727326029912,56.86070781460552,164.33788551683503,170.58890491141545,145.81307092339057,144.59040205871048
2777,92.56666666666666,108.08993892344905,124.83559768982418,30.158212919409053,57.214456215443505,164.4053043446182,170.89536134941818,145.8262773730533,144.40659252760722
2778,92.6,108.25571652597964,125.89073891382671,31.16333471338412,57.421146527433336,165.0795366829024,170.82736976292304,145.0191697809723,144.19493600883322
2779,92.63333333333334,109.57263381353245,125.55615782930177,32.02229098903921,57.45103043203986,165.01534218801874,171.12886909225935,144.98800552234977,144.01486283194643
2780,92.66666666666667,109.83165657029846,125.59972931028302,31.165300799270852,56.385877040282665,164.1748083328234,170.5446567555544,145.72617723202885,144.50411806965133
2781,92.7,109.2606738939825,126.24650667407425,30.472002270199358,55.92480869987315,163.9243873192226,170.6398455908342,145.8342032602489,144.476163643626
2782,92.73333333333333,109.56435971734656,126.53262134349494,30.397949421145913,55.53401113754232,163.79816138545925,170.6688412469163,145.53698385964807,144.43838015677574
2783,92.76666666666667,109.30109592555814,126.18677983205305,30.06400902339196,55.40382909921284,163.6762374143539,170.70874237813103,145.35478009304612,144.36611080584197
2784,92.8,109.45645999595256,125.53321134197401,29.6041426143434,53.25662547562543,164.34543538185855,169.90086795913135,144.3704860497005,144.4214970464625
2785,92.83333333333333,109.76471288475825,125.77659884461474,29.50748359951116,53.246522378913696,164.03167927917002,169.9613250844497,144.31557338165248,144.33818799554814
2786,92.86666666666666,109.62695420182114,125.65112598259104,28.894950769477298,53.30607424517101,163.5573339566001,169.95713388067372,144.23454349752075,144.45014140055108
2787,92.9,109.55238617347445,125.70402024854272,29.597584240028088,53.254744739384705,164.92000538462653,170.55027299912376,143.42119865221747,143.6294184811531
2788,92.93333333333334,108.12783456634781,125.60160883994365,28.39056412454055,52.91624666876393,165.08160945454068,170.64760036233432,143.7779439035846,143.61208641189592
2789,92.96666666666667,107.80794035082214,125.67221532747841,28.55841706641121,53.35774527587429,165.0493386565055,170.95977838282917,144.05679999138306,143.3390366816368
2790,93.0,107.69816200513584,126.0039564755088,28.49387998262275,54.006380531051505,165.0787712041571,171.38737574602038,144.314542540915,143.21689876395385
2791,93.03333333333333,109.05549725411426,126.02120723781073,29.15312514808944,54.06720753346743,164.856045064589,171.34046140012435,144.4057630079427,143.24246648968938
2792,93.06666666666666,110.68644860209541,125.92334388201643,29.123081871873417,53.53919227945208,163.82528156893684,170.9678970719091,144.35944430513072,143.27059776050007
2793,93.1,111.37891348423915,126.27281385898137,30.859629483881584,54.47106793795492,164.81117318712364,171.36072133170416,143.8932163018242,142.83076118955384
2794,93.13333333333334,111.89229130416712,126.15687549649554,30.046640486215157,54.176875306320504,163.82007518242756,171.16038401649803,144.17705791152355,143.3230130413166
2795,93.16666666666667,112.37318506679256,126.29173036002683,30.32129115580479,54.500561484052874,163.42509241194225,171.211425812183,144.26140209402854,143.36996757550295
2796,93.2,111.55166153517305,126.00245253554604,30.219188866402146,55.83568429945598,163.08556134011985,171.64776875022426,144.4142500449499,144.1023262755389
2797,93.23333333333333,112.32173805122089,125.63849862833108,30.123696124884606,55.580689101296265,162.53355323141318,171.5482454149447,144.2822968691422,144.31503135518935
2798,93.26666666666667,112.61482124277849,125.88612006773037,30.5151189642563,55.15004138829594,163.09853151376436,170.93155963350716,144.57186408359968,144.45955002269528
2799,93.3,112.05490752471839,126.14878803492638,32.412043855038384,57.27378241745642,164.62503664129724,172.1241764141507,144.04731051427507,144.10500160854696
2800,93.33333333333333,115.40152745195957,127.40468602615896,37.9407486884513,59.34887131910696,166.84976300828296,172.66756758702834,143.80960069734707,143.87343263923702
2801,93.36666666666666,115.53547783763887,127.55538492737634,44.17973183687571,65.79464534898526,170.18492030374992,174.83087514969662,143.4347339012139,142.64878658764465
2802,93.4,120.30247273832536,128.21577502202712,47.834025656887945,67.73036885920828,169.34857981204945,174.8408239332101,143.9470811862645,142.65813945058537
2803,93.43333333333334,124.04273969836122,129.61468385380314,50.608580389482924,69.2086884262079,168.33984256618967,174.69275360297277,144.51247430605954,142.59357961769555
2804,93.46666666666667,127.52653614222926,130.8566487351789,58.4515331640751,76.01376857638611,171.1337615369664,173.61992242298993,145.16685862612667,142.53212885205122
2805,93.5,134.27556660472962,130.22082285145035,68.31764691394986,79.89668543646356,173.88263181374938,172.04964631743314,144.64698179921137,141.048899003374
2806,93.53333333333333,139.01052180309415,129.43010251155278,84.01870698611332,87.29450987898365,175.4316653186826,169.62120244055023,144.44685914544038,140.32886718078205
2807,93.56666666666666,138.511394764517,131.29973385013966,90.77719288564,92.02546750144937,172.2184545654467,167.45870264539442,143.1339042881135,140.8712071747126
2808,93.6,135.43364826304747,131.16627716450049,91.6282722907985,94.22559749701054,172.82218638025617,167.62218589890438,142.96156185307333,141.59878315979543
2809,93.63333333333334,135.1678011225893,133.73765418929923,93.05537970461046,96.26169062034715,172.79826645122768,167.03300127348925,143.70331538753564,141.95661187378394
2810,93.66666666666667,137.38967577437236,133.64390544743077,98.47675487388994,100.14832329773158,170.7137464434515,165.16084114695886,143.57559295792387,141.39969191385572
2811,93.7,139.77068079885703,132.97949226009135,102.10892420037342,102.6696565391669,171.84439195544036,165.0783817797053,143.38279713301543,141.42888059895625
2812,93.73333333333333,141.35018576138734,134.4271508911786,105.37756195513339,102.96821281887844,170.63456370171434,165.8248877378114,142.59461039980815,141.04477868729487
2813,93.76666666666667,140.33324808280855,133.8583549349088,107.48200750115767,104.6227043909666,169.3232300322504,165.47979225313844,140.81834288945188,140.93633179891665
2814,93.8,140.42278414074758,134.92879453676716,107.73968546360645,106.3847338739429,170.88706368270394,165.56021218793546,139.80609677232863,141.24418118188063
2815,93.83333333333333,136.88883203679606,124.59573925670084,111.62613855572484,108.96842550133141,171.42492304566724,164.74191152992563,140.62138392714584,142.0438914237914
2816,93.86666666666666,135.6384345021633,124.13019786386229,115.43621362406802,112.06777433839376,170.83323542340193,163.63573501502114,140.49256140937854,142.04689552305695
2817,93.9,138.03979726216642,126.00796481086775,117.41425527118344,112.70249124853348,171.23246422191312,163.9842014940913,140.57443979467706,141.78531967989218
2818,93.93333333333334,137.58719858515514,123.88450457656612,122.64177076461318,116.5416397367632,171.58782706874518,163.45930802813731,140.13132672853104,141.1447979314167
2819,93.96666666666667,134.5662463462578,120.90125115400203,130.11038869192058,120.10695361555528,170.81423705132167,162.92442222036206,140.15948112673325,141.46064607136694
2820,94.0,131.3015786496511,125.22667707724494,135.76787008352647,124.10673384277773,170.7178095242232,163.36482923389556,139.94526131426852,142.84200602857854
2821,94.03333333333333,138.18515293916448,131.61588538550404,137.20530761030733,127.8245204768426,170.97714751705527,164.69852798118166,139.7445026690027,142.25175913461058
2822,94.06666666666666,143.2911301683031,133.69909662813453,137.5512921015271,127.24198115641519,173.2746482416685,167.5291265149688,140.05298283821247,142.293976946903
2823,94.1,146.00010128386694,135.25519066322101,141.51816242175337,130.4688007132065,172.94570746260635,168.5967473890792,139.87837916679655,142.1652596667512
2824,94.13333333333334,151.1593479453266,138.89812688304093,137.89846566141995,128.78785299515735,172.80928560466123,168.89388148704933,139.99541097951916,142.38144075889056
2825,94.16666666666667,156.02576280300804,146.0851660924433,135.4829604089161,130.12159905688566,170.68856041518117,168.11670785057396,138.34623182208819,142.30512945300885
2826,94.2,157.58872398327753,148.47012305339024,138.04317911400355,132.3182164779445,170.89989474751164,168.81934733252115,138.60483387406975,142.63081235532383
2827,94.23333333333333,159.31173633290183,149.52746852816483,141.69023368152335,135.35196357806765,172.0420531762106,168.4493932395151,137.92877393882554,144.54052649108357
2828,94.26666666666667,160.8286757778774,147.4130608376563,144.6103452597621,139.68481054660907,172.0728967047198,168.16152797143027,137.63760919375747,144.29925366243467
2829,94.3,163.1711564770511,147.46295981511275,149.59848229973883,142.94820603341083,173.78117650134885,169.6214796073704,138.66106140385563,145.38022303363408
2830,94.33333333333333,166.67490041268687,151.8179667439075,150.02330788686862,145.67515341084155,171.40419144746602,169.55645070139587,137.68139059754932,144.7458056462053
2831,94.36666666666666,168.01564194611302,151.47613136919068,153.7533894552217,147.74727458016724,172.18508888635097,171.79242450221545,139.0579650211607,145.57059337165168
2832,94.4,168.92317678896626,154.95120644132965,155.80666988709606,151.14108927974905,169.78588412371448,170.39468185225527,139.61792039134147,144.51322494190788
2833,94.43333333333334,168.98958409314145,159.70134256080507,157.94401539209372,157.4926433078819,167.86477715081284,169.28999071541455,139.61175930113987,145.47656246561974
2834,94.46666666666667,169.6480991701087,160.53427445260797,160.06423315512058,159.25011948347068,164.3185301681121,168.76087059588022,138.70429757940028,145.53392406194962
2835,94.5,168.6240340181611,159.22302812057202,160.6445320880206,158.8703274707145,165.44769859621078,165.42261490744303,136.56831387343922,145.0698764838561
2836,94.53333333333333,169.39488637537943,159.37745972710542,162.17209756186296,159.8233118950364,164.36853402788898,164.50753745188493,136.9750139923621,144.38555440773456
2837,94.56666666666666,168.69633728848973,161.56749173504048,162.11409856068062,162.24201430895604,168.22823861879334,164.1342357123225,140.6400621868961,144.39040365334841
2838,94.6,169.75556482668676,158.94240708029423,162.19525657069153,160.08817344296145,167.86403824887685,164.71598783182364,140.0437918976224,144.03688188285267
2839,94.63333333333334,169.03507961955341,158.83031602472678,162.79181354307917,161.52623332333414,168.9950502308825,164.54666189823595,140.25262666323363,143.5719554544926
2840,94.66666666666667,168.95093054625033,159.93620760700665,164.23011362915426,162.76512017368353,166.59344796853884,166.69976717847842,138.54987092507062,144.75641211847395
2841,94.7,170.18600638361823,158.45407607187516,163.89389430925104,161.93816374715118,167.68747513865088,166.58160214442273,138.95229175260516,145.09896850096615
2842,94.73333333333333,169.77549292661558,158.69932746472082,164.64781068339104,163.1710076354972,167.57723881694824,166.15229409387828,138.48090141595117,144.96856491590756
2843,94.76666666666667,170.09194103647562,157.61526541797016,164.24302330089319,162.42767113643984,167.88041896261763,166.25860858648207,138.90219873211723,145.07728805370203
2844,94.8,170.4750273560156,161.2765463519727,164.4532097389888,165.3557908022878,167.09237275882606,167.4351407608377,138.66173281251696,145.1465698289353
2845,94.83333333333333,171.82769727337,162.42953064945587,165.38923924436224,166.8643023193467,166.62860939031467,165.7223044673569,138.08473403907425,145.08908698248533
2846,94.86666666666666,171.41047382324683,162.51452551907656,166.35949577059142,167.23244683675264,167.15632314486265,166.6185269388862,139.61910658936358,145.09817819384727
2847,94.9,171.29935752922944,162.23901938158045,166.82972102626616,166.72949411901592,166.47513885842991,166.57826916257963,138.49878393353868,145.06256732311772
2848,94.93333333333334,171.36064261754015,162.79861188266958,167.55884817614222,167.43086523933425,165.98670364306355,166.50922784347978,138.3346921978692,144.7466993693545
2849,94.96666666666667,170.74141287339626,163.105193732639,168.25397794071733,167.4686080436085,166.04254569528814,166.49226602664115,138.47569802279,145.2084539504691
2850,95.0,170.94997362994877,164.0502230828089,167.4734615541215,167.1123625325568,165.26797348402826,166.81585767207392,137.489511835,145.44539960121955
2851,95.03333333333333,170.4364268354407,163.05012970743346,167.80682056811548,166.11926972205126,164.94929134710267,166.00669426615016,136.9065110553905,145.586597245642
2852,95.06666666666666,169.88064156583098,162.021742314539,167.59493265848195,164.98095502972095,165.67060453847472,165.5800486137132,137.09242992844688,145.46450950185087
2853,95.1,170.9130466691941,162.10747643560927,168.0701800139618,167.93884407631703,165.55040491041862,167.88673433307162,138.95126287525082,145.96980031468678
2854,95.13333333333334,170.90931008294393,162.40299023192063,168.88534305987338,167.95010184227723,164.99353527858656,167.79156570077976,138.2799941818986,146.23405724261235
2855,95.16666666666667,171.38578036842898,162.39678582603003,168.6834888487201,168.37123545264697,164.6512708058536,168.1334469469699,137.69425218698152,145.76855217809504
2856,95.2,170.91727189550252,161.9301038630918,168.98816982609094,166.45497008587944,164.94719164537375,166.22827893666823,136.89343187382664,145.44134997624604
2857,95.23333333333333,170.74816513528611,160.85849429314752,169.29482216220742,168.47874785477077,164.60890081845582,167.23473117946492,136.7771203088974,145.55044121017573
2858,95.26666666666667,170.76927578372832,160.1080309905218,168.23071432681994,165.77984572589705,165.88396605425103,166.50018338732292,136.38272050182604,145.38175288580354
2859,95.3,171.34701979857658,160.90616791406464,167.67389533672508,166.4032092891524,164.16902425585002,166.66383940512844,136.06994773665227,144.77180375316806
2860,95.33333333333333,169.35353241019877,158.1779515687611,168.63931560711157,164.6905695865274,166.7566555381164,166.08203371165422,136.02117574742718,145.92903323345286
2861,95.36666666666666,170.6751506161249,157.5312480284434,168.4521488489015,165.46171809314788,166.38293430264417,166.23950197719407,136.70861194611857,145.75468760943167
2862,95.4,169.6262990010399,157.27563221968347,168.421084930427,164.7086026418016,167.43542076543574,165.95952206740802,137.327866227482,145.3709529934141
2863,95.43333333333334,171.44919121605676,159.63606060412872,167.5902188017001,165.72129143252738,165.0763137156617,166.89706348691016,136.39144745990322,144.67313697774023
2864,95.46666666666667,171.9838448296572,160.55562746080568,168.16090434111277,166.01854925668084,165.11113185989433,166.9357577624754,137.25427564792437,144.65183038679714
2865,95.5,171.0915135450771,160.02124900647294,166.73898019274583,164.35365625022447,166.96436779745497,165.68441530707744,137.2886930954097,144.34214616049158
2866,95.53333333333333,171.20340160019379,159.7637999909866,167.537846123566,164.42660753078508,166.58902576610745,165.61093930510876,139.22762526810547,143.898704469786
2867,95.56666666666666,170.9481766916159,159.46900369989777,167.51869460578592,164.08352426777006,166.66259905379493,166.74303483625272,139.01475007204945,144.21811622486018
2868,95.6,169.9652752791997,157.92115885625898,168.35609431020532,163.9938057234557,166.1027655414161,165.48567741817178,137.7864067971733,144.46863658226505
2869,95.63333333333334,169.9399797666345,156.86835652136193,167.98914444054896,163.0305677304746,166.16890518780656,165.45870532996025,137.74618353582846,144.3586351995633
2870,95.66666666666667,170.25743430461296,156.219951383836,167.64756010374194,162.75083488966337,164.60234884891761,165.32428143385286,137.42597081134758,144.21839241790371
2871,95.7,168.96207623728915,156.61879457431786,167.9161039405771,163.02005985406237,167.6355641699894,165.6914652171689,141.2549022622847,144.5955549866515
2872,95.73333333333333,169.5907368850126,156.17287639193393,166.50232800802272,160.57833294391807,168.16370131976512,166.72650329634567,140.8814320738939,144.5679954837234
2873,95.76666666666667,170.12671385688108,157.53730612230612,166.4306493897246,161.63366404506866,166.78159970896334,168.00569037367356,140.51420498045428,145.05135406486792
2874,95.8,169.28000884038636,156.35990685689467,165.91074048335565,160.71964401288952,168.79823589916936,167.51507449496754,140.88919178854127,144.912915484148
2875,95.83333333333333,169.28796003850763,158.6104712902546,165.69765433202596,161.92454920022405,168.12643215488694,167.77125687750686,141.10006487811089,145.30344784832963
2876,95.86666666666666,169.48431727428928,158.70616946890345,166.08355842832725,162.52166832093735,168.15843949498165,167.88411008592976,141.33733277498396,145.3325775929584
2877,95.9,170.11759159762914,158.7664600685681,164.67872142475323,162.5089164556574,166.78750347794144,167.41621180831672,139.57770083998003,144.85832499156936
2878,95.93333333333334,168.80244355458228,157.51731821905858,165.18709881408668,160.93262810300618,167.65014526070777,166.42104787755116,138.52999769269996,144.94159845586336
2879,95.96666666666667,169.77945311787406,157.58836804691163,164.24471597147482,161.11314608784593,167.2973374093664,166.67543033875987,138.29343650904158,144.65978414872913
2880,96.0,168.28934282632827,157.77744225708543,163.37754581252253,159.1615662543377,167.9233517149623,166.2709535132954,138.08673575329308,144.8497752384327
2881,96.03333333333333,167.0670064252817,157.09478078381767,164.58715668039181,160.21318555605492,167.8157136501677,167.56772996831586,138.3096135550759,146.10056775383833
2882,96.06666666666666,166.02674776241204,156.9220435838374,161.05710629631147,158.75586060704268,170.57234853775194,166.74236900218082,139.66458152339584,145.89057397354742
2883,96.1,166.10773050455123,156.48527669409364,161.7767813321674,159.09018743875632,169.36030060954036,168.8285078290745,141.04072255162419,147.7435569127195
2884,96.13333333333334,166.4207958415443,155.52379632581145,159.12231659352753,156.85229856998038,169.6754771298731,169.33024234646365,140.3474919406337,147.83343628935305
2885,96.16666666666667,165.2246599470759,154.36783284698677,159.02887024391381,155.919819343425,172.82317729318785,168.8411605713551,144.06582137813783,148.5471582497729
2886,96.2,165.47734541739067,154.02975990336952,158.49407298720632,155.20679838914282,172.10951554027108,167.50241513840248,143.4555792636533,147.49610623045078
2887,96.23333333333333,164.53971975504615,153.15907134228783,158.4545015256196,154.92686641576026,171.12723967111148,170.66028972843105,142.35533533661217,148.9411631068324
2888,96.26666666666667,164.41121091671647,153.16189472667904,157.79598401097087,154.8845765813331,172.23888903689593,171.7663274515605,143.64473901169916,149.18089787290688
2889,96.3,166.10804861044915,153.77129990333785,153.6789256630302,151.40125569197195,171.34048152856192,172.3107579277485,141.37902668939967,148.85870339930833
2890,96.33333333333333,166.30439215472006,154.1500849260146,152.8043643837091,151.90233546866952,171.68637138878972,172.02681223701032,140.94431870183666,148.61878090429204
2891,96.36666666666666,165.4417361238991,153.89755124691902,153.64986980488843,152.59358456441788,171.54076422085942,172.4930484995176,140.55264606404333,148.4178409059659
2892,96.4,165.69644561989855,154.3919997587473,152.95316933963707,152.8056759729967,167.47594636285368,173.01973170001676,136.33578185737997,148.4837413192893
2893,96.43333333333334,164.77376306389633,151.05015272043755,156.3118929637171,154.28607613328325,172.35143574262347,173.03470708290354,141.56503707369427,148.52323191200054
2894,96.46666666666667,164.97341580132982,151.41333574042693,151.6461657248814,151.21992563711018,171.94508678829214,173.0964169412809,139.83531983907886,148.37838412964496
2895,96.5,163.40491938276242,151.70292446137518,156.06177142894862,153.1913137741279,172.52768261552382,173.47221000047278,140.81607339480993,148.82345777479554
2896,96.53333333333333,163.29406178196382,151.58486658529563,153.6591555197476,151.8721121418354,172.8422834605917,173.17162925723827,140.4526275151825,148.3621717451684
2897,96.56666666666666,163.36809175027858,148.77601719734528,154.31768637302824,152.60997687394197,172.86339661808583,173.18962318718357,140.5024633959912,148.3869120682915
2898,96.6,163.23543060179833,148.96940077749957,152.39333372575402,150.7790313329689,173.20187225360263,172.06121862438638,140.49545663811844,147.35198623792505
2899,96.63333333333334,163.2550975461801,148.20248359815432,150.97637474674346,150.2056161369435,173.365970814542,172.24072256225259,141.14101054010004,147.77579778091626
2900,96.66666666666667,162.62700364362337,146.9414728784411,148.26106145308205,148.98483561175334,174.4231539642669,169.32785670121424,140.86173320189977,146.0113257033768
2901,96.7,158.61866340483206,144.97211981502141,150.08188417407396,147.37288891430512,175.69470570118474,170.89761107277485,144.52996036619487,147.66663798205698
2902,96.73333333333333,154.44487098556013,143.5694377928056,151.06132869718786,144.4367943449637,174.93906089849935,171.71652311254346,144.2964476691299,147.89701796661183
2903,96.76666666666667,151.76083338815758,140.96394522647785,150.16747675077374,142.58928541279542,175.4195147884119,171.376755736053,143.73402179863456,147.62453747355218
2904,96.8,151.76632410104997,138.67675568320004,144.9015730948858,140.240536692553,175.78909684458048,169.20396827801326,143.22222575711686,144.96715537967762
2905,96.83333333333333,149.6503018391438,137.77206748777408,144.23508501216475,136.42310540233893,175.49773411346243,171.34139406522928,142.79534548572457,145.20098566507096
2906,96.86666666666666,149.38542314442054,135.7433539596951,136.58952523176313,135.378392845019,175.4799885240704,169.45086320272102,143.24388826373897,143.67774937801806
2907,96.9,143.16726086654793,131.53051293624932,134.87912193577128,133.54868154876712,175.41863672272052,169.16080012050577,142.15449800421493,143.59202076002893
2908,96.93333333333334,138.20261837799487,126.52209451698883,133.03179853343335,130.5171930076555,175.3962576576111,170.01399806281395,141.95934152197927,143.85525235667083
2909,96.96666666666667,136.19353101106256,128.1591640554917,128.34636949344355,127.51207840690867,174.3900231078301,169.23066805597003,141.29366205477092,143.39452838573052
2910,97.0,131.26937631262666,121.58316854217392,123.916486699393,126.93659999169415,174.66425713654658,169.2502282335614,141.30585904228215,143.50240301145593
2911,97.03333333333333,129.57484742968674,124.67478751400553,120.59647450259517,125.50746852258638,174.73699629625855,167.043390116931,141.40005013947777,143.1609751786547
2912,97.06666666666666,127.76321302284819,126.11660075274192,116.07537054204137,123.55601984851015,174.88604519798048,166.1308404750991,142.6650282190579,143.70795791634632
2913,97.1,131.49772873463746,128.82348801444223,113.02626476377827,120.9497278877882,173.57217537230417,164.99464907115336,142.26467039613524,142.58714636766751
2914,97.13333333333334,132.68269308979313,132.65631284344298,108.89717258365332,121.44771224305961,173.8378411569559,164.41585457664158,143.68829937284644,142.64520429479234
2915,97.16666666666667,133.12125198456226,126.8820354981626,105.60975528650168,114.88795858651766,173.72332409075779,164.03065018322985,145.8562462738082,142.08247026280395
2916,97.2,132.39608163239814,127.1205653837781,101.0157687271785,110.81448749183593,174.30276056462327,163.80472240426678,145.76269904928722,141.39212469227922
2917,97.23333333333333,132.3987516702221,125.6222191471195,99.17927250534004,107.99096927401985,174.45551671571755,164.3526970281147,146.31961901477874,141.31328293460615
2918,97.26666666666667,132.49490725072212,127.21246230763789,98.7967357251281,107.39444706183541,173.87921220095365,165.03325168389335,145.68275914428685,140.6024203730913
2919,97.3,129.976695244551,128.25377397681467,96.06425766726494,105.91358360466474,174.06574566703472,165.1466081215148,146.14564866745403,140.6564846870324
2920,97.33333333333333,130.42805302995478,131.66863852411853,94.86465592152145,104.73844409313996,174.16715373495524,165.5719414025369,146.19171951758986,140.57076757836347
2921,97.36666666666666,129.80353350594453,132.54401169910557,91.6626290669165,102.51816644683961,176.02911861811515,167.35253676105776,146.70113272074707,142.148527386418
2922,97.4,130.04397583448718,133.00386514152453,89.92269428710328,101.8261031543979,176.34010933064934,167.50966295185287,146.7095829654975,142.2593747106227
2923,97.43333333333334,130.1308122013852,133.51257923168106,86.9347533638078,100.14502222562619,176.43741156554833,168.519665815383,146.7370670618364,142.6303028457793
2924,97.46666666666667,128.58147431286656,132.4074134651382,83.91675756712922,98.97396066304185,176.5086772503662,168.49148321206417,146.83832785230442,142.70035477986045
2925,97.5,127.79980452029733,133.1779495077364,77.81416619534477,94.29766971832642,175.8008164653289,170.4213587058002,147.00664827752513,142.71183751048903
2926,97.53333333333333,126.97698455887142,133.33766477277217,76.81806702923295,92.88175890446381,176.37347983132705,170.44402805407853,146.84984169086363,142.2881066025561
2927,97.56666666666666,129.68544006166726,133.05935522146407,74.9063089905748,92.25735255562726,176.22697679660857,169.89086968057669,145.92436743988478,141.7526075016733
2928,97.6,131.75341380101463,133.71261393887798,74.01977351891789,89.81779761574018,176.03126184180974,170.4324071253527,145.87575068812527,141.23333807402346
2929,97.63333333333334,130.37401150910262,133.4833086400247,70.19796971599179,87.45323150897008,175.9402030948667,170.13349983911417,144.9482023778554,140.9902519643996
2930,97.66666666666667,128.59483266411718,132.73067915188943,63.49033762466397,82.6326679842032,173.28882226820073,172.4090426050889,145.9405094091555,141.30503527602787
2931,97.7,128.02256670925178,132.34740378413127,61.48370181812441,81.79057092920272,172.35954539681845,172.25235485861776,145.96481687457563,141.26832428738277
2932,97.73333333333333,122.58969689039297,132.90497878403286,56.19384332603619,79.26824138008917,172.3780261433112,172.75843789835554,145.35624367453357,140.88928477603062
2933,97.76666666666667,123.16301399068495,131.76534632395652,53.748124932899024,76.2730470908338,170.4403900988457,173.39025382647034,146.18834236593648,141.67796120238077
2934,97.8,120.8045430197718,129.9548696271066,51.8295287730271,74.81486404299311,170.84050688772032,173.34005643628197,145.2884707152274,142.06978135986597
2935,97.83333333333333,117.32326078289404,128.25766612804756,43.863412131394895,67.57767342451963,165.34688919847605,173.2843538034801,147.3412006945498,143.58582973404444
2936,97.86666666666666,116.02456160441643,126.5345254834157,42.81798979357875,63.92918063705184,169.18408426455542,173.5260728672958,146.3480552152801,143.33832685430545
2937,97.9,116.55913556253269,126.30737035523568,41.41802435031933,64.22465014903898,167.74746259383326,173.8829394355405,145.65143587254775,143.04318681878132
2938,97.93333333333334,117.72075854185222,124.60041757426843,40.03181432252912,62.28280716491316,165.62138836793045,173.65778439942338,146.1583822648667,143.22338895195153
2939,97.96666666666667,120.63937082600204,124.40027618604516,37.88439772002232,55.657252180373234,163.50408020973214,170.17935124128294,148.50074548257192,144.64521677434308
2940,98.0,123.22191710942995,125.29060394861723,41.064815313937345,56.72535061832364,164.36554196609504,171.85662359923091,148.62332323172885,143.0803287440847
2941,98.03333333333333,121.97728482649974,124.16573224256679,39.60115565911779,55.36861713858518,165.17049855858798,171.82861654028807,148.25779269527547,143.7999043838179
2942,98.06666666666666,123.0383273903311,125.33225690783837,39.98597312789505,54.36146204013453,165.22389912059475,171.5584453775716,147.8414725059909,143.33447788999794
2943,98.1,123.81244000396227,125.53903309239547,39.87261475360463,53.5228302782658,164.5195754538724,170.96451073753573,147.90173452888197,143.81942293987711
2944,98.13333333333334,121.89153175652233,123.99639027834907,38.34020440414215,53.906692097517976,164.46630940748085,171.60742686199347,146.5767159502887,143.8112916883086
2945,98.16666666666667,122.98928913754804,124.62447561471366,38.974925010322366,53.45855099557963,164.12565674053212,171.33237246402996,146.67079391732787,143.86547702823958
2946,98.2,120.84741323350082,124.57010539187499,36.68291639650382,52.43063433194763,163.1682728824094,171.30889502188734,147.16436875370127,143.95130111465622
2947,98.23333333333333,122.0026021193853,125.18106876144677,37.556291527903376,50.37619720858657,164.60245450656993,170.36017532924237,146.9267816821011,144.18453692692958
2948,98.26666666666667,120.68619011337812,124.92801410027576,35.280644131607446,48.914536054338846,163.25879478572477,169.49981096861794,146.18453523431614,144.03712376346584
2949,98.3,120.79369486434176,125.83926848090232,35.733351330969775,49.97123913901901,162.88471095507938,169.41705518812896,146.26002860866973,143.78129576047664
2950,98.33333333333333,120.56910342012866,125.22237758112861,35.187181452686076,49.852051627539836,162.8500996074197,169.68875251677213,146.74726817755803,144.9127557823004
2951,98.36666666666666,120.75026714285757,125.01153758228028,35.58263605715545,49.22934341244862,163.0225740893878,169.778306851644,146.7686602723439,144.66986771208917
2952,98.4,119.12216477515337,125.03729597612167,34.39323710677303,49.589751850887076,163.0449937417191,169.93346046539108,146.64520556648594,144.7141927824715
2953,98.43333333333334,118.7692705879879,124.92729515012547,34.258179334972795,49.30338137256795,163.34551429268257,169.89917342557789,146.40523605611463,144.62112558902666
2954,98.46666666666667,118.02934194046829,124.68359532744508,33.88417161478444,49.403408897527505,163.5234459166361,170.1156100421575,146.3080929283538,144.5368452372148
2955,98.5,117.74078800987604,124.46531852201248,33.556929986199584,48.27088395237001,164.20946581737564,169.56708435041205,145.0272157231446,144.35455277698546
2956,98.53333333333333,117.37453902819517,124.04938252427878,33.22138699777422,46.92034517626656,164.39056176659267,168.6905984982521,144.8469962345118,144.30609180070238
2957,98.56666666666666,119.43246340412519,124.4739196773732,35.2778512525687,47.26848321840542,164.99545355939333,169.03189907741344,145.04216513238717,144.29398507780655
2958,98.6,122.70985722723226,126.11864000631171,37.426421826073934,48.53062349969596,164.95465577913345,169.09813552121977,145.16034356999396,144.21124867787157
2959,98.63333333333334,124.57326780317983,126.34402940842241,39.04165011031513,48.941484157736646,165.4562281821831,169.4605881120919,144.97829104237306,144.07078319554745
2960,98.66666666666667,122.77616008809755,126.14804952941074,38.077200899050695,48.79735539210784,165.40590116211953,169.5288585675779,145.4092932054435,144.82767690418947
2961,98.7,123.02029269835133,127.52602230573507,38.20954407988974,50.81008138981688,164.3407235429962,169.93680563865612,146.69136191744465,145.16914312714212
2962,98.73333333333333,125.47653957277434,128.28088102689708,41.74597387353834,52.15110294313063,166.2237524472098,170.74444387084105,145.206282770452,143.7441809747218
2963,98.76666666666667,121.21410080173297,126.53925599219215,39.51813496683865,52.652609189769464,167.99171917088495,172.3925465401756,143.79879712868623,143.38195548183333
2964,98.8,115.11682296489084,126.62057999712403,37.97760250205494,55.30083418396132,170.40141297067888,174.40905613229305,142.00087805501437,142.12001037932188
2965,98.83333333333333,116.18924511754491,127.0707456747068,38.9321724095653,56.492097932439044,170.47331856098054,174.88210680659597,141.02652064290416,141.48682615690578
2966,98.86666666666666,114.87768932806686,127.52401231086846,38.87679978100777,58.22528536953954,171.16830731511166,175.33621827115206,140.69767137156327,140.904979141907
2967,98.9,113.64746725554535,127.56989440813068,39.239990929952874,58.58710821068505,171.96626118301046,175.3777636243439,141.12321359896984,140.9737602380171
2968,98.93333333333334,113.80607979322686,127.44445485549035,38.556222127859854,58.37759833773462,171.5211420115592,175.37122960514486,140.81614872502058,141.35186095011323
2969,98.96666666666667,117.30926256876927,127.46403143057857,40.697987838595424,57.633891848580504,171.06521007843412,175.0906752306002,141.49987375683904,141.6567907034063
2970,99.0,116.96823434018054,128.00987376599153,41.681545341116966,57.568631196245875,172.55689973921218,175.14767029890982,140.71366209624827,141.4659755340169
2971,99.03333333333333,118.59078581798819,130.6040191957784,27.804463158064284,67.64560304656513,175.03047138660355,172.57412923713542,139.7363737195171,141.04008245470055
2972,99.06666666666666,117.96570561114231,129.4727968689218,43.52329290316861,65.5295824943686,175.00946519192516,173.63175183418264,139.20505365208086,140.2971916581384
2973,99.1,120.8448870041977,129.82150246081886,50.128807247487565,66.20497734712733,175.07167838631173,173.89102589466344,140.0645501657336,140.04689732284876
2974,99.13333333333334,121.01216350987897,129.28902613740084,53.877811179459236,68.22871199765171,175.16908047005563,173.47210361561037,140.7700489904182,139.73742096280077
2975,99.16666666666667,120.93488755003588,127.042143942095,53.69113398710388,67.00049471346776,174.9905996191575,174.14122906389431,141.88665198660016,139.8105859667287
2976,99.2,127.72940948216664,129.86337048275192,65.45163975869015,74.0328354101328,173.1460871286628,170.61433916664032,140.79170811757461,138.92898093795935
2977,99.23333333333333,131.92389447012826,129.44854082331258,70.91680910408913,78.54292330809746,173.19809196848382,168.64232706499067,141.49664094804666,138.37904031710474
2978,99.26666666666667,136.0615824765341,128.94507564855613,81.26075799136575,83.65331969920692,172.35102698233476,167.48053932723366,142.54156943345075,139.21778700342253
2979,99.3,141.65239938056405,130.44128087215142,89.1607413655125,89.31486500248388,172.31211113755887,165.47462511941913,143.23749731760122,139.23930538845184
2980,99.33333333333333,140.1671795681126,131.35975875231173,91.15946128809921,92.04087155330247,172.6940191386143,166.22861163955005,144.52566488099467,140.2865186408015
2981,99.36666666666666,139.02324371916706,131.40868636352198,96.46550462514577,95.74268218534256,169.6826438284261,166.1625829920115,143.15896773626358,140.32604102483967
2982,99.4,137.47775235420704,128.53122341253172,100.64328385266609,100.73379383405542,168.8709324032171,164.94961561308372,141.43353596045617,140.2624007914269
2983,99.43333333333334,138.20168650003913,129.2838194072304,104.42985048386757,101.55432581433499,169.94599170869932,167.08137053852926,140.5190031827975,140.81088080362696
2984,99.46666666666667,138.40975432781866,129.6608501964346,108.14838225186568,104.8568290364371,170.07487129080005,167.51685409027544,138.27003082241353,141.24046564349268
2985,99.5,134.7167836435624,127.48677954894264,111.07718953369113,107.17703051288916,172.21346259922996,166.9417603080794,140.47108763566226,142.14848964375395
2986,99.53333333333333,131.44797151560664,118.33682308369937,115.05141539793725,111.40001539315301,173.0747788484565,167.01237973204965,141.09398687206775,143.20026058219435
2987,99.56666666666666,132.4225085216632,114.63975460547104,119.3042829449234,113.08403508476033,173.36413959339083,167.07972983318362,141.90222253016077,143.61735597816852
2988,99.6,135.25243067695797,116.5504766158104,124.56145103021095,117.99861703880067,172.88848990241743,165.34379577388654,141.68729251286635,143.3916593328231
2989,99.63333333333334,135.2067126325961,116.09249608181725,129.47950939481413,123.00668483367562,172.42182234486972,163.89546177446127,141.87326262439458,143.25473267546192
2990,99.66666666666667,138.91879330705058,123.77899989635097,131.9073619768393,128.03470819299127,171.62137242115628,165.17827424766628,142.44805558043305,142.66989926800846
2991,99.7,140.87506215863783,130.70913303745596,135.9660213567175,129.97889314919564,171.78052538169263,166.05564431371548,142.12958673426624,142.99846188181795
2992,99.73333333333333,146.79935982354303,134.5364520594157,134.5018604511558,130.26105728953203,171.84122208560674,167.31136025931937,140.03374619921672,141.65097275425532
2993,99.76666666666667,148.9237132815435,135.85642173977664,136.01544551066328,133.84021842432483,172.01829647071133,168.8577089990991,140.27512463741016,142.7225376201936
2994,99.8,152.70260837356724,139.32183914709518,138.4288603685449,137.5958697326093,171.3667978447181,168.5446778775198,138.51910824535096,142.3847458327766
2995,99.83333333333333,155.8377795735013,141.5748285381597,142.5311693612909,140.77699615819628,171.92872950652517,168.65552495449884,138.3442094009079,143.6334537741789
2996,99.86666666666666,156.071973911941,141.44232296373704,149.45009395202035,147.5600497348694,174.17763754264487,169.3372246842262,140.48013278196805,144.36233551455123
2997,99.9,160.06266109240175,145.27084940725058,154.1769752527526,151.57019065235653,173.7842000112003,170.7707841051434,140.77021841290846,146.1249865393313
2998,99.93333333333334,159.95533407959334,148.84249053965527,158.1133082025071,155.0440082940172,174.57313213735395,172.12474086317292,141.9834903610961,146.58613026876372
2999,99.96666666666667,163.27201379250226,150.98028037862673,160.13457772863705,158.96663082276226,170.93695792069735,168.1531820127454,142.57996905780487,145.73565325869063
3000,100.0,163.2945772688686,154.10030396888436,160.79999326761393,159.57653462141872,166.7534760500237,167.05163853222396,138.53669282920438,145.62142787108735
3001,100.03333333333333,164.0922710716463,154.74802009495139,160.5296433355551,159.94821668845896,169.91960213899588,167.11293910397282,140.2015681690175,146.0761367150423
3002,100.06666666666666,165.7326435963305,155.7076112573177,161.04785203767318,160.0833253236401,166.60888936433253,166.42620520879382,137.5372237197025,145.49222897304313
3003,100.1,165.7998894882912,156.70589689870957,160.76989688889148,162.28424517981222,167.32400072896579,166.80055765354066,137.49499603598647,145.2967094573441
3004,100.13333333333334,167.64396397489045,159.53334223148198,163.9117974357709,166.39772954460395,165.56083773406726,168.25017156399346,137.0985567102535,146.7083479168647
3005,100.16666666666667,168.3961527264259,161.48574750939852,168.2557867970592,168.197464761524,162.6351969553454,166.7982882641213,136.90591744031596,146.1491557697304
3006,100.2,168.6416568121621,163.44708820575963,167.3832748302195,169.43731950194484,163.61767649999024,167.26168646100788,136.73026720628138,145.9623774292589
3007,100.23333333333333,168.08509034170194,165.27752139405706,168.25672836266244,172.19229566965106,164.0686309447774,170.44323874436026,138.22943039841243,146.80353304671172
3008,100.26666666666667,169.72960829901544,165.15708753413622,171.1461244138396,172.4425823682179,165.31876538353475,163.98966605122135,137.7367463990296,141.6837566881428
3009,100.3,168.6144586486161,160.35553292874832,172.7491940632719,169.35723897828814,164.90080242743477,162.92486221507028,137.48640297479022,143.39289349945304
3010,100.33333333333333,169.81502295070288,161.94851623098694,171.27243269043433,172.51670363265046,161.38687960650273,161.88719172835087,137.13640044966712,143.5064655739193
3011,100.36666666666666,170.41583302717834,165.2829711295788,172.8264783865161,177.16061471728128,160.81433455710902,163.91881694068425,138.1123804624828,144.67557803090577
3012,100.4,170.72480393141797,165.6003803854616,171.98754773605165,176.0791081144231,161.99491648571995,164.66540008770457,137.8795218656388,145.14938604517076
3013,100.43333333333334,171.10012279196843,166.96530911703078,172.69657751119857,177.87202763169623,161.3480419181378,165.40781478573385,140.31143947687877,145.88975948246747
3014,100.46666666666667,169.42891234043444,166.73634067655672,170.88084165675542,177.4097290033215,162.25417451805393,164.23757448578488,139.8125844662889,146.27712497569823
3015,100.5,170.70051679619795,165.13771429636216,173.26480827140156,177.59149174865098,161.53501490053662,161.99279627892213,139.40124821624318,145.99379112573249
3016,100.53333333333333,171.0048472998158,165.67719314937267,174.98382949360197,178.2639952211711,161.46190430982432,161.20464192981404,139.18179862158732,144.80747922501556
3017,100.56666666666666,170.75381225048721,164.76226330600147,175.60443458201408,178.33854594872057,161.7520612724295,161.23351971146698,139.72308929599197,145.6473181245397
3018,100.6,169.98061981882182,161.5878157407175,175.57328095684508,175.59225114009334,164.0632415238877,163.31497585042024,139.67623591910777,146.93131349174007
3019,100.63333333333334,170.57086448140387,163.11812355146492,175.52492253884364,177.31939570432658,163.5458038172592,163.8490195988597,139.95533164724404,147.2383814271557
3020,100.66666666666667,170.9844110829928,163.80755988032575,175.41522196147218,176.74328568944213,160.19776375234673,162.99836923092073,140.4332616356842,147.0125760976238
3021,100.7,170.1113828274799,161.9190492928617,175.62820615599347,175.3873015543213,162.41708048653854,163.5928998092132,140.26341989884196,147.59628401735657
3022,100.73333333333333,171.21399181387386,165.6595917133858,174.82496683286305,177.776390596639,161.46139401550846,165.98684727503934,140.62543891327712,147.22134939400323
3023,100.76666666666667,171.57683533196064,165.21020487314013,175.05186565687424,177.1910463186998,161.71256995789898,166.48784733188455,140.91461511007626,147.30511812177002
3024,100.8,171.62184159295242,165.74053533342735,174.235771062482,176.84794034065374,164.47493198221412,165.17125601840894,140.22196148805534,147.6823784219336
3025,100.83333333333333,171.79268815114503,166.03012213095528,174.27110458183284,177.59570603854633,162.65175112627819,166.54577031097804,142.0179852517999,147.266220824541
3026,100.86666666666666,172.23256251017534,165.44219197026428,174.22733978504058,176.82518773559488,162.55673345738975,165.8042413322912,141.58478097065924,147.1014975677054
3027,100.9,171.7555326309371,161.24940998775833,174.4261542594876,174.46107479276895,162.96047735745847,164.55862349483462,139.84315068723777,147.0260386259334
3028,100.93333333333334,171.80931395543251,164.68167748645607,174.18000463541023,176.5197174243641,160.98808103895053,164.0444040451239,140.42365377060779,147.4738723939009
3029,100.96666666666667,171.71312252279057,163.86694226645685,173.68262023080044,175.48874841688263,163.18788940375907,164.83117318869319,139.88756365553783,147.27732685166154
3030,101.0,171.27564044672064,162.96755221375759,173.09160582204547,174.4279332802872,165.34516074807203,164.12055963180094,139.72084180751338,146.29533354994527
3031,101.03333333333333,171.31255186338822,163.77773851289277,173.2311100880634,175.69197931034665,163.1838427892352,164.9292749052013,140.75036294923564,146.50266442496834
3032,101.06666666666666,171.32536695557744,162.5398973885396,173.0609423476005,174.2772578559248,163.2768666717024,164.76044330646116,140.54865130966357,146.50793478510855
3033,101.1,171.53853029801817,164.4891966445909,173.2477782697062,175.20387132916568,163.15150144647282,164.24033624402702,140.61982652508024,146.0800715827296
3034,101.13333333333334,171.29044550176795,164.65319042358604,173.64345602292468,175.48334985621568,162.56359955829066,162.41656919707899,140.19494242142562,144.9213827291239
3035,101.16666666666667,170.79925127352053,161.32862061043275,173.9077876261814,173.74873852192363,164.59725609554496,163.3142816251223,139.90212207962662,145.0455599667023
3036,101.2,170.76495129681877,161.1841351421337,173.62613708460063,173.80626981406073,161.64989863263213,163.12620962743264,139.47972511702383,145.40632990408588
3037,101.23333333333333,170.25266401101132,160.57539675128834,173.71885680722215,172.91231779383878,164.41886794022176,164.09153725429238,139.68845549385034,145.91479614015688
3038,101.26666666666667,170.96005202905963,163.3963750301279,173.34190090328306,174.47889281370516,163.33210979960893,165.00518886740744,141.01169371740414,146.246986901051
3039,101.3,171.10221479166242,162.31109256854867,173.11303011355932,174.18708816229434,163.57619927259205,165.09199257368226,140.53256491972792,145.7091632321081
3040,101.33333333333333,170.96179323838612,164.16574596635306,174.06267194191332,175.9938976053586,160.35583632438414,163.7539702155577,139.62362778590335,145.3192701261786
3041,101.36666666666666,170.93497344132732,162.8808373804114,174.27953697718706,175.06330917710068,162.26545694690083,164.49187670977415,139.0962922526882,145.95022208057674
3042,101.4,170.2133776880633,162.16623093115328,174.50966901496238,175.07538779017324,163.63879096770705,164.36774637615886,140.43012166940122,146.55217575741688
3043,101.43333333333334,170.59098597311893,162.89820823942748,174.50977133654865,175.1551618252113,163.53772630500868,164.56376676164479,140.17028737001309,146.30078246232847
3044,101.46666666666667,171.0418625829598,165.8673346737119,174.14883191429686,176.53091051971455,161.89827502134753,165.2141056269026,139.35552493232296,146.35388729877104
3045,101.5,170.25216318165886,162.30469784579563,173.09283000595957,171.55545777008803,162.82399250580255,163.47700256791916,138.33948775388757,145.84421678519658
3046,101.53333333333333,170.7396248632021,164.51177021117644,173.2233230099973,174.43538263942432,160.03397939063274,162.76871318530635,138.85331881738972,145.4295152196516
3047,101.56666666666666,170.80727652987488,163.23583689149757,172.94617273457314,174.60605994112288,160.5134928423568,163.38647617191117,138.1420923011816,145.23286881620652
3048,101.6,170.64890563098243,162.17077062354937,172.75597438275327,174.5677755973395,161.5323289144278,163.77503689676973,137.68302259889856,145.3645189445979
3049,101.63333333333334,170.68963152008888,162.95640968669076,171.91646127859636,174.69981569709316,159.56777135738932,163.22890946122794,136.99305235672117,144.86695091550385
3050,101.66666666666667,170.37178158035738,161.0586640619175,169.6770153125322,172.22195108649947,161.3474206545461,163.83997923462624,136.53714388435816,144.72207085516445
3051,101.7,169.94433951916756,160.36278982223018,169.15937281066658,169.33363520995348,162.5765301768132,165.04024863934129,136.5580092460432,144.68675936361194
3052,101.73333333333333,169.34453565810776,159.58958430198365,167.17040644202228,166.19401998543594,164.38170672115666,167.16093298689125,138.18517666832244,144.90360322465742
3053,101.76666666666667,168.9063487220027,159.40709070094758,165.88385963522092,165.14865866208785,165.60985965330516,168.78816602195946,139.41987113705437,145.77756772233258
3054,101.8,167.3641213155276,159.0989589316347,163.65243528147687,165.27870695618446,166.0614882282938,168.00100493818235,139.55270359214205,145.72555775871083
3055,101.83333333333333,165.816976840723,158.76308984005507,162.8825670644975,164.6665410459074,166.79934229551657,167.62605350755987,140.33920197419263,146.14643598100974
3056,101.86666666666666,164.60762770485601,155.60145108787333,158.62417230450671,161.21352510790857,172.05378939361177,168.80174490366173,141.4696358863284,146.6830012181
3057,101.9,163.5381844367705,153.58900822045567,159.60182835381133,158.84581473568568,171.17028095630147,168.69701025040044,141.60360415083412,147.6863366590639
3058,101.93333333333334,162.81091917134802,151.03982827769408,154.64706002808347,154.5255183761324,172.85742041912792,168.5089418575857,140.35891026308045,147.1438160743388
3059,101.96666666666667,161.13344865348495,146.6238488625596,157.7042622113655,156.25886194501908,171.78591760686868,167.7957872264379,141.60856304199194,147.67975082090683
3060,102.0,160.9825961016643,146.21361405409914,155.1769060653504,154.95798626512772,173.28218437254284,168.3479874231302,141.84810333840005,147.94737036447694
3061,102.03333333333333,159.96822495183307,143.92933990593937,152.8937163749473,147.97342156995919,172.61342650786543,168.29722828565198,140.81040054930878,147.65878364652454
3062,102.06666666666666,159.1847346068262,143.75487893530183,149.62006994408821,147.23882247417674,174.94661420081698,167.24468506803575,141.25939497887387,147.61922761479352
3063,102.1,155.83035243534795,139.51245992808546,146.27902917342868,144.41171594499895,175.65100678520236,167.39969245331287,140.91928712151966,147.16638223939552
3064,102.13333333333334,154.18392778153614,137.70798766467428,144.79739835467575,142.00694286612878,175.58865848299055,168.16258983616544,140.80479545132133,146.52476538767178
3065,102.16666666666667,152.31681374752924,136.62069500234858,138.05411118862457,137.5450417463473,175.32257542457498,167.4116235892819,140.57972009322248,146.15011497780353
3066,102.2,149.1999376708385,134.9442783458287,132.74447574677617,133.21832021410987,175.6866721621173,168.37172289021544,141.04539145594597,145.9023395448601
3067,102.23333333333333,147.76275986403388,133.6405054184532,126.26171694889959,127.51857360265589,175.3607190651956,170.26316700757837,141.15129010471296,145.62481152192308
3068,102.26666666666667,138.49084308019212,132.4991654682509,132.22513319127867,123.62734312226794,174.96149171412708,169.1499199241667,142.07783556856688,145.69715492660833
3069,102.3,137.26055598843558,130.62708726064108,126.02933132735342,121.14450213299197,175.43450916012574,169.27043561744776,143.84951110742296,146.0391501571356
3070,102.33333333333333,139.02016816833282,129.19029302472632,120.82112535198381,119.89549675211389,175.7785615182654,169.24033800928885,142.01067394455464,145.43530344136227
3071,102.36666666666666,138.0033648129678,126.34138173685477,114.78213979536532,116.72839141432874,175.7441890460452,169.8487551190085,143.47270818536143,146.21525858295706
3072,102.4,138.26458035029952,126.80391569250854,109.27536059687479,115.12616165424807,174.83542235138145,169.13187526510868,142.35715200496034,145.4239647673527
3073,102.43333333333334,136.272753722948,126.65588007554416,106.3903333773241,111.43863707323781,174.84379892512774,169.29415282784967,141.4665186792043,146.09589662841773
3074,102.46666666666667,137.17980562443415,130.32167542602554,103.7525646232407,108.47373636780628,174.46892890878138,168.96097844373628,140.37541385054888,144.45383686875198
3075,102.5,137.06773270280496,130.37695925926323,101.7128436492469,105.91264682623056,174.11315635130015,168.53461907392463,140.17325204763682,143.9908680833733
3076,102.53333333333333,135.9075570052678,131.41874433819274,100.2941614821265,103.97241030404143,174.22674166798666,168.7545459306144,140.8377046203415,144.19518198255298
3077,102.56666666666666,137.16158555151026,131.9866199902175,99.06554281304675,102.45759194119341,173.98201882547838,168.29115396734426,141.72415748486281,143.80994219061657
3078,102.6,133.91627034687815,131.41493189383317,96.75034068152867,101.5064352513269,173.17715012051738,168.06180025688946,143.25311087566155,144.42688698656897
3079,102.63333333333334,131.84320947017196,130.1423905553037,94.54874970895618,99.85625017775591,173.3718653616049,168.41570330427592,144.2567155119583,144.7935252212326
3080,102.66666666666667,132.4836907616438,130.9134055661602,93.07560268073996,98.4567493055595,173.6454817364565,168.31799349588675,146.2807057102446,146.1918807484257
3081,102.7,132.21561222752678,131.15058159315836,88.78132044010876,96.46556247615746,176.34893858985384,169.17678353720854,147.59743653599668,145.8005047774504
3082,102.73333333333333,133.84678288286486,132.57337973737197,84.78322140114709,92.82220192159053,177.13885130197397,170.14958680180237,149.25065217300906,146.35439793618318
3083,102.76666666666667,133.68484077057454,132.31465719467292,82.90396977495892,93.01619221402711,177.181607515296,169.57244728692604,149.0549463537182,145.50765005497783
3084,102.8,132.1934741154415,129.95646914879103,80.28676934613942,91.74286060372106,177.35698088615845,169.3060229606306,149.5108322596015,145.29759036837274
3085,102.83333333333333,132.22847158683464,129.09353076939155,77.05425934760193,90.61073471518719,177.30527033833647,168.99317271261566,148.8776159278809,145.2851989463569
3086,102.86666666666666,131.25624492226146,129.72454857831707,75.85925022430015,87.6351467125731,176.9460976717168,169.8481544953765,146.67911329888707,144.15797230324577
3087,102.9,133.17857469415043,128.57357711823195,75.6092378997313,86.91363311344227,177.16789283719788,169.15437919616744,146.42631885481202,142.18202226669848
3088,102.93333333333334,118.43138865290625,128.66448914597254,63.58106075702879,86.44776140948092,177.10246042332372,168.8195561529422,146.4930654933843,142.1425948482664
3089,102.96666666666667,114.25205992330486,127.95119706073385,57.786926997184985,84.37518628577911,176.9026128855064,168.95085419232493,146.29376325678197,141.3967300156472
3090,103.0,116.95927215527387,128.85466912960223,56.88412803613348,81.80279905974983,175.9582188038907,169.86577343659997,146.04846296733444,141.5230075952142
3091,103.03333333333333,117.70236104637524,127.39086377905019,55.47358939021883,80.59124746802702,175.13782164799684,169.83570637988788,146.26501937941015,141.33530335374206
3092,103.06666666666666,107.13917903784463,127.01124939642924,46.55996695006485,80.00297794979656,175.58120599906954,169.18112397303523,145.98852059890916,140.5694931684459
3093,103.1,95.62965057327348,126.51218765816424,36.933331561621976,80.46539048963841,175.2960623438924,168.7065234307864,145.4285363879983,140.22321348313218
3094,103.13333333333334,115.06628429073909,124.77391849744335,43.04182732155517,72.26772641417935,167.84988850172863,172.20581025336656,146.7752371189179,141.0872427838074
3095,103.16666666666667,115.90558483253015,123.74542939014796,43.36995151784996,70.80136325145043,167.62895868920506,172.3754020225617,148.0904891776436,141.48853562834722
3096,103.2,116.23040362595658,124.46613275,40.1158556377933,66.35765829307508,165.02429736135548,173.01126081170483,149.19869946928284,142.88129489565875
3097,103.23333333333333,119.37545061818737,124.57821598949,40.61793771918537,65.50896270019838,164.70062257677986,173.11639462894817,148.95859519465535,143.17898294380868
3098,103.26666666666667,117.00465137976863,123.40054978139823,37.785253703293044,64.99201390868753,165.7326319907162,173.38964611052293,148.2547335333045,143.0415311137035
3099,103.3,119.2756125702222,122.83143239449295,35.74860497616758,60.06649524641496,163.41782956385148,173.00805407102655,148.6583974929118,143.58010112083758
3100,103.33333333333333,120.22052402663456,121.89958532768223,34.160306901808006,56.949132461167665,162.29604809683707,172.18115353450136,149.7891405314603,145.099170064215
3101,103.36666666666666,114.74795057584457,120.1844301669156,27.307203613103134,53.211557276943104,159.89926871401155,171.3510262937261,150.09421207054208,146.27868232834697
3102,103.4,117.03027226842187,119.97494552299327,29.055378262374763,48.79757130462154,161.7528283078871,169.4011380221751,148.8259951430399,146.12292797452247
3103,103.43333333333334,112.78237321355203,118.78843777454941,23.684260118374727,46.776820570857,159.72503501859723,169.14393540692072,148.6131599077678,146.0263620094093
3104,103.46666666666667,113.15016853359661,118.95836968066686,22.294798343335692,46.49068337369524,158.64464284273708,169.0036891489539,148.97842856320008,146.60755076599966
3105,103.5,112.22270833688141,118.53636712039322,19.61928761603305,44.521378228475015,157.25314732284193,167.9689139175103,148.8512742385878,146.85691584546325
3106,103.53333333333333,113.48821478719402,119.48701619453347,19.888340952146113,45.67313269277816,156.71639321582816,168.33107261651406,149.94926232574946,147.12028748801413
3107,103.56666666666666,113.3591591371663,118.99137369086323,20.59381073650268,45.23792635500624,156.91488045771277,168.14166446874998,151.13158012801728,147.8561458837959
3108,103.6,114.22789020369098,119.19115790076214,21.82448758588536,44.72685529900363,157.41067366119088,167.01839970870185,151.1329298224649,148.75523253508223
3109,103.63333333333334,114.45196990180895,118.79024187821605,21.60173800961211,42.787228485834476,157.44701331791168,165.8456298499202,151.22256920259807,148.7152512288309
3110,103.66666666666667,115.15005647241415,119.20202877986365,22.074082315186462,43.138317473719994,158.64559738671414,166.27676581996374,149.38594723463137,148.43803181148692
3111,103.7,117.60375719492868,119.34085312996204,24.214763422395016,43.141952722910446,158.79146147689428,166.7788050119401,148.77120713820264,148.46776518757065
3112,103.73333333333333,118.4897275494524,118.39883948527057,24.579023713785492,40.158034042818514,159.0360047213679,165.6599859138349,148.2924120870488,147.93284522172402
3113,103.76666666666667,120.03137148651109,119.08405686454907,25.983925000956898,41.290487586016326,159.53811320307565,166.51631542039115,148.29419145676022,147.60247376105661
3114,103.8,122.37973081969298,119.49189952326323,28.04830528402676,41.56325362324796,159.4789055096939,166.31931702072652,147.8988152371636,147.17574178597457
3115,103.83333333333333,120.4564379083657,118.62706532120283,27.188904529645477,41.64270097454667,160.5979459535091,167.51386094758107,147.61216937268526,146.83633993799552
3116,103.86666666666666,120.29420036326229,118.89072297411597,27.108542826004882,41.23475664509152,160.8467527680619,166.95034715782094,146.34334713815102,146.82153303663986
3117,103.9,120.13020488891358,118.70407954648397,27.194357552824147,41.921465840464116,161.05843335781265,168.13154245870538,146.5082300036844,146.3615861489386
3118,103.93333333333334,118.41178910867794,117.9232493378351,26.06276970056388,40.85038127091878,161.0674905749708,168.05392378019755,146.72645380772542,146.65869047341843
3119,103.96666666666667,116.4869794995475,117.29412082177552,26.466269113423277,41.409449359996124,163.1223522275344,169.1271638879452,146.0446650886053,146.1273298431053
3120,104.0,114.37996235265516,116.07354448028917,28.205596157294735,41.92001676037259,166.64883174467516,171.17797287646522,143.75970328766448,144.613584744248
3121,104.03333333333333,116.90745015744466,117.47013304226053,29.431072787503766,42.30887374562163,166.2131902504532,170.77845905385308,143.01349471888793,144.29005475562886
3122,104.06666666666666,117.3091585161594,118.09296343546245,30.23913179585471,42.98559885356129,167.62745041019352,171.766700366614,141.39991276542202,143.57102640551594
3123,104.1,117.91292377954831,119.11504541589423,31.105647740793735,44.41836116415296,167.68923778690765,172.4546892293799,141.6067627090295,143.42955930806542
3124,104.13333333333334,117.03867797762776,118.8196808825614,32.1658365565784,45.782181132588626,168.5625025498788,173.88948696981254,141.58949413526892,142.74208614344218
3125,104.16666666666667,115.93478708072112,121.69312455517533,33.653828598243805,52.84024503423431,168.80977222480482,175.44582602816578,141.66023758136438,142.61123690540452
3126,104.2,122.6638944778586,124.44390504514016,26.68287763155838,60.68696942958255,175.00829776998762,172.68218531861132,139.42177563185254,142.53023151704636
3127,104.23333333333333,104.55581626068285,120.43265445970358,16.384427119316445,59.51111866645374,174.9115643623633,171.21710934053633,138.73050802000253,140.8714688411428
3128,104.26666666666667,112.29727491358881,122.96569619067034,32.87812395048093,62.98718813731951,174.5519767190439,171.42431977735086,140.30701789546706,140.88587354579394
3129,104.3,124.73902699616224,126.4148200092751,21.27379631082156,66.85129693541798,173.05942287845357,169.28904187726314,140.44790553619245,141.7949912913703
3130,104.33333333333333,122.19515024536945,126.57702646195855,22.78670525634467,70.25964145434155,170.10720861315016,166.28163341791128,140.4631172996936,142.19181091359783
3131,104.36666666666666,124.31600379754614,128.39202983153098,22.590452314907605,72.03221600305768,169.72977521187988,166.2894621941521,140.48955004152836,142.51780811374837
3132,104.4,118.5796459570057,128.86566626377018,21.04641361576614,75.36578828523584,167.7756321607156,164.37558494759324,140.47791521113527,142.22159374998841
3133,104.43333333333334,116.35798212288915,129.2815993388892,21.62986794116895,79.72385162695122,164.04473562139546,161.0695699779248,139.46164628139093,141.6559794203597
3134,104.46666666666667,128.6494737329444,128.9666898744242,22.63234530400861,81.54377749644608,164.28847816394645,159.86435239745884,139.11743886713114,139.89615812348202
3135,104.5,124.44396688182782,128.63602349906412,22.09431226587638,83.50170963693574,163.933080784629,158.66176087605612,137.45881268626627,138.15497093572358
3136,104.53333333333333,124.38832972405534,129.35364897682993,30.540407664806928,85.75689979158682,167.51441439076223,158.83829806949842,139.99225867756073,137.3195660867445
3137,104.56666666666666,123.33855005780643,128.91594892772378,44.93807165641336,86.11365132760574,170.42776618417741,160.51357575771712,141.03962459595257,137.34919588273735
3138,104.6,133.85187178218246,129.93485365903814,78.52282590167547,86.8834934419458,172.41746233307984,164.2921413431833,143.05529640442907,138.7781433651451
3139,104.63333333333334,130.8983554786108,130.89603152207158,70.08921956158004,87.24081415810761,171.2820827654441,164.95343596184753,142.59443943341503,141.5458818420588
3140,104.66666666666667,140.713945196759,132.09640416984107,86.78421196711206,89.99599167463775,171.29474990874544,165.03652422482443,142.68186673452254,140.9403352819125
3141,104.7,136.42313858918845,131.24363753611345,87.97090887571163,90.85795106588535,171.7772600240465,165.75244864849816,143.67759283794896,141.29341572990054
3142,104.73333333333333,138.8636552579103,132.0823649596717,93.42597807689276,93.29112753605678,170.26918493558674,165.5750311054327,142.9433006850595,140.89242599332374
3143,104.76666666666667,139.0995524378255,134.20543850293856,96.63355803611792,96.01705135753018,169.364080699905,165.37735163481287,142.86312907889953,141.68691689459067
3144,104.8,137.10294225179675,132.95700062660586,99.79178930768948,99.06139347107553,170.35016183696672,165.0998072376704,142.092910394556,141.79533171117808
3145,104.83333333333333,137.53860456650514,132.58131839378328,102.91206909496393,101.71796447421458,170.1227430505698,164.86712229115219,140.85497479137064,141.7097930478333
3146,104.86666666666666,136.99841482557437,129.7865755086623,104.97042494779227,102.6136832793777,170.29375936416446,165.43450662857006,140.84132537512767,141.9219434532291
3147,104.9,137.84239439569893,129.3436440577334,106.7804195303876,103.45788986481067,170.7934190999716,166.80858059040716,141.2691259101744,142.65541060243513
3148,104.93333333333334,136.848898245161,127.76387198804944,108.28207381855945,105.49954043998181,170.71526867237475,166.76986953997496,140.19611448272863,142.5376885602365
3149,104.96666666666667,138.07087796732725,129.7649285062019,110.44193130675336,107.15048901771004,170.5024224635121,166.82929256248397,138.91445743805656,142.37861092251833
3150,105.0,135.64265304933102,126.15071814805691,113.16470712267105,109.72002073337629,170.91699516243128,166.2046433101286,139.71761282759863,143.23751101161858
3151,105.03333333333333,135.94688363490602,126.59944038416074,117.05281991132779,114.24414905394765,171.88603966767477,165.3133892795774,141.0260971016857,144.01306826275038
3152,105.06666666666666,136.12601277967295,121.62741329009553,120.77081203969117,117.84577396018963,172.37852353021358,163.73653641910875,144.72154776500363,144.42249074059458
3153,105.1,137.63894603042513,124.39486692093544,124.75162559987002,118.73070032776913,172.38354418208286,165.6034767146445,144.91301737288848,145.8879850156378
3154,105.13333333333334,140.34600020294468,127.58983561584026,125.53620515363009,122.13572642495994,172.2318978439405,164.08442139962145,144.45813484154837,144.4606917405509
3155,105.16666666666667,139.93772120026424,125.79035832779341,128.78651521992148,124.49436177655846,172.24995745371243,164.6204657390166,144.80346398204856,143.9636199578342
3156,105.2,141.47299741794856,128.32634630822736,131.59402563617527,125.40492445611787,172.7819980110932,166.18345995983108,144.76085063575027,143.86342249272207
3157,105.23333333333333,142.83124922538335,136.1374765261032,135.97523670748242,130.99293743936454,174.40400262001475,165.58631531397398,146.79391231849579,144.4076114796992
3158,105.26666666666667,148.25782171168245,138.05797606819058,134.5080805536047,130.45091170251456,174.57897569136682,167.86526806221897,145.65788087627493,144.23198341199503
3159,105.3,150.79721963630237,139.67106746544974,135.96321587924157,131.94235725115752,174.55485044187392,170.001668003183,145.1623692840745,143.937905278744
3160,105.33333333333333,151.80628535510218,140.7339315456925,140.10059748646879,133.68519102752842,174.46616253376575,170.2512164039995,144.46412605168362,144.54444153724316
3161,105.36666666666666,155.13015084394362,137.4975933186072,141.62491072294193,138.31671615924873,174.57969685087465,170.43536414607544,143.94448357991268,145.0490108307722
3162,105.4,157.55577341079376,140.75760632067858,145.28059877916826,141.3226459369185,174.84945127786037,171.42008428307182,143.74005936361837,146.1334421888525
3163,105.43333333333334,158.05012219874737,149.01703958570397,149.10898207070863,148.7712840088988,174.59031909447665,171.30232062347338,143.79209471035088,148.2265272101413
3164,105.46666666666667,153.49661668915488,150.4776836678218,158.10842083984326,150.97304193004894,175.48928043306694,172.7092825660159,142.9975028273637,148.6542949526242
3165,105.5,163.57526624143173,150.32633748228406,157.4195259907126,154.29697495320738,174.88630868695478,172.5357415678659,145.21611994994316,149.18453045858416
3166,105.53333333333333,165.81314703837512,154.17279511992658,155.86348186608757,155.3437391360206,173.1021453150717,170.89112891813295,141.7475931399663,148.47603376181587
3167,105.56666666666666,167.04626793549352,155.2041364834735,158.9058999688415,157.8775163475744,169.6644674040722,170.3967221325281,140.54693062907785,147.12647089945222
3168,105.6,167.82075609689676,155.38055357935414,160.7135915171072,159.05014754184714,167.31251973708098,168.3824362421698,137.25128213178868,146.27640217394074
3169,105.63333333333334,169.51301771403357,158.99913422306307,162.01363166415206,160.39236131224138,165.80915960100285,167.6913018230576,136.81041740679856,145.39211855028614
3170,105.66666666666667,170.03001801658925,161.78868216783872,164.19603826455017,165.33628521139428,165.43020811283452,166.80147141034334,136.43209111292043,145.46654513919486
3171,105.7,169.9914921771278,161.38570263898677,164.97065386509695,164.49207944020972,166.1526666850648,166.87420642095623,135.2209106096466,146.12612502224678
3172,105.73333333333333,170.6253391065847,162.2284739135214,166.30177783690527,165.24092611329712,164.97799455231004,166.91549396092907,134.66717503042054,146.49479754842525
3173,105.76666666666667,172.95088721237792,164.61954228723656,169.40157228074776,168.45708756754922,163.25873804272598,168.4842224706935,135.9222963575739,147.61343370703815
3174,105.8,172.83996924393202,165.1727405048839,168.71374997530324,171.04599554696827,163.22378659297598,166.42643121102225,135.66916626209874,147.27894483110813
3175,105.83333333333333,172.4692624111961,167.93604817849285,172.28481056091107,174.21285906655834,160.98027853304018,166.69510921828444,136.2647810106754,146.9475554976331
3176,105.86666666666666,172.28044665402027,168.07922580472533,170.6876629003025,172.99999518882223,163.14518538932768,167.20686169024495,136.01426118146355,147.1059854896627
3177,105.9,172.0072181329268,166.6576367976753,170.7154324530839,173.75709207958226,162.1021446494226,165.13714088516363,135.79365376012882,146.19450573510647
3178,105.93333333333334,172.16820366028358,164.27628163911692,170.36909326243887,172.05279500940244,162.75794536158017,164.54352600200846,135.38032451101486,145.58610978767567
3179,105.96666666666667,171.59940958143386,164.61639212974112,171.1397957186571,172.8290219545129,161.84767395047587,163.73182177036622,135.11982967240965,145.47599557698044
3180,106.0,171.07595258882287,163.29178986118637,171.3851749414752,172.6869177809542,161.08678128464095,162.86556936197883,134.61899384701536,145.44480537797182
3181,106.03333333333333,170.7832986323743,163.63461128126946,173.43181588699187,173.09947155212265,160.47283898014854,163.26209338747776,134.32840546341114,145.76519328511236
3182,106.06666666666666,170.14786336057986,162.18420994746052,173.575604755554,174.22211938585997,161.98860402332545,163.71629296110987,135.69591027484765,145.80364561737855
3183,106.1,170.14748066348795,161.15785346418167,173.4158806563877,173.80401992192571,161.87890907752757,163.85364532393862,135.48051905484948,145.990726744658
3184,106.13333333333334,170.54718528834817,163.27362276874504,173.35695800531457,174.77358775136483,161.78980939858263,165.26399404554076,136.51427317629003,146.6645684370562
3185,106.16666666666667,171.0794701057344,164.68471323645832,173.21964665305833,174.7981814307645,160.91780841535225,161.32022669599658,136.06414626703625,144.39028701590195
3186,106.2,170.82320520165823,162.84690368999196,174.81858025089048,174.92214285858955,161.75752475889158,161.67381333455256,136.78092172824464,144.372014371906
3187,106.23333333333333,170.66293804706197,162.17726179717525,174.08288688684695,174.17062665770808,162.8758821590782,163.52298352133926,136.9666609015152,144.6594300820718
3188,106.26666666666667,170.7727447445306,162.38586105582485,174.29617663624003,174.42580409186974,162.69010830484706,163.124275413851,136.76383505336693,144.6012122403068
3189,106.3,169.63783146270285,158.37194582268575,173.43128471971124,169.18020836184868,165.17165650495738,162.3478094793217,135.25683081849255,144.58558646093715
3190,106.33333333333333,170.42658506588668,158.31433099541582,171.40690788109433,168.25339060957467,164.42773219573576,163.10636628202155,135.36125880924325,144.8196742766016
3191,106.36666666666666,170.21157481419266,158.56611917472247,170.96701003912398,168.12521487140376,166.20167583947386,162.2256649210408,135.30129551958743,144.33242718406302
3192,106.4,171.24319314340607,159.28075080383258,166.89529364337443,167.80412405008386,168.32029442970247,167.76554207031836,136.62372269647827,145.99611714187478
3193,106.43333333333334,171.83958935463264,159.69384406573255,168.1642134761667,165.9815565706572,166.81520042493236,166.68615627294707,135.79403123305494,146.19195953633434
3194,106.46666666666667,171.56095404237533,162.14511658724803,167.46185451050704,167.29371186773767,166.23008497530245,167.93118348051084,135.97947767334355,146.15735928573307
3195,106.5,171.75599920945822,160.2963364108511,167.57818929578463,166.17729682285884,166.88007077955763,167.13809247815192,136.38102135148296,145.80213897894427
3196,106.53333333333333,171.19518088335647,161.97670836203181,167.86612972072632,167.03790066667148,167.22945462828974,169.83404871997075,139.1788385295892,145.86096192780946
3197,106.56666666666666,172.38573775989033,165.21164024237044,166.24687867877216,167.66484774424345,167.68257800918448,169.49627982750224,138.7288964446241,147.10042875010274
3198,106.6,172.4229635856439,161.46327124917255,167.57331912253534,166.36335382514093,167.1280294151406,168.04889241154186,137.77002305295534,146.26149133151753
3199,106.63333333333334,172.3025944304994,159.4485434105862,167.02556938657352,164.66156879856035,166.1596411104284,166.53240804184566,136.6858730137289,145.24860095558958
3200,106.66666666666667,171.81003008181256,158.23866083549547,165.5824849303536,163.41011611346133,167.27911245146902,166.50561956824748,136.6151071903487,145.0361082967029
3201,106.7,172.082186325055,157.72629988470345,165.79985967955358,163.6350253320779,167.49479889401758,166.6630997072811,137.34687599898447,145.05948645622925
3202,106.73333333333333,171.96043500686326,157.78061774634963,165.43329159870711,163.1195061048091,167.50876118027267,166.67074848877752,137.8650717245641,144.8302803827659
3203,106.76666666666667,171.32531911638932,157.50248884848037,166.77133489252034,162.5855300227091,168.2863606202617,166.53270829622198,137.72048315766935,144.73999305865973
3204,106.8,170.87462373820208,156.87500577412663,167.51392951703238,162.7456652259981,168.2939216360371,166.61092339712778,138.20851577505255,144.8773190364342
3205,106.83333333333333,171.93927928382325,157.4106875890667,166.80581486778303,163.69969125426888,167.72234284605608,167.49745845548745,139.70352993541582,144.31282061119273
3206,106.86666666666666,171.91539176191688,157.87382981326365,167.38971392152413,164.47886253424394,166.65021508491867,167.32864566176949,138.75048334547253,144.53870809191596
3207,106.9,172.19998106022828,158.06093277018635,167.21361334885225,164.4207414321388,165.48086177682035,167.05163021461348,138.15665660855743,144.3236075110304
3208,106.93333333333334,172.1455136072848,158.7591668196067,167.38244881094997,164.24609919582372,165.3276322638803,166.96685181519834,138.18649746296506,144.50698042374148
3209,106.96666666666667,171.22062434299218,157.9676608505946,167.40431798797962,163.60529735774654,166.76706928977143,166.71422764704405,137.58201273650366,144.4028527125463
3210,107.0,172.04094487495084,158.78378763589618,166.4459493804508,163.6327781834004,167.01587129922646,168.06766246133736,138.8699057348228,144.92092914026549
3211,107.03333333333333,171.44240489772247,157.8175119894555,165.77490194735972,162.75433403005414,167.82064034547912,167.49579362306662,138.71892405709997,145.17030858656068
3212,107.06666666666666,171.19947224405894,157.7097856942015,165.4040163306202,162.36203377111045,168.370487143195,167.92018333470824,139.3226400194908,145.00892407684015
3213,107.1,169.9218140845963,157.41720507952556,163.30424083398864,160.59259401417563,170.52347661757136,167.7254983847374,138.93069106285725,145.26852984956088
3214,107.13333333333334,169.42029369297438,155.93383625518155,163.69032378007574,160.11716881990466,169.91835909462452,167.2951122612613,139.17512153890456,144.99767215379222
3215,107.16666666666667,168.50345349790902,154.51476711350713,163.88186871412353,159.90138707368914,170.01897943973938,168.1630921941822,139.9177985566873,145.37809191960966
3216,107.2,165.2524271921404,154.8419447820145,163.2053136726279,160.54294989527625,169.60963002875934,167.90112562480664,140.09201406317234,145.45079514878412
3217,107.23333333333333,164.24438169899295,154.478258138358,161.29257698807095,159.6724022990495,170.31722659789014,167.60527217726676,140.16505574741558,145.41531518417762
3218,107.26666666666667,164.46361309425782,154.00339055467722,161.29562365518834,160.69085416658962,168.9965238223949,169.12777975409966,140.69270410437463,146.32045640385914
3219,107.3,163.16265305691405,153.7335972580642,158.222248958264,155.24277622351192,169.82973635638493,165.81161266318188,139.6762329797956,144.6074718217533
3220,107.33333333333333,162.72987338829896,152.53444517544227,158.64394970830207,158.55096765105566,169.5395727450607,168.92927972874574,139.83931937865884,146.93279836401325
3221,107.36666666666666,162.105629405898,152.61215482630996,157.36083914032608,157.43109862106283,170.54574114595965,168.5292379277727,139.77238234103783,147.17054969955194
3222,107.4,159.96633732737885,150.32037874405918,157.93716958852113,156.6287556121156,174.32214257266565,168.001181223065,143.48350194859046,148.24711071927538
3223,107.43333333333334,159.39855995793886,146.80713695878637,157.31440500312317,155.47198448648217,174.82838393141498,168.43219689697185,143.1485140101372,148.3119102468947
3224,107.46666666666667,159.77701131933966,146.96342220609907,156.91321050334102,155.18114858455442,173.6399939374953,167.66693200278198,142.9773033220202,147.65373508295218
3225,107.5,158.67652238449998,144.6455973777189,156.9929163940248,154.78534303127978,174.3677254375892,167.93856491273345,143.44588315175278,147.8379483296096
3226,107.53333333333333,158.26211722927547,147.33632651310984,156.58089368671256,154.7546814799347,174.56274962050358,169.3874205482239,143.5706263729216,148.77641845420163
3227,107.56666666666666,155.57617855131048,144.299942379566,155.69684717526965,152.56653077688787,175.79320220525784,168.61912651897066,144.445127658709,148.72908276532627
3228,107.6,154.27051677665528,140.6700929103552,154.5644484033846,148.9445710909701,176.54862751906563,170.89747691551986,143.33569125940525,148.27055893404528
3229,107.63333333333334,152.7659763429043,137.34941827218498,146.45398305637102,144.49300826416533,175.78852157131448,169.6936001445276,144.52404142717228,146.92016140033357
3230,107.66666666666667,149.9428640688246,140.69295995220358,139.6658009537548,138.43043126302385,176.3548858832363,167.73934012683628,144.35657669618223,144.85607953914493
3231,107.7,148.30818757611885,136.05364475166743,136.13838478076792,137.51522322890992,175.96339574394727,169.48413053116636,144.5774282679502,145.40098416621828
3232,107.73333333333333,147.01574017006905,134.72832037629013,132.31357768736248,133.96748621340691,176.0321184483671,168.58263216673132,144.38006136340763,144.81929291457504
3233,107.76666666666667,140.00451874388685,124.65225460841195,133.85982872926607,133.37578226266282,173.20027640900676,170.3757822355249,145.76054587571366,147.26967171845675
3234,107.8,138.75756367835876,129.71849651954602,130.2848570919914,130.1091303826102,175.07765312000546,169.7906733816026,144.49079187844526,147.34642951482667
3235,107.83333333333333,133.54879297346469,128.0946929216654,130.71593573369623,130.03689714721244,174.99718586865242,169.58339007534917,144.13738147197003,147.335592811675
3236,107.86666666666666,132.08349777516682,130.90247131184472,128.0232502572461,127.02764408096981,175.80924565079775,168.60787356747292,142.95411282819663,147.39494071006166
3237,107.9,136.21668657356227,127.24032396181455,122.1364261722195,126.22472702313424,176.07978698351593,167.99646121725237,142.52709641869305,147.16799086851228
3238,107.93333333333334,140.25325883070354,130.41761583952834,115.6833157172286,123.28760166737281,175.21413326936633,168.17676059673497,141.27326131504472,146.1334159152315
3239,107.96666666666667,136.94130452604531,127.17096423750522,114.95833543655587,121.9635684593457,173.21277355553403,167.74259673986631,140.30461114755673,144.16713993432606
3240,108.0,134.99374711017856,129.66593213597554,113.12817763305476,119.03936309964391,171.56834350489717,167.83668235377414,138.71185404684542,143.1284187233182
3241,108.03333333333333,133.92066849400396,127.75138145957858,111.00589074042655,117.28098436334683,171.6568133678693,167.84080868819842,139.35980136315507,143.34819261369543
3242,108.06666666666666,131.94277054128722,126.98142075123438,109.39502659454355,114.86065391364114,171.9952657768661,168.1371418620716,138.80922091529368,143.54357486401463
3243,108.1,131.3130110490338,126.44269829127461,106.6933953767838,113.20702059228076,173.19517511115006,168.73355893059744,139.94066049607108,144.16329064773393
3244,108.13333333333334,132.98197055313705,127.67899704661515,104.49783571565419,111.07009054390274,173.14587506713593,168.20395665864638,141.13181145713102,144.06893447217945
3245,108.16666666666667,133.83260423635625,129.4388090992475,101.23050892251676,107.9353083018096,172.97944217627753,168.55443083657298,142.1403527979502,144.1329961148091
3246,108.2,132.7436273687717,128.1718881550198,98.39568083923365,104.69915276954531,173.4020040231406,169.11422126971954,142.72927359281175,143.50894211834606
3247,108.23333333333333,131.51593444072185,130.6962047705581,95.7899759445925,103.38014606065893,173.0704957167565,169.01899324388674,142.8861914310534,143.43568964172437
3248,108.26666666666667,133.77802408322464,129.29047142640468,92.46209072918509,101.63279547670234,174.20712379061132,167.71333824884442,144.67157358454537,143.6187732060851
3249,108.3,136.50588829443416,129.30153760829538,87.32367840149261,99.12274838655519,177.18438983765654,169.08285534150403,146.4462107150389,144.4502409733968
3250,108.33333333333333,136.22295051400204,130.59654027022327,83.1955076243111,96.06822746372472,177.31451594417936,169.02739146194912,147.3620932204039,143.04712065826033
3251,108.36666666666666,136.09692989915564,131.28210830859808,81.14668572423888,94.66883400189732,177.25727192094564,168.5823171677649,147.74795266185077,142.9878052404668
3252,108.4,130.4504830722637,132.90162318608364,73.48385095384597,90.15376163400967,177.26090063104152,169.72321662126754,146.73588480692226,142.16768179084852
3253,108.43333333333334,126.41504025696248,133.90312300496532,67.466247988273,88.34693741692115,176.96108133467413,169.70780692741,144.6269862012161,140.26397471043128
3254,108.46666666666667,127.42910223357,134.46001510653548,65.14352409477726,87.13126981305464,177.16170233478584,169.67728298862767,143.37953183744145,139.7424342290991
3255,108.5,122.93709593001014,133.9219332513042,54.4582488149354,85.88021785333626,177.0929236074809,169.0529496621886,144.47926980828188,138.9895270798389
3256,108.53333333333333,121.44035114720464,133.3059057861478,54.90096512737799,83.78777149016173,176.09932658887146,169.33717202295017,144.8457572070161,139.07049705928677
3257,108.56666666666666,119.55938583204751,133.21552232480056,52.75487185104045,81.51039988513604,174.96112189549905,170.01093991941235,145.3358449805811,138.80712196438677
3258,108.6,118.71387623396974,131.0144502008917,47.222269048859815,77.34740658511411,171.02106727372427,171.69319979385642,146.7057503459346,139.5083858287507
3259,108.63333333333334,118.04296550616623,130.389248661436,42.35434870147738,74.80474856168712,166.57312127995866,172.64642182066768,147.95802290805796,140.56699516526456
3260,108.66666666666667,116.22543394269519,128.41568414906942,38.075525000438084,72.74728970036776,163.4285144571229,172.97435440688477,149.55786898897176,142.52127403075187
3261,108.7,121.50201588351766,128.80156193973923,39.21458440115877,67.59505309673408,161.74032421613293,172.4900227274276,151.3619213561609,143.42485170111095
3262,108.73333333333333,119.7428328920932,128.53890704755537,39.50665252881033,67.92424353639277,164.293454875114,173.05241807446183,150.52179756997626,142.75496358214994
3263,108.76666666666667,122.27385957549653,127.24075857351097,43.03437018781705,69.19397206891871,166.50154000796726,173.41384854885004,149.8480180272139,142.39625572650044
3264,108.8,125.15312302708503,129.5427004742422,43.50537747853038,67.72744807169627,167.09083231710295,173.48101854349534,149.38899847638487,142.1996154847974
3265,108.83333333333333,125.76873476613598,128.73888527437202,39.397382122694395,63.88263270031816,163.3583487886591,172.84045279532245,150.00529047194215,142.61471243342802
3266,108.86666666666666,127.402433540284,128.32527509579,39.34687076898089,60.51342448535753,162.17164477780682,171.5878425501171,150.41297574975601,143.04056332304506
3267,108.9,127.99797796520943,128.08340665615142,38.44336052942523,58.06676543672781,162.15020638044047,170.8975303195162,150.52392499021272,144.2556829818842
3268,108.93333333333334,129.5184896934989,128.774239745684,39.904072410171764,59.49904087970811,163.84572366328845,172.08720608989526,149.87466498514007,144.9494490605846
3269,108.96666666666667,129.95306214179897,128.7369622700489,39.52336435440203,58.13848482038743,163.7505475778305,171.6219970077927,150.4222674906639,144.77916887704083
3270,109.0,131.7160202483886,129.49320418604728,40.03580914998162,54.7096580179142,164.86479724116694,170.572320118951,149.14574565183457,145.44791902050204
3271,109.03333333333333,132.8543035215581,129.35322169094712,40.167011442527404,52.816038808828736,164.35443984412237,169.86237076802658,149.21763599029097,146.19223015101628
3272,109.06666666666666,131.80823471946508,129.25350505443805,38.362910100326864,53.417215456749936,163.3116975910293,170.21048604697134,148.6450307288318,146.1075989065633
3273,109.1,128.1705479615979,127.83999556120159,33.93866157122306,52.56719929485362,161.76584329576585,170.12092281322,148.4170006934353,146.06888018310863
3274,109.13333333333334,129.66634668846686,127.79081483614691,34.89096133580038,50.9369977843861,161.60286185684123,169.1787308628236,148.413609086507,147.1563698902487
3275,109.16666666666667,129.47574789326046,127.84686934733769,35.509529218985605,52.34543998775112,161.7256673986444,169.64694336935054,147.58516785770456,146.20710995061046
3276,109.2,126.94122084731659,127.4608670129269,35.67612376979669,52.84641609122656,163.54063135897724,170.78507331211458,146.23940281070682,145.29472947255155
3277,109.23333333333333,124.94041048703417,126.62876101599734,35.43171308429055,52.960996775107056,164.62863973897825,171.47455347504905,145.47663997293068,144.39394255411543
3278,109.26666666666667,125.09840028506237,127.30523224148399,38.15648043345185,53.726791098726004,168.02565226935087,172.17546851229258,142.97192705349613,143.6402155405897
3279,109.3,129.39678637254357,128.02828102396762,39.95993407890785,51.87692048435917,167.31239154381035,170.95796472120549,144.9179091279757,144.09568178678018
3280,109.33333333333333,129.33164861805716,128.84229990070753,40.5457872370803,52.84883277045493,168.19381474403838,171.6451723629278,144.24108325408446,143.73600247471614
3281,109.36666666666666,124.8796397352286,127.00965908777874,35.678345716458836,51.49294455858071,166.78788398877492,171.48040055822557,144.9782927287916,143.82097000261123
3282,109.4,126.00094821009291,127.87364814483506,37.791504596144314,52.35127002184295,167.68592830531526,172.23369695439632,145.10302150056705,143.5027087773288
3283,109.43333333333334,126.02470163519953,127.8412085023971,37.67162607315791,52.19023331440388,167.3153804355271,171.59887350200006,145.32239689443927,143.9559204077917
3284,109.46666666666667,128.7295439188687,128.34960936462983,39.695910484622864,52.6050822384304,168.25954353916018,172.14498296329063,144.88342543271676,144.09228747705473
3285,109.5,129.29873840840528,128.98832428939156,39.742308078252094,55.38192060462516,166.92400925203708,173.03904356659956,145.67106239102503,144.15070268035743
3286,109.53333333333333,124.25650559158086,127.28045887980936,37.10130328356598,57.78180050342401,165.98732936364837,174.09404147178736,145.69867839113292,142.81586095566982
3287,109.56666666666666,99.48277018035716,129.3367427537543,21.894931404634935,63.93847311637952,171.3470345502654,173.35096506629475,145.0997785841715,142.18522755214678
3288,109.6,126.08961730358851,130.64878777753847,22.74003465528985,69.47337295373592,175.65662831268028,170.12739600261187,142.58245337876932,142.2626959477544
3289,109.63333333333334,116.3174197440436,126.65334621444937,37.242513677885974,67.9021535970801,174.91527654291522,171.8074996159189,141.9397345417272,140.86394568134313
3290,109.66666666666667,115.88953422521921,128.31516105126713,26.745005863971492,75.07552101289335,175.68707539361037,167.77898376544667,142.37308042443578,140.32225195458466
3291,109.7,119.28512803801418,127.71549745358735,24.80232892080754,75.59608629554096,175.0767234302934,167.28312703803172,141.36981271416474,139.96002491169367
3292,109.73333333333333,129.4128141981539,128.66230625667845,18.801337327269405,81.3762598803232,167.33608767616445,162.71513665791628,139.10506577132165,138.75871830871935
3293,109.76666666666667,126.19310285816287,129.16377407673139,20.839736342819215,79.05466033142731,170.25296052392812,165.01532751290642,138.9107188257364,138.4462967710706
3294,109.8,122.27885178232815,127.77007370207707,38.1552976668001,79.04987041071934,173.06763275909114,165.50370809387093,139.98035392001717,137.81806157355607
3295,109.83333333333333,129.0745155452791,127.53008485541444,49.55265607107046,82.27041567223192,173.38181101141797,163.7756998142247,140.80337775532567,137.75633568760045
3296,109.86666666666666,130.9487595840268,127.15187724890039,66.60104962104703,82.31149230083815,174.64721711857138,164.63952401414483,141.60374278648698,137.3629604939026
3297,109.9,123.84107243524318,125.82369275931275,62.81856643781898,81.22813986887124,175.01574265126638,166.05127651875594,142.0428046752877,138.05385131356
3298,109.93333333333334,131.2546043221219,125.79927745680999,72.2536538119967,81.63853289695297,175.54380721553696,168.06799193339407,143.49905857997305,140.01476333908906
3299,109.96666666666667,138.17724037050826,126.99196884915702,80.40915511192405,84.29077587488489,175.60275287019903,169.01823164120995,144.73072212071173,141.2488998596602
3300,110.0,138.73297985288409,127.81680717050048,83.2639789670272,86.2827228088869,175.70703957966194,169.19051391319778,144.44052146707142,141.75452520822662
3301,110.03333333333333,138.3112738816995,128.13291605680698,85.41850565138732,87.6922547830319,175.97254158331464,169.4291680060207,144.24750130024532,141.9099307679074
3302,110.06666666666666,136.8484686738983,129.76790913502802,88.30767566820613,90.3015366162676,175.5391713342248,168.54860273013233,143.83986331649436,142.0305100806352
3303,110.1,136.35363341200892,131.68030528403617,90.63287968823691,93.63162192846784,175.02151022829568,167.73837318567678,143.79522477193737,142.39282874650522
3304,110.13333333333334,137.16758128904678,134.07823125892403,94.48301154653294,96.35456433851218,174.4565493835145,167.48511040964598,143.7279107781747,142.8996372290278
3305,110.16666666666667,139.56369234533463,133.22968881333603,99.6053310705924,100.0345654642151,174.72369479040938,166.80334756106507,144.35915245759494,143.1036557775685
3306,110.2,139.19636117184467,132.2859176718863,105.23989518503573,104.53593872517415,172.23308645400556,164.20842409482606,141.53540250128577,141.49453838649183
3307,110.23333333333333,139.20401250042653,132.48963464656399,108.16158120474184,106.44843689207437,172.34914654029438,165.14758983691792,140.12893154703616,141.57666620540712
3308,110.26666666666667,137.4504183747864,126.96466979089455,111.7396136439932,109.76258965468787,172.1619663277517,165.44390955171886,139.90097222525597,142.252989270071
3309,110.3,140.0940521244676,127.84328142972782,116.662605269536,113.01219398566774,172.67733445523012,166.19030749253017,140.78246983014625,143.29808159523606
3310,110.33333333333333,140.29796985415945,127.14415654400786,121.84368267717669,118.24884548242935,173.1922962492848,165.92477571491833,141.9301937763299,144.63897962941812
3311,110.36666666666666,141.7079658012069,131.81696731464777,126.43587101754262,120.62529197621386,173.4510153434384,166.2119727548415,141.99315264920472,144.58351102551333
3312,110.4,145.38726783853787,135.26771262459658,131.0264738715078,124.48937242550804,173.98629753361843,166.70863007059066,142.8567521374313,144.3238611691668
3313,110.43333333333334,146.1968316855491,138.98645215038317,138.015591309987,128.80218860227026,174.72318502185007,168.45873853157542,143.56329109416922,144.58534063990274
3314,110.46666666666667,146.49346373517355,137.53384548672574,143.090369862724,135.42214371991727,174.28881107548827,171.29511026116083,143.49673668035285,147.07590758082446
3315,110.5,148.53974400870874,138.9128389316616,147.75443460544724,138.83855988046867,173.80715821549447,172.55613021496427,143.57285308200085,147.60535638800846
3316,110.53333333333333,155.03851450454542,138.46723493820986,146.9657435202125,143.9055522251731,174.71325780769058,172.07117385740355,143.29672230593025,147.43428407206005
3317,110.56666666666666,158.78836564548516,142.37580901577635,149.2558300462499,148.21440597787617,175.02865766265995,172.23801954163963,143.66615360257745,147.83639867326178
3318,110.6,161.97270304495882,146.06645356178552,154.83519921433864,149.97547752194973,175.76383336130976,172.54302666611358,144.6104896168438,147.66581156497406
3319,110.63333333333334,164.93196167146274,148.92978373140056,155.6317909241208,153.2568890322175,175.6580432261357,170.74385904523334,144.11642141741854,147.2974194324484
3320,110.66666666666667,165.4581853528046,152.34499031339442,158.93950801425314,157.40766292892897,171.84853632322714,169.94847461543577,141.97947893964852,146.74914352687793
3321,110.7,166.60813255106203,153.77767061541496,160.2496127625867,157.78675859697333,172.30832107040882,170.20418684931488,140.72079161262909,146.94178611894904
3322,110.73333333333333,168.520162909062,154.81991228435228,160.11775342734194,157.79885364425328,170.49717815982547,168.91205037287952,137.684432867477,146.29450212686706
3323,110.76666666666667,170.7279562187675,156.54209719268985,163.51294245264936,160.38879839731945,167.18459779004004,167.47737022797816,135.1646158488871,145.02536676963376
3324,110.8,170.92016057186052,157.10510790657503,161.59793722301026,160.71488767151672,166.40340200477098,166.94545594569666,134.40784175270326,144.0694987211471
3325,110.83333333333333,170.70323122728763,159.50929508345487,164.8585746305425,163.2984774821131,163.8972211346478,166.1793138436586,134.62976130345115,143.58332374599334
3326,110.86666666666666,170.5420337787264,160.18361606653488,168.53762982658515,167.89022729932873,163.16052763303773,168.1111977421108,135.26976029104574,145.65045751131092
3327,110.9,171.22065949417268,163.3482413198006,170.8335787283033,171.82222513420916,161.34185102484398,166.55332281223613,135.86606124098077,146.27674152712308
3328,110.93333333333334,170.56640450844253,158.18372008277512,167.3731349675988,167.52299964263557,164.7812233263647,165.9092904694467,135.15154289461077,145.57103095755164
3329,110.96666666666667,171.89277604467674,159.70543644614472,168.25371142771297,167.91249157997888,162.4082433669473,165.684779952831,135.50480028332598,145.48829291717092
3330,111.0,172.67854709362044,160.9449247120305,172.25039886473704,171.7076053870955,163.35824082482372,163.54508962209286,135.9728255495218,144.17018920902373
3331,111.03333333333333,172.06192855751357,162.78987134934613,173.15550003943986,173.61547069324388,163.50928147416784,164.62994847563738,136.5807809290862,145.07588825740896
3332,111.06666666666666,171.93070743864968,162.98475518846115,174.44567298949863,176.84409291500054,163.94762424380147,163.499880174095,137.16664449196722,144.95731891112442
3333,111.1,171.60979376727337,165.13693108633208,175.01114401448322,178.19239405805416,163.82766086677105,164.54703349155324,137.50200733588844,144.94150987109907
3334,111.13333333333334,171.03447085174497,164.0937697386137,175.5283399603685,178.321401897949,162.01747202743283,161.39115205634167,137.3035566116158,144.2780363715232
3335,111.16666666666667,171.38253000999407,163.42184015513365,176.30611276269437,175.8547833756358,162.4954953225787,162.8024821301116,137.14528739263687,144.85017875557634
3336,111.2,171.24217698951006,164.37962770486678,175.93512427799888,176.15274389328187,162.69924284585042,162.92107680979692,137.10168701129103,144.9001712885248
3337,111.23333333333333,170.7086781310085,162.63106950173903,176.50778353671785,176.23121526343948,163.07680192216182,162.9259353667276,137.14426643610534,144.4722462938481
3338,111.26666666666667,169.82560022162681,164.33237522244215,176.75690679714208,177.14497971870645,161.05399403720435,160.72972306062385,136.92899559042493,144.4364668294299
3339,111.3,169.76667701959752,165.16953733033967,177.36730249942002,176.55946907594924,162.98681650007552,160.46474301352544,137.80262014212926,143.8588231192788
3340,111.33333333333333,169.1666571122831,164.58860333563868,177.1509962567596,177.17221026005956,162.95877001443745,161.31556433962842,138.08598622454312,144.69136015688767
3341,111.36666666666666,170.86011093497797,164.92919051745886,177.47325721304603,177.1659577935784,158.34396672204528,160.68131735885365,135.49595950225117,143.86602654937138
3342,111.4,169.6887701641282,165.8491041435621,177.523260620779,176.88303503119138,158.73980112658657,160.13567677724356,135.93552348980617,144.12936887805867
3343,111.43333333333334,170.0517687473101,167.09250109735717,177.54079111796528,177.47500511991987,159.46660661243592,162.82072179350797,135.56305888916313,144.88287397538696
3344,111.46666666666667,171.26880255565337,167.2127417122226,176.89039489490648,177.14141344094307,160.399643675679,162.3025487842227,136.17061203314196,145.21813350602076
3345,111.5,171.31359942264132,166.65722567030215,176.93524140577594,177.00369884341274,161.3445605772723,159.46136820568807,136.01787047421055,142.58248002390877
3346,111.53333333333333,170.5816698221944,165.3385380149168,176.80943988539974,176.44650467489757,161.11550326691483,158.61259389873825,136.07778718898908,142.17174767393342
3347,111.56666666666666,170.63957596693544,165.88230584937492,176.74867754632052,176.61371479102814,162.0730675204215,158.8254628332178,136.9164699328486,142.38254086229483
3348,111.6,170.54825156725184,165.9361827192177,176.03229905182477,176.0982943712132,161.34931808158186,158.76343363301575,136.5254752723526,142.4342331576081
3349,111.63333333333334,170.40487683003428,165.5639935252845,175.99245749231525,175.96038517929787,161.4711411936649,158.30588522210454,136.83907003310517,141.88740498034784
3350,111.66666666666667,170.25712771786857,164.6397284991681,175.64551250763432,175.6047967068545,162.5149639497134,160.60073209702423,136.63037728557273,142.88696585868897
3351,111.7,170.4309421679378,163.96482510427256,175.64068152979507,175.53106644243766,163.56602185916182,161.01145994990753,137.06961104254805,142.90200577135215
3352,111.73333333333333,170.75110342453277,163.20693444320577,174.7999218671879,174.78934355756354,164.9890963441272,162.08242352628636,136.6652914949758,143.61869550559524
3353,111.76666666666667,170.8465696984399,161.38419213412024,175.10064022395974,174.23025168436126,164.95393853357234,162.98872389090033,136.63567764625975,144.5273935395038
3354,111.8,171.14743332890149,162.26894207553858,174.11894428139055,173.25143544163004,162.50374084366817,161.75621539501347,135.89092894777608,144.13714294113524
3355,111.83333333333333,171.31000079410825,164.26221495677402,174.22751983067957,174.5472618880528,161.80076805367,163.0130080639267,135.87797103428778,144.9951636233683
3356,111.86666666666666,171.4556696619607,164.4903617753155,174.74991213435962,174.95931760059673,161.05468088714457,162.86600091759826,136.293730762561,145.10644886874184
3357,111.9,171.54095938459577,161.96923968941607,174.49593432944963,173.6961617769151,162.31738439375593,162.96636669150436,135.4005101787145,144.8186332004931
3358,111.93333333333334,171.33024047799708,159.6471593396639,172.37182999363193,171.6104337592657,164.98007821751236,163.30799864143145,134.90494664941912,144.71095448066978
3359,111.96666666666667,171.41828183672231,161.54225829871183,171.80751059345164,173.24111763343421,164.5297304375457,164.6447356930776,135.66059192830724,145.69944707908002
3360,112.0,171.38843779067017,163.9046401701004,171.94537026260684,174.07322368438093,163.71594592312724,165.33242080949213,136.41090769838013,146.07770697908862
3361,112.03333333333333,170.9236236249177,162.7850312577287,170.7097711676345,171.58333280569184,164.25464959393355,165.84356418061668,136.23984797623197,145.9095971402187
3362,112.06666666666666,170.9357130690415,162.7703385669475,171.8578055220045,171.8100725442263,163.48564892866975,165.5813308207084,136.3993148308438,145.7668494929571
3363,112.1,170.8720511118854,162.56146519497335,172.3869633483579,172.9239664622967,163.5567882885537,165.86330051703038,136.2734865482728,145.66278760488842
3364,112.13333333333334,170.74122883250556,162.54127243052085,172.827279890778,173.1513533823797,163.8084132161328,165.89254688179426,136.35067817436996,145.90212587285785
3365,112.16666666666667,170.8592839560553,162.52303889769033,172.92361921462276,173.22693933391514,163.46201361878443,165.38996651089516,136.07308389583406,145.72610840701026
3366,112.2,171.0849527050501,162.83738828700533,172.268307921504,172.72733193479746,162.7132360365479,164.903698471042,135.84661963674435,145.43660208369533
3367,112.23333333333333,171.35989763034627,162.30619160718075,172.66266277753942,173.70826563322078,163.38135004459403,165.66003264950876,136.4907093947174,146.03079281520723
3368,112.26666666666667,171.692322755364,162.61571577888515,173.5730969638367,174.01817823102712,162.94076284036035,165.8340400417437,136.58074659504337,146.0990896965142
3369,112.3,171.14428147997876,158.62383398133386,172.14678392092637,170.27899484892245,165.46245769173868,165.10880558248203,135.66372711244097,145.56511033529807
3370,112.33333333333333,171.06884879373666,157.4279643103782,170.88918037616008,167.9959241910197,164.71584995222457,165.580502736636,135.73685447356056,145.72476948382683
3371,112.36666666666666,170.85556434084674,157.2317629893444,171.29158245743452,168.5993233823105,164.1999070480711,163.81759686800208,135.03670054284953,144.55278066644388
3372,112.4,170.5601931016086,157.16244677165588,171.65652577911317,168.2387070354799,163.67620414684083,163.9946291462862,134.64643432904072,144.59592456725053
3373,112.43333333333334,169.71672523234233,157.96428707234534,170.93991180907423,167.9535046639786,162.53321730715643,163.71062056526998,134.26782183090862,144.64768737606232
3374,112.46666666666667,169.61165265871546,157.9779654056729,169.68432653232853,167.6823702747119,162.93171714380895,163.8866054046345,133.63369617161322,144.64904263921605
3375,112.5,169.8809944680392,159.43964550412556,167.25802962586414,166.61097495053414,163.37951746186408,164.52246445419232,133.7510895696634,144.9449537968115
3376,112.53333333333333,169.16823212832193,158.59199708774122,166.04839982976662,165.52703222926178,163.70018085259326,164.73849755998492,133.87475273995472,144.8976363293614
3377,112.56666666666666,168.95117213830355,158.56348433066074,164.09472965820652,163.3853689820769,164.3679052023869,165.91456223484073,134.7017040192818,145.25572155437578
3378,112.6,168.46107293227274,158.8445871566666,161.8679846911163,163.7788242628407,166.25392166673663,165.80244376776722,134.71918690241327,145.39441665530194
3379,112.63333333333334,167.4787868771818,155.4788163362493,161.4686758386703,160.25372758017886,166.06723069182107,165.4259984258835,136.83346771281632,145.23163622566986
3380,112.66666666666667,165.10925861518362,152.08330134233915,154.8420038193987,156.79139438156753,169.96475556333783,165.15391760345616,137.74081607349,146.36194197762558
3381,112.7,162.7811780098967,147.2058491903181,154.21141052584977,154.47442260354234,172.23864488782084,165.03133156295308,141.6001395342879,146.99202222596486
3382,112.73333333333333,161.13555172433382,146.14427676512537,149.43725964769905,152.60116735570026,173.75121611120963,165.1773075318415,141.67376869445317,147.5549262518418
3383,112.76666666666667,156.816833453539,142.78151663855058,147.50138221537745,150.00347898164296,176.70705859118206,165.62952346222386,142.74632983029213,148.28358610054505
3384,112.8,152.50840050515498,141.91034433628613,148.39831710433808,147.1420230463276,175.9326131143807,163.22078558776246,140.57177757822487,147.40931518808037
3385,112.83333333333333,150.72087756612234,147.734907715441,141.9404691177466,139.43919240886703,176.9836380200255,163.95057931159985,141.7900438965694,148.6315306146337
3386,112.86666666666666,148.91783377701972,148.88351697021722,135.8319033044107,135.57536783024472,176.85541831366,163.9232321619425,142.12818419292256,147.61834717221504
3387,112.9,144.78455059787984,145.6210473894363,134.39354684518165,132.24526989563478,172.88332782249287,166.3540464171092,147.07171751911144,150.42372662210872
3388,112.93333333333334,137.90788873257463,145.23585762570977,135.1068130384176,125.9178829842442,171.2075756485966,168.08994069783134,148.60446582434264,151.45937898251066
3389,112.96666666666667,140.63326456691735,148.05909087436723,122.31238700296906,121.83245908917976,171.33302984229604,166.03458109612916,149.83835468781967,148.11667276183462
3390,113.0,138.0013093028996,149.7917476747335,119.25827047136796,118.8585325188565,172.71603760523644,165.60686574658726,147.83316832114403,147.11126801633657
3391,113.03333333333333,146.15702095268486,142.61966646424736,109.51617475506157,113.79167969447583,176.88347724276784,167.31673786830552,142.6445247989474,146.00595569968755
3392,113.06666666666666,148.1295332695791,142.95607333555338,104.97931005584972,110.19810149608895,176.0498967134524,168.2004514858386,139.85728489702075,144.72348740047482
3393,113.1,143.9397702412741,143.19027164681916,102.50604363283087,109.18427617147907,176.55037473613172,167.8439578285159,140.0460126950375,144.34928178074458
3394,113.13333333333334,140.94096099391217,140.89547926903845,102.14250403279951,108.03365179527572,175.9055817225402,165.88252196758827,139.016584738701,141.2844541910105
3395,113.16666666666667,141.20653305574922,136.62425415721728,102.46876728315618,107.20530275188923,174.59422273536612,165.14788746739055,140.0095391638503,140.84678964566908
3396,113.2,138.73856028625414,133.53018718901106,100.91149428110171,104.51071172615688,174.67681668167296,166.6245882710403,141.2464653089555,140.80153211582248
3397,113.23333333333333,137.08901968963298,131.58843651620174,98.80806374570442,104.0732988986335,175.26599484894845,167.21775282600188,141.48444666189047,141.72415150725595
3398,113.26666666666667,136.0330409627835,132.65783892978348,96.87601978454919,104.1189039379142,174.09615077034942,166.2728899587099,141.54378207284765,140.62751119021274
3399,113.3,136.14353269805608,131.46045140912642,94.8388097338866,102.49062358405094,174.19754506406224,166.79920548349568,141.3558542787619,141.25603531607146
3400,113.33333333333333,134.25731695523407,132.82212872673102,91.34160541101426,100.5628578390395,174.64003030911013,167.84111741896416,142.7693875742283,142.31064098169233
3401,113.36666666666666,135.3581726851481,133.88085983969668,89.0489824288103,97.67948125217305,175.13132986171928,168.09039734470005,144.51731822831522,142.99301550153098
3402,113.4,135.9679818822908,132.24283018373924,86.5342138973862,95.7426236586287,176.05798492471158,168.85122845077487,145.19229550864674,143.80631832617354
3403,113.43333333333334,135.54486238917517,132.24665935649153,81.18330681224899,92.78747905054422,176.85392006750058,169.62652888937532,145.9235835777695,143.1163882219564
3404,113.46666666666667,127.93935373511202,130.880595403528,74.81446780722472,92.19886611970634,176.78928913430153,168.81968765940587,144.98563924914174,143.1437030059802
3405,113.5,126.83109644542914,129.60167747329984,72.40224279272631,90.20472097573683,176.81968913241494,169.48647334952273,144.18408397126498,142.92413581035626
3406,113.53333333333333,125.19165618478132,126.41198829400236,70.09932569887691,90.88958884245177,176.63252446018092,168.14556442745274,143.9803150169703,141.03544137729872
3407,113.56666666666666,120.7125242256098,126.74949251273142,64.11751850958022,90.82612137381234,176.67931673975056,168.41778687102308,143.23766184868256,139.68042059377404
3408,113.6,116.28193711682505,127.2245574409232,58.97470895106999,89.28908844753892,176.60810058643096,168.2383855216799,143.5030704327541,139.90582956034743
3409,113.63333333333334,115.58337886404128,126.62824017091589,55.708514466391954,87.4941884785037,176.56821381674717,167.671697337247,143.39145779437808,139.52179344490298
3410,113.66666666666667,131.68497680938867,130.15811065255613,19.604232993354618,87.95551478311474,174.6012480265331,166.73414791597412,143.10270185059125,139.73713717614876
3411,113.7,124.61195521345608,131.52167259271226,20.93301353994125,89.28736488436513,172.3077909438421,164.46392662360418,142.08432568109814,140.36758621526363
3412,113.73333333333333,114.4762599369143,129.50127791269267,23.11421440513572,87.99586740395391,174.789880209392,164.71282816290068,142.1592869649007,140.66549598661933
3413,113.76666666666667,125.96218888025568,130.6015085555557,18.030709031413508,89.34138083222375,172.12419128208847,163.6115419746804,142.1601676373501,140.53005601558124
3414,113.8,125.639365511008,129.60256175200232,16.62154507203727,89.1419086508167,170.85073188905798,162.63027287055345,141.60628978127588,140.36968599666199
3415,113.83333333333333,122.54468330336286,129.98144456715445,16.371351565552157,85.20155267993619,171.7824449235029,164.60238059831534,141.9616668789098,140.09475347931826
3416,113.86666666666666,115.57884353874552,129.0422885070985,16.690431214252108,81.24049190790691,173.32407626556918,166.4304989906433,141.92202041151782,140.024526553532
3417,113.9,113.95797670235036,127.83189361474844,47.75466857009973,76.7152908178986,174.70747401741735,168.20573427357016,141.64238566888935,139.1473789157657
3418,113.93333333333334,114.48798897270704,127.79319698146287,49.1671076091228,73.545561994409,175.22199933657478,169.030507430542,142.32221634091874,138.972461773529
3419,113.96666666666667,121.03703504105242,126.88768272071613,49.88395396389785,69.64317268791976,175.33216982881854,171.20638651302505,142.71513314834579,139.09910546497804
3420,114.0,120.70538221621338,125.22640632931044,46.8054833832872,64.37591940176796,173.4886571970371,172.68037588663975,142.3787826357,139.86715545822994
3421,114.03333333333333,123.95389595636685,125.66524888247055,44.21274943582795,59.727217373813225,172.0819000688814,174.06265489491415,142.86277254871422,141.6644930704023
3422,114.06666666666666,124.0682353042078,125.09999675019378,41.60769739171339,57.46617353715541,170.0750414646328,174.2531032362984,143.85150195815064,142.15764185183647
3423,114.1,123.08735574268937,123.85037368805101,36.658486180384195,52.03418429309017,168.66064636150415,173.71706141499243,144.15362335989843,142.55781841288925
3424,114.13333333333334,120.75854232946583,124.57408514411696,33.84316033650234,53.97903865464519,167.92192131444324,174.50131262111083,143.7994085064308,142.44919191851255
3425,114.16666666666667,117.01307654579821,122.66520491616836,29.668257370708805,50.547853140348245,166.8968239775944,174.41035814932317,144.17133071048303,143.35053329755496
3426,114.2,116.4676631539317,121.14440049683228,29.497877751750504,49.55979340301404,167.12474436063823,174.34772214037565,143.71836218710928,142.50012269828892
3427,114.23333333333333,116.48945242830052,119.75540418494913,29.532202983101048,47.66625074732146,167.3442223489008,174.07251169141728,144.36425060538906,142.513918666647
3428,114.26666666666667,116.36365313817866,119.28041073842928,28.7644333775304,45.99948140126906,166.7405364471354,173.59455605194933,145.0433086000816,143.85065648038446
3429,114.3,115.28771726582792,119.22267526672844,26.932663113849408,43.719564210334944,166.2475751203212,171.89487114700034,144.78958304385714,145.60505892093303
3430,114.33333333333333,114.99078414236979,119.76347357610241,26.077507353041035,45.31416746254615,166.0130060476773,172.4200946513963,144.62702627921755,145.06962578532963
3431,114.36666666666666,116.22219310922772,120.24913238364475,26.225432799099167,43.52609877870618,165.47995534874423,171.0127983353758,144.89864543270667,145.3621877414782
3432,114.4,116.70948101959453,120.26523669248466,25.821361288700388,43.38920753753249,165.37691292063425,171.0653056937142,144.61414589215397,145.0300591103294
3433,114.43333333333334,116.43033272104302,120.09395194866767,25.121435654591586,42.1454936636262,165.7217874069069,170.2862074773946,144.07880113091701,144.98297169343456
3434,114.46666666666667,116.56541986659415,120.76215747665739,25.169049705613304,42.54657291223533,165.5680512388519,170.4142751477903,144.23601208835018,145.10314448709522
3435,114.5,113.99882248075127,121.04940854403652,23.807193468839042,42.6065450783722,166.14900901172228,170.6280280673255,143.4995390560703,144.85410606142108
3436,114.53333333333333,112.33033136979728,120.75533311951426,23.041145385487972,42.97730170151049,166.58275593700796,171.14455648321274,142.91566542825373,144.67209441730392
3437,114.56666666666666,111.59363884443664,121.00110126806888,23.127134270759957,43.64862869986087,167.4884889571122,171.63080798711982,142.32338951052552,144.46188241950202
3438,114.6,113.28620554860885,121.51904228976845,24.54975183675763,43.38430746707833,167.5271623320892,171.49378299181905,142.76156240925005,144.5450831680734
3439,114.63333333333334,113.57162422700185,121.58533086848422,25.52335503179526,43.71262313398681,168.43531983824008,171.6181434628663,142.41418582341674,144.79111278136938
3440,114.66666666666667,113.13081701598271,121.51772127444357,25.211649261170585,43.973868502554566,168.35462007460384,171.94755834582702,142.56911062926025,144.63195905627543
3441,114.7,113.53370314669255,123.01479612302262,25.31334669201394,45.231405285113155,166.26891140021823,171.69830876587787,144.92601117331645,144.94216440264424
3442,114.73333333333333,113.56032856071981,123.62181316670774,26.01865419140193,46.05922872386005,166.89700928495031,172.11537245949296,144.57365665484377,144.6551216801846
3443,114.76666666666667,113.34843586357786,123.1389658587743,24.953497439859675,44.365471373127214,166.09664565829314,170.92541892885134,144.83863244866748,144.62641849575533
3444,114.8,112.45788122690018,122.24595919987888,24.925950761477925,44.5134839589716,166.82506600782796,171.58966593480795,144.11551441396375,144.88859882952616
3445,114.83333333333333,109.92900338123911,121.67316696348367,22.16546939864615,44.10730943719131,166.28816054508528,171.6464598464311,144.3325833203316,145.08170567069803
3446,114.86666666666666,109.77780239776689,121.6539740725148,21.244102641244083,44.23066354651197,166.16878878827202,171.92330012241578,143.70934158407948,144.6645370726493
3447,114.9,110.41103351696198,121.66791003701445,21.779700417232135,44.27880236603188,166.6397332095655,172.5948538087921,143.19184604463743,143.95502992400642
3448,114.93333333333334,110.45970441210048,121.45775804017686,21.53132640011154,43.93959284770552,167.12436271159245,172.5366466150987,141.81182813525282,143.52696420057842
3449,114.96666666666667,111.47569590177979,121.18535266603133,22.158487979447685,43.72415724694917,167.22649570247987,172.46112045744334,141.60858294783873,143.5019776156551
3450,115.0,111.75212402183695,121.03954285909685,24.527425298540333,44.93207032682186,169.069974825829,173.56750658652376,140.7302716447545,142.21062139528917
3451,115.03333333333333,112.49290155059363,121.60118136287593,28.703933040726152,47.97571684420055,171.5408408153432,175.01204236040087,140.12685644050305,141.8701896274455
3452,115.06666666666666,111.99203131531917,124.14095952917299,30.75531234934606,57.105999088971046,171.6675370258834,174.11975888606122,139.359078647842,140.91580760281286
3453,115.1,100.6310477798,125.39603917812444,27.705278515248093,62.70692320297907,174.85366933884976,171.0512245250382,137.41475195737436,138.4538260732133
3454,115.13333333333334,115.12621182094291,125.95537725968885,43.02131791910824,66.30408044892422,174.63888300301636,172.48082296907288,138.03692293653964,138.99077879791653
3455,115.16666666666667,117.51306196140445,123.88293847015653,46.58197447717408,62.163028788002,174.7075687536806,173.70574790461208,139.09303716957982,138.50696210595513
3456,115.2,113.8426785454036,129.0498510474031,22.475881247476345,76.18672057007977,171.80076751703143,165.40759050237878,137.94229835474272,139.46901378561026
3457,115.23333333333333,125.6706971002856,128.31786522136568,33.884064882914295,76.95055968683498,172.45595088185038,165.53757066130547,138.58726275235736,138.65076820864542
3458,115.26666666666667,130.49522978592992,128.21316162216073,22.07157860025547,81.44611264128328,165.57747319544544,162.1621645443609,135.7463959668649,138.6853794522349
3459,115.3,121.02237518083162,127.05723084562081,56.43839307374679,77.91047902019662,169.55262442045446,165.40321146816513,137.07875213700353,136.884058231088
3460,115.33333333333333,118.62086028104815,127.14709277843295,60.40408481664077,80.90750680252958,169.03194367652898,164.41942610952904,137.61433232303756,136.42197686405675
3461,115.36666666666666,118.73639273527236,127.92895147475703,65.04989179508541,81.07923108038547,169.30867794329646,164.48515351901892,137.8367700734181,136.26421156662647
3462,115.4,131.72362288562263,130.95350043444947,78.62022265155056,82.948794777852,171.19507760624208,165.29493043873907,138.6687576519797,136.7229749204821
3463,115.43333333333334,136.90159543607456,131.30465048128104,89.70911843115876,87.66523561602665,171.8261877164007,165.95704468274903,141.01497425945837,138.97840920672743
3464,115.46666666666667,140.30743700432612,133.1614600748704,97.72420395645155,92.16079649029656,170.7020196235751,165.18560551801815,140.76202780614364,139.57510360579838
3465,115.5,141.07703345724556,133.62567221524245,102.63382616848378,98.37657940067238,171.08319863733382,164.31752040855727,141.40654967877447,140.20302130158427
3466,115.53333333333333,138.76734069565984,135.5295185901406,105.56384253290398,99.75469663498689,170.85443049377224,166.08154162003729,139.29548666081308,140.52520173308582
3467,115.56666666666666,134.48674307541899,128.93485522346327,113.38521170220095,104.93380088313872,168.97822171403857,165.95558727319045,135.50570308412966,140.64718489975124
3468,115.6,128.2095706334957,121.00125255074833,118.39772599911983,108.36868174110896,170.97767528972835,166.58484833057082,139.69182380752795,142.97614479400954
3469,115.63333333333334,132.72819283864342,121.14466208551077,124.94954887706537,113.56823173135302,170.59964760935637,163.60427111255046,139.29529772185688,142.37125545488652
3470,115.66666666666667,123.34026587315037,116.09939541787652,132.90059196160743,120.93714362618591,171.30866361601008,164.37855057024248,140.08738404924566,142.18834882930824
3471,115.7,128.41108569990766,121.58260085677836,138.40997229111,123.90429581669315,170.61672434603943,165.18338872150574,140.5028816526662,143.77980062017295
3472,115.73333333333333,132.75533116087598,131.48970693207727,141.1381029422887,129.14304074196284,171.47580387174108,165.6871148530015,140.52783853992625,143.31018868394773
3473,115.76666666666667,141.3932833902055,136.40156073629916,143.63008050480963,131.7406915831916,172.41376183693635,167.96593964022364,140.67587529309714,142.2220529352764
3474,115.8,148.70329903601154,140.6832151802373,144.84754736139138,136.29352989330943,172.38473401960928,168.50906339064548,140.1946054065161,141.97269299683504
3475,115.83333333333333,155.0077200838062,144.7557284551713,146.3403045004734,138.1282247124445,174.05637027349715,169.62745331403266,140.31873190705997,143.11624875468448
3476,115.86666666666666,158.5435518040233,148.23211020721328,152.984079570814,143.3183520752481,173.3531235012896,168.9442104432243,140.7898533897755,143.47248918724895
3477,115.9,164.81524144583008,151.43901490322352,157.89434561454624,148.1556400500235,170.09075370537292,167.9936971210208,139.38961566242432,143.61616608730506
3478,115.93333333333334,168.45079486658864,159.08263448248707,162.13277242145833,159.01182299233554,163.806082352112,164.14869418158543,139.22409288062246,141.74174778526464
3479,115.96666666666667,169.482321323202,161.9330969366134,165.44132806176523,162.0916756116452,162.45126162313989,164.88688841528216,139.97601020423235,142.62940430965241
3480,116.0,168.30538176728803,164.30292071518468,169.51686105185135,165.98948346858157,159.25479414812213,161.20845039711955,139.8869035518841,143.42244175299328
3481,116.03333333333333,164.93632593763758,166.0321266250463,170.51308663974095,167.32927026998863,162.756168847419,160.20403179928064,141.1873587573179,143.19687433242063
3482,116.06666666666666,165.31825286721136,167.29979297442688,171.8870430972107,167.97961947405724,160.84382740578653,159.38515017231077,139.9399868902512,143.9697422437482
3483,116.1,165.74808448277477,168.09733325577898,172.93060614059132,168.27404426727637,157.62009914573193,156.86504796176868,139.2989161679186,142.0485198650354
3484,116.13333333333334,166.22971679530662,168.26658200075784,172.47562812488172,171.6748269983581,161.79077767926893,160.82171267810148,140.2020004834984,144.48789550304753
3485,116.16666666666667,169.02060043652747,168.56336226921962,172.6213568505208,170.5281188131359,160.61697238026693,161.55700558220815,139.44425954658743,143.8704637327676
3486,116.2,167.91636803815894,169.14336770409628,172.90604232382046,170.68435238396037,161.78880934451203,161.86297102867186,139.90480750936825,144.21017847025195
3487,116.23333333333333,167.7316681254595,169.64290061314014,172.45566394573729,170.47044373734624,162.13506939948962,161.59014216433482,139.64208318673084,144.29804263693748
3488,116.26666666666667,167.62318564665796,168.59111005857446,172.35731042738368,170.50659780414338,162.85215713916665,163.47853583538995,140.07858820434458,144.56017205609663
3489,116.3,168.04084257174054,168.55175396673724,172.00397331600772,169.47792347992595,163.45901459092445,164.8792120792784,140.0745182851111,145.6973481842192
3490,116.33333333333333,169.69584363663293,167.8263365148754,172.29889440727808,169.42199964414007,162.17607931205444,164.23064235679388,138.66441417418739,145.40041688296367
3491,116.36666666666666,170.8085104725464,167.31822714199862,171.71924899782036,167.64324171576664,160.77922810061472,163.8701302150758,137.31039336619608,145.40507143198045
3492,116.4,170.67036239732215,166.47391323159724,171.16134223362724,166.52147557312003,161.45492452303543,164.31569293305822,137.54007775214916,145.70571460399236
3493,116.43333333333334,171.7014578145069,163.88453365297454,167.7389444138498,162.01867717014414,161.24983542512513,165.78987398317096,136.93186749862616,145.35109601761155
3494,116.46666666666667,171.85195412832724,160.99433196795013,164.33176921462046,155.71913867015243,162.0711413683796,163.47473456713192,136.88069801377844,143.8672883422584
3495,116.5,168.18778461900195,158.42410551834436,162.0741838112381,153.9796181411098,168.29467817037713,165.18620700254033,139.5691009692015,145.60038753576762
3496,116.53333333333333,162.92879528320626,156.5114066086383,162.22693177492215,154.6536005333012,169.10797687878352,165.16081950065296,140.12279687673302,146.337299402431
3497,116.56666666666666,162.17428800496182,151.85786073396164,158.90374657365544,151.61691557632275,169.0641559710536,166.234021783871,138.5430239881411,145.45957434958828
3498,116.6,158.07147278355828,150.59114564575756,155.61254270296516,146.8731676319209,169.87966508470757,164.242509229135,138.57666175857784,144.9307081329468
3499,116.63333333333334,155.04072437243966,149.08353863583142,150.68187081527682,136.01021608237394,170.58894142393197,163.68075377470825,137.77739312942506,145.26364569349352
3500,116.66666666666667,152.76763096214594,147.79945650527503,142.54067306904255,129.2145567095284,169.78013913808593,164.66540263573,140.05733089008712,144.24485959958128
3501,116.7,150.30735337378073,139.69440948940797,130.2818447091063,121.68074787181858,168.6831306271427,162.1177994758703,137.63152630303824,140.95902952166705
3502,116.73333333333333,140.36435236659284,135.86751505135513,129.77542854976522,116.83800434637838,172.48676576519824,163.35229943142022,140.77292758521727,141.99819247952146
3503,116.76666666666667,121.91231736726361,136.1281367422648,112.52037094080323,115.25937971731234,174.49504663844974,162.70304475467037,142.958817840191,141.4698495390746
3504,116.8,117.7350307595187,138.98396021437833,96.63934640210731,107.35088759407246,176.0506713817539,163.41042063277985,145.48616751639608,143.46537990023612
3505,116.83333333333333,130.52806338589824,138.27410542033078,86.17410880617783,97.93886692061504,175.92924499288208,168.34189913093252,144.46712885629378,144.11189990500552
3506,116.86666666666666,137.08115718510336,140.48919641892164,81.71591003881561,93.47343165193095,174.52728978663012,170.06244218709554,146.5624481536694,146.37952261756854
3507,116.9,131.46698916442097,144.71112629836622,76.38671490211964,92.01861076600296,175.0737310394503,170.18201102584257,148.7620041756906,151.48115423081862
3508,116.93333333333334,123.33869902387572,145.10429218696424,62.96004146043988,88.482650787373,175.81480490770284,169.4465637450191,149.26131344806385,152.4967575384744
3509,116.96666666666667,100.46721720389608,143.44157398085756,46.76788772701772,90.4777902025748,172.64792481987428,163.6835990263174,153.1182669878756,156.97869546068074
3510,117.0,90.22676798146138,130.5587830336509,38.068158945294265,74.80086251892513,165.87211017688898,158.44135271198274,153.8940152392858,157.25796817196164
3511,117.03333333333333,97.32074733198637,101.7746995853283,36.26855405870571,41.65668680049436,166.4941555743973,158.37063953297076,150.09913404232302,152.41722241556465
3512,117.06666666666666,90.55941235912118,104.02052912307903,28.05241330444696,35.46050399914791,159.11403267193617,149.31307473346803,148.41141094722047,146.71540749254055
3513,117.1,104.67048339509658,85.67543064610142,25.445746565629605,26.497131234439532,150.10557083645716,128.9270693040971,147.25222838048109,135.78016442752252
3514,117.13333333333334,106.11938505799014,110.87832467784656,24.227199713823033,31.594355180581267,148.76996428669085,128.538244248371,146.6644097471951,137.0349085875592
3515,117.16666666666667,112.98244492828032,123.85114288892515,22.310204080410543,31.923935888807733,149.5369187346668,126.81389995971183,144.70519150052834,134.8193690838235
3516,117.2,111.75390217170936,124.04250431899806,18.743827017115322,29.948871711160752,143.30503924230584,126.00911521557137,140.4668959074712,135.65400014926067
3517,117.23333333333333,106.84858397176828,129.4857056932002,13.437729555416666,27.605051430745643,144.17807340932305,127.50697969168611,141.70867251115513,137.55996234832955
3518,117.26666666666667,102.01298497966704,125.98176554779526,12.130024158067755,26.566988943271088,144.65994375701808,121.9098652044199,144.53170964322942,133.85244350569297
3519,117.3,104.06060430067959,130.9406825042351,10.973529403910396,27.763170521243516,147.953119066773,120.74872967874275,142.938795985776,131.72051501913057
3520,117.33333333333333,102.72760434586189,138.55569906444845,9.049183894986317,27.93181773099289,150.17835716804998,124.00472159005133,144.0333979103807,134.63187674548655
3521,117.36666666666666,103.83613834955705,139.063276884306,8.86391552267333,27.55575830044574,149.99685713375163,126.13520336674023,146.3035121868581,139.56760634098785
3522,117.4,100.56627183165959,141.23756520316385,12.77624987344915,23.54377728130703,155.12130772675013,125.5505498111629,146.5874629073844,141.54451557463548
3523,117.43333333333334,99.4827230889956,150.5932890047019,21.205244270491633,24.34585056771842,164.18601406807764,135.74259035173216,150.06202011919999,145.4778175978061
3524,117.46666666666667,102.06034006903678,152.18436332373597,17.433564536769712,23.373164314421125,165.0891106238075,137.38786592853623,155.64183468522515,145.86707108655656
3525,117.5,102.79742186045658,152.591671953666,14.64786858719962,25.75402649776005,165.8243560018145,138.42305844671955,155.85853156946493,147.07640247895418
3526,117.53333333333333,103.5200734902716,155.31452460864443,12.08936725477047,24.99291791750567,165.66067160519313,141.41111183952808,156.8295070199524,148.07277306503303
3527,117.56666666666666,102.2686030934832,157.1403229842898,13.934524239835554,23.43555062889661,164.1286317360866,142.22744703830398,154.86478455049635,148.5805851430587
3528,117.6,103.39736171562524,160.1714142576024,19.01840235659957,24.019497570880713,166.83334751053553,143.26299959670493,156.96892728240223,150.8602476234104
3529,117.63333333333334,104.82877281106676,163.2658136372835,17.16249074675348,24.978339748287294,162.20802424494272,143.0427284215791,154.56969746873173,152.94247117649516
3530,117.66666666666667,105.45532480523437,166.3561819400463,13.31963146294055,32.0654762405562,161.92482303460744,135.67101947171852,155.40521056632863,145.03869448039515
3531,117.7,110.86757582795167,164.02361160208437,7.921172677314525,30.21647000349773,152.76806151910787,133.92272721751314,148.31485811423408,146.97110494891305
3532,117.73333333333333,110.00006168049482,166.8752866675762,10.08945603511451,29.424911828917605,145.21327255225648,139.20725017046183,143.57823627921505,151.0692008087327
3533,117.76666666666667,111.0178013420006,166.42129950708394,11.401091186725141,25.81390546597577,149.915919401861,149.3590330025447,136.95367797022573,153.09485293553075
3534,117.8,108.98092229268978,166.95005575824658,14.989073358270858,23.594974455493603,155.30054710450005,153.95557600140327,140.0443801477073,155.58965327782306
3535,117.83333333333333,101.62428446769812,165.82623338069445,25.00362593284253,22.26403640058428,159.1219277107232,156.0178694108129,140.23552913642126,157.16240963991248
3536,117.86666666666666,98.72145408172227,167.18171757592484,25.93858490704138,21.32076868742281,161.835814145615,154.79005831741654,144.00208600772478,155.8216684432088
3537,117.9,74.49071993717158,167.18931823279237,19.33360786822954,18.78929033437528,172.64103265772147,157.3799349073794,153.11048969832822,154.71120793898223
3538,117.93333333333334,94.64965167648522,161.9003073604005,25.27821785410843,17.70835241205168,172.88982957645104,155.6483370016106,153.0912758793511,153.31196710209045
3539,117.96666666666667,102.29165062606869,160.68106926974366,22.577637193673688,23.6106878428444,177.7364304759497,146.34232372264418,159.48596734744362,147.68288711543482
3540,118.0,100.75632901820326,161.4702491515479,18.129584877082166,25.086681477035913,176.26544328477263,146.59015745534862,160.5226712383697,147.1113153093759
3541,118.03333333333333,101.0800968895129,159.76745190804402,17.374058804687945,24.804296211163013,170.70834873922968,147.8488866072777,160.88427328320563,145.0892204772516
3542,118.06666666666666,100.85646913374214,158.0732470146249,15.912043291132981,24.447383342116176,168.67706520464154,148.2557042112047,158.9663033638554,141.6959730990664
3543,118.1,99.77327539278518,162.478023027906,19.381934921907085,25.396341210452118,165.51011610651634,150.9616939930661,162.4846303074825,142.29835967809086
3544,118.13333333333334,99.81110591035761,162.1745469429227,22.51477444957391,27.91480337018582,158.99099072796955,150.32205019115844,166.0595606245295,142.50778021529626
3545,118.16666666666667,99.73042937150859,161.36482222755765,22.090935574616548,28.548600629897653,159.59092625282182,150.31072586815102,166.9440354772451,145.05259234194713
3546,118.2,98.89157545549911,167.9182035862525,25.21753060791739,30.206254370114298,157.84275094637997,152.18388063642473,165.86315145696747,146.6811919469044
3547,118.23333333333333,95.480044158623,166.12913988639792,30.876589017204694,30.13495939217618,156.8188952392956,152.95045846583866,165.11337998349754,149.38841241141196
3548,118.26666666666667,94.59436570571769,159.88936581734927,34.59449765289994,23.660981472882995,156.7515859628015,153.88042504058282,167.78844425089002,154.4388467658327
3549,118.3,94.11889936068977,156.75186999537775,40.11691342472805,20.98561343186068,161.3964802278889,154.59460360302145,166.4510200256801,157.5362878068297
3550,118.33333333333333,95.89387504539899,159.85915684798346,45.62575884660451,18.589670964332385,163.77712280042405,158.3896715252876,164.80694725412468,157.41714925712873
3551,118.36666666666666,93.67675743718968,160.99667089294508,53.00394141320859,21.700968739791755,161.1630871694697,160.67666619086393,164.86318036812207,158.49380420185264
3552,118.4,92.69961394084471,148.6059905711889,57.09688005468876,27.832605055949763,164.2511131941502,161.4576738736751,164.75144392224027,162.26809760340177
3553,118.43333333333334,93.30227982641688,156.14314871637418,64.94932649482277,39.365611433771384,161.86248970860723,164.56352567600482,168.97746194158202,165.4155544901015
3554,118.46666666666667,105.76244539609573,156.89562267276483,71.96267123292655,50.45153199799892,159.0480821239445,161.86251186834733,168.72088042963915,164.66205351727106
3555,118.5,124.43457616150994,165.73378355032955,81.36869486307491,64.18604356106576,157.00728901109738,162.52406742853478,173.11127598425546,168.47031246965204
3556,118.53333333333333,111.34010701549462,164.36267226932412,80.96470387573686,69.90560232191919,160.0089732443176,150.09227542649145,167.8185528494343,159.3654017852139
3557,118.56666666666666,152.75443708804525,168.7933396372909,85.38654825495342,79.37430185294559,160.87795246986713,152.98601299014928,168.19852525184902,161.0265340320193
3558,118.6,153.39550632924627,166.00455280641313,86.7143901687533,82.45749881535804,157.85951393603295,153.54786744591692,173.5982473446979,156.46247546129288
3559,118.63333333333334,154.63230625804317,169.6920642419514,85.2671775527406,87.59995385404734,159.16880123438122,153.90547175789507,176.61238229744313,156.149720762773
3560,118.66666666666667,149.87096140802524,172.42505099197052,80.43221180177571,98.75209259202273,159.94741858923263,154.32041633826347,173.47729514468938,160.49744096272204
3561,118.7,145.99002478322643,171.05791964708504,82.99487321059432,98.80919767989211,151.6486307738063,158.08599567232335,173.62670783248578,163.0349682227936
3562,118.73333333333333,167.37755744198446,172.59034761899412,81.16084209408237,105.54160231501479,149.9642817763403,157.80568278458418,174.79974881067204,162.37114131176511
3563,118.76666666666667,174.27236171825658,171.9491578521152,81.01338983666714,107.01643302553548,153.56178315580374,155.2985620081642,174.9417309554502,163.39452591014725
3564,118.8,,171.2767539877877,,109.30372254086643,153.13049008158396,157.85565631845546,174.9860466199469,165.3956669758234
3565,118.83333333333333,,170.49412423727924,,108.71629961492236,155.25980620813493,158.4909352192401,174.9294043953793,166.72607248951658
3566,118.86666666666666,,171.4566121725993,,108.01950971733822,155.1870165815619,159.25690279281116,174.81452413646488,165.84648745162264
3567,118.9,,171.72868009157318,,109.35774147882121,152.28007566617205,160.90837604757672,175.53655925387642,166.1834956545057
3568,118.93333333333334,,172.43117142521123,,110.70613656206139,149.3451490258267,160.61901918661428,176.13361419738138,165.3403335640355
3569,118.96666666666667,,172.73872317458367,,110.2954168202568,146.87246092356884,157.8844291436062,176.7502218369776,162.3194944761648
3570,119.0,,172.1008472924645,,109.78813597095224,143.72883567198102,156.13618010031925,176.48308403988898,164.41266937879374
3571,119.03333333333333,,172.1017414697286,,109.74589130146006,145.5759690556342,159.47418873134527,176.64240931168442,167.9058136212375
3572,119.06666666666666,,171.30766654690035,,106.94634456076498,145.4272935787139,160.67776075810283,176.5377674988834,165.698807550149
3573,119.1,,171.86397395163362,,105.54395389192914,145.7663747874904,160.85342520553462,176.46774929495862,164.46838512170572
3574,119.13333333333334,,172.45726357607498,,104.12722626660886,147.60120695419585,161.58999693950653,176.71704999972445,164.0536896626836
3575,119.16666666666667,157.9711700417607,171.83808117390657,94.59040320962092,104.58062659301105,151.23630926900185,158.68597451299027,175.85081343798075,162.66295556359458
3576,119.2,173.82259971741644,171.7154472327648,94.29645670237456,103.69068245916094,151.42972417937446,160.77816024386075,175.05027209385574,163.40647321837372
3577,119.23333333333333,74.49454233593332,171.45336172431328,94.0572765320198,100.88636065494468,154.41050287006945,153.87651204933712,174.1577343026452,157.72863869087416
3578,119.26666666666667,159.30027006256532,171.46256754700497,90.8513521895678,100.54674008638611,159.7145734413854,158.42139614944992,174.18645918408848,163.7398792445765
3579,119.3,170.32522538724135,171.77010213242565,90.22914778290995,103.21913857369587,159.99443117591062,161.07184112100987,175.86516653420898,169.32330224186515
3580,119.33333333333333,171.68528926826673,172.33317326251867,89.93730201221359,103.81808021733012,159.2905633056762,163.4294369324092,175.91433162489477,170.3378085870145
3581,119.36666666666666,144.08767107946025,171.79347709303187,89.4829299088006,102.4798360222748,161.3381023151988,164.41867225776912,175.4849422481301,169.4855693034873
3582,119.4,57.17577749214214,171.19071756331275,88.91090013681061,100.4811220113088,163.39076300901806,168.07316683932152,174.47032860771404,169.2778833433128
3583,119.43333333333334,104.85271135250451,170.63854900989506,89.84388281718884,99.03466491846018,161.3814811253476,167.9553777423119,175.41970283430746,169.4995325780145
3584,119.46666666666667,103.55622680310275,171.77649523173343,89.10259789706704,101.4660176634863,154.32543321023982,161.9547645523872,176.35092160005766,164.4711301367902
3585,119.5,162.2588858203422,171.4558983418894,89.68028555044873,102.56482226200743,153.76440545170783,161.1873960969053,176.50237788020308,164.82195369310327
3586,119.53333333333333,140.35965850531827,171.31146510406748,88.58323073622705,102.5933023968295,154.3031682121842,165.2548693460334,176.37150739644184,166.87978654721948
3587,119.56666666666666,159.79254250425217,171.5789137056845,91.16609508721572,102.45849400592124,151.5249055153583,156.8952421842175,176.4129434968151,162.24240430936408
3588,119.6,163.87064941341717,171.78179209789283,91.15458553042366,103.00783500655974,151.9655782089921,161.38805801829164,176.34000742644105,164.68573020973514
3589,119.63333333333334,59.62078622774238,171.56667828053585,89.1237361006707,102.59157505071593,151.6171453932547,158.17114240932673,175.63804909455578,157.51867381078364
3590,119.66666666666667,57.23376513751316,171.28230396763996,90.25844943511346,99.64743309327245,150.60461295521782,156.11921066515023,175.9820693509788,155.43783918474782
3591,119.7,70.44387424753312,170.0951526233665,91.32415334226016,98.63069152590846,151.1840887813553,166.4271985684951,176.23516256274058,164.8596779009368
3592,119.73333333333333,173.23543916264245,172.01170102400044,92.00588613684161,102.70489686779976,151.84500209454993,161.64060948657811,176.11669808469074,164.3998929786583
3593,119.76666666666667,86.20292709365022,171.89661072020527,91.89934460799898,101.74122835826087,151.5565722929725,162.45804807288584,175.97569522994814,163.96572803164216
3594,119.8,151.88302488676408,171.03022605760736,94.20859726687935,99.47382377596685,150.32347547868116,164.3257859016028,175.8969161010707,164.0150734864317
3595,119.83333333333333,157.19607532103706,170.16518190977996,96.68738429674153,96.96366732650657,150.90990783694403,167.60593883095174,175.86092931710365,166.0194704635407
3596,119.86666666666666,175.09023948314442,170.6013134968211,97.61739424629391,99.5120960610465,151.95471040979237,169.91649246555187,175.4065723907554,172.69864007145713
3597,119.9,172.29284181578623,172.16152275706025,96.55022784240487,102.92959150232416,149.56856551716575,164.7945251058952,175.740044939354,168.8461512226937
3598,119.93333333333334,161.34930472889698,171.036500532603,95.2355376794565,102.78232788071854,149.28684470263704,161.737053834379,174.8867865963864,165.05028054140843
3599,119.96666666666667,78.36702303078974,171.3448738383333,94.4872371192647,101.55684294593529,149.4119666285916,162.80345890781715,175.24820706351142,163.9171195189693
3600,120.0,136.5646890378189,171.02766379787337,94.74542221644066,101.57972326565859,149.8803879527728,162.31501288998135,175.31372735384875,164.38166898864395
3601,120.03333333333333,168.20332465841145,171.75309404521133,94.1183693385378,102.61015735762692,149.18370120416242,162.4172403453681,175.44048982548372,163.8364404153607
3602,120.06666666666666,67.96141462541297,170.3353010595397,93.28491988518326,100.73589322699713,149.62546571335918,162.68468581074285,175.344654219756,162.90711733363798
3603,120.1,54.70333175933389,169.99085027131142,92.63508917013847,100.07990730278087,150.85714150450187,166.5158905843679,175.414761122376,164.7805198553553
3604,120.13333333333334,57.84432491761195,170.22967492859763,93.75746394241536,98.90342780095267,152.35552782821935,166.1394356844628,175.00867509017982,164.46078040735713
3605,120.16666666666667,69.71740054997608,169.7467785478673,94.56936000246343,97.65379404946479,156.0110869856403,171.42421836582824,175.26625170467432,169.41355690298403
3606,120.2,53.152231978958106,169.26562578408888,93.4143676597151,97.48814356105912,153.8675048724968,162.17110836799958,174.52403078712314,159.56303369445868
3607,120.23333333333333,59.087115535833114,170.1960996786204,93.63299080119803,97.7578704469223,153.81038673289095,167.42047390895524,174.13733642268548,163.21515569352027
3608,120.26666666666667,60.153760005502185,170.69933916148264,90.45929368261552,97.6261718102386,151.0292014210945,162.48889229267695,173.2640591714815,157.963670167487
3609,120.3,70.90213794459507,169.86045414314623,90.89776759321055,98.23044862275614,151.25017629958774,170.6675241451038,174.36103022974908,167.13795752510913
3610,120.33333333333333,56.460095720604436,169.67115236755052,91.35961164897597,97.78348208862207,150.70634141864508,170.94289771316315,174.43283898481837,167.81568897334841
3611,120.36666666666666,60.15414366400933,168.31150486147473,93.49791732594745,97.48297066702743,150.50250954539413,170.2966526000754,174.80619534589133,166.89369781742198
3612,120.4,57.44262566838568,167.39326378029295,93.06514327908731,97.90449882485775,150.7795119885557,170.2533974903546,174.94440492167377,166.14935326195538
3613,120.43333333333334,135.4597530231269,169.88142272381285,91.9400427198072,101.47009645384053,151.40879801267343,168.37854233824328,175.28202196102035,167.58654401420713
3614,120.46666666666667,98.56737397275158,170.10644433722823,92.29844248368536,101.08334125473785,151.84774010081713,165.9255817349488,175.552169757389,167.37051368535055
3615,120.5,54.74947362064035,169.92549407140393,92.05164916032118,100.97838400424055,149.8210092858986,172.32693653377166,175.33012549246303,167.19565620763197
3616,120.53333333333333,172.8960074765641,171.30717863075913,97.35387569464062,101.39388478331311,146.53066924308402,162.72426706621152,175.7066994552882,167.83999641137345
3617,120.56666666666666,168.8206071009018,170.8265025897834,97.19690006285506,101.94759061931609,146.3915949539961,163.06888787183854,175.76449105501248,165.9774752307706
3618,120.6,50.34374468717651,170.3621580899265,96.68269348266517,97.6045253538198,147.14773798766888,165.00546839049042,175.86742531565815,163.17056024931583
3619,120.63333333333334,160.03690788880672,171.44629939783124,96.75920682488618,99.67213344089305,147.78133708030256,164.9004444288118,175.65320194311718,165.91932597411778
3620,120.66666666666667,58.50623283966287,171.39585244544176,94.9081027264796,99.75597582021437,145.70087610385565,165.3606011910084,175.60822940417924,165.3163481470127
3621,120.7,174.0400415157073,171.97659797852756,97.08070591580783,101.21485653576666,146.25384136054106,164.01258164301254,175.40437541857958,168.18082852479802
3622,120.73333333333333,162.47404570379408,172.55260639907294,92.40692695692009,104.2178393369247,151.4021384122176,162.42545059420752,175.39014679419313,169.2528442980587
3623,120.76666666666667,153.59451130419765,172.4577601270321,88.81017649603989,105.75630443443944,149.382441164685,157.7607455183354,175.69388483870188,164.2620072471666
3624,120.8,163.47788933318324,172.88508045680203,86.09924516237956,105.51088610043203,151.63266554857904,157.641958719807,175.5037901608901,164.68790284685338
3625,120.83333333333333,162.45252248982547,172.2758783391671,83.17139363421289,105.21309114496819,151.9481607956363,159.39660172988624,175.7584153388829,163.07849139410465
3626,120.86666666666666,168.06503553361048,172.518233199523,83.42549906590362,103.96655290244537,151.10328051886873,159.3291654213541,175.7234796175681,162.9218091374421
3627,120.9,155.15715261840745,170.87662302804858,81.27272228992764,101.30765147328077,150.91323926815957,162.7147206016157,175.58009229589007,166.39222726250895
3628,120.93333333333334,150.45823945360385,171.73655616262664,78.70036248447532,99.38902648021237,149.07411506884202,161.41722507828808,175.95596529558728,163.34472103026272
3629,120.96666666666667,143.45132338316435,171.06268868494587,76.08381228313662,97.10457427650029,150.37366400459362,161.32452270237036,176.00454415017944,162.14730750844015
3630,121.0,142.1578027875516,170.00454960451424,77.17603234759765,93.53908024662337,148.30367498872533,159.86762616903053,175.97003006326906,160.30929494526123
3631,121.03333333333333,165.00166594017435,170.2022233244708,84.03878715662294,94.17824911931415,144.62144278805403,163.760100959392,175.92024396323035,168.10994207022327
3632,121.06666666666666,163.39167875053747,171.31832496668963,81.48421725517518,92.9206022733053,144.79778430553839,163.7695948666679,175.94853018445477,168.68517239748596
3633,121.1,151.92334401089073,168.8565051676025,81.27011204254975,88.746783815543,141.39577603286855,164.77672095408238,176.07908593183686,168.6698557244644
3634,121.13333333333334,112.53905054694181,166.93731336384775,76.02475706708971,71.24272436025171,141.2016703176063,172.11865637187475,174.5546994460453,170.70777479064046
3635,121.16666666666667,95.61632463556587,166.80514201261056,68.40379109250314,65.51914204240397,143.657656736313,171.34055448432068,175.4980113823833,168.8092896661946
3636,121.2,84.41095954615298,163.19507212361,56.43715709513778,49.858375954754074,146.21299723683478,174.85238345019567,176.04269426030345,168.45897701354346
3637,121.23333333333333,91.78278340317236,163.57024014323898,46.484150196202826,48.221097754625646,148.1351307412203,170.73833723224237,175.7219569513361,162.73214225005816
3638,121.26666666666667,92.53643869893774,159.99115907733312,32.881674016504675,34.67763535129087,151.63895031148877,171.89902573770993,172.8426386221004,161.5256626754437
3639,121.3,94.20118096721775,158.4789429360161,25.65718689215904,34.576271374429055,155.99354493388378,167.3723521861347,166.17599339706263,154.4282960839604
3640,121.33333333333333,96.97825156329006,154.10273101977148,24.203529367162737,27.80139761016246,161.97426890528214,169.0741237966286,165.14520211395126,156.95721423984287
3641,121.36666666666666,94.79845219203901,146.90352182630528,22.1359206964376,22.365372048577065,168.59952965347327,167.81542180346307,161.38684851398264,156.12033552698776
3642,121.4,94.71064104402808,149.06073515815493,21.137930863593528,22.33171075556781,169.83754213557162,167.2727120785043,162.71153467116451,157.89940953770193
3643,121.43333333333334,95.27140215276299,153.1165733183794,20.49920361484813,21.518058965053044,172.24084900791627,166.50026690769803,162.52626591265465,157.77596658124483
3644,121.46666666666667,100.33353322028711,155.33367422566346,15.685420269126663,22.341126565270656,175.52924965672244,164.13893569848784,161.8737022510778,156.23590650451325
3645,121.5,99.7191884797916,152.5505239861175,17.659538314236016,23.197922791894992,174.77955824734047,159.54522933367355,163.21256579449928,157.91019638974532
3646,121.53333333333333,99.69229455968029,159.30070439113447,12.215297671186873,28.680784734006355,177.3172398886275,149.85841364586003,162.5452445497762,149.62939966546796
3647,121.56666666666666,103.8225036167473,163.49086191984244,9.706190021771862,29.711242104266066,175.10599239883845,150.39034379637883,160.64374935004162,146.42881683758824
3648,121.6,104.08171348214779,161.83473595037768,15.386196073405612,24.976151065314774,170.21877566948166,151.85674173334434,161.83224063390983,145.71670050709193
3649,121.63333333333334,103.16043592274494,159.17243479531362,15.063896016394834,24.23084741228268,177.17996136740527,155.93062910464297,162.48870795716653,151.8497867286638
3650,121.66666666666667,102.20846020835313,157.20239497152704,15.104682634307267,23.030714212345668,175.11425113849506,158.13010162268134,163.97699359302115,153.2665971415515
3651,121.7,103.63707058018419,161.6133506267366,16.814480107228785,23.8923584585792,171.60276309574863,158.84733319855917,164.93737132849031,151.76027164225937
3652,121.73333333333333,103.03106438481454,160.438538373309,18.04874648568075,24.836505612936758,171.14316124454277,164.97537457638927,164.95569742644378,155.64314023108216
3653,121.76666666666667,104.81460679926082,159.46499922455587,16.47224731288544,24.566275918172447,170.25045292824635,159.80769337921086,163.4090427789673,150.80036418907474
3654,121.8,103.98623875786859,161.0552114362454,17.88287449288974,25.664882440820403,170.3838985153406,158.37040460730498,164.67775113334886,149.3888879937918
3655,121.83333333333333,106.60976321796743,163.17782786125113,17.84627118381165,26.41670696640455,169.4543855166789,160.50649550375837,164.75951442897352,150.841048821108
3656,121.86666666666666,106.11264510366789,162.30773876249756,14.734402538219854,26.14216533387807,171.24446783959635,153.56394952637388,161.71237807828928,140.74853208530246
3657,121.9,105.71169524796998,164.0534378430131,15.301180894110066,26.865167863957677,167.10245450634775,145.9199463758927,160.91677917270366,134.57229495031694
3658,121.93333333333334,106.1892447516244,165.6494246179634,14.472051526363234,28.301230419435754,167.32790950487671,145.66240207570175,162.91988379563648,136.3919977223142
3659,121.96666666666667,103.24149615118161,163.35509401204195,13.304898423188515,30.55902451269629,168.95617615673646,143.06666085607878,161.1002011123493,135.48903146079905
3660,122.0,104.74841291458797,166.10885109673606,14.377724987607651,30.194218849884304,166.24706059126098,146.1777823271156,162.0106429016707,136.80185895518068
3661,122.03333333333333,103.03077618092433,167.19556685117706,15.848752103435807,31.460528221080665,165.9199783534003,144.02051361313355,161.95121455055124,135.44188091416171
3662,122.06666666666666,102.859335603616,165.6842498998711,16.2660361395018,30.117051139814386,170.22877016730263,146.24097809134736,158.88968522136025,136.01885167344062
3663,122.1,103.29386635667986,165.77825044833912,16.12409810626568,30.04229649977845,170.98509161906148,146.57358010594297,157.80467143394637,136.38315474171893
3664,122.13333333333334,101.86483284973713,166.44461367870701,20.787916351930463,29.55150854928345,168.0564739995049,147.40602152709394,158.49247887373537,137.4465116844221
3665,122.16666666666667,101.41078392011535,164.26871957046419,20.438626812990893,26.303795384392227,168.13452169354056,148.9119043892984,159.16207820667515,138.42018992967107
3666,122.2,102.37730113802266,162.05040543064828,21.107831162412417,23.53567844386261,169.78801636465752,150.72254935614413,157.62229572788894,138.01719902130276
3667,122.23333333333333,104.13026466240171,163.84901141830443,22.190262172912373,24.817888456933094,167.8135776797111,152.70994395259743,160.93021578005158,142.7293435769968
3668,122.26666666666667,95.6352459192912,163.87450773217563,22.311509885669693,23.42013585207435,167.44091212421355,160.5045021567213,164.2550505231221,150.1527148642719
3669,122.3,97.85175037936934,163.35367783933242,21.82714116541197,24.66684565727109,166.71109144631035,158.25350088373526,163.87487305732077,148.4629853041341
3670,122.33333333333333,,163.76984197469645,,24.13004801042738,167.1165514120487,161.45613600973397,164.6048831041134,153.00341819886447
3671,122.36666666666666,,163.39916583851874,,24.672795140446556,166.1279231868504,160.38067973710127,166.32360291180333,154.37021835118549
3672,122.4,,161.8541454742896,,23.896473159729695,166.12117878669892,157.1118266938496,165.5880276806565,151.94257214068128
3673,122.43333333333334,,158.30973782646868,,20.38456987320376,168.01352787670334,156.32602463224512,163.7990400573494,150.54349542912968
3674,122.46666666666667,101.73718165442725,154.2635451601787,19.061621854004006,18.913632706347034,173.18127411214698,155.431163049208,159.69861497374936,150.7792917811214
3675,122.5,103.82558120381344,155.01052968080185,19.25668157870325,19.336751884481288,171.844519543458,156.07197173085456,159.44720972771339,151.83657062209372
3676,122.53333333333333,104.29334352456941,156.18264817733,19.463791266184423,20.64670078158922,169.27523510374692,157.06957986882034,159.9154767323807,150.75485876032613
3677,122.56666666666666,103.58137026453589,157.48449227466475,18.06751424234522,26.858352721564025,167.98812273747362,157.89693867666736,162.43564959652542,153.11730946478698
3678,122.6,103.30666417512104,159.6849822972485,18.496103660859394,27.440583719707156,167.524756256192,158.36458220259075,163.39112894144506,153.31402946402048
3679,122.63333333333334,103.8749448005136,160.12003318963875,17.87514560037904,29.325133972794927,167.38546575853994,159.33549118669256,164.0877997863016,154.52817082617565
3680,122.66666666666667,102.7628412632554,159.39536642802966,16.597708685856695,30.737081234769253,166.82746443118003,155.67255736373198,164.59108333967038,153.04012820700484
3681,122.7,102.67755109010648,157.3907824202583,16.685468706370212,28.533543644041302,165.7987057249621,151.92770450616368,164.98303731762633,149.3392861845844
3682,122.73333333333333,102.50435730538202,156.1577035848613,16.618610473657036,27.828715058864198,166.86251094742897,153.05252436957258,165.47839546520214,149.74427798410315
3683,122.76666666666667,102.73815911148749,156.24140322103796,16.212727758063732,27.61607622552484,167.08260971461672,153.75289842846294,165.7499922381131,151.99195758606837
3684,122.8,103.47347790634268,158.00342629314838,16.531484548184896,28.80984818737811,167.26745503206533,156.06409017789366,166.69935184969356,155.4417718803993
3685,122.83333333333333,102.95427533710642,158.79755148810833,16.22350714359817,31.036244750578106,166.98808629572486,155.16986815947558,166.8708113857991,154.58674331692586
3686,122.86666666666666,104.63671738826069,158.3463212538388,16.41253325786095,30.684951535309917,165.72050661570964,160.96319563000094,168.25737982590923,158.16963736048172
3687,122.9,105.43636993208924,164.0773613531044,19.043171582924362,33.10667269379224,163.14943680015028,162.14572822772917,168.7998164030202,157.26475115606084
3688,122.93333333333334,103.71431845766288,163.1440157278765,23.734116982388457,29.781229264154835,157.64926914678767,166.590307308893,168.2409653206129,157.58174934784026
3689,122.96666666666667,103.91537482963399,164.98037691801852,24.82592997607358,30.19421562379175,158.5359268479678,170.11915155321518,167.17602992847023,160.9650833420148
3690,123.0,103.13461974842089,165.52995529392956,25.54504009684082,30.682804945791165,159.2101941001459,168.2304417305098,165.7698692667262,161.47122650295225
3691,123.03333333333333,103.51181776390015,167.39921934286076,26.303315564498934,32.17462641293075,157.88880450537036,167.6785233673155,165.4716424362003,161.7407146586015
3692,123.06666666666666,102.35736332082864,169.88010209237538,27.583060487509208,37.47530879130494,155.21897167685103,168.2045436993941,166.3472785457901,160.5864920671923
3693,123.1,102.84997281240317,168.11370948697027,22.67205129911104,40.24217699234464,157.64389630112973,163.11279393697848,165.72163692337483,158.74365444189874
3694,123.13333333333334,101.14735042792167,167.30621638585367,18.844189980663764,40.08567369403499,162.00424367334858,162.70059447138232,165.2280380974087,157.9289585211753
3695,123.16666666666667,102.3010577303524,169.40518319602654,16.827977173677496,40.62266316896215,160.2112028987104,162.9215185057253,167.32693420805052,158.79606884726374
3696,123.2,101.42221246899372,168.92381609639108,16.77657543244067,39.31970925255604,161.65880611280218,164.12363517857182,166.2793185313023,158.63443064751706
3697,123.23333333333333,102.05479794586552,169.20459735323053,16.746346415745503,38.75832552045524,162.39216219690633,165.4489903501408,166.9218107406306,160.23226443285526
3698,123.26666666666667,101.6518095549568,169.95995859540864,18.9685359588168,39.15793255380448,161.7211999170757,165.24409351622933,166.496135627519,160.13646799227578
3699,123.3,102.39896081549581,170.06380023993728,19.674559947242376,38.13921436374184,160.0996995848266,162.0759393865356,166.596750315628,157.58512793769623
3700,123.33333333333333,102.3922122499683,172.30646868872816,20.588639904549755,37.423522866145504,158.39625481762704,161.28741552636765,168.15111929761122,156.42428742344725
3701,123.36666666666666,103.12220293392215,174.14787082878445,19.754778342601952,38.19960208893209,156.67624011144017,158.4391707396344,168.90703926611243,153.2780479068599
3702,123.4,101.17428785944084,175.51892110491846,21.595835024701806,40.68872045960439,154.3204556913706,157.08027972118805,170.8902822225052,153.21705094709282
3703,123.43333333333334,102.2087342419092,173.92617555394514,23.658068509715473,39.377613042360096,154.5830116650677,156.88077291465365,169.5600533845125,153.75888408874718
3704,123.46666666666667,105.51341699417627,175.29266096620418,23.607954564293944,42.01726785906543,151.26390661501713,153.5234654477545,172.51018237734132,150.95451789473069
3705,123.5,105.48311442138541,162.32946992249302,26.13546786464019,47.53787411147467,150.37315647873163,158.88455381722298,169.23095257395596,153.21912538776004
3706,123.53333333333333,106.85365321912666,150.50401342222364,20.77568834179306,49.78882071783316,159.86260605254415,151.48542892758516,174.369597736898,152.04983764715962
3707,123.56666666666666,,140.46104713987694,,55.22562253011708,165.78827053123484,155.72699749704609,167.48932388603134,155.14923675643058
3708,123.6,,146.08985908456873,,64.42804085564093,161.43852160942046,160.99501745162564,165.5764999165708,160.5079428583119
3709,123.63333333333334,,161.87145182408273,,55.55007454718602,163.127403193837,167.41247347751099,163.68063901604694,164.4471713724563
3710,123.66666666666667,,158.56175961856027,,61.676935115208515,160.16545144470882,170.1780039617007,165.503697051956,167.07936773941117
3711,123.7,,160.42203073131978,,66.45526771754126,151.7053863410561,174.03624802453763,167.6674825937752,168.0624005951907
3712,123.73333333333333,,159.08868873656954,,66.41600344452735,150.1775044785016,176.0637793134525,167.89084354083167,173.17809260513917
3713,123.76666666666667,,157.2939065261623,,71.92362403071351,150.66367105056904,175.2920975538445,167.31914212468274,172.43027024691622
3714,123.8,,131.6308845822141,,69.58165300268229,152.84893614607108,172.79467237197525,168.52673107898931,172.2001476284233
3715,123.83333333333333,,136.7473238346783,,77.48033740982675,155.84226379684603,169.642091270304,164.6126232922594,170.77155257171424
3716,123.86666666666666,,142.2494497637822,,86.64911174557798,158.07393813318544,166.02858487749623,161.1483677563752,167.66536823401293
3717,123.9,,152.92058616734872,,97.1472815383009,159.9948251201575,163.4768106401592,161.57384825702258,165.9489470553358
3718,123.93333333333334,,128.86248798886606,,104.91012835125932,160.76722676377915,155.10840101386123,159.7057374695753,159.1593344148959
3719,123.96666666666667,,131.03740670547285,,109.4455041678287,158.1711104000216,151.22315875830873,162.80153618889153,156.61202876655446
3720,124.0,126.18252152616077,143.2269146825495,101.59310032809638,121.16766196009723,157.00923999506142,155.0879098543525,164.06360577821337,161.08536170972752
3721,124.03333333333333,120.67024081222237,155.33215301350086,109.439404044275,133.81052299132583,159.3349753870213,146.81715365104782,165.50924802663604,156.8971381692151
3722,124.06666666666666,114.37569563527715,154.64516549652365,118.52975824512907,141.56969560600442,161.6028050774931,150.05576344126138,165.83492592721848,160.57225830456892
3723,124.1,115.83203379452736,155.56332193564367,123.52977967312366,151.87401905325726,165.55591825196677,147.97324332807915,164.26220573867425,158.95003999094925
3724,124.13333333333334,124.5028623308416,151.54632758053518,132.54574736744232,152.21104443566358,166.4761187595296,149.13165515947398,157.83682425594577,154.30309502123689
3725,124.16666666666667,125.29690582592234,130.08381359269197,141.8497309907023,151.4706713975067,161.22520782119875,139.23311465813683,158.63300767059854,145.88088589539265
3726,124.2,127.68695592380716,133.33849621077286,143.19859839290274,152.6783267832137,160.01320558367584,132.74214759293113,158.7469689635657,136.57679367317343
3727,124.23333333333333,131.7590934084586,131.63502541913908,145.01599842527054,156.0249750831391,157.84785177271863,133.97784001585777,160.72256634755254,138.40198450700157
3728,124.26666666666667,136.34377124505286,137.54923149920802,146.78278080562546,157.16015036310955,160.68732713108747,130.65082559646885,160.13253099205855,134.0431659600272
3729,124.3,135.1611749046903,136.29723726367237,151.33180691855122,158.80953940830915,160.69388249594,130.39788735885492,160.52388448063914,135.33546883176342
3730,124.33333333333333,133.0007838898454,139.12145924180825,150.76563549847245,157.67460398523176,161.70573444727574,125.83801076160917,158.5678317976921,129.95386692882172
3731,124.36666666666666,125.21405523197393,135.32940318351328,154.92538970529137,160.06014177066925,161.97938083661654,125.60634861992182,159.3477215995337,133.1586176891845
3732,124.4,130.03634176601884,140.72302566886168,158.56204390983856,159.14323909837273,162.48336334101955,126.48101518497835,157.81570271353579,131.20528296887412
3733,124.43333333333334,131.63677185315672,140.86463513183463,160.98632561473684,159.557738858309,162.03672242253307,128.05255268177234,157.80828846682948,132.82825057147173
3734,124.46666666666667,133.31005854716028,142.82402933395187,160.2394280205887,159.42767246064548,163.2647299100998,126.22161353055607,157.28937560274238,130.41310012592237
3735,124.5,137.13870421352615,144.79159114578624,159.75477844112513,160.09299543970485,165.8061442519576,126.6077616605572,156.92064915380158,128.65567716327809
3736,124.53333333333333,137.93502226660095,147.20926492297187,159.50912868189607,159.12485938086675,162.95065384839603,127.09252700879298,156.98448896985386,126.76268518233515
3737,124.56666666666666,140.8608784506298,146.94990407583754,159.67127637520247,160.257326020148,166.2660934584012,122.66105494605279,154.74884140741227,122.96188310629633
3738,124.6,141.14908745099038,147.38442961482548,157.42894392961975,160.4832944948915,165.22083679545653,121.1870519963279,155.0951647079143,120.64136867199848
3739,124.63333333333334,136.47961580212805,148.70001095709287,156.99348332097586,160.55441153896547,162.24739790840525,125.90038946913616,157.53431552843753,126.2383421032099
3740,124.66666666666667,137.89198228042468,146.88324690308312,159.7234464379488,162.0458635751669,162.80061154175624,125.59325885410128,158.24361264196645,127.0660243270123
3741,124.7,141.72969468024544,147.89703618625347,156.06120785093376,163.84313203919584,166.1832417576023,128.09493181255846,157.76413071279333,128.63157004534992
3742,124.73333333333333,152.87499928714095,140.25342771923133,167.0619621882977,165.15784528530372,162.01537491860455,124.1040772536956,158.44975904128148,129.37649156898738
3743,124.76666666666667,140.92183349174422,136.52102672186226,165.8136127753459,163.60507679597816,155.87931958360508,129.72905680900064,159.4678755174497,132.90023312412302
3744,124.8,138.04656073711396,140.7794631722139,164.52710043209728,162.9677382819431,158.17957816376966,129.82618858481598,159.75863710800866,132.66777814636552
3745,124.83333333333333,139.3300520040788,143.14717904675,165.53680975870535,162.79215135820155,158.47544732638877,130.65725731886948,160.05417174803557,132.03932461491664
3746,124.86666666666666,140.4380347002852,146.51806891863828,162.43880624900902,162.87344739881834,160.93564281286206,127.52795566711787,157.56821456219035,128.09610078175197
3747,124.9,139.45001833190287,147.00168784406932,162.15865783811492,161.3205663961664,159.0836975966266,125.82074534027139,157.62246366526608,126.81878763509974
3748,124.93333333333334,136.01650018292523,138.88762567411095,161.77792267746122,160.00466405200814,157.1334868616427,128.18956483253731,158.13211098250426,130.0548691519436
3749,124.96666666666667,137.09518085733643,139.61097736654847,161.17282677889486,161.45118031341312,160.56779002128064,128.44649331838,156.9306217016357,130.31957494418208
3750,125.0,137.37332541411274,143.7012617220646,160.72884942963728,161.1074466697806,163.9319341210116,130.48499779605856,157.03187952365306,129.80863228182162
3751,125.03333333333333,137.1781369312746,142.60704723250154,161.10761670605984,160.81030231579456,162.54547328542014,131.13145916022086,156.2557649774593,130.46935489653225
3752,125.06666666666666,136.52727545762554,142.60036321932577,161.5820681553632,161.00982703379242,161.1911403463774,129.9461609024173,157.36527179504498,129.4991138395442
3753,125.1,136.35150434548265,142.47089177278662,161.38756119818865,161.13161274386172,161.7214044060478,129.85709076801106,157.560483097235,129.65106343955867
3754,125.13333333333334,134.33094623711096,139.28428668783678,163.4027057181954,160.4698897531422,158.3780785765032,131.8069719554453,160.6092923731844,131.5277906923664
3755,125.16666666666667,134.51922189701844,140.24208217369295,162.36364118032284,160.2315258553234,158.12631615767708,131.80577203845942,161.11177784225924,131.32408443754528
3756,125.2,128.7197811284434,137.29805149637951,157.74517391413397,160.4236487044906,154.20585839758138,133.91335688027803,165.10914329930924,133.82983066313474
3757,125.23333333333333,130.04882514057334,137.10582706766257,158.6066800487509,162.38331267133586,154.1406847395786,135.05999311196845,165.3436483245675,134.18898136940578
3758,125.26666666666667,126.82680918460146,136.548225556003,156.53480230344928,160.84761805025363,152.91911564226064,134.75344894620997,164.7533269048016,134.79517783860152
3759,125.3,128.94171857811904,137.27098050298767,158.52868681815858,160.04748383992288,154.67113659460935,128.1582667460673,162.21133252178444,131.89655665116638
3760,125.33333333333333,129.01984447150647,134.2639369620464,160.09872747383042,159.66326739447226,154.1994008501768,129.33828652452434,162.86557438977547,132.2568256816943
3761,125.36666666666666,130.08861118283247,133.51881364811902,158.78811770664285,159.6139385845084,154.46840006684565,130.35367180599647,162.9910887652063,131.98146316014723
3762,125.4,132.41973286795843,136.49555769817695,162.2340250000189,160.09830463047547,155.8642601350886,133.48482102620724,162.53344127361657,134.41398973793966
3763,125.43333333333334,129.44806177131258,132.8286572031923,159.40467919863045,158.99819749969745,156.27384965427783,132.63615932491317,162.05372655302563,134.3818005241455
3764,125.46666666666667,129.34903168573112,137.7351685254509,157.89392476867647,159.14500795681127,156.27050683062163,137.35441418764674,161.03452726184503,134.4418860972529
3765,125.5,128.76896577490427,134.47170172251114,157.78500531931266,159.2263700551848,155.07639801730286,136.756945391303,161.87521262780348,133.82011234999644
3766,125.53333333333333,129.00347164529322,131.57951769948326,159.40500782776542,157.945985605033,153.9136331835803,136.28280834714846,162.52719488828862,133.68064716281367
3767,125.56666666666666,131.61606856038895,134.01507066742877,161.46153321897222,159.8966891625169,155.2317573568241,138.41820912381965,162.01219954357788,136.78561951810278
3768,125.6,130.54830880217077,132.53027494742358,161.7625904193129,160.06387924843685,155.07088659433668,138.32364304478742,162.67171412981787,137.71933649171427
3769,125.63333333333334,129.90253117247383,131.33847206242467,162.65933891390594,158.69006872813202,152.6164423377733,138.8155255112351,163.10731873418263,138.6228457046049
3770,125.66666666666667,134.8905702718005,132.01032455274526,163.1168578736453,159.25317172885156,155.14418387974183,136.19529327407838,159.77886401843787,135.69372793026463
3771,125.7,134.5823914343972,132.53234439588857,162.7437400825952,157.90022235186652,155.54261469178957,143.34013734350296,159.12730400531953,139.68131688649888
3772,125.73333333333333,135.86069561984027,132.1543201848049,162.7572776038331,158.08042303070613,156.84274483792836,141.3271378560156,158.66670888082157,138.59681643371835
3773,125.76666666666667,133.64890657338972,132.0983050408133,162.90404228388996,157.19976653150474,153.6513799342873,142.48739352381224,159.7874925115459,141.28400475422347
3774,125.8,134.58294364016737,131.8393537783659,162.88610760555508,157.0136738712856,156.2267294939245,134.68583994620818,159.74567972677076,134.44550025034317
3775,125.83333333333333,135.51146427786662,132.8249310637483,162.37980587390913,155.26928672844122,155.71376535001892,139.87691180330773,159.42216873357046,136.02317026249517
3776,125.86666666666666,136.40629919355487,130.04218738242616,162.3407529271847,155.18953128491574,156.3770154630594,139.2449733089683,159.56457346019988,135.22343833870832
3777,125.9,129.48940037914787,130.61087163352693,162.53914205122226,154.88128585942545,149.71143674324924,134.40260527501547,161.51157494458346,137.6414809380524
3778,125.93333333333334,134.15008558600897,133.0619919564999,163.37021245327963,155.8312465496329,154.13765100126147,134.0693580657323,159.348464706584,135.1204802755347
3779,125.96666666666667,127.73079104874425,132.45088446408073,160.30270314892334,154.55929779334124,150.8712643666377,133.12763779835512,161.38266840995524,134.6980483272049
3780,126.0,133.24892983526664,136.085472517725,161.21271977734514,156.33384492842393,157.1622770043815,135.98110563887033,159.98127530009683,135.58578761122467
3781,126.03333333333333,132.13586114471184,135.71425630663396,159.36479569382183,153.49056774040062,155.830614556459,133.2018894785021,160.48161539108804,134.53074162213684
3782,126.06666666666666,132.46947387334976,140.67401811823171,160.91511611893804,156.2371744411157,155.65894257866015,135.02802951535054,161.4429632610962,136.1093753331015
3783,126.1,129.08816739867484,134.7274748278537,160.53416938071283,154.26767366089805,152.54725519703354,133.7551721390548,162.30279921117844,134.7624464108212
3784,126.13333333333334,126.89654567057738,134.4781734610462,163.16425946662184,156.13473037752485,152.87790214436555,136.80995108908982,166.0397893730968,136.28901561765355
3785,126.16666666666667,130.03974966654488,138.02556259308685,162.4297018957133,153.59548964751164,154.54572905474555,134.06078487402092,163.86609913187402,134.74705825307421
3786,126.2,131.9516430750617,137.09995315629348,161.32843625564934,154.77685030011855,156.01144716700082,132.96305533150257,163.16182008909334,134.55038277217898
3787,126.23333333333333,132.09177709840688,135.14842971047705,162.13387219896097,155.22896580928276,157.06038970428932,141.06082545337927,163.31889807920479,138.73077535663612
3788,126.26666666666667,133.56869257217446,137.06105264989887,161.84358628390652,155.4664634762576,157.38619209726406,132.34915637728392,161.87746404752306,133.17595643751304
3789,126.3,134.2715377984992,136.44978163150094,163.25349843339683,155.63104315056384,157.32076382199884,136.1524213879492,161.91896805110758,136.80155997469896
3790,126.33333333333333,134.29517944454332,136.07412498030374,162.85393233012425,155.01105371949336,156.4073393363243,131.27506022902253,161.33818061205704,133.07440839759798
3791,126.36666666666666,135.36115799999703,136.03258767383804,165.39185908039542,157.06059731470552,157.84002014892133,132.29525376878118,161.4964274393409,132.98885930797863
3792,126.4,134.5683201956311,138.20506843337236,163.9803873795771,156.00655219049213,158.48036481613835,130.27859684827592,161.33097244235267,131.71474823555448
3793,126.43333333333334,136.69441536386867,140.38523991879015,164.99552303499678,157.44804222614667,159.59519166376836,131.2561360719859,161.47198896536807,132.8229354208787
3794,126.46666666666667,134.33032560649238,137.4038530116808,161.1725415599805,155.5830294759496,155.90414839688432,130.1689350187512,161.12233958210203,131.54097982300812
3795,126.5,137.55064779549986,138.4404213940111,165.49003973056102,156.55599763166012,158.29878198458354,132.31893582030278,160.8378957710661,133.313425571457
3796,126.53333333333333,134.5266641987512,137.96369044863874,162.2281560870919,154.74315339865257,157.01242600161507,129.2450370591464,160.7934472612288,131.8262335712965
3797,126.56666666666666,137.60163723030624,137.98313736494168,164.59054501540433,157.1603375340619,158.70334524477204,135.7570481531705,161.2704468656066,133.84946201827205
3798,126.6,134.94168775029186,137.79719246755997,163.14465034116563,156.9709686784691,157.28533641576573,134.859569668255,160.8154641475874,135.14370065671497
3799,126.63333333333334,134.97445459284026,137.76209612773226,165.30072890213816,156.6039980073279,159.39703308404478,135.2953255979622,161.3341734327396,136.5812632732283
3800,126.66666666666667,134.4055591566681,137.77109018421467,164.99176102692914,156.81118924280133,159.5334798351482,130.11917170175514,161.004335122069,134.57162188844072
3801,126.7,133.38602353282303,136.6691463492627,165.99262353141162,156.63218764557604,157.16472371903225,131.1710326281678,161.79295192016363,134.24857366286068
3802,126.73333333333333,134.2177751482151,137.04989464075058,166.10738497845665,156.4584403451361,154.8976824660799,131.039361084945,162.5942615338416,133.7172224432954
3803,126.76666666666667,134.01575116406408,137.55436014418808,165.61829685547752,156.60522277714873,154.03810954987796,131.22900757946803,163.1712297232568,133.85923301592703
3804,126.8,134.17811631576745,137.4713297873052,165.6651657261709,156.19181946864563,155.99712601973022,128.9377188082646,162.36251953059565,133.27136442024891
3805,126.83333333333333,136.5189154849391,137.05702350457418,165.37651947119764,155.40127118528127,156.2607485661482,128.53798940276596,160.99457499194452,130.77281507992276
3806,126.86666666666666,135.30779804554206,133.33438268739508,164.05445838187558,154.53388913128313,154.88487977880436,128.712553401618,161.23747740862675,133.1914170342168
3807,126.9,134.53287888712833,134.9408158620873,161.04305770597796,155.5622202339632,156.35687188498247,130.62519232732828,160.81443994333125,131.22681639648806
3808,126.93333333333334,134.3929320066937,132.33025427329358,160.55484021345438,157.39248137493573,156.48501688237653,131.74337735869014,160.81098524905187,133.55326768461103
3809,126.96666666666667,133.50548661120774,134.39775789959882,159.18302557240622,157.02581473330895,156.2848307243573,133.5087300164449,161.9044920166456,136.28505057926736
3810,127.0,132.90453062779028,127.25159597885362,156.52660065134108,157.8324032123912,155.53367865904724,139.93742452670497,163.9701457858128,143.88836139514365
3811,127.03333333333333,131.85179824329776,128.29785522702454,150.4386260702451,157.94169644437787,154.78425419509304,141.0930840388986,164.65189686567388,143.34723612505806
3812,127.06666666666666,128.22628562815206,120.72142985525507,148.42132182265453,159.98097234938888,153.23055833045836,143.06685811144033,165.33733236537165,143.57557126837142
3813,127.1,125.72456959859835,119.80310453353636,144.3288948037296,160.47656540932195,153.8502941475912,144.23295110293566,165.32463045560084,144.72245386584268
3814,127.13333333333334,123.76006839951202,119.34328015967041,140.78390310816363,159.2114624649453,154.07833280980051,145.43329164158172,165.10889610501798,145.79533634062497
3815,127.16666666666667,119.63781775920971,116.40568472868112,137.39897188990662,156.51321551882972,151.527431459573,150.37085460911254,164.73637189948778,149.78176219348896
3816,127.2,118.36268655888743,114.16794576978927,136.78230009915242,155.32948012530247,150.6922981381713,150.4303321547442,164.7544078702586,149.03863916919724
3817,127.23333333333333,117.48825830573459,106.97479256900202,135.86619043976532,154.28607851326186,148.19272948163845,151.14725720069893,164.73759331608983,148.89779135980893
3818,127.26666666666667,122.53759616966384,108.87270773694571,133.6163850649235,154.03215207406015,149.28858865722046,158.63110410867324,165.54168133528373,155.82088885942815
3819,127.3,122.51021746930195,99.7983516521752,134.3394193699519,150.49975618446913,145.82570140874205,159.29089452323524,165.72605096017756,151.7769093541347
3820,127.33333333333333,119.68099036491469,102.22163211870847,133.94689646350977,151.2994382997473,148.82357952354295,158.19346282941814,163.97545762236254,154.33137984210822
3821,127.36666666666666,126.24193204398671,98.10852973204486,131.63938270416438,144.3808051578385,150.23449778705867,162.92903399074146,165.02801173107963,162.4437192571946
3822,127.4,116.88654838531951,117.34279410056983,130.21034063688936,135.054767910042,151.91482498255903,162.1041389184496,163.0917322473691,161.46354090265032
3823,127.43333333333334,111.629438905718,136.57953244918886,129.0917009672556,128.71858150164198,151.45186868546674,162.07552925910824,162.77626325320543,163.2263940152929
3824,127.46666666666667,108.95886382279076,133.59113033128034,127.39338709532555,122.22831646493464,153.4320459398547,164.71394044572426,163.27578257861984,165.921308847236
3825,127.5,128.00448184588996,143.88207654016946,112.61804646589584,120.60698495418805,155.3932296093961,156.75599224082293,167.93953713694418,159.35560597086217
3826,127.53333333333333,122.60348048296281,135.89302338884912,114.15804706235532,119.53906095721429,155.11742007652435,152.96993362273497,162.18338890631443,155.20429043971964
3827,127.56666666666666,131.74819878911575,144.36972248177818,105.2455077380405,115.06508577001048,155.53293741061657,157.58801560080278,161.1805135335031,154.98677746015886
3828,127.6,129.4291903994043,134.71157746829803,100.90171981241004,112.17925628593896,156.30749143456524,156.81912073650273,161.5429004026025,155.66292764166815
3829,127.63333333333334,121.80583680658508,125.94512268749801,103.53458003181551,107.27974093134736,155.43146490575046,162.20489146712666,164.52209082156602,161.874859430183
3830,127.66666666666667,126.52766957308889,125.8344965411352,91.36977262791112,105.81944332028993,155.9377687829705,162.63700500722175,165.05414065864454,161.40652134059195
3831,127.7,127.77341507424406,122.62337546289433,84.98893238567973,102.81002099741416,155.68577434377437,163.0477666672562,165.05744774947132,161.37337992100763
3832,127.73333333333333,120.43592130781161,119.16695516008168,77.56565042157308,98.20235412380205,153.939994288156,163.66063564205697,165.96097475925342,159.86192700643645
3833,127.76666666666667,125.91041904491367,120.64189920468516,71.36269093414877,96.65216602838339,153.45589065423013,167.21099988987024,167.37087759113277,162.62393383890966
3834,127.8,117.1664930750836,120.7023465653014,66.65833314442554,95.20985251306139,154.37728047686065,167.69612547194203,166.70551257374183,163.59314635089942
3835,127.83333333333333,118.71911211433559,123.72496890695628,59.68122331718939,87.69009913061598,150.16565082363408,170.89808107176103,168.1696309948953,162.8573017645827
3836,127.86666666666666,117.48828938519982,122.93477574078119,55.80384862789433,85.90350874829333,150.2323598743327,170.49964216566968,168.4812766609886,161.25320245473716
3837,127.9,112.82143651011609,121.4881577444257,48.82505523049336,79.55402158049958,148.80428937794346,172.6774636150778,169.789621658372,163.2158320168894
3838,127.93333333333334,121.36533242472517,117.86798745892702,47.22777124369516,79.26531724708481,145.785368753314,168.84042830413665,171.79040020663655,160.34246808762603
3839,127.96666666666667,116.99847324289294,116.8385384813495,43.16707971015212,77.18641785182497,145.44729835027027,168.18479644098204,171.51910040897158,158.78508088884476
3840,128.0,113.54306455536613,116.66158053664721,39.098172534680614,76.71707207141803,144.99659920539517,166.3762598809017,168.68579635691165,156.44625591521964
3841,128.03333333333333,108.40716669588261,116.82549604983869,36.32321160260665,77.92897001630053,145.27402584092448,165.3086185714938,168.52683180895025,154.25418512975662
3842,128.06666666666666,96.98620788334388,115.11554858791888,29.195047534944333,78.83479240637286,144.0106667365038,163.87352524249573,168.4725152357081,151.10281491644577
3843,128.1,87.61646010106644,114.41533722509517,20.889934294221312,77.23315314317846,144.65829304554256,163.56252677446147,169.63444434135678,151.5837804675274
3844,128.13333333333333,82.05287343562115,113.9807688698884,17.602111475381275,77.10518970103124,145.30522499787648,156.94936396678779,167.41345174481026,145.49345185957395
3845,128.16666666666666,89.02233482038781,114.75217260285228,19.575538678497704,76.65081519539208,145.5290328944256,156.71467609595908,168.0643781798217,145.1188251784347
3846,128.2,52.13970640002088,113.3759392098982,28.129889869523108,76.78289674709139,146.1840021284609,152.93262472536836,165.64908319410478,144.06869656356847
3847,128.23333333333332,51.779090019862636,113.58878403051672,31.666072431976893,77.11980731716231,147.24608210055462,153.24164277435062,166.07451504236442,145.84313085039793
3848,128.26666666666668,39.75555017072377,113.13167923203616,41.11409130831404,77.43071794730808,146.95675273130865,151.9094838736506,166.3486226071642,145.2499460701091
3849,128.3,33.934405057670325,114.29575684330808,43.96009749877837,78.95857654475088,148.88934077732364,150.8095814296539,167.2274063177762,144.6328857915771
3850,128.33333333333334,29.64919640948309,113.66155893000165,48.191299872598094,81.60317324990508,151.1475129996663,149.95951026762097,167.63182055858965,144.25201728890647
3851,128.36666666666667,28.402582969031474,112.05826258739808,54.29759446374463,80.42758775115692,149.33875567743846,153.10773154680973,168.184086636269,146.92463526086772
3852,128.4,28.88965301160006,110.53657455900907,57.5174271757267,80.1273376240531,148.44789745442475,155.61289251773448,168.97267014346048,150.51703624377654
3853,128.43333333333334,40.237713782998945,108.59998338578714,64.71357538120887,79.94609297608605,147.36504212250662,155.31999498657507,169.80878350069838,150.74518915177163
3854,128.46666666666667,26.404765930530626,107.11194686742391,57.13842771042009,79.24000684462928,145.57540974848033,156.52117749672647,171.8299248668616,151.0237428850127
3855,128.5,28.413337645609857,107.17663967464453,49.936923968803214,76.37217405781918,145.53782755885848,147.76757879492484,170.66803374200038,142.6754432681956
3856,128.53333333333333,29.045087556063727,106.48228747594966,47.4999468266929,75.47894216217273,145.94402535483408,153.00223567751573,170.0579502895606,146.5565437348872
3857,128.56666666666666,29.451713920793058,102.51497262310107,45.329169642998224,72.96357472209604,145.60427064429996,149.9205926961375,168.67253414472054,144.15390209149476
3858,128.6,30.052513139983756,101.73478171693428,44.24345572175404,72.66047022309637,143.26466130875136,150.19153612976305,170.05198234749,143.1626817411991
3859,128.63333333333333,41.47720687783805,99.1466123979962,33.329912307896805,68.76379992496021,144.2780734426432,152.45848551898035,172.2414523119653,143.59348404521634
3860,128.66666666666666,37.35733620567513,103.67410227188257,31.07886302572415,69.6591571432092,149.1957863001184,147.62344627074674,166.90587782488646,140.5880036070472
3861,128.7,42.40181820280251,104.62313404521088,23.677102743180892,69.26580220980917,150.8948321850413,147.40093710726057,165.78874557767892,139.76305587857604
3862,128.73333333333332,31.269874699578992,104.01295321225408,29.605335872269283,70.29247121681806,150.63509015366125,146.7870875220228,166.64291327418502,137.5584223131401
3863,128.76666666666668,45.275865197941435,105.83055916379605,17.879870446719877,70.82552435426629,150.89697481380895,145.6684235270538,166.3347163441808,136.9579169419661
3864,128.8,63.71301585287465,107.58831749996784,6.6257464312852825,69.79268042019453,153.06255609264926,144.37923881648018,164.73188573526457,136.38932111957982
3865,128.83333333333334,62.679379494300235,110.92628996615063,6.269724482232006,70.51896176000658,155.39385209839918,141.25108609866072,163.47618956231094,135.19985042237113
3866,128.86666666666667,53.270955222969114,109.73092549112336,10.71490388622776,70.4390935185618,156.24608544977062,139.89369823511961,163.0360583847998,134.82632479135015
3867,128.9,61.21304700619098,108.21608393709849,8.540472258869947,68.40784401102187,157.53522081300795,141.25876961994194,162.25566125512984,135.69184792980244
3868,128.93333333333334,57.91887460180378,108.21465050653931,9.686432155347791,69.19230041352768,156.40397800591657,142.13215370315262,162.48545599108198,135.3524131009185
3869,128.96666666666667,75.57232550135079,107.66481979525732,8.197861722819377,67.73113046838469,156.8660675704837,143.9408937017551,162.9556126284865,136.51931392931095
3870,129.0,64.23850385064277,108.85851862550487,6.708062695628561,69.8248347331682,156.87381800129853,142.4856376366151,162.40887427523208,136.86119923634377
3871,129.03333333333333,39.1655225983429,106.8197527740663,19.83434887780296,70.63931775641373,155.71987291805507,140.55028160839046,161.66286435995966,135.5062196791892
3872,129.06666666666666,44.205036617198516,105.42710317793814,17.955954912764636,70.77509529947609,153.79358060408222,142.96279410369638,164.5361065531198,137.37830670259936
3873,129.1,48.59466985260359,105.09590956780431,16.34313442156288,71.01320708870405,155.47653302226323,140.03693528957308,162.31799820594765,135.5132309868867
3874,129.13333333333333,37.838323471620235,104.82498406096516,21.149530563459077,73.68870305770565,157.12610168880207,139.12003018017253,161.4472115641197,132.53766304397797
3875,129.16666666666666,54.59824630371319,102.4508254856796,13.968558062771459,69.5522276422139,157.9407192860286,141.31213788468554,164.99493686026779,135.8219157115999
3876,129.2,50.292048437366,106.31919625681148,13.513661187626946,70.5832747704748,158.89424351892097,138.6675534419148,161.83755076007364,133.1711447905874
3877,129.23333333333332,37.22910923000188,98.90662242583228,21.603444053502944,69.75182270796017,157.18149761234994,139.2274691731951,163.54849451090186,134.41623811990252
3878,129.26666666666668,54.98148483804342,101.93164974260657,10.096120769708888,69.49235156861377,156.86049541724518,139.52716313140272,162.92213312254268,134.00801407501214
3879,129.3,37.6266481926076,105.91808770819405,14.885146248636254,72.92548046643435,158.111732570131,139.01900116412614,161.33659433277185,133.04274157765417
3880,129.33333333333334,41.52762557701675,103.49091699163371,14.482386458742248,72.57750373531466,157.0872727718156,138.4958704134501,163.24041652740704,133.34271792878786
3881,129.36666666666667,29.452370386326443,105.11957241111308,17.643888209958398,72.9485154502972,162.01767833957996,137.82889852040347,162.07316864456175,134.43723728164068
3882,129.4,25.345493599986863,99.5445273439946,20.305051119573026,71.5428893547393,160.5894773512872,138.63550963749324,162.61973381380182,135.37463081603266
3883,129.43333333333334,16.425882917780246,102.23570145425386,33.59440449678937,72.67502190326474,159.42474274282142,138.52740936036363,162.26189583641914,137.18748688684627
3884,129.46666666666667,30.05131267143004,102.62930722423185,29.642875476144006,73.23293038255954,159.409946200958,136.01145167342855,163.1197947808816,135.65992005514053
3885,129.5,73.47168817050677,102.15452736962011,7.311817980235592,69.13052306061181,154.40227266878708,140.36297647684222,162.41069681875246,134.5439408560663
3886,129.53333333333333,89.55529543443593,100.79825706991453,13.50186590384064,64.65713288731304,150.79487950109703,145.93281521663224,165.72927892291983,135.58494562066298
3887,129.56666666666666,87.00957346213222,99.2284069051216,13.547907742867636,66.40630637253635,149.78824799125897,153.214167894422,166.0305226567129,141.92915366338005
3888,129.6,76.96154259253743,98.48227272084019,10.342509291072016,64.9669783273681,151.83834772696096,147.2771701309017,166.01447321519169,142.24111181182155
3889,129.63333333333333,74.96231249587044,99.82876263734522,11.109276081749636,65.87029251094128,153.8379407802437,147.0586851211406,165.03413302049228,140.8250376769836
3890,129.66666666666666,74.48098198455351,99.27585461571371,11.608430402565473,65.2451910875538,153.3218871625991,147.11642328300238,164.49982129164025,140.04835083570967
3891,129.7,71.33818618354837,98.94657825140864,12.31861001371738,65.37789218703054,152.4801301023193,146.18982112136712,164.88716028992457,140.19371878662352
3892,129.73333333333332,73.04990193103897,99.6836789745815,12.867941596338895,65.921840137908,149.45218938054882,146.5616790569246,168.17577824265177,139.56355156361107
3893,129.76666666666668,62.35013764976442,100.24423293049294,15.470422959787937,68.38130040703201,149.7693368642085,145.81696480050152,169.03951673680217,140.09832724192583
3894,129.8,79.4945887064252,101.56000454804627,12.129728776588859,68.14973991243414,149.56810895310582,146.95691031663785,169.19068505367483,139.70053510620318
3895,129.83333333333334,66.25018728102005,98.95966745600794,15.092451048654217,67.17852905901997,147.89502032400222,148.2827631830919,171.3690992118325,141.4809708072058
3896,129.86666666666667,81.2568350809683,100.42689721096272,11.871678887078378,66.07682563451053,147.33194850698652,151.04142104438523,169.2124803219477,141.06836973636874
3897,129.9,69.37553930142063,99.9258866308359,13.885569936466434,68.108159452313,147.97106485643712,150.39710582098044,169.7534215771075,142.49654997953294
3898,129.93333333333334,75.35046152232124,100.55603088007382,12.308100460647019,68.19032110528525,148.66123981473143,150.835200291547,169.53978056742133,142.13593779178737
3899,129.96666666666667,76.81567701959098,101.17193093775519,12.22262432007082,65.52934841566089,147.90847031762004,152.83196761628818,170.33525811495156,142.63942844522745
3900,130.0,60.36622837013337,101.93555645365133,15.760772929288928,66.95172273130039,149.05990419541692,152.19959199618182,170.17212541902475,143.3004086198871
3901,130.03333333333333,70.44341002529964,101.14748942996539,12.935562628619493,65.51164897630785,149.76754667163252,152.65595318295928,168.357319886328,143.3317971947875
3902,130.06666666666666,63.77131824677409,101.77071429429274,14.10837013094394,67.43672364471325,151.5490524711237,152.23525941663314,168.63978097461063,143.89855121918652
3903,130.1,58.677167282386776,101.77570717857421,15.518589777181482,68.70033518646173,151.7083051465206,153.13495815722197,166.73523997512706,144.9818333286951
3904,130.13333333333333,65.51901531610669,101.15000949976307,13.49683367560936,67.3759678799917,150.19194463678267,153.44034982623333,167.41031175959967,144.64901434669264
3905,130.16666666666666,68.09938710751581,101.56803678554006,12.574697629395645,67.54887627441937,150.76158598267804,152.7848860278815,166.3195512617797,144.28111291108647
3906,130.2,81.65119213588602,101.30880612113941,12.320875977097156,64.75179132004286,149.2561430656587,153.23043754089696,167.74618117449612,143.40889469412295
3907,130.23333333333332,91.11996837524967,101.1654458901789,16.681571153460833,63.994239997542486,149.05864101611135,155.84019699222318,166.37908948011415,144.0993323109594
3908,130.26666666666668,87.4252097837002,104.39931654304465,15.564267701876062,66.48081774465923,149.31642544768957,154.14824003396936,168.2357629438819,143.92149614735106
3909,130.3,81.82552146225277,103.91883495600543,12.546071394604954,66.52849430075855,146.61890898115024,152.42785039014223,170.5041690362649,144.09506525686382
3910,130.33333333333334,83.59780037533203,104.59816885779821,12.966058539462374,65.65888713202497,146.82166705388624,152.42166613658648,171.0348686814681,143.83101134833936
3911,130.36666666666667,93.48789909797044,103.91590526102766,16.595712352439573,60.64217608466429,149.11566263530003,153.62518142482375,168.42176149514617,142.58488596695076
3912,130.4,88.11061938262439,102.31456862445899,14.920314780257874,61.999440371468275,148.47932429132592,157.12010644650132,168.17331238748693,143.90534274814723
3913,130.43333333333334,84.07703090252932,104.1499123323713,12.711669862059416,62.245962594476914,147.70368967269854,152.6014627135856,169.36579545024392,143.58531553183144
3914,130.46666666666667,81.26689230438035,104.07602370591523,12.025248975262992,63.66070991600817,146.44895197162577,152.93071567649272,170.11704619770708,143.1371580134636
3915,130.5,87.42842208162853,103.93478483646088,13.385637480078383,64.02603242212662,149.00625731398205,151.35903061401598,168.91083203095027,142.3269457228533
3916,130.53333333333333,86.09377564574416,104.51764469330838,13.079494384434398,66.18676988073331,148.28598546501732,150.49060092100353,169.58006562842246,141.69381659489497
3917,130.56666666666666,76.49350905319474,105.03128004686091,11.984790596153408,67.46602893726788,148.67583567319207,150.25821327482404,168.92935644197027,141.43203976663085
3918,130.6,71.06099642292543,103.18136543465207,12.536616959622924,66.7659829500537,148.16831137833597,151.1245969259322,169.27859478809813,142.6160108226301
3919,130.63333333333333,71.68235242601692,102.18517032874861,12.58883676496668,65.95715541528202,147.82770507983213,151.4116393450684,169.11903145580735,142.62480790154038
3920,130.66666666666666,77.36619377782023,103.76511739966185,11.702116841680354,67.55599470123198,152.3655997537322,150.488483954359,167.24209802007024,142.39530287241365
3921,130.7,79.26566609522303,103.25432207922707,12.062138482062233,67.28966224974006,151.3267308731181,150.67508379271507,166.97114262668535,142.31232595984932
3922,130.73333333333332,83.92860660416741,103.07834275813168,13.462390514980598,66.20405122755979,151.3940609052023,149.43913282229545,166.7374610128599,140.90234081151783
3923,130.76666666666668,89.22202576995494,101.14764095913802,15.461236953738636,64.39962385852628,150.89038163599676,149.60652401961786,166.8395298581186,140.76670253116245
3924,130.8,88.28099993930226,100.93180514342338,15.261536905923716,64.6759878474135,150.0411035389097,150.39040870412686,167.65414808963874,141.35968714055798
3925,130.83333333333334,69.7368027980262,101.0630207266975,11.785271940814198,65.31396825184005,150.36516861982474,147.275683465613,166.674087603469,139.06810798040658
3926,130.86666666666667,69.0423967121201,101.21450353497872,11.98747342976071,65.40543933636177,150.67814245445285,147.25415968402686,166.0990637926513,139.37925550880877
3927,130.9,77.60709326528509,100.86566902271063,10.481620952916973,62.768813037570354,150.20636019458283,151.06803860109235,167.57344181503828,140.84837824843
3928,130.93333333333334,85.76926497527683,100.39189481878394,10.266475180243384,61.12767238227511,150.5756783306731,149.6920652901311,164.87312650684618,139.7342119776071
3929,130.96666666666667,93.07654256412678,100.8649923140461,14.154141947870995,61.7197139792858,149.97329900829095,149.6959336853846,165.4680007853543,140.9446965297144
3930,131.0,87.96470254386455,101.94411635147767,13.887521608958693,62.42629254295343,153.2359952498773,147.45337167924765,164.48986361344228,138.12908443003153
3931,131.03333333333333,89.20824103718634,101.76985685373204,14.880668712501347,62.75436994676649,152.9068311755889,148.08075588679998,163.72946041653378,138.61168117987674
3932,131.06666666666666,55.772150058984124,103.49671729246221,15.515366785967403,69.81866943394908,152.89758241749183,142.00636403933157,165.63065569434676,138.57535758137072
3933,131.1,55.689599972738655,103.9774662438954,16.107437975612296,68.984786555418,150.67792878852035,145.7450640898398,166.7165656843934,138.6987551301621
3934,131.13333333333333,54.95154543462332,102.29002103170943,16.120823992201924,68.34413703891316,152.4307567549475,146.17222196783894,166.76389277236714,139.16774995285377
3935,131.16666666666666,73.02336951428744,102.16886700508995,10.593873697737063,64.78131062976829,150.36900892697224,150.0111797192799,166.9400699259655,140.22186179749406
3936,131.2,79.57985702361188,102.06928018790467,11.569531669453855,65.14389389805919,150.69367325461099,148.3822414729978,167.18172712035962,139.51654850739715
3937,131.23333333333332,91.09928614633665,102.30598653907073,14.726955081832203,61.95290245143298,147.9673515936772,151.66681311410633,167.70753667892865,140.71125522146824
3938,131.26666666666668,56.422527045080436,100.11641274131588,21.09325773739742,64.20542501484692,147.16047924923706,160.47503516962584,169.25073348190742,147.87702903055754
3939,131.3,70.14596899164148,101.22567669886662,13.153709475714958,64.52435081032343,147.5909935940376,157.36968695986448,168.92406706763413,145.90556363470083
3940,131.33333333333334,67.46608676843523,99.42211114754525,15.21341677419103,68.06303751366089,149.98194426490664,153.78977340989394,168.4671748995616,143.36218307674326
3941,131.36666666666667,62.4655480400253,99.4451622268815,16.93535656212983,69.48066961788211,146.66359127354986,153.50379011685334,168.48645670665644,141.87043767953983
3942,131.4,89.2719369136299,101.25151333787086,10.191172618364487,66.28096980204882,147.11467890061465,145.0754030423094,168.74213359736112,133.57111324305478
3943,131.43333333333334,79.97700920532507,102.79064805886658,7.657043718509654,66.96586014924833,152.691401483855,145.10667110744856,164.12936485695812,133.61836745007608
3944,131.46666666666667,77.5264451915157,105.2909207108383,7.5590689988786055,71.34848915867192,149.36774773227506,141.7180893605135,164.61402020117131,130.7227457523679
3945,131.5,66.89866425248958,105.13325958154297,7.775859428597072,71.9606464251618,150.5944556698025,138.81348124319143,167.77473015605742,131.87649828414953
3946,131.53333333333333,52.01327864556577,105.65019662356767,21.030151177363756,70.60422962750538,154.59731865599775,140.77272261731582,164.45466338477436,134.81917801368576
3947,131.56666666666666,64.57934981863806,107.20565534273761,10.930260808586468,69.59957323581506,151.23290543202972,137.71504724533852,163.17354483059472,128.9270200205712
3948,131.6,64.1543265454597,104.43778264886778,9.448140316928125,71.3440995699133,148.54630653552746,142.58731330786404,167.31887746601865,131.52992717994985
3949,131.63333333333333,77.03114039356555,103.46287815276996,6.786884011323397,70.72351455144288,148.5020735445657,136.01864694778965,168.58464453012516,127.50789779921554
3950,131.66666666666666,53.41350923848838,102.78372149463299,14.838961819854138,69.85161982247519,150.04621551541757,139.51752070643965,168.16752930069993,130.87073430130687
3951,131.7,72.19187035290301,103.98575465463067,6.125025490728138,68.58894637973809,152.69941563693232,140.05410902312252,163.6463889111226,130.62827784325847
3952,131.73333333333332,68.23429025343702,102.9412693515953,7.120693665264084,67.79831718486628,153.22675940973852,141.2505817032055,163.81126368180117,131.56191241036706
3953,131.76666666666668,69.39501871997639,103.87513436351726,6.573093747461863,66.2433659346208,153.67839979656387,142.26230255440066,163.16996072064669,131.58054006253778
3954,131.8,71.65132747903878,103.26266486381246,6.465405553501098,65.79724701686374,146.91494531838677,145.9050107020985,168.10097790836286,133.06434640546067
3955,131.83333333333334,71.02798962773977,105.15869267309887,6.25518044632387,66.23843801141176,147.59353986270511,143.24702118333974,170.1568441409137,130.38577066709254
3956,131.86666666666667,66.9025246402213,104.04259455027544,7.661200882093506,67.61705519602127,149.1582076235866,146.45970417057077,168.4195150136678,135.30012795163398
3957,131.9,65.08479971215839,105.04630676138235,8.05428106712462,67.40473267556123,150.1174719199228,142.91421746072558,165.67300875781322,129.17646296076296
3958,131.93333333333334,58.71415716123721,108.3872361238028,10.441183686040103,67.56884053667518,154.00208116256795,140.79982620118903,164.00878353204345,130.71131151952812
3959,131.96666666666667,55.43393304163582,106.36889200555724,10.403084488439612,71.74651650374226,151.25736360184166,139.2415399352865,167.68258043159702,131.5463918272657
3960,132.0,,104.85186584866767,,69.16124532727939,151.9696600470063,138.29266681291907,167.124183795147,128.10280501691145
3961,132.03333333333333,,101.90949480685377,,73.17155837711813,150.38292561105177,141.0047900494239,169.11388341027566,133.59854104926256
3962,132.06666666666666,,101.25808779653067,,70.68629840342254,152.2641220768636,141.6366603575294,168.04663829340433,134.8071986092766
3963,132.1,,102.40486087545702,,73.80528432547855,153.01256646174735,138.84418526487653,167.16042776738533,131.46698420444204
3964,132.13333333333333,,100.64216467848257,,71.31264708806853,149.15337552645832,139.9212194292244,168.64323972729258,132.83316703024474
3965,132.16666666666666,,100.01500796368,,70.13749843145013,143.65363385616752,146.09323835416726,171.32651640073775,135.76930412466515
3966,132.2,,98.45247025030976,,68.71883726518965,145.3976006959663,145.01906551963214,170.47705626717314,136.10532190154603
3967,132.23333333333332,,99.312099024476,,69.60167304020325,145.28309930710867,146.25226162552383,169.61087305850432,135.49892534582762
3968,132.26666666666668,,99.26558825793929,,69.56842539782544,145.56806547718153,141.27293311435818,170.15310669590295,131.83652596052184
3969,132.3,,98.40472926398438,,76.07735943330525,150.11012247418202,139.65612391951166,170.02266904239949,132.93947153855783
3970,132.33333333333334,,100.20076235367284,,68.0824978309068,149.91087758083734,149.24938054440105,170.805401256613,136.02054178689647
3971,132.36666666666667,,100.30530255596481,,68.5963169617464,153.0911773664853,139.1885059129335,165.36759253655924,129.33261962344505
3972,132.4,,76.09142112694573,,59.13164847173194,147.36323174465466,142.76351955622164,169.16486928163962,132.69566005107637
3973,132.43333333333334,,93.95367286172507,,62.8951736626244,144.86181576767893,145.80371898210615,169.49767128838928,133.2991705617448
3974,132.46666666666667,,98.6786835573326,,62.45992622320118,151.82968358686847,142.6156857733494,164.4033457277872,131.75610257964138
3975,132.5,,100.81756132629573,,60.94343479702025,155.0631819808602,142.1479319084941,163.34103123720726,132.56556889024486
3976,132.53333333333333,,99.89452701332014,,62.00589740512206,155.25889975148914,153.74089925762812,165.16776803711863,138.73913558085926
3977,132.56666666666666,,97.15991876362382,,58.33671012836398,154.52971937581083,149.9046696399774,164.8610643187284,137.75070295405274
3978,132.6,,96.23992803987518,,60.47083368518437,152.41329588176674,143.84215932713062,165.54576448881943,133.46153045211227
3979,132.63333333333333,,97.35142470357266,,61.317466655091756,148.451408745952,144.11832593282762,168.26179469613817,134.10907289156162
3980,132.66666666666666,,97.94058043894366,,64.30929410009895,150.92352471969224,141.64914320034816,169.25847323430827,133.94134353457622
3981,132.7,,99.59338676777847,,65.69536214969519,153.40602502569072,140.41054319297703,168.5369676229486,134.21054247821135
3982,132.73333333333332,,100.19309046819559,,63.26492947777843,154.79253721591704,144.18164609590278,166.36117308949656,135.5936467781491
3983,132.76666666666668,98.29442597411692,98.16991481156556,25.855175959158895,62.417742662837554,152.74857505382312,147.0709239593683,166.8409542102454,136.3455554827733
3984,132.8,82.39072749420623,98.75560495711873,17.097107523088898,63.654313535657685,153.40044571151938,145.12634006926731,167.14984158738693,137.97517328665026
3985,132.83333333333334,72.78385959434685,99.01692057393059,11.793549473976512,64.61303539473647,152.85388340856406,143.50091194831595,166.99346587865045,136.99880728772916
3986,132.86666666666667,66.80758557807485,101.4907643369978,9.186572922518984,68.09967442455091,149.91293829646816,144.97282380350228,167.8684720164653,138.21345465695467
3987,132.9,69.04593105608338,101.26877809171488,9.565218561666295,66.9460204525813,150.6374083753997,145.3299141911078,167.71816876044613,137.91219045244782
3988,132.93333333333334,70.60829014574445,101.65702291964026,9.500968649896102,67.44471061503101,149.8793418359602,143.64710597562842,168.485239267253,139.00947395383196
3989,132.96666666666667,76.2608734475835,102.11486016554097,11.249398312765484,66.97626035623543,149.49338482470665,145.38556487896184,169.31565494727263,139.28401556075264
3990,133.0,93.190110448217,100.20208466423972,20.59485540135545,64.17650139715414,148.82609174549523,149.5578473865902,168.91150259114727,139.82818395986467
3991,133.03333333333333,69.1809287507991,101.75894466212323,10.283346575624396,66.90057915858114,150.56180368341725,146.49863197777572,167.77670545704999,139.50064578938517
3992,133.06666666666666,87.04870095737328,97.68562340428015,14.898145068432394,61.148743303083556,144.58216572959563,150.81106843566397,170.13408406976185,141.42864892408545
3993,133.1,83.93907642219479,97.66872801705505,13.674689662661322,60.84790551887052,149.6016101291831,154.58891690461698,167.51978776001317,142.54113643200225
3994,133.13333333333333,60.9097669528912,101.19543019020266,9.168571178117588,67.95741032949907,150.53697163494704,148.51744423940974,166.61208570482117,141.02288151182663
3995,133.16666666666666,85.38078299574201,96.05663498659395,11.77007796490581,60.5435110024687,146.94990852651057,154.68707578949812,167.9425532992454,142.40412917692828
3996,133.2,82.12205169996291,96.49924417275741,11.579447098144252,60.79760188417104,150.14424155401963,153.29686704621886,166.01339813469707,142.20477187263984
3997,133.23333333333332,83.12709492580841,97.60874805734097,12.957373198702228,60.961633279235954,150.67290682303695,154.31615561919892,166.39251857508788,142.47829399087513
3998,133.26666666666668,78.70807761559287,98.24374731482771,11.770533995635125,61.44583304360097,150.38959095284844,153.79012582835142,166.62233119781564,141.99429943952043
3999,133.3,87.38744660983774,97.95697584460154,16.370504651790988,60.22592731727446,150.04398308142447,154.5653483681252,167.25410496835454,142.26878920179666
4000,133.33333333333334,91.74259711334041,98.09625270486829,17.707306859690046,59.39511919698651,144.76191132983524,155.30895258016534,170.177776203979,143.16236626949063
4001,133.36666666666667,97.04595267781626,97.47961385226805,19.843674710176646,58.55761536289417,144.742890510828,154.04379458874877,170.0322648807363,141.53367552573698
4002,133.4,99.85987473228175,98.67673167733452,19.97617528400259,57.03995124158291,141.99876954329437,156.5468859198967,170.11686658926962,142.79001395431933
4003,133.43333333333334,96.3310284178969,105.93682676384941,18.303434664161216,61.06092003576481,143.66904465732424,154.8392766698563,169.5895453703282,142.25469086531052
4004,133.46666666666667,95.21541069469212,103.17463525943174,18.357877042047452,60.4933563825622,143.98950450931898,156.062510990559,168.52456988599758,142.72010352062168
4005,133.5,97.16922536361159,102.97647092707196,20.342865087537692,60.51809832431446,144.73294085493959,155.89226913648386,168.11305671255133,142.68508431136704
4006,133.53333333333333,100.04606816129532,101.06347246575628,22.229046670741162,57.99165586377808,144.86749822958961,156.42509263403872,168.79414084200656,142.91018135446464
4007,133.56666666666666,94.40290383413044,100.47638550989973,19.422680985449233,58.869831401616246,146.23052949729976,153.69537213778818,168.0344315722818,141.1193210575707
4008,133.6,90.38458577564552,98.93660231325545,15.88301960659615,58.727898640900044,144.88000952329762,153.81879868917176,168.5637388210387,142.01221312208057
4009,133.63333333333333,88.12871114059546,101.58586542764253,15.790060283313371,63.11871935235852,145.12082600102826,152.51316076052876,167.58302816876636,140.23380998943367
4010,133.66666666666666,81.83402815712932,102.13020684514542,14.627456583224197,66.28513521918133,144.60946121881338,155.846604447176,169.09318929071262,143.07557715300408
4011,133.7,63.32769143893485,101.53074470384742,12.968216606279313,66.05516573590188,147.20649466647632,156.85352707029142,168.09699534196312,145.1063616619278
4012,133.73333333333332,67.97444249357058,103.11965379678932,12.266718963335721,66.29899042334678,147.40299821682612,155.64570816540743,168.89321555344063,144.63194045646802
4013,133.76666666666668,70.96865517831165,103.31504955014842,12.854445291647364,66.81556862511464,148.44955923765963,154.6709993417938,167.57954418727059,143.93311036767426
4014,133.8,73.43061113455572,103.31842322533622,12.722439216353271,66.84888701425453,149.2779086914558,155.4450574170995,167.55109674623773,144.4645523882827
4015,133.83333333333334,72.45499116167124,102.76848710156672,11.909626430608304,66.43416490437679,148.75040278852612,155.2002621866136,167.69723187614122,144.65937253324387
4016,133.86666666666667,75.2044870352422,102.8157502325737,12.855801982920644,66.1820136291741,148.89814930831994,154.96641226090114,167.38061707817977,143.2205526018884
4017,133.9,67.84267453230852,102.16058938787063,11.471041212349332,64.56047887056508,148.55194787088624,155.0152062320668,167.5877366514212,144.8193634911571
4018,133.93333333333334,72.67458709426414,102.69873906725773,11.685573980942127,64.17657713124736,148.15810264544012,151.70261033037232,167.71017670685606,141.9982896976132
4019,133.96666666666667,73.77041210346115,101.1874776678108,11.630631143523736,60.11381836739601,150.1889897374565,154.43777117707847,166.3919939681849,140.53206403402785
4020,134.0,73.00471557416026,101.55012129067359,11.701975833474588,64.78480996341088,149.8736164132091,151.38489701725047,167.55800017033997,141.63372029745855
4021,134.03333333333333,92.83967570511282,100.68457697288514,16.90078646191661,55.10867658532207,150.18226738142394,154.70549740242967,164.6640481991984,141.3300841827154
4022,134.06666666666666,98.05510803867479,98.93855494207651,18.763879801365153,56.061077940081745,146.88358424857748,153.59083359963643,165.18990222960642,141.13147991828336
4023,134.1,95.45565530648338,99.37343144400562,18.176175577903333,57.097986591778565,147.48167639942847,157.60623042768756,166.1884433627315,143.78394274052434
4024,134.13333333333333,93.85194848496651,101.8206642929891,17.855413763610034,57.048262515095324,149.6087032448256,156.90466164065322,165.51904983071358,144.7176693471619
4025,134.16666666666666,91.42854884504435,101.9859694281953,16.039740374204435,57.20073900297256,147.78759046102581,153.61482391880648,168.4089298557544,142.57984910015088
4026,134.2,89.95257266280709,104.56788770101207,16.013936862644126,62.03797796016258,148.85011528401304,150.6292868705484,167.10125615918648,139.62254510189314
4027,134.23333333333332,87.84326981420936,105.48763298156692,15.627661546624337,61.959284656090986,149.90234311814868,152.43113480464535,166.30425016489622,140.24220086025352
4028,134.26666666666668,91.85386806761016,104.59392003694498,16.344960114223326,61.59684760884901,147.91262448823983,152.91599976224666,166.47112881746077,142.38145130365635
4029,134.3,85.2529805479042,106.18382386350211,14.494475719987665,62.908924318311705,149.3713024666492,156.1366033226952,166.2503451464707,143.90916875996734
4030,134.33333333333334,73.61442417946355,106.1652751689083,11.561272738745666,63.37986969959877,150.0345695792112,152.77809819063722,166.2408045330671,142.44001479918958
4031,134.36666666666667,84.95864258291041,105.47213980957834,14.499629266390736,57.50904497745553,150.80905916625179,154.38192715320656,165.34673174003805,141.14157640613618
4032,134.4,84.28214918852997,98.85597451696958,14.040171736941096,60.33135325942049,148.56013495429428,151.09010987590904,165.3041900087527,140.62380996124818
4033,134.43333333333334,87.20206367095561,102.73573389280456,14.888400861539758,63.82770388628613,147.09810045080152,155.59602825147806,167.1188401931571,143.67679443683588
4034,134.46666666666667,92.45344555865623,102.97343410123543,16.401926773778587,61.6471902557027,144.91744960650666,156.74219482578792,167.54768291746973,143.5196164185513
4035,134.5,85.31497878579282,102.42897231335083,12.869617508420903,62.32444742820985,144.08152411843506,156.6375249227706,168.10395892820802,143.1447970460754
4036,134.53333333333333,83.49847295392944,105.97164614008548,13.02964211548188,63.50382189517725,145.25809706193758,152.10539796033606,167.37514989033315,140.11573672122066
4037,134.56666666666666,76.71307640287083,105.41910428280156,11.987362088845382,65.4262949473941,147.9300567116525,149.1835493384046,166.58648290566433,139.74693822431348
4038,134.6,87.35027958131681,102.78661268505228,14.63378208280256,62.242328565094255,147.8033503727607,152.09245997639727,166.38631128530022,140.70585713033708
4039,134.63333333333333,83.8523315630882,104.58404910598632,14.031135252223025,66.43902973731979,147.246931610842,155.27248072263225,166.61592508321422,142.8188597003348
4040,134.66666666666666,96.21584124551188,105.05849857884029,20.88563060068502,61.16959574706641,147.7633381702943,157.3392696385715,165.3033844236404,143.00864877724842
4041,134.7,93.04713030031961,103.73322271377052,19.478382707748843,62.196313320406915,147.00312253670236,157.62099134030856,166.7059588712449,143.9414813839716
4042,134.73333333333332,91.63664979424145,104.76372341265642,18.929395643360795,64.05053757825023,142.9010517095423,155.44208929604184,168.81657428135978,142.89367811819258
4043,134.76666666666668,99.22713707083912,103.51548066757195,22.352202079105997,61.952183813221644,142.66222445233313,156.66414010189962,168.51624477406344,142.70066846438735
4044,134.8,101.44319405046623,102.49196620031515,23.085890658661842,59.08373417349978,142.3841664902722,157.3353977180275,167.84636817428213,143.25391873980118
4045,134.83333333333334,106.35323572654438,106.21153192192385,27.377897303051963,60.797214449807136,143.92847366508929,155.7084762046622,166.47267779642021,142.12881639254238
4046,134.86666666666667,110.30836421190057,110.0395804250182,31.45254649676251,63.98554449845074,146.1259503258984,157.83229260703084,166.16955400303277,145.9882454980291
4047,134.9,104.39633232387705,113.38422855354048,33.18277708257835,69.07506726001093,147.56096566568607,158.15747530040483,165.50013742119376,148.560913908014
4048,134.93333333333334,109.68932817400314,114.00218150695208,37.64756538025683,72.57301289518219,147.79252612592325,161.70502542207163,165.33252054608113,151.17920874970335
4049,134.96666666666667,115.0341768423708,114.2415211828496,43.39560591547814,78.21264567850054,148.15101451261225,159.02947040209932,164.4547470071936,150.30644644107053
4050,135.0,115.35100495074202,119.904495585026,48.621859424084455,83.07217195473163,150.54844551525287,159.93109637059823,165.2598312863037,153.09325066263486
4051,135.03333333333333,120.89225788516903,124.847458063992,58.48865565798088,90.28824954300016,152.39246843140054,159.59732805956082,166.94646572566302,154.94867365522398
4052,135.06666666666666,108.05204403827153,125.88905439408649,61.30363900361857,95.08607749821499,151.38226336256713,156.98397707045203,166.87212099203134,154.06620660149963
4053,135.1,106.17331566423042,120.42172379783996,74.93959402979195,103.1780400021697,153.90917212686307,155.62208486065472,165.7897336122492,155.29760317070728
4054,135.13333333333333,84.50332240404161,114.13058938599066,94.52876831465855,106.1038433264777,151.59355106594313,149.10219973810638,166.30014654286302,154.24948804226418
4055,135.16666666666666,88.00198139691389,115.411231204838,98.28049626237456,111.26480022527932,149.7471007968568,149.13290776914891,167.8455010932773,154.3191545037682
4056,135.2,95.62806480119423,119.67640804830128,106.83336641207434,115.74865978963867,150.28302698655017,148.8360192291727,167.0617034810143,153.22354028998333
4057,135.23333333333332,105.62329377648894,131.7364002187638,116.97939649056158,129.00678248859327,152.0496118333262,147.61806504596024,163.36556500211057,151.61525461162606
4058,135.26666666666668,113.54939380231633,112.6719958698582,124.0668344010274,131.5664090209827,147.24552583054674,155.4839188415974,166.22695021838325,160.06717555684236
4059,135.3,122.71828391306043,103.4182366130096,126.13199330766186,141.2818061297366,145.0577501111981,155.3959497867811,169.27802420654788,162.42974926817544
4060,135.33333333333334,117.33120069284175,116.96825612565344,131.64737315963075,136.5862922059275,144.75520979555634,158.92583791504487,169.4533339854791,165.1990703440898
4061,135.36666666666667,117.67306634790357,118.65834527709565,133.78706732079957,135.91692368250233,147.9963161006406,158.396555394983,169.62252020334438,164.24835145841422
4062,135.4,120.82074790897148,119.3159459376172,137.65398616563203,143.78208607320252,147.96272073779735,158.82483218213406,167.70525133838743,164.21103697389168
4063,135.43333333333334,121.80541675150319,123.397542409257,136.83335132654463,150.39322077685478,149.95205833428022,161.14488770616734,166.872243830129,163.24042912514057
4064,135.46666666666667,121.16572448512515,122.2850342119211,139.3259009566884,150.1203447049014,149.22835858381035,159.36906843007927,166.52237288334442,162.11550882832373
4065,135.5,122.94814629135864,121.6184722946671,143.607231541571,149.07927844550755,148.62916170377554,154.92996147969777,166.26240144503086,158.39321188849675
4066,135.53333333333333,127.08390774569294,126.85461346590176,149.34907777735614,153.5031399029908,151.86031997126938,152.03978351583663,166.25088530579657,155.66395702714937
4067,135.56666666666666,130.5922518251095,126.33677235972978,154.15927820300612,153.82195264984668,150.1745353550352,145.39134578954182,165.2093039251891,145.2680445059286
4068,135.6,132.69861231856635,131.257932014211,156.59234831739147,155.62034476468827,153.0893694517588,143.4788554795297,166.86455357840558,144.78477269070862
4069,135.63333333333333,133.9856391602064,129.89557471403424,157.94149045658702,154.53363850453536,152.25130575172682,139.48754054217935,164.5782804257898,141.86701864296006
4070,135.66666666666666,137.51843943886726,125.79042400674327,161.9698190567468,154.09233737943453,156.66147512975752,139.60215578652065,161.71534963914652,140.6978518458632
4071,135.7,133.80384391136275,130.70858696663,161.24879504643775,153.48777870535613,154.27868585512027,134.58064047465749,162.25836777821317,136.5813355552755
4072,135.73333333333332,134.65697050830238,132.0676961237084,161.70169131904154,153.77728590559684,153.74817179885136,133.41226428262644,162.97876956160263,135.5591529688158
4073,135.76666666666668,135.95008858050457,132.00746026522756,162.42634665083511,154.83537353508424,154.10040773204406,135.11114604058434,162.77043522256832,137.45680946993843
4074,135.8,136.32473318860718,134.3925668730131,163.36508990288843,153.95674932146486,153.21987967249723,134.8292273763547,162.54035832579268,135.91060891200297
4075,135.83333333333334,136.4767379631421,135.3492878772765,163.21498757475922,154.26252044868806,154.40953566020207,134.15937730956557,163.20702698605936,135.31276860760008
4076,135.86666666666667,136.70782126409026,136.64228588086453,161.690333011644,154.51747999898393,155.55933448483083,134.74995332173438,163.35736952948778,134.19797515662006
4077,135.9,135.9378901596651,135.6157293351043,162.58072855690278,154.22264244157202,154.82692997377774,135.14254419832238,163.0005600544953,134.62360997815813
4078,135.93333333333334,136.6512476576505,134.97046185587809,164.00963327296787,155.62017730764438,155.37283188882688,134.8815120941407,163.1772607096916,135.62356691016737
4079,135.96666666666667,138.62301492054573,136.9166727145025,164.3834789056733,156.2221315271051,157.19288908143656,139.69435611667942,160.86115784986848,137.05408820714538
4080,136.0,137.7016114093083,136.8492335107656,164.9600926247758,157.1336432640166,156.58550115459033,137.9613220147164,161.0998648840474,135.17337357105202
4081,136.03333333333333,139.1068547557991,138.8382724509242,164.94864920397833,157.25177527443515,158.59608893100233,137.3388050981978,160.7550144898577,136.16414332928022
4082,136.06666666666666,137.73539301100126,134.74356005690936,164.17488086360402,159.0832749807646,158.48998255754162,138.5757017889028,161.39781438183323,135.93280410520515
4083,136.1,139.3792982546168,136.00635764536204,165.01794299967787,159.37300837894225,157.88825320513706,143.81116486162549,161.3023062838908,139.0931253623116
4084,136.13333333333333,141.0525351939588,135.78319766900913,166.58531610158755,159.70555027423768,158.19357740852354,142.7023911866686,161.64540876242415,138.8665835477277
4085,136.16666666666666,140.06791387330674,133.1950607242159,166.17552767908907,161.17102950805554,158.7396649952602,143.4663901372827,161.21514638937913,140.16356427157694
4086,136.2,139.5262187220188,134.06066475926832,165.99114701484052,161.4869596318104,158.4006370021439,146.62023808097567,161.72622686648,142.09478084496223
4087,136.23333333333332,141.0212086709456,134.792262991393,166.7978703069718,161.98612940147294,157.86635161104536,145.3325288024489,161.96234386313435,141.46163236664964
4088,136.26666666666668,140.27865477911556,132.68326279981702,166.4506743036636,163.13798011167614,156.3792891360253,144.4460562080224,163.48522375809873,141.04312106897663
4089,136.3,139.83492240894213,135.60802616426017,166.40216580962056,162.31563946848559,156.64164654026763,144.73881739566485,165.5433668179345,141.4309282310945
4090,136.33333333333334,139.48586601126905,134.59813748114993,166.28208655951758,162.02339686901203,156.7060686243639,144.6270862815997,164.59550811567757,141.8405520546106
4091,136.36666666666667,137.47265212829512,134.75507059493006,165.67079508260053,163.56753513748174,155.8278115747677,140.01236746140066,164.27225280463094,137.71181506469762
4092,136.4,138.80330507928892,134.43464754873332,166.84946189911756,162.9960286642497,156.08704038824192,141.09686636859175,165.09085310117902,139.2315395329174
4093,136.43333333333334,138.6257185091018,135.39314523030586,165.62041807250455,163.7999632360037,157.20570647400766,144.65734320051868,164.57960546818705,139.53708189862706
4094,136.46666666666667,138.5533732075465,136.219815466481,165.50971567070738,164.61902474038502,157.23607541293143,143.601705042958,164.42700149015994,139.87465496801426
4095,136.5,138.3478421418685,135.66785271737717,164.9348160210153,165.5054722564951,158.0262882245601,143.84972189637872,163.86323777897374,139.49878083095484
4096,136.53333333333333,138.6874997374043,132.86530747417905,165.96592599944915,165.2351829709554,157.0837487029255,142.62265874493318,163.36941491247313,139.79449963445472
4097,136.56666666666666,138.59476202155142,135.96977105510183,165.81851377965154,164.72107316797496,156.42594802636503,141.42848281392253,162.50542260679666,137.97523375637854
4098,136.6,138.19335627639822,133.5095199255351,165.631435829811,165.0454505951968,156.95618821273857,139.38313531993623,162.32766083306038,136.75404933586356
4099,136.63333333333333,136.72775038169019,133.66744086187086,164.63675270873097,164.82332679473643,156.8245716824888,138.9477941157392,162.46185377820674,136.67237219439883
4100,136.66666666666666,136.08399511765484,133.05655164522994,163.20120926022688,164.11244385210296,154.57442392612032,139.03528730678926,163.35536258071204,136.48213983741365
4101,136.7,135.54877594679738,132.63417914269638,164.6052872171259,164.26714433693968,156.56314588153637,139.36221721946006,164.438663061835,138.88206794266586
4102,136.73333333333332,135.69344239540632,131.72809976673423,164.87377709633608,164.6324096162959,156.47782023339158,141.89744337329472,163.91380718814477,138.54983279022878
4103,136.76666666666668,138.77942663568402,132.84515251564915,166.12587110518274,165.6068913028895,159.38192898821498,143.14913864446657,164.13496355930525,141.13965816007305
4104,136.8,137.95915674984533,133.37231619081848,166.4387987715412,165.60912190165362,158.8486136823696,140.56396339234328,163.81199405023673,138.0220046538632
4105,136.83333333333334,138.7277695128108,132.55787344837097,166.93152467561274,165.2281142126422,158.16587332836295,141.80365319958466,163.5867443848917,138.55898396186086
4106,136.86666666666667,138.14306821659673,132.7996717904755,166.55756833802275,165.3512751453838,158.05510189607372,141.53665873435767,163.73673603382153,138.4460238437983
4107,136.9,136.9365474908543,132.08566941000782,167.01698260974266,164.69267214636525,157.018696083546,139.2183728629866,163.70612312139724,137.40574773068045
4108,136.93333333333334,137.55678673662837,133.2967882540274,167.10632459999255,164.71390135781115,157.5057075185668,139.61396138707286,163.80320636792447,137.02030564276308
4109,136.96666666666667,137.75077033762378,134.25798241298335,166.0436887836545,163.97422427646504,157.7366641526655,140.12137155146706,162.06259667851435,136.47941220510583
4110,137.0,139.1672985470188,131.47662549824867,167.24613228198317,163.94442248947897,156.05589934980372,143.7630706546441,165.7014450032634,140.4997839817074
4111,137.03333333333333,139.28455946975208,134.2460242593316,167.1548905455256,164.40929458068837,156.15754828916943,141.26474018610597,165.54541169070512,138.2502629878374
4112,137.06666666666666,138.48674859947482,135.89328171833336,167.67702899881513,163.61394916898644,156.85525997515478,138.6159435989141,164.9253434608051,137.71268660691277
4113,137.1,138.19656009327574,135.03912696102987,167.5239898460499,163.1834606204078,156.2448427912382,138.54493335463465,164.6009136974323,136.83171257477667
4114,137.13333333333333,139.9559541054179,135.2378973017686,167.20434518745347,163.90439405267935,157.63863328585802,145.87380441593703,164.80086245358515,141.96243566878593
4115,137.16666666666666,141.45928463866866,136.50490214007885,167.65031177098575,164.17823137972871,161.4995058202037,141.16127676217494,161.79328452791216,138.73867397633254
4116,137.2,141.24754347173052,136.81993902365144,167.44681336069982,164.32902346193936,161.6210917892768,141.0079697550609,161.1077794155299,138.38309865852807
4117,137.23333333333332,141.63704201651922,136.31566076065874,167.6389285210267,164.13291387026192,160.39864607375645,142.7778323693233,160.9010412040018,138.103415157788
4118,137.26666666666668,140.63740934562932,134.75666408483136,166.77447299722667,165.17283839668067,160.3946949863978,139.12386991598595,161.1367582376554,138.68671335487466
4119,137.3,140.71389012530858,135.21167778117524,165.60637247011957,165.9518878632646,162.3568562608729,139.72202750474537,161.5083110168891,138.31625491660589
4120,137.33333333333334,141.0623221176198,136.57061909798185,165.87925712372018,165.5207774035814,162.44688095081892,140.3709618071001,160.23823684299887,137.6694697413684
4121,137.36666666666667,139.75847439226914,135.55637849104414,166.41173226958017,165.1898564776027,159.61112486133163,138.5711855876931,160.81405448966737,137.96684672490335
4122,137.4,138.464266454898,135.69494880246378,165.84737493464863,167.03812522793245,160.57979388981266,138.21204414693668,161.63201796870501,139.03770694930728
4123,137.43333333333334,138.97281144130895,135.70297306959503,165.2839725445554,167.05424623300394,162.18370424872603,137.98302929158987,161.10273110409943,138.81804587166985
4124,137.46666666666667,138.91094478189163,137.3735963788845,165.37132294148137,167.1128707414114,162.16183652685763,140.50156893975344,160.61962729559326,139.1314581085209
4125,137.5,139.16841185931509,136.7719983243517,165.70863271441982,166.2295456710016,161.42867429922327,139.1186351822931,160.12870450256128,137.30743252735024
4126,137.53333333333333,137.26811506326445,136.37993242494935,164.34504608565567,165.2465875823796,157.8347108614007,137.54601232054694,161.90818172190023,136.8307141331843
4127,137.56666666666666,136.87022068998206,135.4280398013704,164.2215478231639,163.97644927628346,157.06052697990071,136.1856206257209,162.11860887697966,135.70194265921708
4128,137.6,134.58741093434088,134.122086465117,162.8607508325127,162.60865161102663,153.693576881972,132.9044170152012,162.90552633399412,132.60468125596418
4129,137.63333333333333,132.29254347998622,130.65576231040322,162.19444256611413,160.40448708529863,151.28604177949862,133.8172188094297,163.1841739797325,133.4084833068331
4130,137.66666666666666,131.82660707005275,128.37817068348772,160.67704928364134,161.53745270677626,152.26986004970692,134.06921145895512,163.3441661819986,133.33499927387544
4131,137.7,128.6778891725517,129.98948414355235,156.33816498347377,161.50652968855357,149.04732367559055,136.00933332046,165.20638266763467,134.53853882111713
4132,137.73333333333332,127.56420397554686,123.6168931570216,155.4349278331219,160.5037601028067,148.80526409596152,136.8003639386352,165.37802846214532,134.8259276541667
4133,137.76666666666668,127.00922587293911,122.26372131698966,154.22345955918647,158.77504636768958,146.8981104237664,131.5861010255676,165.56170468926746,133.32983259880257
4134,137.8,125.70140214401665,112.86608805051539,153.99001168194312,159.69676048612087,146.47196261904523,134.63451269891777,166.10761498748042,132.1402001603867
4135,137.83333333333334,124.39743236612827,114.48714540772308,150.76216876236217,159.31514513333025,145.7239064452111,136.51477729428643,166.21968437858936,134.37011967873192
4136,137.86666666666667,124.205460691234,114.90983071763753,145.87270807818604,158.83597544238637,146.9865538735824,137.15329192124867,166.51244173166614,135.2579534122925
4137,137.9,121.09628977349062,109.81260462600234,145.87910327705174,158.8149492935587,145.45035344297978,141.38178194840998,167.16344983582442,140.01303173538466
4138,137.93333333333334,127.71212682186628,105.44793706238559,138.76554179911082,158.72479735485342,145.33430795123763,143.89360510908773,167.5153246810953,141.54593832221357
4139,137.96666666666667,122.23668164062963,109.92019245418783,144.24332873395036,157.2694424456107,147.05763829940676,143.65305968305265,165.83608043572454,142.90731613051403
4140,138.0,132.06818341788846,109.83085415446412,135.43684515397453,155.5815189590926,147.23809823363464,144.65027803204515,165.30528935085442,144.12745250652668
4141,138.03333333333333,128.02721953135986,109.75323964443106,131.3909908410883,154.98220665656146,146.4120106722497,149.4443153624811,166.15182060658498,148.78441578853315
4142,138.06666666666666,131.65223194698552,104.65417041668783,129.67126180364363,152.82478926191894,143.78675913326853,152.8514160188538,167.91627860746684,150.04691633501338
4143,138.1,127.14601443300697,100.91934923766914,131.55716879183623,151.27320569972187,143.31216859557958,161.98336679596065,169.70584171874154,159.17249235944928
4144,138.13333333333333,126.16669244126503,91.55034686837227,127.7728285305442,153.333047365361,142.8332378981671,161.16860106689,168.17810529183242,158.91704960307186
4145,138.16666666666666,118.77620875396734,94.09493650274794,130.9430908022852,142.46886658034796,147.0999426058582,161.08304261398072,166.6591069554274,158.37607859650674
4146,138.2,120.24312158234511,103.25803377934555,132.83459894503275,139.1512860289231,145.11491175809962,163.04597152094436,168.14327274376882,163.96072604304274
4147,138.23333333333332,111.39798642830121,133.22453539453366,126.3613555402203,141.92644468313867,146.8518927414489,159.19275395138862,166.55837215945562,161.2732242956064
4148,138.26666666666668,125.86531263902584,109.92315173730577,126.95878574433549,135.18041419682402,144.51384313557918,162.84624245610254,169.42161348661006,162.55080042683508
4149,138.3,97.70555810033113,118.55224506487673,121.00944821718429,126.39717101606367,148.06004186852678,163.9540450386891,165.4466478716866,163.00449425622793
4150,138.33333333333334,91.65871889532104,110.54223017443826,122.02088496812172,125.23717089073546,147.45778852681354,162.28312703523238,169.3791713763581,165.7819965675787
4151,138.36666666666667,95.69429066786748,113.17236135539193,111.96366071214455,120.33563860223884,147.04334717974783,160.84180470679573,167.7075363530632,164.30735490384302
4152,138.4,90.56751756350562,95.15102407934903,114.53353770347975,122.55659107687606,145.14517611284933,166.685381900876,172.19388913497292,169.01464999053044
4153,138.43333333333334,91.0116971549391,114.42913282944671,90.19944315294443,115.35056609767068,149.83028395630112,163.22241352110683,172.75209238911597,162.98067955202822
4154,138.46666666666667,78.68884328350872,112.47919851998144,82.27367555323846,108.43128832028292,147.60043725645556,159.928845205629,169.53841451703897,162.19461851305894
4155,138.5,67.84747951578139,101.68851948835749,73.53167907396468,103.65577177450524,147.2744342249541,160.45864290582406,172.51967066658122,162.87804253446083
4156,138.53333333333333,75.77590261496417,110.70717536539198,64.46428576947552,97.27718206255862,147.3101643128748,162.6956817563682,173.5914038206103,163.5418751299664
4157,138.56666666666666,69.32966036730369,104.77413587775942,57.557233611297704,88.91371274601774,146.9400617259508,159.34131679091323,172.63998641807058,159.5974054197531
4158,138.6,78.41166541496165,105.8202259242985,45.203082247824845,89.77639827289688,144.46505374863014,159.98906645268474,172.81328516993895,157.59947923908007
4159,138.63333333333333,96.82550583074566,109.78569248794871,45.10584552271687,85.3255599377315,143.9875901505804,161.70794042152875,171.96162482364815,157.33889168119842
4160,138.66666666666666,86.24797525797743,111.73751889036899,39.89640767692982,83.85899063146249,144.08895333476823,162.20737042569777,170.71785433817746,157.13640346426666
4161,138.7,83.92106147501539,118.90293037298909,35.96285679949248,85.08370465205759,145.34207518436696,161.9602086041166,169.24827942071173,155.07512573062928
4162,138.73333333333332,86.28896163388787,114.01309928268901,33.362439210016106,82.78271978228996,145.41448510268904,162.91327880672512,168.46057965638306,154.89767377574205
4163,138.76666666666668,109.60089496594185,115.7181829959134,37.42084466972913,77.45926022424668,144.51528064928672,163.523829839325,166.19658565520453,150.8664172112165
4164,138.8,100.17301780639902,116.2478381114827,32.09051730408335,76.62926814361361,145.3825304147727,165.74902025299968,167.51337426909492,153.34650550494337
4165,138.83333333333334,90.8560244093694,114.93111305633514,27.256530745454405,76.14203673391108,146.23680751227533,161.28525157498532,165.4835425722476,149.28772825365428
4166,138.86666666666667,84.07531751475041,113.54818539397436,23.26115368628838,75.80240115408668,145.71857442983276,165.1860688170902,167.0994413233174,151.06186084042835
4167,138.9,80.07685206447911,110.13489398147226,19.588713319567436,74.3340637857589,145.00498244289216,164.41307309612657,167.18518842657681,152.0906004630916
4168,138.93333333333334,83.0579629201077,109.98791711568518,20.032037971126197,72.05421828518685,145.5881656821138,165.25632408056418,166.36830550940508,151.61558249435723
4169,138.96666666666667,50.840380532818806,110.19463506643113,16.86904194152005,74.58058147784175,146.88608041928885,162.16042392342038,167.19986263734597,151.54289996489487
4170,139.0,35.112010199744006,109.8874171991746,24.063303396234183,76.75512283707229,145.70019641081143,161.3169244079766,168.60912525277905,151.5169020358698
4171,139.03333333333333,44.876149600563345,110.17306479636422,17.327151435430626,76.57015219609202,144.06843184239838,160.75131713049709,168.9285867633898,150.27232084517897
4172,139.06666666666666,39.76502795342463,110.93731772424667,20.778259616541735,81.06074899492071,141.2263419332825,159.29674751614516,171.88941087277288,150.06656114820137
4173,139.1,43.920008289145365,108.97648097591863,17.22924407457777,80.63976998280852,143.3202995848385,159.8830930583284,170.96298768480213,149.7991400621715
4174,139.13333333333333,61.171309670112855,107.95741723602593,12.862747465271358,79.29415374748044,143.03801701933747,159.96049458450122,171.3127182401762,150.25133194598106
4175,139.16666666666666,56.19465505000884,108.68086043213441,13.84080049436269,79.89918906960621,143.80998824402803,162.3201105984679,171.0660215250344,151.93075466621463
4176,139.2,86.27515812509849,108.68012517630092,20.402313299041694,78.52909027839026,143.45715565621478,158.11326401802785,170.64940957139075,143.68271153166035
4177,139.23333333333332,70.92873946574998,110.60467834327126,12.334575730752913,78.91340015976823,143.176264035257,158.20889016000382,171.50741462402925,146.67856853252584
4178,139.26666666666668,24.941292658292376,111.178121368375,22.002416009705453,82.35234676431232,146.7237127564409,155.94554373735266,171.61627189035866,148.29525184207
4179,139.3,34.97625648536322,108.00304723018999,19.774505714705807,77.10643651713202,150.4032779562103,153.07918676851835,168.70573113425354,146.12194567665387
4180,139.33333333333334,30.418611040308214,105.51009642622583,46.5559034677395,79.5425826634979,148.46996773167157,158.30572110258382,171.23806504453685,152.24517683283187
4181,139.36666666666667,19.762455668762858,105.26561705405233,38.84911446562859,79.35460997529644,145.89250030762034,154.47028012226582,171.69186255774417,148.60671375969517
4182,139.4,19.649228280145728,105.79043270500996,45.060613786312466,79.139134833403,146.03892515434399,155.20020244054712,171.7634030335933,148.73551241182733
4183,139.43333333333334,35.18768813317088,105.5932079484835,25.32625482798084,76.83051909775568,145.84649050368392,155.4310392038736,171.81958778183724,148.5608097072425
4184,139.46666666666667,31.162342339704946,104.42453593313853,29.3220508942551,76.32169416777687,145.71982113571508,153.81688034605534,171.82780277273392,147.0419661678231
4185,139.5,49.45520916770136,103.40959674552413,18.596864641298538,72.89750372627441,145.67094020413808,151.7916998428721,171.46369254294598,144.0637686933319
4186,139.53333333333333,64.08670127326782,103.81037671878008,8.874810732562144,72.99925967694975,145.82522959890977,152.59986862935995,172.08417891354466,143.62636313594814
4187,139.56666666666666,57.45196059763961,102.83144547109057,10.288359844627252,72.42920267518868,145.74135076767723,152.8560692460944,171.94959115013407,144.06265189157347
4188,139.6,67.8988902760571,102.21355789177798,7.643123655601328,70.07915728652232,146.7808606397893,153.71256677940042,169.91331931810413,143.44656650203075
4189,139.63333333333333,66.74875395713434,104.12911953533717,7.523548883421383,70.43378907572745,147.84210963965768,153.30524487911075,167.88508651360186,142.63155566488092
4190,139.66666666666666,62.18428473241678,107.650816433869,8.23620732430978,71.52558925036104,147.27789687368292,152.7885305765831,167.20062488830746,141.7186115220615
4191,139.7,59.96229265453154,105.02525987841047,9.294241544529342,70.4390674112752,146.7281557791965,155.51581625028325,169.85070133186585,144.38740541138725
4192,139.73333333333332,66.08013155816072,102.75792722718222,7.968853889760459,68.18962182318583,147.31266721289322,151.92086118131868,169.71276054455845,141.95448390276303
4193,139.76666666666668,50.85820841059057,105.29162700644613,14.024598197112892,71.80795278381717,146.08550940603638,151.7817209649179,169.81174888494624,141.44115090521805
4194,139.8,44.88590661838003,106.059548664681,17.108804030574984,72.2553367910058,146.04939280094277,153.59525111977328,170.5656388666333,143.95750301671666
4195,139.83333333333334,41.44723617849048,106.18920802319315,19.391445249115574,73.17290302507486,146.93701314316561,156.48303748751263,170.696606968285,146.55488312044318
4196,139.86666666666667,45.31555298835577,103.12429703700542,18.468094959792143,69.92066830196268,148.51821632510567,148.3698880170449,167.96747601786691,139.56132137977167
4197,139.9,61.22728407054575,104.0106410018586,11.532325990639656,70.16581338884514,146.47464054864645,149.86144601333734,170.08549877833292,139.648408012677
4198,139.93333333333334,66.9355405299023,104.77088078735845,9.102981375120857,70.34365718519977,145.94903435707144,151.82089779276055,170.14524241912625,141.35676555792108
4199,139.96666666666667,65.55776971433012,106.75075138887135,8.708084088547018,70.62903635206698,146.4989388259541,154.9363678116975,169.79184620709142,143.02355420698612
4200,140.0,70.34828311850882,106.64067319379564,7.969454853658651,71.26977078316702,146.49838708833013,154.72547925485608,169.40549882239335,142.8864069145042
4201,140.03333333333333,86.3044376736426,104.24903983376065,11.886523362407718,65.97937342113185,145.67906648945132,156.3671205691304,170.043870220709,144.22490370707777
4202,140.06666666666666,71.49886372304142,105.18567762581017,7.6210961477803405,67.160605697682,150.3865171975013,155.7351143707726,166.03732826041198,143.82970890623017
4203,140.1,62.592173972972454,107.15679722908158,8.746679659213532,70.75303046442477,150.65848241306193,153.97454906693898,166.44977910906138,143.96593849616744
4204,140.13333333333333,68.78961784005854,107.17329852884349,8.45820197005846,70.6952611124103,145.3835435335557,155.7518874774849,169.80778283587654,144.42533262789556
4205,140.16666666666666,46.968446323346065,108.222108315438,17.01437908660034,74.9755659753912,145.46299481714402,155.24802265781727,169.01813675453226,144.04013194325628
4206,140.2,47.571649837550474,106.41062919214417,17.569982934236492,74.19923898716975,145.95073490013527,153.72275533561302,168.72679520663948,141.64066384777072
4207,140.23333333333332,48.86040005442755,106.07513580779586,16.298208074247892,74.05954036559852,144.49831467109618,154.58079103090031,170.53781062254225,143.6139074777428
4208,140.26666666666668,50.00773908434301,104.1067946789343,16.311171478668925,72.30182479799038,145.11058160896164,153.90793674235127,170.79090272946328,143.0157876623408
4209,140.3,78.59111676304352,103.97144108520749,10.327440620005007,70.53727939874643,145.68875482049592,156.7754038706319,171.557059410373,144.69788734231835
4210,140.33333333333334,47.432444145348924,105.86565924310297,16.65077686775646,72.81944547000982,146.46912326731808,154.03109631201463,170.67335623860836,144.73386779501251
4211,140.36666666666667,70.8965872261727,104.45980293278147,8.27608785427892,70.0669839352699,145.69858292933398,156.0243137596851,171.28752048084928,145.46136244111304
4212,140.4,65.29075946971513,104.42658923541238,8.623696064297091,70.01910063265822,148.7742345794702,154.42775769606087,167.15345779237796,143.87242044329335
4213,140.43333333333334,73.71775304208099,102.53996360055892,8.119798140174124,67.80883015318652,149.5310530739628,156.5043631674499,167.6720342366788,144.44983502303558
4214,140.46666666666667,68.06660271890414,103.58471272844899,8.370604679263947,67.98508667121182,148.97080367798011,156.45378611378243,167.1087604990138,144.52949005307295
4215,140.5,65.50596802702458,104.28684329631658,8.450161344135047,70.16879928417592,148.9384178968634,155.18069697440413,167.08585916361537,144.2593453084287
4216,140.53333333333333,82.06267071672912,102.40015896636629,11.300791163228862,66.70908679353134,150.3103679347124,153.3535774952278,165.28682635490264,141.35410388984712
4217,140.56666666666666,47.37166825736528,105.7691169018592,16.301459910293488,72.08272045306892,151.90234518351093,151.6902336622991,164.05352519001767,142.4127120890895
4218,140.6,49.54555114460536,106.72365728595061,16.330949527995738,73.11713191689464,150.4293733290224,151.99622564074102,164.30332841031338,142.01109020783966
4219,140.63333333333333,47.353968623562764,107.42961749227831,17.642919791627396,75.18328770631433,147.34084040748587,151.82527459800937,166.89128027490227,142.21726675363715
4220,140.66666666666666,38.522957339672786,106.41075251856799,23.522117114674284,74.33080449663014,147.55154132688975,152.1667749301367,167.3734226961029,142.69066013429824
4221,140.7,39.04973855732914,106.43745817551645,24.057121417225506,75.42253528841665,147.89173643821005,153.21419094246312,167.60552856619185,143.94563782919104
4222,140.73333333333332,63.586514432025425,105.49698864475064,9.300886680695628,73.04962648084602,147.93314827016738,154.52658727682325,168.3402908158117,143.9403678263322
4223,140.76666666666668,59.13728112454721,102.93533458520335,10.582717074148867,71.35581551637809,151.38479057109492,152.6027789979616,166.24679965088242,144.1157810386792
4224,140.8,61.971623883552766,103.57620958431451,9.62470618487873,71.70149970201848,151.27189975776807,154.10711271732788,166.0389966526264,144.35073146914743
4225,140.83333333333334,40.45650299572826,107.62394028026857,19.843973503607035,75.46938289234237,149.50732265872477,154.59977688565834,168.5892795562538,146.19507601788462
4226,140.86666666666667,62.42540610341145,105.11174706800352,10.993898988824293,72.20057364991492,150.58334725125084,153.6268678908476,167.46883726009796,144.83997493469596
4227,140.9,81.61838889041934,105.27786365255184,12.900113601475747,71.21988425187575,147.6565824179257,154.33348626238296,168.73185416545712,143.8639924238086
4228,140.93333333333334,55.83694062986137,105.17341258741821,13.404280152462722,72.144431391104,147.78947468724027,153.2634896840965,168.62748593795465,143.8654767577682
4229,140.96666666666667,81.49313786090455,104.66301680224308,12.064208771265122,71.26591720435025,145.32865826844753,153.9379649570072,169.41477179851077,143.4073093290112
4230,141.0,84.52592311363557,104.66583414306074,14.448891802910062,70.35175417076805,144.15725609197028,156.57730616945562,170.46551900189488,145.19928442629046
4231,141.03333333333333,95.6689648675183,106.37639260017028,22.806170882268248,70.77185962976675,146.62015551998553,152.68500552279227,169.73979118922472,142.64420603381816
4232,141.06666666666666,91.71690565187397,106.74751064378749,20.58534762158075,71.49493179905758,144.91316510201744,153.35410874325012,170.00461005494776,143.36748760754412
4233,141.1,89.5439992227546,108.21783704900506,20.988539522250875,72.55013549332456,148.09416676383822,154.55348653031422,167.56128361580036,143.7736797493788
4234,141.13333333333333,86.75531962853563,109.48256551456335,19.70162432850527,74.91838212841458,146.45549727211844,153.88278204085074,167.43321031783495,142.7478842469949
4235,141.16666666666666,95.25346526880037,112.18670356909409,23.60019938733721,72.05659871109373,150.5913049941925,150.71285208510628,166.06494059413646,141.17291943094926
4236,141.2,94.3704551959512,112.33088565239036,23.614675362138826,73.34059709856948,151.3275403638647,152.8891464405397,165.573961445481,141.01538558675577
4237,141.23333333333332,88.25169061683455,113.00037778246272,18.693712014257017,73.45042740337828,152.48962192283557,152.11656044144883,164.4876016443739,142.36808041106437
4238,141.26666666666668,96.03289072496847,115.62260817246313,22.718158394246338,72.72726176079533,150.32191341131445,155.7670737164686,164.87193761123388,144.08887368694926
4239,141.3,87.39579214476441,116.17299480480354,21.340343000462685,75.27054913560231,149.99907346887056,154.91383276017126,166.12084447124843,144.58253700296711
4240,141.33333333333334,99.54626639336045,117.0722931877311,28.380108291880067,76.13990010847787,150.31762700391974,154.993837298946,166.46637793845312,144.94475835682866
4241,141.36666666666667,103.92697907790378,119.49771294374979,31.3898920690075,76.59778496220414,150.74181863481036,159.06567076554373,165.24893090869432,150.33802816198806
4242,141.4,116.57607076862924,120.28023191836292,41.258578170682156,76.85067875413243,152.39301593033258,162.40924630521383,164.30623655937623,150.87614475198123
4243,141.43333333333334,125.91460649276051,121.02666007929906,45.317972475336035,75.8093535291751,148.7394367441241,164.61425133732064,166.66112782247757,152.27954587586157
4244,141.46666666666667,120.0829127523499,120.38455894713906,42.73005603578807,75.74853712987678,149.49541003248504,162.67354533199517,164.59954497335482,150.8748104699846
4245,141.5,122.44082172273991,122.93597541082792,47.0762769400979,77.42507796942111,149.32410163722392,163.12215158372277,166.40427340063144,152.39197725222522
4246,141.53333333333333,114.97512373903643,124.41006589961137,49.394627730771916,81.39568976082165,149.68055072116476,163.62517391670292,165.43602309963535,152.76361689841303
4247,141.56666666666666,117.0205327083974,122.77434701356933,57.33349132745507,85.22832036352713,150.4401534978193,160.83756735527209,165.30728628618016,153.09965167797367
4248,141.6,120.01707805696327,125.19016384767762,65.80512672752849,95.34582534998752,154.43305385782907,156.0775241085324,165.07888865424826,152.84292950015313
4249,141.63333333333333,107.47279785917344,120.75551174427552,77.05890792253535,97.40737777426483,151.94734460080468,155.09707083314453,167.40785986225862,154.43637895994925
4250,141.66666666666666,116.833577568677,124.49979056487855,83.46175047211152,100.99706863606289,152.6200327092599,151.65677699874783,165.27388369733572,153.349133518497
4251,141.7,115.15349238476271,127.92678559628656,90.26087047854406,106.31478485776896,155.42235732390793,147.18714696293355,162.89189467726925,149.33586013588027
4252,141.73333333333332,103.42622480914316,102.06831895500703,114.69437922190191,114.86997192445313,151.54440605489737,159.18210207364507,165.67585008766173,161.15392641817786
4253,141.76666666666668,114.1716465626239,99.07173644896986,120.22414094836024,123.94003712871567,147.51475471789843,160.39971425672204,165.45691476238062,165.13803512224524
4254,141.8,104.11118017397989,91.47430375373129,126.07459170236667,128.13411118485166,146.47332878178693,166.97624393185413,165.7620549623634,167.00481203938733
4255,141.83333333333334,108.05576619091222,99.66897706204985,126.17440307408583,135.094858287209,147.36363058653592,166.78549466034298,166.20775668668034,166.7623850856616
4256,141.86666666666667,114.28505011165564,111.34242036606307,128.1620656216377,134.94657747758984,144.996754594683,164.33916905951816,166.80877921482977,164.65916731335054
4257,141.9,120.04754504558431,116.2661843679046,127.17199148729684,136.88586498426764,145.99092482945431,163.69610610804693,166.54802782877982,164.60734284025534
4258,141.93333333333334,110.45405241190412,126.6415636676712,125.70308160769791,135.35125390910818,149.04253116479163,163.0214117041084,168.38690612367716,166.72315106467104
4259,141.96666666666667,121.29554725137957,99.22598304893188,136.10350791226406,148.8310675224699,148.86096713827308,159.88457476499175,168.91293477806698,168.18493583656297
4260,142.0,131.75436079783222,110.42855375202434,135.73883945739945,142.98274885630494,148.972754448684,159.57954032719852,168.05179446161844,166.262933302388
4261,142.03333333333333,128.1499486760725,113.55318333042291,137.22115059205515,139.95338741980888,150.97931543642636,157.3393010555273,166.8980922332075,163.70483117104476
4262,142.06666666666666,124.40806905196753,106.94262029677382,139.85814181889444,138.31842386047012,154.01735631592192,155.43207234814815,165.61492778425293,161.79953634367925
4263,142.1,121.91452383013248,113.08939581992752,141.66217632623665,138.81637337357313,154.03592622410196,151.54040441388094,159.42468851455808,157.45014364870127
4264,142.13333333333333,126.38456999853739,120.23260150980462,145.44671815934257,146.33476585186054,152.2720873518625,150.6260146040995,165.43695283123483,155.26564450407324
4265,142.16666666666666,130.71806545588416,122.70732312556561,148.5211032335488,148.19914093462305,151.99656049762854,149.1772683714055,164.80514191009271,153.8097043761074
4266,142.2,133.19481642964982,120.67006983392095,151.0610759360786,151.59172646992445,159.02909160884417,146.6141447230405,164.0164826393464,149.52458990951126
4267,142.23333333333332,131.2825582208981,125.09218300928931,150.0160729255791,154.02920384399673,156.58798644594754,143.50961454555096,163.81856095334513,148.26058617094944
4268,142.26666666666668,133.0834154236771,125.01080516633661,154.13734020725764,152.56055931058725,155.00971443776956,145.72688912281893,162.45274924896677,147.97838704990815
4269,142.3,132.65369589699148,123.08367009212719,155.28027304682794,153.81269577429177,157.16640947628397,149.59180310968222,161.38319286952034,147.4967653520826
4270,142.33333333333334,132.77338929127282,125.23558496474558,158.1671562697153,153.00970219262516,154.16909342393723,139.1695266064493,160.79239113212847,139.626287067882
4271,142.36666666666667,134.98994855265974,128.20305990742253,159.93861627640962,154.75693462090118,158.58759782803287,137.74927810930927,160.06504520337538,139.40846065276787
4272,142.4,136.67458143855086,125.09247626234571,159.496321402779,153.49643262438045,152.89221680254136,138.48579820654325,163.74229818742467,138.2088757230445
4273,142.43333333333334,137.75391589122486,128.3359742371687,160.86928884534393,155.41243491952272,158.66770980002863,144.04279937823262,164.58171702274635,141.5142649592095
4274,142.46666666666667,136.44266616315,130.84203960976535,161.77641213423118,155.06946542068363,158.51783472285092,139.46631738791393,162.7298495414405,138.2909120171183
4275,142.5,134.4030429835777,129.0010024913395,161.36101965257407,154.7629495718895,157.05030590302357,140.25394501642262,162.21518489938538,138.866609974649
4276,142.53333333333333,133.2508761697761,124.88060726299094,161.17225942283483,153.4469116934903,153.3127470228945,141.54993554440688,162.33859183813078,140.02680479683528
4277,142.56666666666666,133.31476024949018,128.22165332143032,161.56853027923705,153.37505551745627,153.7726928743176,139.80251403950774,162.75452060664458,139.35665904749573
4278,142.6,137.40279708497545,127.58274111400146,162.2356983354024,154.9350431202293,157.6542074058379,141.646187115005,163.06410120306603,139.92204236826316
4279,142.63333333333333,132.61057548038366,127.3764873086886,163.3209450653708,154.13577943608328,154.82675237523864,134.25486475010038,162.97959416053206,137.29796587015215
4280,142.66666666666666,137.03228139421432,128.0242268166858,163.88484250339465,154.43074812576148,156.5285368877974,138.8845035631196,162.70683216474185,137.28725844043674
4281,142.7,132.8375846978146,126.30376775302888,163.92960641675933,154.10127905238477,153.82560160610524,137.74739620051,163.14570145543897,137.36920292939897
4282,142.73333333333332,137.30729237700595,126.81199149512362,164.61334786210816,154.01930597162124,154.6843766828574,138.5132248611511,162.25853358716196,135.36378365671948
4283,142.76666666666668,136.12117360809907,129.31725086546183,165.43832180767564,153.74367715890952,156.76831456362513,133.48058233167848,164.85052605780416,139.90447709140042
4284,142.8,137.3890538214739,129.0883052798997,165.76588186396023,154.32007900606615,156.62563886368312,135.4437015827574,161.7309278846738,141.11070225149456
4285,142.83333333333334,138.3185873093052,128.2734173219821,165.75518842560268,153.33321065763496,156.1941568556836,135.86739459252001,163.91345035879687,142.7221920211049
4286,142.86666666666667,136.77985334580302,128.08968628443995,165.85731445547424,153.58067747804134,154.8303046920214,135.56883407798264,164.85222018289562,139.14430689545017
4287,142.9,137.4451728901519,131.18846060748356,164.15702442886808,155.0106993898711,159.45551744164663,133.27787377464338,161.9030366328887,137.62464718879227
4288,142.93333333333334,137.56920921830795,130.3511574052272,164.2550670066609,155.1735124928374,158.39484565154248,133.43477836443319,161.42621031936034,136.79906790691751
4289,142.96666666666667,137.5669701944778,132.11660640812184,164.1796828444466,154.70428555762777,157.4497054945336,133.74035991439973,161.71905520233503,135.43634259431252
4290,143.0,138.60905604213232,136.02126717485592,166.23793971852757,154.59448971354934,157.36003083912084,135.09396614204033,162.81074645711797,136.67481321363599
4291,143.03333333333333,135.4168008943305,130.63362829742323,166.44662543898986,154.20178601035568,150.99366287758693,136.23457115794344,166.34801009646853,139.9707914181627
4292,143.06666666666666,136.7068017428962,133.24021976205708,166.3407296092579,154.09975880532593,152.81355130026867,136.20078726269472,165.38725743126454,140.05348541747009
4293,143.1,136.854595545391,132.56928200872443,166.31656300096273,153.36483055178576,152.90072020868405,138.79404491162705,165.35829717525752,139.03794961019557
4294,143.13333333333333,138.7577651722105,133.84909874793374,166.30393588228634,154.24852560068342,157.18659823880188,138.4052213015885,165.26117830167996,139.6357633123141
4295,143.16666666666666,134.5315726614476,132.6526516554796,165.40167797742433,154.38220683337585,152.38420592576577,137.93798135935225,166.41193130791825,139.8710474222739
4296,143.2,136.7824450915071,131.87612541117025,165.34319164399207,153.45143739162833,154.55777265328635,137.70506895169353,163.09519498933315,139.87460051656961
4297,143.23333333333332,135.34897437942027,130.16639832107964,165.74613207618353,153.30533591217517,154.38817635518453,135.63553930714346,164.06265674959974,139.0822516747546
4298,143.26666666666668,135.15224995593326,132.57036788090002,161.27977458139645,157.13679252973597,161.99552465682729,133.35662956917002,162.44432485196737,136.8857019761612
4299,143.3,133.48753907980202,131.44257529882555,160.28580765622613,157.8858492768509,159.68710537911576,134.8804581554999,162.84021509304034,138.3469792982491
4300,143.33333333333334,136.0084106334145,134.39718386040036,160.27507345550234,157.32355507345352,162.49160182038767,135.03720425522053,160.6955607351429,136.25305198043998
4301,143.36666666666667,137.12001325208143,138.07741735762497,163.2295872501544,158.22984964072393,163.05308895060085,133.70093068682914,161.7226027669555,138.4301733022912
4302,143.4,138.99227831748433,130.1969573916557,165.74193217109394,157.69239048999924,160.00050448679477,138.876829078547,161.74078964546865,139.94415353590313
4303,143.43333333333334,136.29935403152274,133.86712492957028,164.16073282031053,156.92081177360032,156.76070068069066,138.26318588904468,163.5782314101719,140.4727240158805
4304,143.46666666666667,138.49045170402067,133.72881409408947,164.7875266742415,156.8918780382111,157.75765422447313,135.58554451225,163.54131183429692,138.10575538751667
4305,143.5,137.7832534212919,132.49087845563724,165.07259027747028,155.04852199609155,154.10859216549684,135.24675269897733,163.5501169382835,137.3162378489361
4306,143.53333333333333,138.36480936900293,131.1827797601246,164.89187179132895,155.7526982009055,154.15618076357325,136.2074224789612,164.3441464009132,139.96227640687405
4307,143.56666666666666,139.86100923168198,133.99962965531284,163.7479592685442,154.07337198510552,154.1876407347383,138.66952705336826,163.54783792467254,137.53976049300059
4308,143.6,139.53064122435885,134.29160672269575,163.1611366300926,154.0251736773577,154.67345799938897,136.14245691540063,163.56669424689676,135.05594425851916
4309,143.63333333333333,134.82339489491685,133.6549475280585,162.1655204471243,153.94802206684545,152.87096463096486,136.32995680680577,162.9579719413322,135.16720034749204
4310,143.66666666666666,138.09426150243902,134.11163709103357,163.7267034462646,154.74357496395413,157.92278085079616,135.77700032092065,161.8003565604983,135.55562872369083
4311,143.7,132.6265083924029,133.5537419177135,160.61522756942864,154.32005867243157,151.15792932627468,137.60398169866022,164.4889990721292,137.14511909201383
4312,143.73333333333332,134.13243597369453,133.18819134464582,161.21923578107115,154.65494088562647,153.6420993343413,136.48613602268287,163.321695459484,136.84787009012146
4313,143.76666666666668,133.60524311305625,126.90184380144106,160.56819042752778,155.46528453724076,153.8352732555662,136.48026554422188,163.47252117388965,137.28051711202775
4314,143.8,134.78997383684577,127.78532234816353,159.98567540599038,154.31737001995137,151.42758494045015,138.9176734940265,163.24488493418409,137.3171336681984
4315,143.83333333333334,134.87121679604297,130.38031314779937,159.84415757185513,154.35055625279008,151.59546924844528,136.03925276242958,163.5470391670491,134.97024153826476
4316,143.86666666666667,134.58823833462552,127.64911740178648,158.96926631906766,154.68945353402123,151.23828412218242,137.6114571732578,163.47150171857038,136.70059838261025
4317,143.9,134.69408669126074,127.00817158563663,157.32529873706085,154.28472022673742,154.16852096134343,136.4531613208619,161.7841207999573,136.5042664662524
4318,143.93333333333334,131.5775202213735,125.1083862850477,154.80503154337342,155.1216227250106,151.7050616577416,137.37206899841402,163.08825864599845,137.44487689420413
4319,143.96666666666667,130.38577372372868,125.68988424350565,152.48389176952693,154.0763343732799,151.40380381472792,136.43474604145658,161.96500206088373,136.54420914707427
4320,144.0,128.7913437172466,128.06731486489642,151.34227448914007,152.88256520976753,149.9680980457028,135.9756743837295,163.24037304520442,137.11476931292088
4321,144.03333333333333,127.86805210475441,125.12925570624762,150.50855500071046,152.15221908216725,152.0507272614292,136.42452319045444,162.91369419715147,139.01908415829016
4322,144.06666666666666,125.43574499812777,121.24249547572514,147.6369105437685,152.61272230388911,151.6555149275632,137.27570588419923,163.3554658807458,139.86405733671285
4323,144.1,124.29735880202647,118.63815225732223,146.02979809976281,153.68625648850846,151.711088503755,138.18974121807148,162.86411879083585,140.6554719197724
4324,144.13333333333333,120.29815891192878,114.11848862005417,144.35375443923996,150.15190882338072,147.67061282365484,141.6404638408167,162.74477977870498,141.70369378097772
4325,144.16666666666666,120.99291811992654,116.16310373345462,144.61511256769379,149.11118901022405,151.28927651022283,142.769384112946,160.61378088901688,143.23297234520768
4326,144.2,116.28955907088057,110.63448857822982,140.23966003685794,150.00455904992032,148.86271147048865,145.0017765776973,159.9115104540875,146.0951169838243
4327,144.23333333333332,116.98176963504281,110.36472540404284,140.3269564409027,147.4050125373993,149.5938625713565,148.69310032487527,159.53614332892292,147.74828666794565
4328,144.26666666666668,115.03038651237944,112.37490510613281,139.2937380878078,148.58507161683283,149.01935990402293,148.86972542580438,159.61678335712043,147.56285447411517
4329,144.3,113.32688572239526,113.82701511408013,134.39729603821553,147.77905973591464,150.34229800218668,149.40291433909135,160.29039363874196,148.62271682603048
4330,144.33333333333334,112.56193291252266,107.50474656606535,135.2124838518683,146.32548273027018,151.34280910653123,150.94381410090315,158.86181436354676,151.6988417087305
4331,144.36666666666667,114.11154590029741,121.34531601689906,129.57659671502606,118.55124632891481,156.5243482082713,145.6459664262308,158.1450882121643,150.2967006438056
4332,144.4,107.7563153297713,111.91576105522573,124.83585889768304,120.93321588219241,156.5695234258632,146.9040629182512,161.96147063182957,151.2256933788509
4333,144.43333333333334,107.45018155197532,119.92839871903095,121.40585131345098,121.26793799089126,155.0366241047733,146.91541881716702,160.59846756507898,152.94113821846068
4334,144.46666666666667,111.656138788047,120.61951125615172,116.50627932279843,121.15862797435558,154.87102930757283,146.10535735111338,160.86189648975017,151.49937099620504
4335,144.5,106.8506202516477,112.51278089997341,113.43125856445597,119.10640273329817,151.290449186018,143.9495623039218,164.22816708991544,150.71760322832617
4336,144.53333333333333,105.45269786749624,111.7879822008293,109.55005825237535,116.63752514849509,151.07099487434266,145.58777918014587,164.32150180012172,150.8619847828783
4337,144.56666666666666,101.78990337487497,119.5472997860932,103.97565518603881,121.54680455869308,150.01773719125995,146.3782944997099,164.97130698673234,150.17887636698333
4338,144.6,91.77478195404089,116.94391455200828,100.40469681383554,122.10413355114054,150.57364140584002,149.01948328147378,165.2329708698615,153.7995410150674
4339,144.63333333333333,89.94033237667739,104.12548516234321,99.52994005781572,110.70152968559438,149.93524132884474,152.32846564302247,169.28491270450564,156.39757516004155
4340,144.66666666666666,93.53317346767042,111.41232738038798,92.97511607976216,109.69957935593492,149.98183257738464,152.4822749398181,168.2767896128133,155.10564542450598
4341,144.7,87.27031341149899,105.8894400813469,83.9772740758632,105.66211018743596,148.05883466026435,152.6857242485025,169.26233424971042,154.97556550170327
4342,144.73333333333332,72.92403718211317,106.70055202156381,79.05183548796396,102.34911933504559,146.4651779327569,153.84695161684195,171.13674319085206,155.79546144216997
4343,144.76666666666668,77.87263474888529,101.88904557166664,69.76581077866564,96.84554426252457,149.40573144408003,155.45722396026665,169.7687708108715,155.56471187854706
4344,144.8,110.52152697144825,124.2686488271049,63.76367685931082,96.54501559916808,150.9991638254719,155.23611464082728,167.04763582161615,153.31395675530354
4345,144.83333333333334,103.20598238167199,121.28500531305849,59.27364545739619,95.234517616867,152.26048740423016,156.94365326395842,166.51372052823,153.10058986513457
4346,144.86666666666667,90.02694636546137,118.69396064647718,51.04561824098901,90.67068416405941,150.46110824704493,155.72117534440076,166.25274844751667,151.81552683827513
4347,144.9,102.30656221259359,120.75119294576096,46.23190673676793,89.17575312277327,151.01050507758106,157.70898558358763,166.5904571235276,151.7123400982166
4348,144.93333333333334,89.42233636276562,120.84739367921865,36.56264806154394,87.3931987630458,150.3641802910691,164.9906185607576,169.73345856905848,157.7021695236393
4349,144.96666666666667,106.42584279959391,119.74292818280857,39.58505154034405,81.48526603423215,150.74150051449044,164.42434289922144,166.64085489614533,156.39442578356082
4350,145.0,103.03156518930925,119.0729406116216,34.346615090224944,77.76121826243019,148.5387492254311,169.16180839022024,167.2503409555462,157.97745600179246
4351,145.03333333333333,101.00884698844035,115.92561758304711,31.462005613008326,74.26363282728285,148.83723935501249,172.40482572607587,167.1818441055098,159.0760558268503
4352,145.06666666666666,98.80795644542201,115.32739455271916,29.932530692800544,74.73495965140796,147.93586569071616,170.526694868877,167.97116840249242,158.4830439343871
4353,145.1,94.28127810945811,117.15159646922424,26.55184165317255,74.28220393370991,148.6020070792119,165.78015829492452,167.32310644316877,154.17567833019223
4354,145.13333333333333,80.54201820287015,116.25411465047821,18.151523499750798,73.94225806235342,148.59570395326568,158.83937249911438,166.66090051984352,149.49871980037682
4355,145.16666666666666,77.58258947170575,113.83015960674919,16.429801429638506,73.65771809321487,148.73158413718377,161.95718349699266,166.44010122305903,150.34940099808378
4356,145.2,78.76802160982935,111.60468831565272,15.191873773456344,74.14925039714754,145.76942706957206,160.4770069149474,165.3611689540511,147.68477483714435
4357,145.23333333333332,70.4494245386356,110.29711560801428,14.156558379383203,74.48794175245752,143.9373413463308,159.09688838554064,168.20462260655947,147.90455688964283
4358,145.26666666666668,81.17554378091721,106.81405344039284,12.032059389457235,68.96169704115367,145.8490681991306,156.78987749829122,167.48602221367253,145.5211421046968
4359,145.3,100.16019075039993,106.22545398066153,21.217889538120073,69.61289935735225,144.98027642280783,158.19432611826497,167.87893390231022,145.05434385833388
4360,145.33333333333334,91.34567094692682,105.87225365881227,17.977489246230224,68.37712065398969,147.5214916203267,155.90743477323574,167.3433029191771,143.6419524681706
4361,145.36666666666667,87.49095566211601,102.7263338268293,16.429763703728614,65.6629627027508,148.04598844562747,154.53445648212983,167.226583633167,142.4861370508511
4362,145.4,87.43854631717562,99.64554857498646,16.001079273322635,63.69429929501348,149.5660067810185,152.54333197060262,166.20136523585367,140.71668265122753
4363,145.43333333333334,94.5452962075995,101.87907208019509,21.914623672050276,68.52179228196398,147.96910165787546,151.40973254006337,165.95652562152804,141.36779848475504
4364,145.46666666666667,99.0301608642401,101.43681674243066,25.823222665241026,68.23939197714793,146.02536686662026,151.34628761170785,165.33275481358106,138.63688171062637
4365,145.5,98.79006001737739,102.647099251832,26.522165533565193,68.68371708574345,147.67017828991135,151.0919040495975,165.55061585559997,136.65015786933577
4366,145.53333333333333,99.09849731830064,103.04628784050385,26.09997049372399,68.69733349627754,147.7303683010616,154.34407440500397,168.94264150584476,141.1293569310147
4367,145.56666666666666,97.7948531156499,105.97069732778866,27.758498745290126,70.65572388588483,150.71580167122224,149.40309112092706,166.72812475991742,137.49158603962823
4368,145.6,101.15103139925026,105.38832622487061,28.424805633158822,69.91754784696904,148.767655209789,149.98495913463137,167.39892125692674,136.1252819662475
4369,145.63333333333333,100.31262444534393,104.53783076277874,27.359702616382318,69.38839156984515,146.48182247741192,149.38184517859713,168.53850999899365,136.527728322028
4370,145.66666666666666,99.43894337630424,100.9189874968408,25.58042425648583,65.05944707127499,147.8685516715613,151.08099688153848,166.30824294231215,137.10598046222546
4371,145.7,98.2743681503276,101.76783193277767,24.477636575625276,65.9476658207096,147.6757673799512,154.02012443405167,166.95478123300933,140.33301902865406
4372,145.73333333333332,96.05347917053184,102.19242292898849,24.125825295802333,66.06235285962342,149.03905550884218,150.67211311006503,165.50232967667972,136.69589609863675
4373,145.76666666666668,84.50493013701916,101.52096912202178,14.677303635662675,66.4055682715268,148.69178983119986,149.96996451710368,165.8141611326127,136.97312000277313
4374,145.8,86.28224797659509,99.68545369341521,15.08040935949664,63.93275839216268,151.92562307259294,147.37949645882549,164.37209718979514,135.689447553258
4375,145.83333333333334,83.69176910307479,100.12603928440521,12.965388164640894,64.4078646163969,147.31868066820482,155.32712168231285,171.07988132065555,141.5846696836768
4376,145.86666666666667,102.15661256415486,101.1051825910033,25.275099870277245,63.580805019850864,148.81638544055897,149.94466338250913,166.2185751783263,135.29281316829173
4377,145.9,93.71899011584149,101.91918350428209,18.747429072478873,64.3491419231085,146.9540892848165,151.81120875354168,169.49329064090406,138.50172436754454
4378,145.93333333333334,93.97605572735712,103.49576116565078,18.593378947856245,65.6501135996161,151.29005932319956,151.6339611911056,166.91435273983262,138.31373782696485
4379,145.96666666666667,93.84412305564287,103.07199592082499,18.218509097236335,65.69613262018501,151.13967293624222,150.96090704314932,164.9640866237906,137.41848371026472
4380,146.0,88.80531479893037,102.46370997368379,13.997870987402969,65.91760701072847,148.37297500274846,152.303201396288,168.26541030322417,139.44107228487738
4381,146.03333333333333,92.11429303326949,101.23725467468516,15.63973622283542,64.08196979217328,150.26252001376403,151.64030746786122,166.36922700644186,139.28111242966742
4382,146.06666666666666,101.6992357974799,99.17925202832481,19.085455430823213,62.549638355443555,146.8224680911929,154.9345775452103,167.0878161766875,141.80284875595427
4383,146.1,102.27245951084102,99.29535046291164,19.345600157449258,62.46724778916519,146.04157571149904,155.12780518111686,167.31834440108983,141.56791373691127
4384,146.13333333333333,101.42907121675019,99.28849376387488,19.20478886597491,62.94345971498321,146.33625639140664,154.67379053161477,167.38240803425916,141.12600745705902
4385,146.16666666666666,101.08323665659275,99.71768266289077,19.2061506732909,62.9563607870039,148.03992002550635,154.32768038461822,167.15581438024572,140.69544119422773
4386,146.2,101.56920407764811,99.9968403810151,19.90291820171233,63.11158036430621,150.15083347419602,151.2571641526527,164.43605753107283,137.98295276494406
4387,146.23333333333332,101.28648209700806,99.97896145367811,19.553185252949575,63.06866072105645,148.43384216918227,151.71400367453322,165.9534168910797,138.02740477251862
4388,146.26666666666668,92.08539283567954,99.56924242078286,14.641094521879081,63.14863476387472,148.63426217804158,151.50496614310057,166.0570743349315,138.09848081207357
4389,146.3,85.16002747250171,98.41258221731056,11.128957236213836,64.58713443371842,149.1035157358745,148.544211169905,166.4922508131533,137.82012565286593
4390,146.33333333333334,93.01056543495771,99.32542167333176,14.660851840414503,64.43391837574504,150.50300848310835,147.1159844722823,165.59268952367364,137.88958196272645
4391,146.36666666666667,91.29279741196783,99.21418285894639,14.185617485748761,64.3698709258676,144.3131228061754,148.46425957450478,171.36347688498043,137.42723950345345
4392,146.4,91.20143077276585,99.96677721165543,13.633977783098006,62.95681715324591,149.26596197767986,147.18260596675088,168.61162992150707,138.58869950331678
4393,146.43333333333334,85.11111497711221,102.64811315286435,12.219519409747972,66.20707559974032,151.38716153020565,144.83578376037067,167.8317350775241,136.7772218203508
4394,146.46666666666667,87.53350661444662,100.00997521565158,12.868316289811082,64.73923264149529,150.35101718470915,142.78174442661054,165.90477828929704,134.21774035575186
4395,146.5,90.44423192210948,99.78192593419806,14.116959010198338,63.755934748448276,154.2547179664766,144.42470090335246,163.92199479813112,135.9429915176537
4396,146.53333333333333,92.70684113952197,99.93637193064238,15.39609202369575,63.43048624497744,153.32336437921768,145.21770277364737,163.90259752810599,135.85815042352263
4397,146.56666666666666,99.14591957076487,100.63932407142164,18.720883714693223,61.25811433380306,156.63020808091258,146.52814941211085,160.7779134406333,136.5840842105237
4398,146.6,94.22127597541677,101.28840965041545,16.313820369338877,62.27066524236687,155.1092132235739,146.53931075430214,162.14531327788484,136.47779402365828
4399,146.63333333333333,99.22087607336566,99.45910709582539,18.911178044955296,62.53650251543012,147.2826886270842,148.56818017175797,168.80323206554857,135.92325824300573
4400,146.66666666666666,99.9325532192288,100.20648629383855,19.404304258269605,61.78844248661518,147.61335866456594,148.81787975024926,168.0898286442876,136.135958579269
4401,146.7,98.84874563886443,101.3652178978418,18.446523076669564,61.355748714247035,151.10085004877817,149.20013980096675,166.52273124620413,137.45021588049138
4402,146.73333333333332,99.49010555734404,102.78346544011754,18.704090895003173,60.45708027667885,153.08055339831083,149.7791361755866,164.33501487437277,138.7089758349465
4403,146.76666666666668,100.35355528617428,101.31025197290289,18.50423981659105,59.053925305131045,152.7503750634144,149.83726465475752,164.23967236539815,138.38139518179108
4404,146.8,100.84380673008224,101.71544192516423,18.77425688549871,59.4146581492779,153.26627063853942,154.44398936826335,163.79972195351615,141.05979743569466
4405,146.83333333333334,102.3568638256283,101.38659393340753,19.14692056512621,58.334591609791055,152.6118272591384,154.49920978888545,164.1804228873396,142.37208303635722
4406,146.86666666666667,96.69355082026291,102.41949135059178,19.458397682295637,61.71134659308723,156.80460901553613,153.59503801249446,163.85932921788896,140.8597823714166
4407,146.9,99.915528902256,101.3605939701054,19.9045422535577,59.56842709461463,155.8097504372324,154.6581859114688,164.97472357604832,144.0402027155892
4408,146.93333333333334,106.73468417169155,100.72299940130672,24.942244926361965,60.09065578975549,151.4328717233494,155.07807847254293,167.52565747917708,141.109428019161
4409,146.96666666666667,106.49247592319345,99.79361141495329,24.011109866655623,57.64609482642996,153.74219617611843,150.1136862740959,164.14308537332516,138.90924008604605
4410,147.0,101.39003057000134,100.89585276163258,22.51405827779422,60.505261888482345,157.64132531294558,149.68373099727827,162.34442191895565,137.973720976831
4411,147.03333333333333,105.10751992103135,100.85730123832222,23.550804451825805,56.69502895612029,155.0185731446819,152.5284045391561,164.59667364810176,140.46578691696956
4412,147.06666666666666,98.40008735836214,100.11871973291301,21.511092919131283,60.29288320672867,148.33790769860087,149.94415632597426,169.0847694203839,136.51874218107503
4413,147.1,98.17520856905838,101.1687860697425,21.792239229434042,63.47985298759306,147.49169718829882,148.63309105892193,170.3073614762862,137.49647493424908
4414,147.13333333333333,105.88170603989246,101.4823866993396,24.13777556278607,55.00658762007144,152.63439750796337,152.84439064392706,164.7491166649823,139.49090079144716
4415,147.16666666666666,104.63137039450844,101.03490761820089,23.266505734499177,58.287302615827436,154.83775849438996,152.15478061583903,162.96129431472338,139.52375064573033
4416,147.2,103.56319066705909,100.83581494440116,22.57952368376939,58.408997185325234,155.67625676161342,151.1215733309131,161.633792315885,139.11068395309573
4417,147.23333333333332,102.53720327119277,101.5535000951585,22.186161910972025,59.54405554744299,154.31208403936714,150.94043133004902,163.34081142820963,138.43601587342357
4418,147.26666666666668,108.17577139874112,100.80344668132261,26.148584191013875,57.407800994673536,156.08600029146822,149.1402622187547,160.30142333910476,137.59076718924277
4419,147.3,97.49361064710725,101.79808875937466,22.355110526550856,62.74953892224055,158.5576402624196,146.02021325871047,161.32733888481644,136.99804669174247
4420,147.33333333333334,98.95996959154348,103.96894804329985,23.916753153644905,64.72724650995214,154.97175913628067,143.3803187396063,163.24992531253912,135.37496514828325
4421,147.36666666666667,99.25663422640115,102.46574993615326,23.73211005566929,63.936868295168566,154.9754408902589,147.2830231058119,163.33565894228528,138.77122327120273
4422,147.4,99.09954356763812,103.20382517431871,24.06472880282962,64.5160621316533,155.03638235794554,147.6669797292763,163.91547817578962,139.20486411690277
4423,147.43333333333334,100.83653389005387,102.91014038689369,24.96479863544942,63.97639766068113,153.65438179498403,148.7089644660557,164.64021027654078,139.7772358535187
4424,147.46666666666667,100.97041928150345,103.8551012574173,25.030030868781576,61.89110190370123,152.79498714953183,150.64814894014543,164.36786668876738,139.92485309659853
4425,147.5,103.45337961302707,103.18371936108214,24.629185001948045,60.42684636798804,152.41611592926887,150.64641744018058,163.92673610162947,138.90323758079697
4426,147.53333333333333,92.59286934822512,102.62410998584785,17.77265458026452,61.93929035539514,150.95286242367249,157.62621757471214,166.35068023081928,143.6344423023986
4427,147.56666666666666,94.20877697610632,103.59822516715258,19.70693095914167,62.13060584836382,151.2266178416286,158.0873640011763,166.17570388538837,143.8810452229412
4428,147.6,98.18502921746693,104.93344333914445,21.17017061188233,62.46155677708919,149.48666421734703,157.35805041480185,167.43473854208764,146.66950627013372
4429,147.63333333333333,99.72226249999153,107.51504348976522,22.620847958068452,63.620451076938345,148.38771754851658,157.41616079132766,167.63599540896925,145.48045408954047
4430,147.66666666666666,104.58930783332656,113.15034653019038,32.04112677408809,72.18096147532646,148.85950112845637,154.72579305323183,166.828299806968,143.78175353814095
4431,147.7,103.52841519449423,111.34189732177173,32.76912988060126,74.79636802583833,148.92296644998342,157.94590732140773,167.84392540917318,147.54145828513344
4432,147.73333333333332,103.32055009663559,112.98417888914972,34.38931382772999,75.29334785709852,149.7513348989653,158.360598517889,167.56555471521744,148.60650214624437
4433,147.76666666666668,113.24741481250912,114.37704092515162,40.83626181424555,76.17759088683358,151.5943748282874,158.2588679455498,165.78742481803374,148.16527506946713
4434,147.8,124.69648344165708,116.07914364003966,49.67156220128384,77.29927978329113,151.83583318873858,158.58751605067442,165.60884817852425,147.2927898015694
4435,147.83333333333334,126.84993208711515,119.77917116597447,53.5265911007342,80.36491804626739,153.6972616025159,158.0730235189765,164.82426773885174,147.69696193731292
4436,147.86666666666667,132.742784666661,121.02568270304027,59.27761364884729,80.16875728201731,156.63155929084928,160.29364109096147,161.47175153927824,147.69762862368464
4437,147.9,135.57174877107565,124.4318356479999,62.095748732430614,79.87548679560493,158.61247078263156,161.79324893948942,161.3259799402222,148.34756254233417
4438,147.93333333333334,133.679972540912,126.53942412845751,64.0927468814368,81.40656881570577,157.80550685554735,164.34998571227678,161.35626181634493,151.6229194565221
4439,147.96666666666667,133.64187019016464,127.94080321621304,69.05786104348688,84.7606604653586,157.5732588257546,158.15370765895113,160.07771819373662,149.5298052984011
4440,148.0,130.23515304477124,131.19209057402225,73.845819488086,93.82907803484552,155.66284197011817,155.71444652971715,163.18173044040435,150.47833082528516
4441,148.03333333333333,127.58824524527138,132.23677643398432,77.2258749350203,95.96892841247178,153.92613854477855,150.5557304756561,163.38645667224304,146.92999513626992
4442,148.06666666666666,120.19734034625849,128.1683490683629,84.26096274130768,100.13807299881363,150.5856395469644,148.30452450165993,166.1105102214328,147.61812586362848
4443,148.1,115.01669979891892,125.5967544270476,91.43797174853404,103.12543604343607,151.74256755832496,151.9662661551267,166.60517708068363,153.12047039021766
4444,148.13333333333333,116.00582538605711,132.10497448720804,98.09788190750876,111.99465537327406,153.10566934296136,153.27594980030554,167.37223039157442,155.82071517379288
4445,148.16666666666666,101.63804778182752,123.46284767490651,109.69883830739627,113.13982222418097,152.425902168043,152.5117518131835,166.88579579199765,156.48971571326746
4446,148.2,106.52815870190639,123.10158347257122,117.12396579232863,117.87097999336974,152.46174376921616,158.1440737965596,167.08301460745295,163.0083304453246
4447,148.23333333333332,115.08257402320183,108.28418156232989,123.09762615488212,119.65493975443643,148.708708323895,159.38759590039655,166.32501155063187,164.14096114638443
4448,148.26666666666668,112.23059380766743,88.69605843572839,128.52167867168885,139.39645172885852,142.33753460724162,167.60620119670088,174.02814874047914,169.13444640154958
4449,148.3,126.02017337957606,76.4880447507387,131.23816605770108,147.35630575917472,141.6684652543276,171.47122632304377,174.08421460804237,170.74427145843177
4450,148.33333333333334,123.50363038312855,86.00928755309967,135.0399018250119,143.71248732675497,143.3741342687618,170.40080448416396,172.90355665115177,170.28065414119098
4451,148.36666666666667,131.19171531135342,142.7478157978885,138.26142520627405,149.85140086931875,142.93668836971798,166.29483344837857,170.1000571538594,167.3120404563165
4452,148.4,125.76463730294455,112.47539447042743,140.01733422964983,145.4556526644618,144.2757953885649,165.89098441133888,171.5042705591873,166.2261272164875
4453,148.43333333333334,116.78909310453095,123.21777008475475,138.08520724335608,156.68648908300452,147.67594278012743,158.87628056271285,167.19539529911887,160.5600638445362
4454,148.46666666666667,128.68709825092526,106.34583293578426,142.4170421490838,163.54507558856008,145.78058144708544,161.03165499874535,169.29888049405096,161.5563894384792
4455,148.5,126.00111323929679,118.51858064379054,147.68788890195012,163.32573118444373,148.83193514007715,163.5894325785049,167.2939986195488,159.76854309686487
4456,148.53333333333333,129.40526794459097,111.75016148890558,152.49303620416677,162.9840844153685,154.51714394188372,160.7871484853691,164.46310856807818,159.95706954579518
4457,148.56666666666666,127.62234295457827,124.48762617937516,152.79971072086016,162.5625678438521,152.91359107304115,157.94879810303027,164.46602687240363,158.18551399179944
4458,148.6,130.36117477614894,125.890837971373,154.3087228290024,163.67431645136972,154.71578032174858,151.71467438482983,165.456777591485,148.69053185316164
4459,148.63333333333333,129.41681634764754,135.27925982342407,156.19261652338648,163.3957877362183,157.07719165543625,144.41538836707443,165.88747561422434,143.8775981733595
4460,148.66666666666666,133.997219580048,135.30637707619277,158.17860139601262,166.16673947409936,159.97290757737306,144.97529827475165,166.81722647684094,145.20225419478575
4461,148.7,130.80241684703358,138.36572172401114,154.68945120104473,167.53911257773998,162.52715751152263,142.5204270123091,164.65026358314262,143.81544178752597
4462,148.73333333333332,133.28577776279522,137.74419638213448,157.80876132434494,165.72231319721965,161.2776518055943,143.1469136430289,164.59234890067637,142.7930134011154
4463,148.76666666666668,132.73633977303842,138.5625299456163,159.67607002697622,164.22255391125697,159.8651901796733,134.8211929156455,164.25722028328988,137.71884895833188
4464,148.8,134.60713548099497,136.50470325208485,162.83574123726328,164.5550800669823,161.25145360093947,138.49531289962104,162.62034550426853,141.9702533759763
4465,148.83333333333334,132.8309472572132,138.98182316402233,162.40192929475157,164.21424228700704,157.1698740589103,140.14595430838082,164.51735972648447,141.5130207436312
4466,148.86666666666667,137.80734172620035,140.4178664931808,164.51143434402968,165.49982584155723,160.6858626974905,140.6478773337455,162.96443805658078,137.70959591220586
4467,148.9,134.52252719733266,137.54662427005712,161.88320609427004,165.12062507133203,160.82368230275907,133.92108818101823,163.74902656028806,137.34709509064137
4468,148.93333333333334,134.91522894648313,138.98244119242227,160.6604197915274,162.93486345781736,160.9669286950171,135.43620464388195,163.85330378291553,138.3015446925335
4469,148.96666666666667,133.8024315668238,135.12540054265423,162.08488342342824,161.96907273266652,162.17409749668812,135.59968045495853,163.58371643967143,138.3235255115511
4470,149.0,134.17504083933,133.0146205250291,162.9684061223513,161.5752018898212,160.99349695196847,135.97368333474574,163.9275439681291,137.99073707654838
4471,149.03333333333333,136.52138801507982,139.5679214518706,164.3413557777007,162.9999059328272,161.5031418530657,135.19219875066958,162.12270788480237,134.06789233892508
4472,149.06666666666666,136.4229623396184,139.0188741020846,164.23567860720075,163.46795839074872,160.25204251983754,136.41720950424332,162.58011329347684,135.94355859649895
4473,149.1,137.27768733074095,139.0660962448659,165.93808958122074,163.07716209584555,157.70737721273863,136.4178495171051,163.27587462891736,136.43191006198188
4474,149.13333333333333,139.01747049053571,138.646956369448,167.00366354767732,161.95218590819752,160.1863340654999,136.61155962140913,160.33782139925665,137.0214900806398
4475,149.16666666666666,139.07354835677734,138.2353865618672,166.70174837405457,161.10345797730645,160.09566338751566,139.66070837475098,160.45499473390586,138.16424463981645
4476,149.2,140.73797748049623,137.51168722915762,167.2279507132873,160.96709217993126,159.82170556332562,139.79208679885897,160.13995844745773,138.05955896087906
4477,149.23333333333332,140.53878371382797,136.79094944207702,167.15950434230064,161.46522405767448,159.74810052482997,142.71937504122062,160.50116976165137,140.94184403283214
4478,149.26666666666668,140.63631552079158,133.67450403807487,167.10589847373276,160.38140692096448,157.31529421236476,143.0953530770064,160.7677689176512,141.14255820670817
4479,149.3,140.7804171606233,134.09018168777732,167.04999120454792,159.2258634245226,157.46968830437132,140.91841421647916,160.9229315159499,140.06396691117862
4480,149.33333333333334,140.74260135738496,133.87025948674162,166.70668098984075,159.96781296742904,157.71580046763367,141.28535729700923,160.6881951468501,137.81183538715996
4481,149.36666666666667,141.8317246082416,134.3731033739131,166.96199139047718,159.49812597725347,158.34642382588814,144.57524902342897,160.23478767420497,141.7679159531371
4482,149.4,139.01454687692348,134.20677300251228,166.43809050356288,159.4860130537695,156.96138775901113,144.05773116075827,162.14767186263407,141.86260277844733
4483,149.43333333333334,138.87790070269045,134.7184502554478,166.3571578600852,159.2029512333429,154.11894609871254,142.27016981493838,164.07384188584214,139.74239175671508
4484,149.46666666666667,139.9262443792914,132.38377640494056,166.76029675161723,158.83103357109522,155.71061105089342,142.67386295870085,163.33152198138305,140.16574624327242
4485,149.5,139.51264156865437,133.78747081281512,166.57780478459142,158.98039621579076,155.57250646698387,142.1439911143089,164.37976622634093,140.95784732004282
4486,149.53333333333333,141.33986634454433,134.3460283942474,167.2793112422759,156.68288744709315,154.15490500436582,133.22932051595419,163.84646604671727,135.47456298530295
4487,149.56666666666666,141.92770163640373,135.30884804213957,167.41780835690128,156.6261383044726,155.7394051744569,136.95823978605029,162.31015894396742,137.04789871714303
4488,149.6,139.51124029414663,134.68447738694326,166.3815976913436,157.10776125174553,154.03538374583394,137.2324664357823,162.84628977318675,136.18771211526186
4489,149.63333333333333,142.1376426507209,135.2873141419472,166.97925735991558,156.64970824751387,156.44062702410238,138.21804477492248,159.80552593355733,136.08667973974894
4490,149.66666666666666,139.04657523947654,135.76840638359843,165.76093145136747,156.49290564719362,156.4171966117939,140.22025367819512,161.83691333200525,139.46325607032952
4491,149.7,141.0385684923111,134.88023217520546,166.76060486508604,156.21899809938122,155.2394205545771,140.81772907380997,162.47681245882703,139.34119372601168
4492,149.73333333333332,138.30552523450265,136.29386115128025,164.97020804218343,156.02178412690088,156.41728928131369,140.34004171937798,162.23656268653386,138.12891244299732
4493,149.76666666666668,139.8798392505075,136.4577560872117,165.94098302131175,155.5787213667856,154.8580076528502,140.41682071261138,163.4033246642634,139.933019288296
4494,149.8,138.32853832139372,136.1552297877407,165.86056869181286,155.87095837215367,153.58633833478302,136.27434864382164,163.4302103384816,136.57071537911682
4495,149.83333333333334,137.7590309917948,137.8158491608191,163.95976513436514,156.12332433844816,156.03193956154584,138.6245214117512,162.56182873468077,135.13944350598558
4496,149.86666666666667,137.98492505441646,137.26741793528487,164.3821566472415,156.46798192235582,155.69435987775935,140.28485913317766,162.6752072624719,137.84147502855956
4497,149.9,138.81099952046574,140.49788025180516,163.84833431515744,158.11972344057278,161.62157239705124,136.13011109035727,160.60254497277896,135.91300879403678
4498,149.93333333333334,139.3469199025468,134.5867184340876,164.64578189797462,158.0139225587738,159.7352076706906,136.39303156825764,161.36744216511013,136.37193083233763
4499,149.96666666666667,139.72398573822045,132.29463551041232,166.00653762449053,158.58896509158512,156.3466443638228,138.48051599842407,161.65778736932214,138.63948573919362
4500,150.0,139.99486142613117,132.7987898909238,166.2689766280571,158.16985845918083,155.8076608394255,138.65790361933102,162.16617691093023,138.7334274714515
4501,150.03333333333333,140.51367777417374,135.4424105822874,166.29382987266789,156.5664553545288,155.50806319333293,137.3300189069463,162.4547266859646,138.42876339251106
4502,150.06666666666666,140.872964805178,136.0794796385834,166.29629532970185,156.57477853797235,155.5627099394387,139.0560193127578,162.3747783991184,137.98422112042883
4503,150.1,141.14042231094714,136.38441248971662,166.96021297726665,156.65100375714835,156.5288151343455,138.99757702831235,160.8393862570691,137.04687347159108
4504,150.13333333333333,139.59814492296368,136.5321980173529,165.95240392057377,157.80819730585378,157.60963894524897,138.04214928369765,160.84525789094096,137.54746469726803
4505,150.16666666666666,143.68853059009487,137.21922121661902,166.775111623835,158.75853861931267,160.25414909951897,140.33671693838258,161.13843770616532,139.73505983582746
4506,150.2,142.1362094557777,134.14922740015453,166.9871970514332,157.9684144292544,156.5683966460359,139.6741431043458,161.66747802795373,139.56441335469134
4507,150.23333333333332,142.83656760207583,136.67419927707772,167.12300866916925,157.86565948030918,158.11928862253274,140.05344477752055,161.2959672017418,139.63596911553657
4508,150.26666666666668,139.26577739792242,135.3453865489441,166.96686576253526,158.72690282409707,155.9068492090304,141.60645149042756,163.1501643605617,141.77265489283135
4509,150.3,139.3117126005804,132.5052331692171,166.27590657223774,159.4707491423813,156.74328885841544,147.59427990083066,162.72176293709924,144.43932630829522
4510,150.33333333333334,140.33399180595418,134.19328127639955,165.41843214332235,160.35878109200345,159.47329446783345,146.72246244079372,162.66451638652626,143.8763740443956
4511,150.36666666666667,143.28254927233255,140.43656475363701,166.4058263449292,159.5612757350866,161.5717280794941,141.27430745230748,161.19639054127765,140.22158619699303
4512,150.4,142.26292944820318,139.73084719977103,165.79290403733535,160.32439552461668,161.71852977992356,141.3864939352393,160.75145115860764,140.51151155294593
4513,150.43333333333334,140.2302876878468,135.80459786566655,166.07922330146496,159.91692286180088,155.0624801334314,139.3038619481429,163.42627347649253,139.49225507546586
4514,150.46666666666667,140.31883870849595,135.65547497545094,165.45651457624922,159.01159262220256,156.06299147843163,137.47881112161062,162.595940185395,138.42532072959642
4515,150.5,138.36389233342678,135.954964642504,164.04587603005908,159.04590670852008,156.38495561907826,137.89212955305905,162.01506276315857,137.91021749412263
4516,150.53333333333333,136.3687946498762,141.977272355512,162.47921641570701,157.25858261303324,154.50134112725598,137.8411734952596,162.4429887863432,137.02555794921716
4517,150.56666666666666,132.3373384352502,134.08268294792205,161.01396800733045,159.01006355919037,153.8678293347261,141.33960782483672,163.25993593938492,138.9805727673013
4518,150.6,132.70082669417474,133.0300293232467,159.77239635669983,157.83423355428454,151.31241871944425,139.03845807323933,163.81639164762183,138.21728391317976
4519,150.63333333333333,132.12648224404245,129.6488169268681,159.730128661076,161.45496543823202,154.52467474688277,140.01035404823435,163.8599233423698,140.61166589150588
4520,150.66666666666666,130.89645587084956,131.75528378859383,157.55094398203562,161.03098040940876,155.63080569978104,135.9952443875628,163.92005329224222,139.17310172292392
4521,150.7,132.7292044790062,133.07934989489766,158.11386876740005,159.32915089242817,155.3214105307631,142.54259196003912,164.32265689790296,141.20549888035703
4522,150.73333333333332,128.30902912768474,124.94394267288874,151.6135141787134,156.42358921831004,150.13578333856518,138.40090096765417,165.99531363919456,138.5247335390338
4523,150.76666666666668,127.72455914403386,125.95056815516912,151.22029948266598,157.86845277186634,152.22239137034018,138.9975672609221,164.44953981154165,138.60143187227766
4524,150.8,122.69634275512459,122.94783325566982,144.3715748092149,156.69013946209697,151.4437637027558,140.57571759006694,163.76139917079234,140.0038295493669
4525,150.83333333333334,121.22257914822755,120.68440554496419,143.04479623109293,154.006989212978,149.15872003855193,141.4887331771862,165.2616195965796,143.31592732513067
4526,150.86666666666667,118.46414198827253,115.13392652555426,142.4359971995031,152.9548067768277,147.2886841362433,146.07331218849777,164.77117666859772,146.00440260872912
4527,150.9,126.77254073630328,110.06865043997772,133.49318709839585,150.39660419304133,148.07199437313236,148.40909035885372,164.13873047163395,147.56022292443782
4528,150.93333333333334,117.22660791455296,106.90290723854184,136.3101048016281,148.42577532733728,145.53689238123383,151.6962857480101,163.7261971965273,149.08999533594752
4529,150.96666666666667,112.16636632336144,105.15509745024991,136.3711347062831,146.5717836010918,144.6283098741999,155.221628484767,164.52858276876154,151.76508823782282
4530,151.0,118.07373879623559,107.24312032295556,136.90624098665538,146.3990137920158,145.30340148592882,154.52725558375508,162.02542512413964,152.1476978824716
4531,151.03333333333333,114.11494787468516,104.33133798468461,134.4428117886489,145.34349019431755,145.7433541580963,156.4326754669592,161.95356569640393,152.22614633341624
4532,151.06666666666666,115.04715552174754,106.5489606389518,131.86562284021042,144.56690334238024,146.9615147858109,157.20534613451812,162.8767053627461,155.12263049994584
4533,151.1,117.26188040334915,128.4517113099342,130.803496994735,137.35040106729627,149.87280092391802,154.4743861892178,161.60740706799882,156.60713113692418
4534,151.13333333333333,100.39231572656027,119.77986771764941,125.87893922053937,140.25823199960004,148.5848115476475,152.87310732744817,162.8834145783937,155.63986309598957
4535,151.16666666666666,104.34195683662955,129.23423584889568,121.29651857342537,135.8670477479395,149.86486749165863,151.48143748637315,161.95957616347675,154.77069558248948
4536,151.2,103.46769009638086,133.20023077764165,117.06661503832622,127.5162380556016,157.0347096104063,148.72968955821904,162.63368179589833,153.31557138105677
4537,151.23333333333332,103.11011744053475,129.92165881636996,115.24288070280238,130.278134060404,154.70810190281915,149.40057874594945,162.6089969853436,153.97300691490543
4538,151.26666666666668,111.68407182049972,123.97570205549933,108.72847045985314,119.27464960305548,153.3989945941665,151.09787896121188,163.25400365625634,155.5950536053843
4539,151.3,107.0764707744437,126.35032432460831,102.94073096396623,120.65192365826047,153.34316827423848,154.4911661174201,164.62100535096636,158.26037541373762
4540,151.33333333333334,85.63739478661086,107.19665056497823,100.74384904241066,110.07157348931072,148.585149364754,150.12069627097006,164.89490676448258,153.2170787954067
4541,151.36666666666667,97.37213812491689,118.63492365240637,93.68881785998917,113.16456997358007,149.44694958110642,152.74302597741848,169.36436360149656,158.0525537045218
4542,151.4,93.82457024798933,114.65106658689633,88.30752441177002,107.55867219719804,149.65673480019905,152.85161681541044,168.04708543059817,156.20639267541955
4543,151.43333333333334,112.6861894816715,117.07278020585817,77.72930377183111,105.30138165233437,153.96275349003392,157.5745599996527,167.97939156710706,158.4659341735018
4544,151.46666666666667,105.71479766359283,112.74396728379627,71.07169791750194,100.7531386307023,154.64194344814925,157.29806788177248,165.73373506066304,157.30702831287817
4545,151.5,104.86568212818183,114.84251640098192,64.51631853533071,99.56290496949374,154.52359385597072,157.58891281744567,166.0754348206921,156.77160238069195
4546,151.53333333333333,102.7085544702284,116.38421694560762,58.998977704797085,92.85547449160053,154.08109996295178,161.05790351964944,167.8244645795871,156.49990052597016
4547,151.56666666666666,106.01698104402948,117.97040204585296,54.091422548234526,88.4786514749737,152.38650112468503,162.76900666863153,168.0487325424436,156.82709696520692
4548,151.6,104.82802526988708,115.0230108455175,44.80399039683136,82.51083604332119,148.6972364922619,169.39497833469218,169.40866524559223,162.33513996399475
4549,151.63333333333333,94.65222746071963,107.69554947413131,37.12225361073455,81.5647143009559,148.79841817116758,166.5893803234822,168.4329264791682,159.93024812749235
4550,151.66666666666666,107.10612874288036,115.30656162233936,33.42471593595024,74.24788242977353,145.98181713170362,171.80446370611568,168.34494504567925,161.4077233044982
4551,151.7,62.19953223593029,105.53556707313085,26.90269563598852,75.27563673698579,146.08783846302853,167.4536796046529,164.6973892395219,160.26981858059017
4552,151.73333333333332,75.90767084540325,105.38025932302104,21.851678681464456,73.7052962958747,144.6344576435749,167.9546624077387,166.33718333574427,159.82390539132336
4553,151.76666666666668,61.870262879727974,108.76817001641673,19.362837063260304,74.37374731746118,147.33339179570547,171.23027988869174,164.73170992295078,159.49352979505565
4554,151.8,72.6360108430511,109.06498339133442,15.32289184805387,73.80282572381162,145.8338756889757,172.57360275408848,167.11768546539068,160.3665627195011
4555,151.83333333333334,49.17599862284525,107.92669946961398,21.55876566256417,74.7150433977188,142.96220654816804,164.02980025824573,167.74423513877517,155.73944130213894
4556,151.86666666666667,31.14694201979219,105.55599404363059,35.679917909257874,76.09287263300777,141.61910491071063,166.34330279705796,170.0700716575987,157.68702962313046
4557,151.9,44.09602849343794,108.80550246989343,26.779094416022474,77.25009227960965,143.03669734012672,167.06145204303925,170.66234969190577,158.38250877546125
4558,151.93333333333334,79.48839200832607,109.22703586637861,12.379031295813895,75.4917690075881,143.23363747356623,163.57816606273983,169.1408020506975,151.32889926069603
4559,151.96666666666667,76.1871179979463,112.47006580752371,12.753995646069919,74.94133533384458,149.22232204908818,155.37715771171733,164.7625374567394,144.3510533348198
4560,152.0,82.70060824740146,110.78285393504399,14.534142526889099,72.59615359726486,147.36998948015184,154.82744027611457,164.79792534728463,143.37766023687922
4561,152.03333333333333,82.16527617081479,104.57158102028927,13.020615341505394,68.53516346783209,143.225716445932,155.90007091457704,167.77274719965337,143.86024737107255
4562,152.06666666666666,91.71493208833213,104.5987522167587,15.690351203204035,65.71725002802434,146.77189070376502,154.61870297550144,166.11797336614453,141.58529813995582
4563,152.1,88.14770021637958,105.5565574607774,15.404873371610876,67.02255660134237,147.110316417838,157.37226683343263,165.71990704627152,144.6811564598269
4564,152.13333333333333,102.34431340441107,101.34278485719811,21.053082837095765,58.781570762922776,145.08828619910474,156.8156081702667,165.03801663932165,139.9571836819104
4565,152.16666666666666,92.46831428485237,101.65441914474825,17.10733926045848,62.46586575442993,145.4137211924462,157.97932317374566,167.58014989713524,142.07229306430474
4566,152.2,100.20680752913408,101.64908722497812,21.056756407604972,62.37179415979161,148.64490509021286,154.03891535103824,163.9968789487588,139.162755472554
4567,152.23333333333332,95.20242329700031,99.41319185051312,18.234283661076173,62.15170344392248,142.79475807316072,154.5208745664108,170.07416643626567,139.10691093544935
4568,152.26666666666668,103.45612248526089,97.31745536734523,24.74758744752482,57.59987625681569,143.81568156546888,153.3919166576974,170.98991365870174,137.78095448323594
4569,152.3,97.01180219465472,99.86196369660257,20.215528389342236,60.784448087142685,145.4493184110601,157.1363675542018,171.38066148363907,141.95846858980718
4570,152.33333333333334,96.72461814360919,99.419262131949,18.158468358287717,59.43680394583966,142.44737408713607,153.83224938891112,170.979271959432,138.35276313470195
4571,152.36666666666667,97.584618736068,99.59474924528372,20.27861502155168,58.76271360022335,144.8056863654787,156.1045410081957,171.05319293377121,140.12294192040315
4572,152.4,99.85718902750246,99.394305094524,22.047935479548965,61.18410895210599,146.04081849627534,154.11431712557982,170.96507492051893,140.80443872459995
4573,152.43333333333334,99.95644733558629,99.8195339504625,21.58666747940887,58.65490511184689,143.87616491061496,154.03689373480526,171.23726241810084,140.42949752479524
4574,152.46666666666667,80.22055670306443,100.17477716603872,11.289693042511855,66.50636728808092,145.00319666150324,147.92650672297415,170.81556318565976,139.30954767000563
4575,152.5,92.18180799501005,98.08235061781326,17.26704022121441,63.51587838717422,144.4305068662913,148.22694766249742,170.51767114090285,138.93535121723613
4576,152.53333333333333,87.66296761970847,97.9264379150908,14.52153339520396,64.37055178555846,145.40043596956903,150.35903230872682,172.38740774948613,139.78815459356812
4577,152.56666666666666,97.3203965266902,100.00548382419927,19.80301475453529,61.77080958611548,145.57330340171353,154.4419377394052,171.95773043173554,140.29015525959952
4578,152.6,82.06719098640666,101.36682777889514,11.334027371934004,67.03024244675879,147.8644248556852,150.74713606727659,170.0524060036356,140.41252462182564
4579,152.63333333333333,98.60364957041224,101.86028622266426,20.371771661464482,60.33033463721451,148.8677412522561,155.2384623716341,167.0123949250169,139.92756807394147
4580,152.66666666666666,95.74994683055883,100.57816088904305,18.6060655989206,62.45607092411137,149.24701585911177,151.98380434013322,167.23504972053442,138.7706643989094
4581,152.7,103.52655858441955,98.36746954424869,25.071772932697353,61.21473118143616,149.11968037765885,156.4978090458443,167.1743698585468,140.12994345382648
4582,152.73333333333332,91.4919169196638,98.14769116554872,14.54303715933414,61.3727102679812,147.2419513817657,152.18585064150045,167.93266704681062,139.86688197833465
4583,152.76666666666668,94.03484870876312,98.91702896203081,16.135403715902758,61.59752883306847,144.08903169460044,152.13452756027695,172.5238274762001,140.0700264577638
4584,152.8,96.2050443679057,98.91814190738106,19.806181596330156,63.400264913555084,149.0493767630436,147.51659805405933,168.4034207517594,135.01616909756018
4585,152.83333333333334,96.22861434259646,97.67617133059744,18.624711326149175,62.64342860010361,146.3473598863493,145.97035387330888,168.9477410294775,133.57169154570306
4586,152.86666666666667,99.600613407591,97.8213947923064,21.01337305198983,62.13805093280272,145.0876950278457,146.74888469752773,170.3802827004004,133.12997544562847
4587,152.9,99.73392806624787,93.04986375447488,20.455198087930864,58.164753556684886,144.91403709889119,146.08004729799114,170.38435715490917,133.72373818836732
4588,152.93333333333334,97.34791953925479,94.37511108689698,20.369393052256903,58.047884440351005,146.3363180056985,147.8500010860236,169.99666527140084,133.1399187837865
4589,152.96666666666667,99.66262756779523,95.82242201294946,21.493145118200044,56.54003519953715,145.11844051960358,149.37561551039065,169.9368645537605,133.46508655628287
4590,153.0,100.87606671683714,94.0517333369994,21.436372704502098,55.19485310605706,144.24542775368258,148.2680696509648,170.53421728819814,133.81197227518373
4591,153.03333333333333,99.59548622163666,93.64597852782005,21.773113871186165,56.14293011400624,142.65802041004252,152.80497384888463,171.83398072132647,136.50125660191264
4592,153.06666666666666,101.7372436899537,96.53559564187465,23.070001245287354,55.20694579426872,147.4279677086273,152.95072624870653,171.6683257195421,138.41017648703382
4593,153.1,100.07482271268637,97.89749994031631,25.164500719444288,55.90554782730408,146.86866864831367,152.38220371991946,170.09971766192595,135.61361658538866
4594,153.13333333333333,102.39816243420272,96.79972830228175,23.269737133681215,54.89376507867872,143.1378746408067,152.82300297087454,171.45647362133474,136.30506149554543
4595,153.16666666666666,99.67282409844206,100.90271600193142,25.307161476857104,56.02082916267807,145.21558996857655,149.30789207024327,170.79198212021046,134.67011201691392
4596,153.2,99.57115665438894,96.88462988325082,24.416402218815218,55.044252967925026,145.58342039451364,148.88865478651715,169.22095161845996,134.25537869770113
4597,153.23333333333332,101.72557502554196,96.34184990231599,24.966452841541745,54.61591496449124,147.27343277662013,148.9327943759354,170.74784783899952,135.07917113167068
4598,153.26666666666668,96.2762687870807,96.0589114004786,20.68307221620793,55.08416186149869,145.83775232127337,147.86201460950417,170.0821447533856,133.4577325500898
4599,153.3,97.28247866024509,96.13876489079026,20.998964224346672,55.208935312147055,144.9223272079786,151.77073750484317,170.9389585030841,135.62123242214057
4600,153.33333333333334,100.16817076167152,96.14925444841981,23.19387522052905,55.651755817386764,150.3443087716614,148.2451737674188,167.1788534530924,134.16432480938582
4601,153.36666666666667,100.96990602354873,96.48085865698422,23.545842877981162,55.782933462199885,148.98727424973578,148.0967428106655,167.84683436557026,133.7178984233198
4602,153.4,101.25640600771501,97.06659120543864,23.734049983268424,59.86408179989011,147.77610106659975,145.64429517861387,168.22187049496,132.74165966252468
4603,153.43333333333334,99.16933440833925,96.37327383354969,22.642851072848288,60.99490872974774,147.81424563052278,145.2020520445228,168.56387145616154,132.93009845427315
4604,153.46666666666667,103.2129515204535,95.64179829897593,25.640987262667796,59.652840858918765,149.55368201165106,146.2130801883536,166.65725545303067,132.4931238236278
4605,153.5,103.11671688744761,95.3595916514035,23.75293353845712,59.30519360177371,145.64430046698078,147.20177449036174,169.8560998167564,133.45599746422263
4606,153.53333333333333,100.01808250151736,95.23402104107511,22.277647791236117,62.145873616763694,146.3096031337987,148.84268658210942,169.66571843602983,135.2097440910063
4607,153.56666666666666,99.73065209036413,93.87375318642113,21.465398847085485,61.05880894139395,143.25863434397095,145.9621314188244,171.3304919202305,133.35369025504386
4608,153.6,96.32299336346519,95.97595816483626,21.59831433768897,60.72014763933839,145.5126884045398,147.40603521047717,170.67426554763614,133.88418515558658
4609,153.63333333333333,98.35139343780004,96.57270082732008,22.260454749260738,60.7565078873511,144.6454454786269,152.03979788225766,171.71432957436335,137.80275122698487
4610,153.66666666666666,100.04586587279107,96.3621203228383,23.032056396149837,62.20597941619319,146.51031322020032,150.57636544734117,172.96167389718255,139.13844651065813
4611,153.7,100.64147212916895,95.85026454505613,22.14456425940814,62.26296126153515,145.226626720536,150.77919612078975,172.61161814742178,138.6070460374126
4612,153.73333333333332,103.79636940924921,96.2923414586728,23.76087687894935,61.177808322012,149.84794328745116,150.3367234319169,167.64345374717877,137.66997180797495
4613,153.76666666666668,105.0312862712545,91.21478044565478,22.347532417252197,59.49533499736639,143.91984359385108,147.4447630997488,170.18039919283422,135.20927244812836
4614,153.8,101.90903331162095,96.78887772446991,21.576163104375254,58.13871447513445,144.58022314178956,148.25058189070216,170.02043348737286,134.87517492462206
4615,153.83333333333334,100.52861344493104,94.09015796793825,18.87912374071557,57.77740007356926,140.89952761370247,154.71563059480093,173.19908711408934,140.9745911805227
4616,153.86666666666667,103.27222625961707,94.62291145912626,20.982890572691076,57.87438539793779,144.9700042385216,153.19337342238006,172.01755582023938,141.35494722972982
4617,153.9,105.21000168106238,80.86647047251392,21.688326935178274,55.90598864311138,144.3535693140927,149.6026176276722,171.50632324814475,136.65093716909666
4618,153.93333333333334,101.74861377972093,87.22741846041447,19.274831955064133,57.1459925935641,147.70896508581387,148.49875339495787,168.5534332203414,136.64203429233828
4619,153.96666666666667,104.3755590444661,92.86969815658293,19.43555949297667,54.96870457111598,150.44305530487128,150.29672458065193,165.74980364605938,137.2745334399652
4620,154.0,104.10565515872858,97.52872544015251,20.909432277177363,55.64088079544488,147.7041512904348,144.81184169695922,166.27117123279442,132.92449320290967
4621,154.03333333333333,101.53918962078515,101.06548951338972,19.403178126951204,57.37019707438021,150.38633730712885,152.46595523704084,166.97224294962697,139.78537269526007
4622,154.06666666666666,92.84302735741959,101.74342686225759,12.853141440213019,58.63091946573495,151.57025382762043,146.4433494746844,163.95742831164128,137.16963979194045
4623,154.1,96.36686722094392,96.88138918837554,15.9693331543374,59.484039700536094,153.31659576492916,153.521397440496,162.91172932271894,141.96601744828845
4624,154.13333333333333,91.92669345372894,98.41543681316674,11.339115526800791,59.86761081503459,149.96227973622348,155.94209634494547,163.87597816721274,142.4854932734816
4625,154.16666666666666,94.18038253778938,101.7271009181175,14.339016728271694,61.496495438608235,149.06212667152013,159.12665542522063,164.2593235669388,145.5529402316073
4626,154.2,96.52400531979399,104.49952741270097,15.094992378131769,59.03885695877626,148.08819949324842,162.93488203716953,166.8784213274596,146.94352812818218
4627,154.23333333333332,104.70995465836289,104.1249844716924,18.7686504448338,54.15972281481848,144.7197672046401,172.37380207304736,168.5328826634876,153.47693697472403
4628,154.26666666666668,109.53182017835509,107.68978497037774,22.863426018798325,53.12364108193066,145.44879919722092,175.14332877869816,168.60843861967115,155.28421659707072
4629,154.3,103.83730982632413,106.81611369140604,19.576303701682797,55.95018744505168,143.1765688958617,171.8479878782977,167.1083110252651,154.17002996349015
4630,154.33333333333334,98.0892660372567,111.02241678859792,20.712328967500124,61.353662385707956,144.13156209051962,174.15352294004248,168.00077398828964,158.19055717545737
4631,154.36666666666667,94.98338744595652,108.87580496825831,25.04109614509334,65.30196489787573,145.32557428757823,171.6592726867066,167.07842177720173,155.86081211328695
4632,154.4,99.49551265401095,119.19575272629183,33.52134224173441,75.0636463897436,145.96998157680483,168.68910556015297,167.1920807535544,158.00883264642925
4633,154.43333333333334,112.41640888890139,121.9629514073555,44.318261833427925,82.785501043746,144.64002366838707,164.97136974364616,170.82404363192003,158.7809849487511
4634,154.46666666666667,114.80365586054587,69.2204872218669,51.02813155034514,84.53135765570532,143.4168171412866,161.8494418287419,170.21885123667272,158.79779570587883
4635,154.5,103.05161209295953,111.26931439420412,62.75270317240609,92.48683778349834,150.69793473412733,159.99510711369032,166.88246329305943,155.5909931005703
4636,154.53333333333333,80.98842100796648,110.33200937517033,75.80430394239671,95.4651830042273,149.57912604965125,156.9177564460342,165.46177104750873,154.9998005739524
4637,154.56666666666666,102.30669089412841,119.75666065869913,84.07593381887293,99.24427022241998,151.83209229935184,155.1856756633219,166.65095995197345,154.21980170375258
4638,154.6,98.64657452174774,111.9307614840859,106.17727570969761,106.59447996937324,150.3144067362628,148.5178789067721,168.31939668335656,154.1287757991675
4639,154.63333333333333,94.3039703532364,124.64724449536114,110.2957908167357,115.77268208159089,151.66512363483628,148.595765222198,169.1799242582986,154.1293622914076
4640,154.66666666666666,104.70164098504881,104.43361158071697,120.66444531156395,121.95196964518496,146.1922471940637,151.32817091255018,170.73715446816428,157.1084650125139
4641,154.7,111.98390785900664,93.4264044794258,125.23195009619091,130.16179704058376,144.65497647638566,162.32436593964974,172.3476961530847,166.7347252567957
4642,154.73333333333332,109.24362456292384,94.61878415767765,129.36903127851252,136.55839202283912,144.21322990814667,163.9615069209789,171.34944767870599,168.21991164201094
4643,154.76666666666668,114.43135764488909,113.8991371341651,129.73339848819066,144.16378915054534,146.10123560057554,160.162197802331,168.16643287872407,163.68321865361838
4644,154.8,120.71474668018125,109.5126924806562,132.02616467750053,137.94568309110556,152.15262633062997,158.72564736511305,167.21989494374813,163.58177794560183
4645,154.83333333333334,127.39703602583269,115.19068082948337,133.01055174756897,134.7896758365065,153.48474033108587,155.1996833264437,164.5367988032494,160.90474987796685
4646,154.86666666666667,136.26083766094544,120.96434182456933,135.63184671987813,139.51399670008539,156.29261365801517,155.0763346210449,165.23906011609182,160.6938618100858
4647,154.9,124.38584571392313,120.0568530497609,135.79483212973605,136.43122468746657,155.51417049241684,151.33231256139928,163.9735278878276,156.62248711383353
4648,154.93333333333334,125.59602279988168,126.64559749681908,143.99703379135704,141.54463383937576,155.8420878920125,149.66205073224882,164.55897593438084,155.18563768157733
4649,154.96666666666667,128.49433240921593,121.45524466173407,149.9319289971388,150.5271982498854,155.7324841360293,149.63884280046904,162.92368452851431,152.1218553024259
4650,155.0,130.16409433184964,120.70733634179409,150.3097751220759,153.36167361852782,152.85919426973754,151.1660128109889,165.71415892428672,154.43009116700102
4651,155.03333333333333,131.96112577857215,121.51921446218525,154.14601632847925,154.51217320536486,155.339592858502,150.04886838251716,162.6716779312842,152.8042501495179
4652,155.06666666666666,132.9189859654344,127.12239531169024,154.5510862312765,156.22898378774832,157.520909205263,147.95578603326268,163.11734797996965,152.0626390504766
4653,155.1,133.18567273823055,126.03131534404473,156.84927752211192,156.1337150335488,157.4416506261344,148.0029655660871,160.89216371687158,150.8274917895088
4654,155.13333333333333,134.45029025836646,130.89711253652357,158.7529963648912,156.9281060809017,158.04673849892316,144.92525116266188,162.2401997654115,147.14407522838067
4655,155.16666666666666,133.41428283400535,130.96018273198305,157.8435702602079,158.7305154179964,159.9924102235242,144.28890936754408,161.00507230102383,145.08121215056875
4656,155.2,138.73032929340195,134.73891988459488,162.58696447020634,160.64034695107858,162.40358495045984,139.74305989846147,162.30089261833953,142.9900762403294
4657,155.23333333333332,138.4827432184705,132.9616591807623,161.426847047226,159.96624986331153,158.72775379554525,138.9424106796236,160.26452023189395,142.15254704552314
4658,155.26666666666668,136.10083919334213,132.04095314919937,162.0134009192875,158.51247319740128,158.74874068018983,138.21432532856625,159.461528764639,141.70440186408828
4659,155.3,137.3984884700196,134.26486485046578,161.21558789644675,159.4130496399892,160.4046515476275,136.89310135741061,159.43764253083896,139.77395848342366
4660,155.33333333333334,136.77537205793664,135.09890151819587,161.1609084218635,158.89078717449948,159.04380599855975,138.10065118885154,161.22430719123744,138.89484120571842
4661,155.36666666666667,136.4519403865039,133.97725331846772,163.61934607286548,157.95093984082396,158.18802515007604,138.68708037145555,161.90295051342213,140.02970078267901
4662,155.4,137.51866852304863,133.86150777463791,162.54432342968747,158.01814866332535,157.339326569287,140.54503418435263,160.99945780505175,138.4793109066086
4663,155.43333333333334,137.9766978833626,133.8592346915956,164.10155946914287,159.51650584478162,157.65341086709208,140.40516768823508,163.27953628545262,140.82074012071223
4664,155.46666666666667,136.45206700901295,133.5858932813119,163.45151759633342,158.7143306969847,157.69292862144988,139.29112098527827,162.8353393511954,140.29030752862232
4665,155.5,136.73505934162276,132.36133870082466,163.88605630838424,158.88838310197107,157.5271157440955,145.3582101287893,163.31897209345652,144.80383264052415
4666,155.53333333333333,134.71916819636834,133.3053961769504,163.0707994695558,159.41371576907488,156.4245934536913,143.81458531374057,163.02407908363253,143.77781099232288
4667,155.56666666666666,135.1252148545866,132.5434672143902,164.06935485895258,159.52271644611747,156.60701628609638,144.55821413559536,163.08699669963462,144.04040986517865
4668,155.6,134.68101417636646,132.7622653902686,164.67319675767806,158.54149610440848,155.33269558721992,144.31121183601823,163.12533773160638,143.10646677116725
4669,155.63333333333333,136.6857100903933,130.85606832215768,166.13502089918225,158.27878364297257,154.72236834896964,146.90048193490875,165.5463191771162,145.07637031602385
4670,155.66666666666666,136.77128025804234,131.99222038132993,166.28373701671808,158.21913866750003,153.89545403346642,146.83551072890876,166.4621745181296,145.95036275518342
4671,155.7,137.03286844167852,130.20832034551862,166.45015359776764,158.0711016297341,152.12992611387924,147.95163596101554,166.99149699471604,147.0459610563746
4672,155.73333333333332,140.91295501476236,133.34872152284134,167.06595733038978,158.19913953461742,155.2887542952283,147.45339170810485,166.15241655266345,146.66195438237725
4673,155.76666666666668,138.2547152852768,138.3316225586624,166.71370656225523,160.15561457255288,157.2335489947591,146.47201838551905,166.05411589245006,146.3606110263191
4674,155.8,138.0892317409003,139.21064305789565,166.52901137068054,160.76150029863854,156.90496210326947,148.40603285054743,165.88709098909035,145.43276063094854
4675,155.83333333333334,138.31185454822818,137.33225182790835,166.50709533487873,160.2947553340397,156.40790320858656,148.17641592192328,165.47472004141676,145.567598421898
4676,155.86666666666667,137.4051361358793,135.49750072548932,166.52988197337896,159.88956331646344,155.46500479843718,148.53762360289684,166.08085155006506,146.29506623072135
4677,155.9,137.9191692361797,135.34973047115574,166.6866821879965,160.65060535680874,154.16114605506934,148.4732822716308,167.30100406670775,146.27510196283293
4678,155.93333333333334,137.8151940663916,136.5444914978129,166.5330036815633,160.40194034177065,154.83198072042725,146.7652891684856,166.13558919878892,145.22554174204322
4679,155.96666666666667,138.02469678296447,135.96706889268543,166.85358240564062,160.32963745085266,153.84001262812308,147.3665574067885,167.87659321176,149.55054829145107
4680,156.0,136.5008019831694,134.5514370067969,166.23953062523955,160.54403084012876,152.54891854878892,146.4990141460581,167.5909988074398,147.79029977280913
4681,156.03333333333333,136.32985484867152,134.51064346386067,166.28621787043377,160.28592940988884,154.02212654749874,141.91897184729459,166.98846507747902,143.68426905233736
4682,156.06666666666666,136.49569480827705,135.98419265318242,166.00645781945107,160.32562590005176,154.3785211103065,143.91107395797502,165.91142014363976,142.9584077989397
4683,156.1,136.160226239399,135.05103416338457,165.84429125600101,160.75423905578242,156.0389448514423,139.041817713388,163.87727300968794,139.12621755191617
4684,156.13333333333333,136.55097656233042,134.37112867446714,165.72716130463655,160.45998566914204,155.0382848721888,140.53037677304772,164.73731032694695,140.16187119864685
4685,156.16666666666666,138.31674168613017,136.1136777641075,165.40929682481075,160.52129876605125,157.0861572136421,140.53928238091333,163.75112060496653,138.5513216644029
4686,156.2,138.082097292991,136.20707217012492,165.2046047809614,160.69245603107564,156.75732240793016,138.43919450637344,163.7374616127258,137.90750285954354
4687,156.23333333333332,134.6663364227302,134.33364109357498,164.3024074875696,160.92992150880158,155.65420242253623,139.10077922753425,163.6251938338714,139.06850124373338
4688,156.26666666666668,137.44251231401944,135.80996788300843,165.5922732707566,160.88461849327368,158.0762324901951,138.1206447837445,162.20892510994724,138.96573752894219
4689,156.3,134.44945401389137,133.78406833413456,163.24562118085942,160.9023476769205,157.10001327000472,137.02307744806436,163.3043022589583,138.3517272054998
4690,156.33333333333334,137.60256336160964,135.4393726234857,165.59814235507994,160.2242979501011,158.6739959826094,138.32662800200228,162.24422427506437,139.0358205929656
4691,156.36666666666667,135.7758810493192,136.96451434232395,164.9895449249297,160.98761604397149,158.5660059352396,138.283397090363,162.10615249503505,139.4154967767608
4692,156.4,136.06523037514245,137.0461768660122,164.33511528736915,161.42947867337713,160.48198331221536,138.5333249404859,161.68640465332462,139.3631633911405
4693,156.43333333333334,137.1974658061106,137.6478110001061,165.42799491521907,160.66670471569384,158.17993698344804,135.51892598858558,161.75238353294057,138.04187340548387
4694,156.46666666666667,137.5249146632184,137.1700467501648,165.13498013275557,160.55145266595196,158.7822404555347,137.47271717354798,161.64011126756603,138.23480845285385
4695,156.5,136.84100908622278,136.8071654346582,164.84097014617691,160.7747638469929,158.19290081908815,140.78367858270116,162.24478631833782,140.51755280621862
4696,156.53333333333333,138.10515352881407,133.08244255248638,165.44621589522345,159.88911404670392,157.9942496673656,141.8790593478259,162.15033121269187,141.33855332272404
4697,156.56666666666666,137.71761353395095,132.63786962235596,165.61341360572416,160.27976431862214,155.70703268019938,142.9002692939349,164.59058978534037,142.73324897700493
4698,156.6,137.7638012320149,135.0276130560068,165.23526413190658,160.5550383700226,157.41335011009184,145.36354009048142,164.75710585952356,144.47693332242457
4699,156.63333333333333,136.1178020893101,137.76144453543506,164.83432280862866,159.56880166801866,155.99194407175668,139.47601742124277,164.64840836724227,140.65521846461047
4700,156.66666666666666,137.04003025096307,136.8365337448243,165.10615253175422,159.04171749618234,155.73217258602827,139.1678423063646,164.48693552714892,140.10229727407693
4701,156.7,137.1633941106808,136.81290797844153,164.46271168396063,159.26094992891132,156.79815699639335,141.578494776519,164.02840479045528,139.75593004644927
4702,156.73333333333332,137.4583530615776,136.7698119154211,164.81015982174293,159.00786087252777,157.30835240176458,137.6105443927636,162.89398993898837,137.41461604579703
4703,156.76666666666668,137.1652949687366,134.93919530143765,164.26358081381971,159.52103200516405,158.68888763589155,141.86992479206086,162.70237563896154,140.92336729146652
4704,156.8,137.5124249487977,134.8263454952899,164.3102118496044,159.1318795306235,159.86001239879025,140.1720722825902,162.29932576626518,140.94628744421868
4705,156.83333333333334,135.14128927673673,135.1491417280424,163.2006760051109,159.29065878223085,157.98385624427095,140.1848019008111,163.4653492792201,140.83790892123972
4706,156.86666666666667,134.52674430138467,135.08933669140865,162.00794782639244,159.6493033947097,157.0722602256746,140.71512512781172,164.4350449487208,141.27078124622162
4707,156.9,135.65752784332878,133.1920510618329,163.49805156881698,158.47319834940063,158.95010651443874,138.69678274800495,163.020053520931,141.00256228740577
4708,156.93333333333334,136.1001474003542,132.2724079842747,164.07451518213887,157.70572268697742,156.77434700951554,136.60095767079537,162.94987729428473,138.7706003221538
4709,156.96666666666667,137.91750390479243,132.07862596389148,164.25672110711704,156.94143904886286,157.0199657693927,137.0936596276347,162.65395199709727,138.40437521223868
4710,157.0,137.12777964845287,131.65902978755085,163.80065283254785,156.6944454070423,155.39237284058078,134.62647549807718,163.1930569042256,136.6922399337974
4711,157.03333333333333,137.25512149614244,132.34247736021308,162.89637390414478,156.38681392227383,160.37095420029556,134.0917618245208,159.57128810774248,135.82614431366866
4712,157.06666666666666,133.4144813821818,130.81581590108001,160.8258521795447,155.60754334869995,153.22364218057317,133.50429060570852,162.30731630267127,134.21809258732532
4713,157.1,136.02022452859572,133.8464488618314,160.26390443166935,155.93360877463815,158.48837452563268,135.08535824740537,161.1582345229241,135.94746276158116
4714,157.13333333333333,134.14153877820095,126.61181109381063,160.31513425586107,156.66335981001143,154.012290982419,136.92996243323117,163.08112509838242,137.0388398553991
4715,157.16666666666666,132.10322401484888,128.77441717146638,157.25168440262044,155.83880332433347,151.40996078125625,136.85524614235817,163.81244124176587,137.341858123972
4716,157.2,129.09396285765533,130.74007394709233,155.6366492451097,157.79001269649322,154.4448938680005,139.01227174881816,164.0060616606041,141.92795125165935
4717,157.23333333333332,130.31147560573703,124.77696989190137,156.40631967418258,155.48262169517537,151.64907859050552,137.3306930806439,164.27299907528436,140.60297291047985
4718,157.26666666666668,129.78262154767654,122.02442628679356,153.44843791268386,154.65320844264073,152.1133569304356,138.13773633702462,163.958882420039,140.19626186510285
4719,157.3,121.7703599058887,121.69645828444632,146.42309215686197,152.63563896310637,147.85772793535034,138.4777187900347,164.84589847987937,140.9883290098384
4720,157.33333333333334,124.2692239842246,124.39492497495935,146.36443164210502,153.41204593510955,148.36176820009737,147.3013008900451,165.24129712457142,147.35314999307843
4721,157.36666666666667,123.17418811779855,121.59572781263563,146.486728094305,153.12511380306333,150.51379506713343,145.72548783026025,163.9374312256418,146.14254315778348
4722,157.4,122.37765578520592,116.57817671424847,143.81027319325207,152.41772862435184,149.52717817819888,147.9655690631819,163.7757619750491,146.3877685920001
4723,157.43333333333334,123.63501319508916,107.04708385629753,136.5768566069788,151.2369361919845,149.18782126082024,149.48888393476406,163.54402272379937,149.35153664012694
4724,157.46666666666667,116.60789637944363,110.95027059598912,138.80759363134186,146.75409376567603,151.9810585282877,152.4289600371461,159.6968121504301,151.24198564533407
4725,157.5,129.0818710450406,107.57585721957643,133.94149181433974,141.6805298392515,150.70179897766377,154.70484731123838,160.7516727776814,154.960799318901
4726,157.53333333333333,109.49552651533976,128.8054479741124,131.40601620110638,145.10107756844337,151.29243580571335,157.036033849302,161.9117825741791,157.38742328385285
4727,157.56666666666666,108.85949281673432,128.52666779448003,126.59011122520532,131.48705653230658,154.4299173500618,154.05238445155595,160.45130403945814,154.47099357280152
4728,157.6,105.83144435106033,126.07422727940182,122.8582191418326,131.112705887574,151.80600820911812,153.54602630289966,161.2301299268745,156.38186325531484
4729,157.63333333333333,100.02689371040798,113.43132682874854,116.41466654317277,121.43930270203428,148.90919936615788,152.281125959945,165.98483092227852,156.34896368518324
4730,157.66666666666666,101.51445301096462,117.84502503478015,107.96641440142727,115.34511395684396,150.33023298863924,143.49680113334105,161.08064622567701,146.58329309459077
4731,157.7,98.53146191662046,114.01049108353047,103.96639143348085,112.80700724645169,150.96134883432407,143.7552601918099,161.08903394052498,146.60989736325007
4732,157.73333333333332,91.89487881856356,106.94013882921801,101.2216348352622,111.4323201559704,148.04604004385618,152.00542667609065,165.38484311322497,153.25247459277514
4733,157.76666666666668,89.24609234725123,108.14945944737897,95.62866870043969,109.39802152693277,148.49925428033654,150.85751519739918,165.6798790373016,153.3295331434106
4734,157.8,79.52078023446904,99.61509652443524,90.07896511277436,102.59830330805778,148.21942266723735,149.76832512559992,167.39603132667753,152.29415696801564
4735,157.83333333333334,84.76182946234958,105.40632217733992,81.0283565310781,101.49810414056566,150.3267317100294,154.84727915000428,167.82558606939796,155.77585117369722
4736,157.86666666666667,86.34226504564975,104.96361970662237,76.90947587487003,98.58965863610197,150.4068660112384,150.75339736837145,167.55977737458792,149.85077969431086
4737,157.9,79.67052730353198,108.08141231179438,73.75712219106937,98.27468739849981,154.07576297692626,151.9970921187971,164.6775702898522,151.55581789125833
4738,157.93333333333334,76.08084927676347,110.44901208522288,63.43535727369142,91.92390163047195,153.09261704873126,156.459483626106,167.23243715985922,153.54725753487037
4739,157.96666666666667,85.1062645127721,98.08428271703623,58.97710596211108,90.85919761158148,152.7196315478793,155.12576546208663,166.94934392042217,152.68293726656432
4740,158.0,79.53784250391021,86.6233804193438,54.24268306908259,88.59788068443791,150.44735199451466,154.16478996607987,169.71180466520434,152.2732174607126
4741,158.03333333333333,94.74325576826676,99.61904132621088,49.940667996813104,88.55778420415609,152.6341295075522,164.0452085614766,168.78390039136517,157.96883854706007
4742,158.06666666666666,103.65611236598599,104.10587164359666,45.49555548795042,87.88690534695104,150.08815677886506,162.8985455604043,168.09760783825905,156.1400759696109
4743,158.1,96.4498680130013,109.17865253888851,38.25821745987142,80.33274928250954,147.74411395437699,165.4883630298825,167.40266839209744,154.53110427928613
4744,158.13333333333333,91.5853217418437,113.66098769963841,30.697847467858555,77.64502551671109,147.08916980427048,169.4806780633561,168.65195329767698,157.80779213757154
4745,158.16666666666666,80.54187388218516,111.84152181329219,23.872331066493018,75.85963044383114,146.90291833767384,178.58005811667132,168.61137671699188,165.08419445914404
4746,158.2,66.022437197175,114.00521818827312,23.158426220035345,76.09884304428793,147.75979154705797,172.16819756715032,168.0087013645532,161.13357481916762
4747,158.23333333333332,28.600707922206432,109.06633219853697,44.978799181168874,79.41826755776762,146.61658642518043,169.3070585618454,170.14603636682995,161.6585677196895
4748,158.26666666666668,43.86287325176721,111.02265459039697,26.256720773577438,76.08975535496248,145.28039224549912,171.82262466287887,170.48820945423665,160.827461030897
4749,158.3,54.13177929054544,105.36218809171886,20.965462100772086,69.76698560831868,143.0764301330569,163.55186632774144,168.85145361209212,151.9382339352903
4750,158.33333333333334,54.856414342831485,108.46088134576344,24.418926423937666,71.63459424067128,142.58651392239457,167.72001989015146,169.5917318859326,155.98542865081393
4751,158.36666666666667,69.96833167135595,107.68261069458518,17.198637044774884,73.2154297616952,142.99021592643615,167.90892873716174,170.40989323721644,156.51878695156122
4752,158.4,87.42940274799807,111.13494418791497,14.408746350965037,72.00360224055166,142.98530476572293,164.53303923754873,170.2191460129294,150.99936808760256
4753,158.43333333333334,88.13033275998282,109.62797866044178,16.211231268203036,72.63176008379283,145.14708381344863,163.4391858873497,169.65230224018276,150.03286808400696
4754,158.46666666666667,77.86427094938571,110.35907883538867,13.177271350671191,74.69271694745285,142.0246499883058,155.26183371297998,168.27899399463388,143.0350007983029
4755,158.5,96.33536471177584,105.08133893135513,21.457634336136255,71.7176254535981,143.24509525652576,156.9541090471387,170.48975840760494,144.11600485300008
4756,158.53333333333333,97.72096410467299,102.29185946490409,20.00172908493317,66.14864169698289,142.98923550593813,158.70313144902485,171.38365312033508,143.85148701382295
4757,158.56666666666666,89.75639790545654,103.42805325487579,16.866292150124305,67.66059203927558,144.55107671461877,155.75618640976526,169.96152715775818,141.02305404990994
4758,158.6,96.99205343304011,103.86104734144025,21.094570076355357,65.35743340597556,149.8029116064207,151.16394140721496,164.13967149725755,137.5177086370943
4759,158.63333333333333,95.17260855458942,103.1756465648105,19.31757405471009,65.86959248797305,150.71162323388467,151.4313113208315,163.9738008968268,138.60371661920556
4760,158.66666666666666,91.2046662473817,103.1535334242578,17.019213480043742,66.27174298516253,150.36811342891232,150.09651207635778,165.46976795130203,138.46535906659358
4761,158.7,96.77751487013565,102.38453345094055,20.59352687968576,64.99968631104815,154.01129659575747,150.60614004158666,163.23679779201137,139.00607409261764
4762,158.73333333333332,93.27590852707273,101.76468063437082,18.663190763641094,65.56496613190741,156.55495371812555,150.811179733462,162.66383071159473,139.4136060814703
4763,158.76666666666668,78.25551563779952,105.96943420971984,12.479459559406203,68.0654049532486,160.41649501914446,140.96903627436456,160.93490954333691,133.866414814788
4764,158.8,72.23621101661823,105.90936517191432,8.96404120903039,69.91274616362513,159.28422010378293,142.06846028219644,163.1753666285089,135.55877584117277
4765,158.83333333333334,84.84422129476675,105.03761940682351,13.318770915420854,69.24064553336596,159.14930356472874,140.19580508619924,161.779081148369,132.79794219238806
4766,158.86666666666667,91.53803073908949,102.69182280684015,16.085355618560083,68.10781603047239,153.80549377143717,141.87028741797636,166.0850496068544,132.74078588201775
4767,158.9,103.82875562457504,99.02281117571789,23.365207781691534,64.03178801913094,152.12236374524235,152.13724134433556,167.10430234843278,139.32907593368805
4768,158.93333333333334,102.54257672022551,100.48940174484034,22.493598785667597,64.06198663096734,152.27909460604886,149.74565247272741,166.92666435412804,138.5982073872277
4769,158.96666666666667,109.97155699238205,97.78407073028905,28.491481383522487,62.0346983989866,155.6081974847165,153.12133072453793,163.4420394465993,139.3480995502263
4770,159.0,108.06293704632434,96.39959147421379,27.06634513978228,62.56771023080997,151.89801183207842,152.4941281466899,166.63189313552786,138.72086928230073
4771,159.03333333333333,111.10168415969623,97.8950580709478,28.56989999117712,61.091731909835204,150.1800677275683,148.26639365558873,166.18381697970494,135.13247064072118
4772,159.06666666666666,111.45891643275795,97.66738449518105,29.703169953238532,57.53537732292043,156.95771620791265,149.3909487622888,161.0890907863709,134.5712747565436
4773,159.1,109.09239839025942,96.62617200593256,28.77768012395948,58.834299756723595,154.9810180057451,147.88151337514796,162.02423986156487,133.54372097151122
4774,159.13333333333333,110.36196446813675,96.9545328503758,31.054244782007327,58.68268341742156,155.9207177933235,147.93764963780998,162.63399683787958,132.88282199080936
4775,159.16666666666666,108.83064548656449,96.56045850535992,29.260657065782592,59.01880616757383,155.61257189236048,147.51738908016756,163.31810758792827,134.1883991872541
4776,159.2,107.11005900808401,95.5213828105351,28.088498368578716,59.254323464698665,155.82340765258783,148.9275699154139,163.73470746847588,136.33992298231854
4777,159.23333333333332,102.95736530025964,96.3947003130701,25.72301580060004,59.904466011560466,151.89500913419084,144.9011356188578,166.62597488317397,133.97098634144342
4778,159.26666666666668,96.53276794654313,97.22450166087226,23.13221690628623,65.00707498292212,150.71616749442813,143.59402487544233,169.85457951036312,134.65604901633313
4779,159.3,103.9482520443534,93.90623237348034,24.465179020056496,60.83250552570458,150.52055220116947,140.65159535837586,169.88711307990482,135.11120411234694
4780,159.33333333333334,106.0389093463817,95.67903544566,29.36876052980222,60.859839972105476,152.90753814919955,141.93190254756092,165.5392210032147,130.0466954144391
4781,159.36666666666667,106.3184612682138,96.9942315217508,31.031477363691348,61.781749477524315,152.0908369018135,145.5331361574308,167.36721189999454,132.5837502247018
4782,159.4,109.97532948554209,98.02614995388328,28.56372184061939,58.85714462935062,153.93104983384183,146.97080318403857,165.59837685217633,137.31951247410183
4783,159.43333333333334,107.01475276079614,96.84858714570676,31.1044774666349,62.73732980688634,156.78419131282593,147.36767127507278,163.18223141237533,135.18067664352597
4784,159.46666666666667,107.0939621645634,96.59272452790931,31.195198828192222,60.20279336479674,156.3675171302701,149.25514137641593,163.45710509744234,135.2896477382408
4785,159.5,105.97551148112672,95.83865632202614,30.154714284389744,60.258499750474,158.922946929856,149.37280639154574,161.41742600998418,136.39939780966807
4786,159.53333333333333,103.76213019868324,94.18281160025629,28.43882863975682,62.37839962964021,151.9390197231277,147.76989301967672,167.38181357289426,136.13104306374646
4787,159.56666666666666,104.74897250531797,93.76958038442962,29.0415065109086,61.62255677368615,151.91186171436033,149.92971527593812,167.3204354342941,137.50067947923404
4788,159.6,106.0313815143825,93.92822898730695,30.07084197632966,60.77849294573305,152.0193331932582,150.40493156382672,167.32575278984194,138.14731240154333
4789,159.63333333333333,106.77135821271784,93.65483982794275,31.259698706540004,60.76713497968718,153.60041189697853,150.9241690661826,166.18266684893166,138.12279130082138
4790,159.66666666666666,107.50745483361365,93.48391146646742,31.76251411970006,60.646115700175116,153.4557913919951,150.52738408236723,166.12881957571037,137.71523333437636
4791,159.7,107.72342872468667,93.6007673342575,31.82081356827115,60.204249848633744,153.30664459930185,151.58349978635204,166.12621215748445,137.65762143038776
4792,159.73333333333332,109.41546029318634,93.71839030422511,32.11847237584369,59.99029592008778,150.99399114289986,151.8123344609734,168.03289136616607,138.0446814236325
4793,159.76666666666668,109.51496474016513,93.73571154160929,33.43798719679698,59.87874226552336,155.35192888766576,151.63030696046206,164.67889087103012,138.05621455178803
4794,159.8,110.99304997743602,94.16574239237974,33.38243990618467,58.749461359505645,154.23780645587203,150.02855412487838,164.08981930259162,137.92160688921425
4795,159.83333333333334,109.93829963074387,93.9724848251016,32.0181114352218,58.609680065126106,149.39210066760677,151.7106314009966,169.17285342632718,137.51086749464764
4796,159.86666666666667,102.77074275805124,95.30275214288125,25.877674082517984,58.650499539863375,149.13625502720723,150.8667157662265,169.44262739682952,137.61633758464075
4797,159.9,103.93097471580978,95.21530619980237,26.968755766492738,60.055567487626924,150.1230272393155,149.80982829312288,168.05399952129173,137.55705867573812
4798,159.93333333333334,103.75709805423146,95.20900354761639,27.06017535774284,59.95426570599394,149.22605866789854,150.34292283064886,168.98887057406418,137.52985334680935
4799,159.96666666666667,103.31656365018902,95.77784179459005,26.66085151923674,59.9105035573106,150.34465760202508,150.28147405371413,169.13091965948863,137.5606910401948
4800,160.0,105.28060036116173,95.65612380727309,28.35509055449515,60.151611385693634,150.59298999092263,149.55449471006204,168.7420258046491,136.91031633986793
4801,160.03333333333333,104.60461220464146,96.7815677743727,27.914210337613866,59.771414411599466,150.3767099956945,149.88007919104163,168.1655392437556,136.43933383182383
4802,160.06666666666666,102.73408058020614,96.27900224033614,25.86572438587092,59.65780248118555,145.21545014151488,149.48287600226743,172.1143916614208,136.23337206896514
4803,160.1,109.41169955876578,98.02707512488688,31.977158858754418,61.766553313430464,147.62987771569098,148.83555374848248,171.03898368357406,136.29807071868927
4804,160.13333333333333,110.13597175174549,98.45726494833553,33.0551296880676,61.57776278531918,152.37801185718695,149.05554221217457,165.61814252877187,136.81641695930836
4805,160.16666666666666,106.74330936115314,97.35330347553524,29.336164809303853,60.82374678548132,150.28013240667954,150.25032895936,167.26972513651648,137.85931618468211
4806,160.2,104.5620310260361,96.52773145358897,26.947133719501064,58.68554794605688,148.12250185833423,150.42269576813132,169.90493429594594,138.1231921098161
4807,160.23333333333332,107.0298491397695,96.99822746544513,30.059858589370528,60.07702974690712,149.97415604987683,149.39053748617138,168.88066678957543,137.56677097979858
4808,160.26666666666668,108.63220534612206,96.7185563449423,31.387754348780465,60.5126606701896,148.76288004797806,149.69218267182353,169.00578823584425,136.58684727732197
4809,160.3,107.01775533989444,95.95073641485328,30.0655279117964,59.66340257214533,147.9686975041536,150.39524844271347,169.54571199761236,136.5160594321512
4810,160.33333333333334,108.78874403512026,96.62673812287952,31.35385907542755,59.76391652234318,148.26669099552052,150.960345445327,169.3445260296891,136.4726111212662
4811,160.36666666666667,110.0311891134276,97.40241759338876,31.714109285165748,59.76964073568946,151.87584565322322,151.68193888154877,167.70319428428598,137.74765162815913
4812,160.4,110.55446081893186,98.79996518356982,31.8439514344822,61.6150083033151,157.412071343219,152.09861343538645,162.43386059071065,138.70273076272966
4813,160.43333333333334,110.97306865434403,98.13874576579582,31.71648168216244,59.112947586165376,157.65009114747335,149.3464947238019,161.4351657841978,137.16001819496122
4814,160.46666666666667,106.54955540821608,101.1603440636312,28.844689147443816,60.244803661261344,159.97221122514597,146.31833912106416,160.0102751700064,135.0943859702294
4815,160.5,91.87962392454442,105.89744490517035,21.655745456140686,61.76701087113472,161.8166790879652,135.42792900467492,161.39524113493422,128.5879862507682
4816,160.53333333333333,90.03560240896682,103.12434206541953,20.549723591317274,63.17828690117212,165.249941010046,133.90222583630685,157.26698302619533,128.1941215269013
4817,160.56666666666666,93.12618325169205,102.87995277333101,19.12638565855698,61.80958182454923,160.1543189350593,135.64016848995536,159.61703924531494,129.08740578871252
4818,160.6,105.52985468624,102.445862361648,25.730667683993026,54.74323490238031,160.71425019478147,147.2522725988044,157.5354694571925,129.48018677867654
4819,160.63333333333333,97.7196799188924,97.64515261017618,13.063171403639775,56.25489218492061,149.78434168453393,147.86849618483245,160.29962986831248,136.70950234095628
4820,160.66666666666666,103.23699739069558,99.3286973738721,18.943702699643573,56.6721646186702,151.0484823637968,150.32018724384537,162.60481179309198,134.69630902522533
4821,160.7,100.68026041569225,100.85559962365116,19.896397629650796,60.424223807653085,148.8884497698835,155.52857295813837,167.32730263951626,141.71776119600435
4822,160.73333333333332,106.20715895354385,107.02473002095229,24.703466279106124,60.92523202204627,148.43675119026958,163.19971872213142,165.99903845551728,146.9078574080131
4823,160.76666666666668,110.45100778063734,113.61307548115818,30.221978573147087,65.54933013037906,150.50498726793003,163.68136370541552,165.5188502071133,148.65904539868328
4824,160.8,108.64840819736642,115.83941912506988,34.03154874271605,72.17443408881321,148.87629082048653,165.55209835123136,168.7802066878004,151.99711795800263
4825,160.83333333333334,123.50237115361897,124.17450651270093,51.447936292340195,77.92515796070127,152.60422935586618,165.1433850214544,168.07460111922123,152.9775629040007
4826,160.86666666666667,129.6449375889135,128.80997421913852,57.35162561081453,83.0476170801379,156.45603168985102,161.28247058623163,163.4043719955705,150.60701346435286
4827,160.9,106.70488357008585,129.01723481018092,59.475266650218884,94.9332309909285,152.37095029307855,155.61774320185694,168.24177003158104,153.8829116837684
4828,160.93333333333334,123.51519545195,135.53298396700154,71.89221913124057,98.4346947287219,154.56138948896285,153.54508954443165,166.08924314966652,151.6244078545772
4829,160.96666666666667,109.40395641987014,130.60551540238177,81.00914868019123,102.74265444863534,152.5575248179924,154.2453258477487,168.66184935359945,155.20237630299155
4830,161.0,95.83350425851332,135.4184477500796,95.06494397112458,106.93938646553876,152.02384364211633,154.94798483797504,170.06510039524946,154.93827080029894
4831,161.03333333333333,106.41445083938902,129.2502603757506,106.77301365283844,117.82938404154314,152.53956849003563,156.96098642214423,168.26608009788535,162.0462851758522
4832,161.06666666666666,115.92474220343374,116.75927480864111,114.93487464306956,127.25913436419769,148.6244221713807,161.8110498066808,166.88544099471926,166.58471524379954
4833,161.1,120.7219668071007,92.11598389037205,126.87684649631807,139.65748386362702,141.70138966143386,166.78393636958785,174.35414089544497,168.83529372012384
4834,161.13333333333333,116.32465106040266,135.85505963342948,127.32249504292798,131.1874637320503,146.12061661416715,164.13760152719797,172.28812920837217,166.98206282530023
4835,161.16666666666666,124.44612270224317,97.00170655772378,132.42478393720853,145.82202138574888,143.79618056433824,164.63473210876484,174.33254335276362,169.52126240129553
4836,161.2,128.35713334279782,120.74347109861422,137.58844264181272,134.50709560280458,143.96915233416894,162.69779933973095,172.05086434043162,167.27394805305255
4837,161.23333333333332,133.52093942093526,124.82714734747131,140.56163373747054,136.3948300618788,146.54653313822146,165.7921733594196,172.8237013278251,170.27876179761734
4838,161.26666666666668,133.83364883750977,114.33655447260674,148.95631044935035,147.77726694286434,147.13759430150188,163.58831164469282,166.4228685847501,167.54363455808252
4839,161.3,131.76580067918493,120.40871516308513,146.85241280045537,156.7621947380599,153.4688763367214,161.23598400167043,167.72047164573814,162.64364263432515
4840,161.33333333333334,131.69131236375125,120.14300368732275,154.81704889578913,158.0133568547773,153.0639975159681,151.07606447479824,164.43003258446953,146.36435003987833
4841,161.36666666666667,134.1564540582145,124.47716929394007,154.2480129907878,161.0479142696713,158.76033861293465,147.98033993407716,164.29362072833365,148.76923509203166
4842,161.4,134.10559943094538,127.91549646525763,158.59671691042132,160.90087090902892,157.65341317726043,141.83386670776227,164.4425550587224,144.2281065550276
4843,161.43333333333334,135.57499716375324,134.94277607669872,158.5017094610233,160.6285745481327,159.96153387668824,142.31908931628953,164.22985485539112,144.5798562708954
4844,161.46666666666667,135.3173001689007,139.24452851334948,159.96725684170704,159.65230570375465,160.1872215363242,135.85442780125132,161.7575267484604,138.43473977440883
4845,161.5,138.8570871535025,136.19975637168804,163.23245204569199,159.90851975494354,165.52941364212668,135.0664073297934,158.15867661206218,139.65611605636306
4846,161.53333333333333,135.96882144816848,134.6684150204541,160.88235464648037,158.70272091971825,163.36674960794176,135.27244008754602,158.99095623475318,138.68789363237397
4847,161.56666666666666,135.24954658545312,132.1370144911585,162.37024957920002,158.78438491380038,163.11530260927805,136.8096488721527,159.69183633299153,140.46387268013345
4848,161.6,135.49382046079322,132.12134794138487,163.55439524885563,158.87349187585684,159.38807491638306,136.78256523093276,160.58030203191166,139.2306876757629
4849,161.63333333333333,136.73323951957292,133.12643770149901,165.08961142822832,158.7255263558949,159.01136122579297,135.88102273109195,161.42214328947122,139.57568674367627
4850,161.66666666666666,139.5690916665752,133.7992913548015,166.41031601625644,160.3617469791507,161.2763989439012,136.06879693816566,160.4918225558978,141.204342242146
4851,161.7,139.3932025658979,134.67170888966942,167.01945323259318,159.7791708333341,160.62551421619128,135.6074944452669,160.95611710264902,139.7546409577799
4852,161.73333333333332,138.49576397139163,136.53968246202703,166.8349971708753,160.44109772760834,158.61653544113403,135.1415775115245,161.63008149166302,139.64886552913347
4853,161.76666666666668,137.44927168953637,136.72257008950828,166.5418783220773,160.64140801092785,158.39978586199152,135.27707251094432,161.81933007380454,139.37583785466006
4854,161.8,136.66362361844102,136.5462575460417,164.00484541598055,161.92680310058418,160.66464902240915,132.73273372163425,160.8971704206494,138.9125486079675
4855,161.83333333333334,136.8475294094748,136.41623121679137,164.2928550811561,162.05071700662523,159.84145444104655,133.89380222119107,161.97250460986592,138.55528119285563
4856,161.86666666666667,138.0744214632462,137.41272006759274,163.14174988081152,161.6641839207725,158.89118433508963,133.480724331875,162.013351919069,137.63968451379512
4857,161.9,138.25850840879835,138.87427737830006,161.5350546411943,161.1025310705417,158.98336108049588,132.85968786765346,161.85821066455503,136.9471913988769
4858,161.93333333333334,132.11317449103052,134.83422295584128,158.5976249631477,162.5681436132982,156.76368955783516,138.88407970807665,163.9048016631524,141.65982222498891
4859,161.96666666666667,132.25061376479718,135.55091658878433,157.831884157787,160.74633162518475,156.27325476762044,137.98896185866863,163.1602463894654,138.62781311767588
4860,162.0,130.24467697865853,134.94497119943645,157.63631183139393,159.46582437405982,156.69560140573944,136.14332222467925,163.16206411174994,136.29234491115102
4861,162.03333333333333,130.840115848179,137.18176738735875,158.97531469217566,158.94045100761102,156.28357463517523,134.54153938560898,163.29800571211192,139.1338752511184
4862,162.06666666666666,129.92327380544575,135.0132893418845,160.48952829426355,157.60714955902068,158.74133244857188,133.65976925386775,162.568485417552,137.72114971335998
4863,162.1,138.86894305256146,132.71878411499284,164.3007896287109,159.28218735028398,161.14229436868183,133.18282154515262,161.14321392687214,134.90026673074627
4864,162.13333333333333,135.7151938897619,134.59074400767508,162.42442517974513,158.34521069993778,158.9082938103743,133.44311506488646,161.49013198961052,135.47854859811628
4865,162.16666666666666,136.89998579521423,129.85221343280818,164.1973820587304,156.04690536058303,156.09857206833732,129.18101322159612,161.30389488386143,133.78209331236863
4866,162.2,137.13174376865024,133.96216380962176,163.9679424602723,154.96801868183982,155.8135004227075,129.58321779001835,161.15999383559551,134.8868120460494
4867,162.23333333333332,140.03300907888286,133.01297123505051,164.48893883072884,155.3461641788699,156.1334527262449,129.1210392693535,160.61374760682943,134.9410327260652
4868,162.26666666666668,140.86335963135758,132.82105628194634,164.52654451834292,155.0763507180876,156.5569220761075,128.31883858208417,160.28079821273712,134.7757121647832
4869,162.3,140.3762084865716,130.9810025590727,165.13876228499015,155.10811479157624,158.9766126907443,128.51786098150285,159.97049590583492,135.24201358259631
4870,162.33333333333334,139.91196656868485,136.2108037787783,165.41506606931108,153.9560595875129,159.35228969218556,128.26454715428324,159.89315792953997,135.2162289686066
4871,162.36666666666667,141.9583773681791,135.20532095008468,165.65737577361023,154.15231695693998,162.11796069645067,130.17566868319233,157.81354049116777,136.29530176797525
4872,162.4,138.12818444875953,139.35763919294538,165.6455936303978,154.72355023634572,161.5823477320093,125.45705265502069,158.4911464013813,134.9490366172728
4873,162.43333333333334,140.37619294724848,145.94743815053994,165.59497665743774,154.77718650809143,166.36072653969643,125.53723682892307,157.52680319245064,135.38371153937223
4874,162.46666666666667,135.08434815850154,143.9272423087847,164.82412510786952,153.07984952358802,162.9063954890999,124.03643103779041,156.8698517824554,133.25618702746831
4875,162.5,138.86966078212876,136.53895827318573,165.89121480840424,156.28315427778892,164.17441178046488,123.43972000584142,155.0669850246825,130.17172969141018
4876,162.53333333333333,136.78274297511945,137.97046138985283,164.92710602730793,155.37917956404766,161.71435148500086,124.63551363526936,155.35531454012013,131.29952912140195
4877,162.56666666666666,136.16018631753371,143.40600665997744,164.20370886450408,153.22002952555678,161.4711707664028,122.63994189980075,155.1467288707114,129.95114926969163
4878,162.6,139.62130555659942,141.65214091002304,165.2255229782729,156.15941713906173,166.12276668632217,121.9786984365353,154.99359717846542,125.88119372917403
4879,162.63333333333333,142.23951827377297,144.85325937897423,165.9246503470205,156.54911422614776,170.30776027090687,119.77721521005023,152.78528920117927,125.76499165868486
4880,162.66666666666666,138.01006547574934,141.26417951508654,164.32346264074368,157.01133680427264,170.87352553863292,120.42546833896783,152.20982946761683,126.25751608686225
4881,162.7,136.424406653872,145.91647955745492,165.30814399072602,155.94861176421387,168.18530417031522,120.3539304488669,154.1813318888007,125.43918810716076
4882,162.73333333333332,148.58176111955774,146.03050999050217,166.81569725430873,160.55341267546302,177.22104966108907,126.88596473878812,150.49933609373338,130.19396987760257
4883,162.76666666666668,154.36650157865188,139.09346888095,168.94845611054075,159.6881868032034,172.77448546920292,127.19865030047303,151.0062400990273,130.5982452029446
4884,162.8,151.7768912574473,139.31020912539347,167.08152909349604,159.32887256670156,172.45328240953134,127.21129897317765,151.99878235834223,131.90388144704497
4885,162.83333333333334,137.67560906568124,139.91658697620528,160.01157041896687,157.85212219915525,165.42236740211598,124.96300275350852,155.87327760545384,130.47695074616183
4886,162.86666666666667,139.6408865989608,137.3672034331012,164.07777309780298,157.4729918888797,164.10696401129525,127.83839495878661,154.62797057726058,130.40229468301897
4887,162.9,138.93612253463758,141.6914586287334,160.10274718033574,159.71929893314967,167.24195931135094,123.3896689697552,155.07365021330867,127.86054264803516
4888,162.93333333333334,141.55755609438341,139.64903110514697,164.71531052816633,158.1904203874113,164.0763833152549,126.07503348209596,155.81713026678196,128.78558847329037
4889,162.96666666666667,141.25089969657648,139.86961637390402,163.29583522372715,158.77995519734486,164.62652887739037,122.17318307497872,155.74071600486732,126.70184142039035
4890,163.0,144.1952636397285,146.26533545152955,163.35585363399466,157.8253902232436,165.4218461837918,125.02746319604805,155.17542999424725,126.10550193658953
4891,163.03333333333333,144.9017369218847,146.45101708501068,163.9787314416724,157.0509539294966,164.95158678092054,123.96271544208788,155.10955113075838,125.38878053844839
4892,163.06666666666666,146.31618680279541,141.117936134271,167.2422384436897,156.71453332187696,164.74939286848013,126.25961695500327,154.2103813675259,125.03723861774894
4893,163.1,144.76676066450963,139.18041996513003,167.77764415597755,155.58604015582893,161.36105442591344,119.12919538269327,154.77306918723218,123.81212972062988
4894,163.13333333333333,147.77939204688306,140.11986048036098,168.9331570703279,156.17151555522088,163.34151755847017,120.6250537560367,154.31782332331426,127.07727248980558
4895,163.16666666666666,146.9363139882474,142.03117186572416,168.40952923331912,155.27016114970138,159.2888640519031,122.58457458549954,156.93401398799858,126.33349233241252
4896,163.2,146.7206831738821,140.77256320050256,168.1551222903573,155.09116966433353,159.68560703415838,122.91446197372717,157.99153053744934,126.7627270895031
4897,163.23333333333332,147.20993914797452,142.55456610491268,166.57264183823628,155.76562324473107,163.29390197836858,128.90392362394928,157.54835558130716,130.22857145412777
4898,163.26666666666668,142.4525022484311,142.44079443844637,164.67483235206893,155.30154669224606,159.26428300113272,129.9464753159446,159.57730699491174,132.04513148630772
4899,163.3,144.31227985145551,145.05801897332273,164.77499791314963,158.70843267690037,164.7069291427411,126.4027333875444,158.62908661930442,129.30692920200113
4900,163.33333333333334,144.6957691701418,139.48623514716786,164.50014419064394,157.92770891590527,161.24564749473578,130.97432320495912,158.87122362043112,134.19388756512012
4901,163.36666666666667,143.3976462430953,140.25571578204966,166.32352187617886,156.6908717565055,160.476116994752,129.68394836261155,159.68703691294473,133.48984476767484
4902,163.4,142.67718363206725,137.05624823506093,166.9180489837579,156.34218170675928,157.35558125396952,135.5824694337804,159.5380687472262,136.7520500156517
4903,163.43333333333334,143.14767827609268,137.9146007802867,166.59376055561555,156.29101651283057,156.69123609599302,136.09852070675214,158.89812676593434,135.08679681606816
4904,163.46666666666667,142.75307050417783,139.28419705007786,166.19514068651733,156.15054331871278,157.1318987850512,130.05904789935633,159.13987076805904,131.58122548681698
4905,163.5,142.9773837510303,139.59983823076138,166.32891428107143,156.29153401750102,157.15655681542705,132.17087965747754,159.6089328267678,133.5314372415331
4906,163.53333333333333,143.49577303014956,139.5399236315509,162.5990256852781,157.8404000659778,160.51955698924405,131.0091808145481,158.99086072765238,131.39616882265963
4907,163.56666666666666,142.30618281646107,138.53914190574866,162.37460813951918,158.16400715147324,159.93440115667096,131.44375848659675,159.23339239606688,132.05706979222708
4908,163.6,142.79396114386628,139.10762001234426,163.36955204373552,158.3362549236739,160.5821073126194,130.28961243487186,158.65931865709177,131.29287044960648
4909,163.63333333333333,144.22278243033583,138.77123879688222,166.214358682341,156.2315866534361,159.42291025740437,136.7403584443895,158.49692880912136,137.09366164926598
4910,163.66666666666666,144.62820220894812,140.57003533291783,164.2553313514546,159.53080988049527,163.17418356845118,137.6311869806912,158.8539455986246,137.13113671705162
4911,163.7,143.31174769285133,138.06227382099567,167.7829063232247,157.19903436338817,158.56753461926556,138.24570781291695,160.12771661030015,139.42909784870713
4912,163.73333333333332,145.5671058663937,140.29319338714052,168.0864371808058,157.8092790293233,162.71594998457905,133.43736084495032,158.29970110866103,134.43122906410002
4913,163.76666666666668,144.40180519091854,139.1953996669489,167.36309908569604,155.9624543212465,160.1247686330181,138.96347547539023,158.21083674847708,138.72148784964324
4914,163.8,143.241483709839,139.41968024612092,164.70499178841453,158.58814871071093,163.3565259290479,135.53267995402993,158.12578171079542,137.03634554008147
4915,163.83333333333334,141.37897655781447,138.41691300654975,166.16665814759304,156.65923067962197,158.89387476999786,133.19581850408778,158.57720554444873,137.52248806445112
4916,163.86666666666667,142.69782326502317,137.84397696541123,166.6969083549143,157.52678455198958,158.94583935605638,136.2243825916688,158.65709188730526,136.37183089056438
4917,163.9,141.7423530938521,140.9660161966409,165.37453638653844,155.50973549007895,159.13446797120156,136.368907967039,159.00691497554047,136.18037193039874
4918,163.93333333333334,143.5234935495499,142.13208713224435,165.21600091490046,156.94821799938825,161.59296629506943,134.1107595240753,158.7641080094464,134.71593472327856
4919,163.96666666666667,142.14838358473366,137.42637301836066,167.67987480673284,156.4958522004817,156.97563335456792,136.25918206546052,159.88824074402444,137.29882900252798
4920,164.0,140.91538277560153,136.61086435542367,166.0239816196137,156.2838145225329,155.35407172641294,135.4132244461017,160.88696636805741,136.10736660958108
4921,164.03333333333333,148.01534964679632,137.5037370863355,168.57119664119335,157.70854959176523,165.55546402122783,134.26781226833683,156.74441153264533,133.0942169474799
4922,164.06666666666666,138.78117204960208,135.7429959046098,163.010282851921,157.07286884313365,158.3785823338986,134.57601124675955,160.53354746348168,133.52269330223405
4923,164.1,146.13503039283077,139.41343128166145,167.6698861980649,158.22790794613684,167.16613568658715,133.2797416213204,156.37898587484543,132.8963716600678
4924,164.13333333333333,140.6591067539288,139.7962865447773,164.33023952353403,157.37278767953813,160.23387907940963,132.8425864448693,158.91618164011106,133.42109270193987
4925,164.16666666666666,142.953167797517,139.09185910361472,167.08148761926702,157.53370887624104,162.06505058925825,131.63081824889605,157.5199902700847,132.27694245770115
4926,164.2,143.03438813762395,138.63318844699134,166.6841781441668,157.59098772902078,162.55243381010268,131.37893865277323,157.465294009228,133.7980113906582
4927,164.23333333333332,141.86122185105444,137.2234636276806,166.95517976231795,157.3526083042071,161.31841098796895,131.86141188118845,157.7399068886119,132.94800051458938
4928,164.26666666666668,143.83677238382947,137.31180875219792,167.22488276075518,157.79129863299227,162.27048119425754,132.79891137707526,157.9861168846806,132.08248744170675
4929,164.3,142.5743603397772,137.32583088121442,167.15507131574387,156.96463029903197,159.3642456197086,136.44180896684486,158.90279381824573,134.86146662244226
4930,164.33333333333334,142.28074780422276,138.03607381538552,166.9553763809427,158.92188212751753,161.9706814774344,133.28052922190133,159.33632389015239,134.53447796053794
4931,164.36666666666667,142.53247957206025,137.89236300288835,166.47227264037681,159.23684597762824,161.3927972945274,129.82980988703622,161.05689209625274,133.2812239400974
4932,164.4,140.2051124264122,137.22770245130215,167.07285943074695,158.04599405464364,155.97166393204182,133.21310981332553,162.20978099858294,133.0806825814993
4933,164.43333333333334,139.5990273964882,138.96105452205143,166.3154637483998,157.6572284551437,155.47840508089726,132.2246190670056,162.3655616548272,134.72930821745157
4934,164.46666666666667,140.3047043930049,142.151670343039,166.24933932774417,154.99931678001872,156.7495914880296,131.9873863522078,162.28783030205108,134.17573731166638
4935,164.5,142.15195932021132,140.6303352571805,165.9395127646658,157.6299367474662,160.82001440411392,134.6225625260462,161.89130855523598,135.61124090598526
4936,164.53333333333333,141.9558759037049,137.3840029004282,166.44686756227202,157.9419386611222,156.81594209757583,133.4936794940825,162.0411403919458,134.7423700384379
4937,164.56666666666666,143.5974641476337,137.10258281376034,167.18391354547276,159.42486440542777,157.92981508609833,140.66154024742795,161.09908762976437,140.47056234187605
4938,164.6,144.84521724075952,138.88467721124516,167.85669791367675,159.04183193202547,160.68214883810828,140.94966871709417,160.2579745650219,141.24184138033553
4939,164.63333333333333,143.92587208740008,138.3318058249728,168.12823561679716,158.7046546151742,159.47745868223393,140.55940863862847,160.7610686562672,139.87804323391802
4940,164.66666666666666,142.6710042974822,137.6523861144711,167.94166528749548,158.1321911957421,156.90580378357132,137.83430992423826,161.33863375808454,138.22268487797834
4941,164.7,142.34084653984652,137.05032722154743,167.74227416357854,157.90097871361715,156.72654841622466,137.47339289260236,161.90518142464643,138.37475065242205
4942,164.73333333333332,142.20099668830528,136.76368043944805,167.53082575884957,157.83523610882378,158.56567150868432,142.70771634752552,161.312129792332,141.9757437529475
4943,164.76666666666668,141.89691301549286,134.97031724529052,167.20486562983368,158.18302100512494,158.75153041896692,141.42934093593388,161.4720266467968,141.8777395554145
4944,164.8,142.64933061546674,135.88470416285702,167.18296716178372,157.18099468968396,158.57719984452348,140.76883191148625,160.7085510943986,140.8931613817429
4945,164.83333333333334,142.01900700269485,136.9817981737933,167.09012997073697,157.7018539878148,156.74590021155188,139.8463426465891,161.42620692499767,139.6847042329757
4946,164.86666666666667,142.43612624415542,135.75097010225755,167.5578412183533,158.12004937180413,156.9120412420766,141.28370357494956,162.19428896623876,143.90118199945292
4947,164.9,142.17410106443063,134.3689684483824,167.69066957986743,157.82125430568595,157.17749580518662,137.95530045311054,162.19687317631954,141.1559944349641
4948,164.93333333333334,139.56293114342913,134.7220959045512,167.48605890623813,155.71960071246798,153.13230753300786,137.16326052673227,163.21281132962187,140.1119470043411
4949,164.96666666666667,140.85352399236797,134.97874248917324,167.34683369490548,155.88710441586176,153.69407947212306,135.9980779981764,163.4027265293091,137.97434540786094
4950,165.0,140.89596846490224,137.03814270934416,166.89227049201386,155.72684501335635,154.1034695236823,136.70385641876294,162.37968797649444,137.2243543928105
4951,165.03333333333333,139.73154477297297,137.52029190880492,166.30888667695737,155.55305811143998,154.5608633807958,135.45733631149253,162.31149335325478,136.1174313149962
4952,165.06666666666666,140.25760874933948,138.17680656847227,165.27898421030187,155.4744274066678,156.71385053461296,134.01434379085535,160.18072782848236,134.25831616771944
4953,165.1,132.20581729725222,137.6494518239701,159.99812380576816,153.87741951256652,153.9807046490934,133.72283703506386,161.69028168548186,133.7465298237467
4954,165.13333333333333,133.31891014810458,136.41164257655404,162.30889357104888,152.69692181892023,152.89346911617116,132.59588172275383,162.13437839188867,134.36826307393844
4955,165.16666666666666,130.73467852862115,131.0608331046927,159.10413569764077,152.74133981537375,150.50418185599068,131.84125652849238,162.98324621770368,133.4641947644865
4956,165.2,130.06011484860062,131.30292972221255,155.04766361148233,151.72435199251012,150.94702524259276,131.4734486828022,163.3372530226942,133.01623359579514
4957,165.23333333333332,129.60796831855671,129.32279273318278,153.3053958057871,152.48864102258932,154.01926341272778,132.31799280082265,162.0682578943284,133.0001099603318
4958,165.26666666666668,125.87032593137856,122.98083729409363,147.5772768294194,150.76411802357282,148.86530664928375,137.7146222089368,161.77660856306622,137.68539919228397
4959,165.3,122.97653188706305,124.38395335825376,147.54702924474137,149.00912527466616,147.63471228740565,141.67416540563713,162.4488852316558,143.13148158136195
4960,165.33333333333334,131.99022184567872,115.3190136314497,137.63271730679725,147.2211772050766,150.04504169362355,150.30114725711252,164.71826072914408,154.14550093979722
4961,165.36666666666667,125.93358279708326,116.2062048944048,136.49245894368804,140.43602214908395,152.306906016589,155.0047679687754,163.91859857529988,158.05761665964422
4962,165.4,119.65453268019662,125.42676602754037,132.43363763485118,129.25452239736353,151.86322531344462,154.82469782790255,163.75613392281204,156.95644716125028
4963,165.43333333333334,103.50993107891782,113.8195891234274,120.96611131587852,117.19508478167245,149.26809701843877,154.99706905922667,165.5562000016382,157.77665861562838
4964,165.46666666666667,97.70406342891306,104.67022813093506,115.36775739593062,112.27706835876461,148.2159524583065,161.28856203332634,166.51247858305584,164.5173463751212
4965,165.5,97.34724930519614,104.60260098880214,105.6721542425188,111.72298172734277,147.00977580290387,162.30522285587404,167.22688328639825,164.21099250815246
4966,165.53333333333333,98.08428533330859,99.73248166097677,87.56296495837798,103.27474213353707,148.50712923361306,160.09097333036024,167.49768496469744,159.31894420629203
4967,165.56666666666666,84.40009019888532,103.54471164013975,83.96892635334225,101.80377073894877,148.58981203212457,158.63177872258217,166.7647632354507,159.57643954652863
4968,165.6,86.57353315527419,89.9180632102495,74.33972844530663,96.1479142694154,147.6589139683106,158.8975010227944,169.3158319359236,161.57465616973553
4969,165.63333333333333,103.48162241591328,91.87504244613815,63.06417617628674,98.09883321438429,148.29536865483783,158.58231444037676,166.68260103601466,158.13886392051572
4970,165.66666666666666,121.60040079507195,50.50124556878841,59.16329436715268,85.31289376323184,148.2273190323109,156.8828009064998,166.40174519487357,156.98803368376173
4971,165.7,120.8155664709322,57.92369173765077,54.15165379844249,80.67723467883407,148.59620010074502,157.13691069797642,165.9138830228508,154.37466747739884
4972,165.73333333333332,119.24161864316568,62.67957733463197,46.737134903336546,78.89980600498153,144.39831523824813,160.07028138115234,166.42961143430236,154.61433891466044
4973,165.76666666666668,112.03595914151191,77.1308399818455,38.59827709784173,78.88549990193097,143.97086386802465,160.77371517867866,165.920002362187,154.63028939720073
4974,165.8,112.7872875431669,58.654443579427245,34.08445066048179,72.8400491649185,143.32724516344697,158.33894689487275,166.8666139638601,151.06068847335868
4975,165.83333333333334,120.73389819913159,65.89406532155915,36.32846064925329,73.14816015178997,143.29436631419316,158.38303753232745,166.14897558354502,149.3621807647933
4976,165.86666666666667,115.33088982937299,110.1953509078613,31.6070768478379,72.06021074140422,143.53327025087626,160.51534135139906,165.50347302505898,147.3441269482462
4977,165.9,114.01449193843108,121.64784706644738,28.876055526192992,71.55174748616324,145.15019152621414,161.4790933759743,165.2238949281401,148.02925791264133
4978,165.93333333333334,107.27518244787338,116.43676425444399,21.442977978952207,69.66511042359178,144.4272405775012,161.22045091791023,165.19900582816143,147.9764408013783
4979,165.96666666666667,105.37848370314619,119.88664728696236,17.236677826411864,60.89742548473913,141.66331374329658,167.08386981974832,167.2295435116397,150.33422226010273
4980,166.0,106.52106197554116,115.25635497455767,17.589875640268676,61.5043519253673,143.12219318453847,166.69941088419358,167.84159455733106,149.90408858231075
4981,166.03333333333333,104.94519643144456,108.87867503455291,15.955502258889467,59.97249939315437,142.571937135283,164.3393325935081,169.10732246136521,147.59056935244774
4982,166.06666666666666,103.25481809958971,106.33839096208024,15.31459325146213,61.67582224989748,141.75748623642954,162.11026990708953,168.4721985496277,146.06566652430544
4983,166.1,105.04337033545926,100.54004849771755,15.902056615663112,61.246300894536866,141.24805883849555,157.75370064211162,168.00513985189997,141.8891280499477
4984,166.13333333333333,111.47276932244345,102.83104192792612,20.122218864358402,59.20247488136925,146.15047724690106,157.67599161731897,164.48563615603325,141.4133117038325
4985,166.16666666666666,109.70150234294627,103.09090625707354,18.763879013023583,60.95473032721424,149.04346001039474,158.29504208854888,164.28607347420896,142.57264596076837
4986,166.2,106.4821520921797,105.05153564884972,16.85073332549911,61.69052127954589,149.23359468819768,157.11752637481493,166.31949854987477,141.19412829962423
4987,166.23333333333332,92.79149287778581,105.17617627295589,11.18726903725575,64.6136263239055,153.76427255869194,152.56297147804847,160.96571418354432,137.6662732806471
4988,166.26666666666668,91.4256514579128,104.70054341870092,11.32599156131351,66.01701113141563,153.83139498580934,150.97218816612883,161.2648476245434,136.89435180051117
4989,166.3,98.7721462012664,102.17042888130582,14.668822468213229,65.59129838407686,146.26575114743784,151.91540644287315,165.10002037169323,137.1958527356736
4990,166.33333333333334,99.84521990000438,102.20082909248472,14.988795749879424,66.49835962505195,146.01546503748196,153.6932741766982,167.08302986447524,137.4358247911577
4991,166.36666666666667,96.44821804831822,102.37756518031038,13.17508901849037,67.30620108680807,143.20185860464088,157.98588136757564,169.85622168767915,141.37879140805896
4992,166.4,96.08444993254933,101.65599699619983,12.461856405588124,66.68890244310184,144.53769374017236,156.85940493826837,169.33318311273743,142.05114535222083
4993,166.43333333333334,100.63550567689455,103.39511309532514,17.17265962357199,67.10294720136254,144.1208552162867,155.78124841921243,168.71651958902552,140.1816962412963
4994,166.46666666666667,100.97818149379613,105.49422311544264,16.13462050449973,63.86435026402464,144.78637497480466,160.1274332043158,168.89132473744016,143.20114911282076
4995,166.5,99.53169530189248,106.24448556334322,16.472101678260824,70.61635407538438,145.79724374024934,158.0135992266727,169.3713997933219,143.75567298395885
4996,166.53333333333333,99.69968517336275,104.92213553909384,16.269278180238032,70.016998859539,146.1651133595396,156.4700801154925,169.7246864929204,143.57175007135143
4997,166.56666666666666,103.46054016112382,104.34207139226837,18.296152633214607,69.19934538654272,152.06149006563996,158.1698464564236,166.625649633969,145.08539508625066
4998,166.6,102.68570214075328,104.54691812631845,18.028615782644273,69.87951763155476,151.44939196941425,158.62188918059906,168.16715561679126,146.28379367005044
4999,166.63333333333333,101.55595019799244,105.8340382855529,18.123188721167413,69.50550862060346,152.1431513425706,160.51929800584043,167.4822808662178,146.85022312310724
5000,166.66666666666666,102.47844266611419,106.02833744867303,17.937732716535425,68.46040817026605,153.02139891587387,160.20114680661376,165.9110488162862,145.99095944228495
5001,166.7,100.92507310315014,107.11239424314793,16.199861049458008,68.54733176432978,154.53883075863385,163.54846046470803,167.38234029356377,149.79560619976365
5002,166.73333333333332,96.33453233751563,111.24261738002589,12.808275294064595,69.86740256474887,154.45393616923133,161.4978530838746,166.0120695582503,149.1728405090875
5003,166.76666666666668,95.32423330663198,108.23316224819482,12.072281839626898,69.84960205343832,153.09089229325778,160.69281636990414,166.62027045877414,148.24879464616876
5004,166.8,95.349239232674,106.8605638526647,12.187177641721894,70.74407317071945,152.98302875961951,159.04066765415303,166.21028070071802,149.8536384619464
5005,166.83333333333334,97.00493671572637,106.63189868445062,13.639937446286318,70.25693702401504,152.50663905376183,159.18049289071837,168.0176639985596,149.86931696233827
5006,166.86666666666667,91.42275175701327,107.49720252084462,10.04075277397374,69.9766504614071,155.08584267959836,160.07243855251272,168.06071646923144,150.37120853718105
5007,166.9,94.35012385645278,106.47510347665522,11.605294203105954,68.6562970607952,153.62910797110092,160.1334110514691,167.66637268189038,149.35731145477916
5008,166.93333333333334,93.62320968489205,109.70687066027887,11.320644727900305,68.68931501692339,153.69951872965342,160.06592220241248,167.46992994908368,149.38812656191476
5009,166.96666666666667,94.88367905827722,109.48824125056521,13.576669099578286,68.87265944445691,153.10900878847644,159.32209635937025,166.62590629050948,148.62136894119263
5010,167.0,94.50164371358733,111.06331089280317,13.502252189301771,69.1337771592025,155.3214034383886,159.13508155889807,166.06622921626655,148.09614664291098
5011,167.03333333333333,96.48559416509153,109.30713004696473,13.986756761763496,67.88699518276765,154.96978135727392,159.53396001597463,165.84729399631183,147.96961344087717
5012,167.06666666666666,99.4219576472528,111.03211847334879,15.761928488284044,67.13814182841514,157.85633102072825,155.2869965210739,164.74101717901868,144.82053120650846
5013,167.1,100.01866068971752,110.9895828131649,16.26660646627842,66.92112452643525,156.56725609466852,157.12639370093564,166.0055172124086,144.439115218474
5014,167.13333333333333,100.270868160713,110.97490445946974,16.13784048626877,66.18064919939826,156.06091710180084,156.05098484049492,166.17095439933314,144.45576076418408
5015,167.16666666666666,100.29286605347463,111.54496429356045,16.329562965965405,66.81099078568117,156.82976408956557,157.94674413915578,164.17437712533766,144.67836722759398
5016,167.2,104.56218979052632,109.14890966112044,17.727563621626437,62.01861066074248,155.77245747646688,159.83355073277605,164.90354660142955,145.36002760783316
5017,167.23333333333332,106.9181336543933,109.38676185592723,18.120281682033994,62.56194701138682,154.26347331399933,160.0001251115889,165.44972329811475,145.25617738271106
5018,167.26666666666668,105.5998890912869,109.9485006085736,16.961320430032842,63.08402295961043,154.65217188840478,161.17708260062622,164.13308080106927,145.86619054920152
5019,167.3,101.49348225417651,110.68333898711106,15.289567568996047,65.43845424086406,154.98119147732007,159.12110497078874,162.954158124082,144.9081531004932
5020,167.33333333333334,105.3334354566691,109.16910070163159,20.054363671330695,65.95552284959383,153.5708372793699,158.83845183804578,164.4343191944483,143.0624930042589
5021,167.36666666666667,109.87858647372701,109.48290970974512,21.219232788375592,62.271715564187076,153.14215798252323,159.69570801108486,164.98067945182095,144.08000459400054
5022,167.4,107.16374532077242,109.64403255292368,20.550262006195616,68.45136238823999,152.6001042410218,157.1141255811492,166.25470495797606,142.69515166258554
5023,167.43333333333334,108.45984695434078,106.60970172966076,20.638800881008105,65.6562004303792,150.9964348174083,155.08413407813316,165.79761098146489,141.7242242866497
5024,167.46666666666667,109.48606357589959,107.41877225201327,21.634905514206345,65.71761350713285,150.53658530257934,155.5590923843546,166.39890829242017,140.6851605087476
5025,167.5,106.43699116682996,106.16095303239997,19.966340870578332,65.11132756345887,150.57679021705232,156.53219279652356,166.68749439981625,141.7803422594918
5026,167.53333333333333,106.45127236827055,105.95908535304378,19.93103158325698,64.1379657689282,149.14476749369595,156.07447104661466,167.0141074455856,141.03639488913615
5027,167.56666666666666,105.70196139283276,105.20055336935837,19.30108119470174,63.45473320002415,148.50909249736216,155.495311913292,167.95651731632867,141.12437101948578
5028,167.6,102.65566257566904,104.06162194699033,17.993155997770234,65.12596464696504,145.07867171996506,154.05025240661482,167.21234360464166,139.50817049191411
5029,167.63333333333333,103.7211118803596,103.1164261002228,17.652227136633538,62.45531965126161,143.30744932182526,154.4166979122253,167.14953000315498,138.36643790428317
5030,167.66666666666666,102.7596688783095,101.3721444499757,14.599672326662287,59.98960075463991,142.35458757180677,156.5753284057016,169.1831857037352,139.75796377167967
5031,167.7,101.88859243580906,100.62170327272177,14.398821531289567,60.28989824594262,143.0328960683223,156.99192427027972,170.6379717324654,139.44082679750977
5032,167.73333333333332,103.98511682515597,102.61575611190025,15.547867371995036,58.01641878857436,142.47137527278286,159.67374534228568,171.45098901976155,139.73708110406602
5033,167.76666666666668,104.04553754116554,103.01138789178461,16.277650117783672,58.522790456588716,141.91226861179015,158.5751109179529,171.30716418588955,141.99851715434676
5034,167.8,115.58377378865522,102.54893526655907,26.024020724944663,59.31926475560953,149.6213352260183,155.43773516236033,161.62006052061167,139.28832879871356
5035,167.83333333333334,115.19278242328888,102.1916353470078,26.78995455347545,64.43648207939579,145.7177164575727,161.3129939572641,168.0064046782061,144.67247783559714
5036,167.86666666666667,117.16355917166868,103.93681076259202,27.44545256727781,62.889175145211446,144.45571914523782,161.67748611232807,168.71191360318903,142.78243430260483
5037,167.9,115.20972905871386,105.2949069482815,24.829872242798412,62.09126715929173,141.97707169336735,165.07337443651582,170.9662460361437,148.37335300687351
5038,167.93333333333334,115.257364680971,105.30763856460904,26.423912100211822,61.709175020230234,142.54170636077248,167.45806811866504,171.91562397622815,151.38492022696693
5039,167.96666666666667,121.82358250304841,109.33967371493571,32.64711211672867,65.03027272799208,142.95536691820251,168.83988950565762,170.4623678480975,151.88420300605608
5040,168.0,126.06458837339075,112.10416724490321,37.65223368457218,66.89810821944101,146.94072922446355,167.2671204434711,168.58797170859057,152.02479202373087
5041,168.03333333333333,131.18942740661765,115.58140964101992,42.797766752290904,67.79653812450996,148.60124415003975,171.1026223044001,167.37108847367514,155.8924361376252
5042,168.06666666666666,133.89333775556463,119.65458574508318,47.31710664001501,71.25869961718978,148.52414755893824,171.25268652501063,167.129445023639,156.57027775747477
5043,168.1,130.79642710244485,111.95382969058804,48.52996803837505,78.0250909802365,146.0835772399569,169.74851611098381,166.0380918118971,157.42556299439934
5044,168.13333333333333,134.22785625675192,69.1120864910293,57.17094136610126,80.75520299148235,140.15581508502396,158.10834882143462,167.33121926219704,153.4861418032649
5045,168.16666666666666,129.5208302841969,50.477421251405566,64.26024750907916,81.85412445787516,137.23904066693586,155.1111737814931,170.835974693465,153.82548290802097
5046,168.2,136.2542407869046,61.95254850107382,69.72976166092218,88.93983643751699,140.74230269165176,151.11712148337944,168.65686963017495,151.98916606249986
5047,168.23333333333332,138.83954601027418,73.22947250983263,74.51382437474136,88.66379681853073,144.7389655827648,151.8973770304184,165.99470011159102,150.554580074536
5048,168.26666666666668,99.81368100516356,70.23725986954598,99.83808645404717,101.30404216389265,149.21371486706366,147.38292389203593,170.77127066426903,153.17094606041363
5049,168.3,103.03388315450731,91.59510169127415,110.97969722315456,107.69903396592979,150.25943498383032,150.7054343831421,169.2688501732045,157.38669087667074
5050,168.33333333333334,118.27203681794236,110.03657736076514,110.83191488938938,112.51330451792046,152.87131655420367,152.7986639101083,165.14980243571844,156.21844678441119
5051,168.36666666666667,103.30510867279793,104.52730418083827,121.16407911445215,116.5820810066136,149.42328621306035,161.56897396379637,167.4279629496874,164.87341744996888
5052,168.4,121.13277178293046,115.08820402001163,125.1895207420766,124.2928757524671,153.1131112906795,160.72039028141913,165.54905790618935,161.80213665713643
5053,168.43333333333334,123.15102153655262,118.18468821968587,129.21493204459864,124.57861640894596,155.298260811863,153.62555963777172,160.35591772260622,157.68095863447397
5054,168.46666666666667,121.83576417287816,126.26260536121828,134.570343420502,131.22335008209703,162.05020903545716,153.67060839476687,159.45224911696403,158.81448530946756
5055,168.5,120.97084171155842,125.34574012393477,137.23983743188705,132.10338943569,158.1642501329931,151.60206492320518,159.71064063987924,156.97973214633328
5056,168.53333333333333,127.95157586090005,124.45772294453542,143.1844569597213,138.15603617448812,157.88968659163618,153.1603174991713,160.80490273953296,159.32225861341055
5057,168.56666666666666,137.81280499050112,125.36467792536914,148.48054735955182,143.16532624471884,160.53441168176482,152.35945042946685,156.094929689808,153.80721409143126
5058,168.6,144.46868015635184,125.28761755535447,153.5278553935227,141.68104165303973,161.73669872314687,152.7994591721236,157.70194675447485,155.08580279736125
5059,168.63333333333333,138.06391248117149,124.47263547753424,156.13707987964005,147.52335773980653,158.1021916896989,151.15447103914735,158.57929078425403,153.2119899677186
5060,168.66666666666666,135.8689778898359,126.57077004346979,159.777198332268,148.31902980912832,158.41825947672922,150.62067892011777,159.06050416365127,153.6218305630001
5061,168.7,134.00464335569757,128.80119881387884,162.25503851017262,147.33742713872968,158.59412173897803,141.67931721659212,159.85895198186483,147.34330289493693
5062,168.73333333333332,135.16166275149718,125.9199650079812,162.75078823260355,149.66643310850318,160.16055484282296,137.08886478802216,159.34400134609157,143.96426041833192
5063,168.76666666666668,139.72438892542147,128.0406587579577,164.827415930952,149.9021794859701,157.63574060457591,137.51622770647754,160.34098340380598,143.576514644515
5064,168.8,137.81071786861298,128.09876038054023,165.45695895943217,150.81822581201166,156.95379822743817,137.02854171397527,161.08931946736857,141.91755260404568
5065,168.83333333333334,143.36255365336515,129.75774732251944,165.50799780804,153.34872952030386,163.27644423542174,136.0920507905491,157.7570982993847,139.17286352720112
5066,168.86666666666667,146.80116549873986,131.32702173605705,167.51273971824654,152.42505890430775,159.69203147727129,134.99892331146654,159.294817678603,137.56775599548368
5067,168.9,143.5644326816233,133.7240943143169,167.70269121648406,152.53175243836984,161.77804946661232,135.82369291578945,157.8114345924771,138.81492371868885
5068,168.93333333333334,143.14403236077274,129.25270393989726,167.8038740009264,151.9762111561279,161.54523603010585,137.07063929100656,159.77633862588775,139.97753859511138
5069,168.96666666666667,144.39431632825878,127.10465933589865,168.96151511163328,152.89982161171707,161.75796624381977,134.40509347095482,159.47146657683223,139.40273633423723
5070,169.0,141.9073023563013,128.0301992685283,168.82742691304958,152.92602969519854,160.59994652230455,136.37340657077212,160.5033182009587,138.78745340286076
5071,169.03333333333333,141.6796857474014,126.32088238437437,167.64560731213254,153.15614500324702,160.83983640265131,134.3832889544221,159.25674115462763,137.66248581623822
5072,169.06666666666666,139.25704328993035,127.63607460600444,167.90116566649516,153.11116808148802,160.9970704989536,134.3646282066815,159.53641984931025,138.698552004328
5073,169.1,141.26036742890787,128.71133732644995,167.87835137774525,152.98414600087943,161.98985077440545,133.93293042432262,158.76099916438014,137.44159061428218
5074,169.13333333333333,141.79494129452146,133.75369777940136,167.94302714134614,152.77847607658873,161.42348180496398,135.96749239489827,159.13379781851484,137.61643483224208
5075,169.16666666666666,140.3961937909296,132.84872300870802,165.87831775977853,154.2891931856045,160.64611867785175,133.61327116208176,159.54161177870347,136.20633853043321
5076,169.2,142.5763859906229,128.47926100787984,168.03774430184737,152.5334946859338,159.90590934149358,134.0387008073126,159.20200340418006,135.85256105148903
5077,169.23333333333332,142.2089301948723,137.29293193655536,167.49424230496544,154.15461242531103,163.31698822532152,132.51283614762448,159.0792387287631,133.93064525025855
5078,169.26666666666668,142.88510036107226,131.95194442673136,168.359579868968,155.09750897402847,163.29854123942698,131.63030796848935,157.94325395167638,133.66293401090337
5079,169.3,140.35390085219768,140.8329937548216,163.63724265201176,155.72484071802262,165.21789686450398,128.35698579328195,157.08111801237592,131.95190297050686
5080,169.33333333333334,142.767329816808,147.43014352106746,166.6865690510101,156.43234929779823,163.80448453370153,129.6651685375001,157.83282145569547,131.77815250864495
5081,169.36666666666667,142.6225701984991,140.29788534912478,167.1780144792972,156.22651348084298,162.50290346387524,129.67207818578842,158.57257856836006,131.57026923520053
5082,169.4,141.76284669375076,138.33744130317618,166.3743042776564,156.12175789068908,162.50852556970182,132.17106908144183,159.14677069768084,134.76558795625468
5083,169.43333333333334,143.30397927361025,137.9803041872409,167.41847273626075,155.9674136680057,163.25271577619256,129.70247777852506,157.9400761423547,130.90454945015375
5084,169.46666666666667,145.51328822965425,138.12129640950863,167.50134405069005,154.8188563711386,162.71977429999103,130.66813760619493,158.37709298133294,132.55050498823726
5085,169.5,143.2146958998302,138.20573377331772,167.4910476500354,154.6210630746569,160.3248957136127,129.89288525604934,159.5763996350112,132.16547417984708
5086,169.53333333333333,142.7938724968955,135.41181929122862,169.70658540452402,155.2770853768191,158.7947060683321,130.03295121758399,159.57927043835306,133.615570702718
5087,169.56666666666666,144.2467812203426,134.63438171051382,168.49239903242847,156.2714214684865,161.70848843663975,128.93870601963175,159.57006538445015,131.65420448399934
5088,169.6,143.89376380962545,136.49030256418877,169.94866640664705,155.6244321942356,161.93327959828406,129.69338801603485,159.3466540799615,132.11110032446982
5089,169.63333333333333,143.4111297152665,134.01790744642003,169.3359788518742,156.6206260744392,161.46645153977843,130.71829134263734,159.37435322005857,132.46608999545856
5090,169.66666666666666,145.0550369194819,136.3802546727882,169.72740970736854,156.77380397703928,162.48139737806574,130.56568397937804,158.55335589688383,132.59320173586573
5091,169.7,143.39541049035614,143.70534493314392,168.72079681487077,155.18846247639183,164.36843084268781,128.82907138066798,158.93368402847707,132.65910754018464
5092,169.73333333333332,143.40889363913078,140.12919314734827,168.7603302917267,155.78643579759043,164.4277630386893,129.4626204269337,158.29986353132205,132.5032355775242
5093,169.76666666666668,145.2197129076352,139.2593352518641,168.05938451554323,156.33544139398882,166.47789996960503,128.650782484541,156.7050440671713,131.4923518410732
5094,169.8,144.48867447808908,134.14441991631816,169.59271385508944,156.46349777236696,162.98908043828587,130.20011656402787,157.5846787071135,134.64331775595699
5095,169.83333333333334,142.6387261623589,142.90109916344431,166.34817831994644,155.57077949653853,166.33968268658515,127.73689730060505,157.11140634583697,133.74884933515523
5096,169.86666666666667,144.61075508343797,131.85802823507535,168.5396752837988,157.56272252898222,164.14978073949308,134.64899385549566,158.10448506792983,136.62003092586087
5097,169.9,144.0739191439757,132.9966716844227,168.20840811161543,156.90968655348328,164.26177105930884,134.29994763465595,157.90696329985232,136.096107494312
5098,169.93333333333334,142.57870523026156,133.0867446709794,168.7103350215416,154.42959810324382,161.71184806649592,135.0708400656949,157.63240062240365,136.79756400255562
5099,169.96666666666667,144.0265888039319,134.02888290190228,167.56009660085235,155.9309335072707,164.56581353529543,134.41790410168983,156.45452950524685,135.24025734261335
5100,170.0,136.9124581951838,134.12383958826803,164.9613720901057,153.6678305289395,155.99385403187227,132.24989806926035,159.11151969713885,134.88904978589173
5101,170.03333333333333,137.78476461518574,134.53822377443834,164.89411108988867,153.69576998441687,157.9738852779673,133.44101754076385,159.41571060279574,134.24060789544725
5102,170.06666666666666,132.5413967878599,135.1523691852569,161.055517751533,152.33913151487812,152.2044467818574,130.6429344856044,159.5843325497902,132.13827508784524
5103,170.1,135.4454038100885,130.54817904558757,161.58410509224709,150.66450431856342,154.59545513925127,130.08361738367313,159.71835406609853,133.3672548280892
5104,170.13333333333333,127.74604381433181,129.05479019287864,157.43246877656415,148.4286399979497,152.87868550026334,131.5627453429558,161.8587036934828,137.55564184023382
5105,170.16666666666666,131.10294527827412,120.44759056659946,153.96935428586286,146.8732911489741,156.4468736424887,138.64750820139787,160.61974219063572,141.4277338410487
5106,170.2,121.98294340099349,118.7730304663632,147.44931719019692,147.2308053165563,154.30494784686684,141.04627157265102,157.41718920547223,143.64029889041177
5107,170.23333333333332,123.97141658073217,116.64272846316608,146.79504055725437,142.5645801815857,154.61527715571583,144.97464154565162,158.726191805699,147.24883579736306
5108,170.26666666666668,115.82283193374316,113.74958898265227,138.8895853032154,140.8533401140755,154.51377085239466,152.80786353309782,159.18992928312454,152.71650833219172
5109,170.3,108.9336504003271,106.61659154828389,131.3711098254307,139.64069905590242,151.49826793511997,154.02262109092968,161.97973557247465,150.803149304758
5110,170.33333333333334,105.09321835229599,103.83797320835109,124.79212339431083,136.3970321856645,154.34880412458776,151.29251901442964,161.33719032493235,154.30784965159324
5111,170.36666666666667,98.12057854718218,116.90479683166855,118.73891377605483,134.88976361257738,154.09857731231077,153.43763741477065,162.0152274941343,158.0703733850629
5112,170.4,98.0834284775177,110.54568026397902,110.71887939313335,114.81161542494164,154.29619571131536,150.87215389746544,161.53177382415132,156.01913392376977
5113,170.43333333333334,91.10568823128129,99.75019600804403,102.13059979987128,108.5921794617579,154.31101528216632,156.3826450750927,161.72768318854463,160.03223484188936
5114,170.46666666666667,83.94663939046728,77.2552636549866,100.28357992469111,102.10688715930243,152.32263018082702,158.2669509272074,164.31973741372784,164.01702446838397
5115,170.5,85.28641234818049,73.42350661835404,85.41288548709525,94.69024719086117,151.41417200646293,155.8531285524982,166.66350284454597,159.73039525073077
5116,170.53333333333333,98.7005601794866,71.92202111317565,73.59040587436061,92.36447531261095,150.5448926696753,155.59172579171405,166.77884766543744,157.85242977376805
5117,170.56666666666666,104.48071649171865,64.75206258884276,68.32407866544418,91.20135640998899,149.95128919959072,155.78088739096185,167.42606207252658,156.88559560101413
5118,170.6,115.02190965233338,62.56987344560049,63.667472365521746,85.91266557073175,149.3924892670409,156.82363395980846,165.93454768987422,156.8870791861134
5119,170.63333333333333,117.81762732600804,84.22226446557974,57.79002878104,87.37305765837002,149.03830435595466,159.12437279126476,164.83050477616814,155.945794696617
5120,170.66666666666666,121.05507757547201,106.02620005385062,50.26088848446681,81.75146407430772,152.20489110751555,170.7107030761326,162.8843612870795,160.5338786705991
5121,170.7,124.29101339369895,122.58543961015334,46.666026747147576,79.50224330728285,153.72152043607866,176.20257577043395,161.9081530917418,162.62883372681864
5122,170.73333333333332,124.03725598955486,123.24739907836478,40.90262426523676,76.91588640870035,148.60807502442364,175.78686444504493,162.44292024725928,157.99318923655431
5123,170.76666666666668,120.80194540365437,119.7145586880467,36.307723400116025,70.27103692176995,147.8219093398915,176.83734682658093,165.56034349718442,161.36070229979475
5124,170.8,119.38924451096376,116.10849128905562,34.166642485479976,68.54338332789946,146.59070136108463,176.45840157404385,165.63973175207076,158.49786088113314
5125,170.83333333333334,115.9611292455978,114.95776961046168,28.88921198826089,66.68557369879504,139.6261310742194,168.68475702400428,167.3138429424347,152.01180495340896
5126,170.86666666666667,117.75366245776401,112.38251068187421,28.21553354183897,66.33892402636708,140.24777506187797,168.31169560737106,167.4406934286892,152.4261338205077
5127,170.9,114.23845220336419,111.82774071434787,26.339010609279455,66.5392772171523,142.7640694525932,168.32789786924508,168.0350844220682,150.44482144434676
5128,170.93333333333334,115.08763289472361,109.4924308260208,25.96017137505421,65.38185537666165,143.47234970334173,168.31161482799592,168.3135743898699,150.05683111450662
5129,170.96666666666667,111.33385631558326,106.26297533462838,20.718738080793113,61.85543785361665,143.24607831602128,167.6437162252386,169.04663586024103,148.4355837276804
5130,171.0,104.58343015915283,106.43192243522638,15.26497418307212,63.004022263083044,144.9827684440217,169.052770385584,169.69409522968743,148.38793367618706
5131,171.03333333333333,103.90618614714397,104.95398188599455,13.68247300111424,63.020535160355045,147.99597903524977,168.34805484415023,169.03217774041386,148.3203060340502
5132,171.06666666666666,100.44024588687456,107.18359772846911,11.526150929029681,65.16919256722471,149.74315069993827,167.58485624502526,168.1554395076892,148.25266197250693
5133,171.1,100.12165319668377,108.95099418214424,10.813542974193535,66.61397955875447,147.19034984079573,165.69850158829826,168.45920305825751,148.8293118050729
5134,171.13333333333333,107.89984365161106,111.39131601950645,16.833307618020736,63.440599308758706,146.17547745808483,162.44451792811304,169.15657209201885,145.31295767942038
5135,171.16666666666666,105.10390737405973,110.52322698427768,15.312213308485884,64.49950050259443,149.08382545780813,164.28100044280094,169.1352877044097,146.31174302210974
5136,171.2,103.78775554781015,110.46540230845822,14.421790372744178,64.98127371525842,149.08676319466923,163.03477360502,169.3736963639603,146.63503224736164
5137,171.23333333333332,96.14859073538666,113.72557924806199,10.064290183584683,69.92948128548117,150.95552443213575,162.2700476731853,168.9968227295352,147.33769324585373
5138,171.26666666666668,92.63639561133418,115.29313457407433,8.08941905130698,70.56871280468835,151.5369161529174,161.74795446042845,168.47112472457778,148.1053323148469
5139,171.3,96.92089318517087,115.30317547348443,9.902794051856043,70.35635389714356,153.4463092136868,165.10982157522437,167.19579103093142,151.68205208547474
5140,171.33333333333334,95.59477522855765,119.17866459420266,9.201334728568748,70.41833695123518,154.173159422119,165.31566667187425,167.20376064271477,151.72113652646257
5141,171.36666666666667,96.6537517937155,122.77256869967569,11.289559027127373,71.10845683602737,160.66500687922243,169.52137093257153,165.13531361619582,155.71926152480657
5142,171.4,103.63905544043845,122.77504390053316,14.595200030029831,70.94723313097828,158.90377657254913,168.19732794008252,165.8384951131667,153.80254554343753
5143,171.43333333333334,90.7889379771737,125.08643106096913,6.8418769956263095,72.05979614617323,158.08139392581384,167.62150687379574,168.41690518955122,154.91528440045778
5144,171.46666666666667,104.76582050474673,125.90475409601649,15.33484889090525,72.40914948257937,158.62697021131382,168.20043305162457,168.50230915975365,154.44099785814979
5145,171.5,112.25036909716866,127.04350823116074,21.345187006121506,72.72619785868825,160.5309555678848,165.67645084157164,166.65545727460582,153.89585089712716
5146,171.53333333333333,105.05344400664643,127.81728174463846,16.227421518708212,73.08472722109565,159.68503137811174,166.4865093119211,166.9935832066691,154.97641825315497
5147,171.56666666666666,102.86280376142962,128.42989227486626,13.8395419026363,72.59266585021305,159.15190863199368,166.27547209735516,167.07384929234607,155.7894414676712
5148,171.6,96.48465821745,130.57245575423823,13.976462519635168,74.00861157512281,161.13899671629304,165.46111823237072,166.92475418978253,154.27000134864542
5149,171.63333333333333,96.92075643144547,130.56386159893682,12.314424510035938,73.74508533329795,160.21382910146667,167.60977364888723,166.78567435770935,156.36814682207975
5150,171.66666666666666,99.1334047013937,130.12421597841856,13.117613208697673,73.59899556339526,161.70383531347872,166.4478231038788,165.66925663969513,155.0353365699574
5151,171.7,100.06137571687724,129.60691640143025,12.948161202224993,73.28020356457499,162.3810141456793,166.41244492882197,166.52523899544016,155.29321731000186
5152,171.73333333333332,97.49675929229767,129.29074932125104,10.992446275553476,72.94394184724837,163.07036638012437,165.31102885374372,165.62681870737,154.6561822963507
5153,171.76666666666668,96.06091574224676,129.44408991207652,9.57309008782892,71.71377907449116,163.05038173861286,165.07871558421948,165.3427216268795,154.6631656083481
5154,171.8,92.56917216932884,129.03803427509504,7.6517530776348455,70.65179511166642,163.35802284160192,167.01270466021634,165.5010744607691,156.18995933389328
5155,171.83333333333334,85.47214556495362,129.06168145754546,7.068991933593446,71.01983445063539,163.28693308117215,166.25466095937622,165.01574633935357,155.6467139828461
5156,171.86666666666667,93.12210066379374,129.0741532284493,7.573298341344569,70.93167709663551,163.00264340950608,166.04690157871045,164.68940902972338,154.9446505817746
5157,171.9,96.53422281371546,129.00409785861203,9.902513951838978,71.21907139196745,162.0910759996665,161.03032275575615,163.56062501327898,149.8712131264278
5158,171.93333333333334,98.64180679659229,129.34635685886767,11.691125003492406,72.21606717598696,160.06631597508135,161.1540089373472,164.88169213972068,150.99265621245476
5159,171.96666666666667,98.13304664791524,129.62369393270663,11.339794319578653,71.0939931902837,161.23494421498467,162.09290729433167,165.5646745732882,151.20741042896037
5160,172.0,98.04947756733057,129.5867241109423,11.048970670378727,71.2534270201475,161.12575147969014,162.80571291314055,165.82626138357307,152.25814350281686
5161,172.03333333333333,93.37370043852862,128.87375915039183,8.840900985542676,72.15605886281898,160.59493004518066,161.5944683479535,165.79130252801173,152.24069049524797
5162,172.06666666666666,102.59596179321446,128.55425315373657,12.55996323941826,69.69726107273134,158.24712856692744,163.94942293926476,166.76445276021676,152.77359197470014
5163,172.1,96.92295293770096,128.53501325600814,11.40617255323186,70.16853848166234,159.92172738923978,162.71718850583576,165.97854207531924,150.14783040031764
5164,172.13333333333333,95.91648139229588,128.5243443610647,10.179132155942174,69.95059829028337,158.94802347384515,161.11668751150827,166.29722590507458,150.192074679459
5165,172.16666666666666,96.88011555437735,128.10243656297166,13.122120282640507,70.86519403129454,160.203034935033,161.85122093805862,165.65488510244725,148.19762524613114
5166,172.2,103.52259585086345,127.30324096802894,16.056160644287697,69.0667733818999,161.18020958132078,163.56238970219758,165.51813619516798,149.44296700795925
5167,172.23333333333332,95.43810767734014,128.94181491872948,11.76490537439878,71.74996020818878,163.18504125273043,161.6131108157297,165.77455562414616,149.49772733534388
5168,172.26666666666668,102.50878859431025,127.00488481912353,16.264678312707435,71.0889935711125,162.33892233724723,162.01893035113002,165.00835369702094,149.9684656796187
5169,172.3,102.76353291862091,126.28549733104283,17.19709768240329,70.75957989571862,161.7200028054397,162.67895466397357,165.45280972517907,149.8345680983049
5170,172.33333333333334,104.99282866337724,125.23324201522153,17.984925979769162,69.92572885276593,160.2074574627472,164.04602284119773,165.4733104706765,151.09922260987983
5171,172.36666666666667,102.98023318931092,125.62723026237677,16.555625582790448,69.56761229245511,159.87485509443974,164.17700474400266,166.04393609575288,151.21438181332388
5172,172.4,99.94616673643826,125.74988507714951,13.954684263944436,69.97035062624893,159.87293022571794,165.72411769924986,166.10504556896282,153.3252434411039
5173,172.43333333333334,95.7080480655379,126.95512473704966,11.036026871657421,70.43462958253053,159.70672270445255,165.4057644195271,166.41187156844413,153.19148258260486
5174,172.46666666666667,101.96389251974728,125.03668282362364,14.613595145259445,69.28249907547024,159.50921804034076,166.35532466648107,166.5774654931799,153.7511192106488
5175,172.5,106.2766122447892,124.10797134526143,18.286782610992542,68.8895742158009,160.38005309324484,165.99137008505497,165.37273057831976,152.9822466075018
5176,172.53333333333333,102.70127771258592,124.94152385187249,16.673332919924356,70.75521292258144,158.5794665451198,165.83567013561287,166.31385883253967,152.79610447174267
5177,172.56666666666666,99.87152350471233,126.2717055407442,16.198396972161778,71.40242856972671,159.90577721277083,163.6138373897151,166.4074019554559,150.19968440287678
5178,172.6,102.12889661851115,124.97225637261401,15.392850051032658,70.71663135274082,158.08597244215164,164.15818202478184,167.7346334959638,151.79580034090375
5179,172.63333333333333,91.2641220950318,126.02627287315202,8.371647765755494,72.11876601297172,158.53244565752567,164.19813190452663,167.92740448774202,152.6122732605834
5180,172.66666666666666,86.40798043086036,126.2289102825587,6.202174294562329,72.1269781404779,160.11893927169146,165.5025958095208,166.58171000409868,154.2762446178862
5181,172.7,61.83271767082598,126.66341132788739,18.247392518723885,74.17618408825957,164.56881275062955,165.92454299150174,165.98056493007982,156.17733219314263
5182,172.73333333333332,77.02738372559365,125.6695239024314,9.7326105425822,73.83458697050979,161.93758686118832,165.37805822546454,167.13881374878696,154.97260519279826
5183,172.76666666666668,85.5502936750919,124.44802616782982,6.21342359213473,70.07332183687751,159.3757435887636,168.49149798280527,167.7497366320561,157.12041857452218
5184,172.8,76.49127376595256,125.41014282514848,13.318955065919502,70.63371289951452,158.91637470921572,168.95734378280983,168.61424318908556,157.87645116256755
5185,172.83333333333334,77.73313563433786,125.71096949316318,11.476896287896,70.78442031974939,159.05389046225199,168.5780981937579,168.673939415911,157.1221080754074
5186,172.86666666666667,81.41900711755821,125.43603988685217,8.096988145739589,70.78541697189841,156.62519367407938,168.01671367957317,169.2531319569595,156.23772458482557
5187,172.9,92.1813897924145,125.83449676019522,6.294130626568519,70.18647189238517,157.14722571591818,169.80188830005346,169.14476431226396,156.50582044359072
5188,172.93333333333334,65.46625795432111,125.45943782399839,18.507285537514328,70.97916349859273,158.8087835086994,167.5882679206237,170.39283375988978,158.16064932798102
5189,172.96666666666667,83.69072584926444,125.37977343785545,9.87122129365149,66.50019867602805,160.50506934835684,166.39168956728756,168.36185175981169,155.10260597464918
5190,173.0,80.19952830975133,125.25463765921941,9.873031724909449,67.95360071945332,159.77197053353214,166.4397119177851,167.9926916881526,154.47833221450335
5191,173.03333333333333,80.540805245253,125.92886937516587,10.973120920691846,68.80822894783213,159.68573160263486,164.41973951101306,168.23465305268087,152.58322103738516
5192,173.06666666666666,66.09987485954265,125.65457948902335,20.600894198331986,69.99876150721026,159.708968665254,164.20090627373733,166.7507388128615,153.49731622620877
5193,173.1,84.65678719698809,125.82469498913352,6.770177850018024,66.79134248778377,158.3979591406151,164.61087341874563,167.40106769767098,152.1574554127628
5194,173.13333333333333,61.961798526477224,126.47828755099877,21.40691963267457,70.57440633363655,159.1919582582099,162.8317322906142,168.26695774727227,152.90465474708844
5195,173.16666666666666,71.77524212526428,128.92957427385477,13.025805832461822,72.40081313855107,156.9014152066603,162.61040202698118,168.69633778862672,153.02083648700088
5196,173.2,80.41285720796084,129.089542432453,8.899569330716105,71.73918018193314,156.84944479177543,159.88987714802153,167.31752942820552,149.15294281152316
5197,173.23333333333332,80.94358815348878,128.29064130722517,12.843534528521447,71.0488146626069,158.7304755619014,157.9076889029029,168.14539765468376,150.33118939786803
5198,173.26666666666668,80.4923826291371,126.0051593875243,21.895558735997128,67.53871719514419,154.03477069144208,162.75290419521428,169.36426213036037,150.95739296016387
5199,173.3,73.70062252181492,124.4662978137705,22.407825833431634,68.63255296126334,156.24480076538003,158.02840832938247,169.94092143866226,148.57599724760124
5200,173.33333333333334,76.49361509462429,124.93716842047662,18.528636357588102,67.38142199510118,155.8748855075018,157.00165514941418,169.5025203810158,147.50422610143866
5201,173.36666666666667,78.45098613364152,125.67383667884896,16.198332487650436,67.66101926501783,156.53951380765827,156.72536686386871,168.37428684311527,147.89378875098362
5202,173.4,77.85225930573583,126.47772249914752,15.27499358259642,67.9274538671974,156.8206250738558,157.3427514007492,167.69378989433253,148.0154072542781
5203,173.43333333333334,59.3645484061963,128.1603040049971,26.395967663142276,73.78190570029497,158.80919416814106,156.83324814863602,166.92816247370973,148.06013557194925
5204,173.46666666666667,62.19724673118212,127.72143650979483,25.56652207845068,73.20998471587593,157.91167361338208,157.37840022603953,167.58484817438386,148.78282126521012
5205,173.5,82.05979428056271,127.86512961723813,7.3565429066837975,72.95216861159209,157.62853994434906,157.4363963861535,166.9343914558724,147.83176905701777
5206,173.53333333333333,83.08267984030813,128.30852732881877,6.059837848166406,72.69032439241694,157.07658603080532,157.69988885424576,168.2108588872264,147.67488405348453
5207,173.56666666666666,82.26888687148679,128.83744502315722,6.236683474284947,72.79546079581219,157.40146528533037,159.94466257394535,168.0611827866849,148.8829675121564
5208,173.6,93.35796629656025,127.34616201533392,7.2049751120798575,71.7533109294275,157.05996244509635,155.62980078845155,165.36303648887505,143.72014154100518
5209,173.63333333333333,91.73790091674243,124.28127957967695,5.6426477276320295,69.61746105060159,155.40450740345247,162.55373712569065,167.14984737167512,149.93164235849747
5210,173.66666666666666,103.2753547668804,120.42915386409373,14.06181590202207,67.58780552306355,153.3893294900184,163.50052400482696,166.6233695241642,147.71115123009818
5211,173.7,101.06980425890048,116.39151324866116,13.828624117542454,67.34481518888587,150.50648502173226,161.99146406501495,168.99634976717377,147.90057020649658
5212,173.73333333333332,107.68072331985809,109.91029751410767,19.662774411748625,66.54472389069555,149.66744130770684,162.66483130701374,166.92312778863055,146.40649022877002
5213,173.76666666666668,105.43566344797539,106.93591264224895,17.66950058526984,66.34275879708474,147.36632886519055,159.02698164011034,166.76305263243424,139.83172370374606
5214,173.8,105.58534757151158,105.09984245770434,18.37812030233881,66.56855404996026,144.05194944322037,159.92804359300231,168.12098849811025,140.9219920062887
5215,173.83333333333334,103.1138042134186,101.58566162510199,19.445341819257674,73.6692919076542,142.39801060612587,157.75851978917274,168.78810896993437,141.74164563592015
5216,173.86666666666667,115.4274534801603,110.24550899748805,29.984729957623276,74.80720344649733,143.23480830037238,152.52247711438275,171.5883939474423,138.7901022582406
5217,173.9,121.77958196348571,112.50358479995762,36.76531295751368,73.03193284407755,149.62250585001627,156.7787020385075,165.69676220245267,141.57985310566033
5218,173.93333333333334,127.38215546568391,119.09871648738346,50.31699557620372,77.59021652117045,159.78240600674482,154.32437573475553,158.56368787576142,142.47016297612458
5219,173.96666666666667,134.51854018059393,121.34818296287058,56.69672345085651,79.95485890769898,159.10797826577772,156.6831325318571,159.1003766793885,146.04770542441346
5220,174.0,143.64109068248447,127.62677926819359,60.39693507305065,84.8243156109073,154.85524447759468,154.54744796506816,161.1760170752093,146.71535026716285
5221,174.03333333333333,147.64589724171438,132.37650716803049,66.55947747383865,88.10859171766664,153.4055969831854,165.78676228561562,162.5853520323732,154.287515686161
5222,174.06666666666666,155.13567136750117,133.28180207827003,75.76882566980036,96.03728942047096,154.242137316531,157.20423203073057,161.33364251413295,152.79554630382398
5223,174.1,146.40929333937427,122.33402442183707,83.52688616874138,102.38136236476959,154.19828649696322,156.46491918402023,161.801679569362,155.45692395094684
5224,174.13333333333333,132.40423610794406,109.0393264885778,96.88727089867037,103.04554837705724,151.95018600767654,159.21270330835858,162.481310074662,157.87369473204507
5225,174.16666666666666,131.57110757163085,75.82153934093347,95.24373620489197,107.86621971838328,150.0554864058929,159.15254956398644,164.59167020945245,162.1207973411458
5226,174.2,115.48103170951684,99.31681312348717,116.5878561234459,114.35121660562906,150.53656342418515,158.55379639164534,163.97161134405263,161.40880121616917
5227,174.23333333333332,119.17607390404174,110.1259491114158,125.05160402201352,120.65405986572833,151.21583023355367,159.95027239964622,164.27423899277062,162.62131415085625
5228,174.26666666666668,126.17278070060225,120.94761662338195,128.09421759640568,131.50409687350802,150.63708944813484,158.67728512456563,167.53795332854693,164.41806614630377
5229,174.3,130.63826635670057,128.21544839072496,130.16249790832907,136.63986877105805,151.51433974671562,155.95775085843465,164.93165724627278,163.3136256210826
5230,174.33333333333334,127.18719360168909,120.48605599665626,139.88269240984496,143.21476781376737,153.19935061391578,155.65028238929304,163.9811232872297,161.90211590417996
5231,174.36666666666667,122.09766357428384,122.70559290577478,139.938644142603,139.0463865427601,153.58050271588002,152.0607002399095,161.51014358415503,156.32149575576753
5232,174.4,128.65672142739885,126.72728354734127,147.81364747877234,147.26622532259086,155.61605328198453,153.9689695796327,161.27038104729743,155.5777428233035
5233,174.43333333333334,130.3081406963151,128.3202231644219,152.9666906974744,148.24333083494352,156.05510467290736,142.61327160814923,159.14582111253668,146.00723751258494
5234,174.46666666666667,129.3001757269872,128.7416447302543,154.53609989395363,147.78161124377232,157.03929248368004,134.19601412421096,156.4574616270365,138.77549987232928
5235,174.5,135.01203870884484,132.13618656024997,156.72835272163954,149.44888605644664,161.41317578020505,134.0093072369443,156.64350135006146,137.91841168707037
5236,174.53333333333333,132.42704193843485,132.2258917459519,155.9306711737976,147.8569994779298,161.5629286928635,129.27866146466536,156.3539842927648,133.7701684159706
5237,174.56666666666666,127.63892146182415,132.49714245821178,155.45942300296295,148.833567139476,155.60148939567537,133.68665317906547,161.18888773698245,136.59535885631692
5238,174.6,136.3703390950244,131.3273672560356,160.86159684111215,148.91222496414306,159.1458087567557,129.80816819737203,159.94160776711138,133.93795690615363
5239,174.63333333333333,135.43726227685127,131.44008730399958,162.79247605167674,148.75948744003344,157.85898028372145,131.05046062092447,159.394850467622,135.4571610400008
5240,174.66666666666666,137.45592286734464,133.19322274563353,165.07843219091728,147.38955391902206,161.2150672187459,128.19374564909415,153.9488129104527,132.51874835981855
5241,174.7,139.08354696594554,135.41252822826098,165.92146472378192,148.27932729400024,164.00914355012074,127.00959586127689,154.25717638369673,133.16479956962078
5242,174.73333333333332,142.29251122537008,135.66780817047652,167.41969904837566,148.6165471109593,167.50839754956343,128.1727289529771,152.03452589344073,134.4648964233168
5243,174.76666666666668,140.56272584033687,135.5818710564749,167.04254720995283,149.02639637574669,167.0047940847571,128.30357498493666,152.8406649446541,135.0350313694285
5244,174.8,138.06324445937048,136.4675796550604,166.91561328622504,148.0120767693508,166.92153055295648,127.89802394991645,152.9016647926867,134.5658351625042
5245,174.83333333333334,140.0149382787816,137.54440026029667,166.4488731387097,150.24068716612263,168.28137555632802,127.46465104678289,153.10098849170282,133.78937379143738
5246,174.86666666666667,142.25248791956008,137.04048731804045,167.11001671405853,149.51921709528875,167.52741866766038,126.85558094394645,153.22683980049615,133.39962259075728
5247,174.9,144.63446836585803,136.03559117790547,166.69029622493514,149.74546127881354,165.1546592303287,132.5944081757119,155.1589831675906,135.74480346716143
5248,174.93333333333334,143.09804864716256,129.5376798427261,166.544258338383,149.87822279846804,167.0132855240305,130.74275046324038,155.06571904784818,137.16215400037632
5249,174.96666666666667,142.24410739859556,132.39864928838614,166.0863402053929,149.89993304973626,162.62658011152533,133.92578013804703,157.11953070713764,137.3421437980888
5250,175.0,142.43330313400733,131.6444200258695,166.6714868373302,150.05941383818578,162.72680060935457,133.5937555816588,157.25366558471956,137.7606994716823
5251,175.03333333333333,142.10956027414431,131.78353325745073,167.43738577554413,150.2463178940871,160.60681133895616,136.28613091075215,158.53539524559443,137.85866762110626
5252,175.06666666666666,141.73808020625972,131.540877145715,167.9170849925181,150.78931235380412,161.12430089107517,136.3329158033943,157.89975200871828,139.17042965080913
5253,175.1,141.61693501371576,134.87109683834538,167.79090490399554,150.42231032073667,161.6241432309247,136.11500629589025,157.45477236358613,139.1828546204693
5254,175.13333333333333,143.0043703834606,133.70488094686658,167.80741230079477,150.87306669706462,163.04089273221066,135.53724862363666,157.65246892321042,137.70173492437172
5255,175.16666666666666,144.67080478686412,138.5486506894912,168.11579326832174,150.47407079289383,164.03568368724072,137.9140861418641,155.99720862343142,137.92978738448298
5256,175.2,142.880200424872,139.73917537028026,168.13364973493333,150.9549566082354,162.5318009143477,133.5493551853587,158.0494372383969,136.87023830284957
5257,175.23333333333332,144.06684202627048,139.1080593647545,168.0999478622624,151.63008643403168,163.55194932732616,133.84819573338748,156.91880179900957,135.99479701069458
5258,175.26666666666668,144.67964092633966,140.59162923016166,168.47120009888727,151.63596737495615,162.87517262752226,134.18648902559679,156.61025303428582,136.30482870193663
5259,175.3,142.9783950521842,139.4614381843206,167.11581721484274,151.651012738792,162.74199323769056,132.59892857500282,156.96693918017354,136.39521028596366
5260,175.33333333333334,141.910759323676,138.18463938603492,167.47781277350015,151.50411500177196,162.4383282478928,133.99164374616242,159.0139191902705,137.7744271021605
5261,175.36666666666667,142.55847218680591,138.59774874533326,167.7407599462461,151.63513406734523,161.0973006624643,132.23277193025154,157.51780323865228,135.16512761472706
5262,175.4,142.44457723357664,137.4126093945269,167.82194386288316,152.13088102156888,160.82602141450928,135.89454025021038,157.96968173028588,137.23927898242184
5263,175.43333333333334,141.84940329362166,138.13967841806183,168.0703531355398,152.22462350157116,160.55368553332903,136.20964977776174,156.78060193152749,137.6045412504645
5264,175.46666666666667,141.73722756660413,135.66704812801206,168.13519925988913,153.18019044331945,160.76388116029906,134.30945060550886,157.1166345332168,138.61364277513505
5265,175.5,142.80426098631708,138.35531457727396,168.80281293368802,152.69772507974838,163.4128634037646,133.10746346676004,156.73599310195345,137.38282435161975
5266,175.53333333333333,143.0759223576819,137.60991817017825,169.0844208981203,152.9747066464053,163.32744858580583,130.72676662031736,156.05210136527052,134.7776396118819
5267,175.56666666666666,140.93968795446156,138.0351355699043,168.50687800703278,151.77777786528495,162.2643105853254,136.92460710767446,156.1861610487696,138.6602711650404
5268,175.6,142.21695288135157,133.4890692315495,167.55114854325532,152.84153273135442,162.5736573775263,138.10440965878036,157.03977650466237,139.58767628755945
5269,175.63333333333333,140.15691225505182,134.23157799256387,167.0413445278147,152.80976947827878,163.13628885074164,138.21052877098953,158.135040114527,140.76325699710642
5270,175.66666666666666,139.5318455216424,133.19876001759033,165.52515077145085,153.20817794308067,160.4803746781279,141.7879846018685,160.54699054397338,142.4555781779884
5271,175.7,141.4310758100516,136.98951165716835,165.92632839598033,153.14450592619232,161.1858184505001,140.00640436212615,159.05569424601876,141.31926922452618
5272,175.73333333333332,143.88327832214014,136.15970396252692,166.14487103503185,153.58329848994117,160.59793229371365,139.4335169742595,157.2338509694926,140.90601864195006
5273,175.76666666666668,142.35506113725802,136.52720125700623,165.9777825174798,153.93367543651345,158.8470296399396,133.9078407615152,159.50818780592658,136.42769639462946
5274,175.8,143.46962554419804,134.30681696902835,167.815698526616,153.2595562675865,158.11846447558247,135.2716567501037,159.81701582459473,136.4494634588684
5275,175.83333333333334,136.80837112550196,133.641097577164,164.33739383535737,152.8470073935329,153.9551222984747,135.29452455409154,162.09512990719927,136.14321225608617
5276,175.86666666666667,137.4393163697446,132.83895748504392,165.13803508987624,152.74290724189774,153.47395285659317,135.1616169065492,162.45125542591228,136.05156667752743
5277,175.9,136.83819186561468,133.67265406373636,164.9006127868246,151.93363890217452,152.39275245701572,136.52388940877668,161.82326518617674,136.6429694692184
5278,175.93333333333334,133.81183850872685,130.77263717537807,164.42462548930664,151.94072923442303,152.13942083996756,137.15592800868373,161.68837969922424,136.77934114161073
5279,175.96666666666667,129.30029405305623,131.8531438683235,161.1621097318914,149.03407770143497,150.5476149504196,136.72507145471965,162.40942399836848,138.16492626191598
5280,176.0,130.95445728055105,128.58134201023108,158.66020447497257,148.14412869181288,151.34515955631846,136.66928726963658,163.21980475666015,138.76451586262255
5281,176.03333333333333,129.85729233648382,124.4986876217868,156.61846529743298,147.5587894281101,151.2390844442752,137.3652207461678,163.2863456294302,138.9778066443758
5282,176.06666666666666,129.38296136504715,122.88632977232179,153.9077213875515,144.078015071866,152.29660075737954,138.4006446879398,162.41339329562834,143.2397970434108
5283,176.1,132.7821122270469,120.88895840626634,150.01691510385217,144.0366838895337,152.29046156248978,140.04328394999789,159.90707706576882,142.26125691103115
5284,176.13333333333333,126.11848763852986,118.0656145688737,147.1289150313169,142.0923689843056,151.09040876866968,140.30792391820825,159.64379853498002,142.67981532649816
5285,176.16666666666666,116.06744832066198,122.35836412320799,134.90529718916835,140.08363976627658,150.7591134814501,142.46176975568926,159.91980460338485,142.2540887922804
5286,176.2,110.17268209364038,117.80958881927172,131.12594232449874,138.32643534384408,152.22132488398884,147.09782548443528,159.7065199249524,148.34915261684208
5287,176.23333333333332,107.02859733263845,136.78858368508224,125.9240420187869,129.2611284759744,153.48428877578002,148.75737749709376,157.18985286307756,149.61572608132624
5288,176.26666666666668,109.86640715661768,122.51985772417737,116.84012614190625,124.46888515340534,153.92220194593867,153.16074228380387,156.4972741078706,154.19105724331826
5289,176.3,103.31667789233788,118.98813661230393,112.91776092247085,120.97394666044316,153.838643229814,150.3063098325718,158.1288291059241,156.01926762217744
5290,176.33333333333334,93.4243029753465,93.01971640500554,107.8130901167033,111.2342449295751,153.22792804708334,153.88293492805602,157.3518879888668,157.99997471223176
5291,176.36666666666667,88.93785530425849,93.70682821902774,104.5146600705412,104.08451719531745,150.88216156875785,153.65833517488574,158.61671167753238,155.10806437338817
5292,176.4,85.56521121489702,94.62553866448607,102.07929406734058,102.4325830929669,150.39413394249442,156.03119984284544,160.43306378301105,157.86793529241785
5293,176.43333333333334,80.94981426606583,92.63818084263171,97.88005551620967,100.76797297656967,151.27390963510783,155.31667284809217,159.8701347266002,156.4294627407674
5294,176.46666666666667,102.09878935348716,79.3278541368801,73.06269369885197,96.30334060233699,148.77865962145023,156.6596539968051,162.90942588904093,155.00127601265717
5295,176.5,93.99703136421711,72.55731249239886,64.79858337160216,94.9024826606993,145.3642377666134,157.76148118256617,165.4987995552602,154.45483152965704
5296,176.53333333333333,111.31287790675776,48.22552661191437,55.78556673909173,81.23307715835472,143.75522625773814,155.19964633107924,167.83910479900052,152.7789555571446
5297,176.56666666666666,120.7611241752333,72.8254727943913,51.77180768983185,81.83031117552727,148.00159006219056,159.62060163927384,165.39337921409847,151.5871001764501
5298,176.6,107.91793351607491,85.79569993603765,41.36738129143869,77.0409039648713,147.42576886641652,156.175139752445,164.67779607429335,149.9862928885839
5299,176.63333333333333,115.00473623456347,74.40040727142798,37.38401408284818,71.43030118717961,145.26511869580312,156.25529099729056,163.8438060683533,147.80589571503205
5300,176.66666666666666,120.53223680460478,88.05224575731448,33.34907112886487,62.930209696967594,145.3817079314345,161.7993342039924,162.51388725542864,149.04165388629158
5301,176.7,107.43894000615828,88.45280055989026,21.766851723942004,61.635491336867474,141.31079781902278,168.8953494134093,165.3900202509578,152.29441853221084
5302,176.73333333333332,103.8041016001039,97.94960770943199,17.158243203516317,59.3100678837713,141.1552097705284,166.4538606484614,167.2677912016746,150.9926200610243
5303,176.76666666666668,101.657780995267,100.69058620641631,14.325535033623494,58.20023147642136,141.6250026407641,164.33826286222862,168.59858604041384,150.05471624551487
5304,176.8,103.32918797402738,98.53466634066713,15.445183033118166,58.03094943102596,141.86712473009376,169.27228728061863,168.0048415860065,152.5920853233433
5305,176.83333333333334,98.40037334844573,96.00777951463402,14.639200559419573,60.72836910092539,143.56809894414442,165.31482514400167,169.13460601071233,149.1787992878481
5306,176.86666666666667,93.96604638502436,95.565929842303,13.235651180194383,62.18385363451771,145.65889266192164,163.25106653089287,169.06517953314582,148.7605918065785
5307,176.9,100.47579706243317,96.89115104038736,20.022670285549083,63.02643929927093,147.05286073452618,162.22879149345087,167.36286579330465,145.9345515880969
5308,176.93333333333334,94.71402001692667,97.54540905634263,15.767010495594045,66.03922825788457,143.09268514462735,158.9046824071204,169.4817948702777,144.54625805945594
5309,176.96666666666667,96.51172397374977,96.61703677470082,15.005866888973355,63.09580079506285,142.64459675626279,158.5497728217843,170.0456103743573,140.9673269556205
5310,177.0,100.36618763472232,97.67441810531164,22.194375673568896,63.78841122829058,148.82154650727443,158.27520406012528,168.58262606244497,140.35073022728133
5311,177.03333333333333,96.7108044653077,94.63204259567246,16.818043444639304,60.09889571340307,146.24977112868154,160.61262101273473,169.48373015350606,143.2696285290748
5312,177.06666666666666,98.04366157862778,96.44487542886141,20.277962126172543,61.71490830837349,153.58916112632224,164.55816060811367,167.83091042898576,145.90661890636238
5313,177.1,96.58568877269549,98.35671160914191,17.64662931361632,61.89963737903282,153.92435526164147,163.80803846177432,167.15137936512775,146.78646101855495
5314,177.13333333333333,96.00393772959085,99.42890096233246,15.848215790967156,59.385416540582746,152.44128317659474,164.6800720473242,166.7788430164751,147.83897359871438
5315,177.16666666666666,95.70437858635552,99.98332381481413,14.982607011741004,59.55449046137833,152.5798311817683,165.80595310814164,166.6948222117574,149.07631126347633
5316,177.2,94.00332390579399,101.22414135047924,14.484770762771497,63.0043057531451,150.95649736319794,162.74788519194504,167.30280839071543,147.2084543675768
5317,177.23333333333332,91.46301130323296,100.72319885393746,12.28759546975793,62.736739756157206,149.66933043300142,163.6053617671874,168.7636216660176,149.06851495350625
5318,177.26666666666668,97.88621011439938,104.57368896928322,21.86244339364573,64.08738676703443,154.5977810608522,158.9923283373994,167.3229680510933,144.02060911654507
5319,177.3,93.72853218571883,105.78552977481192,19.939931944854518,64.17519708057398,155.21139107849942,158.88662232392767,165.4924827544537,144.24150494424794
5320,177.33333333333334,95.46101254322723,105.87783572560261,19.532536540492185,63.82583677461547,153.05291833232516,158.8186971502142,166.62249608379935,145.1152863500516
5321,177.36666666666667,96.71759260804552,106.28143210687752,19.332045620267923,61.812639025362394,153.9596370801024,161.15886596756133,166.7360595478301,146.6363968507396
5322,177.4,98.92683021823714,106.57111426569874,20.25554843381878,62.441383159980624,154.5166257626915,160.56762447864452,164.87016521386855,145.97136097597584
5323,177.43333333333334,99.0111106549613,106.12761390972148,19.691671094772033,60.40320913063968,154.1397944170845,158.46069068019403,164.77714026207653,144.20757090434907
5324,177.46666666666667,99.8561827205249,106.19153354682184,19.718862845165983,61.00183819215199,153.66649197371592,158.58456075238337,165.16370138683155,143.42715573665228
5325,177.5,100.71653992973621,106.559617206496,19.490392997785843,59.55991089366966,155.36397156377785,160.04085994496762,164.52075329116317,143.5860900524566
5326,177.53333333333333,98.769594324207,108.23260863879571,19.47088970407699,61.72998081132729,151.14656921343047,155.7728394073444,166.31103655719102,141.55923252850093
5327,177.56666666666666,98.51475247792688,107.45458745491443,19.147856259158253,61.72521781828818,151.7214286044373,157.28924177099327,166.13758934262745,142.61663272492933
5328,177.6,99.21267060061564,106.40903117111874,19.249747707407046,61.66493889938068,151.73351394929603,157.6385902668544,166.21726478849195,142.95944395282584
5329,177.63333333333333,100.63451437274092,106.54368666314957,19.489117998273688,60.8862577693785,155.46401148244976,158.80892481378956,165.02970920436528,143.563120986134
5330,177.66666666666666,98.37480839276436,105.74401666971082,16.04650826217468,61.38010003130704,153.9299503206979,159.2912102884105,164.72646384467285,143.91395655412316
5331,177.7,100.51731993922665,106.46854691599033,19.8054006897829,62.40772310849011,156.56149466197124,163.11825412184075,163.3403221499282,146.52762458686055
5332,177.73333333333332,97.79889162042689,105.45370647584662,17.450983064909632,63.7755853681191,155.5405929245042,161.8739074460333,163.52712458767667,146.7761349242833
5333,177.76666666666668,97.5530120360603,105.04954528453437,17.73468798186379,63.766463902166485,155.66175981850463,162.64064207348386,163.7812084928062,147.2398221139358
5334,177.8,101.20429001780505,105.4260142913865,20.97097472277927,62.33591632269758,157.45117100070382,161.4942709302708,161.94517527187568,144.4344234259746
5335,177.83333333333334,101.8269374216516,108.08734808455749,21.91023259030156,59.54397394486005,159.93974582952868,162.64645157028096,162.58502684599463,144.01282311550696
5336,177.86666666666667,102.31319589154273,109.07246232758683,21.818181401410772,57.71768714869051,160.47790342785856,164.797260070578,162.91793085866192,145.6912113808962
5337,177.9,100.3923428710896,108.65753713144112,18.56999380145899,58.38827677997667,158.42015674301103,164.65428792156695,162.98598296828135,146.13486132177746
5338,177.93333333333334,100.89625434233254,109.45312859530705,19.987880437581914,58.753621780855944,157.00357173837017,161.50434666277965,162.20709679086684,142.71580721107506
5339,177.96666666666667,101.10314846898363,112.53949917078441,21.38221857771044,59.049746517099265,158.52235308584767,155.5324044145876,158.98591423814196,138.02917733263493
5340,178.0,103.99297913755404,112.62510162064754,23.481871603673653,59.12799057247083,161.1353588690865,155.51654605409482,158.38980600370547,139.27741296330822
5341,178.03333333333333,103.37966155500678,112.52862333650847,22.690828201487303,59.50811717206306,156.32007812396319,156.80730200499946,162.16723481260513,140.02143702115293
5342,178.06666666666666,106.58667964849884,112.00994326026168,23.934752808107607,57.924476879581164,157.18086843261338,159.90460543187885,163.40891590192302,141.6472810510503
5343,178.1,105.60334910480405,110.09827895089168,20.26008094478588,57.69972232351649,152.52194693536933,164.65800313493318,165.0129882645354,146.6117266066874
5344,178.13333333333333,104.32181115992299,109.43144901989565,17.40982297729156,57.811537523940295,151.43183563919595,166.27759818063174,165.13747433291945,148.29121741231523
5345,178.16666666666666,105.38023281159875,109.32954629965634,19.32628331110458,59.35947070380964,151.3504244855815,161.4898159978548,163.83623776770747,143.56031815304982
5346,178.2,104.2115109795574,108.06283499096962,19.24680843698295,59.896892057947206,151.05969455192712,161.39370496024793,164.6379870387298,143.67370810636675
5347,178.23333333333332,102.37143360872022,108.25769346576728,17.918579382761852,59.848994854778326,151.60780394258492,161.7152609989646,164.63550631517091,144.27651752170175
5348,178.26666666666668,96.7436892240325,106.56244102954192,12.639702664754045,59.760034923037686,149.63550905411333,167.72591401090315,167.53576910795422,149.73444933496495
5349,178.3,97.10634757091559,106.20246796770297,12.999667786948962,59.70640795989063,148.37987888559815,167.24557278275574,169.14338456110218,148.8890009365529
5350,178.33333333333334,99.77615156152946,105.25928648350649,14.946829345996248,57.87464499294591,148.75463733564322,167.29751458390274,167.74330590896827,149.49513957896474
5351,178.36666666666667,99.95532390993091,103.67134003024081,15.417814557871981,56.97156784914907,148.1772754721275,166.1780772482687,168.04059678929175,148.88474964330976
5352,178.4,96.87374419788253,99.64287537166055,12.413045577530955,57.06487347630412,146.35905753477675,166.20348208343663,169.55558558968093,148.54152602549541
5353,178.43333333333334,97.37970341829727,99.26539676678104,13.243592917381847,56.82523993868359,146.20608646727982,166.68512310464538,169.41672132845488,148.1037097041729
5354,178.46666666666667,90.4658308962938,98.69319193167482,6.653323629547191,56.90501445378866,145.11213720567247,167.71280285659677,169.4394208279451,148.4925474026497
5355,178.5,76.77978828992991,97.65184190932288,7.632802492681001,60.80925874051437,142.6859049094195,165.54144079033324,170.9719846602875,149.02102183684855
5356,178.53333333333333,74.59308829801216,104.76183588179461,7.611105985208709,68.63637246281299,142.9645767371284,158.77434210687989,170.93693967893958,145.8824317102026
5357,178.56666666666666,79.60912877302876,100.92218979144282,6.167742423099245,68.44743591885444,141.5964089592203,161.39660190977634,172.16980880745092,147.2722036036977
5358,178.6,97.23533221535325,99.60686124015952,10.717360629013987,65.65792701949141,137.8563476309338,159.42038712239892,172.22691292533906,144.9357382989584
5359,178.63333333333333,101.14846418962163,102.54689974408579,14.401930575653667,65.71397120773588,143.81847332783673,161.60860982629185,168.77865355078288,144.66534385392424
5360,178.66666666666666,108.06570439624598,106.81057797626816,19.747035376828347,60.73092958424008,148.44726954777175,164.2673543907211,163.42850079301195,147.3382408818191
5361,178.7,119.69157410880189,108.62110022251663,25.843308543197413,60.81426659762207,143.6488629694362,167.168748303882,166.6695193722616,151.6830321748279
5362,178.73333333333332,127.60639151419292,113.46285360583887,28.672758306439597,58.79636889963628,141.22137916062425,172.80065108121937,167.42146812045553,156.33930346946718
5363,178.76666666666668,127.60776036514915,114.49711203057554,30.402194510959514,65.67905958083838,141.2406226337796,171.3354140808275,165.78721600400965,153.20035988647302
5364,178.8,136.28977183631852,49.049841345982294,43.76980629945907,65.37813948201803,142.4355457289034,158.3457035010432,161.51621172104038,148.57887735999765
5365,178.83333333333334,141.3360748176627,60.07443649954521,52.19045922853701,71.2198289815445,140.35856030429701,153.1947662730337,161.91643650103583,144.8397239016747
5366,178.86666666666667,133.471807950632,60.59504265400123,59.59803414312803,81.41144442262431,146.68516756300468,147.96984974145644,162.79039141931716,146.91534600838892
5367,178.9,97.28465210745155,61.416059723658606,62.570906580631295,93.22789098845097,143.7192314024614,159.28372523023333,170.5036221922968,160.9077514338995
5368,178.93333333333334,91.49982641841427,70.4853658115089,84.85432583097675,100.128107502853,144.84222189654218,161.17165218104043,171.12992370076444,163.86814040400932
5369,178.96666666666667,96.73166701763242,82.33798790474587,92.53336555823869,104.39204090973381,147.06307514260556,158.75623879588653,169.44267085218993,160.77039317986433
5370,179.0,105.48072953333185,96.46403219879377,108.66924633719836,111.57395387736332,148.20002848967812,164.01667833340974,171.27228727628687,167.27130537556135
5371,179.03333333333333,105.96447516630772,109.35895839682763,112.66448392202912,116.10504153595907,151.5300930955922,162.9177523705169,167.82322983050867,165.04656548313605
5372,179.06666666666666,114.11049482786387,127.03663200995776,121.21712050955611,134.4755914295079,157.05516907660422,158.96527375892381,165.42655993063138,162.92110817805366
5373,179.1,111.44816733903468,128.7092823885543,122.633052605556,136.22850356217774,156.85316045019485,159.6867582708218,165.24694156634817,166.00290655797787
5374,179.13333333333333,117.38166698363564,134.7782309630061,131.93390529535773,136.70006571106845,156.5413940737491,157.57656994760498,164.3511505750411,164.77383700009295
5375,179.16666666666666,121.87307401318047,136.17770421749475,137.8052976457207,146.1469285872492,156.41678590970224,155.6899295390617,161.4416941165718,161.33106610316955
5376,179.2,121.37511589809051,131.53881689004004,140.68965243254652,149.39652460422047,157.13588989508082,154.42820630991727,160.59894680383803,155.315420775516
5377,179.23333333333332,121.86229230474348,126.42768496946334,147.07551950256547,148.49298189547383,158.55069863525532,139.3091745231099,156.57950968892686,141.86997617921315
5378,179.26666666666668,126.09826565725896,130.41708900299327,149.23917926410476,150.18092190012115,160.40475278435676,140.68822494265714,158.06072719636663,144.67411628386625
5379,179.3,130.67610617483052,129.51197189084215,155.28982957206168,152.6918449037906,156.45059686989524,143.47639791125178,158.9881316743519,146.2380793901139
5380,179.33333333333334,131.69791059999085,131.980635849942,157.4161965177592,151.0094242576868,161.7451681273922,131.80136769179933,153.85880303897977,137.34142298018344
5381,179.36666666666667,134.07934365630825,134.1964604038902,159.87649832451018,152.47126606570038,162.48126146514488,131.88057117840202,156.46827745360426,137.94034355488776
5382,179.4,137.38674077999113,134.7424575645124,161.61819241171654,152.7683017214867,164.5744175363471,129.7618705803466,155.8968662203733,134.8288030747717
5383,179.43333333333334,137.79702915956156,134.7469926653254,162.92847923549036,153.64423654132472,163.16927639479636,129.8744735351044,157.54643715374206,134.8604745845986
5384,179.46666666666667,136.76259443058856,134.65436415125117,162.83209799031295,152.7486828539063,161.99443034295825,126.09810883028048,158.17808516148855,133.8138104243857
5385,179.5,139.81543204368475,136.72070527987165,165.42215243799296,153.75443947918833,165.2241567133838,128.33490901153402,157.93257775903731,134.5080903256478
5386,179.53333333333333,134.64152961060643,134.14183025131544,164.93411592443144,152.23029264609704,161.52116213992053,129.01938636015547,159.5510005249032,135.13502422990632
5387,179.56666666666666,141.57561353212736,131.58351255333574,167.37395697457367,151.2063388892753,162.64016898348032,130.2360795151736,161.05362446380707,133.62521263350536
5388,179.6,143.06858045500573,138.48785656756485,168.05736872015112,152.4154895903953,164.60506501305895,131.90032952667167,158.3716320340725,133.27101894010192
5389,179.63333333333333,141.88042586470473,138.61637993649853,166.02218375805168,155.82283903386465,166.9156311258916,131.0281005206565,158.06860818047875,134.76625193408742
5390,179.66666666666666,142.1416804675854,138.9102919034438,166.16175349363294,155.00101104981653,166.11649317625614,131.44389331914323,158.28696745324055,136.05841488820468
5391,179.7,143.08534373613307,139.13608972878242,167.54172701404642,155.38706455587973,167.3285004375463,133.26075444284209,157.03896075550884,137.42253235860355
5392,179.73333333333332,142.93248092447305,140.21764383439807,167.48784252533864,154.67942633833695,167.01912968168358,132.8382648044844,157.43443786793765,137.9782915157848
5393,179.76666666666668,145.1675055491456,133.19353260292607,169.04741019976296,156.81868952112254,168.46277943140603,133.41011483184857,157.13583316643883,137.99281789247394
5394,179.8,144.39822053819708,140.07993123059276,168.92827284859143,156.04165584950306,169.7948021833881,131.8110377017391,156.2348694800512,137.3798181102195
5395,179.83333333333334,148.18572432667318,136.48494890236165,169.35632811750293,156.83669010498113,168.838591514854,134.24641363071873,157.68579134824955,137.8899457470298
5396,179.86666666666667,145.6939230925067,138.15916925590935,169.18662223140703,157.78797866825863,169.95761388436947,132.8209441649614,157.55588766251887,137.8310055404628
5397,179.9,144.31876616133692,135.18632091999848,168.1472612334378,156.55319918647882,163.97926973336385,134.2723359459595,158.25915917292244,137.68013962958184
5398,179.93333333333334,143.86609304022255,141.77436771326364,168.43144609853556,155.50401356465724,164.10730679552205,134.37728475818167,158.82263871853445,139.28799401957835
5399,179.96666666666667,147.13154332919726,138.1281376236003,169.6394481377667,156.57638089307937,167.30197526330028,135.72436515347684,157.85592246136275,138.21287959811056
5400,180.0,146.04856572741298,139.74708188126482,168.92782414990492,157.5834905650041,167.24648173723375,134.1647860413734,157.62319625959967,137.05525961262475
5401,180.03333333333333,146.28861329466358,141.28799990643876,168.64167453978814,156.8454397170577,167.15154215396336,134.71532295064776,157.36639206183105,137.00115228919694
5402,180.06666666666666,146.48927081486602,139.24134534787416,168.77341762923837,156.3796596880931,166.04673865496056,135.5026810897408,157.4417957062613,137.4628362742118
5403,180.1,145.59957246868055,139.9111454258381,168.66575891105649,155.87614409523346,162.67165154916026,134.96457497650226,158.27596121707168,135.9979274030416
5404,180.13333333333333,147.66498000795394,139.96817383613674,168.82456661215028,156.5502735807452,163.79556513800117,134.26189442065754,159.08281511121385,135.11511560812363
5405,180.16666666666666,146.19887879077496,139.30280119739342,169.34234578034182,154.7338530776938,161.21047131100931,134.6989000407131,159.13528024496128,135.94018808905588
5406,180.2,145.84830411397314,136.06500238270482,169.35211220136443,155.66805853769725,161.42824224891814,138.8161732517476,161.70540211078068,140.70240454772758
5407,180.23333333333332,143.59165728690522,137.24581831136848,168.38479588821411,155.13844399401037,160.85930704344585,138.5292431445953,162.1387861411361,140.7519279463664
5408,180.26666666666668,143.8735621193825,133.95340011551679,168.52092622622075,155.72757895258488,161.52743470985132,135.51119586541355,161.15370208447712,140.11787113687936
5409,180.3,141.1621429364829,138.51657383786613,166.98913655225124,156.16395581671986,162.81646150129367,136.77844883329746,160.93783671932763,140.09371613284063
5410,180.33333333333334,142.70105889567017,137.62236954208484,167.95748272709153,155.93359241878485,162.74906752253548,138.91766171158937,160.8161681528171,142.59233233219834
5411,180.36666666666667,143.4596300538331,138.74896332806145,168.24736935504674,155.78766120386436,162.94671738999844,138.56218935365376,160.5533256872203,141.77216849988753
5412,180.4,144.9992094224012,140.104607561839,166.56077245690412,156.8015082683452,166.49251983414,136.395013780774,159.26894715981638,140.48871415452456
5413,180.43333333333334,145.42670412226494,136.24274892995587,167.68299769504202,156.47626420206515,161.6887960810926,134.80909492974195,159.66232981880964,137.07984431172184
5414,180.46666666666667,145.136998128123,138.24634082149421,167.9796043036785,155.90356580804934,162.4579863087465,135.40990869670577,159.77827474740408,137.8241269357655
5415,180.5,144.5858725476187,142.2025881291165,167.09081772983868,154.2011847398169,162.25368886238994,134.31211224719996,159.0643231880561,137.30257509110476
5416,180.53333333333333,143.42361655474986,136.8404034591589,168.28762903155325,155.68870807769594,162.80987768880755,137.73470820451894,161.10085385843854,140.2864779424261
5417,180.56666666666666,143.44159261717058,141.61162106775157,167.902657531392,156.68988993273626,166.37590334044202,134.65806824459656,161.023153561963,140.04101193883105
5418,180.6,143.98428937990425,136.60544032049629,169.18889065346477,157.10070788758074,162.41516421119368,136.05628366323066,162.27057243856973,140.09587703765328
5419,180.63333333333333,142.08134929739086,135.93430407015163,167.66788885743378,155.53926523238135,159.8676637222596,131.82202967433966,161.85787553595037,137.7299291220637
5420,180.66666666666666,140.99030125161306,134.0300571833697,169.40014215371062,156.2779815486252,160.43780211207206,136.43897480658273,162.22770153442767,141.06594539277384
5421,180.7,142.8914176638967,134.59446270487695,169.42583208456068,156.35753239105327,160.81512019018567,134.89910229222755,161.93358923049038,139.28645265448537
5422,180.73333333333332,143.64309109583195,133.90614066249756,169.55539505665982,156.90588319799193,160.97852979842074,135.50581825812313,160.44067448208193,138.25065662396162
5423,180.76666666666668,143.94296525294152,138.6907912715458,167.89476002214923,156.1192624639332,162.59187324333178,135.51556002674062,159.0609738396239,136.71257452415338
5424,180.8,144.40918046012223,137.06971377776782,168.48306363226845,155.77726937943004,161.4639512706909,135.9804441721867,158.65625662559907,136.0708686488437
5425,180.83333333333334,145.31201069984863,140.42366706011134,167.75097572776951,155.6960148185876,161.54734382269552,135.5914578184981,159.1995105815958,135.8585508682149
5426,180.86666666666667,145.56278666181686,136.9742118528841,169.10682775046058,155.83327056181773,160.45454493654412,137.4439012917969,159.29993562226986,138.03041029350237
5427,180.9,143.68509579743707,142.6278649735267,167.6799924250541,154.41450924188385,159.69558848202868,135.86070212265614,160.49315463658994,137.76045422543586
5428,180.93333333333334,142.94046922820328,137.9872441883317,168.0577667546448,154.38619644890662,159.07601444599095,136.98947731829657,160.738302756456,138.5029617816426
5429,180.96666666666667,139.43797449154104,134.10989078139065,166.4681320297232,153.35158492341097,156.36118063823926,128.627577819529,162.95938361811415,135.9606620960428
5430,181.0,141.02232269046723,134.6739746188577,167.5646502027563,153.19508008939508,157.7676456422015,132.36631679939265,161.56559081445337,135.3656868502768
5431,181.03333333333333,136.7542351467486,133.52642003093692,164.85268199710785,151.21504706789943,154.23322305989373,132.66746954130343,162.80608535583545,135.99670300629782
5432,181.06666666666666,132.7473565209499,130.29887601974144,160.80397918183195,149.15307566787075,151.45479792830983,134.88958982916088,162.89321889154638,136.7546056436119
5433,181.1,133.52831782631628,126.45230827791589,160.4257873372622,150.08183520715696,154.45377694260327,136.72497141198323,161.00052674264737,137.53717825354803
5434,181.13333333333333,131.33772740934916,123.31509777689152,156.36373113763767,148.4277232274133,155.50085929643748,131.60585993058092,158.8395562883199,135.30309029363002
5435,181.16666666666666,126.70335787185861,113.95398606568591,151.6817252710214,146.73172036776168,151.79841791144744,135.1981581792271,160.78615795577718,131.44762048713378
5436,181.2,125.02931250538893,113.6060240270077,149.7657564114271,145.2783061831374,151.4537683830093,148.3190042368778,160.597001457907,150.59015679547318
5437,181.23333333333332,120.67335831561715,113.2520338689064,142.22865933837858,141.3349873963366,150.3017408233942,151.87383865951486,161.5472754434114,154.38387454192406
5438,181.26666666666668,115.43746738136818,100.4896070448878,130.8240778167822,139.24540065621832,149.72774535786144,157.89016107782285,161.73174632088427,157.554029723182
5439,181.3,108.18663739569695,124.41423365129472,124.65533144488226,128.29917971082375,153.1832284686602,154.84611850058963,158.37871442072077,153.36729779943587
5440,181.33333333333334,98.57957747355644,89.77500425296161,117.46909852319592,116.3501806575678,149.3706359639886,156.79703215326685,167.35961826881825,158.9713050240805
5441,181.36666666666667,95.55970995345885,85.77695713701371,113.20040414692852,107.44916749020177,147.86390931008364,164.83247021693478,167.3332514108398,169.0972144029841
5442,181.4,87.04329746885901,85.7754072325894,107.44223027301707,102.4443584286883,149.07011952665096,161.53852842626466,165.14650633364516,164.01397240320867
5443,181.43333333333334,82.3428826381571,98.60791410968672,97.76762578466374,96.70638891792787,150.94369443582787,161.08881888354438,165.4591413367571,162.8975965132883
5444,181.46666666666667,118.9539593499682,62.11478371973475,65.28225227754174,85.65412906173844,149.54674526763,163.98614480257598,167.60116699362425,162.57113244553634
5445,181.5,128.1094104900191,63.63442416302924,56.511008548898026,77.93588337103762,150.2313803373502,172.01061540144883,162.66887515095002,161.69170576020778
5446,181.53333333333333,120.80548589866736,114.79552384101154,45.60040571428628,77.09206980566219,149.96225155303358,174.53418934002286,164.4184941604937,163.35316374508366
5447,181.56666666666666,124.5578348157207,120.65369371685817,42.55331598626634,73.41963196376535,152.80540056280822,174.10412163213502,161.96175574494725,161.60319556678982
5448,181.6,115.0220401812506,121.95740735126122,32.96152845610642,71.6302728904879,150.27008971075847,174.2982022421824,163.1857298375217,161.47822827839377
5449,181.63333333333333,117.79710195821369,115.14621910220801,31.111220208329804,67.65282010716987,149.66741393579562,174.50099111330914,166.77852106684566,159.80938906422003
5450,181.66666666666666,102.86959960426101,116.08518975463748,23.752284565734428,69.89506566695817,151.90275417877788,170.34002608721218,166.70335884107018,159.51915596313003
5451,181.7,120.68965403328151,116.65543339902865,37.82895727522342,70.2246416804499,155.916993793224,170.64860819974726,166.29602906956433,155.34532691502872
5452,181.73333333333332,110.06851967611821,112.58565618849977,27.505791028253146,70.94070332412471,153.7966485807214,172.19462906718556,166.23710578851578,157.22374870607985
5453,181.76666666666668,97.38007710647119,110.76718276383642,14.740698679676191,68.86783225195838,150.3851502089358,171.6682666338888,166.36341404273014,158.84836831388003
5454,181.8,100.35410818861577,109.88121570507879,15.038747813447056,68.30932763416448,150.99498051334012,167.87487626543987,166.50301951232376,155.30794995806232
5455,181.83333333333334,95.84678813516874,108.30506215981613,11.145655627039845,64.72317426197002,150.51100860433465,169.42614706966077,166.98008204438543,155.23665471467737
5456,181.86666666666667,92.92691295346441,103.20088137692989,9.279636197141485,65.0174328499088,148.65654974184963,172.10277839276088,167.46343871148426,156.01100291905763
5457,181.9,83.23510482047064,101.830970910016,9.149253617407332,65.90210612545215,147.0833344073106,171.4701005014966,170.10791745594938,156.36338166499888
5458,181.93333333333334,84.87898447984932,102.3208060739506,7.322730059153235,65.26863054085973,147.50993607090777,173.74374435506633,170.35132977509744,157.00489933887167
5459,181.96666666666667,84.54599888885572,102.48612236238434,7.2426443019832485,64.59741191137776,147.7882533757622,170.8240672394872,170.0187185935236,154.93126563471873
5460,182.0,96.59732300461681,100.35715495334969,12.213610800200325,62.97122857662435,149.28822022737563,171.77941669564325,169.6454037168499,153.99324097049325
5461,182.03333333333333,94.96605494567821,100.15639360290679,10.097829384134908,62.965139699725775,148.52705338310125,170.78889163458183,169.6012224076766,153.1096391368658
5462,182.06666666666666,95.3913952384166,98.43251607684547,12.010619202324275,64.425734014793,152.82144028530345,168.10371890952104,166.1919999391772,152.13610249401142
5463,182.1,101.02277181896575,100.37651877126353,16.27367620611877,59.85620766873831,152.88439480740598,168.97135314116312,167.4440655715815,151.43448445085335
5464,182.13333333333333,97.70991411733256,99.72187980920137,13.137286230887096,60.428469444832515,149.77526062564823,170.08114021616333,169.94558118376358,152.7491866417707
5465,182.16666666666666,98.8130349827633,101.41274563911581,12.426444668114149,58.97943183952883,148.81514657246427,170.46211214098577,169.96098762279152,153.23015469737297
5466,182.2,100.4050915735419,103.02408486102215,12.79966406219757,59.41879110311618,149.10780011048845,171.91364768736042,170.61434931059384,154.07692831254656
5467,182.23333333333332,100.68924465335846,103.41986217348376,14.060239423915773,59.7630327569823,150.48413815109498,167.96372496514735,168.8017409377854,151.05271488023365
5468,182.26666666666668,96.72174449222007,103.03812814773246,13.326239520746926,64.3034856570343,150.02900412921718,162.92418007303098,168.5451041735345,150.1255550438751
5469,182.3,93.73446339092469,104.91858839737624,11.372413671235526,63.72598870040652,151.18471556210903,159.93225707315207,168.46957785189923,147.63160758383728
5470,182.33333333333334,94.68075957573248,107.62053910442103,10.205371618339177,61.966497063928315,153.94792543845728,165.4510322824974,169.02703668550166,152.93655415934143
5471,182.36666666666667,96.56225984491154,108.37358774329364,10.879627462072083,60.476628773023464,153.16695972710446,166.9701542661607,169.01193287817085,154.13787066843147
5472,182.4,100.09659771855864,109.3489317183787,14.276965541844387,60.68234434454121,156.24317856056385,168.57653179447902,167.54988807346282,155.2963256101081
5473,182.43333333333334,100.57132133971243,109.34133478878275,14.216728256681845,60.788374944591666,155.4923143276629,169.57132154360767,167.5304743181915,156.937255010495
5474,182.46666666666667,101.97407558059697,112.46744860770906,16.463099529590316,61.29577726920385,157.3178387761427,170.93620720621723,166.82104241867685,156.94630920712802
5475,182.5,104.2706550364317,113.21897803331105,20.567775215946906,62.47608825616775,157.42724224545213,168.01028939556542,165.46458431910298,153.90114431292022
5476,182.53333333333333,103.25370131905818,112.68909490094104,18.960881583998084,62.43572393210982,158.05703499319958,168.05114461542144,166.06858796769686,154.31430755459596
5477,182.56666666666666,103.89112041971833,114.27618387001736,19.437394247010072,63.489865455567994,153.8395054074388,167.9027473182797,167.25736498454785,154.04791927921707
5478,182.6,105.46221751644157,114.94715838749353,20.3396937650334,63.59653517634456,154.01827682562103,168.30051949589784,168.87569778711853,154.35633624832107
5479,182.63333333333333,104.7003705647268,114.71977407255763,19.49012741788085,63.512202008979415,153.7998457141017,166.31996811332553,167.3262124705284,151.88714036619217
5480,182.66666666666666,107.30125357227516,114.84596469429097,21.08058397340156,63.514843755003376,154.14414176624015,171.92409694284962,170.00031949855244,157.43640813913956
5481,182.7,106.02099805004246,114.61254938731815,20.407265373917824,63.46918749917659,154.44370726584052,172.00112648687698,170.08266954295758,157.9613022650171
5482,182.73333333333332,106.29159433687055,114.86805511432438,20.34597541662893,63.54117815212707,153.64530885587268,171.78037692212422,170.72835544487208,157.71144253157203
5483,182.76666666666668,111.79793255106551,115.23877670105311,26.97974322766246,63.88425914511967,154.32496380723143,171.10031293882943,170.78809211835417,156.1385848324395
5484,182.8,111.39404599077126,114.7871958336179,24.711134081381164,62.82054016741143,153.08706539849877,171.72152083030784,170.53490534523027,156.49323352587376
5485,182.83333333333334,107.15807479615255,115.6551097624626,22.95058960946167,65.32782760149884,152.6746151148561,170.16465770585995,171.2901497451539,156.09158901697853
5486,182.86666666666667,89.28741060668841,114.61091875501445,8.750939994957987,65.15618762162794,155.17607648819288,172.34907177625882,170.66055283605297,160.00808018686658
5487,182.9,98.06504203740326,115.78585256730626,13.892142623229022,62.37466891474379,156.58993814615755,171.55108117706575,168.30467440584303,157.25055191277232
5488,182.93333333333334,101.21838306300779,115.41217507785059,16.56435541000426,61.62466035527045,155.80393408868534,175.5864510802281,168.7994688204197,159.60720361198932
5489,182.96666666666667,104.5044858307094,115.8605578048124,17.99735486732628,61.597838774523,155.2504102019509,175.62867715132373,169.06944325537842,160.04100896096364
5490,183.0,107.43415059029837,116.13077128479111,19.899803603967996,61.53297320485145,155.32022636219062,175.09009450106922,168.60931895593856,159.11336951340797
5491,183.03333333333333,110.78635802238804,116.64105920761016,22.947490110426468,60.73740057002878,156.24994711029035,173.1481712325473,168.45985499358585,156.86894191840727
5492,183.06666666666666,111.43198328751934,116.61610955676404,23.41334699366267,60.95900130123162,155.6213069086254,174.99213421214546,168.51466415574924,158.14954284211925
5493,183.1,111.83112196171824,117.1678488373098,23.942046318345895,63.21296242635823,155.65152124998787,173.80658599425414,167.0211739876572,158.25664779596542
5494,183.13333333333333,113.04586100297712,117.47863239406254,24.475382062911148,64.47382939577706,155.84899301495028,170.78119894020915,166.71180702623965,155.26405687466675
5495,183.16666666666666,104.51321024877208,116.68795042783722,20.024013074141465,64.51766721225754,154.74162361429296,169.54247961096618,166.62298246246112,154.4880622199627
5496,183.2,86.23136498059651,115.85527879466726,7.340804149784739,64.49196319414173,155.06892235247088,171.9149380994022,168.35091688690207,157.7754821772716
5497,183.23333333333332,100.53692778173766,115.93834313880312,12.813371311459216,61.238636940519164,152.46746268767944,171.43678843896552,169.58173728547354,156.9795112870882
5498,183.26666666666668,102.40470877574771,114.53463992678941,13.870703275572799,59.449233827118654,152.3303864574235,172.3261432896043,169.71432757887803,156.96423701113724
5499,183.3,102.66320308640206,113.07981084594638,13.669397886162301,59.32566183021592,154.19091599277422,172.63048543492891,168.6225846343599,156.81747874780737
5500,183.33333333333334,99.05836324556101,108.67680118246119,11.778393002430285,60.32009037516613,154.0524518109581,171.5781897378458,167.92428169438355,155.71546259604395
5501,183.36666666666667,102.54199832446642,107.63795141425331,17.402056014596816,65.47806414700284,150.00152174447328,163.82725758428344,171.28525210717413,149.9294254915326
5502,183.4,92.51130142349264,104.22857873298655,9.83792827526496,66.40062234237263,151.10143587950546,164.47072293899828,171.31743383228013,150.03207786126467
5503,183.43333333333334,96.323583663371,101.92482184679763,13.277690170592564,66.60481009180495,147.0137309563403,164.7390980258029,171.29312628217193,149.67243518727165
5504,183.46666666666667,99.06467698267579,101.67845978372596,8.51441941893508,62.63707378930656,140.98880532004875,167.80889952983287,171.08337498369403,151.64485765350088
5505,183.5,89.29843356976886,104.68988188153813,6.802489007638772,68.6204123345384,140.78420451982015,163.3978056518823,173.69306521297156,149.34031703540194
5506,183.53333333333333,88.51104661944693,103.03266914770386,7.0959525397023855,68.18711769487953,139.8909807233018,167.668431289988,173.69346729671884,150.9481022693631
5507,183.56666666666666,103.12095101094702,102.92569170623791,12.816106008716623,63.140777433160935,135.86642184505854,164.9119411459992,172.14503553220595,148.5103357151238
5508,183.6,108.3315269140222,103.02552139241709,16.653572389923752,60.828790173632875,138.2937777978135,169.94755982542148,173.97233276872714,151.29351887417678
5509,183.63333333333333,113.51359371520601,106.94871307800531,20.699779587202237,60.04691688901083,140.0474821493746,173.20762071339212,173.88006973246678,154.1772448138058
5510,183.66666666666666,121.01026715739417,109.67543637358528,25.379554235925944,62.599847727497945,141.83114608836493,175.05409676603924,170.15670098034363,155.4270704949065
5511,183.7,125.97924561322786,111.89938265223705,27.961034741856263,67.56894392579102,139.81114351686438,175.38052555989685,168.5041139301042,156.98792227607518
5512,183.73333333333332,130.56841611625225,121.29960096961757,35.155930495148105,74.19840047157295,138.78318378773398,175.6718505972288,166.70256789865877,158.3495694358333
5513,183.76666666666668,137.68739304311936,80.7390719927285,43.94061236491587,72.93992580417995,141.17639011159434,163.56585136560835,158.29956471610672,147.93995290151094
5514,183.8,139.13347870408867,77.5677168671441,57.914953722011006,88.13046842491171,139.21746968387347,157.39945458241866,164.29210034964294,151.4269165328963
5515,183.83333333333334,118.08092168122938,58.50505632381248,60.82235885182881,89.68863790750456,141.44638982333356,159.71298527043848,166.68585027395181,157.99140487965212
5516,183.86666666666667,111.7680112589288,57.999735557910235,69.36004627449512,93.60878827703573,143.42755775348886,167.16543298126624,169.1571104304957,167.32997925415117
5517,183.9,113.17993879537099,63.05740075965968,81.50067069750465,100.39047147483483,146.60744810743452,159.5020315197495,168.66455869760068,161.82098054595917
5518,183.93333333333334,101.51529214651387,83.17314710180081,105.48889651656975,107.00568077500465,151.5842685086876,164.659423933462,168.110586676495,166.97637513054713
5519,183.96666666666667,107.92863101134871,105.8132972445601,105.04376463289069,110.89028414911415,153.47998710126126,162.96618066350078,165.11859660638981,163.94350864543392
5520,184.0,113.14370523546496,122.95570427522729,114.05125752821644,128.01784638445065,158.81505407962982,163.08476945988528,161.7980522065313,165.58041671164227
5521,184.03333333333333,112.36720873708144,118.0758595584839,116.18267204529495,127.89573935302565,157.8469716157825,158.62654869185542,162.43217299465064,164.54429600334953
5522,184.06666666666666,115.74976509980098,129.71961954281423,124.95305638182053,134.01616031758954,156.63541378765999,160.52117471910051,163.86771241783586,164.96892487784703
5523,184.1,111.9256272584037,129.95758711096957,126.10612532571767,133.922914264639,155.53769021830774,158.77101787526811,164.37466544011824,162.95186466207457
5524,184.13333333333333,117.24034646737468,135.78592825045078,133.29384839902227,141.78099163093594,159.77238055330312,156.54527044827427,162.74529207559874,160.27875916626897
5525,184.16666666666666,121.18981960750521,126.85016746544855,134.43426427408141,148.97984433289622,155.80528421255372,156.4148283313881,163.26428566132992,158.06728013938206
5526,184.2,130.9675990144941,130.5182817425457,140.07039432303677,151.1094634427026,162.12317366731827,155.27585525529625,160.22922379806647,158.32048089375687
5527,184.23333333333332,128.42019639990608,126.19973144510038,142.2801415380901,151.9144842754375,157.77005523373336,153.39569171362243,160.54301406994003,153.36873082952647
5528,184.26666666666668,130.97127453919057,127.13246497886497,147.04834184733534,155.10552323524217,158.76908215483783,149.7997954005847,159.26834729200868,150.83782238165884
5529,184.3,131.67425763303186,127.34843451496418,150.5203160612122,156.05804623720456,157.10710354824988,147.78257957643348,160.10897840932267,148.28550463250298
5530,184.33333333333334,134.0699594507678,131.35781295970952,153.05213700640954,156.4435008317616,156.98846190933628,143.88165872515165,159.20634706670523,143.25686199667655
5531,184.36666666666667,134.19367599900784,135.72582975672972,155.82673226923555,156.3442875871017,158.83634321722752,133.5305459176391,162.06383244904904,139.88863943636264
5532,184.4,134.65318713497433,134.909786392484,158.60656580305988,157.52499785661914,157.5320192606517,135.75832975542053,162.55643121886558,144.35095489825494
5533,184.43333333333334,134.77816315149602,136.5591995660216,159.98858733961765,154.92243517381914,158.00383428932238,135.78099227727284,162.5034196763406,141.3998331577814
5534,184.46666666666667,134.33090204436243,135.02874535027448,162.19818300129793,154.0755738627038,157.20715603283926,133.24238822906327,161.40063954187715,136.8913552457442
5535,184.5,136.66576996878555,135.14883279348416,164.43336277704694,153.86877733789174,157.6909683283835,136.31661202470283,161.517756494978,139.95519398434774
5536,184.53333333333333,137.72229469890118,134.81880226581114,164.75908263593254,153.53587664497505,160.5961201743001,124.76434656720359,157.84520665720473,131.50257772077822
5537,184.56666666666666,140.0562338273966,136.51348519274865,165.95193815591713,153.6269425924635,162.7883607385088,127.44559881055963,155.84526463016263,132.36938336859504
5538,184.6,141.08020913267148,140.47236651366305,166.14380473830525,152.9298754753927,164.71811578746954,128.8901003598436,156.08021384730353,133.4789175402729
5539,184.63333333333333,142.5926250282326,138.94904148076455,166.15902801621536,154.62787360261217,164.0240370668155,127.12656902118206,157.26590456908633,131.52423777608053
5540,184.66666666666666,139.87432024313256,138.32361670152474,166.37537117820418,154.92068167112265,161.28362226848478,128.0029925103721,158.10399537803357,132.83039666606166
5541,184.7,142.39727564564205,140.56746609322715,167.37599044840314,155.86303312315624,167.7574740897214,126.61288849848368,156.5635489822817,131.68996641034647
5542,184.73333333333332,142.6060260721007,142.43147125573114,166.30596047644323,156.18979460558054,168.62401292168803,127.09770115734143,156.0732560391665,132.59277093151994
5543,184.76666666666668,145.29454013142268,137.09207559544677,167.98198746475072,158.17023432978158,164.94783666791096,132.4114569872647,158.7331631183286,135.117119094378
5544,184.8,143.13297650195224,141.1238576750816,167.8659301209514,157.8238265699062,166.2322026326004,132.2562841424791,158.63746386101968,136.30954321213412
5545,184.83333333333334,142.48829146490812,140.6357313116172,167.41299038285288,157.8438724969149,165.11421165393548,140.25215260666283,159.1872418630889,140.53263013079587
5546,184.86666666666667,142.92124129113012,142.03606347756528,167.14139471023915,157.6665727636346,165.6002437076343,138.73615997336154,158.8005735665688,138.87628679704886
5547,184.9,141.74582330974962,141.17024657415274,166.621379744717,156.75783025847943,165.31026037322547,138.1940616400353,158.56248001683156,139.74848414850942
5548,184.93333333333334,144.07405519231966,137.15512054243732,168.91404876378604,156.21447894402996,164.58180113012918,137.78582824873791,157.7870047194104,140.86721735246613
5549,184.96666666666667,144.49659157261033,134.13370265154524,169.75507059642612,158.01854025497445,164.1830504897199,139.3888427439245,157.86962496302525,139.7694357032277
5550,185.0,146.27356274599825,136.49750678599426,170.22008075517124,158.067022675963,165.00811971804947,139.25692176783548,157.14961468800868,138.8788263590399
5551,185.03333333333333,146.6939195539286,139.0438605884329,170.32414016984197,157.75170139196337,162.79642236354442,136.5257822662638,157.88592685631514,136.55034060188103
5552,185.06666666666666,145.88683253333608,139.19733009664947,170.11136231200783,158.04422666865779,161.407730648491,137.38465244762705,158.93064232863642,137.45091783291647
5553,185.1,145.65576004272128,137.2452351788514,170.47198130634345,157.2619881323295,160.32411504877027,137.7772768739308,159.17376031106528,137.01529379307237
5554,185.13333333333333,142.9720952355594,137.0303569974266,168.23149626477533,157.12043319907417,159.08394700858793,138.19463178240053,160.01356599784046,137.34245202638675
5555,185.16666666666666,142.06964651285696,136.86654569725656,170.0724442383474,157.49410086692424,160.52472259370205,138.4895699876313,159.89532375764293,139.75825900076455
5556,185.2,142.9684253692649,136.00378917793594,169.3152714655675,157.1554756064978,159.43839678370097,139.82996386053784,161.33313824184907,138.77374496051561
5557,185.23333333333332,143.07980557820758,135.75926491500476,169.7076130223416,157.35439771357954,160.3308077294779,145.19258572045493,161.88838648690478,143.35687181075485
5558,185.26666666666668,144.21501526925826,134.60060475030082,170.36820032882818,157.53815513177264,159.2006424359187,142.52048416249508,161.46120806511695,141.1871986872193
5559,185.3,143.43121781374353,135.1670752379719,170.08785969836612,157.66383385562733,158.67531150715507,142.20744665182855,161.37335483230447,140.7568840375928
5560,185.33333333333334,143.4455339711008,136.39382343573175,169.40303487566766,156.8168142043876,159.48461035275554,142.22997088685167,160.59042315932257,140.02946582974107
5561,185.36666666666667,141.62874580702666,138.59813253482173,167.59257900422878,160.9434291695495,160.3420212066669,145.76982376057208,162.03040764463518,142.62648051184485
5562,185.4,142.14807216080573,138.2698125164756,168.0509890733882,160.77800670213938,159.52468190423798,144.4448825247215,161.16033919430222,142.43402669426987
5563,185.43333333333334,142.73954377630304,138.41202877361383,168.71402497988706,161.07922935175628,160.87644663762936,144.66052221029165,161.82719799359015,142.53704143576286
5564,185.46666666666667,142.5465910360496,137.87460242027865,168.54426680660458,161.4158530154068,160.97037689589777,144.47010400267553,163.09212123128313,143.37396546118603
5565,185.5,142.03916791250737,138.1455921575286,168.0234191844569,161.32535189766259,159.21284721149962,139.26124474497428,162.11727394233824,139.1839332075419
5566,185.53333333333333,142.11194043433335,138.3911410695799,167.5007127402588,160.57090037615845,158.38161848220378,142.1963001517482,162.35432785512123,141.3293545416395
5567,185.56666666666666,141.4979629698663,137.3336226642512,167.85688607012372,162.0293101093797,158.5141444908158,141.32591638653886,162.6172993104189,141.05372648433212
5568,185.6,140.96837554552005,137.13726298801123,167.74718702026195,161.1468965103095,157.05052324557337,139.42708674500315,162.3796023693146,138.97121354201698
5569,185.63333333333333,139.77833683413618,140.16726919004304,166.49799994281676,160.87201753583054,158.4679937864966,143.40344262841128,162.43869055522853,141.4418069869806
5570,185.66666666666666,140.16202493815234,137.79776524924566,166.99660984980218,162.17611739657934,158.5916613596725,143.30871433920382,163.07692595544256,141.43990038665285
5571,185.7,140.8799322716146,137.44400984074304,167.75205588130578,161.581962307179,158.39730434892692,141.54148541761955,162.54029592539516,140.31878454066035
5572,185.73333333333332,141.64169604253564,137.707836518869,168.27756639437578,162.2408292484936,157.4335311303167,141.98184111716463,162.9112028417364,140.6405903614788
5573,185.76666666666668,142.48503772694826,136.6237430909813,168.31830489289703,160.34047003735347,156.1741067335981,134.79300955351104,162.39505910777586,135.21919521592662
5574,185.8,141.5761682993124,135.42019848425988,168.5139395537653,160.35893090193244,155.85238868233003,137.08390402747648,162.7117298480064,139.09350494940574
5575,185.83333333333334,140.813804479429,136.10397881015942,168.4809594919911,160.54163286130697,156.04621012864402,138.04570382900576,162.78571972117274,138.39737925536576
5576,185.86666666666667,142.63116780162105,136.41770498789882,168.65880817066622,160.69432608207893,157.31874151195404,138.13438548952175,162.8764420686771,137.53170341640458
5577,185.9,141.60308121561673,135.24314427515162,168.18887329092723,159.07118204316276,156.9394439201434,133.1741692056438,162.12102995899173,133.11482414730557
5578,185.93333333333334,141.77599510384323,134.87315485816242,168.435307260233,160.17690728935378,154.83129431489797,140.20791816144055,164.58676736231425,138.4646630623303
5579,185.96666666666667,142.90771034508126,134.73040246449838,168.75381209327847,160.45001501534108,158.83185482522978,142.42520727957606,162.7398165528639,140.95704448148507
5580,186.0,142.80033505296026,134.90476991250017,168.43358465554988,160.67504093014233,159.79241453214502,139.18427273647606,161.44750634995688,138.40783033426462
5581,186.03333333333333,142.8494978684165,136.90839022118072,168.4920722331198,160.16407367276258,159.54107607671108,145.115074881039,160.73132659056168,140.59257596259218
5582,186.06666666666666,142.58954879750667,137.9701667730631,168.294131825754,160.05122137268523,159.78700973770302,143.6129477868158,161.0053391572436,140.4092907227881
5583,186.1,142.24346998431187,138.2201061937651,167.9345861254361,159.74049054982663,160.28805852215015,139.68462618717598,161.14225212051272,137.89503845056464
5584,186.13333333333333,144.07204561413153,137.98721639104832,168.65948536488483,160.419919389473,162.3927683278438,139.97600809739924,160.61619754002476,138.77984097680778
5585,186.16666666666666,142.86891372665403,136.68411496949605,168.55304530132176,159.49348810674815,158.98136998478185,135.32033026266578,160.1412341711433,135.05253309566675
5586,186.2,142.18022629293284,136.54364416503628,168.50895186573624,159.15006536789573,158.30652256592413,136.2946977560567,160.05964133972344,135.70761998308552
5587,186.23333333333332,142.50409685430728,134.79009753779806,168.59566068154888,159.39306820274126,158.2738685980416,137.96883626683936,160.56107424775058,138.44014825556675
5588,186.26666666666668,142.8465906308397,134.41506612633137,169.11007668255098,159.4001877729327,157.88209681600836,138.21250760501474,160.8896072216201,138.34108125814186
5589,186.3,142.73839316282996,137.21086855937986,169.0875582962032,157.40619431159826,159.9275611690082,136.8891457650644,160.38855500141943,139.38075706409037
5590,186.33333333333334,142.7510853599357,136.37551775929512,168.75639083745222,157.2573396175735,159.7910659237468,141.64500255959743,160.18477680359658,140.30397513831358
5591,186.36666666666667,143.41340671989803,135.32180247426783,168.89538586994863,157.63141934491244,159.79750906417857,143.2752317392669,160.41488053120003,141.91351648212603
5592,186.4,144.0364454995478,135.8488130635176,169.02493569074437,157.88915665499232,159.50252729042862,141.0443167843603,160.46028799430468,142.4087256412184
5593,186.43333333333334,144.22240457897226,136.07194479675658,169.00860736730738,157.68271908502015,159.35046430575898,140.79819328779868,160.41519813142065,141.7364108208478
5594,186.46666666666667,143.92566020240113,137.68058505627184,168.94521283723984,157.4529388509998,160.3014406473,141.0791666616237,160.1233583172701,140.53315481612123
5595,186.5,143.76298056952982,137.76151917085488,168.49863550721477,157.07315776496648,162.08598469319801,141.34760195323778,159.32191368990146,140.97883954194157
5596,186.53333333333333,143.63092009543118,136.0357505542994,168.51845635051808,156.5746923109538,160.90391395678043,138.09659469574137,159.18184136201745,138.41275481972
5597,186.56666666666666,143.17123843770938,131.92361477619372,167.94166812097126,157.17133620947334,161.41228631813524,135.8778572408201,158.66005444304375,137.1582325340081
5598,186.6,141.725623891045,131.168987611045,167.69862657948346,157.0917514719654,159.22177900753388,136.92872839577672,159.87420994211593,136.9628801153091
5599,186.63333333333333,143.14775708776102,133.76770824462594,166.92162929047868,156.76365702570237,164.09258999285322,137.2342271288039,158.00222272876763,138.23786688851047
5600,186.66666666666666,141.65125041348415,134.25843202129255,166.19855820009315,156.3962267944371,162.35754176324622,136.47333651879228,158.87949475597097,139.59644153462278
5601,186.7,139.67392694539913,132.4385471130382,165.45819648597598,155.41133616154434,159.97170180044628,134.8797295312717,159.88815423043272,138.55017304734068
5602,186.73333333333332,140.60865626731683,134.71819488156788,165.45653924222682,155.47203691653476,162.45695323321178,134.84065572698438,157.82962574177958,138.2803323534359
5603,186.76666666666668,139.35586837742738,134.1560461917625,162.68117668851198,154.81211169279908,160.84637045400896,135.33945013705494,158.9246548542248,138.71965059196128
5604,186.8,141.77178087123872,134.29559366496136,163.15022162354578,154.73698984828638,160.1959326584121,136.30040612120425,159.07849628399435,138.98462306042077
5605,186.83333333333334,131.51587852729435,129.8001522728387,159.59110624600137,153.38539895444003,153.11398256665802,136.91696634979002,163.64230947864863,139.3874677534133
5606,186.86666666666667,124.10302757163787,129.22912536250655,157.9539251845595,154.62692711768153,156.65374401818994,137.43352918604876,163.2302823217596,140.33994781923047
5607,186.9,129.94204379901137,129.88040035495754,157.3497885366512,155.75682997740523,159.6403944192182,138.49068428987465,161.07292731623448,140.52077838876065
5608,186.93333333333334,129.13972351923405,124.015130402885,155.38437399275395,155.87219697112346,156.81832514343085,138.5523706174563,161.0996568066841,140.62005391138203
5609,186.96666666666667,130.45254044456877,126.74747480270894,156.6837981515861,155.08533297502484,155.38428603814546,136.80551649940267,161.6876444349178,141.20582667765774
5610,187.0,128.9626360919952,123.30980483287425,154.63730385862982,154.8368589307485,151.59190495249717,139.57009873847707,163.98862283860197,141.67329864572412
5611,187.03333333333333,127.4304457526917,116.57135332296559,152.5654813866853,153.3901406097618,150.21475747571685,143.33917440091236,166.15307844050483,148.0101216735532
5612,187.06666666666666,124.44162940132364,114.22248257036325,148.89549171612194,151.07082850250077,148.92354433785817,149.3971979752526,164.71099744268744,152.2806926257443
5613,187.1,124.68861063549878,109.60276029904367,144.87333847479536,145.47120971026618,146.69490606845667,157.76230704020276,166.518369362601,159.11931813377456
5614,187.13333333333333,119.83022489513785,109.34752547743675,142.54380048965544,144.24584039089984,147.36900007287807,159.21897996085625,165.5443292708259,160.38336985767805
5615,187.16666666666666,115.61217002732195,107.6955228280864,137.64274217644115,141.4862268185776,145.4709967148973,158.57555015129108,164.50368261185244,162.45645759976847
5616,187.2,113.43263276120817,106.07055679748676,134.16444045255847,135.78293788329785,147.9694461590441,158.87307994829132,161.408016642714,160.33524812318444
5617,187.23333333333332,105.54314037352125,124.05668199599607,125.92748951678234,123.96205612602975,149.48875382646,159.2624507500044,162.85639319404305,160.87004788514207
5618,187.26666666666668,106.83197261987455,107.2178882106583,123.68715252195284,114.24730886836109,145.84410769886088,159.6881647299818,161.66497584279787,159.77535227742814
5619,187.3,97.01261772801702,121.78729060711255,116.90398189079377,115.31101471247175,146.44498622651986,157.85877210663534,162.15830478514178,160.9008018903619
5620,187.33333333333334,87.36975695470528,91.77681397940295,104.56079154476738,99.44570939678216,146.08443312910163,159.76915615528625,163.77090211359294,161.55180436890072
5621,187.36666666666667,98.3948773458128,84.13876570952023,84.94580770584503,95.23890021431693,146.37991044589717,160.56158087716628,164.23470747592992,161.30379402660577
5622,187.4,85.81897053622346,51.008975838617005,74.8839080546274,89.43659389632595,147.0534401462603,160.55589128704835,168.52305375237293,161.13502507360232
5623,187.43333333333334,118.4319910132385,46.8511166595195,61.83744133209523,83.54843947285015,149.88841354385124,152.78832301116802,160.97879295329562,147.11082904937408
5624,187.46666666666667,105.67084810871427,46.80137246711596,43.66175888698989,68.35071868990252,145.14210864358537,153.22977252070598,168.0643201121553,151.66352318633005
5625,187.5,121.0976249377131,88.88088359797547,44.137284863570095,74.25740747698644,144.82329932729576,157.94803285401773,165.58605741598393,149.45831944245631
5626,187.53333333333333,115.54408465733847,96.68156440178497,39.68383760233941,77.3342178054446,143.44393212027052,155.6467669151539,166.246167779139,148.8072009317347
5627,187.56666666666666,120.47760980532314,82.06208795723285,34.33143814135133,69.08723374237906,141.26441465431432,166.34634860799648,167.60117936356423,153.4731872195301
5628,187.6,110.01422886464732,102.75165825608224,27.83493202453169,70.45452646176948,140.95131326141478,166.2528642657096,167.2085888785947,154.49922338805217
5629,187.63333333333333,105.89548082986842,100.49213115710695,21.98548789150101,66.3000169375541,140.72684005855567,165.90074449566282,168.1959775338311,154.05531564543136
5630,187.66666666666666,105.43061997818147,99.87604791649821,17.296463871984116,62.40817112624327,141.07674850291133,169.132466239979,168.38898819942386,153.78999393468632
5631,187.7,108.74022246267167,104.78366748552922,17.753279141664606,59.57900094872189,141.34909083103528,164.2011441981297,168.3612142626923,150.4312353894365
5632,187.73333333333332,104.83537696894966,102.28106443888817,15.95356633072642,57.75533239092083,143.0881957462473,163.27825260314384,167.61948485298987,148.4405454570159
5633,187.76666666666668,103.21291344040255,100.96343496975614,15.269025837859926,57.9300282857488,142.9919629300913,157.04805777506027,165.99324320094996,143.2190522127684
5634,187.8,106.46378819153007,103.66025166015494,19.958857045481782,57.37907735074832,142.77743397745448,167.0311457126786,168.8701551038021,148.0265606074231
5635,187.83333333333334,104.07706870853764,99.2620148055486,17.263826391839547,56.981890502345465,142.60900729901633,165.17289607684813,169.24781671541368,148.5724160207967
5636,187.86666666666667,107.88018173374998,100.70321660438104,25.692909621714435,58.92418687365731,146.82077464823095,164.54126763529186,167.02634286180518,144.9983114297734
5637,187.9,101.62348621722309,98.58412386369032,17.794965608868107,54.95912509077598,142.83784773610705,159.2979561490663,169.44896244541243,143.13580394795028
5638,187.93333333333334,99.75237719753584,100.11150070954585,16.712471723762032,56.38389629628803,139.68921028277057,158.99670543511095,170.32679057152947,143.29019992731784
5639,187.96666666666667,100.04058919789551,100.3812500805361,19.71385219158618,55.873868695766966,143.16758456919152,159.1869698902927,169.21658274442512,139.3027447774415
5640,188.0,97.31903121722773,99.64221460217777,17.00929884314742,56.23971979954608,140.97328926044239,160.12827013534647,170.56724278007854,140.03608609140082
5641,188.03333333333333,95.65275709728623,100.19405181254623,16.772787229784345,57.431493023225904,143.5995875645666,161.92040159347334,171.24009942238132,143.30167195621237
5642,188.06666666666666,98.07156365420066,100.72001007874319,17.19615555046859,56.36006605754115,143.30231663352552,161.97611130955403,171.98699760647006,145.22142508807772
5643,188.1,99.5281993420642,101.19018731768753,18.84536983049814,57.44522204182545,144.24925114102652,163.7882342177501,170.28634811388963,145.0848042464937
5644,188.13333333333333,96.77551781975923,98.75629843709993,16.965136774735736,60.92178149405764,146.01872069908586,164.7909775349331,170.94016999477162,148.24547055355688
5645,188.16666666666666,96.7745540137245,102.53359373724948,16.927216058774036,60.41925979359493,146.14714513519343,165.78082584424828,170.76272667183414,149.12990310173703
5646,188.2,99.23310645742977,104.06966695506232,17.727708168338538,60.13752947884889,147.24622038549415,170.2644184406215,171.88841548039545,152.9986083638036
5647,188.23333333333332,99.50037551596039,106.04891349718913,17.59070612110928,60.35449383118083,148.548928143843,169.0900163137491,170.7782018486847,151.54641717269212
5648,188.26666666666668,101.19069177921412,108.85059098924808,18.29458766186063,58.31803067891384,150.9581844563229,171.12866415755457,169.02600883960238,152.21528675370436
5649,188.3,102.55260449712144,108.59076617020153,21.733951718921944,60.52941736832277,153.0194147905952,168.3993124936695,169.56087779304627,151.21325545600033
5650,188.33333333333334,103.39380433969022,109.59603991752282,21.32686580847427,59.82239543244498,154.4563849275302,166.30902074856255,167.42257255218144,150.00263005785766
5651,188.36666666666667,102.88620711072456,109.87438503509173,20.576482168795554,59.956331885695306,154.40569257620245,166.941475507124,166.92334818436055,149.73713155793354
5652,188.4,103.06336275010109,108.77243750518753,19.992772803097985,58.04861302211838,155.17362429217116,170.62432097133993,167.16168026546953,153.12473684601093
5653,188.43333333333334,104.60129809549677,110.99113973862306,22.86465823299518,61.628833848195946,156.93184720024652,165.195580283252,163.1756580451078,148.68016560388452
5654,188.46666666666667,107.0755442769591,112.30755438917699,24.91416574848897,61.27332059128279,155.15662977956072,166.44532009054964,164.61775713677136,148.49411887088473
5655,188.5,106.67254778235795,111.36763458629805,24.183593905474343,59.308713388675756,156.01328929147428,170.1030176445497,166.20767246286357,151.41455563768835
5656,188.53333333333333,107.16317249702382,111.20780589635288,24.736574086430863,59.511047646037824,155.15772877062992,169.5356424746229,166.8572194891005,150.4924842913267
5657,188.56666666666666,107.94766968747054,110.95690164733219,24.93117525702028,60.32995543085871,151.97446615716075,168.7415552431052,166.49013734924287,149.94488931229586
5658,188.6,108.34500884288079,110.50787816087582,25.02515783215184,60.542749431730684,153.20559741851878,166.74287839695654,166.35193057132022,149.5066398710912
5659,188.63333333333333,103.58489339620414,110.2525376705705,23.19928178901069,61.24481625413818,151.77199234035328,164.046804846991,166.6190966428585,146.49686806435838
5660,188.66666666666666,100.38948543861628,110.07903767989576,19.72369181169497,61.02885021718642,149.94174167932036,163.29103668961216,165.4249529381633,144.5535159995164
5661,188.7,102.16465318902742,110.69178517341011,20.51945592658814,61.12779360216577,150.3968428203837,163.95564218801044,165.36170105497433,145.086904519489
5662,188.73333333333332,102.90414980193287,110.1991950279057,20.284149574860166,60.552056063323136,152.80491696899375,164.31736447175413,166.94702271076775,145.87858595461495
5663,188.76666666666668,100.79539535650086,109.08203937468322,19.762453902586095,62.00521103183217,151.18726491313348,160.6457075427957,166.31567425508103,143.0808553884681
5664,188.8,101.26501262668332,108.5740234303666,19.04975582217675,60.06492166399547,148.90375030999718,161.98472500953494,167.63931691392293,144.4441142251754
5665,188.83333333333334,100.8495217613438,109.33370601778714,18.86648211330173,59.13744726574275,149.11446539199193,163.68754459285674,167.46440859968294,145.44476753765633
5666,188.86666666666667,100.60916020941666,109.09020197178184,17.102017075492597,57.7732913758059,148.65952434031607,164.216367665258,169.1646842643429,146.53685135046288
5667,188.9,100.86563055560897,109.2252577579875,17.526440127135583,58.022577812528915,149.94424778725744,164.58916543826774,168.13900760802505,144.9604435320545
5668,188.93333333333334,100.37027918057278,108.78409795566184,17.164131635371266,58.179005509200586,147.9658091025733,165.24696325271347,168.2448311016254,145.29111334088336
5669,188.96666666666667,100.98928314231524,109.01625442488161,17.49815974932146,57.92933384078774,148.39142151374043,161.72690276055823,168.4143814482484,143.98640747133925
5670,189.0,101.28960387877291,109.41523373275429,17.646742880026636,58.3647647174332,148.84004499713373,162.0176753192978,167.79795336827905,144.30208967783784
5671,189.03333333333333,101.63824659179626,109.43905795175614,17.869738607036222,58.22328950390041,149.4560734554026,163.4755275535876,167.8781508184798,145.21858281625072
5672,189.06666666666666,103.26718805219338,110.86318967599338,19.60612125801937,58.61789403294739,149.52414091176598,163.56872937260192,166.30386048561454,144.2504646733432
5673,189.1,102.32489798181679,110.21903421626692,18.810078750239473,58.710919780585606,147.96310002633663,163.58121509810027,167.23304828967989,144.2678651633108
5674,189.13333333333333,102.50797548746579,110.1991303079191,18.686444006362912,58.76199623664256,149.24092354396265,164.49949629917018,166.99851625111782,144.8883981924636
5675,189.16666666666666,103.03285134618821,109.8995111379154,18.23840170229697,58.270635175361825,150.59764125471432,167.7842409024423,167.32333798370726,147.86091440428478
5676,189.2,103.09885546897583,109.00289101382839,18.226983094463538,58.975410409992556,148.390742839005,164.41635965769882,167.0359565370563,144.84581022000552
5677,189.23333333333332,102.27773086865604,106.74217450227624,18.078086024091256,60.68658665201539,146.58891802540538,161.6570365370494,167.89195969633857,144.1257802405518
5678,189.26666666666668,104.39153738827369,106.43667281603165,19.00638367592526,58.776320018625924,148.18678268038425,161.46992332004004,168.22969669294795,144.34729524938936
5679,189.3,97.31659448977237,104.73050346909469,12.674432769750434,60.67886774948992,146.9280023730657,160.55030342700908,165.00771047765292,143.63348049440734
5680,189.33333333333334,92.91676024916019,100.1991630172722,10.047451345052684,62.45732008918029,143.95517471640406,165.88034239941078,169.98487233272118,148.50617085135065
5681,189.36666666666667,91.4016432046768,100.25050211912904,9.26121757848634,64.39330011082049,143.14365945269324,167.15249825562339,170.77904427838914,149.38129739043978
5682,189.4,101.16304976820756,98.42485096316992,14.135270202114778,63.412840601923506,139.29289535422592,167.79930913676435,173.5339505619056,149.08034282127093
5683,189.43333333333334,105.79444780201307,97.15210189691253,16.273287764486067,62.8329021209464,140.57403501984555,170.51729691242292,173.2259992680545,153.06599123349875
5684,189.46666666666667,114.89660855702535,100.50547223297048,25.947200559422868,62.91154525983352,148.3012895902761,169.18483805618698,167.16871517603386,152.93118069231423
5685,189.5,116.80577773472149,103.74031823161386,27.446201908554663,61.65093136191609,148.20080293467367,169.9721992439093,166.7721667272036,152.74690600176956
5686,189.53333333333333,135.69879365272243,112.0794975224949,43.82400595366693,65.10974633289753,150.21565139746258,171.14407786984475,166.29544037758328,155.4942868571836
5687,189.56666666666666,124.84268017696785,116.55056967463513,35.90865546859017,67.69353301823308,147.21252131697383,162.857527697416,166.432778045483,151.44572817058102
5688,189.6,129.8022978729426,118.87157378343169,42.44414431382714,71.17125225436446,145.61348621478916,165.69056370847724,166.63801649019825,151.768475647531
5689,189.63333333333333,129.0655298678429,122.82401706055387,46.27555383151163,75.3187373233928,146.7387692744495,171.61627090965513,167.63914138714512,159.44799176354675
5690,189.66666666666666,135.70591755481703,126.51644210660491,57.15551991857744,86.44002385471579,147.6155384436918,164.17984566422004,165.373748947604,159.17210194896913
5691,189.7,129.13912562989728,130.04898980431284,61.23143364032924,90.79475631523529,148.64115149765894,175.02974488110246,166.40593321901991,168.0643307171243
5692,189.73333333333332,135.26131103437913,100.81266412397369,72.22440807108464,96.00684152311581,150.40551559343237,166.73011280238578,164.23015205401177,164.87362206123896
5693,189.76666666666668,125.95337990850224,104.72923660906949,82.17939907332635,101.37569627887302,153.1517487221537,165.087471897089,161.50451613409703,163.7578700579272
5694,189.8,103.41099549104588,98.32201754561576,107.28698973809193,110.94760868515301,154.02728658433716,164.38594996498486,164.19859603805173,165.4074964319347
5695,189.83333333333334,116.5287232151671,110.54304555137954,111.70017319771567,114.50391195377723,157.8737072769269,161.73940500312563,163.77848463127924,165.1392009981156
5696,189.86666666666667,119.61285830232708,136.82658806616612,122.21937857511514,124.36999841576083,157.15175902467638,162.75221414393965,165.06913353211297,168.09262867325205
5697,189.9,120.42572075929642,110.90771320081214,131.02855268767013,142.52184468812257,154.81787095014076,167.63047928100954,166.9124325010384,173.9877438882433
5698,189.93333333333334,119.95829735325266,117.81938082599888,136.16956570581146,144.6861547240247,154.78208374934763,165.97947036780397,166.6156148724044,172.63585124165127
5699,189.96666666666667,126.41345737248852,130.54610482184503,142.53734132345022,152.8320731461425,158.8464620144982,156.99161948236835,163.65979188786932,164.66691961068847
5700,190.0,129.48620207111733,125.11643733493241,146.63255907316673,154.51384637415362,159.93722520658167,154.0595236638731,161.796536592149,160.77702702800698
5701,190.03333333333333,130.1510127837597,127.8269959878372,149.70067701961355,152.52335441618632,158.57310222697612,151.66355973933423,162.34697770550207,157.9215027731055
5702,190.06666666666666,128.9457136104401,127.38862851258337,153.8606067550529,153.8433070827233,159.94597175208844,146.1661424878548,161.91160154895545,153.8906701858916
5703,190.1,133.48362347054896,126.78544780126796,156.19087343996694,154.87737629077193,156.6763210399475,147.6910745050069,161.91686330562922,155.00227900949977
5704,190.13333333333333,129.6740313265211,131.90034926420833,156.3373217157093,154.6850957205952,154.51620215844383,143.93891775472522,162.20991732964157,149.75534567737458
5705,190.16666666666666,136.64558416433442,134.7124079987078,162.844765483935,153.5849977067893,158.96209879212233,135.30122769481946,163.14477660028052,141.7236759059321
5706,190.2,134.39760331213853,136.62457397147818,160.73216310015385,154.2733134466798,161.23538432765477,132.37610930620582,160.75322983794914,137.8637967605964
5707,190.23333333333332,136.53976709501077,137.03582542460276,162.57831328928515,154.7470922648362,160.0224908528695,133.3484699376677,160.7378541261723,137.98582796576517
5708,190.26666666666668,140.05698576332057,134.16657448779333,165.38137405554707,153.2655901036115,160.3194272415163,128.52448292055627,158.57727227952063,134.7805862647772
5709,190.3,140.0222476160102,134.98532592218416,165.60674989120378,153.37768405009876,160.57712891173395,131.90585268624176,159.25645487078626,136.3068520719079
5710,190.33333333333334,139.93257584493423,136.3292992110032,165.51472655366902,152.89703664254063,163.26202205344373,128.025040239215,156.52989193653517,133.19274040538056
5711,190.36666666666667,139.55640771057017,136.11525311892535,165.96851299949412,152.8744299838886,163.77750234437832,127.95961377208629,155.9681109898258,133.93720258583716
5712,190.4,140.89814990532577,137.18547184387464,164.45299035089485,155.30018782838715,166.5235266039636,128.5055370819492,156.7596617270896,128.67346454164147
5713,190.43333333333334,141.00767345664397,135.6894343549962,164.68561391875667,154.70950062384946,166.2902145076208,125.36806329173146,156.49582055873807,130.3400415599848
5714,190.46666666666667,137.72111366798808,133.51516318302532,164.0732781152641,157.24021082068074,167.07493821082133,126.68174841684996,156.32930121505817,133.16589059844918
5715,190.5,139.23097287566267,133.93030753528794,162.19849134503863,155.92147977432504,163.89228888791462,127.17665654868394,157.07069904054273,133.01602508127715
5716,190.53333333333333,136.0035383310053,131.28548256547134,161.65500648466033,156.32858508780427,159.04514963742184,137.07361379266496,161.7469493736889,138.48331982271816
5717,190.56666666666666,136.83294556285762,131.13680363730106,160.1394519860068,159.2293436995517,162.84688999276528,134.83262736349744,159.98030311700396,135.96648053865337
5718,190.6,129.41799784202544,126.27641018913434,156.61767025634998,157.41793958075866,151.27458088187691,140.8012571985687,164.35003660829685,136.39520851816553
5719,190.63333333333333,128.6780828683743,118.34021997541706,145.55799722711515,157.05397987751596,148.33740802368828,144.4775584921197,165.1392301027815,142.0416948382279
5720,190.66666666666666,130.79359677614988,104.2775959029001,139.50391829130393,158.70528094493562,150.1895991338382,151.67889563398617,164.25418353150312,151.39328543110625
5721,190.7,122.6319417822595,91.42201157971836,132.37603892229333,158.8402810995803,148.9581209920247,156.6608554693153,165.07357954503718,154.11014248242947
5722,190.73333333333332,120.31855633075808,92.5589376456318,120.48090555430424,149.58848046697585,150.6263457635139,159.24560599155745,166.79155238098258,160.7964523205428
5723,190.76666666666668,82.53549826043262,109.8604947103913,99.75100304191123,106.66283514989104,147.8500757642568,156.154170765761,167.85010761721975,156.6129516405816
5724,190.8,116.28243208760804,125.87407975818957,64.53982982100794,96.72039633685205,147.1674753035178,159.41919360517284,167.74350563585682,152.17084445329496
5725,190.83333333333334,126.37471890958969,124.39888860923202,52.642461462206505,82.80571276902174,155.7939278824831,169.08821873686662,156.57842128448615,152.9678757665625
5726,190.86666666666667,111.35014366491333,115.02492352793426,33.62882313402246,77.52791265642479,153.50657615918908,169.51010299468703,158.46987458501872,154.36478070088435
5727,190.9,103.50013742244487,113.11065585418424,18.184257181910464,70.11339349184315,158.53245549142645,172.16748964205507,153.13557563765474,155.07442802656348
5728,190.93333333333334,88.74405549757175,110.574233470457,17.655328152200855,64.00339455744785,161.9245496297057,169.75714296537527,150.9137940724299,154.23085379982854
5729,190.96666666666667,74.0614289545312,109.83513814851153,28.952528911670747,59.9196753179533,171.39549752596807,165.29676261773804,138.50775971356643,149.0554029076907
5730,191.0,79.15835225469883,113.28605163786696,29.917738516701224,54.69483215035664,172.98101323451792,164.44022014590416,130.08305994778846,143.80315903832604
5731,191.03333333333333,84.6255673911663,122.10113632254921,22.128647460451578,55.94476306086011,164.8164078564457,161.42113978238055,124.30204299816873,141.4928581548123
5732,191.06666666666666,99.16025547716157,116.48841955690567,6.421188703920741,42.26521039345798,163.5367782382936,156.52882663289157,127.66034595795153,136.700277904854
5733,191.1,105.12647951409042,126.18917645594283,9.62127882059042,20.50273118109429,166.5242203238362,160.89231988116302,128.28044275911236,138.10168948839512
5734,191.13333333333333,108.18631356421683,128.8547116979314,8.785588886437955,15.130649323057787,162.3367214749224,159.90944396181672,127.3968706385387,137.91930833138315
5735,191.16666666666666,109.82927216294438,134.3199311421716,5.862450831276331,18.381913005986526,165.16278724148037,152.9158099697201,131.19249266918797,131.42875404019546
5736,191.2,109.7283958791618,131.20304785896118,5.502280142665596,16.723712581909382,163.81333295413518,150.87798864342713,131.36725099519938,129.780529708684
5737,191.23333333333332,109.47655749597568,128.69522414467818,6.083723060766161,16.19600278154475,161.97022272353698,144.8631643181737,131.58807416589718,125.50672594077045
5738,191.26666666666668,111.06383260069167,120.79380418501891,9.555146345621791,14.576791865680955,158.8756012411446,144.33352262949361,127.81947389764832,124.30538062435937
5739,191.3,111.06297922451606,123.04781363421424,8.99093494201356,15.37818542872123,160.8886102236844,144.49753974479822,130.48371221089337,125.73448960682565
5740,191.33333333333334,113.91175499361538,122.64616345271025,10.131333300986732,16.23993927698,161.38205060030367,145.1967531214443,131.41301295186398,125.98303193786772
5741,191.36666666666667,112.85154425449228,117.3427295479421,8.637835053299442,14.720400385956019,161.94420953803782,147.69333590225352,130.63057860800532,128.03972013992583
5742,191.4,114.2158453222541,117.88501709220816,10.348012326291016,14.678468308447856,160.3505660579161,149.4508087641686,130.4015015801122,129.5134805384471
5743,191.43333333333334,115.61542819314668,117.66205550330969,11.395759034268721,15.092174640238289,163.71620662823116,148.70586778138576,134.12485980479826,128.81893659779377
5744,191.46666666666667,115.16789920552729,115.35177463754172,9.448740331676248,14.570043116784788,166.87615260731076,150.76256981395863,135.86958004376314,129.99901392677418
5745,191.5,115.16093969047755,114.62920532048504,10.031679544316459,14.532443536511526,167.79954411054854,152.47060893169007,137.0864824652504,131.55011149756257
5746,191.53333333333333,117.46575243504967,112.57832623547789,11.475241151676235,14.614578623412942,168.57373271070745,153.57574558604028,138.81857529732756,132.3881627239034
5747,191.56666666666666,116.65229538516094,112.24461082249286,11.500534341759304,14.54662153038682,169.71636476685825,152.9088011244193,140.54064966117843,130.0451489909954
5748,191.6,115.11170413383324,112.13640230078532,13.033580134787666,14.126914795118653,165.39307058920193,152.235856241889,138.12327796786656,135.7881643289822
5749,191.63333333333333,113.29076219780228,112.13001034050987,14.054730871060517,13.653642704672627,163.21804987316366,149.82403859392215,137.818808727603,135.03236116768508
5750,191.66666666666666,110.39615025451778,111.22929158179606,14.197237090963885,13.477330034280355,166.72326022413358,143.37751393407555,140.6946695136073,130.4031407902844
5751,191.7,107.82236845732005,111.91437917030986,16.33976312416193,13.305009186071464,170.31518316322612,145.565321877659,142.03176687414933,130.37555732818748
5752,191.73333333333332,107.0942915529845,111.48827058411767,17.322050428536045,13.701134402775345,173.08115547171488,149.45532984928383,142.4319991727629,132.9294138981252
5753,191.76666666666668,108.47939386045849,113.07512448253522,18.309860917740032,12.429065892017913,172.54601421017688,152.83501658612528,142.79190835086692,136.71731722066227
5754,191.8,109.3084120124584,112.64734373664399,18.77902735615289,11.742679847727986,174.40288431139797,150.08381933068807,145.07711842973464,134.35092690881606
5755,191.83333333333334,109.1813130156789,112.99529159259735,18.908628565401173,11.27143073249383,173.27546851885717,148.71899956045428,143.8249306526906,132.37127844282287
5756,191.86666666666667,109.71389895502851,114.462087843787,18.762217842314755,10.431192086907261,173.07347533931724,148.4796321487542,143.85470135233777,132.01995338742574
5757,191.9,109.19627461164562,113.35460628678574,17.725908854489713,10.104839541069746,169.41205675011514,142.97036400860944,143.25519675466566,130.6281652534268
5758,191.93333333333334,108.91566088357314,112.858594731415,17.87013037450244,10.556505756118282,167.13751052060516,143.76599784833263,143.1741092359343,132.41866528885475
5759,191.96666666666667,109.04895547037745,114.36886832134554,18.028917246871995,11.183544987352679,165.25225732389038,152.38146105708026,141.98788011283727,139.40135681772276
5760,192.0,110.35534453670856,117.02887860294814,18.052243103672424,12.181568431716277,164.6718333909733,155.7304517181772,141.46557222166618,140.43628925286808
5761,192.03333333333333,113.04221554195286,114.58469736902877,16.544355977954094,12.387247053025888,162.78562078583096,152.5800252632204,139.6159892169205,137.53743476059043
5762,192.06666666666666,117.0765208646443,115.05128244022052,17.08548575401597,13.247021035958216,162.58008466772264,153.1641604599588,137.73745401809745,135.43278081303652
5763,192.1,117.61250456239574,113.89125903562913,17.9169503202264,14.757277584815702,158.81029758316106,149.59069651922627,136.9647905302034,133.4072012293166
5764,192.13333333333333,116.56948230874686,112.90332976124549,17.268721782481244,15.795162776572534,153.6439911667516,145.15981407137548,134.89156918077998,132.6335470861374
5765,192.16666666666666,116.41021580570192,113.99685498796393,18.625100179949218,20.45553999003056,145.95551508257913,142.50415506058033,134.2589357031722,136.03351434334095
5766,192.2,115.76895954813085,112.43787394488434,17.99423731954668,20.24227584632443,142.29336258388767,140.36715206329697,131.6453513781616,134.56927698732358
5767,192.23333333333332,115.62291384038825,111.77690637004267,17.77806072998674,20.2740418579205,141.15951530838223,141.22188446669645,131.08107210380473,136.13911612906475
