frame,time_seconds,left_elbow,right_elbow,left_shoulder,right_shoulder,left_hip,right_hip,left_knee,right_knee
0,0.0,102.11380388261796,136.32693643627383,75.7007895778687,94.86887849226342,157.84210996457773,153.67258138123637,144.4358590267054,149.55657857032594
1,0.03333333333333333,109.21162493853151,126.86632289900956,78.29653296673862,90.82202185964394,157.89361914658053,153.13127038536788,146.48030645350735,150.8018752377962
2,0.06666666666666667,108.3772480182271,117.5155204057064,77.36755946985494,86.24951230218693,154.38521745858034,154.53564113766586,145.93327887878138,154.19776641763394
3,0.1,106.7698163671466,116.90449190184623,75.57162254155126,85.9066625134633,152.22008051523352,154.94109458710554,144.76499762568918,155.12889009346878
4,0.13333333333333333,107.79440974186781,117.02327979541234,76.69502138803212,85.87763503701395,153.28545450265784,154.31956898283036,145.08319327646015,154.43544185828605
5,0.16666666666666666,107.3958652765699,116.20021437591299,76.09174674057836,85.36237749360829,152.8647365229606,154.71762045872651,144.78518181866718,154.85928659275154
6,0.2,106.6949582188232,116.81799940508289,75.54618712425389,85.65976499441469,153.51576579239924,153.71394530926628,144.9082698980741,154.46413000565326
7,0.23333333333333334,107.49492918735123,116.30998479100464,76.16917193624917,85.47629928689744,153.6427282814469,153.4282682099769,144.526064250961,154.2312001523721
8,0.26666666666666666,107.64235337389718,116.95299329508853,75.49768982898341,85.52156308637664,152.14419812471442,154.2404655736104,145.38702698144706,155.0821093450255
9,0.3,105.16521677016512,118.46165660503083,74.22073709311756,86.51173804720169,152.21671902238882,154.52276603034454,144.90143580518588,154.904418373892
10,0.3333333333333333,107.59345926646714,119.45731162142908,75.65973487490322,87.12194564826281,153.5027169328322,154.73314654696398,144.8267263065786,154.6677555733306
11,0.36666666666666664,107.88226767586627,120.39456306715545,75.65654987289429,87.3778913043131,154.5471528900443,153.1668278952132,146.39725240446782,154.0569769456171
12,0.4,107.8547516270416,119.86502374161967,75.93585958148826,87.07972518842413,154.07730269645103,152.9276347330627,145.55836405986685,153.75202571959917
13,0.43333333333333335,107.24769935215603,119.94876082281739,75.74723814792128,87.31642475352005,153.16346556394637,154.5020617816027,145.3614831937361,154.26970734826565
14,0.4666666666666667,107.52144044693642,119.93235758093375,75.73470689903516,87.31059891086203,153.47091212831768,154.2042922966083,145.35526265330654,154.14058777861874
15,0.5,107.3180793816525,119.80289240674838,75.48996964539722,87.2792299690875,153.5587398156582,154.01967072047728,145.3830775821477,153.83566375791352
16,0.5333333333333333,107.00888223650244,119.72889544659739,75.36047136555288,87.28784485890098,153.02343825297248,154.64344422451018,145.4614552642437,154.30656367834513
17,0.5666666666666667,107.14213693200503,120.09799121613267,75.22878895676271,87.33686195373525,155.54970372253945,154.21920776672073,146.8135393615358,153.9642381636133
18,0.6,106.54897765733426,120.24080528889482,74.9905612417747,87.3199464739909,154.24528803033922,154.37189866089608,145.95874459297443,154.1591876475692
19,0.6333333333333333,106.58824664970464,120.02500234363033,74.94792093362086,87.15257692220445,154.41463471370275,154.26701739075003,146.636179119456,154.84358036203687
20,0.6666666666666666,106.96976526331744,119.75704900331947,75.21591009109963,87.11610222906124,153.38573989964803,154.15245940021074,146.30477732916222,154.96660197698944
21,0.7,106.1700519104178,118.71104042474133,74.58307418102405,86.54392232071548,152.09387144639257,154.02048666858076,148.75672277654508,155.83750643482787
22,0.7333333333333333,105.28642141937132,118.16356861346341,73.79730778575086,85.84642080072341,151.48527562690452,154.2769168297276,148.31855923771172,157.14007966405754
23,0.7666666666666667,106.7844911515327,118.34822308603435,74.73163590634206,86.41569681479864,151.64512948109882,154.57967516135562,147.41168764763117,156.88280430109182
24,0.8,106.98574148442377,118.40541359205966,74.65313521498283,86.43309005650184,151.874758325113,154.84869646687315,147.4912265662843,156.78392753628265
25,0.8333333333333334,107.34624021837182,119.211375455999,75.01935909174728,86.57173665268348,153.5620380633592,153.83001166139917,146.83289155007685,155.7571449228653
26,0.8666666666666667,107.40237090593438,118.67237165101133,74.65579104069408,86.19140086205276,153.88412189820588,153.9832254717,147.82434829287035,155.77541136452777
27,0.9,106.98427536864591,119.26895304730161,74.73045523860769,86.6279242786687,153.88974377386737,153.92888726970526,146.8899333443796,155.2973372650451
28,0.9333333333333333,107.24261438768899,119.51436677651263,74.79657974712943,86.66866885360513,155.16592894464733,154.22932618364553,148.2276682468555,155.24682386534298
29,0.9666666666666667,108.44347376089493,120.12155364014964,75.70833257775993,86.95683845877119,155.15205504234683,154.12608419105908,147.49470988668105,154.7402232119715
30,1.0,108.31477057399952,120.80192730609402,75.59420679615674,87.19241208943058,159.34083620112187,151.75392507811335,150.12893208240138,152.0957308282269
31,1.0333333333333334,109.2052483853576,122.10829824099564,75.97283924415215,87.72382491964076,159.1782002826971,152.80498434953006,149.77819291255403,152.95119290640332
32,1.0666666666666667,109.41079019799758,122.56847986482424,76.2922284681111,88.10482535038668,158.52266697899722,152.91006893105813,150.56611177821028,153.06861702771255
33,1.1,109.58145168279938,121.94611237971985,76.00000509253972,87.45979163898423,158.03713364027783,153.03143249619868,150.6498800724006,153.31252968647652
34,1.1333333333333333,109.03926744920153,122.33021383638298,75.6898988745415,87.67136915495009,158.67848955531272,151.44961264988856,151.64468161072742,152.5315436023304
35,1.1666666666666667,108.51615537994125,121.77883178051529,75.1840621934593,87.44796018453225,158.30953221117272,151.63017114194346,151.0999712256157,152.23473925415834
36,1.2,107.78956006777435,120.63749497614168,74.83819353408828,87.22723457627436,156.41020105406682,153.36539671846683,150.4102740080557,154.23752108989808
37,1.2333333333333334,108.88000214155848,119.93848164910742,75.33337857290728,87.2712717913272,156.51093895568172,152.89400740775736,150.2825373270621,153.62936449844756
38,1.2666666666666666,108.54505649986183,119.74580092119338,75.17767513580489,87.13095874290042,156.64800237658875,151.99692459351485,150.5323166389497,153.53135144449442
39,1.3,108.226546747951,120.51794133530142,75.22114843924062,87.89631669461032,157.92647556667566,152.507074187996,150.89745063387156,153.37159809982813
40,1.3333333333333333,107.7541905222636,120.70316643115103,74.93328964475718,87.97005623458455,155.73780409658022,152.2590247082983,149.56864877569257,153.22022452066943
41,1.3666666666666667,106.03431153968772,120.6764013709224,73.63506027424226,88.13672739459135,157.25853263460465,149.19578347828465,150.24143807382285,151.32064443110852
42,1.4,106.77815829639023,121.87512732104025,73.95597528014984,89.03014211809958,156.95664225973277,149.28784893713555,149.20134755350858,150.18461011870951
43,1.4333333333333333,106.31172668808469,120.33385430615446,74.05372638408838,88.0262654108434,156.39873857786043,150.85219000184287,149.5819934855147,151.37610190017423
44,1.4666666666666666,106.03561518492167,120.0199506749839,74.08561847912718,88.01744069499821,155.65405804393833,151.2551257764052,148.72669592543048,152.23332023083128
45,1.5,106.20213731090223,120.33541077849145,74.12874797686528,88.25703491272093,155.11953697563328,152.7555605528231,148.67493641241785,153.678726705661
46,1.5333333333333334,105.43517577074667,119.76223471841347,73.77999080425585,88.20085880430658,156.33350118421845,152.64420416189492,149.98782190894704,153.68791701058757
47,1.5666666666666667,105.23418130176186,119.67609910795086,73.6282638654982,88.29176575375949,155.09555999304473,153.29298721361076,148.93913712924999,154.89553590135927
48,1.6,105.32229111419217,119.51314743785449,73.68308650495804,88.44462364929844,155.4871740338503,153.70672596891782,148.96238174015,154.94298982403254
49,1.6333333333333333,106.8274134711043,120.11964039677397,74.73743272351635,88.73192743819108,155.2899634605537,154.73221360308023,147.6867393203873,153.85383651972248
50,1.6666666666666667,107.99751041594169,119.76141112355894,75.33613321459084,88.78039599115317,155.41880579321418,154.53766418446244,147.6525374658455,153.53602699773796
51,1.7,106.35598548937875,120.01806719890713,74.58435735841412,88.91247110739953,153.7156366396671,155.8822730962863,146.80188417574294,154.5935781380715
52,1.7333333333333334,106.22837382344984,118.78075744926105,74.5064664637952,88.30232626090988,154.121787556184,155.78668351747947,146.74480386217425,154.60596044480312
53,1.7666666666666666,105.98743836738647,119.04971122595734,74.32565067200399,88.43468322834936,152.51350445194217,155.7458027955851,145.80540738594777,154.70729014341492
54,1.8,106.00847355922555,119.33202498617779,73.95940757155222,88.49714966604489,153.26885918281607,155.8155025988705,147.12521707891946,155.10877531973708
55,1.8333333333333333,106.03305355325351,119.11814007640152,73.89289176904896,87.91666504756003,153.89914910387589,155.47089699033998,148.30707352903747,155.32631741433093
56,1.8666666666666667,104.79854898363499,119.18325572213249,73.08083472195939,87.89951987600293,154.7788311772307,155.73951226051162,149.34396122377828,155.24200029329307
57,1.9,106.36916104955596,119.18013650169105,73.94482770460424,87.83465074726915,155.83739276599485,155.81028623603896,147.9876410338522,154.25642230786164
58,1.9333333333333333,106.83614762381065,120.02584576780592,74.21768297544395,88.52268566407473,156.15873729307313,155.41254348744297,148.07741850466743,154.33403517756702
59,1.9666666666666666,106.68819093163657,120.55041431470703,74.13122389017127,88.73940302456073,156.8415894358099,154.50432066189958,148.71318848615874,153.82917719337502
60,2.0,106.60951874184971,121.02170170841542,74.0711597856887,88.78144496561603,156.64875338675668,154.2725502659024,148.93713355767,154.1035125085693
61,2.033333333333333,106.20316596964433,120.50522278232572,73.83844337536037,88.3944649576138,155.49236440430687,154.01038684856604,149.10471715929313,154.04362465057477
62,2.066666666666667,107.0051237222878,120.62666888965354,73.76635334478124,88.52577769010745,155.13408456074706,154.92048555334287,148.24753491793584,153.97545934301914
63,2.1,107.48149613523506,119.41931360864118,74.14839581166241,87.92164431080549,156.30931834209727,155.23081814434983,147.1017450621223,153.2424762642031
64,2.1333333333333333,105.76782152838958,118.86452192024915,72.82429197283238,86.9121497683619,156.69175256010521,152.61601666993718,148.20819229291592,152.49317981339465
65,2.1666666666666665,105.76149268566431,118.08893778824235,73.34098000500214,87.0325994431807,158.63640696549467,151.62062845259362,149.0479571931506,150.67217353032538
66,2.2,106.63196974425,119.16548899202196,73.83146320619072,87.81042553703732,159.0258518494848,154.64405091804562,149.8458701815523,151.58593866963272
67,2.2333333333333334,106.43949431010164,119.10504309624258,73.54958127478065,87.39942165374327,158.06946521662175,156.4815771655674,149.07675108776795,153.44954501591258
68,2.2666666666666666,107.38819156991578,118.48993341136622,73.95210402987307,86.85664124292639,157.34744932200303,155.44147096421977,148.2696795849033,152.2527752529052
69,2.3,107.60716866483963,118.1183956230944,73.49086748366214,85.5549182184306,157.05761874486458,156.02831825545127,148.90904403617398,153.91591094497795
70,2.3333333333333335,107.73006437794952,115.35836273000665,71.91487768268297,81.47315667829855,154.4026727733584,154.46818973373044,147.6549794932958,154.2130323725883
71,2.3666666666666667,108.75080463647261,114.55420499980019,68.87570455653241,76.99947558591394,154.65259737073498,154.93440072823182,147.71146721323174,154.78621958264765
72,2.4,107.12928702616587,111.89484406792907,65.63045232778322,72.81971882482864,153.42901925687042,154.6052710105252,145.9061871009213,153.84043437605905
73,2.433333333333333,106.7811940582884,110.63038336739466,61.78261062984206,68.97032406023291,154.8319674200303,156.02687810083575,146.12169729440933,154.01976639820742
74,2.466666666666667,107.34486108249509,112.66025581186665,57.05687806606556,66.6027885695948,152.41021436291018,155.64009445771785,144.84901619356856,153.78666934315348
75,2.5,104.2930785177269,111.52034075970082,53.550169299600256,63.354051890020955,153.03036675750292,155.34782103591354,145.13148646663979,153.51571716313146
76,2.533333333333333,102.92813235973976,109.81521091860307,50.24465972081382,60.65959775439274,154.2019412410304,156.44917570931943,145.06055807312757,152.93901836517236
77,2.566666666666667,102.63520232582147,109.84552086451802,47.11460780613866,57.907804140659934,156.2829552215764,157.99814040917414,145.57386636981764,152.84244022204695
78,2.6,102.5629725755611,107.00671701685184,44.6232491994406,54.13665307375873,160.62468233227878,158.53169594899512,146.2217524237286,151.4912162292531
79,2.6333333333333333,104.13886314436598,111.81533105942691,42.5243425097317,51.36573163175044,160.65398108007577,158.1277208412141,146.53048925166988,153.32123164710072
80,2.6666666666666665,107.58858562849129,110.1844215499585,40.984395460124254,47.44003118085558,160.78607100164848,159.5557091165827,146.48892271223554,153.63316177360988
81,2.7,109.53638373334107,110.47387988155495,38.75090508677051,43.22597211015592,161.2444890656082,156.88407987450077,145.4163677383294,150.50452652854167
82,2.7333333333333334,109.62937161610715,110.85191412264236,36.08437891262008,40.5222669792102,161.13136725874702,155.98436271288824,145.77876500131674,149.2730664935433
83,2.7666666666666666,108.7824331264094,117.14976283815302,33.04150339917621,38.86326347652212,160.33619015144598,151.32256769212705,145.43139561448817,145.2403835245366
84,2.8,101.91481632114511,114.39022403622303,29.508832476495986,35.37744253083221,156.59280638418983,148.2234384768558,144.55959121292685,142.99342166120888
85,2.8333333333333335,103.07537607252539,114.34891429320375,26.416814666495654,33.603017984360655,158.43188711470603,146.3976101033143,144.08663543454682,142.78246368853132
86,2.8666666666666667,105.57333103589947,106.8897275609837,22.011995266459323,28.060043938838902,153.37201565926856,146.94516891801072,136.87141014484249,143.27733173604904
87,2.9,105.85893971403326,108.22535109625005,19.385285634020132,26.38099612372093,153.28986048668443,146.28287193285743,137.7718128816211,141.0896016127346
88,2.933333333333333,107.13063676301275,105.61683918619032,18.210640580611507,22.195295899032285,151.97085957753538,146.42198232399633,136.02903851423306,140.034405769816
89,2.966666666666667,106.59934674952125,108.20062899107452,15.613630971745087,20.05049878210716,154.62922177349947,148.6915187318542,137.17449886033228,139.56267902218667
90,3.0,108.02311369790715,110.84474073445845,14.552226897450018,19.34581034292542,154.45568860573633,149.1991424226579,136.8547642377301,139.6086341960562
91,3.033333333333333,106.84598051440004,110.0451163646661,13.953650912628898,17.268729003703772,151.54612307760678,145.14885004642358,137.5762234374488,138.72453203334697
92,3.066666666666667,108.70626820206273,113.37944791443167,13.015467494854326,16.53868623974183,148.98964260655035,149.64057063010756,133.88236186000813,139.8060738267893
93,3.1,108.35448192082313,115.19572178045192,12.427072078602581,16.09908353542101,150.13462971430866,149.12220645151461,134.0706122805598,140.71571595342488
94,3.1333333333333333,109.2750520138521,115.69115165434958,12.004104130338893,14.550373367407184,149.76394522730698,149.99650517090296,135.94066163169717,141.33072107962158
95,3.1666666666666665,111.95147859413706,116.68794200361432,12.667473843879057,14.474878004608888,149.79418735970017,149.1344605861782,134.52128660285504,141.9018223449133
96,3.2,111.46351015095728,118.37535354706111,12.858094798139666,12.986525926176418,153.29805115419833,152.06353195062127,137.06068299816138,143.81895160395976
97,3.2333333333333334,112.86518095142495,120.28029443670043,12.211665547759543,13.368829874888497,155.48080328659944,152.56933627931963,139.63376091514735,143.24147010187397
98,3.2666666666666666,113.55481404457758,119.86317382337045,11.079226779848646,11.812029514978835,164.11765971653563,160.42155491241198,139.8833843338345,142.0751816132432
99,3.3,113.42417109901243,119.74625688837725,11.269500302451435,10.823394775336027,162.0859702612224,160.69700767832842,138.73373375158693,141.3619602929904
100,3.3333333333333335,109.4978644515164,121.13821312180515,11.22894197439337,10.671899189464536,164.69804784162585,158.41585347836053,139.66230198521941,139.5359602968329
101,3.3666666666666667,112.4186714909012,122.20488550975908,11.468582086878154,10.083620945926956,164.44053944197773,158.95220142726615,140.56225978372126,139.74003870839803
102,3.4,114.73069991234335,117.35937784256332,12.093504934160968,9.399633953727548,163.74771159892072,157.44317897480045,141.095895350611,139.6104290669825
103,3.433333333333333,114.74500291157167,119.26928088606186,12.156676291654628,9.465211244430972,163.08516384078683,156.062650948369,141.2019539947295,139.35567365466042
104,3.466666666666667,114.48537291255901,121.59650521836278,11.623820000680483,9.86041484572468,163.81429864327743,154.57404783972706,141.70933030451118,137.84917863348343
105,3.5,114.00602034263864,121.48098851285097,11.297071521441623,9.815056210884297,163.41754853061602,153.88741660431447,141.8536793486871,137.4701840887347
106,3.533333333333333,115.24130487105917,121.43772165735875,11.91169547614527,10.050744848528748,162.33454950868327,153.63681774615395,141.89117637319575,137.5346516127514
107,3.566666666666667,114.35222401160694,124.29564982186493,12.341402321428092,12.824916245701399,160.4790755875101,151.23334286900584,141.11752669428236,137.0835932959035
108,3.6,114.07768643554225,124.41959531524556,12.303951196706166,12.909152101003404,161.65769933897448,152.09414488036117,141.10270279815035,137.03566302690695
109,3.6333333333333333,113.19679451831618,124.14541037760856,11.553116121319473,12.365661805389268,157.98173469755497,154.51764006304373,139.14617562453847,139.58010058729553
110,3.6666666666666665,113.49499598082029,123.89753458489143,12.139653836207847,12.718247549279402,158.03036038742428,155.14910193008723,139.18716073468076,139.68212180080536
111,3.7,112.95431074165501,123.55823704237459,11.66555953507247,12.83677538307295,159.1133714991947,155.93702195192813,138.8287349229467,139.94455169349533
112,3.7333333333333334,112.73424956035065,122.92273043824923,11.524381741924671,12.919123012603205,160.22973165607453,157.7586650674264,139.10279981460636,140.97899883029038
113,3.7666666666666666,112.88734681624716,121.08712978224457,11.560297841900296,12.689167696039904,160.91269449282447,158.85965944746468,139.11939502193692,141.12518255022874
114,3.8,113.84719717958117,120.52253198522146,11.724515176099484,12.6836296155721,161.66663618028534,160.81569184830326,139.07116907937478,141.64542910131848
115,3.8333333333333335,112.69781297662408,119.7656937636951,11.500548427770791,12.717313511200608,160.7299558758312,160.04383938666663,138.97745600470898,141.89542806890373
116,3.8666666666666667,113.3892159976088,119.61334288357229,12.195476898638299,12.85922689957198,159.91067475883477,159.81606553068707,138.7508808704527,142.0622290509928
117,3.9,113.49821756333817,120.00008944666655,12.332426361790175,12.805121027417318,160.5321691419712,159.84676417941435,138.23427766317522,141.2878090240037
118,3.933333333333333,113.86825341954138,119.80370847380011,13.179120013521297,13.278547930726202,159.592465829212,159.02647314090893,138.1884232102266,140.35657332736406
119,3.966666666666667,114.43023605310246,119.41338869760023,13.718817519568216,13.365147024259453,161.03751767012034,159.62680452432357,139.12643389911668,140.23072592419913
120,4.0,116.1507649671478,119.81742877747507,13.977555804670448,13.352389716556921,161.95294178546283,161.31994275778115,138.63418596526145,140.2927356474463
121,4.033333333333333,114.34110984715477,118.80894803125595,13.102622568631563,12.880245438151748,163.46353307031845,161.763711864791,138.4870809011589,140.5276709657201
122,4.066666666666666,114.86989710900214,119.39526465625677,13.151649120567951,12.999192320110458,166.8431137769602,162.05223305848497,141.3537323593009,140.65196829751312
123,4.1,114.9073255333683,119.9180029492419,12.387937693712528,12.967272878978656,162.0592540674549,161.367176405455,137.8515110162322,140.2209636721291
124,4.133333333333334,115.20551035263274,120.39103691498168,11.316814966605827,12.82066871834997,163.9696476566373,161.69674821598514,138.50111304672558,140.27859190507337
125,4.166666666666667,118.5329503022834,120.19405253789164,12.101117707462596,12.596660980192036,164.35747577456212,161.93534458535365,137.78459491978037,139.58339604273914
126,4.2,119.07985756718358,120.00805375779649,12.947062609286352,12.638773941006221,162.79715850321932,162.54551726699881,136.99285671732702,139.0198600174316
127,4.233333333333333,118.43994551022064,120.14079735453556,12.43375432520887,12.272857352434272,163.86709764000625,162.80091593655854,137.41507999775862,139.0563784225034
128,4.266666666666667,118.08510099810235,120.00889166507788,12.375888302165503,12.17319200494437,164.49926630894475,162.81175683483696,137.6077873528278,138.9091336413088
129,4.3,118.38315503878961,118.84517285423905,12.235502292160794,11.982769783006669,164.42882246905617,163.37148651950656,137.08121484485494,138.68399685315484
130,4.333333333333333,118.51463753171788,119.97082822697368,11.527089127392038,12.165627992301511,167.5732941801224,163.84885152291724,138.4781584449835,138.53230188257788
131,4.366666666666666,118.36605090782682,119.58261909284694,12.681660908771004,12.58438849796709,167.89776836775158,161.81848570679844,137.78212351335125,136.90937455270696
132,4.4,117.99220453421141,119.6518595445544,12.612011704628886,12.685527005784039,168.6900327995607,161.60076350127935,139.50342044008414,136.72870270138216
133,4.433333333333334,117.04844008582043,119.70104117635769,12.850946941962276,12.923235747034559,169.06198089019756,161.44911362277787,139.70789510126826,136.43947735397006
134,4.466666666666667,117.30580050535484,120.38684551711759,13.75976596951655,13.398300951985602,169.02575294779558,161.05764580896962,139.77734449710223,136.01159969366486
135,4.5,116.84124713578679,119.89476544795443,13.809683316500546,13.223856336443774,168.16461933155114,158.65743268188376,139.196225836039,133.54576528874782
136,4.533333333333333,116.3431103124155,119.4684944793079,14.282170960507312,13.397896542579987,167.67438797385057,158.8807507105127,138.80882216212353,133.62543607910604
137,4.566666666666666,117.02211329441228,119.80038151688959,14.43472654321902,13.67505095160684,167.0495627199974,158.3324623739484,138.59426125249385,133.19357471609
138,4.6,114.8977822546055,120.21190002030943,12.074492782579823,13.525905971487665,166.70766635460112,156.01757195650328,138.71831410979604,132.31715550088305
139,4.633333333333334,112.88310446397037,120.24761186296239,10.742365107760701,13.498814776668763,166.6263203140218,153.45914776432002,139.2399169090404,131.53827862006193
140,4.666666666666667,109.23843157276269,120.28146931812394,10.042361449216582,13.678109368668236,159.95009385987723,153.8710016857234,138.10336735077794,133.45486982827066
141,4.7,109.05674429792735,120.67390061950603,10.278577711118961,14.283614145499248,156.80083814677204,153.6898735747193,135.31068810866802,134.2574170493737
142,4.733333333333333,113.63395596982468,121.79691079294643,12.222646080154757,14.63677009271475,153.04225128024459,153.29455698519806,132.2780908213424,133.90202933549426
143,4.766666666666667,114.83780047017687,122.88846985067298,13.376221117204608,15.309947182156602,149.72992999292114,150.77612939888508,131.09480212870255,135.6383045336951
144,4.8,114.60576729455613,122.81826930454304,13.81116965275166,15.764037746559852,149.9313413354559,149.30776475728922,130.1210435074449,133.44778844942985
145,4.833333333333333,116.0566538478768,123.34788093299798,15.297877825025514,16.581260254991683,147.83413296663701,146.93403673711865,129.0258671500139,133.05335198001177
146,4.866666666666666,116.31098167735166,123.32370673259379,14.573869948217002,16.625042798376608,147.3779374125988,145.05210218583045,129.429632949329,132.760918734436
147,4.9,116.50502068076183,123.00299648673167,16.24711201431602,17.638035226838557,147.0145308042188,142.9686887726471,129.65472339953013,131.82954699438275
148,4.933333333333334,114.44104109389171,121.29513605633835,14.439021910543028,17.14979227744387,146.8076902846757,134.58929862579848,128.8346468315163,124.47244639538096
149,4.966666666666667,115.93347207193489,123.15266244576036,15.701254137762787,18.10135809431627,145.35527991964125,139.41101141178177,128.15780480702168,127.74871615596894
150,5.0,117.54269761050134,123.3820734503734,16.627218551267386,18.338797973146324,139.84200135173194,140.75155011717084,120.77584336401576,128.2206557093262
151,5.033333333333333,117.07202383974486,123.97443672267894,16.614340638120964,18.92349117203964,137.16533219547642,140.3829761209996,118.89968042301712,127.90358530371667
152,5.066666666666666,116.55170614506795,125.00766677409369,16.529065310126605,19.575204917674256,138.16796312231173,138.78041632220396,117.46138304883019,125.35809150988699
153,5.1,117.3677692134329,122.20569712737247,17.38754601749899,18.635742824745012,137.74768644804436,139.92300497984363,117.8928049853386,123.14347503131067
154,5.133333333333334,117.63778500717093,121.23356139569876,19.39811347938288,18.577633942225024,135.9524850424759,142.25890626533635,118.69706596709169,126.62680436064014
155,5.166666666666667,117.93820219252311,121.34382632824806,21.33340279593078,19.558178626903736,131.94137555584084,145.9823694027974,118.32722780666126,134.48990751878506
156,5.2,114.93101320949337,122.49786393985568,18.77170324418249,20.90290698968452,132.36791325259608,143.59756415521582,118.55725986880877,134.25741303400378
157,5.233333333333333,114.62694504865811,122.20214015441765,19.63445408987324,21.355889088339428,131.07952757440225,142.6735562996885,119.11642692024654,133.737144932941
158,5.266666666666667,113.4323502838774,124.92504517906853,19.013110925563854,22.845024513461468,127.63615499567958,139.91574381661087,118.6807893699057,135.1061945485937
159,5.3,113.76735950284835,124.76127471255369,20.68572108384764,23.05642146393185,125.72643594248431,140.25780167722988,117.2246976158877,135.39234442875377
160,5.333333333333333,113.73128539906234,123.93041766090275,20.627421280625068,22.625860762923615,121.25394741461115,141.0906225828424,112.40775935576468,135.0445509603126
161,5.366666666666666,113.81505921777476,125.08551187966376,21.07962639630895,23.200480881649828,118.88013641344794,140.20154709723536,112.469841084582,135.06116380021655
162,5.4,114.61252976472865,125.36921910769438,21.96466195518045,23.286765349064904,117.88768365838364,140.79013225311016,114.21250760862225,135.0755248083017
163,5.433333333333334,115.647445463285,125.521375814902,24.01577164277608,23.84034400168237,116.55073478442601,140.96103647308425,115.02717896846346,135.322151012317
164,5.466666666666667,115.34709793675997,125.17266898097124,23.52122640466323,23.587217477372914,114.1158469447581,142.1027593430865,112.49406174844044,136.26600912275194
165,5.5,115.70069894442214,125.43790674114746,23.649688737559348,23.852824494030084,110.79857145702246,142.82885103007632,107.6618986904806,136.32224819693135
166,5.533333333333333,115.16102670464545,126.95611128579134,23.137913696906846,24.87395970556207,114.96821458189231,142.5571040636628,110.8316847972171,136.54735054898416
167,5.566666666666666,115.4077327634969,127.59461007268625,23.143891552508723,25.374550514209936,115.55996574321851,142.70748529949313,111.51496118672546,136.510580576839
168,5.6,115.53821386527633,128.14373153555925,23.02678861103576,25.92351662371273,116.45583281449878,142.24811982842476,113.67320567960962,137.34424513159027
169,5.633333333333334,115.48970377775319,127.45329083417909,23.661976135019632,25.89051992838827,116.65778684671686,141.19908634985816,116.139439232247,138.03785623174733
170,5.666666666666667,115.62101407716486,126.3811786504701,24.196057727771983,25.754173457632696,116.98257846651765,142.1002541002265,116.2955897320223,137.99461247004962
171,5.7,116.77410541396532,123.65845237423659,29.58846565431751,24.85253801406757,122.24621156176431,144.21583687669056,116.98938819877485,135.92640433251725
172,5.733333333333333,111.54077399871055,124.85923289696038,24.14729158138775,25.661737756063438,129.50309115330606,147.02595693540255,125.07392909930343,140.10788284060465
173,5.766666666666667,109.93239063120906,127.29116687495107,25.44184670429385,27.645309612392914,132.4733801690634,148.5460919462897,129.0911327439936,142.30576866837384
174,5.8,106.82806644575824,124.92920640068832,27.926851671671308,29.215048016522513,132.58380711291505,148.8429323612441,128.0737469007559,142.12458353352497
175,5.833333333333333,100.10166932309218,122.50091130093548,32.392442224044,30.628907121388416,133.56977313022924,148.72097851763738,127.84548218395614,141.95068345271406
176,5.866666666666666,96.63905991065654,121.48464633908733,36.14170150444981,32.97169970480178,135.52368837896353,150.85895730735666,127.72914503019166,141.8828859931212
177,5.9,85.0510504379259,119.19886393760045,40.71935583902708,34.91652125723799,137.63366368391888,150.68860260715067,125.98831993165217,141.73010205191034
178,5.933333333333334,82.97498875345295,114.49222189668754,45.65082584593361,37.10577878500904,137.52445069880403,150.0961805979701,125.21573698130916,140.60460350491903
179,5.966666666666667,78.04235249188946,108.73555011991462,48.216358739631744,38.251923838767915,132.95527515564154,148.8934403373736,118.84451715584073,140.40855691722098
180,6.0,78.37875751466834,109.94757416905057,51.5858745139484,38.44808841622362,134.83304964173334,149.0973301131836,119.3082202843854,140.10752448795867
181,6.033333333333333,74.51461491845302,107.94151515740504,54.522877992978266,39.12218117985479,136.75679469558153,148.14580151402225,119.33651954292486,138.45176255570985
182,6.066666666666666,75.23167198060584,105.2661524642381,57.4559360594091,40.16775781677352,139.92931064023423,152.04299618162932,118.35879810239103,136.80193916240833
183,6.1,73.37222981263217,104.72829151290051,55.96877521516636,38.59135261945637,139.60709411650203,150.38353309616872,117.0725471339528,137.20135908053913
184,6.133333333333334,73.4774615145717,103.81999386590584,53.940277494404455,38.41164359424566,140.8568781305152,149.95174747030723,117.66396916629539,136.99453696837452
185,6.166666666666667,74.3411509406648,103.2101083882206,52.81238727849551,38.238363141143665,141.12138902783073,148.13865509635374,118.05546942922237,137.20889001486643
186,6.2,74.43450975445435,103.88949276080561,51.779317240169114,38.0492653276514,141.06641085485873,146.3324096062978,119.85163161730313,137.23493655170924
187,6.233333333333333,73.99024778075264,104.11045206072583,51.771060023901455,38.27408462018862,142.71931172358035,146.2516711970536,120.92289014821745,137.47469833702323
188,6.266666666666667,72.74333809043813,104.22454100982152,51.12778242155877,38.66283884977223,142.5214097925581,148.18907500318426,121.814055897626,136.8433273198467
189,6.3,72.66326058250444,104.09682996165135,50.85251306720607,38.87976031773523,144.2285853557309,145.07434662063872,121.28660262020443,133.7426894546181
190,6.333333333333333,77.56915742034444,103.00417819295018,52.67951297754821,38.50378984482654,145.6587896809899,148.47290231799192,121.93974548798582,133.83947695853638
191,6.366666666666666,75.37893465250922,101.65722613943794,53.08130715594231,38.117593964453164,146.74154062222576,149.32722079517492,120.66681247678366,133.88868165600246
192,6.4,75.60647911994505,101.29669747789714,52.43625491650984,37.904875958689026,148.0907151966201,147.13812199929978,123.8079085382196,132.77597983928814
193,6.433333333333334,76.55709455452683,100.6982114971141,52.18440145277965,37.773517725474434,151.0551089805919,145.5585026312633,128.56656240731073,131.31535098553363
194,6.466666666666667,76.11902282144976,99.49645705949587,52.005456433106076,37.1923710501733,153.96515323159664,145.75098115395025,129.6773440783599,130.27781181340137
195,6.5,76.82592731877689,100.95862686150892,51.16917136584533,36.873759743987314,155.80993426195928,142.79305465021116,130.2226814033986,128.0560886717685
196,6.533333333333333,77.0237577808738,99.5289659906114,50.73377682490119,37.30351026827895,159.86546059680592,144.67844644581658,132.91950620958747,128.6417690696896
197,6.566666666666666,78.52123490063319,101.02683422925091,50.02517874843231,37.97558756287415,161.69347143999465,144.3051002763979,133.87216182886436,129.37551454057655
198,6.6,78.5342680937086,100.03819883339823,49.106474925872604,36.615899708225,160.9655234699883,142.66693401975402,133.78358121375317,128.74939005345541
199,6.633333333333334,80.68221038020603,101.20447789970797,48.690172397409654,36.96310837173032,161.02841814791873,145.97324957976363,132.98711149729624,128.6905144074974
200,6.666666666666667,79.5327867934424,100.79912696644807,47.62013380015429,36.39478943087119,160.27022630924333,146.06979950708302,134.41861517155115,129.12394364967872
201,6.7,77.56646953848727,99.38775930289479,48.583052970035716,35.12031735598886,158.87028500826267,151.71414174752053,134.20629612260782,134.03805334049514
202,6.733333333333333,78.28189812031322,98.20960777559621,49.21396085075457,34.79199005918522,157.92106868877408,156.26653182723598,131.10236881521442,136.12053915489534
203,6.766666666666667,78.78198881064237,98.41425463095385,49.94312475515018,34.63826731563257,160.05268642562928,158.36316267146748,131.82561682343822,136.9185065122156
204,6.8,81.02862887592971,97.03899812808416,49.879843647942806,34.296918433014476,161.73132776938291,159.63946637294225,132.13157161836693,137.28326141059878
205,6.833333333333333,80.88820166714893,96.48569429653081,49.91219034199767,34.01152481528927,163.1720323658012,160.06799302042577,133.45072499169538,136.6606183579794
206,6.866666666666666,82.29776861940424,96.21221981427288,49.761891103585654,33.67523595702255,164.11940683711296,160.9385126543109,133.46834314915972,137.41227555754307
207,6.9,81.13814602788766,96.23249774407618,49.57244111842883,33.73788625080574,164.01945036288888,162.49380350859698,134.59389939562493,138.767270936911
208,6.933333333333334,80.62565415735267,96.24243732551007,49.07421515008754,33.55081992107862,161.45055752454013,163.53386237209625,132.39642327185732,139.9618028353476
209,6.966666666666667,80.74542530191195,95.35194700532934,49.53737578396985,33.31460393130958,161.6641592114337,161.84454590145344,133.0789322198528,138.8982334571407
210,7.0,83.72854583902749,99.30474298105923,49.13381300533806,32.95445309175614,159.7931304137437,161.2800018656198,135.18534994879033,140.54913586907713
211,7.033333333333333,84.72367260302258,96.1836456898466,48.45032596602835,33.169223953319765,159.37156935199133,159.28744617619486,134.90755834664924,138.76215682152582
212,7.066666666666666,84.18447065882441,92.06308895317467,47.70531577659702,33.42447144616804,162.0897989855158,158.6180704841484,135.7680770394913,137.37884522682626
213,7.1,83.71816029903233,92.77554226096278,47.78992252318144,33.383586060229725,163.00006463990783,158.99132979561182,135.83021357762811,136.80377077429728
214,7.133333333333334,83.55149904814213,91.20495645374791,47.39107810026696,33.960224557422826,163.21325024678347,159.19537292424533,136.45570160398262,136.7776601790024
215,7.166666666666667,84.98450725671225,92.37993397164014,48.516036246675654,34.44079836026145,160.8771245843,159.534178224542,134.7565881416363,136.2904740602885
216,7.2,83.67579698448331,94.57917014350552,49.08541146600093,34.580814783070196,161.62811080103367,159.22030385273507,135.12405933293184,136.23499158703027
217,7.233333333333333,83.86019739402799,91.33279619995665,48.224081847962296,34.19002309416934,160.11226444627178,156.28763925128646,134.88545352332173,136.54089552036012
218,7.266666666666667,90.57103460672332,99.69924525815803,48.365968561448675,33.71358002745611,157.01524674237925,154.54958388672486,137.2644189876884,138.5569065685099
219,7.3,93.34494637506704,97.68417222287454,49.290518039618604,33.30752886433059,157.39989049113433,152.223314666176,136.87574715289614,139.72806464564883
220,7.333333333333333,98.84491646761501,103.66223938013982,48.642726425871544,32.68809752533421,153.72014625248966,151.06979764368936,138.4899275609477,139.7307897115455
221,7.366666666666666,95.32022335005571,98.18740477897029,49.59643005393406,32.94180677271433,155.26316772886187,150.40352485138192,137.33431274524153,140.30746311430866
222,7.4,99.44902504963522,104.79922474062954,49.70009391242855,32.866083693173344,154.59284591606334,148.88874931483448,139.795774043609,139.9478378916765
223,7.433333333333334,94.25945968700648,104.091017844028,49.310332821390524,32.637776557047474,154.5011571733921,152.0984171332006,137.69599735655459,139.07084006323623
224,7.466666666666667,97.44062190330325,103.45889687614881,47.29911890451332,33.12402052807252,158.03750466103568,153.94533482180893,135.70546609111508,138.00838359001534
225,7.5,102.33061654996231,106.87501290359367,45.73048230765734,33.59056229904777,156.72029255585312,153.75805702320102,136.44793289939514,137.99311745584345
226,7.533333333333333,93.20086282463787,100.50374829655499,43.090259956298254,33.36455467506162,157.95126514524742,154.04862335749777,138.85281276817264,138.02995260156138
227,7.566666666666666,90.37070057360054,98.92008810103992,41.85720804450774,33.32487243832324,157.4544527744817,154.0633285652547,138.051507353071,139.46921560296653
228,7.6,90.31411177421532,100.16975434539286,41.11897393804205,33.656647928327374,160.7650427449424,152.29391516775465,140.6314831156264,139.40175547343262
229,7.633333333333334,89.8277561615437,101.29218192915503,41.01976721655268,33.396778894403504,158.79872611376226,151.4473141655685,140.429797176431,139.68061580287312
230,7.666666666666667,89.56114006837349,102.38950631949756,40.513177585703026,31.990415571462442,154.8036699490218,148.95733384075012,140.738731566496,141.1332178061243
231,7.7,91.67271620156201,104.65699335036774,39.503363492660895,32.082835381926095,158.6734352729231,146.2703757219563,141.43694040068945,137.8584011392713
232,7.733333333333333,86.91605258583803,103.32524033814295,40.88334804860668,33.3417309989832,156.92135816296948,146.66821589161947,141.05195378364996,139.38011177153865
233,7.766666666666667,83.94756391037595,103.43733678750344,39.38273335166815,31.804402003959684,152.0336466641593,145.3899234551843,138.11503458619381,139.72332684858185
234,7.8,84.46195726386239,105.96291839524783,37.57384782195304,31.60247298620665,152.70612230690756,139.88960330231856,139.63609006218687,136.40628988316243
235,7.833333333333333,88.3949655343691,100.78771267974716,34.671479413589346,32.136496684355464,155.3335390262444,135.23277610781952,140.88185252178624,130.60662169445402
236,7.866666666666666,90.26055850351739,97.1851459916304,34.19908583305511,33.30595273163655,155.90837903448758,138.47219566206874,143.19079836085257,132.8184379759397
237,7.9,91.47248345373683,97.76063876995725,32.232592267425915,33.48019631025342,156.4153797599965,142.87111970984233,144.36474458743803,134.10506053947518
238,7.933333333333334,88.90055441920822,99.26184473035444,32.73740779748841,34.60345715955646,158.7279347706388,146.20178551321618,143.20281218158055,135.3564429821894
239,7.966666666666667,95.82618887511923,100.94394534992256,34.27684928060438,37.65239403033528,163.77590382581147,152.19664771787467,143.09130696806903,134.4950569526743
240,8.0,96.54034984035795,99.84996707489535,33.326490094323255,37.83145011207678,163.00339697448587,152.6325381418623,142.56020209664106,134.87162374700864
241,8.033333333333333,100.72374611957136,100.18217424766983,34.207681546342044,40.94655983253569,165.1753534668467,151.01479517124017,143.8038987817313,132.1053528485791
242,8.066666666666666,106.43107567145957,105.07359761587836,34.699661955531795,43.00790975485501,167.34238365324154,152.7356314653679,145.37671703435112,133.81289321360018
243,8.1,103.31836381934224,107.0812917712843,32.14439335903379,44.05015349011918,168.04136811776237,154.64823922567683,144.43490627450836,134.11378154552827
244,8.133333333333333,99.27272280997605,106.62976323014716,30.048815145831025,44.74629239971851,169.02747281687942,155.27296889481389,142.094792933421,133.32251287436569
245,8.166666666666666,98.25856989110503,104.52679879684584,29.723160002807138,44.252781453436285,169.74217032964586,154.69629549120592,142.20856975771756,132.18014485451894
246,8.2,98.73062162368925,103.54770932632823,30.327724449749113,45.08982283331183,171.66878062035136,152.36511901968134,143.82444120594707,128.74426143869312
247,8.233333333333333,98.0693837018689,101.81120373896216,30.439062046503096,43.485008056787564,171.8792841734994,150.9311811758784,145.79855793140493,129.30681846392395
248,8.266666666666667,99.70407860449438,103.97213634125163,30.9010624485395,45.300588331936346,171.30730713455966,152.48135018323765,145.41589963236368,129.79629587365304
249,8.3,105.08279938610592,110.0681824979955,35.48428139214318,50.60056771717312,171.61468890867093,151.82757808698625,147.5257112430169,129.4219295684207
250,8.333333333333334,105.20105390003823,112.40279824185464,36.534044886264816,51.575240727850606,171.15266080829775,152.58078731026305,149.76790574638702,132.0222129387627
251,8.366666666666667,102.45429873799786,109.91055499309526,34.554268233922606,49.1766127177217,171.17192539810532,152.82191297323803,148.87537268284257,132.2750966646077
252,8.4,102.34328720477542,109.60105778006056,34.66895308491741,48.22655306898341,171.11278192409338,153.06514820754185,148.87865409941867,133.7203376706666
253,8.433333333333334,98.15258029601308,107.35047753448175,32.77260337352104,44.464848763594894,170.29742711644383,152.3495815516656,147.29167460429696,133.4751007092566
254,8.466666666666667,97.34063740719559,104.87467590876747,32.55061189034187,40.46477417044085,169.44902551694798,151.54270799939866,146.78250504909892,133.87557212591142
255,8.5,92.82735279465967,101.97655810756747,31.917894511334072,37.34497768433754,169.5393519019172,150.99018083908476,145.80695251332196,133.5871103473943
256,8.533333333333333,92.84122642663257,100.50850839336833,31.63166683790761,36.500046517721564,168.73828553556572,152.1136190335918,144.67446183202287,133.7870282045908
257,8.566666666666666,92.16113998359558,100.73482426618837,31.9201557948937,36.297728973105265,168.82967510957297,152.34018815666838,145.23174620034237,134.7393934080612
258,8.6,89.73119714718551,103.04601636686284,32.09688660507165,35.805950479484224,168.56651300615033,151.8162376096496,145.3589618861218,133.75746040064305
259,8.633333333333333,97.96437675201385,102.24634657184188,34.11353389420513,36.248049043086375,168.02834150702418,150.8048216364877,147.18502651058878,134.33010973367766
260,8.666666666666666,97.11955218883031,101.36662448340822,33.701470059842556,36.85721266979642,166.38270214710568,150.25142397013713,145.290167948902,134.30945352027172
261,8.7,99.91944988563492,104.39711353040869,35.11323061135446,38.521141495434364,166.57577557652172,149.6751262857893,146.67163448521381,135.127999977938
262,8.733333333333333,99.19692120833922,104.93529796555424,34.97987473827507,38.49172105458236,165.29459299727506,150.76317421828085,148.49211691316407,137.44174967159577
263,8.766666666666667,97.73285349645603,105.52112134324524,34.54453962425797,38.50564062217487,163.78279884044267,151.01538153888862,147.95695780059236,138.75855551107944
264,8.8,98.35571200359134,105.87776668735452,34.393082946668954,38.7107932684115,161.1460683099814,153.34406367946664,148.30535071785945,141.7195671502658
265,8.833333333333334,99.30421731300535,105.44005896923305,34.21248016880027,38.375597950973855,162.01657491505986,152.4240876418609,147.8245427742436,140.5096024658847
266,8.866666666666667,99.01251946206314,103.80439788316885,33.785786006718006,37.514749102489034,162.5030850852684,151.86705042751032,144.36549643880304,137.70996911490022
267,8.9,95.83760726580451,102.69953856079451,32.37915618177622,36.996397219721985,164.8808876048776,149.18167821189894,144.32827314257943,134.63940658419912
268,8.933333333333334,96.37722528299106,102.07706862028236,32.44356132357685,35.871507535812604,165.77766556864822,151.2927956079505,144.6466929527225,135.5977741830083
269,8.966666666666667,96.55277143941255,101.05881639563394,31.864144431871033,35.689491970768515,165.2304900349547,151.21966109779447,144.86068165173694,135.5960046590271
270,9.0,95.30556781112047,98.66860988511684,32.11005340237848,35.69272183669439,165.44786494042006,151.40070831320907,144.63226585031072,135.49183101202442
271,9.033333333333333,96.3309552458723,101.00062895614008,32.37176974729932,35.88563788835638,164.09236343838205,152.5416527367632,144.1745451676799,136.2064758868038
272,9.066666666666666,96.16021196430877,100.31931398460941,32.04512650761708,35.544024368369094,162.64134815291558,155.25985800241455,141.14339675781795,137.01940042591968
273,9.1,95.8886811573712,101.18302348760056,31.98755352129615,35.48680618296603,163.7262568277043,155.26893040743803,141.44282153911772,136.91812721270716
274,9.133333333333333,96.20871571479655,101.58100865014947,32.02574546480123,35.86520073911966,164.06972974675904,154.76892293527177,141.2725304863844,136.2081336425791
275,9.166666666666666,96.42202302699171,101.14232874087637,32.0494967527188,36.428694341449976,165.14031505660319,153.9734758064761,140.5966144309373,135.0933542886881
276,9.2,96.87989479803046,101.8038906081197,32.409210379804904,37.60370813649893,166.5930122468406,153.09965127351774,142.43497627407885,133.99852277941835
277,9.233333333333333,97.83564889607068,102.45120402744207,33.11476033358852,38.34280314928333,166.578498226403,153.64211893966316,144.2392539783803,133.81067657719217
278,9.266666666666667,98.0732835833976,102.2758615720954,33.79251823357323,38.531505417904285,165.40432901585672,155.0695955690416,145.19929689751845,135.798500203552
279,9.3,98.56255741549559,104.3574028812048,34.60139580325402,39.6214130005737,164.47553135597875,153.12421120504246,147.6352048901536,136.36082361882308
280,9.333333333333334,97.80036667500845,106.19438791571271,34.101778486430625,39.251509024210755,162.81185987879556,153.2761939553475,147.87217504835536,137.21093396202897
281,9.366666666666667,95.6706665675104,104.99143396804469,33.529625709724286,38.66990380277033,163.09256063563464,153.11357061930397,146.96987580954269,136.9846730985821
282,9.4,94.18867501342012,104.73436859083813,33.694063433403294,37.84517240340989,163.40465141819826,153.0630215762974,147.2391710496719,137.9740861169967
283,9.433333333333334,92.30956088789516,103.4508287716196,33.495469493044666,36.98629424743779,163.4164386046999,152.44960045843888,146.2288154301781,137.61948809064882
284,9.466666666666667,92.45517066125625,102.15950908577264,33.424937061845895,36.29626892719098,164.83105005450153,152.98017831369566,145.80079432242871,137.09521795067252
285,9.5,92.98872598347542,101.56228616817971,33.239012608931255,35.5487730806905,162.07779014891858,152.73879387383678,143.55630732288463,137.3015333213202
286,9.533333333333333,92.07511866598338,100.26391227437973,33.56968891475255,35.63320353395497,162.78721896079742,156.90772185242633,141.56300295755403,138.1898704910171
287,9.566666666666666,92.87060755407902,99.9078432884779,33.24035742528288,35.34620549657465,163.41704708900684,156.44146249941772,141.30501598908782,137.67410371099075
288,9.6,91.40490761192103,100.05223477625174,33.15591403856619,35.90539249884739,164.0671496516611,156.81184957110716,142.2603995712617,137.21720650066246
289,9.633333333333333,91.68906735563561,97.62232823621846,33.20170099314364,35.624114091782836,163.1728175954463,157.52079938073007,141.1311172953021,137.17479038889437
290,9.666666666666666,91.29073848022405,98.17206950676028,33.67763267203165,35.93789325553496,163.81741520049093,157.86172916548048,141.07493232736246,137.36972316023295
291,9.7,91.26327229436211,99.4600770131327,34.295041909501236,36.22488507792556,164.96970489869773,158.7217224652965,140.42129957175464,137.25712465284118
292,9.733333333333333,91.37654047481048,98.54791606746511,34.46455430026585,36.08428116910601,164.8815066982616,158.1108481633897,140.0801496405031,136.6857624264566
293,9.766666666666667,91.66119555668682,98.19812225836658,34.71617188298827,35.8648357541516,165.0600252943752,157.40780253899123,139.3862730222429,136.4050972695586
294,9.8,90.26955782547213,98.1407984743058,35.21758391608291,35.63232956805699,164.35860929204068,158.0834782343879,139.4822392002856,137.07955962632963
295,9.833333333333334,89.33494757612662,98.00235734174011,35.90283842615019,35.51592484781477,164.40293759365662,158.35635577462833,139.18479007803475,136.9661583396135
296,9.866666666666667,89.72163482905368,98.23892097556286,35.76548149318829,35.53963607533178,166.74282552810752,157.9098745318828,140.20232979071105,136.45028554678635
297,9.9,89.5801997981709,98.37295787957581,35.73116021762618,35.59770594161867,167.51767104399636,157.85219384916425,140.93844846208907,136.39214911638385
298,9.933333333333334,88.17426463210172,98.31854733586263,35.696176786962816,35.37323136745446,166.86167313618273,157.27070933174286,140.76507641694718,135.9178125173218
299,9.966666666666667,87.78817806797647,98.17474382296868,35.61751796158598,35.399056702303,166.46487775569332,156.7270257477212,140.8821418459288,135.5576131486068
300,10.0,88.1701616346437,97.99749180884834,35.60547070724055,35.38110892287517,164.42235107071733,156.8228034761362,139.61887845729984,135.6627950678543
301,10.033333333333333,87.47947732986535,97.93941637260828,36.024029026377505,35.338627038350985,164.7200637122759,156.680280848582,139.81294652548513,136.02462556824858
302,10.066666666666666,87.63756904655631,97.25963240782355,35.65287778295653,35.12220757687872,163.04969629138134,157.60676171388275,139.59564291574077,137.07483230628443
303,10.1,89.0296542741529,95.68218927401831,35.10269598182385,34.63498909676522,161.58469236347756,157.13428386852462,139.40690735810978,137.7225514544302
304,10.133333333333333,89.45099979646193,95.52176687684323,34.68359984943894,34.511173917266625,162.6899894415217,156.8254883876669,139.90815265293378,137.4008529065379
305,10.166666666666666,91.364133534644,95.90911406390053,34.56288737415368,35.23444145375488,163.24385352757096,157.1533997634102,140.74880240524098,137.4038768906766
306,10.2,91.16607261958633,96.26087510271253,34.53280502397272,35.272265677253266,163.1349045047198,157.21515807638602,140.9014740143331,137.29102734590083
307,10.233333333333333,90.9108893953403,95.73946821790848,34.351806062195315,34.874610295576595,163.62812387673117,156.6216717802268,141.64990735070324,137.57277626020831
308,10.266666666666667,91.0234600545074,95.55563443605496,34.43488433937468,35.10243938625246,163.78732418869166,156.9124340609421,141.8055059269912,137.81909240382072
309,10.3,91.32248482935269,95.83398166821304,34.39447636934409,35.19254816601219,163.8089228798572,156.95686272960546,142.0478045456671,137.90402148322843
310,10.333333333333334,91.63015878322621,95.40222333210717,34.49943473341162,35.18761698140035,163.99203450852704,157.3748775695305,141.75133706777217,138.12556670060044
311,10.366666666666667,91.55751371196504,93.81506200095299,34.51530804601325,34.693154089283205,162.54112537492657,158.25725338030594,139.64056710527905,137.654871141355
312,10.4,91.77657210014391,94.72451038275977,34.46502357199084,34.71028081813774,161.20153915233064,159.2151445305763,140.346590372144,139.830963745196
313,10.433333333333334,91.17722508506918,95.15712465771902,34.521717114488844,34.66218228721571,161.21490715487042,158.61762496759823,140.29783441033445,139.8131315583625
314,10.466666666666667,89.28270431221274,95.02712754541503,34.942359280063805,34.68155249927438,161.7843133166433,157.4637291516922,140.17800500487746,138.9047672655257
315,10.5,89.15119825311432,95.65847248561701,34.85056828036606,34.56089644809711,161.37457092560703,156.18075122656336,140.2741930068017,138.77789117524202
316,10.533333333333333,88.02168994494261,95.14902737499249,35.34567124084677,34.52157747788829,162.08766123327393,156.25441853127032,140.10065691272706,138.44826562983496
317,10.566666666666666,87.93759263646209,95.96770647600526,35.40386071543242,34.33242925996817,161.7962019871232,155.05035504333827,139.88158075673255,137.60850415339522
318,10.6,87.12001363998641,94.99530561216173,35.01780248912586,33.914859636644266,160.68878303862903,152.2894716483129,140.03125239922386,136.68140545448796
319,10.633333333333333,86.72926056815491,97.68257398350295,36.028173699543686,33.839371555199484,160.3642342954708,152.76091268477265,140.4596089547268,136.55225449769165
320,10.666666666666666,86.78820478209485,96.70064981534944,36.02154621332468,33.777630192192845,160.26620103119203,153.95950738513974,140.10712482818272,137.83469743108486
321,10.7,84.4528557739139,95.6361271204849,35.78870801367387,33.66563545579086,159.15944080964803,153.47823488915955,139.7032534020059,137.8418297786068
322,10.733333333333333,84.00341758387876,96.40748677811034,35.89789620283414,33.77174922552821,159.1009226620503,153.2328613941473,140.6133588354918,138.16961466250726
323,10.766666666666667,86.238836162283,97.94590244426143,36.030694904400804,33.750644646692116,158.96098669878663,153.1231899292248,140.55431316980048,138.24357751839673
324,10.8,87.35994887714769,97.6448299641344,36.27918145896203,33.61933761865769,159.07917243268878,152.91572403839842,140.5411739781125,138.11286497545535
325,10.833333333333334,87.63214283818715,98.02772922367069,36.472020540596986,33.53832838554103,157.85258992360997,152.99904797801793,140.12094045660982,138.29385830554912
326,10.866666666666667,86.87775994757725,97.49323601869605,36.69060118345183,33.40074549229036,157.36716465520416,153.083561325873,139.40883279392787,138.4355791453604
327,10.9,88.37019811725858,97.5967576717417,37.07838130601501,33.90080159008123,158.991341844002,155.8566802089575,139.53732854728153,138.88146333002763
328,10.933333333333334,87.44510527428999,96.31787538807671,36.48127530750515,34.02109911475173,160.83345198305753,155.95698894644903,139.15081689068927,138.49112856645684
329,10.966666666666667,87.6390018345341,96.7815234559547,36.44597297892826,33.948089420920724,160.83408177692414,155.6427263383961,139.28107990865684,138.57635266370463
330,11.0,88.2849799285263,97.66152617110082,36.301537947775,34.047965217365046,161.53731521328083,155.23035306196763,139.99057462283338,137.9871806559119
331,11.033333333333333,89.69660491737108,97.2496097268572,35.77371054990448,34.24784625476911,162.39687879995782,155.00585168302436,140.27977984468683,137.56136363030782
332,11.066666666666666,90.18024596620872,98.2503507351797,35.91790303607772,34.15420418920426,161.5265242864077,155.04609814484772,139.52109011608508,137.62226289550657
333,11.1,88.18247700017034,97.45210863596685,35.801615115539605,33.68896422729453,160.50377990158043,153.7620259085402,139.68571432883684,137.82183182731387
334,11.133333333333333,87.88644965608992,97.52461922736562,36.123715766393055,33.71005355297798,159.73396547840468,153.858770146063,139.95447191024044,138.04598028239857
335,11.166666666666666,87.53371355503297,97.45708453938849,36.12553264017081,33.498099825482605,158.90915149272763,153.0308758286384,139.91395521093546,138.1015660904857
336,11.2,87.51567900576751,97.5888665438064,36.607321644391675,33.515281682240726,159.11243351305276,153.32884870107372,139.81635039779283,138.40231470092914
337,11.233333333333333,87.1782458684847,97.55456021175841,36.72066709170299,33.5429197270885,159.17664792704494,153.42666031234114,139.8859225297076,138.65792547792083
338,11.266666666666667,87.28617932541813,97.64889605747773,36.94015480677594,33.532953510001626,159.4564168314029,153.7245622797737,139.92029088889998,138.80837607580037
339,11.3,87.14778341380722,97.30731424324287,36.846448612145615,33.612204038383474,159.33481270693684,153.61199175572156,139.83811120878983,139.0996690304086
340,11.333333333333334,87.09228244295716,98.14750240506454,37.331204835797195,33.70746870921705,160.02521856185072,154.18802771859953,139.67198378875636,139.3365181478472
341,11.366666666666667,87.24940035589182,98.22835365180173,37.49741628906238,33.746563961176086,160.37567214736885,153.8545575154697,139.08577221411983,138.65264273822496
342,11.4,87.0501548827573,98.58198130262103,37.25628113782406,33.73321264265302,160.69762270843765,152.98781179749594,139.49255860644595,137.97404126456073
343,11.433333333333334,87.49602469398707,99.22164582097747,37.577308870602394,33.993959147893925,161.6964848150229,154.10406411380652,139.87378827453364,138.4650808927326
344,11.466666666666667,87.93897533330838,99.5575521206902,36.839407116579714,33.860096908484245,160.8883891667743,152.59520592674096,140.7247865591115,138.29826275571116
345,11.5,88.01621284361511,99.74770760140703,37.54715690546923,33.913963806040016,161.59375249099182,154.23753552300724,140.51588785025407,138.22453850904063
346,11.533333333333333,88.42758598554613,100.3460953883475,37.504722697944686,34.22242376382728,161.735570317143,153.55350169024828,140.11582934600568,138.0758385011559
347,11.566666666666666,88.02702414486019,101.46017197160789,37.422611760590584,34.069191711981844,160.65222430263992,151.3588193946845,140.0335032443691,137.3312646444801
348,11.6,87.85744136431467,102.22972239722856,37.52702390283946,34.163206102788905,161.23817715853173,151.43384040176338,140.08678724218314,137.17108832672744
349,11.633333333333333,87.6434542744461,102.26334472279308,37.84804270895108,34.33306603265673,164.06576990270625,152.3401390270039,140.21928239250656,136.7099543019553
350,11.666666666666666,85.98152517249459,100.5021165067998,38.27417270454717,34.067769307547415,162.56917323532738,150.15102108404244,139.94166252672514,135.67761048380478
351,11.7,85.32208571484597,98.86649605814026,38.864913815709244,34.24321088527348,162.5496806478215,151.74500335427211,139.020257080822,136.04397293911552
352,11.733333333333333,85.14697959577123,97.84547661051697,39.1672233979701,34.59094095998068,160.96078855972394,154.29731864624276,138.1818809142711,137.1570914418162
353,11.766666666666667,83.88768713971923,96.76097276731157,39.174029056547035,34.6342414329649,159.2352612945339,152.31041385003158,135.38030761174846,135.0918696526155
354,11.8,81.42136732519685,97.21619138742716,38.74163118884653,34.88046439343727,157.50051796953323,149.13204646313622,133.40556171473344,131.84362204229183
355,11.833333333333334,81.80959762982131,97.79501557339911,38.81471798060349,35.06918156473018,159.40856091433136,144.19673617448242,133.2009271781377,127.01195505057703
356,11.866666666666667,80.84573606061224,95.07254034160667,36.649437417347166,34.00087713293333,156.2942946839481,137.99715612871555,130.25782959938422,123.66081845947237
357,11.9,79.83364817904642,96.79313199624707,36.80721151629381,33.921560990668524,154.3889769975,135.68022450987533,130.3210997458389,124.6050164010521
358,11.933333333333334,80.7092746912421,98.53983471920876,36.32506877657909,34.36244015794522,151.39550934510734,137.3615923010513,129.96220120377583,125.9544604676896
359,11.966666666666667,80.91938986486407,99.71498317172579,35.4048682348711,34.33007324541044,147.7297200205138,133.03838745211544,128.47590077925344,125.23461027629624
360,12.0,76.41870604542194,101.09417164824681,35.091068330339894,34.15623653287983,145.16798754835636,135.1750149544402,127.52807077037053,127.11840884907741
361,12.033333333333333,80.55008913525695,102.07267277361174,35.45330651062923,34.25353105378003,142.98746524289106,135.547955494685,126.52753043037553,128.10302796314366
362,12.066666666666666,84.66515213104844,102.57134668732844,37.715006832544,34.858785199653724,139.76601353854227,133.4991506990281,126.97401173681529,127.90446211901472
363,12.1,82.21801750487285,102.36168133225962,37.119135656498266,34.1021547176751,138.4202295746039,137.40929970674708,126.73374600460639,130.69570681987722
364,12.133333333333333,81.0842137243106,102.31696814794904,37.10090241194291,33.712670478758156,133.62929312378176,139.12165242474447,124.47479511895722,132.81311485641135
365,12.166666666666666,79.5832543688617,102.27061174725662,37.05320945948681,34.34501488816527,132.5441429464602,144.35154606879865,118.00188695951988,136.11179723569558
366,12.2,79.59005413338069,103.03793933879456,37.602234655142766,35.005570708325536,133.11356755133573,143.82490742137475,116.66805143700488,135.18596576610182
367,12.233333333333333,79.02236634761864,104.1931431775653,37.97440549630592,35.089210038968716,130.4980627714478,144.02792684493744,118.4759151335967,137.26130508474284
368,12.266666666666667,77.55754729472419,104.276019504385,38.45937681774449,34.981410222435244,128.8920839748046,144.6806568659341,118.59043493194886,137.87122969216261
369,12.3,82.1471817314413,104.32688258431406,41.73675930186152,34.81062545629958,126.84906447025584,144.68978344711743,118.76374205730512,138.03625759997686
370,12.333333333333334,80.94299830535967,104.70539263711268,41.97558452898771,35.43908881213411,125.58736826625929,146.5576187827429,117.3242018922825,139.3568898498967
371,12.366666666666667,81.00486295375295,107.30064112849726,41.169034810654516,34.92638880022837,124.75573134969248,146.78480786326796,115.70262866550121,139.20856110596134
372,12.4,79.78936029030332,107.5026296358397,40.442113981637526,34.51232354184244,123.0687092090666,146.31521905533822,115.63536065514644,139.27609017437013
373,12.433333333333334,80.20609194836186,107.46473532289403,41.926893687008416,34.3018044339132,122.78085353779066,146.71601739530266,116.96023154701528,140.46821850938272
374,12.466666666666667,79.06716039918875,106.30997958271483,42.146901066619854,34.44313766690347,122.48186347908988,147.31070167986437,115.92936466717579,140.50646476474094
375,12.5,77.75584033277295,105.58901893225861,41.475659663101,34.036347778534854,120.2940472529809,146.11003829621916,114.64978035804563,139.81472614162206
376,12.533333333333333,78.54000964306508,105.36817176191462,40.71409326684415,33.657998113598325,120.10708254656562,145.9598320203609,114.36831620989432,138.95445675366375
377,12.566666666666666,78.25482795391098,105.4975427324981,40.78018705362448,33.9051333044374,120.89588745325834,145.99658103161804,114.45513465540463,138.63168374119292
378,12.6,77.66301505050453,105.63934734289512,40.53269161797967,33.985123610619056,124.43049741723735,146.21375740233023,115.80635805640999,138.0264674922135
379,12.633333333333333,77.86012616930518,105.92648090017143,40.68257539555672,33.97591905516031,123.31472296038905,145.75257842823677,115.49115166026476,138.10915130393377
380,12.666666666666666,78.18970304897668,106.6648455944697,40.265970240850294,34.04573181251063,122.34601466666808,145.22918528808805,119.02298342343487,139.63056054707945
381,12.7,74.59935678593281,105.21745824397755,38.15262945824328,33.20949926202341,124.79210448811665,147.001879125312,118.68080055984485,140.08015249437608
382,12.733333333333333,73.77451710584107,103.69671567900207,38.86911139072774,33.33038021535281,129.55396270680708,148.56801590624522,118.04510286638971,139.80935195929487
383,12.766666666666667,78.36489132026277,104.54024428012129,39.60534296887789,33.391615639313756,130.85577993373363,144.10216216513464,120.0270261964955,135.2822996765893
384,12.8,81.38120865711814,105.12332017296535,40.85813436014963,34.440406895569566,135.79439619001678,143.59383245946134,121.04443962682382,133.77006844596366
385,12.833333333333334,82.51673847214018,104.11760769861233,41.191930657194476,34.29739734342246,137.76344888159392,143.77465344047388,124.97949012101164,133.99363163756354
386,12.866666666666667,81.62813418211111,102.04594353294544,41.22390400755499,34.886835168513926,143.16611566466966,146.3628154906055,127.22336400733171,132.3618427218385
387,12.9,84.03926002020454,100.6675031598168,42.301217026342904,35.26095922582588,148.8494668288493,144.7215915580827,129.37835479021862,128.92561873745893
388,12.933333333333334,84.23997593073982,99.24728705650949,42.14755831228038,34.486822621560236,151.87551710506096,144.31671281886287,134.17161316990192,128.58718565182286
389,12.966666666666667,85.88923076643526,100.53365524569308,42.59923362130114,34.445059568508384,153.4903488893712,150.2767597575807,136.73862020199545,133.39532314131412
390,13.0,90.76692817869726,100.60920454136911,43.98166872787242,35.02607600320064,150.19274840787713,153.2533527831858,133.02538521670334,135.40236586758752
391,13.033333333333333,86.63546755703199,99.97542740301478,41.02173351373931,35.4449059989652,153.81763632008835,156.56535278081415,129.87288418891762,136.09389741636218
392,13.066666666666666,91.92170988713507,96.40573828255155,42.21251545827147,35.77726766880992,157.61043372089006,156.96000678194815,135.52506420581474,135.60289527516136
393,13.1,100.90193696162335,94.07213097815666,45.98438830741239,36.0439217293499,162.58657036355717,157.11639095186115,134.8734746441731,133.95489549974866
394,13.133333333333333,101.32032315268495,93.72489164267066,45.862301826689276,35.879908151030925,165.000634932345,156.10014993004506,137.28406519095483,134.162775120776
395,13.166666666666666,100.49852876958435,96.88333708705377,42.46054046914851,36.224484385899224,165.20587753027053,157.1005607255717,140.16140946864994,137.02558785756707
396,13.2,100.40084172563719,98.32778066456163,41.92219040580398,36.16475609851242,164.76006313789432,156.28848751490116,142.05192125075635,136.1017147238373
397,13.233333333333333,100.11207571000269,99.1731627834313,40.18545527953732,35.82516573413371,164.07158168976386,153.21046573328363,140.91356464664847,135.25171811018836
398,13.266666666666667,103.1235913396607,98.17525913013147,38.57871968553458,36.306408809148905,163.70943725835934,152.6257535260604,140.33754657158133,135.08931537163213
399,13.3,97.34971864684312,98.71963891475463,37.891266720864216,35.853316086113615,157.107578310301,149.46675780770818,138.9128606568198,135.5795591828044
400,13.333333333333334,98.29013325885326,98.45320594404774,33.51882054478094,36.382443817219226,159.6382279431255,148.94743878218665,139.19100689026004,133.73372662913172
401,13.366666666666667,99.6674674237758,98.23605045066883,30.71833314652102,36.31409327806602,162.30100805320745,144.79547277114324,141.37637894785394,132.2207238838786
402,13.4,99.33541741047318,99.84266034969988,30.234829841393637,38.11986116013562,160.75677726209815,139.09947967031283,142.19185551201028,129.4525078431187
403,13.433333333333334,98.3438380470301,98.61439336953948,28.922698845470066,37.21252188228584,159.5463658177151,138.34268087084473,142.12030570742436,129.6594208693615
404,13.466666666666667,97.10372485631069,99.85732793337522,26.55387142817192,35.117472401436565,157.97435761487068,134.23964018797173,140.09225077951484,129.82942002089737
405,13.5,97.47342562962938,100.81754488682509,25.69780375184556,34.97079738558307,156.59604467472585,131.68693558316338,141.14754727248135,128.90990653894244
406,13.533333333333333,96.53962734663246,99.67198478441578,30.329388380972667,39.69985485968507,154.00766672628527,133.34366778396273,143.05834414590015,134.22072967970118
407,13.566666666666666,91.32743402408263,94.32031491875028,25.899087238661238,35.61595215194758,153.69003717246775,133.0771604034041,145.49851964748095,132.48258635528364
408,13.6,97.37362149716942,100.33805025742632,27.461192358919327,36.94884431594188,154.28866936706223,140.18398115468617,144.10291264312258,135.89245018489837
409,13.633333333333333,100.73317526544163,100.2307763405492,36.99836239891811,42.608843386414584,153.64675163652385,140.1170661608734,143.94582950440105,135.95246405733428
410,13.666666666666666,97.72507276706128,98.77465647824894,31.863788376583564,39.7771379804518,154.28979632107345,140.28364885270312,144.00681193684898,135.77839206898236
411,13.7,95.47354718005049,100.09446082091077,28.613153674173496,40.45134266366718,156.92991524558695,139.2852655251047,144.90872677112924,135.41126759828822
412,13.733333333333333,109.4614715893102,103.34419775869344,42.97593033163697,46.303214563781296,157.32636616657678,138.6850711363355,145.74221686196802,133.67042303955765
413,13.766666666666667,100.80774335592027,107.02208125767433,37.855816427920224,47.07645467955353,158.57524520175977,142.95772930136354,146.5186788534011,135.78365078568186
414,13.8,92.48764463867073,100.06566934818187,28.585755495847604,38.95424408600749,154.7028100688054,152.101908865182,145.214187140408,145.62526128406293
415,13.833333333333334,96.43245190200055,100.00552280838576,31.058784031845498,42.16597372923781,156.47387555797494,150.72912300344905,143.1241960959065,142.50354675988154
416,13.866666666666667,92.21081869292287,97.70093943426876,29.56179826043269,37.991478656118055,156.23737718000615,150.1923165031116,144.3787570592951,142.4904520618531
417,13.9,92.8347243528929,97.00767461267628,28.446841177519524,36.03338374172877,152.7901774982225,146.20290632499353,142.88981108102348,143.26993301180525
418,13.933333333333334,91.00202657146957,96.15114681729267,29.616594991900964,38.08171802162062,151.5182338298767,136.11518297456087,142.52989856232713,134.80602069094599
419,13.966666666666667,91.55610296130138,97.33358777710431,30.34710448766988,36.567238930347344,154.2075371826559,132.25922729876663,144.9999560301509,133.5947312820933
420,14.0,90.85673033481797,98.37346821586809,31.38627711925079,36.74346188837134,154.86871412956097,132.65543959466424,143.90559726141365,132.64161537067923
421,14.033333333333333,86.6649155799358,98.23272611278797,30.382285986460353,35.50826409753718,153.90237425825853,135.55260337521452,145.1577526165525,134.24898178456866
422,14.066666666666666,90.39198242432673,100.23349764639677,33.043265424826245,37.01010620171118,150.74903015657867,137.06290795264283,142.56605529391416,136.04881668300663
423,14.1,88.98459254063867,106.15021228279119,32.34920370673089,38.45547899455999,150.0156976651047,139.05544728120182,141.60396703338776,138.14872439102876
424,14.133333333333333,90.03569925630968,105.03740145727953,31.603834459009658,35.229772406777215,149.1779442905397,139.1052785074301,141.3262275870413,138.42541272335484
425,14.166666666666666,93.84962970216536,107.02736440541584,30.37500467829595,32.46271511971815,146.46313876133115,138.7613631395626,141.32822841664952,140.18562125353884
426,14.2,91.98749762697653,107.24574743358797,30.50823750748125,31.06271077585319,147.22982638731867,139.88956279515335,142.59570843820921,141.3675746821913
427,14.233333333333333,88.28133831863646,102.44883953933393,32.05882551347376,32.27657491476321,149.95836088041827,141.50700779347258,141.5172262778245,142.22356606190206
428,14.266666666666667,92.67586227364241,104.27782814505849,34.307083578699306,31.85217601708563,150.25596088530432,143.41154523306997,140.0285974634796,143.24359195694535
429,14.3,94.371102184626,105.16686979356511,34.72496051072993,31.776408973624374,149.11338676089508,143.56405740449253,139.72163145938444,143.4402674984751
430,14.333333333333334,94.55299411958782,103.95704465011066,34.02277057807013,31.827248302334148,150.429515854751,143.6701548213513,140.10357647525515,143.59076124541056
431,14.366666666666667,97.63417503108043,104.74591559852843,32.61294129695675,30.932484376510047,148.20087211617928,140.70495314468448,140.18708996136834,142.70010856267294
432,14.4,96.00483221547331,108.78963811627345,31.829267677236604,30.168144750637612,147.13945425941412,139.25057416869447,141.47003330886682,141.86485457748861
433,14.433333333333334,94.50773940998079,105.31577137377587,31.85016919362181,29.87165191709243,146.95292558302572,135.1880527282097,139.56754414684167,138.9875075964048
434,14.466666666666667,93.61107596055359,104.54033966599408,31.914185182901267,30.017970924056943,147.46480441745584,135.60734275152905,140.36406972372595,138.48701622569098
435,14.5,94.28753896656342,104.90242463286849,31.862949680527773,30.22564691979347,147.39212954083763,135.50390606622062,140.56504324226955,139.0508331943956
436,14.533333333333333,94.19072149591587,103.57262747349856,32.48661564378507,31.28989317261463,146.04330387383763,141.0427956823565,139.5525441244529,141.9403014858105
437,14.566666666666666,94.17065797010315,103.19655918741813,32.377228207426796,31.041067062846615,146.3266019460347,140.90842785529284,139.52055578977465,141.82135565442005
438,14.6,93.97124951564082,101.88256677190101,31.50107818010947,30.766418166492493,147.48537497422853,137.58464835782226,138.8268284213473,138.0556104696519
439,14.633333333333333,93.8989319572839,102.98385581479046,31.06049444732806,29.898736759530472,149.82187743085046,136.65121872894494,141.29806832918024,138.35188402922554
440,14.666666666666666,95.02475360994308,102.17574081971735,32.23960180585319,30.461917545257506,151.8197703590795,141.26317187194,141.12675943383073,139.46618640809896
441,14.7,89.33131941818847,101.87875790715705,31.177278850638213,31.041501661423773,151.9976209293709,141.30880328766725,142.47086613606365,139.25869060341958
442,14.733333333333333,89.96262588138607,102.18814317234636,30.837804238671815,30.894108404274604,151.57329913002096,141.75104043544516,142.2670517402038,139.53156081534695
443,14.766666666666667,92.0698252756099,102.47698778639787,29.38506203693528,30.71740884252751,150.83801575806706,137.39373950195431,142.50727336060268,137.2724108829763
444,14.8,91.86236444834223,102.15189097260321,29.283498207291505,30.833419355074394,150.35950892699657,138.77919493455855,142.66743325699122,138.4865261225169
445,14.833333333333334,98.50395740595091,108.25647512980268,29.512512952745276,30.008731518361106,148.68365921598166,138.7902033687517,142.25671833036768,138.9233143342613
446,14.866666666666667,95.06369196020609,108.63512063377476,29.904578754974068,30.12191279088876,147.78605546100738,139.6849129891706,142.31695233118197,140.31196061973012
447,14.9,95.68928944110417,107.92072919452718,30.261855944850435,29.852549972735396,146.31714188435163,142.0073469489643,140.6137469227871,142.4681932438035
448,14.933333333333334,90.88035652056828,104.90782643432824,29.800364340132173,30.917672902547164,148.67122096194782,140.0402810328639,141.83757013672871,140.60272439533543
449,14.966666666666667,90.68282020891907,104.29141808647373,30.077730765170134,30.93464014193519,149.20841365114896,139.8708434579383,142.31469796855612,140.26357789372773
450,15.0,90.12394130018941,103.12774171029135,30.18888786246377,31.02231513230041,150.13322676936193,138.40152471157873,142.43620836728277,138.08177190053968
451,15.033333333333333,90.39902702755262,104.61246381952552,30.801446226933905,30.818312805578365,150.41348240892324,141.43840033983977,142.35771688185162,140.51619399260375
452,15.066666666666666,91.05952782491507,105.86807343747806,31.090008406178022,31.117306257786968,150.1204861638881,142.29731011197995,142.55174820966317,141.74145695654502
453,15.1,90.60753842177705,104.3725585814398,31.855930721692353,31.662034657111235,151.13062232283656,146.19409515128802,142.20830710985814,142.75797752826549
454,15.133333333333333,92.68629903769103,104.88117561586553,31.91971169747229,31.659338693207317,151.42160558358538,144.84700926799943,141.9429917319319,141.84525306810525
455,15.166666666666666,91.24400906589015,102.57380465680114,31.27717741797822,31.21112043068389,150.40236082889393,146.35985028921024,142.70876368331162,143.3086181638723
456,15.2,91.86968938634682,104.26528732656234,31.093890779445807,31.196295680128564,149.59082441128868,144.01424948063706,143.64823579164465,143.13134202443592
457,15.233333333333333,92.64463410209613,104.30407519236489,31.520041467153504,31.548860035612027,150.98986957968225,145.40918371078456,144.21838451157575,143.2097366972809
458,15.266666666666667,92.1064306976594,105.13572118863745,31.77453799288491,31.492199974815957,150.8056735288923,145.77727841283664,143.73701732415287,143.46319456890396
459,15.3,91.69759856541023,105.6993940830231,32.27167192230458,32.207062557171795,152.53265417260909,146.68540431117643,143.72074403032525,142.4726458038089
460,15.333333333333334,91.87329833605858,105.05161921355135,32.5817734261961,33.15364851614467,154.57868431734298,148.05141599396293,143.3314194737549,141.76446048624106
461,15.366666666666667,91.15133625340941,104.63096524890253,32.63095538987795,33.4149223263741,154.0973304035619,148.57018203709248,142.80184043849943,141.79708457302794
462,15.4,91.56971938421538,103.39885095020867,32.55829209460561,33.376314277254124,154.8800789592475,149.86481485216922,142.75181114075846,141.3497630744516
463,15.433333333333334,91.21281832864014,103.70136809414194,32.363460347348706,32.98984836212559,154.76556867861152,149.46716484996918,142.39725552190163,141.07322220774498
464,15.466666666666667,89.83708220313997,103.95391438982188,31.9960862202945,32.60088748268971,154.48009523852073,149.36140248982983,141.49491800133526,140.11703330585496
465,15.5,90.06322987093914,102.41215397236886,31.758499879658455,33.06420651828998,155.94448003722593,148.8906763853667,141.90370675972622,138.74073131121085
466,15.533333333333333,91.33047499460658,102.89951386868498,32.21238677854414,33.84107316121144,157.2304428481611,150.41646204007372,141.9956443286174,138.13737889524046
467,15.566666666666666,93.38231329989955,103.2896788565092,32.66627736806421,34.08505610432029,158.38496062321047,150.9754725533393,142.55739268206162,138.06538392849245
468,15.6,91.74579227703377,103.08157196171142,32.36029526263048,33.26661271326598,157.03682573873175,150.4064077988847,141.56371502662782,138.19805596441168
469,15.633333333333333,91.82066015631571,103.21527289748953,32.8578578109608,33.32519366894598,158.25002966256898,153.17167359104224,140.92054460512608,139.39597036018094
470,15.666666666666666,91.32112769955621,102.71838411307132,32.75678032355933,32.87217442244561,157.60182903959958,152.35908597039358,140.44856470368103,139.3688777416336
471,15.7,92.3509335976637,102.15863664227032,32.959432920862824,33.07962304773641,159.43869659541855,154.25376096648597,139.0966848832225,138.83054155323137
472,15.733333333333333,91.11807054906654,101.74880967322245,32.99829370463041,32.7892464143129,161.0246860666064,151.5994577474389,140.13017242553744,135.8192638962697
473,15.766666666666667,91.18524628517682,102.26983017802203,32.94073331115731,32.80242068130683,160.26656505172627,153.48569765592254,140.13334208995954,137.71715240250066
474,15.8,90.66959705001972,102.70745930545073,33.032429059606876,32.85801940438815,160.24903405322834,153.07213674720015,140.34647515944772,137.88311711717986
475,15.833333333333334,91.25506030111775,102.89931760063328,33.38949607040686,32.94744533518173,161.2087394956397,154.2287050907627,140.4623673789735,137.79956090877874
476,15.866666666666667,90.65592777989288,101.97102750675161,33.489003239855116,32.46898659652877,161.29793198989182,152.53313236769645,140.2820727425072,136.36496951720667
477,15.9,91.4444918147386,101.94547934159192,33.73008627593498,32.737056052930065,162.0371365561046,153.7846713231374,140.16247927949567,136.21769306648127
478,15.933333333333334,90.89766650083543,101.99759357646374,34.14168830506544,32.46593922387952,162.65822487119232,152.37949170482977,139.99482698771837,134.90526981077514
479,15.966666666666667,90.73350148108975,102.21159119946515,34.220849652976575,32.41213630802678,162.69738797094124,152.3383032961938,139.98455798336863,135.18042830116147
480,16.0,90.21239660934035,102.35799762988442,34.37035905091685,32.247646939032236,162.54451958679746,152.22696476582283,140.45130248230515,135.27704591164303
481,16.033333333333335,89.58544467378583,102.82541700995338,34.96647461598623,32.190452929560514,162.66148402197828,151.8605631943894,140.82613716656113,135.84959464260123
482,16.066666666666666,89.77785356887803,102.71788663445489,34.85520784137398,32.06699769048547,161.68622094754716,152.16689737042012,141.33516420258766,136.4840749459163
483,16.1,89.55345758876334,102.66258199312688,34.76144070240415,32.26677702815313,161.63979381392954,153.2636360160773,141.84531423442576,137.27115630418191
484,16.133333333333333,89.80392123888369,102.69132647666571,34.518733862634086,31.95689796372445,163.79965011389217,144.40972821002342,142.92007757949162,131.44404924969882
485,16.166666666666668,89.99771541986787,102.79358488083271,34.55938546880037,32.17992270687681,163.4160032868434,146.6166567264216,142.66073508126115,132.84401690550882
486,16.2,90.09397905679538,103.05389969147461,34.551599645687254,32.229746544817004,163.22154620767506,147.62171577445315,142.32574870637214,133.50869112498728
487,16.233333333333334,90.16316508282574,103.01013167726022,34.38799966367071,31.980432700207075,163.57397467597028,145.35343408886413,143.0447619718447,132.3709138961846
488,16.266666666666666,89.6046521192907,103.37708243500865,34.27799135643319,32.12670330461902,162.4602633772955,145.81234807420572,142.72007099552354,132.74626665857974
489,16.3,90.74804717981297,103.2358096641369,34.504541181825395,32.59151911249556,162.44771428556015,151.19130168304838,142.28399470030874,135.41208048278196
490,16.333333333333332,91.06330678393053,103.28003651635358,34.554638360489584,32.81910563096508,162.75237724612165,151.09660492393982,142.20566902877906,135.46396005199654
491,16.366666666666667,92.0914664024934,103.25434200998708,34.794050435802546,33.33184371290632,165.76035790159796,152.75161996858952,141.9204366177468,135.00787147029104
492,16.4,90.56886218804897,100.99615780950423,34.62072137754398,33.11858534926259,165.35803355465728,151.35991416889325,142.06750663687723,134.20940308337416
493,16.433333333333334,90.82173995573318,101.69683987358593,34.57381206735744,33.346396694418395,165.63311793539225,154.52125006004675,142.11508628783605,136.03199454082855
494,16.466666666666665,90.906605661317,100.85197125933789,34.480144083514304,33.20561543919517,167.4689236763698,152.65697396752654,142.48941429075293,133.50299573629735
495,16.5,90.64775868477507,101.13567864742853,34.59282521501799,33.291225054623865,167.21086150089113,152.687192299914,142.64219650464455,133.75285463086644
496,16.533333333333335,90.30724712110738,101.33179895193734,34.80387267393569,33.24491071173909,168.1693816867364,151.2073097182195,143.25508869627606,132.90421375512528
497,16.566666666666666,90.44666524429927,101.99950598271896,34.99854525317165,33.358647815979324,168.77229388024602,150.81950944059997,143.6624103232245,132.59594565458113
498,16.6,90.51870858724158,103.50717893473634,34.93333505800809,33.72142537224498,168.82051682666471,151.07295339373186,143.97191064634268,132.77060434006984
499,16.633333333333333,90.65787123343071,103.32550312603568,35.17303297671257,33.60907186997856,168.9887784690887,151.75188702442824,143.92303238138956,132.93098200749523
500,16.666666666666668,90.78061923542919,103.01805637325596,35.14161249179811,33.66046240580331,168.69119775425833,151.94685846400716,143.70401411050605,133.16297400849737
501,16.7,91.02474904644626,103.31504159882094,35.132139094166114,33.678486205050994,165.28057505009207,153.72158790558478,141.84953396205375,135.25168894981203
502,16.733333333333334,90.13651116069644,102.97921048026446,35.02208174321356,33.43051595028999,164.30306386955456,153.43655038769535,141.69986094313683,135.7408863954507
503,16.766666666666666,90.52270446166688,102.95432095435253,34.84926890271497,33.45656847196853,164.3957805769794,153.51155547730434,141.59197896470502,135.4510937404455
504,16.8,90.37792141535492,102.39121129639031,34.80232131415282,33.584650483149126,165.55119544417173,153.41365064836063,142.39940670485524,135.32650072613475
505,16.833333333333332,89.83106763080735,102.85672073202001,34.935609393412946,33.51958669503122,165.19995659628384,151.131202243908,142.41803583803232,134.4649911452006
506,16.866666666666667,90.0980567437564,103.2679240834243,34.95742342467823,33.628188928473186,165.32108008447227,151.6847536126267,142.7128041619107,134.7760551433799
507,16.9,90.29403953249425,103.83210503313424,35.016350231219704,33.579030819374154,165.15719531775505,151.24935647420423,143.19635021055151,135.08569489214236
508,16.933333333333334,90.72385673854788,104.53312167874473,35.19230704495873,33.2802513123834,164.6789864955615,150.4243178507263,142.96350733084367,134.62574130728996
509,16.966666666666665,90.50027278854161,104.87187073333607,35.21934721378229,32.99181991755753,162.4026046931015,149.9475633181422,141.67420537522807,134.6246626684993
510,17.0,89.96553457894919,104.44657218049528,35.73027492947211,33.05240671612183,160.35364047535913,151.82252489973285,140.39516819368762,136.52797761815432
511,17.033333333333335,90.86090817795802,103.54919782323289,36.131523996276485,33.2127164485101,162.0584805256157,153.16537047082437,140.66639410769957,136.5729304852562
512,17.066666666666666,90.54951047614267,103.29823105990714,36.41305050112308,33.11525758309256,162.0523399829449,154.11451071239605,139.71899015390747,136.5258845312942
513,17.1,89.85126588029097,102.25248029420156,36.3637541715094,33.14513034803058,162.62105204256753,155.8380762404282,139.6460667178739,136.90753252863863
514,17.133333333333333,91.0859884915313,103.3285068038478,36.92499850677455,33.51615808620181,164.58308168042484,156.61451896343124,139.3015797301272,136.68543775248628
515,17.166666666666668,89.74818811299039,102.83239952780788,37.508854191288805,33.1676425165694,169.6147480347703,155.28921934956162,141.25017403817426,134.72337635621864
516,17.2,89.11394616619776,103.00254659634949,38.35418680711694,33.22977038013636,169.974733817002,155.64433136608608,139.8169681425539,134.42973861875655
517,17.233333333333334,86.25573998909196,101.49422598849496,38.50578131445525,33.15516481672047,168.319701842278,152.18842948255053,139.73853698746424,131.7570569168359
518,17.266666666666666,83.56788753207937,99.20490580573966,40.17054703938182,32.7005808419461,165.22066852257964,154.19805663102434,137.01889500340815,133.54920709705146
519,17.3,82.11416167292373,98.45120272559382,42.122574323077,32.38765306128116,165.67900285851908,154.88967333018493,136.438670588727,134.27127469451705
520,17.333333333333332,86.01952729569638,98.6328118756298,40.504450138518365,33.280898241794084,164.10552580181303,154.56186223775302,133.29808463652063,133.1491589860366
521,17.366666666666667,90.55863659134327,101.27667635762762,40.542660153785384,34.844062103193366,161.56820595588047,151.8775210929353,132.78862906320325,131.55281552876963
522,17.4,89.36728362959316,101.04769358499928,40.599190554931,33.964628052876265,158.33763418572616,150.48466514766653,130.98112118352446,130.95872138196503
523,17.433333333333334,88.08837886703662,100.1498532720861,40.6701154626615,33.32790857280271,156.12937662961903,146.21852458507777,130.69434009139908,128.99875888637564
524,17.466666666666665,83.00676125489834,98.63813250610609,39.67496254857471,32.50621565864337,153.67375239792318,141.86299592755955,129.0804126535176,127.61515055631246
525,17.5,84.19651834714196,98.02583910626991,39.86819795209807,32.743484970792466,153.8950862941909,141.7112925709871,127.28052597873622,126.43738431370932
526,17.533333333333335,82.74454112054858,98.71384906237533,40.07737358677543,32.710031840713846,153.46857770300457,141.4756862371492,127.49214317465147,124.63970710726535
527,17.566666666666666,83.89089961019444,99.41825833608057,40.136830834503115,32.73499058721805,151.22302975292914,142.62279452724908,127.33681738432881,125.34204129621503
528,17.6,79.47578973337126,98.73151128475664,39.82285722435891,32.083083543653714,149.38357739859012,142.63552841723154,126.59121875627929,127.5468259124288
529,17.633333333333333,81.00856026949084,99.8187620655058,38.8658741906387,32.22852319130316,145.59161960597365,143.6420512312003,124.33003862788166,128.95599828623656
530,17.666666666666668,82.8951716000377,103.49410553549347,38.58097525218528,32.34036167955196,140.93472333500497,146.64689140688,122.35447399742797,132.04104080727507
531,17.7,81.5895595025524,105.77610555054716,38.571504868630434,32.61769131314057,138.95953773180003,149.72845909539697,119.54716683965258,135.5393477185508
532,17.733333333333334,78.83659652689019,104.6476047387317,37.413101307407956,31.768554797264912,136.8274654361755,147.57648021852572,116.73839978413183,135.48414202846047
533,17.766666666666666,80.50737233300615,103.78764565827973,38.22872421789526,31.569234436007473,134.40088127754905,149.75515626686231,116.81594361650933,136.86544843415479
534,17.8,79.84678323977661,104.45268759804985,37.54540885292328,31.265535013887362,133.7645246505657,149.65773263130794,116.81040769450682,139.00209193395273
535,17.833333333333332,79.97350897759117,104.40783729395294,38.83451139831746,31.255402085833598,134.40618586531008,150.65798377670862,118.21538115854962,139.01155180005463
536,17.866666666666667,81.65645974099246,105.13997203205375,39.789149741616555,31.49874663306662,133.84911677660193,151.21609370967164,118.49797469372143,138.1756716836228
537,17.9,82.56820274316367,105.55414331289228,40.063751466188336,31.609768900704186,131.74381041368042,150.71615177213667,118.3850665617706,138.34246575836102
538,17.933333333333334,81.51408481985384,106.38096438711824,40.72296174066189,31.248264573076625,124.50802094241344,151.36335591159147,112.51973171836232,137.44056106884642
539,17.966666666666665,81.85324210475439,105.31925307070254,39.84925052679848,31.15029027337544,123.91703430304023,151.77353480055993,111.59574777458539,138.0725636567815
540,18.0,81.72209715902683,107.34603906047764,40.49605840919765,31.044059222674772,119.79387868671272,152.5032464275624,108.83803064254919,138.12362697178642
541,18.033333333333335,81.15255109006017,105.93303910361286,40.46798320297477,31.542514306231126,121.52740274011813,150.91188991890957,111.11965189677366,137.8190678155248
542,18.066666666666666,80.39583760228734,106.74585101481067,39.211039723088696,31.61792186711079,122.44600856056564,151.23313348463205,112.0109537301485,139.71878648646282
543,18.1,79.64015476321156,104.62111578065914,40.545073684201746,32.23583060902572,122.706826913727,150.54041845831608,112.20969956954416,139.9524571820557
544,18.133333333333333,80.0438995770942,105.5756330496919,41.32972989490948,32.29584468716903,123.47088446055066,151.3876161641285,115.49060776679583,140.05000759199334
545,18.166666666666668,80.65267357358039,104.33662243272839,42.32844624975262,32.937440563174086,128.02638034210617,149.6553262321434,118.26949897316696,139.7348431900283
546,18.2,80.9246167004696,107.12532385261635,41.388309220923844,32.264626433043134,127.41071049776605,151.15524244708823,118.33072534890948,138.89437965190515
547,18.233333333333334,82.17299255868551,106.22075646552973,42.6474821774546,32.44319644616505,127.3123994460184,150.5079240284307,118.29842015376445,137.73746501617686
548,18.266666666666666,80.46882011550996,106.3458494700905,41.65664645903978,32.072315207296086,127.26242719969146,149.64688127971925,118.00090026577494,138.31875025595443
549,18.3,79.70565144430263,105.0226653218344,41.97534788669916,32.11065803527518,129.32196629844458,149.9520910054568,116.91091600298759,138.0822372773491
550,18.333333333333332,80.44148259324265,105.17140327084623,42.22099001345037,32.20032757051447,121.94600401911887,152.00354791541307,109.73459159739305,136.12315292279462
551,18.366666666666667,79.87898374902004,102.91712303995787,41.80225447496821,32.292777628026805,128.1836397642189,151.57125359887172,115.56072236652167,136.9547101819559
552,18.4,80.01656992536655,103.32914855460864,42.31971937679201,32.67385604869174,122.98199711323825,153.2632412445405,109.72220499241503,136.70776077395178
553,18.433333333333334,82.78796873036839,102.89993988845619,42.78999195551153,32.31542183686105,123.8347630410035,151.06226921886434,113.3287451664077,137.4837019633082
554,18.466666666666665,79.43771819936157,105.22997397757102,40.150617384321635,32.025122676908666,123.78459737194362,148.30310886803665,115.6394762984922,138.579996357103
555,18.5,79.96485870698434,104.73836319242622,41.004330152767935,32.85478517704578,130.35808719149213,149.99904746202978,117.9015426759342,138.570843663986
556,18.533333333333335,79.38862134130274,106.46267179330873,40.46921687654103,32.2478715382735,130.93919850679998,149.06510019783616,119.24633571680326,138.41542377644544
557,18.566666666666666,78.60715248702054,105.1159176943348,39.82597422292528,31.514477420380857,133.92806175526135,149.95926407153405,118.97999341799748,138.40376833183137
558,18.6,80.8119480847962,104.77284707064348,40.06125734138016,31.934976209574348,136.47821615775808,151.2742323809405,117.62955926433361,137.7294921273963
559,18.633333333333333,80.42845591635292,103.31624659618039,40.23559043204056,32.32447532624232,137.2577241106747,152.33631657774902,119.98433328703457,137.01834755574774
560,18.666666666666668,79.52848539835058,103.80636143835777,39.72368143375692,32.37865508513753,137.9103352917137,151.84692241884335,119.78148352486119,136.91569758164192
561,18.7,80.03111834490753,102.76377589039062,39.158563368209556,32.230997420015555,137.39948114490068,150.96164271043705,122.92972317862225,137.2688422007499
562,18.733333333333334,77.9979511160679,102.69163175621725,38.892365495642615,32.644436669300404,139.10154133130644,150.27443867868848,122.60708240852128,136.92457052214635
563,18.766666666666666,78.27224272284937,102.60884556933678,38.678558131138224,32.813160758614,139.13959082973676,149.412600139769,123.52369719924907,136.55201810950857
564,18.8,77.77658805570452,100.75134988076456,39.45091400596231,33.105648467168145,141.9033555952156,149.2590680623782,123.97357801447241,136.15512323668045
565,18.833333333333332,77.80770748766663,101.3780514366518,38.98583892361055,32.880343070435494,141.24734220825977,148.5390385863114,124.91020462646684,136.7301245640565
566,18.866666666666667,80.14216179531212,102.2224872927992,39.55912701834318,33.732617159822375,143.62770875085545,148.67735101183806,125.02397722185881,134.77251347248296
567,18.9,79.3250522265855,101.83179461122418,38.94959761883901,32.936722067103815,146.34919257266228,147.12967433269284,126.00616504900502,131.77482924332813
568,18.933333333333334,80.05053222187834,100.98524815439399,39.38067347277988,33.02622886738039,149.20493589417916,147.99830326976672,126.88291845764303,132.17504645145218
569,18.966666666666665,77.764352022136,102.06156726950923,38.90690588418971,32.84456771507511,149.41922521308697,145.66871073471225,127.3765364920377,131.51371049202444
570,19.0,76.85986078972253,98.82317701949798,38.915632662012214,33.11040169102582,152.90474898678227,146.00764425578828,130.0191285983697,131.1748356162461
571,19.033333333333335,78.09061519700589,99.44351985147509,38.830640423123675,33.17807103870808,153.00410488520964,146.34494882389606,130.44361041794505,131.53609030109175
572,19.066666666666666,79.77421666538675,100.0286524778675,39.03682026732315,33.27396965063817,153.77208204055836,145.80834811053015,131.74713489193124,131.95316209115873
573,19.1,81.99827673740704,100.22055081342894,39.202880463053695,33.682225711961124,153.47347448223155,146.30330856055267,133.45900412106442,131.40182463112458
574,19.133333333333333,84.01408123247897,102.03364627177037,39.7413699918939,33.93624258656345,151.68164169979858,148.35261899804556,133.85219233541073,133.0584258488645
575,19.166666666666668,86.23517346071269,102.1841347553889,39.64062111654506,34.48711015483466,152.3284424850588,149.3940566951993,133.20420955233934,134.00071641500858
576,19.2,88.86419988348318,102.54570160919852,40.1047527678768,34.52304219783008,154.41846980505554,152.18206019717923,132.4665441719418,133.6905116980489
577,19.233333333333334,85.8612948346196,102.86927304667249,40.17537687817956,34.1273183846072,155.4942532674719,152.97557118816846,132.50841028126072,135.1530368126841
578,19.266666666666666,84.55273503886632,103.828013466416,40.78657729497815,33.93629473081302,156.84719020916762,155.5178005975469,132.92406283805286,137.49841489420496
579,19.3,84.25430623359665,103.8358114505758,41.08177542898351,34.161831616031094,157.33604835436975,156.32833518011816,132.9636453056586,137.24439425785567
580,19.333333333333332,85.52656953431664,100.57650360362389,40.88437811959183,33.88141182983911,157.7924873522838,155.6943543559545,134.07106838089737,136.72338445552856
581,19.366666666666667,82.61639215037069,102.6729525771412,42.678330702939135,34.233191708120444,158.20614142439524,156.6531641101424,132.44834732162124,136.28749494611782
582,19.4,81.99217936365261,103.81986310802968,43.43752837911679,34.36742641377292,159.3433093230153,156.56868281176693,132.45829613509906,136.61226514474595
583,19.433333333333334,82.99028447027109,103.02162777845328,43.117912508714944,34.37216299599613,160.07598515482684,156.5193400670746,129.96742133319196,136.0204231167368
584,19.466666666666665,88.22563667474137,102.7119543583411,41.432975150289245,34.708944463618685,161.18316023171988,158.23982460479678,131.17047860789705,136.77209368804645
585,19.5,85.69692160018,103.41135446034639,41.39019697684432,34.73341598995407,161.41174879816563,154.5676388633934,132.87590395925773,135.4236345955619
586,19.533333333333335,87.4628600002917,103.73960896535385,40.866446197640094,34.888680100704946,161.18913483368163,155.8581714363444,134.2536775509127,136.25647035123401
587,19.566666666666666,89.27138023433446,104.46544723742005,40.661298011424606,35.24067871730307,161.3577163201108,156.72037135181156,134.84026276497855,136.90428545752974
588,19.6,91.90183653803832,104.81642299147333,40.667718670939216,35.503546469322366,161.30142199977274,157.14410495069558,135.0687965022994,136.84583110149214
589,19.633333333333333,91.06109820955605,105.87087986885423,40.38968220212108,35.65142133721103,163.17857297065584,157.14701793439392,136.03069778806497,136.37613045409412
590,19.666666666666668,91.79939841959005,106.02780300304683,39.937983312435684,36.27614548735868,162.63541195914848,158.60822295511124,135.52379676452136,136.7890363668332
591,19.7,92.83259338027358,106.10222554866125,39.643833452192816,36.635844945009254,164.43470422464853,159.70684877273953,136.93683759395137,137.05112063843924
592,19.733333333333334,91.16227971899832,104.21332381853239,38.763240011416386,35.90349497419008,164.21709255120734,158.7966406840165,136.91498079651467,136.76818716217753
593,19.766666666666666,90.65556379091659,104.20055468635213,38.764738667354635,35.733554132457414,164.67654325637523,159.27560869795664,136.78341235280024,137.39098251139353
594,19.8,88.46298114161814,104.67954221581394,38.732822258052664,35.52168959793474,165.6943630991729,159.50615846852895,137.41366910536902,137.34113901804844
595,19.833333333333332,89.5070476096762,105.3954297870793,38.60872968722384,35.67995349994148,165.9584228207282,159.229437840027,138.41029767656966,137.2836567542775
596,19.866666666666667,89.4333234294067,104.74743637598027,38.25160330040766,35.45975844990637,165.67721474875546,158.29540691652394,138.501483004943,137.4541884818226
597,19.9,92.50768393017566,105.8872066149056,38.59173185648565,35.72927678912375,165.4573758978651,158.1166883004079,138.90202154790126,137.46485692170805
598,19.933333333333334,92.08582057317979,105.62081191930801,38.364164965360885,35.54581587885196,165.3011417459285,158.0858290507826,138.50036681629206,137.3791197926676
599,19.966666666666665,91.69725624692785,105.53018978480223,38.356619941484986,35.692811227365965,165.69773079048537,157.2897444355608,139.46403700921272,137.3368118380425
600,20.0,91.41680080215319,105.5119991812561,38.21950054534204,35.618962373981304,165.5201587685558,158.186555494778,139.4842272558415,138.11336097240292
601,20.033333333333335,92.17524160841603,105.55232056354616,38.039441788938746,35.57322931582496,165.6665503282177,157.28323629368955,139.62378709818265,137.41868345126215
602,20.066666666666666,91.03027469706142,105.41019043068574,37.83131058989058,35.441644051816645,165.18557925047554,156.20154925265774,139.69689748993744,136.3811790974907
603,20.1,89.62996204301997,105.03078300622556,37.83222509458051,34.942190462325755,166.03243673471997,155.53291341406944,139.74925679801942,135.92382693213744
604,20.133333333333333,89.6961925676714,105.45689647396266,37.862457137010864,35.34946105315446,165.68844395214762,155.44795603619323,139.85998228286726,136.15601679376496
605,20.166666666666668,89.89912762894791,104.96861336000984,37.82343215840618,35.158605856431045,165.51304487553256,154.6329443564955,140.19366696980154,136.20183676092716
606,20.2,89.42594801163453,104.60501568597884,37.864109340693304,34.816026452126934,164.55598382284873,154.36316531335748,140.01527165768888,136.73255992945505
607,20.233333333333334,89.24030551949448,104.27577902975624,37.95663954248811,34.39420024990014,164.62785591116824,154.53759413739894,139.9275978752464,136.65194021641315
608,20.266666666666666,89.36701992410676,103.22411796983967,37.50480294830589,34.45597383637787,164.91076037983473,154.93650735192938,139.96929286505696,136.44027947593446
609,20.3,89.27730625085832,102.84310132013307,37.13215844088044,34.15803887643019,165.17204812599914,154.51192194668982,139.44465890473936,135.7781177532281
610,20.333333333333332,89.92426561802903,102.7132054645811,37.175706876802586,33.68854301918527,164.77497857652872,155.0457934219335,138.31438589965208,135.1344755128961
611,20.366666666666667,89.85006262971928,102.95287280813366,37.182611975185715,33.662578781039315,164.95668668512062,154.98705468216681,138.741499710287,134.98841139181965
612,20.4,89.4660862173458,102.38531099651631,37.17887048230201,33.40164041799581,164.90357956689252,155.41803679033515,138.78764306243266,135.24180090751986
613,20.433333333333334,89.43487847942599,102.59385895011344,37.23424893928421,33.36623765948832,164.8852964793202,155.71062519453207,138.5649186046451,135.0395580074723
614,20.466666666666665,89.26460336491115,102.688140956673,37.2896801244702,33.33489379552415,165.12558103319057,155.92511296169297,138.64667645291274,134.89027344283758
615,20.5,88.93288606089152,102.42949737067723,37.402342290720355,33.23265600095796,165.46684111396831,155.62879606678055,138.8730394215536,134.55193643537544
616,20.533333333333335,89.40791826842836,103.08092069700207,37.52579485189298,33.35564534119968,166.73694807464466,154.99030855784756,139.24614118236488,133.92818546829525
617,20.566666666666666,89.44699043326096,103.26620154254599,37.51874985146357,33.45588850029138,166.75479727855608,155.08546942002107,139.21442600051483,133.96960582422895
618,20.6,88.99705998931259,103.3371353773961,37.90039377731866,33.56413350783859,166.37619988351491,155.72968920242627,139.83744259027765,135.03633113474456
619,20.633333333333333,89.43522746228639,103.52537562438742,38.09578807516682,34.07543361838138,166.90252089926568,155.75529020919186,140.05540060787277,135.34693149687558
620,20.666666666666668,89.50586196876645,103.57818779674474,38.38175839061353,34.06652811595936,166.8720389269586,155.87003306197707,140.94606819887406,135.42216900033708
621,20.7,91.76312005887254,103.94840254449895,38.632720232516284,34.250729552078354,164.55947430925903,158.3888526955216,140.4338242821567,138.37083775623404
622,20.733333333333334,92.08072493079506,105.36734462379106,38.98572632750314,34.742529475717824,164.05675786148703,160.16670656977794,139.2914276777572,138.87828831137304
623,20.766666666666666,91.4368768613196,104.76938986769152,39.261309235024065,34.3149668880106,164.5380683532093,159.91688352641097,138.6175705848572,138.57014307908912
624,20.8,91.26744373185235,104.49173373929729,39.62571817450768,34.23274628507556,164.80226203199578,159.58837988938924,138.53011050529565,138.1314546040128
625,20.833333333333332,90.97636246148716,104.62078973070425,39.95338543870615,34.38826922413005,165.219733101531,159.05744341142415,138.74920875713093,137.99694900871688
626,20.866666666666667,89.65884936577059,103.87577080067715,39.72666503614871,34.487073519437956,165.23256635639459,156.4035246903841,139.3944061364482,137.1717308398161
627,20.9,89.26004424805947,104.69071631718907,39.772109934494516,34.5383530362278,164.71558441421627,155.5321455884288,139.01829050113557,136.3188029675068
628,20.933333333333334,91.5851776077499,105.53582467970342,39.87377162842232,35.39936619053757,165.53218699207142,155.18561487739314,140.4431448887241,135.8246193057841
629,20.966666666666665,89.50456912596322,106.94733067910175,39.65514269638177,34.90543622605805,165.28420096593774,152.72178436666255,140.1166397553522,134.17202982722756
630,21.0,89.75671565758786,104.86048368152268,39.38140573030438,34.30486949311443,166.0377557210487,152.5658012882271,140.23798361353656,134.02372718284536
631,21.033333333333335,91.02000219396899,104.37388775958422,39.57139776241094,35.027300536748136,165.90695585828897,152.614772545995,139.6388653649933,134.02866910004002
632,21.066666666666666,88.02586442942366,103.9445539212976,39.33307388719577,34.67868256538531,165.93166730143176,153.08142232176505,139.4279821628044,134.36099240160542
633,21.1,89.1714272458139,103.48551807274883,39.31232164777255,34.46688467614599,165.65176687611253,153.75996564444733,139.44994515702516,134.4381230328596
634,21.133333333333333,88.867321755772,104.01197223404596,39.63341576090331,34.407054498690236,166.04184855382053,154.32985103941996,139.45961459120943,135.0348019328451
635,21.166666666666668,89.00842144392675,104.94490257481621,39.69286943399204,33.88309674013069,164.89309045045857,154.7689966859574,140.97394320505333,135.81212827417485
636,21.2,88.68460452221812,104.5593572670619,39.73765452630867,33.82567919106217,164.8171365033345,154.54322082475733,139.77925689568855,135.90954893502067
637,21.233333333333334,88.46798034185757,103.88058663111252,39.746018643228474,33.70930232185154,164.67517971374076,154.85007725169496,139.45989655104253,135.80695993338819
638,21.266666666666666,85.83438163117864,103.44750691102838,40.51115443329056,32.88702743675649,164.01221892386496,155.57210325342174,137.6415668972042,136.19010329901897
639,21.3,85.29038291094494,102.71207376924899,40.929304719593766,32.73748643031275,163.13739062072864,156.60380515069986,136.93025689527747,136.56482961711686
640,21.333333333333332,85.92845930727717,102.10177984594657,40.79000177853693,32.566932747600255,163.33989765842946,156.97664907244237,136.90533206300566,136.95136322092713
641,21.366666666666667,85.84485675646513,102.44793443082304,40.71008003424518,32.70129432274398,164.35614029072016,157.07296781080183,137.6897764850802,136.90353117012205
642,21.4,85.75185270898226,102.6240446436072,40.64090070062519,32.86098987183632,165.6808249149907,158.14018737475052,138.0548227355376,136.82783149831968
643,21.433333333333334,86.95035951183759,102.8029260705065,40.60311573953478,33.15412359524499,166.79185624907976,155.53264054287973,139.21067466731017,135.3171713241119
644,21.466666666666665,86.94539770307901,103.65118149449273,40.379940994757625,33.2327713027093,166.9525255159822,156.0906960273689,139.81843480719743,135.40255243947516
645,21.5,87.1641447997075,102.38314188029183,40.14666880789405,33.151018065738214,167.84252756426676,154.29130944936753,141.5603481959056,135.04714380870408
646,21.533333333333335,86.18952789651391,105.76673501737234,40.9839580422723,33.100791557067005,167.1826578729923,154.59295013087117,142.79742996213508,136.05613188064095
647,21.566666666666666,85.69706630847676,104.96636134245055,40.78474718215851,33.15097776274414,167.23234496245172,154.58709817942648,142.85383769477835,136.712558474965
648,21.6,85.99700014557821,103.76917269324454,40.48596278088747,33.152494707386325,167.44936048221984,156.27809762586787,142.66168162264114,137.29430329716155
649,21.633333333333333,88.33064144392547,101.43537738215923,39.08989816977009,33.327915096065695,167.05139481208084,158.1092277138131,142.45158318943754,138.63139237188125
650,21.666666666666668,89.79862809221243,101.91264804553592,38.698329577222616,33.60553444279204,166.3930337587403,158.0871325664684,142.27983514502884,138.40412960780873
651,21.7,94.63438479022737,104.24438549568082,39.70295970011753,34.76610970328783,168.11919521291895,156.44895823125634,144.22317351053684,137.2214385826969
652,21.733333333333334,91.25955316304896,103.84425877367359,38.632804167241055,34.62623629518241,167.69212952836946,155.73392606995844,143.56517964235857,136.41237651066115
653,21.766666666666666,89.59560821976996,102.33482088819201,38.19057649140751,34.27450684819726,165.45407874705288,155.02143337965114,141.92069745123732,136.13553266088473
654,21.8,89.476443738089,104.52153870109655,38.1397435458509,34.36983022286866,162.79623214078165,156.88825278702478,141.0200142822708,138.62059536864106
655,21.833333333333332,89.46888004789975,103.43380875450652,37.998152849018496,33.90113498006148,161.15380833391814,156.97578376951128,139.83593753079,138.97581782856278
656,21.866666666666667,89.60611226356176,104.01113460091474,37.85559107280538,33.92775770115822,160.25523848612946,157.07893454914733,139.90567515703432,139.56061332489216
657,21.9,87.90726190888523,103.41241997187286,38.48579687060596,34.19337633742866,162.02316950064917,159.2244842312442,138.00460403582812,139.6845143601821
658,21.933333333333334,89.00347299158514,104.49947468500896,37.49813830540193,34.15299345099855,161.92250803001542,159.0595967596126,138.63755650274976,139.63918110465045
659,21.966666666666665,90.77573248747129,104.92093232449663,37.023037486646565,34.20586012340373,162.64993410786585,156.60765393696818,140.81744475967147,139.43321674558456
660,22.0,91.02167557497388,104.55738401468233,37.04043855999812,33.936165735483094,161.67120962627132,157.00947431297294,141.40614995524896,139.91165840556832
661,22.033333333333335,91.10409560527609,104.02726727860569,36.8524581032719,33.49610885705519,160.82696584077783,157.2616117744006,140.06633455654924,139.72352538305137
662,22.066666666666666,90.42104939685002,102.0041885881009,36.801244665265045,33.38227217766079,160.58418788539132,157.07582310930496,140.0721869514393,139.35821781865363
663,22.1,88.69741299300708,103.21500584685835,36.90592901033198,33.27856600497554,160.99495699552514,157.32450798148537,139.58670643489623,139.31190492203862
664,22.133333333333333,88.78509334779633,100.68255501763991,36.87346202143645,33.27273152044142,162.17461913142685,156.85739823796916,139.05377119536092,138.6516528819919
665,22.166666666666668,87.4873078404888,101.02865663063646,37.26716874361112,33.364586585593415,163.13859475091326,156.78639630799978,139.1906009821065,138.26191556184153
666,22.2,89.21804550093195,103.07658462716617,37.06859887202516,33.85162078364043,165.22765541169548,155.4344605978211,141.58136338202507,137.31692464278865
667,22.233333333333334,90.45443288355112,103.77870713154168,37.311757169969184,34.110807469972826,164.53424308291116,155.3135417783271,141.84015810342132,137.3272207270623
668,22.266666666666666,90.09875857761463,103.77434003003735,37.24841710341177,34.06075127990487,163.53259164920874,156.94815834248863,141.30194803839038,138.5861413719838
669,22.3,90.64616337641323,103.75269373694918,37.01676077323684,34.43107031230062,163.41547286058383,157.1134186322773,141.04114020396648,138.61979927135937
670,22.333333333333332,91.06464125859155,105.56331264891483,37.03520897699384,34.801358814985846,161.56541813315005,156.8912529243893,140.23856576960125,138.65954564316212
671,22.366666666666667,92.05149096140994,104.55311959023051,37.25511800346441,35.35576759128522,162.58393331276767,158.2125583580462,139.9925845739042,138.83237613289805
672,22.4,92.72124064800705,103.69106722434962,37.391259220719235,35.291283811439605,163.57860901676548,156.89638128963566,140.49055863055935,138.04071350246272
673,22.433333333333334,90.69039746208725,104.16649662679508,36.80303164810159,35.12017867181112,164.5052599199911,157.30518303255474,141.13485879549754,138.19700826278302
674,22.466666666666665,90.472597019052,103.19962479262266,36.42689832191206,34.64465193239573,164.09572589734978,153.2803516417278,141.32855613565755,136.69646752888767
675,22.5,90.38140917706487,103.1658686146793,36.240287097435946,34.51439662224615,162.39480281354656,154.09637558797036,142.14496644382876,138.0133254708367
676,22.533333333333335,88.35417378313628,103.8646719425969,36.196986132385895,34.47364622279221,158.4399611789642,153.71108916041013,139.72147238439126,139.38762025274625
677,22.566666666666666,87.57810643708572,104.3046530669108,36.4600283765675,33.751470139904455,157.79812195050064,150.65756952084635,139.33312763304582,139.09044967351034
678,22.6,86.56778898051931,105.15443734470912,36.744867318934915,33.39148554751949,156.6943562126017,147.3562161269673,139.41678361393244,138.02218502623313
679,22.633333333333333,86.16613810671049,107.42563138619676,37.618847737811684,33.2338239979716,156.09597044890103,148.24179824238593,139.5575609726476,137.88017078505095
680,22.666666666666668,86.63205260937309,107.24507921093199,37.54577998933978,32.892095833034794,156.07279880338675,146.95730128013008,139.82920990166895,137.55512357091118
681,22.7,85.33020861533446,105.52563623903477,38.32336447589675,33.19331666611088,157.05510533212856,148.89685523493918,139.5224442604218,136.99356304076687
682,22.733333333333334,81.15797751464397,106.44559644050608,37.437697891613475,32.09383757976283,154.43080181791373,142.62580841806815,139.3208299936925,135.33225052264856
683,22.766666666666666,83.58499749300205,105.56924193937847,38.2457260574107,32.42968482830596,154.6695099664848,148.43281221251385,138.786809977496,138.4933753770458
684,22.8,83.57103660687368,105.37714422647088,37.61787540279135,33.020858226063076,157.22486831617934,148.24345976154677,140.48560014135666,138.1753494119024
685,22.833333333333332,83.83469231282346,106.104364915273,37.1842001864475,33.58621111281436,158.3112909173098,148.26030691355803,141.30604301779923,138.07483477831963
686,22.866666666666667,84.30276452555347,106.33784061828037,36.935617018309024,33.478457848431724,159.4022642065457,147.62230612184786,142.07845258245123,137.34726741335388
687,22.9,84.90900059446145,106.34413034703175,37.07229874926255,33.31619584575187,159.4510539115697,147.80108863702893,141.94274614900368,137.43760209096854
688,22.933333333333334,84.56655506864807,106.13159305032879,36.75535173650506,33.02620139384887,158.30985944084304,147.49756459903747,141.7534583519862,137.6079807105464
689,22.966666666666665,85.64765942373529,106.93241329501326,36.84541724877109,34.272746680060855,159.59356408882854,152.19027260937304,142.0743873067196,138.68254163185023
690,23.0,85.9007732638908,106.62880123347787,36.721375221647676,34.178371386659016,159.63785527977612,152.1118756708964,142.28032597738525,139.01043120396605
691,23.033333333333335,86.45256439049737,106.43296063356033,36.786061744901,34.63238995546792,160.27179898041393,154.3375413464489,142.45808450462314,139.63302680992774
692,23.066666666666666,87.2043536708752,104.67060393176246,37.457507486843056,34.54337051864315,161.9931839858103,157.42753454436706,142.15925780473137,139.963784609702
693,23.1,90.07585451671545,101.75313045114207,37.57382996061435,34.397784625922064,163.41138223259756,157.11978056167314,141.4617036831768,138.58755949636858
694,23.133333333333333,87.76440376130152,101.51703949689569,37.15309153586004,33.626010810333284,162.6136873096539,156.05627698288203,141.70170200667022,139.91620902892495
695,23.166666666666668,89.31464206443752,102.06415258968471,37.54421892666536,33.939887213331744,163.5383025691542,156.92210103964334,141.0899532527751,138.8651635997273
696,23.2,88.12182698808705,102.0882008496754,37.507578509568965,33.73897846512034,163.2169807127297,156.4067394184453,140.77080293287952,138.54719269810982
697,23.233333333333334,87.98925250541069,102.7029143857575,37.580564299250184,33.77636104441407,162.02180606611745,156.64598859754028,140.00269813687618,138.66551916394243
698,23.266666666666666,88.81407706971699,104.74308533262717,37.72831147314776,34.00938787522598,161.9097739535221,157.07483970538354,139.93952930668794,139.33123103007324
699,23.3,88.4381904623833,105.28155248849261,36.77797105377932,33.2628135502295,160.26911139192447,153.44033163468256,141.03385947485523,139.17112920776796
700,23.333333333333332,87.61518991818491,105.51991649923637,36.83101019597313,32.55681016422929,159.57452175301304,151.37681489662555,141.04978216901713,139.29235434634347
701,23.366666666666667,88.02447652742205,106.48038691703884,37.2867333694216,32.5895551133715,160.19834287192768,154.09537778721221,140.89332318924792,139.87753823903395
702,23.4,90.25539647923318,104.39372380236543,37.78908236135208,33.15105106624797,163.70249438663484,155.29529266398848,140.70002123636561,138.31444224865595
703,23.433333333333334,90.1436942874644,103.44095464634374,37.854066753398776,33.43112722206018,165.58591419250513,155.35104369301695,141.7215751603177,137.71573912854515
704,23.466666666666665,90.86231552556221,103.49661836026824,37.9944765540562,33.89007034767673,169.30340782896315,152.94114505581226,142.79547491884108,133.30574582132593
705,23.5,89.46564256121083,104.81137633705119,38.270065497236416,36.448120655293486,167.55930345138847,153.16633894972057,143.44157479332765,133.78291557954034
706,23.533333333333335,88.63262211574504,102.9889506238049,38.30813164540067,35.65289770733888,164.6120060184371,153.17054887892166,142.99614835177002,134.50937135497082
707,23.566666666666666,82.90797791394783,103.4672811565393,39.26240739302371,34.88390298755177,163.01753488655308,153.37475566735105,138.126390302604,136.5207560271881
708,23.6,88.77615148305435,103.20443410276262,39.843203396384695,35.6879760175016,158.19010292178163,152.63089918240786,134.2214397480622,134.22032333979178
709,23.633333333333333,90.04358118007987,103.59967079269481,40.01103447416769,35.300635950138016,155.29686848630294,150.1042230679575,134.56630880513296,133.48222240000266
710,23.666666666666668,90.2311966006588,102.37396707973546,40.60642632976959,34.90531324348697,156.36538028270033,144.8239790764425,132.64769753443673,129.8626601054327
711,23.7,87.46516845387963,104.25186049768985,40.04956078072994,35.1620064645446,155.75504193375608,142.91201546554507,133.68748347582306,130.27081170163652
712,23.733333333333334,85.54493227862731,101.99286086704298,40.19597518270073,34.7672796778206,152.94926893458813,138.9368068433051,129.92749907333823,125.44978859922257
713,23.766666666666666,81.63673607322963,99.53224747547765,38.74363217300625,33.52704845618136,149.668044170438,140.25546949653673,129.4326966451416,129.59504306884375
714,23.8,80.77043057843534,101.73583357294514,38.30246484982985,34.06900864445534,149.60035340324396,134.13999429136317,128.8403828528214,124.4231053492065
715,23.833333333333332,79.27954826956723,101.06151327567076,38.34925520788667,33.98426178894115,146.26248436212532,135.6900000538103,126.97481482149836,124.23254961797767
716,23.866666666666667,78.23946227590496,102.27601596042707,38.52378453263184,33.67084300882799,144.78863905197645,138.99905709399567,125.96268725868603,127.61305083552485
717,23.9,77.28298052443725,102.26165630846178,36.49464976653947,31.81074891649421,136.09087255086806,142.07417798869713,123.30881860460896,134.83584683357194
718,23.933333333333334,75.97970671007336,102.24125848395677,36.565275001092104,30.70648308721407,135.9233657468642,145.27773559887763,121.42515548258585,137.19021319440617
719,23.966666666666665,80.50018482851169,101.51950661601785,37.02944940614752,31.085364729276154,135.45278546998293,147.21683206095912,122.64419588028541,138.54114960013965
720,24.0,78.80153108831199,105.2435238799137,37.82675620277284,31.699963408315362,132.47939041521428,146.8561740832614,121.50321911393252,139.50767977008803
721,24.033333333333335,80.54798086456827,103.67389873493123,38.39131469584969,31.38898527122336,130.8932232385331,148.43660530223465,120.51783593414194,139.51450007479676
722,24.066666666666666,81.05165266428703,108.4632052988931,37.803120197421,31.563863188748336,124.50818265462144,148.38059708101258,116.13661258904574,139.5390085686336
723,24.1,79.73980571896938,108.24377843024529,38.84321907655571,32.1283458121955,126.35395078134074,148.18869386471246,118.08134191639179,139.02744806947638
724,24.133333333333333,78.94822923531146,109.9193746529776,38.969614112804095,32.6981055544106,123.24345137376056,149.75902764865896,115.29354295430778,140.9582302415355
725,24.166666666666668,78.52287943481373,108.788601921418,39.0141831975552,32.74544969014028,123.11386532950304,149.65090985648177,114.12765085161814,141.03877209931338
726,24.2,78.71509027159968,108.3929017084563,39.26672997324195,32.836697905698166,123.44905964274382,148.59666492270983,116.26590844008808,142.1795310126089
727,24.233333333333334,79.33292441946357,105.7581872290612,40.346785903930254,34.20919585807167,123.06313825154251,148.6351295411654,117.53672390401141,142.23728247927448
728,24.266666666666666,82.56106822245214,105.39957487398831,39.92055804180446,33.27078593891607,124.20429046427712,147.4999188241986,121.1115612882869,142.71321273738377
729,24.3,80.01826356270739,105.92003993625008,40.14974864424374,34.53977772588509,125.27915875662048,147.12733705557812,121.58302318729751,142.64060463690683
730,24.333333333333332,79.34858375204773,106.4032610733962,40.393922179902766,35.031868733324735,125.35688728172144,147.28662580975924,120.7903935152225,142.083050230157
731,24.366666666666667,79.17547896256865,106.19467396351753,39.14362519124208,34.76624660284335,125.4217984862586,147.21280486441879,120.51666503393089,142.73565416146204
732,24.4,78.55131177307774,106.20878563337897,39.58212005089648,34.94430013366349,125.45553772462056,146.98946328333946,119.654370812147,142.29507804649924
733,24.433333333333334,77.71514613853815,104.78212992759666,40.19215254107063,34.98188969371879,125.75009177623592,147.18571169481046,118.30757578621301,141.4524564495017
734,24.466666666666665,78.17267729137717,105.59090722992259,40.30285148897625,35.103497448804774,124.51150983248172,148.25594039611087,116.91935082328229,142.02770545782968
735,24.5,78.65431137547115,105.6205206818677,41.0033970273423,35.22865590496362,124.46592766227056,148.3614257599249,116.687780684917,141.95212338042035
736,24.533333333333335,78.54284598217976,105.79014905706362,41.00229985500516,35.47436771301965,124.80709602420279,148.9126762224893,117.26697163619764,141.79027834125674
737,24.566666666666666,80.09251032145674,105.69046393447263,41.87545998330046,35.50486968553599,125.14065741774296,149.1032757145623,119.61393971646815,141.90612374123117
738,24.6,81.67822123635382,104.31219289752806,43.660884769730835,36.11889365431189,125.14718784903958,148.87726070228382,119.44786317797048,141.51906713884293
739,24.633333333333333,82.31817251219351,104.78628905350662,44.12050751043625,36.50798965482702,127.55722466663165,148.8920065268693,121.21696991603669,140.49532748365644
740,24.666666666666668,80.18575992269949,105.49406540824974,41.73121588367989,35.88505024999642,127.97845873336603,148.1726009682956,122.83420965599055,140.18956767546706
741,24.7,78.43058135277646,104.44617897139051,39.64157002537865,34.32623086530109,128.06930832533766,148.04878672905463,120.63651742070311,140.01390516967808
742,24.733333333333334,77.24938073689258,103.11588814318529,40.137038318780206,34.291004813408556,129.2112456936387,147.42059167066517,121.17194591438289,140.1808905498272
743,24.766666666666666,76.00909130927366,102.91413595186386,38.903882986895916,33.90605062307423,132.16272412942743,148.01458352597072,121.02735760414103,139.74214228709116
744,24.8,76.13114005189907,104.16229731168819,39.05450472348974,33.82609083454621,134.05298668388903,148.9359156951558,120.55615176603101,139.36479181770477
745,24.833333333333332,76.15495298393726,103.50100079583127,38.899926639174865,33.75328022097779,135.1030221691485,148.90630720093657,119.44004235360045,138.65791247343577
746,24.866666666666667,76.4518478869398,99.6083952223189,39.148436561988476,33.837183879844545,138.49854274298517,148.0466039648172,120.66643735687713,137.58826840879038
747,24.9,76.94352644510852,99.10949913780681,39.253428752248716,34.14416317870337,138.64847523183818,148.79357887379803,120.91119503998173,137.5499398345041
748,24.933333333333334,77.15448975096534,100.58648801627861,39.00108343384024,34.479359705708845,139.72191508372654,147.99835209015257,123.1172285589597,136.89544272334376
749,24.966666666666665,78.56200798254984,101.73230450634873,39.06490921728912,34.95158284900355,140.9012728841524,148.41401624028782,123.80781448387515,137.00709424276184
750,25.0,76.24018599242262,101.3150955903556,38.6740122923621,34.355742632810646,142.32643472434654,141.12944226530433,124.03323142799508,130.84277288604036
751,25.033333333333335,78.4139046384367,100.7494741871617,39.02344706962576,34.1018665661913,142.3268831925819,145.0378546070919,124.37117920572751,132.38227046274994
752,25.066666666666666,78.92904322353998,102.97277263696316,38.91829088343713,33.87752940175494,142.34883508580927,148.14822459205152,127.47723766303874,137.15884263457582
753,25.1,78.7013366152717,102.35126670725752,39.302111832184956,34.167923486101394,145.30058211010797,146.37570701923957,126.40124860674963,133.65321527923868
754,25.133333333333333,79.05654815165136,102.48900663655365,39.21005078320385,34.29745699791973,147.87303241398783,145.83740740938595,128.3555132383735,132.97077683086448
755,25.166666666666668,78.3758849765065,102.79123743681085,39.246867978748654,34.46328256855085,152.0709015258535,142.72526536085766,129.2630676750687,128.65581707819808
756,25.2,82.64962816445211,101.53588053118543,40.34216624778694,34.566255409271044,153.65426814145508,142.72013126404823,130.48090475362443,127.63369309552648
757,25.233333333333334,85.46657797201695,102.10760478335169,41.217861165255464,34.540631818254084,156.28856629265198,141.02251165901708,133.49762806512862,127.62912353495086
758,25.266666666666666,85.70615522340046,100.36424191870104,41.047954978564064,34.386566737804735,155.78900283652055,143.48475990319162,132.9741828848572,128.51308229843463
759,25.3,82.51054818650117,100.46731103906119,40.26093625398968,34.2812146298311,156.8601418154521,143.59653345140697,133.6627081345539,129.90011766380985
760,25.333333333333332,83.3006116579554,100.28877348010818,40.48628952610608,34.57134269886994,154.76014794294642,144.7862432414471,134.29746019542867,131.25452056729898
761,25.366666666666667,82.88007192246721,104.46929837568932,40.08221063685391,35.74992588295464,152.9716637600312,148.45845409161925,134.45234192749396,136.32093889002212
762,25.4,83.0574382765781,105.7437254387181,40.14398130728259,35.979300763194665,150.4176704889879,149.76121924779702,134.73927864620288,138.3818830796604
763,25.433333333333334,84.41130697370357,106.7348786520569,40.54622526488783,36.33910292113166,150.9276657477869,150.68552790135595,134.99947484285943,138.76956879435895
764,25.466666666666665,84.68836949397419,107.35730868788599,40.773119488746865,36.727341675209104,152.3533564543298,152.25169606763052,134.25801235781893,137.63162379743403
765,25.5,87.3671547882074,105.62443849743202,41.23075048820532,36.64815365268015,154.27894421736485,152.51001120134694,133.6223834831363,136.23783380228804
766,25.533333333333335,87.77698764427137,106.48180368534167,41.33993176962667,37.0214297899419,155.59020610486044,153.49794537364716,134.51453359216706,136.8187111656326
767,25.566666666666666,87.92052453129753,106.43503256104835,41.38192081284842,36.92341643709023,156.70609306912738,154.12893970153928,134.82723417855198,136.29139159250397
768,25.6,91.99654320119596,106.73469829440855,42.46352796398067,38.13633336632582,156.29450583577267,154.24646230675344,132.77980959437147,135.6520426974374
769,25.633333333333333,91.74105579241125,106.47294169675163,42.097743061034514,37.675417754710786,156.61197944208652,155.2168507196471,133.2564901399215,137.3614950160308
770,25.666666666666668,91.81473457366685,107.56063424013215,42.261805153179864,38.23002953174109,157.8308395080318,155.034967892037,135.12873711972722,136.9242225834711
771,25.7,91.3356982348663,106.64554475611035,42.01503550741794,38.02774839038993,160.9779519874454,154.61264401176234,136.43115393729107,135.88685376302112
772,25.733333333333334,91.10401737902271,107.83140835242271,41.76392569007372,38.484071010567774,163.5219269434598,154.21505857244884,139.7668685870179,135.65777925081932
773,25.766666666666666,91.92589646340298,107.6120764486351,41.877141235467434,38.412055692390105,163.9102355257543,154.07245522495828,139.64674846236775,135.60416741265288
774,25.8,92.41704510387974,107.98283405201686,42.007523357544,38.67733802528807,165.4808846923714,151.5794146056085,141.6951704266067,133.14282552534522
775,25.833333333333332,91.7625338420711,107.77246365309205,41.624616697460254,37.93924302073483,165.92930430158256,149.17167540132058,141.99573729205923,131.36519207839
776,25.866666666666667,89.45265101110914,106.2619573232097,40.74773257397675,36.62108428984107,167.11142160897595,148.05283966342546,141.16865379466722,129.8169442689387
777,25.9,88.46756836809739,105.04541751177446,40.30253310654758,35.677709711208635,167.69563006659544,146.1775765485538,142.54430555215717,128.2470805046718
778,25.933333333333334,89.63907529189198,105.14715078246387,40.425436704553206,35.77065899499704,165.3684046060651,148.12219679948785,143.00389593905155,131.46039851855946
779,25.966666666666665,88.69176889501098,104.75567405963191,40.02154081518634,35.16664827384218,165.24223635112006,147.12445514038336,142.77968788297213,130.78066528201083
780,26.0,89.39080717985313,104.30105484935932,40.362073149957176,35.091066567737755,165.311775953552,146.12240885948344,141.05081335600897,129.20834333103804
781,26.033333333333335,88.20005658557939,103.68583978051912,39.90656494693391,34.91447299788043,164.5592820145719,145.85175899306057,140.62975935401863,129.50914404030553
782,26.066666666666666,88.43036846398032,102.79868198017246,39.60063852407269,34.41010949796246,159.0836983170189,147.5644702988357,138.72819458598346,132.44036516231827
783,26.1,87.5985575068716,102.46249651309083,39.276827163672614,34.17692325055677,159.47700909189732,148.17691212764788,138.22307351719806,132.60328105617208
784,26.133333333333333,87.83333716959648,101.64290230378722,39.49655104437918,33.671783902004115,157.93718289996463,149.74057573616534,136.7471838980122,134.80086062483966
785,26.166666666666668,88.88797907000266,101.22884136121738,39.433085249121206,33.15452059947662,158.8587493389238,151.69028538818125,136.92803246515393,136.92001849687762
786,26.2,89.79825319963658,102.59896536311764,39.65247208378917,33.82209414554371,159.31680604461837,153.01348397739443,138.17271038652297,137.87599941788008
787,26.233333333333334,88.03638122213415,103.34043682802087,39.25458111123775,33.80350690481439,159.61483562317514,155.0192813291486,139.45035010213894,139.59516425772003
788,26.266666666666666,87.77281409427769,104.39472283518431,39.23057730470118,33.96021370891599,159.84194069168007,155.76085187814826,139.77412677940666,140.27553321275892
789,26.3,87.39011169952995,105.15125370154031,39.10211734690192,33.521347899862434,159.5051533592296,155.2501213899477,139.98794945278328,140.2280260392986
790,26.333333333333332,87.39153272468037,105.89915634424695,38.820558908672034,32.86658745950697,159.1324071597576,155.49841472863653,139.43432775671963,141.17726818121247
791,26.366666666666667,84.83878136981582,102.80673170117421,38.03422626016298,32.24392516376226,157.0510620078883,153.74109750428428,138.88631909297845,140.83582054752395
792,26.4,85.76597250528623,101.8414455965933,37.77454565475072,31.990558648333902,156.83462085007545,153.10211760351424,138.59050887097584,140.84427154023678
793,26.433333333333334,85.05619660736163,103.47359521465812,37.46346774893749,32.31084451272781,156.55784143710756,152.12881964333823,138.63181777488708,140.3502312943795
794,26.466666666666665,85.33954200464373,103.73157625068202,37.512054612779586,32.53086531377214,156.90197249161002,152.44286114220262,138.43789570805706,140.355223102241
795,26.5,85.773064334839,103.83118578909627,37.44009584303789,32.671606955230345,156.99261781065246,152.40698081061953,138.8833232492687,140.24289339016534
796,26.533333333333335,85.64170732880102,103.4999504269604,37.2903484811269,32.687565114597824,157.44669171409458,152.48463202308128,139.01549194842875,140.34586708741543
797,26.566666666666666,84.19406719847828,103.17330199293218,37.62144219454679,32.73598139869606,157.93764109669533,151.40155050973834,139.6407820094245,140.83490587992546
798,26.6,83.69193063118918,103.05968782570564,37.57313893542419,32.96940208138947,157.8013769227166,150.44937865565285,139.62082045735485,139.8458707842787
799,26.633333333333333,84.13388152938839,103.14601405946651,37.517904349631,33.039413710276904,157.7733380144392,151.02931037350723,140.19085156994063,140.62970477697965
800,26.666666666666668,84.3570230792754,102.54352161143927,37.615284994791914,32.56899648551291,158.23671807179159,151.23054932124288,140.45889403213667,140.5534819743885
801,26.7,85.11875342709261,102.41169693778113,37.84059293694475,32.46125106177073,158.0415139323263,152.11702919535173,140.86685913634437,140.2594961182198
802,26.733333333333334,85.44624856106498,102.68891714490654,38.13490822537112,32.43283257393252,158.49122689009144,152.85076991349075,140.52446936757323,140.57488254067096
803,26.766666666666666,85.4772435010345,102.88711009064035,38.14935263893393,32.552539989575045,158.70289408331124,153.29775364746644,140.25429105458971,140.36982514694455
804,26.8,85.20988839825844,102.21540582476074,37.723665083431115,32.44733465824061,158.2833343372117,153.46602478700993,140.23214246997938,140.83392157845807
805,26.833333333333332,86.2578710771756,103.01589068563973,36.98234735060006,33.310471521821185,157.4380316278051,152.08187208808525,141.04526400827376,140.8351301518206
806,26.866666666666667,86.35951537727709,102.33399659476213,37.28411575480857,33.09389982614501,158.34291394325177,153.1714414427559,140.92879447064587,140.68529324887996
807,26.9,86.32932753521766,103.70497879974108,37.3145752003761,33.549575118251596,158.3637987937501,152.23861983673783,141.35164206789028,140.94369080442067
808,26.933333333333334,86.91447388824827,103.0596503845623,37.38898485017138,33.571477926456254,160.42847344784383,152.41996873511926,142.51432135413316,139.7583983627865
809,26.966666666666665,87.25641864658863,103.33820562875493,37.335083563518026,34.015726712596255,159.98498463758855,152.20783614152256,142.45380950541482,139.84771355248708
810,27.0,87.14813130468707,104.06742761460475,37.281125347780986,34.01056248637272,160.0188758730032,152.32998276203747,142.54291713338645,140.01373455379473
811,27.033333333333335,87.6720860891183,104.29101618963057,37.247667461331396,33.49241610785949,159.9710276707234,152.6705147384863,142.48279760227925,140.4009712983582
812,27.066666666666666,87.23256545609165,104.46459250383839,37.31736261088334,33.753981198690106,160.1710793232777,153.19885694800138,142.57538903585834,140.36743112756363
813,27.1,87.369128881678,103.77167607027347,37.19434662510644,33.46279287893246,158.9244876230782,152.50625011102832,141.81578964198872,140.7166734007488
814,27.133333333333333,87.02518000459762,103.34786765674362,37.21665093479989,33.676445066846775,158.441401573144,151.92741694166878,141.0849383102795,140.7457813720116
815,27.166666666666668,86.70404222821473,102.9128437013913,37.265777577548704,33.572187205269195,157.71585654847837,152.05663596799332,140.69952319746443,140.696995146486
816,27.2,86.63810636043961,102.49696465161232,37.27083082520174,33.6356074305645,157.90270322181877,151.89296443658446,139.1867772418448,140.47536820356407
817,27.233333333333334,86.14130986842432,102.00274658191606,36.84215660437812,33.16044418234895,156.56175181417052,151.30734841626378,139.14398061749026,140.4470175392285
818,27.266666666666666,85.35127943090417,102.6638778621794,37.43547694861881,33.31331095447003,158.8456425895078,152.02009717524766,140.17057139967974,139.84830243564087
819,27.3,86.70545696101627,101.76855906378961,36.56221763763895,32.73111315513964,155.30830739293557,150.54292021489252,139.50347606974975,140.11598848736037
820,27.333333333333332,85.58771054635783,103.4611429835058,38.21381386782716,33.5086187017334,161.38662304112015,153.6131738683062,140.8006255391483,139.665572667237
821,27.366666666666667,87.27830573852073,102.42193973028265,38.28217331601513,33.420220426800135,161.0466223926572,153.99024741804888,139.83639230168293,139.393321788849
822,27.4,88.05129061374714,103.24922022886574,38.36756266934326,34.62415767396736,161.55413000658908,153.7183324310277,140.70377673833653,139.06095513713285
823,27.433333333333334,86.24634970699925,102.11715932722869,38.32238151864611,34.02141574607077,161.25621710527471,153.69399013014458,142.47894666751333,139.3838443603977
824,27.466666666666665,84.73565183063218,101.14207972181408,37.9481750612031,33.23670321916773,159.53098987950764,150.96423372878675,142.96802064577665,139.40221030660697
825,27.5,85.53466709241746,101.65711508469272,38.273956582599844,33.339405805722414,160.18574996356773,151.2135572108923,142.48663619093645,138.90796611807932
826,27.533333333333335,85.13397049732669,100.36935664031714,38.4460638489411,32.980362738830706,161.0004181826218,148.98624464976348,141.35634267392763,135.74804287451641
827,27.566666666666666,85.50961668559044,100.78470397810099,38.368960749313715,33.189273450862196,159.4309536863764,149.12510156921167,141.25712436478136,136.42981746333524
828,27.6,87.3479124863356,101.32158092029144,39.536509344705024,33.942710973853636,160.71015545331218,149.12088402369707,141.27175669365687,135.53173213931947
829,27.633333333333333,85.27364605290458,102.05404199400755,39.12790787021888,33.80537579732294,161.01265577870285,147.31679266186646,141.82343833193454,134.49686346026374
830,27.666666666666668,85.37778663958507,102.10614381119365,39.09310975102997,33.79742682558668,162.5831353016409,148.22420967510558,143.7356905959458,134.56736246756194
831,27.7,85.84131542557354,102.10126006335756,38.9054291862808,33.54554500795241,163.25826742329548,147.66681690373207,143.72187286960164,134.85627252407434
832,27.733333333333334,84.82011334124617,103.23541856068996,38.85302100542593,33.11756445634116,162.49264103721904,148.4942032988274,143.4824812008144,136.04461147327342
833,27.766666666666666,84.30772079433325,102.34357015936497,38.77281226845244,33.143003744813754,161.22934227997987,149.24957515992975,143.48758602185714,136.49505144617115
834,27.8,82.88157704601974,101.13308573519672,38.49610770144293,34.113378379954774,160.03943514858275,147.975752514055,140.6450644830678,136.20323544843993
835,27.833333333333332,83.22600197412459,100.4551633674386,38.41166959391737,34.45592748867478,156.68630249238177,150.20501835945328,137.72639099305587,136.6955392525573
836,27.866666666666667,82.49010315234298,103.02617820751871,38.20740518969694,34.13439323205757,148.7350534605718,149.2769886836918,132.4584800225779,139.18320841574302
837,27.9,81.1477802120866,105.30663677434772,38.28535919439346,33.71725806962483,147.57752203487004,147.60765772845778,133.54264726926905,139.92067953113306
838,27.933333333333334,80.3539278239003,107.74810102697496,38.14949888147702,33.04464491395545,145.57194545800834,146.13653676313305,134.3677019460756,141.59987761549132
839,27.966666666666665,81.40937914179806,105.0720622511981,38.78185036389273,32.54351978146756,146.20923130290555,146.58064787498614,131.71929159587572,140.00269916903963
840,28.0,78.54899699623672,106.13364283496485,38.96169215709878,32.292133667948264,145.4963815172764,145.437865997134,129.36451643867235,139.23208062344958
841,28.033333333333335,76.57891869549306,105.2426181836975,38.774891878160496,32.35874851722658,146.21172356155085,145.66531897564786,129.7818009193645,138.72516805929254
842,28.066666666666666,76.6910459170133,104.28795534988897,39.51561162740908,32.31118722124833,149.67334947315652,145.08734232917968,131.24730920584753,137.1572163976733
843,28.1,77.68698228210161,103.820466137824,39.06914972061977,32.36214182712194,148.46667738731233,145.66200124928326,130.95058832085112,136.3611879617765
844,28.133333333333333,77.91162100968472,103.47823921022119,39.337634435080815,32.41268025545108,147.9355630419627,146.29840821221308,131.38811672583552,136.72081436425228
845,28.166666666666668,77.9246849974438,103.77399408060434,38.334761720058395,32.32241018476793,145.19532212775437,144.98095039372282,131.52529503096372,136.84118227436596
846,28.2,77.80084630280943,103.72363221026265,38.23626855449292,32.90541110458587,143.46557364294117,145.23925363558988,131.22430803567687,137.3035229332809
847,28.233333333333334,77.39777551851132,103.66584762643323,38.15396335232588,33.14550812161484,141.3716386759984,146.41407969447658,128.1555348085556,138.23320519192563
848,28.266666666666666,77.8820662574759,104.53292653345683,38.53972876696551,32.91823094036558,140.3011798091914,145.6490776186935,125.35485451069337,138.65072448946393
849,28.3,75.46135893527006,104.1582736898175,39.456273257108,32.985027509702206,140.66825638181228,146.0705573733452,123.99898739713308,139.8310641090018
850,28.333333333333332,76.2438544253241,107.97187536223247,38.97959559226439,32.73867745164827,137.45916761195704,145.94643819817088,124.85193360251314,140.62182473379005
851,28.366666666666667,76.04935288912587,107.43752352420594,38.99335016747761,32.73604978395293,137.80688186747273,145.8721209604007,124.53703855614295,140.5646772349687
852,28.4,78.182735516333,107.29651510663192,38.95664199122647,31.905199588028175,136.3469059697265,146.06301294956384,123.60204314067984,139.87130097826667
853,28.433333333333334,78.45593121790915,106.30477988022103,39.00310383118021,31.965639876434658,136.66115645951237,146.14474921515068,123.60241645060928,139.66432025130408
854,28.466666666666665,78.67882821373166,106.24739998423294,38.86898763735819,32.05304310622982,136.11080651678674,147.16468558426445,122.54154184958352,140.4574472070769
855,28.5,78.6410294225871,106.35105407301687,38.920513288715725,32.250313879222766,137.0254160067868,147.82274934361038,122.22937511848134,140.31085027236358
856,28.533333333333335,79.10674550986737,105.91466306123293,38.57811605356191,32.3054418707173,136.24738017575416,148.09096469192443,121.98597268928827,140.19922380588503
857,28.566666666666666,79.60571077518973,106.37054584816838,39.012395841521965,32.45184378724184,136.97015329156486,148.22524022037535,121.75980999988191,140.35152274613083
858,28.6,81.84237238824579,106.14397428617598,38.86726584414239,32.16695266895651,136.6048349999677,148.1134587680421,122.16037911331735,139.9103667679162
859,28.633333333333333,81.21270103533743,106.94017257774753,38.736812105280784,32.41857338999485,136.80033357688293,147.38030557161267,121.18381177209127,140.0271473841832
860,28.666666666666668,79.97707696247865,107.02664746464451,38.75162752695914,32.345609793859886,137.04149309292256,147.64288510482925,121.32956400248594,139.94915484653225
861,28.7,78.9575473479827,106.8753137977317,38.62935046713457,32.206037727602805,137.49549608417215,146.87922320206133,122.37991603477506,140.03136606236097
862,28.733333333333334,78.88840121733975,106.54962027508027,38.828269679988246,32.50610540760294,139.4804009289199,145.83043797169265,124.06556743572973,139.59193939910443
863,28.766666666666666,78.36230314174398,106.98340656947717,38.42500621765989,32.48695532704267,137.9754510457964,145.78003021469496,124.43088910293153,139.4951270135889
864,28.8,77.49787910590372,106.81199146876473,38.35091324166192,32.342263746369035,137.6479002214104,145.83988723746526,124.85943411619739,139.54797497032453
865,28.833333333333332,76.73151224071087,105.40182507598664,38.98796422249331,32.36493584428801,138.41098608353815,146.3723884450014,125.21548343980135,139.155707446534
866,28.866666666666667,78.6507977951253,106.69079932147223,39.21552947036179,32.160813971800415,138.18977854025096,146.2464344078146,124.43853518309477,139.07352341973592
867,28.9,76.4279526571226,105.68313348667984,38.863070954870715,32.607406079362136,139.03752273732405,146.295040996963,123.90321555266681,139.10164682124412
868,28.933333333333334,78.16446705721478,107.4428721829192,38.664239418511045,32.363072549729516,138.51886024658242,145.6064121653943,123.84159355269882,139.05236598384292
869,28.966666666666665,77.16128580239224,104.91210237059771,38.94914260346753,32.658350406682516,141.83019356118015,142.99646306922955,125.88866422054342,135.80602873410345
870,29.0,78.9614112814457,106.17638753322518,38.67387417536925,32.28281908332056,140.22978513150986,143.65323753122175,126.63326131951482,136.34695309654654
871,29.033333333333335,77.66487868224458,107.10895657703664,39.582284030405695,32.58814465788832,141.2616762181387,145.37135607138276,126.1269513018782,137.60940546783138
872,29.066666666666666,76.27707400040664,105.9630176484047,39.185716629787834,32.85076885571292,140.8064008615189,146.85387276619377,125.94163348386559,137.97126630898666
873,29.1,76.58544686980711,105.18726494987003,39.14706487746764,32.92803557476124,141.08144724911244,146.1835165298092,125.48840184602102,136.6252581936654
874,29.133333333333333,77.05036083373446,102.68232819049146,38.51280159592339,33.512643350755006,142.42993908546802,143.47636382978487,125.52152071402958,133.54902652855893
875,29.166666666666668,78.28760763711294,103.20910724400055,38.439553998047074,33.58937787446286,142.29803296860462,144.32570582434667,126.94318731880465,134.57514329556668
876,29.2,78.37286408863423,102.88731982159878,38.03939176642692,33.542403636271835,141.18504437411164,143.7506012912722,129.51450797323005,135.99975552844077
877,29.233333333333334,76.53054947377557,104.1293832626974,38.227407221960455,32.84830655401501,140.967527864153,141.83491015095305,129.77976066021907,135.9263116626816
878,29.266666666666666,76.87021834234869,103.08686712271407,37.89315915952617,32.80679334349648,141.5284278199089,142.08524897716478,130.55628502789756,135.69401562163517
879,29.3,77.00817803013797,103.39992199007784,38.24988588750182,33.23946494145519,143.8896157007542,142.48613404656885,129.12060097153227,134.40773639638994
880,29.333333333333332,77.13193609056147,101.9521161402985,37.86515395924551,33.56411394939884,145.95025469654186,142.9506815724369,130.2403585130641,134.223836223065
881,29.366666666666667,78.06621640342705,102.25717109515638,36.6669005915664,33.18562955094514,144.33395324073845,139.84373537320022,130.2713774875198,133.2230087036136
882,29.4,78.46242954137269,101.83182964076556,37.2726200356437,33.838335032910095,146.02715381003426,141.49737825839978,130.8541361270449,132.71633582854554
883,29.433333333333334,78.63917644951908,102.23010753322313,37.40288634203589,33.78677354577439,146.63524258759205,141.32584937355549,131.70949122958004,132.6528841510075
884,29.466666666666665,79.82864125497379,102.41476952567743,38.25310375928145,34.480495144005864,145.99091365628198,147.3400292971017,134.11042793065462,136.62447564078022
885,29.5,83.62929853329638,105.13373877724405,39.78362564121694,35.86602329299777,148.0954685630473,150.23375763698343,135.31081825040133,137.19238106484534
886,29.533333333333335,83.90875600606206,104.07261130729403,39.75494235849589,35.362802353891325,147.6801385409416,149.48657796775183,132.83523287129938,136.8450379987807
887,29.566666666666666,89.46934618841904,104.46030566267865,41.81302408336058,35.77584978348766,153.30847059898886,150.21291694759915,136.66084643644243,134.89683702269957
888,29.6,97.22698135331403,103.77502335209196,43.1017586915043,35.88916929782267,157.13755804207835,153.74408557097914,139.39329344133384,135.78748462728856
889,29.633333333333333,94.01629786115623,102.14364056774036,41.70008129617297,35.27312256680321,157.17844722777554,152.04786787757334,138.13540000479125,135.41737182860513
890,29.666666666666668,92.77405776307192,102.29548505669943,41.46652929741866,35.03897441172944,158.24981847348323,147.86598089366385,136.99123506948888,131.1305592143638
891,29.7,91.16049946106722,104.3504266996906,40.77485117145357,35.022991484037604,157.96048406324942,153.65838978869644,136.65010869003748,135.8641827988345
892,29.733333333333334,89.71818640240858,105.25142559308954,40.27947046039196,35.14536150213703,157.99314270545432,155.08588649743518,135.0612880156651,136.9218627856656
893,29.766666666666666,89.30109043155652,104.37704686227222,40.44164842267359,34.858773340052515,158.76246319402918,156.32831299688786,136.0939363640289,137.41888964923427
894,29.8,88.39579860270887,104.01485889628086,41.29573150768976,34.68081307316162,159.00351432462617,154.55149549840144,134.45486314918693,136.5114622763574
895,29.833333333333332,87.70871337846991,104.64248802983224,41.112616404245536,34.644673150954006,158.95170577953058,154.1028395940372,135.09278374496455,136.9031421819812
896,29.866666666666667,86.70882626459358,104.44458199982196,40.836560442941625,34.63808466904368,159.29514859904756,154.89290937125295,135.0602630486059,137.24913465239183
897,29.9,86.80246796146999,103.42262413506471,40.74663554220082,34.70254011976466,160.75115008745908,155.3980207485522,134.99571335396905,136.63481987163766
898,29.933333333333334,84.41913869129735,104.0101333582199,39.959483730862694,34.95433258282012,162.16368572417656,154.41589109055988,138.18698241497157,136.15936116599656
899,29.966666666666665,85.16600015021228,103.49672728560675,39.956847603468624,35.22348331878474,164.27610203607458,154.3293423785172,139.21680779266075,134.70236783497657
900,30.0,87.43408506136954,101.33047503078889,39.65308307711763,35.339917165186215,164.95962764278147,154.23952822247483,139.77758951878786,134.35275638504896
901,30.033333333333335,89.16238384987068,101.08739268193236,38.66880198692277,35.664474040375374,164.09881536661376,156.10318553439885,139.3922962568433,135.4370374295705
902,30.066666666666666,89.8190142510936,101.64753268666709,38.1692741537081,35.91495031710606,163.94009450669796,156.4521557193479,139.2073091683832,135.5646279361
903,30.1,89.70849163128909,101.77155840583401,37.81562273287393,35.57798254944954,163.77085035741277,156.37158975542624,139.5526781582578,136.53165978154553
904,30.133333333333333,90.40490025727134,101.7292253725609,37.86292885500404,35.74956189001731,164.1518739450385,156.10838897312158,140.56613323673594,136.66009425673548
905,30.166666666666668,90.21415690748948,100.64241984862045,37.446566983033634,35.63646678309367,166.44763627312435,151.0270909237359,142.1469253343271,132.91448155138644
906,30.2,90.57217085101924,101.46401033652806,37.2495419305914,35.57515635874322,166.57102771822377,153.90424983538105,142.28403749892456,135.1443945957128
907,30.233333333333334,91.73878125569935,100.63959961184604,37.27547047051358,35.64715565106861,165.22336206851642,154.1972855216503,142.25210488390172,135.28738993255823
908,30.266666666666666,90.36495094336499,99.67996163650812,36.05484457892314,34.83613242041639,165.00404613524236,154.0624390937387,141.48073534851727,135.2040781978373
909,30.3,90.30145188139522,99.16858623673123,35.83921650466372,34.821339693121516,164.66021049935497,154.1685778808684,141.11453031670075,135.45911421200802
910,30.333333333333332,89.81309198419751,97.35376755917345,35.36940210457007,34.52944902106561,165.39221664933424,154.36647397288544,140.21756948312407,134.93133077630105
911,30.366666666666667,90.05642174388302,98.20287063985462,35.158382483655885,34.41368961113393,165.3388035007475,155.653824720031,140.67790854275668,135.13561482130712
912,30.4,89.83297625612069,98.29234400218665,34.93212566881805,34.42399114973611,164.856745042957,155.81598030212217,140.20293457811158,135.53145767924008
913,30.433333333333334,88.73463973303723,98.51539545725605,34.95746082799611,34.5134037430071,165.19108537945274,156.45489493822402,139.3641166345705,136.05637286764656
914,30.466666666666665,87.39944579777855,99.26687481981509,35.37927258221919,34.37223986208078,165.62032245457064,155.49245221767347,138.95595173458042,135.09132147407928
915,30.5,88.03476841921237,98.67123012391372,35.31511288734316,34.76259599747832,165.31100847168258,155.4956628721851,138.51538198243458,135.07122162733523
916,30.533333333333335,88.3768972852015,98.89972709129135,35.320435205262434,34.76496806751311,165.5384554618276,156.46263719307396,138.14068989995863,135.42729878786523
917,30.566666666666666,89.84396513430157,99.41401509825704,34.94537120052866,34.89756083440621,163.83746959056435,156.98255987519815,137.80252830684438,135.6246394230224
918,30.6,90.71167478611295,100.87612494270893,35.2351451850209,35.8691067915726,162.92632119016457,155.12886044747952,137.8878564234141,135.37641130247016
919,30.633333333333333,90.40810419101167,101.64336684820785,35.47865627007913,36.234197690298366,164.0580238599702,154.19915495130417,138.25699502310545,134.0086546746551
920,30.666666666666668,90.00986146362403,101.375119191788,35.79786884254579,35.65281234729243,165.94590205349036,152.95074543655096,140.141949864569,132.91197090921227
921,30.7,89.1890661771628,100.63555781547592,35.2440362293575,35.53960967594691,165.94025872224606,153.1111544829255,139.56637887337675,132.7874834743361
922,30.733333333333334,88.79732513164416,100.21753672901248,35.08901539458112,35.21051480431343,165.94040028057591,152.7365829136164,139.66673048203074,133.0341993779844
923,30.766666666666666,88.70932564610357,100.22556556351984,35.04088987783215,35.17349497323638,165.37538923790726,153.41232250932643,139.19942997614208,133.81332181788503
924,30.8,89.46757389555455,100.78303007716153,35.28536436354841,34.90188763352235,165.52336854802718,153.46919629547918,140.0754693956222,134.76930950253075
925,30.833333333333332,87.90242917036556,100.17043915574203,35.92051287714091,34.01314361185258,166.25343651232484,152.60583055657256,139.87184132323046,133.9938325325132
926,30.866666666666667,88.79206091253496,101.0730319160718,36.59944026461769,34.101600324443446,166.98335022353575,152.03239561589274,140.9599002232215,134.12133073751266
927,30.9,88.67523963905468,100.77191452372269,36.72684118008687,33.871670363180336,166.80554714961022,152.23896170208434,140.88226038090156,133.88759760159985
928,30.933333333333334,89.64165174040144,101.93247380393632,37.06438376209542,34.17402720929031,166.38546099384897,152.8525467476954,140.91074873458737,135.0821481586344
929,30.966666666666665,89.05809875309942,101.71288525690983,37.19079044434259,33.736407891274006,166.37924173184524,153.6512945812237,140.8570552589057,135.20410432633602
930,31.0,88.6097320107416,101.52820016675271,37.01136344942586,33.29067002189422,165.89639223568284,151.73816493007536,140.6298959266252,134.378845956881
931,31.033333333333335,88.40208942646903,102.12608602623085,37.99927413344394,33.1045718427091,166.47794218840897,153.23094528610085,139.94126996886598,134.5680413164768
932,31.066666666666666,88.7498897059848,102.75301028325731,38.207618144791724,32.78810608307741,165.71031744617684,152.41295653074764,139.05474099744083,134.52146300214096
933,31.1,88.09832285973687,102.57389027374818,37.9670622060996,32.165679952472516,165.7811832998569,150.15618708313932,139.56921625158364,134.11252169297862
934,31.133333333333333,88.074792799547,101.52196702183197,37.84460448603893,32.025179746788176,165.65699345266074,150.14814626279568,140.31336684147573,134.4737708907434
935,31.166666666666668,88.19682162997209,101.49216488275944,37.93293527715645,32.06552602562535,165.6071439538123,149.66564596762578,140.71724444476962,134.56897514691317
936,31.2,88.37582346636316,101.54810598881205,37.751189268007245,32.416237267488945,164.34390583284812,152.00797017638905,140.39246766183442,136.351999394757
937,31.233333333333334,88.51598832194836,101.71031188585843,37.85282473089354,32.527964088009895,163.45858641975522,152.54185021903024,139.80216003617372,136.84913729314877
938,31.266666666666666,88.23437128073382,101.9681684701471,38.47462527816142,32.68433954876336,164.17703214341583,154.6652093897491,139.08891479495765,136.73337811263028
939,31.3,88.62267364761584,100.04328760011322,37.70604861952929,33.34652923958862,163.86077458919462,154.08095705498357,136.61872551935537,135.21462055185532
940,31.333333333333332,88.67576352389561,100.28994749629364,37.901746555160265,33.20780824904082,165.0654183980878,152.80615930373486,138.05634907191623,134.26928935911567
941,31.366666666666667,88.34851217159165,99.48697100692793,37.77325486821456,32.99014695913757,166.23679353847174,148.7142157549866,139.23645818340694,131.1930921111075
942,31.4,85.21193800810757,98.62274848670063,38.17580088490468,32.67160542038735,167.24445643269073,148.4570808179767,139.76156982372308,130.78790715150564
943,31.433333333333334,85.79820142067292,97.88749697205941,38.845438472366894,32.740868205990914,171.55590318475376,140.066723892913,141.85943250270668,122.00085691797501
944,31.466666666666665,83.85082345106113,96.99164958223949,39.61789535434972,32.35564581161241,170.95406170985143,140.2197237306897,143.02270720466313,122.4911492540175
945,31.5,84.05744711155758,98.33365150656726,40.27752702436373,32.61376579835358,166.91529406270823,149.00753649157033,141.29793405536165,130.75973431006767
946,31.533333333333335,83.9274488261702,98.7661556892099,40.55468226185096,32.616647456593704,165.87042636829838,152.00941739626296,139.74089749150812,133.63541394779125
947,31.566666666666666,82.00512743445692,99.21931584601663,40.238428062105704,32.89317498794778,163.60496576080698,149.36233126871662,139.21791181611266,133.50953557857187
948,31.6,81.3431703676808,99.30785002537922,40.10915072137774,32.6437099539338,158.51814880743953,152.67254835007668,135.66815443922573,135.56077948687957
949,31.633333333333333,83.48106281101296,97.99672953187624,39.91597447800377,33.18798976149625,156.73632222312273,155.62495837442708,132.98815946809881,136.36788105191113
950,31.666666666666668,83.27624657905504,98.4217270813386,39.63391339251953,33.53539965300818,155.68584901541672,155.38810868054807,132.4806212327301,136.32797525722722
951,31.7,81.06854160316553,98.2024423982639,39.727435806469806,33.099714235989445,151.31084207514644,153.20126203526996,130.04723960487493,134.9354504349372
952,31.733333333333334,80.34978582360662,100.4914166137731,40.24075209743283,33.60573315371986,150.2683962990623,149.97030702390688,130.92885342894888,138.33508098559773
953,31.766666666666666,82.13712714488277,102.41792935164867,40.7697939438709,35.476784435648504,152.17206026821952,146.2927945237338,132.46927178974468,135.48606438549663
954,31.8,81.1295145270224,101.94384759026025,40.88033407641014,34.65683921267264,150.8254129080499,143.76294199629794,132.82027934391732,134.5824147859624
955,31.833333333333332,80.92094548370297,101.76688455675715,40.64912652763669,34.979736540886,150.02030087280846,144.15026030922283,130.56770952912854,133.4777313850258
956,31.866666666666667,79.08537527081191,101.96126837154418,41.05287897859282,32.87913930371341,147.95061015934422,144.94105491223274,130.74478801126997,134.25913516111578
957,31.9,78.32573415454668,101.54992006446113,40.8369880438492,33.31477638101659,143.45102804052902,146.88866942535913,126.91938236084782,136.74404537255182
958,31.933333333333334,78.30994497964838,102.76253183138466,41.31936324571353,33.11839325863109,142.72908302616094,147.03820729916333,123.41519701733473,136.36932507892269
959,31.966666666666665,79.68989676189392,103.1459260353818,41.56497038467658,32.878646696887806,141.20225597203049,149.09298985778426,122.22579041341493,138.15932723553658
960,32.0,76.9866277052754,104.07151214515352,41.42140210632628,32.451595303079266,139.1424899851427,149.49630991490326,122.4415998481168,139.49849718045272
961,32.03333333333333,78.94853802918396,103.21943018978013,40.69665901558802,32.861188247417545,136.9712168035569,150.61568464408515,119.43580830727322,139.93687343967258
962,32.06666666666667,78.01957863556984,102.67156016114784,40.75435882480492,32.755096549446804,133.80875248136078,150.5363795251282,119.5233276522109,141.58987133959826
963,32.1,77.91636936096593,103.03572855760785,40.78997394935438,32.94520503434414,130.939037926254,149.68877835323747,120.53883813518219,141.16326874945102
964,32.13333333333333,78.01167690358851,103.35821329039102,40.806337663848524,33.30453770505204,129.44901340599154,149.71194000952187,118.49774070749353,140.04245445849332
965,32.166666666666664,78.94856723573275,100.89631148187955,41.217979221648136,34.85461259273567,127.99010918273521,149.79635167588617,116.70753624273605,139.76973716482502
966,32.2,83.40401598587256,107.11963947940724,42.25257001715427,34.96992272553679,124.12060530902254,150.24275674982826,115.09360798034417,139.41110139981157
967,32.233333333333334,81.42124086822845,105.63588435096233,42.97488509670752,35.010463450084025,121.46152111409533,150.21000737934455,115.28647852499248,139.4786601777903
968,32.266666666666666,78.79001267440343,103.14805916901366,43.6317135156121,36.155231688735356,119.16902323481571,149.8750291563616,113.48684507111253,139.83707910655085
969,32.3,83.33161157471564,104.57046876128608,43.696537069982874,35.68386731338778,118.7687827860602,150.66295570273263,118.0207474650852,140.8405815314657
970,32.333333333333336,85.5971198889889,104.57056134837475,43.395730710005644,34.80382482814408,112.44290251106244,153.4453539074412,110.80550642681499,141.26444991094402
971,32.36666666666667,82.1814421277533,103.47639540218171,43.3364283072816,35.897045745902,112.52735934637336,152.9670367861433,110.92095214130988,141.1422654350346
972,32.4,86.19164774018462,107.0216124762125,42.46683476498095,34.68418468311373,110.17595657927542,153.43365388402626,109.84615278287194,141.31875288699123
973,32.43333333333333,80.56519978097947,107.74348547012342,43.336474324062614,34.86912337859258,110.56054376229844,153.24624078433152,108.53149917730258,140.62939046414604
974,32.46666666666667,80.5680038579242,104.53577671554433,43.85278647328729,35.299942503849614,109.81863524478709,154.11390335822915,107.46301747592747,140.6095161188957
975,32.5,80.8201523380391,104.15683231489359,43.75213447572424,35.386280238054965,108.07446986701478,154.56751160048356,104.18939393349854,140.10031076218363
976,32.53333333333333,83.56889921461965,105.75890768191542,43.83094042465458,34.91387955756888,108.65286790760433,154.1965867203609,106.60584625236922,141.02146086603847
977,32.56666666666667,80.42349557571566,104.19752125005893,43.72472441732606,35.015248432073015,109.57348411635442,153.98769046907162,106.40519370706393,140.80580662923785
978,32.6,78.7373811223252,104.71998011835207,44.189818533029836,35.15472403017513,110.19173710840927,154.47379778314286,106.65097090499607,140.3791398407923
979,32.63333333333333,78.24199476117325,106.21208966841311,44.41279230210154,35.475586456088486,109.0225903846666,153.8157368110758,103.9843828488124,139.6583314477511
980,32.666666666666664,78.67683809309527,105.14652302458401,44.48195344570966,36.25031331117962,111.31562452731065,151.61217942154167,103.56752380032889,137.99432897091307
981,32.7,76.55936149971268,104.78383456450275,45.05414132030935,36.69508301061961,114.55111234505908,150.89370883986336,107.38743685247144,137.35714932955534
982,32.733333333333334,77.45771201064153,104.71863939416157,44.96847667752311,36.447647728111974,120.56275297954343,150.65102629855264,113.37546012421075,137.4588756619104
983,32.766666666666666,80.85046447149985,107.97546199223366,44.42255665007483,35.23871287093013,120.64088375988848,150.45277724608613,112.48695747060488,137.54657983265
984,32.8,79.97247734889743,106.45814490027672,44.11094056422347,34.7141442631743,124.51667019077387,150.20494925305312,115.20844661197327,137.64250169895922
985,32.833333333333336,76.2024063191484,103.75944083843184,42.946793642788116,34.333784799663604,127.9985587925837,146.7983648791799,119.81150358026764,138.00847140154536
986,32.86666666666667,74.62849429875017,104.6495785302722,42.094261610084395,33.84082845733187,127.92451569241037,145.5936145705012,120.76067443755521,138.68739396603266
987,32.9,76.28883769760354,104.55258867645092,41.85033677340601,34.304760101985096,128.6733126056955,145.23872557475775,121.19999116967733,139.3778731970605
988,32.93333333333333,75.09006172849908,104.27770429853875,41.71414506882343,34.39197850916002,130.55731225376937,145.46419689160277,120.75199729696779,139.95156810852308
989,32.96666666666667,76.19344894239352,102.5927556909426,41.29296517665221,33.55463673201585,131.53584433184824,145.72419553195877,121.20649027890707,140.091033262806
990,33.0,74.74766861439973,102.390762534131,42.390064086628186,34.22736495600272,135.41510930115427,147.5179065767362,121.91649181735578,139.4641527350729
991,33.03333333333333,77.0771235740699,103.36379765019183,42.36742331603655,34.466623284981864,136.3814699869741,148.4197836255459,122.76566843321886,138.56263815746385
992,33.06666666666667,73.39139451170675,102.48508200148284,42.39323692929992,34.876849404296266,137.89543477193723,148.1770019785518,121.49126651903619,138.85793741963852
993,33.1,76.1507069675137,102.82760789336015,42.85895997127858,35.21064287595837,139.24255706614304,149.08917176870327,120.89910253723428,138.72922419083676
994,33.13333333333333,75.16418267252841,102.61439160240576,43.135326373209324,35.96602846915076,142.04928038465155,149.57147646624446,123.49173333352577,138.9178337636406
995,33.166666666666664,76.16463053066754,103.1569052649566,42.96027082770601,35.33615356433731,141.62504771953758,148.2616786218567,123.75235209344577,139.7471998330914
996,33.2,76.16581256805136,103.21912286879909,42.883038396549004,35.28578647315287,142.59216213678621,146.0717769213458,128.43389699686037,139.29876020450118
997,33.233333333333334,77.2692544672587,103.738375819782,42.52819019933177,35.21648874709045,143.48622319355366,146.78333915046971,129.04133513915824,139.12959126989716
998,33.266666666666666,76.7142346923871,102.35681512848551,42.68211986478647,36.17482596529858,144.15922716366524,147.1496802236362,129.9821110699361,139.49639975547095
999,33.3,76.62736210952062,103.93675026604132,42.161486648257224,35.711989573453415,145.55039445350974,145.45875335799377,129.07322968868706,136.9010016035863
1000,33.333333333333336,77.58959515187682,102.35960693083202,42.214555240478745,34.64849858146217,149.68118814848813,143.64192735987626,131.08019242363284,134.1480602190465
1001,33.36666666666667,79.22982094663946,103.063117021117,41.785826936557505,34.60802220417513,150.84165170003507,142.781493108612,133.0097246387455,133.57062422240688
1002,33.4,79.10265055812202,103.07733952728888,41.59033120332144,34.49737008563309,151.18433051391312,140.2910885357811,132.30374795773042,132.08777053755716
1003,33.43333333333333,78.81073319972425,102.26485720371878,41.40590846712061,35.44856812714711,151.05592202342336,140.57449676707083,131.09648458145426,132.1898599708342
1004,33.46666666666667,79.5584573192582,102.73644910686976,40.85805978813508,34.964696193887,152.38315930550976,140.77176088746373,132.68047693844932,132.70649956583523
1005,33.5,79.85080437078038,103.0411939725662,40.73353560694463,35.221919331356844,152.1834431408875,141.66669272002517,132.52098276644477,132.48386307528642
1006,33.53333333333333,81.4333556224946,103.35722881147898,40.51725528028802,35.70681934601357,152.74090697942304,141.8547581031667,133.6603813332204,132.64687679621005
1007,33.56666666666667,83.65692430884687,103.72213269239091,40.5278110193346,36.12061121405788,152.86118386661394,145.61457457151107,133.4438453784199,135.1018093188338
1008,33.6,82.28713689916626,103.38713293375167,39.8854152090199,35.92058672149167,152.08294351803815,145.29756644641364,134.06093436962271,136.10430043430495
1009,33.63333333333333,80.87577319915546,103.87501507958665,39.672536522636506,35.494857607627445,150.7771005460943,148.83679987396377,133.99004238845453,139.18649091670991
1010,33.666666666666664,81.82515262096977,103.74246007646694,39.964403581338836,35.597974147238524,149.40852717703385,149.97089006829742,131.70986642278348,139.15180224495404
1011,33.7,81.37278332833397,103.602110446256,39.60085545341143,35.376363593770634,149.25467812747672,148.86956304980941,131.6004985468029,139.8085416775079
1012,33.733333333333334,80.31567335127252,103.14213806334583,39.231778151039535,34.89592163636551,147.14427238997152,148.1098343797488,130.4737180271963,139.8234059597256
1013,33.766666666666666,80.60338041549355,102.23765030211551,39.46374348977827,33.95735708237556,147.31763944804098,148.42189870053934,130.29644897395443,139.57776491019104
1014,33.8,81.15021335655804,103.50351953271667,39.401151863328806,34.073836762535215,149.2214603689211,150.09028282185648,131.03711202208027,139.14036211967039
1015,33.833333333333336,81.35968106122195,103.47071441112249,39.289533551776294,34.057341800566014,150.30819956794224,149.50044884412938,131.752904032687,138.87716699196875
1016,33.86666666666667,81.80131039841699,103.69280185036716,39.37511798418533,34.21917399254368,151.57826861236273,149.365273358428,132.62285198298412,138.5169247799593
1017,33.9,81.8502250945954,103.57185922204076,39.35938591667416,34.0754499413429,151.97842928204037,149.82034939665513,132.56374191800415,138.79447894729068
1018,33.93333333333333,82.56480670327817,104.64914807748552,38.54822725242201,34.861337301317825,151.89716978104994,143.1404510294916,132.8539752093699,134.1823339499548
1019,33.96666666666667,82.0118317338429,104.60623878286674,38.358861093745084,34.62896651149971,151.83121468005083,141.99436605257566,132.88895956647315,133.85518646649209
1020,34.0,81.58712196562338,103.3791420551448,37.84920100555389,34.10562699198507,147.18461702072844,141.51118878906564,129.88086066815316,133.42007429563296
1021,34.03333333333333,82.11862101889416,103.7145424422275,37.594017598639105,34.83060619312752,146.80668054670207,141.4284580623493,130.82750903154553,133.76324252840104
1022,34.06666666666667,83.01526440851435,104.17460385377433,37.38916190927872,34.94843255636004,146.07679100486018,141.91229264044222,130.6730744682411,134.0845888942563
1023,34.1,82.30590594324552,104.01946791874657,37.30035023235472,34.81888712400264,146.47535916477443,142.96896207438746,130.77558010387054,135.2457122604498
1024,34.13333333333333,84.71021251367614,104.62711899632713,37.56663454393052,36.35608249975394,146.28425285314344,143.7087889025567,131.17386406819253,135.18595059247318
1025,34.166666666666664,85.52783378158082,105.4425261969914,37.58540752051897,36.4421647837231,147.11267166799797,144.4543032570715,131.79456487200835,135.40706995253353
1026,34.2,85.84672205762091,104.94355591304351,37.37365121162176,35.97933396557803,147.4054727458183,144.72314837737335,132.46327182349918,135.67511632914577
1027,34.233333333333334,85.21841436830317,104.78074912628846,37.041243717557165,35.60073342368415,147.85248858930333,146.18432332550998,131.87346247181853,136.65872704940656
1028,34.266666666666666,86.7672929147408,104.16884156647222,36.924425774683456,35.596006691238756,147.26295475516832,145.44695197727884,132.66467558027048,137.35962463459347
1029,34.3,88.32015577397256,105.07073725268317,37.82896687430506,37.169026384275355,149.76493937607998,146.246906091151,134.5531358265255,137.67394975749227
1030,34.333333333333336,88.28741541527353,104.5781327380274,36.93220493717173,34.219425945733306,150.16942651894345,146.35266300326424,134.78399341895386,138.28782629202064
1031,34.36666666666667,88.24136728593861,104.72950359275265,37.45058142522048,34.35789459624851,151.2057581180555,147.09989933888883,135.7693656589721,138.22878653571232
1032,34.4,91.8564623018922,104.19629619582822,38.674581014975885,35.4136280890882,154.2059365051354,151.66015715926022,135.41457388935416,138.3280458553057
1033,34.43333333333333,84.76077276575266,103.04624866377178,37.92148999710417,32.08731997988291,154.79864317073742,151.72875864136032,134.97884859133885,139.29549784328913
1034,34.46666666666667,84.76532226809898,103.2136467998585,37.86335758863576,31.359945236061634,154.0153022501057,149.8591336877071,135.00235725021565,139.45478684302208
1035,34.5,83.22272979944208,102.29755021329316,38.17224504496195,31.52903365824103,155.1099505239826,151.35889762034702,135.46236115531923,139.62684594761387
1036,34.53333333333333,81.57241899447268,103.01905468626835,38.356050717739116,32.76249606026467,156.92260379717496,153.30526711148931,135.92175365008632,139.51074460560937
1037,34.56666666666667,85.0220000006596,103.3839606940926,38.726268778911766,33.00275878156192,160.03368350862124,155.51851920052752,137.8115792788174,140.48208110157998
1038,34.6,89.13265141705996,105.12316100889849,38.950658498567854,33.98260742008057,161.72947476571662,156.15166534292925,138.33749078787707,139.9691253544026
1039,34.63333333333333,88.44091768938648,102.99733822320538,38.916359443254386,32.73520480141827,161.1589033774943,155.5959909208971,138.6603054002279,139.674670895363
1040,34.666666666666664,88.83464823712315,106.379292800312,39.353237477983946,33.91914883702367,162.5465283432997,157.34059963011634,138.14671335487452,139.2779753257381
1041,34.7,88.34719316690037,103.06296460285466,39.546758432571224,32.72035652920867,162.2939906704357,157.3743780270635,137.80098161644494,139.20466919163655
1042,34.733333333333334,90.21765929518811,104.50517080086641,39.58623471148802,33.193865855739624,163.2164338765994,157.59070536851115,137.5579689894626,139.07495639783983
1043,34.766666666666666,90.24314825953351,103.93683208611759,39.58767393299587,33.21226467711098,163.10839831629,157.34126368729522,138.1259377877873,139.55717582411407
1044,34.8,89.41035964790629,105.2807718155694,39.66817254903424,33.629608898051885,164.0727216310686,158.54647843426167,138.3876777023377,139.08090087880214
1045,34.833333333333336,87.38864001443156,106.0302345763562,39.90709082171496,33.552740722141145,163.28589315797862,157.3208002844624,138.29560912316538,139.1888663254577
1046,34.86666666666667,85.6533761858051,104.66548469750997,39.181258014725415,33.04570682660988,159.67004448746277,155.42377882748195,138.63337350423777,139.99120679038202
1047,34.9,85.94016244016431,104.71653526652997,39.61705201841023,33.11587120764816,159.3491123979758,154.29998883628159,138.2844522428956,140.0793995893231
1048,34.93333333333333,87.55350820583114,105.1190909819393,40.42318326540564,33.66494971776326,161.09540048488608,155.49672506772745,138.4115912473166,139.43941184820662
1049,34.96666666666667,87.01460684691412,104.44773865208302,40.27410055755723,33.15998199401044,160.79364616228906,155.18471297768778,138.23750911627118,139.1087418919997
1050,35.0,86.941168225585,104.43115067004926,40.05903051414926,33.12788421245361,160.94056770928708,155.0077121904819,138.7517070843931,139.16481603438348
1051,35.03333333333333,87.08543047553242,104.33787301239407,40.03645128866097,33.121637922218355,161.312562345715,154.9669173325638,139.09899898755782,139.0451348609954
1052,35.06666666666667,87.31093445936949,103.62676059255598,39.95111461749188,33.29179367762882,162.26661278449458,155.58484834859317,140.313127577809,139.17375608191207
1053,35.1,87.54972928872728,104.73145720708774,40.2361797650039,33.38905884279171,163.12793979589563,156.30255762544635,139.81496028597272,138.85590968606513
1054,35.13333333333333,88.58815933214944,105.48247382933101,40.035405488258895,34.4666129144548,165.62735144224524,155.93176066168044,141.62405128429208,138.11373126540255
1055,35.166666666666664,88.92691240973578,105.62881670140555,40.000594708622984,34.36932068872255,165.13559442212258,156.46866825983292,140.75715945065082,138.1910789087903
1056,35.2,89.01785720489103,105.8105911591325,40.02718787830878,34.49057392014037,165.41428892134843,157.45136791781246,140.9514433313378,138.74391237501015
1057,35.233333333333334,89.52014543789043,105.46954372004906,40.03804263323573,34.51005692753182,165.35650428088124,158.50117899132033,140.7418792933731,139.04769095263975
1058,35.266666666666666,87.90317506278913,104.60049965585651,40.10582430523152,34.20502647583971,164.5948334874463,158.53855386803912,139.51992486552987,138.8335982711434
1059,35.3,87.39235363376606,104.96253662070042,39.93223323137805,33.4721793320425,163.1642794366204,158.2171701750009,138.50180108289163,138.71861680693686
1060,35.333333333333336,88.0173537524051,104.96158856901639,39.91734330839212,33.531706125511725,163.09397949453012,158.12770058778204,138.9004939178857,138.84691712816533
1061,35.36666666666667,88.47695314515767,104.63119369927465,39.987300724812044,33.72727549519411,163.0898274550204,158.05358023397628,139.23517728304407,139.18012019479687
1062,35.4,87.225212825397,104.51025653293921,40.121652831004795,33.485734023213475,163.12848520456657,157.87665492678204,139.34660777550582,139.4569355181969
1063,35.43333333333333,86.6662434139412,104.27546611842695,40.12117239088799,33.05425670571801,160.32153741962716,155.95913992677808,137.94629301341908,139.66467920130737
1064,35.46666666666667,86.25226787046513,103.56063553077426,40.23088613471523,33.14598011404363,160.52585711167063,155.57852854104874,138.2978086623039,139.59542114247446
1065,35.5,87.31470106885774,103.79313574676969,39.32675029279426,33.293692682397214,158.06762404356928,153.62174553158744,138.33793416387863,139.38210727123865
1066,35.53333333333333,87.32741916030646,103.43816534599,39.456275768071514,33.531346946612906,158.5295746012288,153.85331295403412,138.28668969877577,139.17786574895263
1067,35.56666666666667,85.15080902097402,103.02663007596112,39.752531751241946,32.61508822055687,159.0035482640032,154.10561283846928,138.10336658238097,139.13775724528563
1068,35.6,87.22327618351147,102.45376386716289,39.65250796892291,32.584399224762684,159.45452847791668,154.93878634343938,138.01459752259734,138.536586654773
1069,35.63333333333333,86.85147170128016,102.20772042626879,39.749219411094096,32.80226365717027,159.90178591029468,156.3097312338048,136.40388263380967,138.05354828746255
1070,35.666666666666664,88.08510767289448,102.29569233965461,39.80104123837607,32.93715344687884,160.05773228530458,156.2337291037971,137.18525726675236,138.1073609168355
1071,35.7,87.94884675058248,102.78503558690048,39.93916691528754,33.062586962300216,161.2483758745482,157.3920992515304,137.93951589130808,138.71309912081168
1072,35.733333333333334,88.22367214025496,103.13085395434105,40.04371854329644,32.4857066445581,160.53867511798848,155.14786338430466,138.37705931272515,139.82991097770505
1073,35.766666666666666,89.37208530239148,101.86443024414523,39.88795198506519,32.494760022065535,160.80884454451564,155.18305169955232,138.7601368328646,139.72471188347504
1074,35.8,88.59542576005518,101.60301447592472,39.888355641606715,32.62312973964872,161.91675677611167,155.462997432365,139.48692573085552,139.47730144051377
1075,35.833333333333336,89.01615949713377,103.44159796886012,40.12805453257482,34.80495751641527,161.94861217333798,155.75533962879777,139.99555742337535,139.62479414859794
1076,35.86666666666667,90.84600939078359,103.96858896034942,40.508905763716704,35.63491840664505,161.59536363582873,155.25175549398614,141.1203287763213,139.577708286306
1077,35.9,89.61438828928391,103.90094155300393,40.14647272350886,34.98536883218345,160.70259686415412,154.49754964466612,140.53799915288369,138.67337510100472
1078,35.93333333333333,90.30311108203631,103.58912361375396,40.71657583493851,35.18036282728111,160.22391873144042,154.77181055663712,140.0763102344918,138.74560557557513
1079,35.96666666666667,86.52675316736592,103.54638092356647,40.81665154701992,34.72931604759654,161.46292035207063,155.86611929631854,139.02023113921524,138.4145438664622
1080,36.0,86.02635073488564,102.44865940218509,40.75726668605962,34.557190675573146,160.6476904314388,155.16853039748676,136.89797148686284,137.45257416024603
1081,36.03333333333333,85.07565753927537,102.34223966562254,40.79827126418519,34.26765131015669,159.29304747469382,154.9622346123242,136.44378372522587,137.38805854638397
1082,36.06666666666667,85.44876294581373,101.19915878133007,40.56510354254609,34.01050756532421,154.31287066731142,151.29651032456414,132.7975223101899,136.4989923172297
1083,36.1,84.52148285411933,102.78015346777686,41.74055246208251,34.75392492272151,153.73870463748008,149.93264694293714,132.49361920975304,137.03027302184535
1084,36.13333333333333,86.7889574591667,102.26725343527616,42.36756145926948,35.184522200544244,152.2651493166815,150.45152274783618,131.59524172658783,136.52689293879297
1085,36.166666666666664,86.11262418446775,102.12705781658322,42.057089371132506,34.80481610582099,150.77572598473017,150.36072642051064,132.08211734549823,137.58841029151378
1086,36.2,83.67840768065747,103.62147531915585,42.136717618243004,34.154367278811016,153.53334789145373,149.56104575031728,131.58306686855198,136.02914849517092
1087,36.233333333333334,81.45641943592032,99.8591184129318,42.15954765980449,32.94421185623197,153.8837609985626,149.39894880455827,129.88909589991277,135.32296372263653
1088,36.266666666666666,81.29971804152864,100.3513306746795,42.705808736124865,32.94620470119002,150.88253142629986,149.86582656096087,130.2285582212212,136.14805414987202
1089,36.3,79.98083628619206,99.79565865159857,42.02563792637217,33.15830456405176,147.42165028202507,149.13071757262898,130.10600080492958,135.92354156899913
1090,36.333333333333336,79.93958247110862,100.96167309052932,42.27742672143035,32.55044599232855,141.72389553769986,149.17038269341845,125.04721023779605,136.8725354034491
1091,36.36666666666667,80.90846777318856,102.10600173461776,42.45022687016266,32.34805449270602,139.81315100198628,149.09371946223953,122.14950219272309,137.10617319858983
1092,36.4,79.34750395001666,100.06358598765004,41.901912677142896,32.06133736508887,138.07821486102085,150.8597282666132,116.20276193862453,138.2980129213935
1093,36.43333333333333,80.77624754543821,101.1772229242912,41.66484891935031,31.852316641846,137.20679529686657,149.8424944481473,117.5314876574798,139.39008647620867
1094,36.46666666666667,79.04523059058174,102.41141938790474,40.9209504090419,32.0425853587953,136.19550275838338,150.10422358519665,117.02207391192465,139.50390316373884
1095,36.5,79.05115543669613,103.0285588928366,40.05003163739399,31.994719229285675,132.93104285493632,149.20694233506956,117.45920178577707,140.58600020753764
1096,36.53333333333333,77.83381888708524,104.20919897037629,40.554504289773426,32.557859794787895,131.07789481769427,151.01664706096992,116.6315789539948,140.56526233646935
1097,36.56666666666667,81.30286844532542,106.02177778016639,40.43382737149703,33.16028961111855,127.44850621089165,149.79856642770082,116.19608915517011,139.36601380943918
1098,36.6,80.40225898598428,107.03755691985198,40.74380776326614,33.28850604069724,124.92391674576957,150.0578275951365,118.0336212191506,139.6032786418086
1099,36.63333333333333,81.71395150138468,109.3326039256388,40.77916874702925,32.97404090642532,121.07250492227682,149.53831851906742,117.72685245205918,139.2496346863877
1100,36.666666666666664,81.50955816832423,108.22554654922016,41.14598399191425,33.50729581998516,117.14860635840955,150.39843282958557,119.73883908282106,140.35073980519067
1101,36.7,84.25424917132337,107.50582755795925,41.01642355212257,34.06826014776992,109.03602479662032,151.78796432496782,111.25747253608145,141.4856199670561
1102,36.733333333333334,83.27255161047789,106.84132147943173,41.642795010493835,34.480960963971654,106.87535595412241,152.52424270075232,110.636111109346,141.43157670981347
1103,36.766666666666666,81.28636463658745,107.00144623993098,42.297979766370474,34.645612996618105,99.46599765220141,153.62008454289946,102.15059549866682,142.40596463664167
1104,36.8,79.0668861267156,104.72681676036014,43.29084979845198,35.19937406769448,99.37335349909124,154.96043972218774,99.68889338872779,141.96060086663752
1105,36.833333333333336,78.47956474698478,105.82595455236759,43.651872183272886,36.03778194610791,98.37897824695708,155.03688936038924,97.84002979164781,141.86972005481636
1106,36.86666666666667,77.52103095992598,102.84281492971178,44.143035217246094,36.343857119115015,96.79543636210727,154.958315742268,94.4557732895246,142.16242705920516
1107,36.9,78.47693182684935,104.1001046353389,43.72232072492767,36.335843624459606,95.61723360930132,152.88405775043702,95.45790591951868,142.47502133363702
1108,36.93333333333333,74.52003297072096,101.4453401435702,44.743345752252814,37.702827558501994,97.41890977340654,152.29611591655183,92.07243323779319,141.478630220719
1109,36.96666666666667,74.38962442190741,102.67132781113033,44.402496155228064,36.8246707975804,94.78272842575672,148.61044620102246,90.08803677735786,138.8292952703093
1110,37.0,73.40348746275802,103.6131706397642,45.06774413610426,38.117715137135775,95.32416314753785,149.6454078478396,90.83401546633797,139.89322711879814
1111,37.03333333333333,75.98778710064447,103.78053087879549,46.43584116517025,38.301740186804764,95.90556744918469,149.56745377529603,93.76550987953755,139.82157218602967
1112,37.06666666666667,76.90936649273051,104.34039449666197,46.56584512751648,38.622414302678145,96.20348258337003,149.90863535806017,91.62913131339995,139.6941841339051
1113,37.1,76.462107537033,105.41279255338728,46.38176949936744,38.035648791347306,97.36994199509974,151.03219486323744,95.5303404944241,141.39756258688533
1114,37.13333333333333,75.67781654885862,102.73531321268317,47.18622353671598,39.289266473902984,98.50158749888705,151.7131994069525,93.56137562208106,141.31918521667606
1115,37.166666666666664,73.60904310550954,104.32575143870511,46.19932447057118,38.64585384980528,100.48643934563796,146.41877450117548,93.20575744375208,135.17381717620614
1116,37.2,75.27487375705489,105.30583425637778,45.43936045544014,38.29166311808399,101.27599921237922,147.31875317600952,101.34645542661717,136.28468769249756
1117,37.233333333333334,76.80337010047946,105.87006397063588,45.385652491681995,36.942105311323544,103.64607799451734,148.82549893857765,106.90709722272936,137.4190067921667
1118,37.266666666666666,76.81811185673955,105.35101768046933,45.3411807858875,36.45866858498254,110.57941809423313,149.46898832648256,115.0208488763286,140.09608396727089
1119,37.3,77.03380068321401,105.79850225823662,45.99796295984625,36.66045659890693,115.94601026670804,148.89192307562755,118.78314686720972,139.64893134431344
1120,37.333333333333336,75.2017624901705,104.87690325123003,44.362865225242906,35.87507754168817,115.92003638217481,145.44172606546363,114.13012418730139,139.4587287820691
1121,37.36666666666667,75.38096642739116,104.68294655232364,45.28890251756141,37.544871599060016,124.23368388919161,145.1834683815857,120.75844694498171,138.28168321754407
1122,37.4,74.47183676446019,104.43973698388439,44.19136428910275,37.188832310474794,125.77928703732533,143.0689980308392,121.42967354031109,137.60102228179113
1123,37.43333333333333,74.1590919089938,103.47452482543552,44.60604253792692,37.47970522202271,126.61290342372799,145.11700848027763,119.65331042739555,137.92873772808574
1124,37.46666666666667,76.20296637783821,104.16180121570208,44.100522663146826,35.547400524496744,126.74663088201268,143.70849801370315,121.59063810503001,137.91019007204534
1125,37.5,74.48464068411072,100.9233668617723,44.69699780976127,36.81833832444624,127.92313579952848,144.02943557383384,121.01153020356028,138.2566594900213
1126,37.53333333333333,74.91040906085675,101.60726342446458,44.65183700896837,34.97609233497746,130.7411458302466,145.07165353403832,123.33114870708458,137.32397716628853
1127,37.56666666666667,72.29287086760024,98.4494155745988,45.77258178358383,37.24016018623184,133.19038192221274,145.72611128508117,121.87120244825132,137.40305458541275
1128,37.6,73.75249484359773,101.17812947079177,46.35845958753632,35.914621701099655,136.0998476837722,145.6801603113342,123.75101633235309,136.3049903738637
1129,37.63333333333333,74.3433720459959,98.57840194161837,48.46852745728226,37.44583473210507,138.2196641419186,146.9179529295797,123.02001927891612,136.89627793536724
1130,37.666666666666664,77.16082706726775,102.35035879777902,46.6532677187313,34.82474897511802,136.81600682687966,146.75679347830297,122.6228369249324,136.68950829077158
1131,37.7,76.46259804801048,101.35132779637654,47.18413447643064,35.430325656272686,138.71600431230218,147.10622513022034,124.0248217491704,137.5613772344762
1132,37.733333333333334,76.94078591628977,101.6974132256331,46.65427882685187,35.362272443145024,139.29066764812185,146.6048818339835,124.55179710869439,137.454715397262
1133,37.766666666666666,74.65828335407339,100.68989979789805,47.451249953835436,35.65650671793006,145.53003337676842,147.1305623223972,127.52453073714887,136.130977809802
1134,37.8,76.69945536243368,101.15749070768167,46.21744995770714,37.32106991555012,149.58853068762207,148.13346727078917,130.04198861746318,136.3184173790761
1135,37.833333333333336,76.9684997828854,101.62570074223342,45.29927933427855,37.48777013347639,150.84097959309574,149.3706113029194,130.46773845338126,137.7852546843809
1136,37.86666666666667,77.91995321051711,100.30671120146145,44.281078974344474,36.177948715412185,151.83441334166605,148.27192198093383,131.79241763685027,137.93505195599113
1137,37.9,78.50063466547957,101.44271318681783,43.66779404787073,36.289258794375606,150.54515573864165,148.67793728435083,131.69286966050782,138.29498528774275
1138,37.93333333333333,81.20885512811137,100.87175749170773,43.00694622858653,37.03476120609523,150.56144111949914,148.87181415352828,132.17930590666208,138.55238862298134
1139,37.96666666666667,82.55459983171566,102.6212109335243,41.558928873983405,37.63282527498142,151.14209624212427,148.24838769349884,132.36647767163927,138.27385958026213
1140,38.0,79.25208089487037,103.98688140596977,41.24524258259703,35.153457804456245,151.86366241642824,148.49171859142655,132.68109266753774,139.73361099561535
1141,38.03333333333333,82.85272955939152,103.07164002290912,40.68075441015411,35.31673204798881,151.10500309904137,148.21322446334585,135.6854651117214,140.06270206902195
1142,38.06666666666667,83.11367055161818,103.19817848899409,40.2370248065349,35.19108818729802,150.33760950369268,147.9132167487341,136.33788992750857,140.60826913711148
1143,38.1,83.68658146512959,103.61769641186673,40.02326113392302,35.80997643204263,150.43062487792315,148.15660834677868,135.9780389499315,139.8759323521238
1144,38.13333333333333,82.9521602350293,103.43352378783332,39.55563444817688,35.383819556960724,151.3745738221419,149.26254875639623,134.80078261423148,139.41215794265378
1145,38.166666666666664,84.77969567788162,102.97678397379805,39.73397152393935,35.48187354324726,153.3690045733301,150.75873020581707,134.19320809037103,138.3861498246853
1146,38.2,84.0933123838651,104.1995325846504,40.35823252002165,36.09838500799326,157.4625934200507,152.85165777937624,135.23020541128915,138.76617315439884
1147,38.233333333333334,85.8288438681462,103.8548498012156,40.29167990706065,36.96064917677668,155.7534802131447,151.08489008491804,135.50657733507845,138.65832146685116
1148,38.266666666666666,86.618221341493,104.40055482740178,40.66480397702082,37.269158748380725,155.11925937612784,150.646043278374,135.90427272292766,138.84220944032757
1149,38.3,86.9160318612394,104.72201596122909,40.55245794581537,38.28188621007164,154.40885726621448,148.39797810368447,137.92230290631434,139.07191836587492
1150,38.333333333333336,86.44427607681916,104.95429175904685,40.03535853773919,38.201729383901345,154.57808815960595,148.43100696497328,137.2449398693175,138.81141806166013
1151,38.36666666666667,84.71229239476838,104.48028863341781,39.15113491999182,35.17835903406226,155.83374357319167,149.81905636984567,138.27138155438251,138.4397501353148
1152,38.4,82.51622118721852,103.64073832248874,38.92674219042025,33.74048538567775,151.2279989331224,148.59177330403935,134.71665218751065,137.69237539360358
1153,38.43333333333333,84.27957345360707,104.05170229422147,38.86177698363392,33.913819957441646,151.04754882022462,147.6238097278248,135.2132753586961,136.96643177687852
1154,38.46666666666667,81.75874480865481,102.86293055179212,38.55909263098821,32.60772720947978,151.1892535103887,148.33608942404308,134.29081850891686,137.04844582949946
1155,38.5,82.22467246499124,101.97144876208978,38.445129585627235,33.01345723609968,152.42608418797528,148.91477905303057,134.93889344840088,136.87455469007338
1156,38.53333333333333,82.32843701664744,102.05282901965444,38.06051396696763,33.370491265257975,152.18091717749417,149.9043919705999,135.09184703730375,137.90109933927783
1157,38.56666666666667,83.41357065759414,103.16606723691136,38.26222056186517,33.23420105898727,154.79066582291043,150.54348989634488,138.16602145755294,138.94961224779496
1158,38.6,83.50572662755462,103.70333900056005,38.28748355311628,33.16115720421981,157.22364640713667,152.37781081316658,140.00114320181964,140.20320967942612
1159,38.63333333333333,84.67895287602117,102.96741769482168,38.093682840302336,33.25712784621778,158.425990856081,154.20383448812203,139.1257271157606,140.3722806111791
1160,38.666666666666664,86.27798279049851,102.51562296561971,37.67520301137042,34.7787842325586,158.07657970095397,151.97066901870812,139.665950001877,139.92680564483823
1161,38.7,87.72938989028822,103.03898096377381,37.387709537885655,35.37808102741051,156.0626463599168,150.4472349794847,139.0430950558363,139.08750145262331
1162,38.733333333333334,87.22371291100892,103.19120628347359,37.68584323479433,35.16711660827122,156.07090159231336,150.8553262242978,138.87739196591923,138.96261257337233
1163,38.766666666666666,86.00469278032385,103.05889335284547,37.298265930694576,34.51970772128354,155.29577306149642,149.8281952800331,138.28639655509824,139.45301908317168
1164,38.8,85.79959604997937,103.44182587884981,37.323195885078206,34.24103791653974,155.23594038784606,149.52631308521669,138.30788504520976,139.50130334074794
1165,38.833333333333336,84.47263732811632,102.56227791626303,37.16407830017181,32.8523716990709,155.81024228328445,150.1223263093826,138.17075758465123,139.83270617286442
1166,38.86666666666667,85.61918460581668,105.01565487567152,37.63156650349382,34.34736587940581,156.7804618999709,151.82037828570245,138.76385026909685,139.96979536858947
1167,38.9,85.08264938333727,104.98839286711853,37.203239071870314,34.18492865057636,156.02674058613388,150.49101352477066,139.11784428180994,140.2506601854194
1168,38.93333333333333,85.23519679324373,104.42755069286511,37.285171465131,32.8364284126792,156.23309772485416,151.96206236833757,138.6115831205966,140.9457685752449
1169,38.96666666666667,85.49579403518838,104.49222263393654,37.3131674038961,33.220537678577344,156.44144476431765,152.09836877978591,138.5077800964058,140.95277041526322
1170,39.0,85.45807149846023,104.45320449768111,37.39992569708571,33.40881123645413,156.94235271721496,152.34721660663044,138.55560922024415,141.48252738134977
1171,39.03333333333333,85.31813226942695,105.10359147446451,37.58737439024663,32.83057391360865,157.41974647668033,153.00740612135698,138.72971963922697,141.6893571604066
1172,39.06666666666667,87.44028907738736,105.18801875663118,36.267665820427105,32.59587404013195,154.10043028028622,151.20189602146482,138.48735112331383,140.85387495279588
1173,39.1,88.22852893545536,105.47620055173539,36.21504464768567,32.69127200743491,154.31638905295318,151.67840627549683,138.39433966557215,140.43895608878853
1174,39.13333333333333,88.16067961156114,104.2205496877572,35.94169221027632,32.13818186964643,154.65309078736914,151.67052140354386,138.3519985793417,140.50879286188353
1175,39.166666666666664,88.79585272023499,103.58916960921346,35.55159219791147,32.00206172017654,153.69545996490191,150.29634197609147,138.51246799746673,140.2155329160791
1176,39.2,88.28118919828383,103.42792420052854,35.97925567393267,32.133285235195814,154.52114979983614,150.62255086072506,138.96224392380213,140.09501440233063
1177,39.233333333333334,86.80245975963444,103.24890685175671,35.88756117574416,32.04559332463025,156.18965516333452,148.0656185702443,140.34877545312827,138.39080256660733
1178,39.266666666666666,85.55055978321171,102.36263122564564,35.76305481534255,31.960350386902835,156.25339415935574,148.359330315482,140.87797822199087,138.80820774953514
1179,39.3,85.05193660154059,102.31590817105868,35.78748232946756,32.03261676157858,156.2599344558507,148.45934287750865,140.66752669149363,139.32277864202746
1180,39.333333333333336,85.52167709143382,103.40045105069666,35.90919692326931,32.286342887372065,155.638752563594,149.39735907516877,140.9177201807336,139.79557125977016
1181,39.36666666666667,85.72307892491065,103.40390496100096,36.26810482952174,32.74720278589468,157.94036662440482,147.51619277073456,141.31372892535123,138.37834840811857
1182,39.4,85.55464207138512,104.29646324096342,36.19158871814773,33.25052836990471,158.2254752257413,146.41487908457532,141.62172359268195,137.42011713255195
1183,39.43333333333333,85.91066645564435,104.36961953236592,36.13259256380045,33.18466952801295,157.65400505962734,147.0802646588836,141.9695932511972,138.20639490701214
1184,39.46666666666667,85.86554124091337,105.91277866970744,35.946311834029544,33.45615873553964,157.02260042390543,146.50916887507142,141.83745824636765,139.40733142957296
1185,39.5,86.00558086353429,105.67916816577822,35.63859946197898,33.086301842031624,156.12139803500344,145.98994701897624,141.59239745261473,139.7945462619411
1186,39.53333333333333,85.3287498342821,104.62817642079122,35.630701948727946,33.02411652558316,156.12458729002287,145.15750969016915,141.47851401764856,138.93260761296813
1187,39.56666666666667,85.32576059536079,105.53448586026121,35.57001071586248,32.96339321040629,155.40554698758052,145.45738707380588,141.5882668456624,139.3809960817594
1188,39.6,86.0937717158675,105.27316879981393,36.930538975209735,33.279651869169975,156.44688116532936,152.03651083100385,139.8170092843934,141.38334636712716
1189,39.63333333333333,85.94370776102407,104.66851160033998,36.974828725137826,33.34246439076428,156.46045779685653,152.0013294959046,139.61189013335346,141.3605394515869
1190,39.666666666666664,85.6537844212344,105.30725005690023,37.089724666268296,33.390482985960034,156.83579178044508,151.44747131071313,139.44332707457664,141.05194577983335
1191,39.7,85.72189189256751,104.49365121680437,37.60599097599002,33.03244088684988,157.13640403560595,154.23442245859925,139.1233263243777,141.97849776613242
1192,39.733333333333334,85.6102472629238,104.4771756507912,37.36617337082409,33.19925967185109,159.1916005267071,151.8178276263773,140.54830701647913,140.395693390511
1193,39.766666666666666,85.87648107791013,105.01646905375566,37.29463752171062,33.29691930460946,158.66822146802207,152.52882632647592,140.94135231063026,141.40289650845844
1194,39.8,86.54623290210017,105.76470369712128,37.92968197120859,33.993411026589214,160.77430172905946,154.17046298523277,140.94318752904027,141.06534886707317
1195,39.833333333333336,86.37500438899927,103.80463151888803,37.72679895513544,33.621129737615725,160.26083212108426,153.99371143899174,140.67504939675402,140.36464687475166
1196,39.86666666666667,86.44359698946597,103.60021488800547,37.60923246107057,33.45549589166543,160.01564088951534,154.0111005371051,140.8739755389152,140.98287941930087
1197,39.9,86.51574694143756,103.90350113095636,37.798844161638144,32.939225575675785,158.58486194561937,154.6479572061635,140.07214347783162,141.68266373934958
1198,39.93333333333333,85.89629824430293,102.29219058800678,37.721748650788285,32.99370829046977,160.33893808249715,154.14765957293824,140.80881967182043,141.1065289902171
1199,39.96666666666667,85.87462793944717,102.54414436737147,37.678363250632735,32.85042015760444,160.00283127624684,153.83923254377575,140.44740552784077,140.95961544885836
1200,40.0,85.20723850647131,102.77453051612021,37.46481785920628,32.74068408649788,159.03098275588542,153.6264637392342,140.26349076866762,140.99871521205074
1201,40.03333333333333,85.972031027295,103.40591613079849,37.179533796147595,33.32278486766014,158.89738306806757,153.21441529168564,140.2200810636084,140.92085213261194
1202,40.06666666666667,85.00976471164518,104.21836298612199,36.62213937286669,32.889924229024096,157.39525893228802,149.4531509099888,140.7450186309274,139.36123425730625
1203,40.1,84.30520646564081,102.92232240205598,36.571038380183204,32.2474686000809,157.67070709890956,149.07667709463422,141.05390392714233,139.166194700332
1204,40.13333333333333,85.89633007258277,103.34572642314468,36.13528528068436,32.9661362006938,158.58663061155832,145.8427962696672,142.85360621939776,136.07875289454594
1205,40.166666666666664,85.50297733864042,102.27692915684648,36.37450261950446,33.26158304289086,158.6202777971173,146.36294466107023,142.22129524308224,135.50134942734934
1206,40.2,85.21558770595419,103.46147553998058,36.42559895175859,33.72388375289146,158.85930182309087,149.43118571509183,142.29326478116894,136.86125424615486
1207,40.233333333333334,87.1023198336206,103.76751257014523,36.57854683446397,33.51761517430302,160.31798995024297,149.85699704333183,143.47904294756003,137.16205649893053
1208,40.266666666666666,89.75969528865096,103.75626100555701,37.26593724626898,34.33161622968471,164.43925286255677,148.28494601483064,143.61303360555004,134.37287875086977
1209,40.3,88.2541989919721,103.12105252854316,37.209072133816676,35.63612112146255,165.32534719095466,145.71113458883585,144.758543941301,132.37231461223132
1210,40.333333333333336,86.46867707965731,102.57487289021788,37.1213346126878,35.04128956967305,164.3080932116185,145.00291908987526,144.54209784514802,133.02500862558048
1211,40.36666666666667,82.92766570936033,101.95367330937799,37.119701514390954,34.391920714200985,161.9154737538336,144.6928061660894,143.20799759060975,133.79825111540168
1212,40.4,83.68473768572349,101.86187330379988,38.30535835628077,34.96370176555593,158.49731841964686,149.66290351809278,140.1131566906947,137.51843729907952
1213,40.43333333333333,82.48714177897632,102.4301895899047,38.77344893290628,35.20687444427203,156.039132506371,149.70489105525488,135.2210285165683,137.2333243003519
1214,40.46666666666667,81.1206166923217,104.70031300894452,39.188833616116725,37.79523707592521,153.83147941475332,144.83251763473058,134.48295511354368,134.66112069947712
1215,40.5,82.36338801529304,102.86817194954921,38.20401980971037,37.64562393921645,151.31288135974893,139.91568646310768,131.75499677493772,131.45460190119755
1216,40.53333333333333,84.64528892779832,101.4608498932874,40.2200105970982,37.05122501560526,157.94040580061497,136.9858794241116,135.48657036037415,126.32118404618362
1217,40.56666666666667,90.18086582867454,100.12349524221914,42.88215477671675,36.45466299099288,156.75414604631194,137.8978437342519,136.18850021601156,126.53023985037113
1218,40.6,90.55574140956755,98.94655992135733,42.76830516872579,35.8946435527831,153.77297735847876,133.4033183300927,136.21907592223675,126.02181819537624
1219,40.63333333333333,84.31170026307936,98.35882446598956,39.87156089953069,35.48426339124398,147.99727674131563,139.36410537195553,133.45142380201492,135.0050523347228
1220,40.666666666666664,82.50428676101936,101.46181419003652,40.42037752178923,36.26709967736378,146.41752064834265,139.36929183139898,130.0261076055562,134.0382004768328
1221,40.7,81.59756605122854,102.35175015514108,40.46728268461113,36.756042208460535,141.3961754597854,143.77120461224237,128.01689885420055,137.17860572202346
1222,40.733333333333334,78.08646513943893,101.2492387322255,39.406025672245065,35.34917267023143,135.8560172351788,145.09779696884092,125.5771428602322,140.19141327668385
1223,40.766666666666666,83.31379839990328,106.46928319621469,38.81045729217366,34.165202259663175,134.39502855173833,146.78820487861523,124.11097554986013,141.70536949833266
1224,40.8,82.65047371043964,107.63149832934079,38.01476316103892,32.37105690355055,132.32480899603237,147.29703484246133,123.78596752933116,142.3659278533362
1225,40.833333333333336,79.3078799100539,104.51732250095188,37.827917947072144,32.43615471953926,130.19005890744236,146.76898207906973,122.80287271120622,141.23528485961182
1226,40.86666666666667,82.4439745833707,102.84122050762186,38.270426637396106,32.672036195178,127.39640878570312,146.34915200317926,121.97933207875705,141.04953862645047
1227,40.9,80.50148766152104,105.62689009552244,38.603656869853026,32.838104564395856,126.74504820858458,147.21133667136348,120.46037106177344,140.77794804729623
1228,40.93333333333333,81.69911787758328,106.87477836206983,39.008548080636686,32.86809979766004,124.36707950317859,147.07378176649573,119.67617082108518,140.47533262110352
1229,40.96666666666667,80.36608191779557,111.22450276400086,38.85277630830056,33.3129239177138,117.46620412168697,145.4372515618598,115.36764192171087,140.95921618276216
1230,41.0,81.7971561224983,110.04473958455614,38.89344271690932,32.841601724934456,113.16257273263089,144.47452662014624,117.1400105612632,141.2589850463031
1231,41.03333333333333,77.39270050473552,104.73906338147461,39.1554788116211,36.196335417432465,109.1769294201144,143.37652854881924,113.28602744528277,141.77918526758046
1232,41.06666666666667,83.88000178228657,106.69140349919513,39.87703377051968,35.61325969010229,110.14352673686514,143.94593733490342,113.08197527149107,141.52811842052523
1233,41.1,82.00228956063702,108.97418516135262,37.623168551504165,33.46893381741138,105.64118973546049,144.94094037566651,111.22470417244266,142.3539221221667
1234,41.13333333333333,82.45804907064253,107.04841186097092,38.17014863809747,35.02679151499641,105.42431771188842,142.38122381077665,110.23599281501343,142.4885150979926
1235,41.166666666666664,80.56140299449017,106.28258057999793,38.468512049922886,36.014117026176436,100.18839711948742,142.73870523650888,106.2613063591993,142.3739355879977
1236,41.2,82.29939866284646,107.55203795736055,37.53190915738934,34.932752756139934,101.24842849670898,142.3898066685873,106.32821092808966,142.72513965495983
1237,41.233333333333334,77.89556747657782,104.92552885625207,39.416806450898946,37.068822092555266,95.16782428264905,141.65661037030165,102.34267295255606,142.06825727484303
1238,41.266666666666666,77.9678440685789,104.74705861425576,40.327916431792666,37.359218182294825,98.18480764317172,141.23255675319032,105.31677333869322,141.30592752828184
1239,41.3,77.97586355135871,104.05774762663552,39.92136365786152,37.59373736230225,95.02223757529838,142.06608889593855,102.306968279272,141.4484350427778
1240,41.333333333333336,77.85363012500503,104.62594948587531,39.706524788220094,37.62353468227757,89.64380992926277,143.0097944321572,97.62054729099508,141.63964465642454
1241,41.36666666666667,77.43244481765258,104.65441941433325,39.68117222203655,36.926641935552595,91.94286944747952,143.13791387090941,100.25986599686752,141.86834340502904
1242,41.4,77.36098152380016,103.62074540851759,41.416986667218154,39.08437001150502,105.55680109140833,141.2002738743416,116.72863177191643,142.1451297886073
1243,41.43333333333333,76.74729976453077,104.39981927893234,41.92926345577303,39.8794798615961,109.04687953359701,142.98241805715634,117.77334551275729,141.8244533778485
1244,41.46666666666667,78.29285627359532,105.0730747157219,41.97777290812616,40.55619208982905,110.54337775714737,144.38016768286082,117.90954648433825,141.665516633263
1245,41.5,79.3857994000204,104.49635519177598,41.620133355414424,39.107675587961594,116.27012411232131,145.9059825550933,124.97060433849627,142.61517007286685
1246,41.53333333333333,79.12996931795776,105.28985600370963,41.13333112397157,36.86114580941037,110.90994869376114,148.3007658114997,120.66496275079813,143.78293303021368
1247,41.56666666666667,79.75514557429179,104.99331130516529,42.27040124258682,37.52860799922298,111.22907040849513,149.46900639931764,117.34444425720257,143.4769274482274
1248,41.6,79.72066077390187,105.6681847842011,42.85114192902363,37.56258435672678,114.50824030601602,149.6623345883135,120.40394050704712,143.33025152691255
1249,41.63333333333333,81.13227269718301,105.86735348161723,42.12119807877542,36.08659226217103,111.3694115992432,152.07237014392857,116.02912294824948,142.33519851892564
1250,41.666666666666664,79.22607185352484,105.09485060815452,43.317676681372895,36.65616188551297,112.54558548730628,152.60732377979343,116.09214603466442,140.97280545619952
1251,41.7,78.75209843479703,104.51546807782714,43.13543927890269,36.565675402992305,110.53705189564035,150.13183861155372,110.2195087536443,140.60915364512653
1252,41.733333333333334,79.16046295358896,106.25483270944675,43.66780720022616,37.00464128243035,119.73493667700059,149.9153790144637,121.40206822153944,140.63437229126495
1253,41.766666666666666,81.59123496446276,106.41373540436882,45.257449745472485,36.85184151980619,119.79374941972385,149.36860346471016,122.22549849634498,139.11255808647388
1254,41.8,80.97375174611554,108.32020076616887,44.333935961718254,36.1931123072101,119.81220041539642,148.88155292921604,120.56705403611836,139.3933315461088
1255,41.833333333333336,80.83664133990115,108.87160964354376,43.43456131257544,36.22686599755991,122.53911401560417,148.56317369878712,122.19774654919337,139.55610023192995
1256,41.86666666666667,80.02662937466545,107.07375827483747,42.97410360131386,36.085701460794986,125.21139066613567,148.7644569813101,120.41225093061868,139.60610052802485
1257,41.9,79.06651614534465,108.98762230792207,42.011003752875865,35.16063476114201,127.56917608065164,148.46408490632277,121.21746965475721,139.50675421665466
1258,41.93333333333333,78.85521567632098,107.89889820702274,40.54050673219545,33.89955896442662,126.43180800550012,146.21721219684983,123.12395677937876,140.21374948577093
1259,41.96666666666667,74.71819078498731,105.90725702781843,39.40393942307658,33.678662405396125,129.96869631235006,145.8753039204844,123.77382897968415,140.773804505826
1260,42.0,76.4817366682636,105.96687630534574,39.78633911496707,34.02789753211641,132.3014064050041,145.89448378949135,125.99308695156105,140.34088693927123
1261,42.03333333333333,76.13583017221302,106.99126646629223,39.598197729808824,33.848169031488176,132.27860508677338,143.96621940821726,123.1194115041619,138.81378017292593
1262,42.06666666666667,75.77315113361381,106.73833905181802,39.64225454166408,34.201745206564716,134.6789660924299,144.16641822468014,125.19917057077303,138.85206633589655
1263,42.1,76.96232625552122,104.23489446297833,40.7320504472323,34.82898501935204,137.5812662088464,147.12015711170844,125.14891877286166,139.0031591312648
1264,42.13333333333333,77.6223611793279,103.80514715463227,40.63351068230439,34.85169705026739,138.57309455488132,147.61581320272862,124.6053492691432,139.3050513598546
1265,42.166666666666664,77.41300816958318,103.01194819370859,41.11684247841445,34.330284380968195,140.9611827788527,148.54434081447081,125.8899324561898,139.2884383103944
1266,42.2,78.77936652195221,102.38056526073747,41.6719324808432,34.38493771629663,142.0439186954769,149.91677654884924,124.61323558193018,138.31223128966354
1267,42.233333333333334,76.53579898291225,102.42160191664631,40.891339773871834,34.628108510190074,144.0335084783063,149.64045257806197,129.14406172958857,138.02451916251974
1268,42.266666666666666,76.37045971895104,102.00507263977073,40.606936118796035,34.242975665983025,145.56731595653974,150.28975768794675,129.09545061974575,137.64552080751056
1269,42.3,80.08839377599698,103.3726083709345,40.782250068201726,35.345306010923274,148.50490853458274,148.6968103110168,130.85182909049578,138.14083123534817
1270,42.333333333333336,80.62513819741672,104.53565252527386,40.70333858598031,35.15159137004454,153.92015657452325,145.66744713636456,135.1289840564813,135.70780433613072
1271,42.36666666666667,84.14298118815378,105.10897127930342,41.55552043942582,35.684634436380655,153.70349333831518,145.67279582431223,136.66136528262072,136.29136292511345
1272,42.4,85.20597727698076,105.10840440376893,41.533967376590994,35.40970668465648,153.16680027302797,145.9495852493392,136.25349979392996,137.06079719527796
1273,42.43333333333333,85.02616263075332,104.44940870891791,42.00002460455946,35.80444726118825,154.21000642090868,145.44099718476727,137.43616445990574,135.91867822790837
1274,42.46666666666667,86.04288819105456,104.42671156550327,41.749469722785115,35.848573409198146,154.10524172365265,145.49049500368102,137.92668590809424,136.5012748446874
1275,42.5,83.91840547326052,104.73931823932878,40.983324282487146,35.89135621722429,152.08053399094504,143.68394656334544,139.56768822178168,137.7771099813622
1276,42.53333333333333,80.7758908611203,104.23435859218252,40.221362238699236,35.1291984405762,150.09069245706726,144.9866457158691,137.88200903545157,137.04483310094486
1277,42.56666666666667,81.49396255997428,103.58063902314814,39.956459670877386,35.200212344898155,150.6388011031696,146.87613466101894,136.62780515281125,137.62229151908352
1278,42.6,82.29688345606273,103.56509895401197,40.054139896326475,35.03312802501873,152.03502800545846,148.96793082418966,135.78003252364897,137.94185834495266
1279,42.63333333333333,83.48453997420344,103.82610640082541,40.185472044366314,35.66020197288784,151.773467503452,150.79313552142258,133.55530379897945,138.4093704776948
1280,42.666666666666664,85.78644581574272,104.56999141973837,40.9232675799531,36.33102147186512,153.85263975769445,151.93897540736305,134.92930563239125,138.58719692746334
1281,42.7,89.13075442572014,105.98038139292622,41.88224693650104,37.530328927423376,153.19185492463478,151.08141715043118,135.6178384399667,137.8226910765725
1282,42.733333333333334,88.83468204030211,106.12922758275113,41.89913920331859,37.16631478448769,153.9867113447069,150.84384898267868,136.99697924592016,137.8931159153154
1283,42.766666666666666,88.83785420790961,105.07295271484149,41.97673775143824,36.93687226171714,154.66319539970777,150.90682490868974,137.7459428771339,137.9983017338046
1284,42.8,89.33738880173802,104.7132052779911,41.92085557591424,36.87422224166521,155.5435714962259,151.13547456436942,138.47451275312844,138.10532917372277
1285,42.833333333333336,88.9123883015495,104.17357645927504,41.315842439846854,36.36886660835452,155.9176480875699,151.46176404138836,138.75542751164878,138.17045135662966
1286,42.86666666666667,88.63679749309689,104.30020846190378,41.21119736470856,35.97330079997382,157.76617924799075,152.7417928834629,139.52282827954485,138.02742683964436
1287,42.9,87.98498541772074,105.85453207940269,40.30555577463094,35.35393550622451,158.59614210062264,152.28448484646867,140.39522977120015,138.51622748772562
1288,42.93333333333333,87.29111720883748,105.24705636601561,39.68795180942531,34.57052471129292,157.1726776953625,151.5053975424532,139.14530899727947,138.07554073109762
1289,42.96666666666667,86.35242049513461,104.56525944858942,38.87286702487447,34.35876072719561,155.36532270486632,150.95812865338303,138.3085257977895,138.14963936715176
1290,43.0,84.97867564065918,103.46870705867444,38.46485776994168,32.77331832180101,151.72576620484818,148.99637677043322,136.3604667346785,138.86682027095011
1291,43.03333333333333,84.6114813302936,103.73762261492396,38.59386819384832,33.167454889173456,153.84924068325174,150.20710106845934,137.70353954283738,138.8509566914611
1292,43.06666666666667,84.75441877381468,105.28061562469155,38.765321964272005,33.30703784284457,155.60851536648357,151.32562463124052,140.12103794575157,139.9960070601105
1293,43.1,85.37574862990851,104.85179295384349,38.539135107251646,33.32139919454371,157.5778977186608,152.9691500873636,138.34026567974664,139.19368432337097
1294,43.13333333333333,84.94057650403634,102.84029237272995,38.390838323431275,33.1812352013127,158.11336443152896,154.28906097971932,138.09528709583492,139.53008307813113
1295,43.166666666666664,84.12027379774354,102.75722095248088,37.83562794039779,33.06296767836113,157.35596369132432,154.02242210117652,137.80349392414584,139.15127950494548
1296,43.2,85.1587279057388,103.05439796387417,37.946040415551295,33.36217435630972,158.27237064603793,153.1354957489843,138.3033828551089,139.48490738140956
1297,43.233333333333334,85.50283005223758,103.2563308793786,38.245126647086465,33.41954359143566,159.02634374927334,153.12654761022785,138.5346119869908,139.50602846988016
1298,43.266666666666666,85.75953739531299,102.87367273878958,38.11787879332678,33.31882212951077,158.5115299259335,152.88495887098776,138.39207756661986,139.3505969102422
1299,43.3,87.8601124339176,104.7147162036952,38.497212842615184,34.36301333116499,161.86968753365696,153.78778664011085,139.87539928442112,138.65233317813704
1300,43.333333333333336,88.140021693869,104.7961981505991,38.22930865034763,34.25365180068117,161.38785460836507,151.7279288875228,140.17694813805335,137.79887065081255
1301,43.36666666666667,87.76383105648031,104.76813604440143,38.246644474207734,34.255015457486316,161.97264335987498,151.18049616368964,140.64051507332,138.2951115273075
1302,43.4,88.24877430535699,104.80547837491665,38.30310925010289,34.25191558102882,162.0110865811957,151.74216428910435,141.46701543306943,138.51521165518267
1303,43.43333333333333,86.47300052928502,105.46771056068127,38.23880748085935,33.010698197755445,161.7379529782713,148.2101003138203,141.66933185776378,137.31438555750168
1304,43.46666666666667,86.87128629044928,105.26580976048263,38.8220460965207,33.3473565894163,159.82535163652815,151.70755367436513,141.91584771043512,139.32433926617244
1305,43.5,85.92746198070958,105.92460307858002,39.500486600343166,33.38737262270065,159.2361326076297,152.29900887927326,140.8908622658891,139.17201878807376
1306,43.53333333333333,86.82688703718107,104.57413115971174,39.29168249028735,33.29828189098764,157.4407301241059,152.15342868534825,139.81340464982853,138.5937931552053
1307,43.56666666666667,87.56603972822417,105.3843537998508,39.360901167338305,33.25643260731331,158.18516519318143,153.90191131955217,139.26475137625724,140.04814717658988
1308,43.6,88.29862706258058,105.03750025177315,38.873598555225335,33.568349276540474,158.5143301712921,155.11271692759502,138.83016339500293,140.31810842524078
1309,43.63333333333333,87.99957124303194,104.26008633793592,38.380611170378636,33.402872738171084,159.44592830932945,155.17977228296255,138.01306742663564,139.68791185648257
1310,43.666666666666664,87.74534997155824,103.46808938930145,38.398473072869386,33.26237924204114,163.94545448354933,154.10214950141915,139.94989753069285,137.8435564381927
1311,43.7,88.9206675914247,104.91417478302154,38.58704609251852,33.12262781367248,163.95364163024198,154.92510677276883,141.05086069670003,138.40806940104255
1312,43.733333333333334,89.20614032866874,103.17835910576973,38.33186399212114,33.0545161573704,164.92768637830025,154.95442059870726,142.08309953018363,138.30821233384012
1313,43.766666666666666,89.84247039833097,101.20145769247092,37.5608443407054,33.085654366326715,163.45954162325725,153.76891616487387,141.0711264433718,136.87056484863987
1314,43.8,90.34969361375347,100.94505027338643,37.45607267573762,33.476468790142185,162.74792623360145,154.2370375157325,140.9884260403576,136.9006232507851
1315,43.833333333333336,90.58662448784223,102.30058673647179,37.18804775266775,33.61763827873303,161.3552570278707,153.71458876302768,140.84354581937072,137.3851479367977
1316,43.86666666666667,90.89291764623283,102.97115415775578,37.55596593206376,33.78883297530377,162.09398305396408,153.52902669420138,141.21836264893432,137.16870154941623
1317,43.9,90.7021309044746,103.1626750227954,37.21460742535128,33.64427184093521,162.23384960505103,153.2201300608193,141.50766177935495,136.706544658564
1318,43.93333333333333,90.63823085873803,102.99035285454609,37.13973792231697,33.730676446693295,162.16295786909293,153.22153473635385,141.13670726796835,136.7906387042662
1319,43.96666666666667,91.27353849390907,104.14337998846386,37.01635113535848,33.6813748483688,161.3510867611825,153.23791922052868,141.9587011148065,137.84874294495037
1320,44.0,90.1971089154183,103.25017367279044,37.43639433452259,33.137804160905226,163.2101596160411,152.2837649806292,142.46260654163086,137.94028455379927
1321,44.03333333333333,88.34674804027455,102.72084296504427,36.96249219923539,32.47192771488931,161.33966974031102,149.9844973824729,142.35450259327462,137.4961034777021
1322,44.06666666666667,90.5006995524216,105.28307700128188,37.3206765091135,32.460606137540516,160.84089736187556,149.91400553369027,142.5168059922284,138.36322554519197
1323,44.1,90.1472889752555,105.55294151279735,37.019776697715024,32.18557151400249,157.64914202846074,150.59113455820432,139.3381472791954,139.2113050304314
1324,44.13333333333333,90.70276686787108,104.85278953433398,37.069022991206026,32.116599117294975,157.54897639707852,146.68843583821976,138.92743652516148,136.28711754175288
1325,44.166666666666664,90.27978108755435,105.95515063801925,37.3575152251999,32.17914380523085,155.34809532806563,146.9676432313119,136.7486119950891,135.26934539368872
1326,44.2,89.77904523255594,104.58998214527749,38.01779293098288,32.49431009012198,156.4499734368235,148.45581729196945,136.12475538209083,135.65399388006193
1327,44.233333333333334,89.87802721830937,103.6367003927487,37.964236579494866,32.7898633920241,157.28989550293662,153.52905826231608,135.18289630684257,138.1121257244633
1328,44.266666666666666,91.21836889311147,101.6623912472532,37.30060525158497,33.32141499362823,158.64586895671056,156.3857255139804,132.5635277005416,136.7923963338357
1329,44.3,87.38072130967029,97.17376720431375,37.12067186210581,33.59528383248167,155.89949674272594,156.70961187555724,128.73624172034908,137.24596562224463
1330,44.333333333333336,88.24320163669628,99.63492115914352,37.03482794583057,33.894937216988666,155.6662974055502,157.93995953602314,128.9536622674557,138.4470220763819
1331,44.36666666666667,88.71775389081591,98.94680808904239,36.40035198998646,34.10112400809197,155.03297002977087,157.36798820723234,127.98307416105679,138.11112416040666
1332,44.4,87.47634517439172,98.13296693238625,36.1431582325696,33.3353944410339,154.80871651498717,153.16423849840268,127.35098627882844,134.1282773048998
1333,44.43333333333333,87.55990451234076,96.95432647436327,36.07882982520135,33.54321637167225,154.32671079049163,149.76970898057468,126.70598988777029,130.9782616876475
1334,44.46666666666667,87.04146438236106,96.86585542657161,36.00455910688153,33.293498722675515,153.98229750736715,153.05835073554962,128.29793134928093,135.15418558407004
1335,44.5,88.16200621319173,96.26796883572175,34.8453890771349,33.02634138660329,150.88196553888505,153.36218474300833,128.80299029549832,137.09929815396004
1336,44.53333333333333,86.37599150488317,98.42217466722448,34.27808262885059,31.50535120078755,149.26036577153337,149.7586251915509,132.06269315700533,138.17564846959365
1337,44.56666666666667,92.60750588182913,105.70778605318984,34.227276852835,31.817867774733624,149.00817194591224,150.10554313159142,133.6957965479145,139.40778097761913
1338,44.6,93.40836948443673,103.78520721173594,33.89904953506604,31.61328918158435,148.455013384594,149.56707195428675,133.47217786749565,140.10338834843003
1339,44.63333333333333,94.14283221160134,104.37166378081933,33.42299022004042,31.15750791230919,148.70827844953772,148.91854478034995,134.7455829037249,141.49338212560102
1340,44.666666666666664,96.99004780724101,104.44685080311892,32.10866593258012,30.2197883105681,146.02108507264563,146.12663799168527,136.20021211388254,143.25323960074118
1341,44.7,100.37675342230575,110.36130934159846,32.114184427769096,30.715430136878307,146.94432017491295,147.147697408417,137.3598565008406,143.35191675051948
1342,44.733333333333334,104.73514126013708,108.29082317493547,31.0334735680405,30.024861704834734,144.72268001482152,144.3897752023913,136.75965278261518,143.27101273855067
1343,44.766666666666666,103.27571625297047,108.12875012254425,30.494826098532233,29.38642835471183,146.21848157710605,141.15659183949555,139.2632114917779,142.08745137868394
1344,44.8,101.35746618611932,104.99646311569497,30.66541938934651,29.379424069450845,146.94828555434808,141.61071295810854,138.95942041809934,141.86699257218686
1345,44.833333333333336,104.31727932371662,109.82944119269283,31.370527573646037,29.170195616378532,146.56728714502435,142.68605229131614,139.527766193641,142.81650993794327
1346,44.86666666666667,101.97739528398425,104.84239058221608,31.409073670322094,28.968459870355773,146.35689466910245,143.78255482629567,138.5367027322372,144.02978099920372
1347,44.9,104.08624000067769,105.28833762356533,29.762756444908806,28.745893480351306,146.08209045666698,142.95181651345362,139.49865253104434,143.464224436412
1348,44.93333333333333,103.23364449608292,102.70670590728514,29.32803868300188,29.438457051846374,147.46189584003352,145.1813084104784,139.02723089485318,143.64432187490158
1349,44.96666666666667,100.87751330969412,99.88208647455633,27.943482397782674,29.241655144797917,146.89884390636024,138.24951898229074,139.09188120174926,139.0775237957672
1350,45.0,92.30619623171081,96.66674431778989,27.41550343659241,29.561185646481462,147.99677191173572,142.13777822186103,139.65163823991787,140.0630212987608
1351,45.03333333333333,97.5247386012582,97.83270958631306,27.12224061713257,30.67176708829836,147.19505534549367,138.53857721538134,139.32858118043862,137.93912882772784
1352,45.06666666666667,100.30935187623096,99.02604304948892,26.069585794344995,29.78378714040526,148.6877021716301,138.19577890817226,142.22988939402222,138.5066609680201
1353,45.1,97.08125718188069,97.83149892445282,27.726782507755892,31.904418595578324,148.8229439918028,133.10718689760725,141.35658910951798,133.6585907719854
1354,45.13333333333333,97.65676746582642,100.93604569413996,25.632783080087307,31.264770085528042,149.4964862930653,136.440996714917,141.19920170514908,135.43445360634405
1355,45.166666666666664,97.53363624062966,101.01310595885222,25.110727061247196,30.794130095401602,147.5189482646535,136.29874259175506,139.91081239706156,135.7692039546878
1356,45.2,97.04432609571742,99.82748482525162,24.745401592526076,30.88595545949799,148.02819546209122,137.45971610901407,140.2265911194869,135.71703439527118
1357,45.233333333333334,97.94390378178288,99.2988229426746,32.938221940130234,37.072802535571576,151.929942398848,130.8149029087238,143.97368599072124,129.1917608567536
1358,45.266666666666666,97.6354406644774,97.52530248833764,32.802577563521865,35.440414154280404,150.28839001860783,132.90904100438664,142.87664931379612,131.1725252856376
1359,45.3,99.91323773576751,97.66104230837553,36.12853323546209,36.87143633580514,148.71897399086288,132.50133809233986,142.00162220148388,130.70609893651195
1360,45.333333333333336,101.60261499646991,105.64039815881792,36.471213240059896,41.08847399331006,152.9338054504015,135.28436245082472,143.26746467861832,131.18872967712724
1361,45.36666666666667,95.0738513380171,97.82391820570226,27.748562539729594,33.05936832278764,154.20732874614865,135.4957593734716,142.5533013493082,130.81234312034383
1362,45.4,93.84274456037359,97.69037160265412,28.12390334057661,34.67183519440359,159.42889926356554,141.52526999950567,142.13914252854548,130.77239703898974
1363,45.43333333333333,98.76253949635164,98.95647471081816,30.571896526668066,36.06666043959787,161.62174468380474,146.65956956221348,141.6538179323734,131.62611941027203
1364,45.46666666666667,97.92283070847934,97.1477661145422,30.090660149475365,35.52434425067405,165.18363996558475,149.85474380785433,141.36771079764586,130.97371078954177
1365,45.5,99.34473435377856,98.39625898272602,29.900166556487594,36.173226911913595,168.53500029408903,153.75638608001546,142.2077615305703,132.20690956842859
1366,45.53333333333333,101.59910151190128,99.82077307686198,30.449118600988047,36.763211245906454,169.81307421786067,154.94208319873098,142.37512296193256,132.4992318640058
1367,45.56666666666667,100.33549458408167,100.52948744766444,29.170957963635697,36.632681303832136,171.5586590056008,158.73028926387923,142.89187927305446,134.75253949725774
1368,45.6,93.62759845038771,99.31590038187613,30.409713855352386,36.30591578555972,173.3573145453316,156.24987604174507,142.6160459291095,133.58383383560204
1369,45.63333333333333,97.37952883034885,102.11060898749611,29.679190207992267,36.78200254473103,171.2192634165574,157.09221986991253,141.91333869074447,133.89101832703093
1370,45.666666666666664,95.32780811680207,101.55022271725984,30.243845919545215,36.56986682808529,172.93988515262015,157.4469789114298,142.89583690790298,135.5565183386252
1371,45.7,94.75996122212496,100.7674365169015,30.497672101933887,36.296816853150794,170.82881849922035,152.4304170066059,142.3726263342994,132.14578882760287
1372,45.733333333333334,95.6948979624758,100.05866984103324,30.287994230612096,36.286648202133115,169.99106344452113,150.71085810788958,142.21008068628814,131.01712759070193
1373,45.766666666666666,95.4195925428999,102.65416121681702,30.847454797626455,36.58881165128815,171.65490168396326,151.1197776210988,143.90135313481366,131.64219295554852
1374,45.8,96.04153994956297,101.53058603828251,31.113203099958007,36.5613683571749,171.55093238561003,148.51304932522314,143.63249599162273,128.60775356545028
1375,45.833333333333336,95.43959777096386,100.70492960846857,31.462876291631712,36.58278363255242,170.98999559352285,148.37860687959102,144.00369292010885,129.22367567939762
1376,45.86666666666667,95.20407088768665,100.43450985730378,31.87826826670399,36.35962852303121,167.33224162505368,153.33516110010308,141.05405087565038,133.396741097353
1377,45.9,95.67425764846666,100.96187081615636,31.831615494054333,36.777560651049505,167.67694897927365,151.03872765556326,142.55246650150244,132.24641325545824
1378,45.93333333333333,95.8016958337231,100.81619079205646,31.872005470132116,36.77363535495268,167.52055111651208,150.40068698192835,142.68734910692604,131.84070807175004
1379,45.96666666666667,95.04330597037254,99.82762305767017,31.926087675975253,36.52009556618604,167.1505194458254,151.93078261608989,142.53460160225546,133.11475669648777
1380,46.0,94.01891394043264,99.40859971544124,32.129555483345264,36.61948773304818,162.7171504749355,154.19512613413798,140.6910125983305,135.94122439486839
1381,46.03333333333333,93.38709674877268,98.7889030198583,32.406163228211966,36.34233063475225,159.96547672850005,152.96643672585435,139.5657409320286,135.2611122257743
1382,46.06666666666667,98.48201068135442,98.46033858062165,35.19067371792872,36.99277346246699,156.33827712164796,155.64756203497737,138.09713515114552,138.3771997987286
1383,46.1,95.9346166675327,98.62105944119052,34.408787452984164,36.4697781787751,152.78957778644502,151.42712799921455,138.2372389842593,138.32866547440642
1384,46.13333333333333,95.12826822025278,97.10274126153836,34.14337452371018,35.657148558155505,153.6705896185611,154.61670368928839,136.17109527346182,139.3559923912581
1385,46.166666666666664,97.35726872241662,97.1039228821626,33.76275479151852,35.35205421201737,154.2923103532169,153.81530546375998,135.9974488322915,138.79790231736726
1386,46.2,97.96359749884736,97.56510096401212,33.560721715375884,35.25130308671463,154.3980460057065,153.21283940274964,135.21684960213852,138.1364388164953
1387,46.233333333333334,96.24520386439102,97.74719965067452,33.15658969046211,35.23943049517848,156.02046146044117,152.3048190428654,138.88324365305485,137.74147164657344
1388,46.266666666666666,96.19454869255509,97.05237425353045,32.26928003030737,33.94625720532855,154.9046793481501,150.24589613095992,139.52869730369633,138.44062360791455
1389,46.3,95.49976126304989,97.33056020996116,31.7602716303544,33.58444396512657,150.50428263534656,150.61531107996865,137.82422315749315,140.34690530232035
1390,46.333333333333336,96.19601287998518,98.42498722072854,31.706989491634097,33.06707060388325,150.81464655276662,151.6211193742455,137.82109318302506,141.10636020121802
1391,46.36666666666667,96.858629949107,98.32349866558224,31.99025226781694,33.01033944945058,151.69948678085953,152.51851551915246,134.18672486517553,138.4384450574186
1392,46.4,96.33486242981155,97.41170583306021,31.810499657377513,33.27292438565593,153.67818078313846,150.78413126802133,135.578634575187,137.18689124958223
1393,46.43333333333333,99.50675449226398,97.9027780961737,31.64162304323577,33.27722272238568,153.97636845943612,148.51443212826445,136.1917996695851,136.85114391843035
1394,46.46666666666667,97.70058367770068,98.37557427947196,31.47144735761576,32.96848270764544,153.6203966968582,148.29330038596888,138.72351345492672,137.8020941207787
1395,46.5,96.44576984232084,97.08146495623335,31.12811767530455,32.568893567090484,152.73387140234698,147.9699779504765,138.1952357566487,138.36508988850466
1396,46.53333333333333,96.78641111252053,96.95342740109604,31.155871223498988,32.42893831810708,152.89154498293442,148.92483947422704,138.4068795686926,139.42033423480672
1397,46.56666666666667,95.83472959360634,95.9591358403843,31.06946795486353,32.303581994498856,152.59439252393182,148.6176887725505,138.3035696862882,139.40002258460726
1398,46.6,95.86114767491559,96.38940141369801,31.035305142718975,32.3015215614951,152.59670153625623,148.98898697811802,138.53987814228583,139.71158981894922
1399,46.63333333333333,96.72117387435678,98.3599914762225,30.990524015214607,32.03806021031696,151.47441970588756,147.8146327849331,139.06149492819537,140.62896815106228
1400,46.666666666666664,96.80981665745966,99.84821587557171,30.659383420816294,31.68909349607288,150.46124525518067,146.76581816813516,139.5783925315738,140.82616239475678
1401,46.7,95.19035855882376,99.98451458463168,30.868300890441088,31.759362302704112,148.3165498433224,148.04764658374967,137.66176973522533,141.18888018370032
1402,46.733333333333334,96.72384837876076,99.96033189005944,30.90210427198087,31.874282483938476,148.7226956205415,148.56850742741972,136.59926854326983,141.04445960454134
1403,46.766666666666666,97.03479082620993,99.43301913456904,30.994413901799565,31.793392364187046,149.11735583064697,148.362604543719,136.50191048130324,141.09751856399433
1404,46.8,96.02588144547376,99.4287583456328,31.156970207666873,31.747219977948422,149.40926854498656,148.55335755355915,136.76405307064672,141.14178014541602
1405,46.833333333333336,95.83468038506923,98.88859490387408,31.1971342132971,31.72797124034015,149.5914887116713,149.1472109027203,136.32188684559642,141.05162444308473
1406,46.86666666666667,96.13231922755675,98.75318570702058,31.420111371066756,31.89622830734693,150.57853728956582,149.98555552419322,136.74862412734782,140.94104396053186
1407,46.9,96.21755965980213,98.20069232558471,31.288912958485145,31.86886120988539,150.68573787870184,149.74590096465968,136.6441903163589,140.8283201928163
1408,46.93333333333333,97.36061181172755,98.20979915104311,31.212409435097396,31.63690154571009,150.28110250356409,148.34772099506276,136.81515761621105,140.32210800132674
1409,46.96666666666667,96.6079034354274,98.44643065241404,31.428596829777078,31.764827240064005,150.38886857371696,149.93212049929315,136.80741948648205,141.16279724681584
1410,47.0,99.0209607892316,100.73254444730287,31.42411472832799,31.6759636867849,150.53409120998978,148.37204884885372,136.8827521952868,139.79238486919905
1411,47.03333333333333,97.92939452531358,100.21638978879155,31.399136164190104,31.714944898820097,150.59188218036675,149.22594639406512,137.16635646526424,140.35832170141833
1412,47.06666666666667,98.92935783235404,99.83878881350769,31.11304175911366,31.81038295250518,150.33211148776866,148.69059505272332,137.2141911688718,140.1779501083719
1413,47.1,99.39621132218323,99.45072662777156,30.962875822537338,31.47330816431618,149.78346528312778,147.54737260425054,137.18103159570288,140.30327900013495
1414,47.13333333333333,99.00681202824121,99.08594572972474,31.094804533435404,31.794898731547498,149.48993916117686,148.75820221319526,137.28724800899042,140.7450641134254
1415,47.166666666666664,98.64749100668921,97.84356683500046,30.986313968220315,31.872148495199504,149.39621681895235,149.56917972638584,137.42380221479368,141.65159270361852
1416,47.2,98.30217577863446,98.58761102629734,30.913115925300925,31.896023879072477,150.00509961495425,149.42874876970868,137.63162982983144,141.43117273170688
1417,47.233333333333334,98.91457777208419,98.10616172136022,31.08997026165755,32.417985294072444,152.44216389913,150.98616699092784,136.80602090348037,140.02984209310713
1418,47.266666666666666,96.43964016546462,94.6573921382933,30.79849370307811,32.48597320366252,155.4721149262225,149.81321103266146,139.34959042314944,137.9017746466698
1419,47.3,96.71496207037858,94.77930259299822,30.892460056591656,32.59791667607408,155.0707137606755,150.3928234729798,139.1783171758114,137.53324031705463
1420,47.333333333333336,96.64106998790903,94.58053903934498,31.03675924266644,32.91279811060497,152.7313597167064,149.17049464817373,135.23384244990226,136.0180057101585
1421,47.36666666666667,95.9737620681943,94.81826079995258,30.978534737121034,32.90529307355205,152.79869480997743,148.38738602270496,135.58913955128241,135.7332583553206
1422,47.4,96.67729155977449,95.43255936860493,30.97632642589189,32.93601853613242,153.32883078892453,148.1809244261551,135.71974812619538,135.46759228902786
1423,47.43333333333333,96.38347237491172,95.93071962104723,30.999989153508874,33.0035678203931,154.67502601480336,148.49616162917076,136.30281888816506,134.2671783240926
1424,47.46666666666667,96.29790574729947,95.93760866140629,31.00487194474415,32.80631014127293,155.9968890698362,148.6051886444507,137.24233106640423,134.45801775342866
1425,47.5,96.86917617248493,96.02505196246895,31.217111798356214,33.10385006827716,154.3210532651914,151.0268752175147,135.20274884535945,135.60189576813852
1426,47.53333333333333,96.75282110655185,96.74330406139796,31.145802801464566,33.1465293236257,155.98008494931514,149.36621725391564,135.97856831366522,133.93928014423153
1427,47.56666666666667,97.67869319677325,96.1473971221234,31.398028860472188,33.106202639272425,158.35460062211553,149.2915524595083,138.56946668561733,133.01466808272787
1428,47.6,98.01809109933374,96.20601160557524,30.915824507151846,32.48132680673748,153.3249412839382,149.23210498309626,139.87284288825398,136.46425187497636
1429,47.63333333333333,97.79639129918615,97.54043052835766,30.971780557192613,32.29231068727019,151.27919032953707,150.85946148720816,138.87653688396887,140.710609958544
1430,47.666666666666664,96.27639653196833,96.64080248697961,31.13898721031561,32.163269022306935,152.14717898901213,151.92829423066536,138.27213180543538,140.0445551056648
1431,47.7,95.29058638010021,96.72088822199153,31.330644063396935,32.26410379167441,152.7067737456172,152.42116909031856,138.07221575173688,140.11105631805975
1432,47.733333333333334,94.01739751087844,97.24620172372306,31.61685695579788,32.50106765414668,152.63269280611388,153.05305860108368,136.54927137219434,139.7646841450664
1433,47.766666666666666,94.54308540015437,97.49039835896825,31.87021647706696,32.60102727545593,153.54057740794732,152.60134320452846,135.0956941267256,139.07017729104845
1434,47.8,92.18806469075446,97.45962934012812,31.757881758666272,32.727281906754165,153.54546404860264,153.52452704235316,135.93288836360983,138.95472672770836
1435,47.833333333333336,93.31464308559596,97.3408574060257,31.840072766610426,32.78251282967278,154.1195334044639,153.30074893335095,135.8704161564503,138.86483179282894
1436,47.86666666666667,93.8875851408071,96.22197649334291,31.768442096913326,32.774366481845995,154.78509087159372,153.64300913037596,136.78867873018393,138.7415311674819
1437,47.9,93.88998258134862,97.80623362850018,32.093386119082325,32.73250216348379,152.48869480285538,153.49306906682182,136.6378407896484,139.67544135141733
1438,47.93333333333333,94.8845335839839,98.28065304858333,32.29605865318974,32.50368855763391,152.2699852400081,151.42350431076855,136.171094936684,139.750068023728
1439,47.96666666666667,94.99530100568802,98.31794979619764,32.31207325900851,32.51600844334251,154.0734126780372,150.03093091769756,136.4141034951526,137.6696764838201
1440,48.0,96.56635088617202,98.75388487090206,31.694674232202416,32.29819478819829,152.35062683022085,149.0661795808982,136.41712477186047,137.8019753074998
1441,48.03333333333333,95.26485176166669,98.18837379025284,31.922089031941194,32.61760742826576,152.96704747675065,149.61905663716223,136.465951776382,137.95570157389665
1442,48.06666666666667,97.11214698565475,97.35182350547755,32.050669862099554,32.30052342640474,152.54888478395864,147.621614542123,136.59392996527654,137.99850329287676
1443,48.1,95.23646117794314,97.38750224877258,31.900215028173058,32.72982317593175,151.22658176897247,150.42284114880948,135.62351720432298,138.81165423069513
1444,48.13333333333333,94.04311121505832,97.39329565418845,32.16195230079207,32.90855485781512,154.38860592007728,150.37646911489603,136.13087153254835,137.9777717616323
1445,48.166666666666664,94.11202942181033,98.27772816759824,32.43104329402795,33.28770316113555,155.24998089317268,150.9534715128411,136.55046160066925,137.59914314637314
1446,48.2,95.0992423334314,97.26525590820187,32.681160387424136,33.49292320598448,157.5764361257862,150.39022266139227,137.22535045112102,135.17604776232412
1447,48.233333333333334,93.3093912216509,96.80459345072249,32.9988982594571,33.34011967948913,158.71054674353996,148.1850393446296,138.12417192246474,134.54300402494675
1448,48.266666666666666,91.29333548027513,96.86944447267379,32.98106936094944,33.37187245854712,158.47573198588427,148.21492014193146,138.21391824498065,134.39318296188034
1449,48.3,91.95990926448196,96.68526670042961,33.02959319678387,33.46050636059206,158.5251333078704,148.68638421411904,138.19951594204935,134.801212244807
1450,48.333333333333336,92.42240775166366,96.99492850488744,33.15420269229125,33.64786137819036,158.71389373144441,149.25269064155222,138.24349338952763,135.0490259255935
1451,48.36666666666667,92.8853487464962,96.20895573163855,33.541698468564775,33.73506287289411,160.32439183815345,149.87314932386388,138.05566818946969,134.0749958297181
1452,48.4,92.98649453533368,95.61037029665344,34.03886214173774,33.89652540798041,161.1606165087429,150.4998352376913,137.77792692773266,133.162291312295
1453,48.43333333333333,93.23622836034599,95.34679796389379,33.91676025332713,34.351409978455635,161.90473303726688,150.40453093217332,138.26147484320765,132.76251804165145
1454,48.46666666666667,91.45959962777783,94.99389535378305,33.839666025684764,34.80330465797632,162.64171332766645,151.0972924792007,138.59468137029108,131.7989697013825
1455,48.5,93.42700854891675,95.14257213013153,33.73851330442615,34.81981906561727,162.5401810898061,151.23104394196776,138.56514685012863,132.26548055641302
1456,48.53333333333333,94.21680970049974,95.70422002453527,33.620649973426104,34.71665618050461,161.57410482464667,149.04747310927428,138.05554092757174,132.25037240104848
1457,48.56666666666667,94.24732539710976,96.57377441137267,33.599183125189285,34.68621659361711,160.7532250110598,149.56367703701463,137.52968238046643,133.3630649960257
1458,48.6,93.80999384296977,96.68623407324885,33.494532480351516,34.451085790555084,158.01644752128485,150.90748391257088,136.12628671126424,135.12103968031855
1459,48.63333333333333,94.78081864244577,97.37513780333059,33.25478105100233,34.294485379394345,156.67673451107504,150.39993264688468,136.03398073151317,135.51146482882206
1460,48.666666666666664,95.46949641541843,97.40755052949957,33.216195104084406,34.274259143902945,156.63737291645893,150.81798286077174,136.2089666003064,136.0088504424899
1461,48.7,95.65428546635414,98.32966208121293,33.223137558635464,34.55536910787732,155.28851547638885,150.99972098778184,136.61495694616144,137.16949355370338
1462,48.733333333333334,95.47946302837303,98.76977838014417,32.78854023616188,35.10173894530008,152.54023169434063,150.88814343441172,137.3360942091215,139.24329305748512
1463,48.766666666666666,95.52764238862898,98.82824934165973,32.82460355947503,34.882571701931965,152.36075029224628,152.42598569055593,136.2974997507213,140.84808113917248
1464,48.8,95.05370202584434,98.40394714202749,32.97959885448492,34.94433740317576,152.5444274995977,152.2266589836742,135.79821381968418,140.3144241636277
1465,48.833333333333336,96.25035364725713,100.57180862900533,32.97436376073229,35.57769132035315,153.02775237039558,151.3703885578953,137.07737261258032,140.87673145657251
1466,48.86666666666667,95.23586492960928,100.85613829268037,33.127401022885934,35.59319784504018,153.3414822989609,153.2965542113759,138.00280041028202,141.95986548509072
1467,48.9,96.41194721977864,100.2983529582703,33.42400229218126,35.45688764422688,153.8678859469161,152.7035748106971,137.46506544584386,142.50561264390043
1468,48.93333333333333,98.4831111621243,99.38321637385303,33.18026117301729,35.08483754974955,152.701599222415,152.29575551245742,135.69569955201476,142.2838057030509
1469,48.96666666666667,96.70770867642031,99.25260496660584,32.97180981037665,34.94717710649778,151.83626266262303,152.38037856374424,135.17005211268403,140.55147160013016
1470,49.0,95.95313918611119,98.46368369740685,33.02129863555808,34.415534206639556,151.53686845728845,152.54839092166324,134.76762606974614,140.50979397137112
1471,49.03333333333333,95.43876786298044,99.08990820776906,33.091886372549446,34.38389061100897,152.3608958994444,152.21020254296533,134.09941197712178,140.1464937448423
1472,49.06666666666667,95.62578410629268,98.07655937040893,33.07363029440544,34.13919223143426,152.59360745233863,152.03215679053523,133.4733664667821,139.14207562673394
1473,49.1,95.93050763633275,97.68432880906248,33.14524106541971,33.71077137756349,154.11415788080225,150.19106007690192,135.3344988734006,137.67913346045765
1474,49.13333333333333,93.28150564478645,96.56285165561762,33.192350763323795,33.82286083305332,154.43459490905133,150.70845235933092,135.81655060738336,137.58551627284112
1475,49.166666666666664,93.04480958980746,96.1796372073556,33.1422434724325,33.63420803694088,154.64770560949648,150.51756673576043,135.9335490999722,136.95713023964586
1476,49.2,93.54612182804681,96.23853817314615,33.2173465266025,33.724653071627394,155.1956908044486,150.93759826032868,135.74341011683782,136.90050396947447
1477,49.233333333333334,93.5963495512624,95.5488070732409,33.27049498750805,33.42182098892821,155.10200836366883,150.3004777029524,136.17584995367216,136.68969297837043
1478,49.266666666666666,91.75875089078592,95.2308395216441,33.119845031310845,33.56413426508422,154.54997341000143,150.59974966685053,136.0012038064002,137.09807788960484
1479,49.3,93.49505701768055,95.39687687628735,32.9798128713212,32.67700200525372,153.96594736913295,148.92897642216974,136.02009582289503,137.3687973464835
1480,49.333333333333336,93.87386712802439,95.85785695492294,32.9072640224035,32.04559200009341,152.95086156634042,146.98975290097323,136.8451145849258,138.94564070062538
1481,49.36666666666667,93.09102118919976,97.85660989674079,32.755985080851545,31.934056196665985,152.07639246599368,147.64933231144803,137.54260472272728,139.40555720679401
1482,49.4,93.4549004071548,98.2108406830815,32.429308253192666,31.891249495848612,151.6421584035013,146.9221231639634,137.2885250385974,139.7348225620681
1483,49.43333333333333,94.40349083320933,99.90356550241161,32.67246500130466,31.646402369247756,152.00151093277424,146.0991762608309,137.80254929185074,139.20249478448412
1484,49.46666666666667,93.63250653666853,99.71770029206678,32.4714062816171,31.844822279617397,150.45096606707287,146.6864465664932,137.16564124091377,139.3034551449215
1485,49.5,93.1249828763499,98.9679201882721,31.82252412376689,32.06411060772616,150.74554839185058,146.4698316236629,137.26902785114817,138.96278160358068
1486,49.53333333333333,92.9714237210196,98.85005748538478,31.940460771241508,31.695049141555213,150.5733962416207,143.89158616123703,137.88647230402464,138.29714539874837
1487,49.56666666666667,93.57859517034437,99.13353673097437,31.74130951418791,31.69834669986077,151.63763274446953,144.25903704872593,139.17784426703614,138.25096806213958
1488,49.6,93.8036951498483,99.03436518983713,31.396626969957957,31.677792526247554,150.80425712921416,143.2069848936382,139.04545608124042,138.1372456908484
1489,49.63333333333333,92.95374655766719,99.82928000491867,31.049760435417213,30.982082077709997,147.2145760425904,142.05037119433987,138.37322918380605,138.97116125738538
1490,49.666666666666664,93.91635672815099,104.14653706262987,31.263837371176166,30.704835369461456,145.14470819675918,141.5676849825233,137.51252457251238,140.06579535364136
1491,49.7,98.56193694627864,105.3760192763209,31.232518744974005,30.67726517021194,144.74314907723976,145.58972781239007,136.93344437778822,143.40257020525715
1492,49.733333333333334,95.80716084310875,103.63907643719259,30.506453977995598,30.152254034915572,144.26898737230354,144.09311645357158,137.27177709131365,143.1138553239986
1493,49.766666666666666,99.08502951954111,105.84569098404725,30.810561852278934,30.136800282942986,144.16594321873984,145.2345058040293,137.1622019195729,144.1337827593388
1494,49.8,99.98188928027689,106.26396239779571,29.533654802621456,28.712440083754093,141.5213112475154,142.50137276382767,137.23790614756984,144.50222372358053
1495,49.833333333333336,98.68393065882866,105.08699442734856,28.907088142059877,28.664071122412505,141.74512511370224,141.23937525936915,137.64410018700175,143.8969318544046
1496,49.86666666666667,105.24879334986278,110.36364647224836,29.755087342236152,28.762304076323858,143.00365502463615,143.04357832762784,138.9179442031752,144.86530405341637
1497,49.9,104.05168945237239,108.67058759140701,28.321364693060676,27.833011806618867,141.12907783987524,140.90799253078816,138.29427321294713,144.1249774717045
1498,49.93333333333333,103.27754316444693,105.88521295106315,27.849173901684736,27.88342790803641,141.0331262582052,139.22831616590992,138.43821665822054,144.21964632124994
1499,49.96666666666667,107.38725462603742,107.39258902357331,28.452005747043323,27.883897443898363,141.8527956146361,139.01185003902765,139.79979819828296,145.31127326635217
1500,50.0,106.97086139622101,105.89182729436317,28.58866687129273,27.839621407468726,144.4627779982894,136.68361542507574,141.48752855182647,142.70854902090005
1501,50.03333333333333,100.36833303430026,103.52539719780575,28.222699462372937,28.309458044365137,143.4737174149635,135.91391410955333,141.2245461087282,141.65487304728214
1502,50.06666666666667,98.03902785338177,101.14443247564323,28.054682881735058,27.468532817339764,142.42713713580946,135.50754235736053,141.00600643090738,141.6110869191961
1503,50.1,99.06014427635581,103.11066082993756,27.98304286852511,27.975289895502463,144.2176497015229,133.6744888531331,142.3375047991406,139.85568208356153
1504,50.13333333333333,101.22176958412591,104.59492399049644,28.532459675730156,28.311699156407148,144.63883983626835,134.2417256337576,142.08367752531862,140.9799780966624
1505,50.166666666666664,99.83907449195084,103.37753618361661,28.508330060227987,28.3207977812156,147.92297550443212,129.38264076660843,143.36339888137832,135.83515229998403
1506,50.2,100.33743315098722,104.932048637675,28.862958139672422,28.513426502830065,147.54245177607788,131.28160764020922,142.9649876387346,137.40600310524093
1507,50.233333333333334,96.47117451224044,102.31192362060033,28.881178195714387,28.84498176502091,148.12545713851424,135.65923262955874,143.08933520502123,138.82864056303833
1508,50.266666666666666,93.27250727585326,100.64347058183617,29.28969182643214,30.06740129304352,147.48903393421975,143.07320149815556,140.83483501801257,142.20131433739726
1509,50.3,95.29783599566272,100.17347306449048,29.877197678245444,31.25036012753824,152.41347640754196,141.4858625345673,142.8757657559254,139.47019946091794
1510,50.333333333333336,98.77742378244474,96.68237232065196,29.361931672209106,31.182568325065343,151.43538513981804,141.83374124708857,142.08094785514464,138.41027546054912
1511,50.36666666666667,96.06076736114575,98.17374211915838,29.24117821381337,32.0428495794292,150.98939665642513,136.737441419761,142.12699664298898,134.33893263375677
1512,50.4,93.02364885493373,99.41779311268193,28.589316417262626,30.829211649662128,151.91390970295654,138.91592803693163,142.1596707080288,135.73425596694275
1513,50.43333333333333,92.95425655693063,99.6997639453664,29.431888403663933,32.23295540523491,159.0901802041354,140.2668805374326,144.40243833005815,134.44711448938514
1514,50.46666666666667,93.76642719768361,97.54727079059319,29.25595741534104,31.61098869896804,157.90747262056928,141.76618538452848,145.1711045442035,134.81060287705535
1515,50.5,91.33800007320365,94.43675762300838,29.45644223588865,31.7896171010904,156.51604594571447,143.04089523929915,143.36106979279714,134.76919157233127
1516,50.53333333333333,96.4048293804998,98.15001715630842,31.358771320408,33.65774111783542,158.54404025902014,140.40950925746324,144.1948964539879,132.82654137654526
1517,50.56666666666667,96.15331702156915,99.4574417503072,31.570719856551314,33.79342430630538,157.47647669533856,140.93388729924416,144.23420934132585,133.669453635508
1518,50.6,94.74879083419853,100.69979489147433,30.351045093601133,33.11276801203934,156.85322074351666,143.72120816924573,141.939425574673,135.19227896223967
1519,50.63333333333333,93.7601593007683,97.84137861647609,30.426116961212593,33.14079476189512,156.8547299134246,143.50203364430598,142.07549171773118,135.28114647239596
1520,50.666666666666664,92.21120626308476,99.07120098476186,30.445533236215596,32.54784392700355,152.04589688596724,147.80531708138855,137.04385933694766,138.97343659459284
1521,50.7,93.38618709627364,100.4471283780999,29.967388613899107,31.5327173344158,152.9181145079039,147.65109661755332,137.51907175127727,139.33635754071727
1522,50.733333333333334,94.48729704117046,102.38512953477061,28.098761735998924,31.99357541496502,153.4165055348821,147.56584183039726,137.61667584282998,139.2390294871394
1523,50.766666666666666,94.32904460733265,99.06040507097843,27.917821360195866,32.22513877481822,153.42151822684292,150.83027989723777,136.44186826780643,139.6235150153367
1524,50.8,94.53626571810292,99.8315486010806,27.16435632571823,32.49607551057577,153.66253376942458,150.03064735116274,134.59400037600264,139.03557392200844
1525,50.833333333333336,94.07613235165243,99.21990886099388,27.14768030558377,33.282457023882024,155.6636743694878,151.64647604682835,135.7776659697131,138.91021006896452
1526,50.86666666666667,94.658908157937,99.28719134130688,26.678952955805514,33.01447868820177,157.51516643506943,147.88352818581993,139.22807839326668,136.461842644628
1527,50.9,95.12467872873336,100.0986392547968,27.001025180992865,33.260801832373694,157.48063184922455,148.3733875933311,139.7145036379999,136.69609083595472
1528,50.93333333333333,95.81487644471589,101.11585959033721,27.292255781129068,33.5199144842974,158.2518233866077,147.92089236963804,139.51910861800332,136.287121069825
1529,50.96666666666667,95.43662143278343,100.78645015467465,27.051518425580117,33.25789223498928,161.16929673183898,140.33813025433062,143.89531479626177,131.58134146186424
1530,51.0,94.66601531196763,102.41375295120935,27.52174676960069,33.13680461077218,161.57474410801993,141.441820295751,142.54619329619746,130.72864612367187
1531,51.03333333333333,95.29366720524789,101.92537252946097,27.81137583034298,33.21814101541727,162.83268997745208,140.5089989592578,143.35997840559202,130.10907015744868
1532,51.06666666666667,94.61609376531926,101.55995196271101,27.801506725711874,33.03509754201252,161.88488498566872,142.35132478717625,143.29638014407342,131.91309419680505
1533,51.1,93.95958090021321,102.32270504855506,27.82455525453807,32.64876382454765,161.38721628210564,142.75974385062815,142.86668812630535,131.90334515080875
1534,51.13333333333333,93.2082820571149,101.01305249764046,27.94458890456597,32.80790907536087,161.32592297020892,143.93914353362152,143.0771091532545,132.9519744545197
1535,51.166666666666664,91.92844101979071,101.9682123718327,27.669949432328387,32.662614819672925,160.24474686239125,143.8863076318916,142.8078118400108,133.10522375753342
1536,51.2,93.24052741876854,101.48501253489043,27.549410653309224,32.544833324713224,160.08633055875694,144.67766137510552,142.71204422667847,133.35656235270295
1537,51.233333333333334,93.86023355558338,100.28631399717618,27.410688193935687,32.60866401489896,158.32035260789004,147.73049909689885,141.26733405759308,135.75708853453528
1538,51.266666666666666,94.22007120598347,101.197133513967,27.737204923844065,33.06056818447609,157.3507663012993,150.29614521346517,139.8693021559608,137.0544024241822
1539,51.3,93.94682030421008,100.52699777920724,27.681445228434338,32.99741113517685,158.39649485927347,148.82814789456725,139.73806298194188,135.2317572394089
1540,51.333333333333336,94.06856835214758,100.48549466855204,27.58264109910294,32.93771556555827,158.46025294914097,149.75167016679328,139.79010064251113,136.26166077611194
1541,51.36666666666667,93.27164021289288,99.87022856243692,28.05199667144867,33.0760487402658,159.68672363954957,150.45438752521042,139.94301442241206,135.8457452617739
1542,51.4,94.6987053249795,99.83385244132202,27.269840433638525,32.64945102309883,158.84708414608022,148.81375081234302,141.82147881486975,135.58897052513396
1543,51.43333333333333,95.06958923911016,100.04223143582162,27.296151072970215,32.48913665764621,157.56816204964682,148.18666600333412,141.7331306359291,135.70907726225164
1544,51.46666666666667,94.92232187065149,99.31590742836458,27.590731591813633,32.61950144149063,158.36387777445188,148.5504449827888,141.22261058806544,136.0065055677622
1545,51.5,93.77185886349824,98.05077560707116,28.02719013528732,32.909412377227994,159.17370204566188,150.06392565107578,140.6159240376867,135.767757188551
1546,51.53333333333333,93.49130005549713,98.89828495020325,28.114230106516796,32.796816735190795,159.30064849199007,150.00654235616824,140.60297626059315,135.86508319395352
1547,51.56666666666667,93.00384383922477,99.42270668380084,28.1671776555147,32.84870950027935,159.78394370211484,149.26521110506187,141.00922067733896,136.00197800352612
1548,51.6,92.80548791516603,99.35727903181807,28.12989225330003,32.672104559941644,159.10927164777473,149.19007767478277,140.58044519034954,136.14734830322263
1549,51.63333333333333,93.96009214926639,100.28169178824713,27.89502171673629,32.88287046363742,161.51925934142093,148.9508277611803,143.23318199863078,136.1146305366275
1550,51.666666666666664,93.5175690065026,100.19217120339958,28.02526913507118,32.76798604181882,162.1026224720058,146.11433920996535,143.21197996243978,133.72411578567377
1551,51.7,94.17448096953021,100.69348741733724,28.02661169120749,33.04970628051282,162.29488934433482,145.00304954972611,143.68068454499408,133.20443941215416
1552,51.733333333333334,95.29949131837753,100.11431157126015,27.99999057421631,32.78094337014646,162.42124915628904,143.77377159314204,143.36456479683685,132.78401658123934
1553,51.766666666666666,94.88516354292639,100.03130452557374,27.889811278696058,32.3358166766818,161.89354429306638,143.36414104564,143.611140209916,132.68155381479207
1554,51.8,95.86884155773566,101.08017863783665,27.83532834581845,32.02234229065374,158.34667871586998,147.03634546019214,142.2163255191001,137.6425322656272
1555,51.833333333333336,93.22124974825523,99.23757479035444,27.75175046667309,31.58013019301291,157.04045522575964,145.79655492529415,142.42310244884578,137.83908691021102
1556,51.86666666666667,93.80793244957486,97.95236925338634,27.997504290518346,31.459240978723745,154.92162261285551,148.1905437175085,140.6168315853251,140.38735198718499
1557,51.9,92.66552412567528,97.7605870013136,27.958547346285158,31.107818710305423,157.26658352867327,147.02549897825733,144.13731981330656,141.96658607778355
1558,51.93333333333333,94.19746515126191,98.28068378407055,27.94167113177748,31.203181942757595,155.71111048494757,148.42604869492624,142.87342931526516,141.8892239119709
1559,51.96666666666667,93.55378630368942,98.63203655921903,28.068641177681474,30.796464564411767,154.96157396407114,145.99158898866986,143.08530343938335,142.80560714519328
1560,52.0,98.05370213723835,99.68236425982838,28.1336311244497,30.789272908272064,155.25762698344417,146.2281053018072,142.77030666200895,141.79644295929037
1561,52.03333333333333,98.3531003687924,99.94905410709225,28.452875039226235,30.239319959799708,154.70629800725123,144.79242293393222,142.98272950684748,140.9116783285675
1562,52.06666666666667,97.47442863623957,99.18866926838425,28.313905470889768,30.047598600361834,154.18037777754645,144.4720990347457,142.79774327381486,140.48188920473677
1563,52.1,97.44804949570636,100.4304669382697,28.04908685952161,29.723735122781655,153.3871665973489,143.2687620748191,143.6128398529434,140.83462725356077
1564,52.13333333333333,99.35001888272554,101.46095491661175,28.2421050323121,29.621578278818387,153.20506288535282,144.5172856972419,143.9871933855568,141.4633996793595
1565,52.166666666666664,104.030386794043,103.69120408257517,26.494985700679194,28.697799567871776,154.0646061286087,140.57611385208548,145.515554074668,140.222260517573
1566,52.2,101.454921730023,103.82591530637647,27.099239516654553,29.543995738151168,155.1443248792748,141.56567111831365,144.7215226636946,140.0594268976616
1567,52.233333333333334,103.28447220308078,105.4325561480102,26.6677071690396,28.654883552725767,154.87394693228637,134.3549843245829,146.97304584662237,136.50911255499253
1568,52.266666666666666,102.62126702202433,105.1280703773872,26.79735681070068,29.588301632132467,154.98824081975454,138.77889345730514,145.5353378804013,139.3213729297634
1569,52.3,107.01515781527428,105.63575264466034,26.780399476824943,29.01603240319587,153.8073014488733,138.1231148733149,145.95712399080892,139.51823361872994
1570,52.333333333333336,103.16501493185095,105.02703383802954,26.9270954307702,29.72619134684481,154.4443081370197,139.61452892882605,146.66630412868494,140.46687506778363
1571,52.36666666666667,110.46460535456669,106.77212372306951,26.939966247930485,29.29818299805095,153.6961341017674,139.07876293533585,146.71125122542873,140.98828515791877
1572,52.4,105.47343725558743,107.9435286382122,27.419435682305974,29.708824590388215,153.39387281382014,143.28242239372244,146.92288946780138,143.70172995087356
1573,52.43333333333333,104.83586410072623,107.35492932104682,27.419966341371794,29.7179015406091,153.66990280786507,138.12863733485486,147.15014221374227,139.81804696556432
1574,52.46666666666667,104.33351764614777,107.75580313295461,27.527201971893636,29.838348310614226,152.56648655827001,142.46459435795813,146.41557208721457,143.20210252022935
1575,52.5,104.73706892569506,107.57088461970275,27.237404448596585,29.478484543091685,148.24141289512428,142.44777159759062,144.16503486346318,144.07471262198743
1576,52.53333333333333,99.96481639012801,103.95394037275061,27.912647975736103,30.743095964708075,150.86336172870256,149.78750245141163,143.73796755636369,146.5987057588399
1577,52.56666666666667,95.58409786113826,102.14356089078701,27.849322442459528,31.25858072619313,151.25212405128107,148.5375760823964,143.67518438249638,146.0080570930852
1578,52.6,94.14848576547607,103.6208251904163,28.082994686992357,31.292449891807752,151.56223928954154,147.49223763274958,143.51818417834144,144.72595082869225
1579,52.63333333333333,95.28587348179106,104.0541092736785,28.006846884608812,30.68362388197106,151.31252398577388,146.00117228127155,143.08412308161488,143.14160154125065
1580,52.666666666666664,96.02992874376858,105.11408849798178,28.02275378630165,30.007612321297582,152.10797792638246,146.1314297007764,142.95093521953402,142.7872729877097
1581,52.7,95.86354670734448,104.42848718041206,27.81449112891878,29.43571305900171,154.20042172973373,142.73623386221723,144.23079231872615,139.82834232861572
1582,52.733333333333334,95.78740625695781,103.31366202950547,27.557489876133175,29.142307663389353,153.8991470673525,140.45748008153723,144.50919165157117,138.40936308080953
1583,52.766666666666666,94.54712131254199,103.36076398108142,28.134770541120748,29.014658722862286,155.28919813246029,141.13925562274528,144.95806427882235,138.7067990092616
1584,52.8,94.47571160768813,102.00044769292137,28.402672493653935,29.261605590811698,154.4832027976838,142.83291829292637,144.21827516524158,138.78589929378498
1585,52.833333333333336,93.73692873057718,102.04658644032804,28.481649114066492,29.11005495792045,155.20906283296202,143.0567235609157,144.23315012400747,139.1563565144809
1586,52.86666666666667,94.61391447405177,102.39481207337418,28.052470270668085,28.849264731815364,153.98636630978183,142.79098029634503,144.19858920972337,138.79343968921475
1587,52.9,93.93684096076767,104.30891403156288,28.306310918327124,28.834645110185573,154.63495473208286,142.30227267206993,144.34004855877473,138.87041505900433
1588,52.93333333333333,95.301043769204,104.4124290688314,28.793904252170538,28.658128292671957,154.43392587079964,139.45797197772384,143.9354464562131,136.92187959329604
1589,52.96666666666667,93.49378349515975,104.89430979072422,29.997125207256378,29.1330193059607,156.07883988447745,141.1146680850043,144.20792641149984,137.51689313076523
1590,53.0,96.09080194103021,107.39340281405318,30.391424362437686,29.222718578734497,155.51100394583617,137.71189514864577,144.11833114431315,136.62121872338437
1591,53.03333333333333,94.86715074966696,107.4196218737267,30.670629272852203,29.68570596288541,154.6769952665144,139.54396515502242,142.93321859631317,136.93573509474714
1592,53.06666666666667,93.71567909266574,107.39019795937396,31.345315866294087,30.36324278113883,156.37274745003032,143.51009015353603,142.59504191000175,138.79865954002304
1593,53.1,95.19765248175,106.60665876211797,32.41758293628789,30.41647470343001,156.44213192798654,143.48813989751162,141.84898391251565,138.56904292727052
1594,53.13333333333333,95.23666101641886,104.96061509215893,34.138459954055875,31.518068999951232,158.63603732916053,147.47476883566029,141.5512532360768,138.61341469923084
1595,53.166666666666664,93.64336038956787,101.00656639259566,34.02576275268973,31.806972181708918,161.51885276633254,141.35058740162182,141.81212036243042,133.27936252427588
1596,53.2,94.29991107718979,102.58930367397953,34.472227104553596,31.781061384012194,161.14167940543544,145.82792798440576,142.05967622382403,135.63320763441618
1597,53.233333333333334,92.62125535228787,100.47613796495652,34.37670907641074,32.194102979996245,164.4213435844859,145.09507917525872,143.59364710177053,134.48244563883287
1598,53.266666666666666,87.79027051356307,100.28778797254668,34.2053134971124,32.48292168977328,165.41637038392827,145.40956168684158,144.87293713141443,134.37940792600673
1599,53.3,87.51583969082552,101.94502088820254,34.47142253771975,32.38996692765351,164.43344408672536,146.0094189555446,144.62299079238934,134.13929260174623
1600,53.333333333333336,88.52867744611669,103.01361552974505,34.40883637955734,32.42584113624608,163.66578021522506,147.56937640089117,144.48555386340044,136.03684275022567
1601,53.36666666666667,90.25245300056396,104.72226277386403,34.96222367407669,32.25738577480244,163.2115692929106,150.76851862739778,144.3438293198404,140.0669790600664
1602,53.4,90.85309920143322,103.78067913204116,34.7376734004069,31.669430416100965,161.1645492367374,149.25726206610312,144.0994539909512,140.26665075639434
1603,53.43333333333333,91.41947017706082,103.74679061333948,34.75977441396423,31.38173397038443,160.88191760670475,149.70956046299182,143.80234531545761,140.60415054443033
1604,53.46666666666667,89.90700075851792,101.71527222340325,34.63582498425303,31.32762271636244,160.7449106331473,148.98301314419876,143.91092581462732,139.89151334531752
1605,53.5,88.63169495510398,99.80716072325156,34.49492462724602,31.753734061472493,160.7032074939054,147.6330159258568,144.14500728457077,138.874334188376
1606,53.53333333333333,87.26894593407167,97.79509592834813,35.461620424929286,31.189159597782716,160.77706553575806,142.38441618593617,145.14726675484982,136.3642054802685
1607,53.56666666666667,85.06581431356697,101.55405378669684,39.77721097877289,31.848739027989858,159.09799943510995,143.33804114176888,145.96592344477287,139.3774334011542
1608,53.6,85.24436031390306,103.0511938842926,41.86874981812733,32.05164673084856,155.50764460812042,145.49774477305198,143.17659865843038,140.89693418829538
1609,53.63333333333333,84.67240464702574,100.96293265910951,40.83487184743146,32.35900214796328,151.24279355651436,145.62078967289938,133.47732012675505,139.81206352286665
1610,53.666666666666664,84.24982984264528,99.39823071361421,40.78440670844604,32.490005567501456,151.25010913087505,138.65189008098784,134.78492194433477,133.77319380079905
1611,53.7,87.99031201012922,99.65779955414153,40.135780467407464,31.30546566713919,150.19703611205355,131.70250578019187,134.23744028547566,132.36944204053972
1612,53.733333333333334,88.83143235097471,99.91245712233948,40.62761094375224,30.743635116130168,154.35622160144408,126.76763988850581,135.9638941815463,128.1157150039809
1613,53.766666666666666,86.91888405781364,102.03304691151314,39.7678214530138,29.82591439486535,153.2975895535842,124.8283459383842,135.7909216465194,128.07756710486495
1614,53.8,91.41119423456104,103.45955686551305,39.44239988635532,29.354788515063905,149.83553682134115,120.92642587359987,130.41894418625668,125.51125794039729
1615,53.833333333333336,94.41324257918278,103.99550745676284,37.06480663578915,29.236773919058674,146.92233470415974,124.11828107198215,130.60150683319094,127.9004586397205
1616,53.86666666666667,94.13318853859428,106.58615679150311,37.08029807689207,28.384197399233173,145.21270727089248,119.07242580009999,129.06928917923892,125.61194827404968
1617,53.9,93.86858696374027,107.24690967286577,37.91208248332077,28.89743935933672,137.53447339026005,125.76781896772289,125.92230849077981,133.50579596701522
1618,53.93333333333333,107.36301735206948,119.7747770429111,40.30966723764437,29.445558544320804,129.12770398060195,137.58108076742542,120.07153357082198,145.50705214467825
1619,53.96666666666667,103.9897011841529,119.37920240929698,44.01012509319125,30.14136519595774,130.11734215391627,141.9422386653755,119.87933181162535,147.56069907774042
1620,54.0,106.5946475750268,118.61490484105214,44.4586661513732,29.970059655410406,130.01419626365663,143.11965316508045,120.30792336989306,147.00743724726027
1621,54.03333333333333,109.08326418814363,121.92256900430395,44.55490729586671,30.20264897020102,130.72633768487378,143.58229506837057,120.44121639047844,147.65479425370395
1622,54.06666666666667,111.49635535169291,125.04293631010583,44.31957589319765,29.782598331773986,128.5696842470767,143.96707247185128,122.26818725344475,148.21806066412506
1623,54.1,112.9532917507115,125.186468952553,43.80907623974921,29.29410067355436,126.53771293706085,141.7525464561368,125.23875403228999,147.9468070492491
1624,54.13333333333333,114.36546374945574,126.97966748865123,41.497726591981376,28.322297420463315,122.38849594709221,137.71267629922892,125.66656917887563,147.43667584699077
1625,54.166666666666664,111.69398646483486,123.61224645529167,42.200919421071916,28.402630840621008,119.12633578206894,136.91356957685528,123.46690619104211,146.64091051918103
1626,54.2,113.55148569664495,126.48357798130147,43.752518341036335,29.066546125460622,119.38707880900076,139.32403625863034,125.07873930902181,150.04059119071366
1627,54.233333333333334,113.42287007293707,125.64057107965331,44.635006250288185,29.06810167549766,119.28330855757845,140.01448328499706,124.98115011462447,151.0996745618296
1628,54.266666666666666,116.96506452080614,128.1228759118198,44.79344345055972,29.003577620633553,114.07413887985894,141.3127452138751,123.43068304679785,152.11529475105576
1629,54.3,111.77352863613781,120.57199748282154,47.27915195511692,30.732567055644402,113.00254290758186,143.62508542989085,114.39175650270167,149.16952465209562
1630,54.333333333333336,110.51892472842809,120.67764549445214,47.044353348637166,30.359283359259717,116.21823504317142,142.58748449187732,116.86337973504055,148.88932458284893
1631,54.36666666666667,115.29032449814703,122.57011875852135,46.13575710784543,29.71197079421916,117.5766151178612,140.7099061771081,118.25968261935002,149.52539139761006
1632,54.4,118.07936124082796,127.56260817064059,44.57214723944862,28.36527350358671,118.29987924860842,138.01219906485184,124.23219442490348,151.41077542304168
1633,54.43333333333333,116.68025051305511,126.28922821351235,44.02252352079868,28.341598288121155,120.36024571609259,137.658260693205,127.49565373717458,151.97565515712722
1634,54.46666666666667,115.50095421399813,126.01454721404153,44.086658280137215,28.694134403265767,123.23802807161591,138.32884218720983,129.27923307063088,152.0948861794609
1635,54.5,116.02819234959203,123.66921272469176,43.37035454049423,28.5884590841268,125.5831115499214,137.56069769159342,131.75144687192858,152.07333157464205
1636,54.53333333333333,111.05286799157052,123.78248219787004,44.80906675794896,29.38502387250159,129.3579586742617,139.57510226307153,131.73663976127403,152.0464337736902
1637,54.56666666666667,110.03461814287364,119.4870732445728,44.64369713190134,30.219885407840327,131.04751558196415,142.1817487488822,133.54168403769143,151.168882038412
1638,54.6,110.63129167376428,119.29414278983516,44.027906188805794,30.407050890878352,130.49262325957724,142.85974876929964,128.7393763736278,150.4501392843679
1639,54.63333333333333,111.89817305780315,119.51646110472628,44.69464606407443,30.61635501601626,130.22947006867173,142.79909572095448,125.5742731943423,149.3486102741192
1640,54.666666666666664,112.38932797376668,120.32724281849951,45.82191789374635,30.89743416473613,131.23045009650343,143.8795475184487,123.54067424144198,148.2556787041614
1641,54.7,110.39514055532105,119.92230655351435,44.614903219926305,30.676681332984042,130.39259561157863,143.25315079907236,121.6110136343872,147.16210377774277
1642,54.733333333333334,110.62815034909745,119.32523774501009,43.61466420857057,30.419079966851086,130.64651774055022,142.9145052298981,122.00679480153546,147.0898258120509
1643,54.766666666666666,110.33793073402735,120.42317874062705,43.86560315040957,30.367389558622694,131.09789494294617,142.4774739140021,123.57879836598116,146.80546977781617
1644,54.8,107.1287530871138,115.43227544863795,43.29373351005591,30.167279719899398,132.22102767454783,141.39396304618464,122.10258343030172,145.68583972066767
1645,54.833333333333336,104.47294771532297,114.52518793032678,43.375473344289475,30.609908630935088,136.62898634768996,138.9196850801677,119.43935984661421,141.52339741811141
1646,54.86666666666667,96.68834143440229,107.68789013770675,42.493256567189654,30.668851230591187,145.25977681887733,131.6480597509864,126.48164142070145,133.87351440308294
1647,54.9,90.96430135245195,102.65857727520988,40.8586063214453,30.84739126379944,148.48509330638507,131.12787576709047,128.02927850806248,131.75189353876067
1648,54.93333333333333,95.84343586711785,106.4744195199621,41.01713106415641,30.916932287599824,148.78286447599078,133.62220168011322,130.19232222925118,135.4963708883875
1649,54.96666666666667,98.39502769885296,109.09996651600527,40.80439007409555,30.776052058231656,148.57834244713078,133.2631771650829,132.2075431925554,135.95785619502215
1650,55.0,95.2758372656883,110.68187547439425,41.88209862604267,30.905272664989983,150.61506730936688,133.16888618300825,135.1682972615336,136.51521066674124
1651,55.03333333333333,92.12213053549023,110.28226702043534,43.27527845255386,31.454640428303428,143.34231246262723,142.62990392499353,131.54239974305315,144.68148883584502
1652,55.06666666666667,93.888494662173,111.56052012341634,43.9883495675397,31.8881523701828,140.6391707168461,143.7890966210552,130.85322877313942,146.0528873409593
1653,55.1,95.47464691115744,113.15620297123061,44.54390897455402,31.916928558471206,142.81899801821768,142.94273656035935,133.40869387420634,147.79073337010624
1654,55.13333333333333,95.5135923262844,113.15222230692969,44.27946952814357,31.965384318396296,143.17574405357604,143.53481096264213,131.54847698190486,147.06122967453655
1655,55.166666666666664,92.56554865767127,108.36896200069401,42.96229678215716,31.514179738146815,143.06360677432363,141.47490326659545,133.96115251447185,146.22123938166615
1656,55.2,94.26864437628316,109.91831799107112,43.05778189614842,31.60092550137386,143.98762260432912,142.1383342185213,134.4587889344697,145.4625353641509
1657,55.233333333333334,102.8233943659486,110.30657523604526,41.55268981595718,31.063584537692204,141.90238376032372,142.18676987156195,135.71941908442685,147.00070127766858
1658,55.266666666666666,111.61850541092616,116.0612264465818,39.54836188333932,30.21872306002763,141.51884722829593,140.12027399638058,138.30782753298902,147.66046062639091
1659,55.3,116.89962093545546,117.04267695908965,38.628457725809646,29.808290698936194,141.36246155586136,138.12557546452555,139.66920402727044,146.57359543390967
1660,55.333333333333336,114.86143605192224,112.7205604791423,36.89210358328853,29.241630524238534,142.9474816908105,138.84460086508992,137.71690775250792,144.99643436396042
1661,55.36666666666667,112.97446030606721,110.8073314832047,34.210196619544845,28.924666863013968,146.84864441739114,133.39811003011056,142.1310280299901,141.90877516008126
1662,55.4,111.18316732344853,112.85741882348357,35.74984680391758,29.046853112971952,149.28324308703014,140.49595922384464,141.70438045790348,144.70146573974415
1663,55.43333333333333,98.80752518191503,102.92402908661361,32.973971584810684,29.889813966876776,153.00169135471415,137.52284945297558,142.14773123908682,141.88283971841608
1664,55.46666666666667,94.11048185484846,101.27435366860627,33.406665961504835,29.20053689196925,157.25874092558004,139.98254515090338,145.1921503231425,140.36566106493154
1665,55.5,91.89216494443389,96.44925831745287,31.02398197086092,31.331775526007405,158.13164035744566,139.77807623482173,143.0197696335479,138.30056031505683
1666,55.53333333333333,96.35168891612601,99.85841212545198,31.98738020319168,30.452265313430047,160.13541368372236,140.64222020814287,144.7931443922899,139.8201117256122
1667,55.56666666666667,95.5706194874319,100.00560291579205,31.99417669832675,30.154391816843244,159.80048430594323,140.59226248356333,144.0808999843392,137.37726126575464
1668,55.6,97.14170203124831,100.72954781432149,32.026523111961346,29.95953451712432,158.10918739070368,140.83978392580443,143.03006076302637,136.57420239714438
1669,55.63333333333333,93.83791347213281,99.15120781566344,31.511004862073424,30.15235310689651,159.0497041982677,140.2513165210655,143.29638880870294,136.41947114504984
1670,55.666666666666664,90.48889494243556,99.19861997327844,32.339202195148125,29.650788685990715,161.4920329088995,140.86882555950885,144.48293106059208,136.7482109102119
1671,55.7,94.27395449516428,99.35068113445257,31.15400130837976,29.86470271059616,163.04345364708252,136.23212263458777,146.98426656677026,133.37337604861204
1672,55.733333333333334,94.81907719167256,100.47614309496869,31.383782861904276,30.178566994466205,164.67978589314708,137.4390307803343,149.19852118798394,134.8975612192077
1673,55.766666666666666,92.15211799992508,100.8156751153019,32.371334233778065,30.862314826726283,165.33823391646249,139.30766136658582,148.74428382611603,135.45163835853847
1674,55.8,91.94456204607667,99.33110801586116,31.93457244001458,30.831951100254074,165.01927630444487,134.5733979583221,148.82516105187898,132.0472994819012
1675,55.833333333333336,100.35584107698806,107.41222714143373,34.20558960403495,30.380720134369934,165.0672103208892,136.51485459434682,151.3617123066004,134.80870166898282
1676,55.86666666666667,102.10291846818917,107.44330896627262,33.58779834237684,30.240448057287914,164.2141797500686,134.54403940660043,151.15114793730436,134.6728346357918
1677,55.9,99.9052269152453,105.86185226777675,33.385075546569226,30.3009408087653,163.93317463523215,135.0102713455347,152.88325437013654,135.6311751324404
1678,55.93333333333333,98.36985665033872,104.42834972594406,33.7460093173175,30.64594247833134,163.43155414100005,136.94600309152972,151.85327600409516,136.51538748563112
1679,55.96666666666667,91.67877341425202,104.24534026351894,32.89798746061483,30.735970578849276,163.28454205235397,137.3245138824303,151.84877183814433,136.7908025339019
1680,56.0,93.26970952552588,103.50929528271718,32.620827714144426,30.888511261898497,163.37099962501114,139.3429370668763,152.09139174274375,138.85604989703148
1681,56.03333333333333,94.04051867608369,103.91804815069284,32.10217573023026,30.701872717870646,163.02221662594548,138.95017700169925,151.74861492161085,138.07117665662147
1682,56.06666666666667,95.75070395598765,104.76890226962905,32.685563340817055,30.92153809781231,160.2981921676947,144.38541153536073,150.5090312416444,142.0602636076076
1683,56.1,96.1108393814075,104.78462019781455,32.43511131019257,30.826856135823675,160.4300736505158,140.26855194944025,149.61413284955404,139.18790291082226
1684,56.13333333333333,98.01172890321983,106.72081413184272,33.45538510334191,30.91961401297306,158.89238938426752,144.0097744129546,149.43071406796662,142.18076687912102
1685,56.166666666666664,98.0745786984149,106.01888618665166,33.31310880574792,30.692767018135765,158.1463027902598,144.86760041699378,148.63621057255642,142.55676749610183
1686,56.2,98.53991255710751,105.68637337553811,33.3928319593639,30.593584248648543,158.67515997287447,139.26483872553533,148.2375291644438,138.08027445546793
1687,56.233333333333334,99.6793939314258,107.76869027183903,34.71352256907704,30.870600065973637,159.80505424042715,139.2995455173274,148.15198281870798,138.1714945514972
1688,56.266666666666666,100.2726335333485,106.628377656834,34.393397313615196,30.929274023400595,159.70961401609065,141.46351415761458,148.24104572346153,139.43482382030007
1689,56.3,99.12447327610235,104.64443159223308,33.320598669676954,30.836010188084003,160.5909074995622,140.3935816487621,147.77907413198727,138.14680121827737
1690,56.333333333333336,97.69607785993705,105.07342196029622,33.05112358835446,30.850137634318678,160.57657282661114,142.48914518143232,147.88047464134254,139.6858545776614
1691,56.36666666666667,97.4649125040477,104.75056765917866,32.51442027597161,30.74810550322182,160.3263086273612,143.16497570100813,147.90520000302038,140.00858864281997
1692,56.4,96.49138924219905,101.54737042669333,31.776155422559185,30.725530397057177,160.02630842391926,143.8570561418197,146.90860579752265,139.50533200357543
1693,56.43333333333333,97.0518611096427,102.58858048090042,31.834871481806495,30.711381403245355,160.0610023058142,143.79592504648087,147.09340845383466,140.08978201627582
1694,56.46666666666667,95.0539252049618,102.83732088829656,32.68760193635641,31.326589354486824,158.3917393423403,146.50301259605868,148.25981295126547,142.31866437494043
1695,56.5,95.73512356545699,101.89797514378581,33.003652369925824,31.476305042410058,156.91137494147947,148.10549090411848,146.5297274555297,143.3479101158185
1696,56.53333333333333,94.99503332146027,102.20661066464027,33.674707672194366,31.44934391384879,154.39272126759283,149.4884453202255,144.16879681878092,144.6746615613458
1697,56.56666666666667,97.37549550158896,102.86197941669488,33.94783435423602,31.23980297965915,156.0621936863519,147.99372728667976,144.3365143341507,143.54182079744504
1698,56.6,95.67682352296424,102.68929026446219,33.86892952540536,31.136210238192106,157.1342861685299,148.6744372848063,145.04436091439038,144.0450901158236
1699,56.63333333333333,94.97908261481177,102.23411074886718,33.81796950164818,31.065881430415452,159.3954892529718,148.29457138290948,146.58257044277147,143.77891205320432
1700,56.666666666666664,94.92572249259341,102.70865001076736,33.08311546006522,30.659294805303936,161.18652605925948,147.1680157344257,148.30854281489738,143.9679566850651
1701,56.7,94.97766704396915,102.39572814348229,33.11727802179039,30.389806844153863,160.87305578633323,143.44488552395683,147.93198833122554,140.41988696484364
1702,56.733333333333334,94.74444751893719,102.62603792062357,33.119424792101405,30.062874918125264,160.18419468666775,139.77530803743855,147.62601934248167,137.6680612406161
1703,56.766666666666666,93.74841488602165,102.86583985423867,32.2915323304906,29.402221313830612,159.39225216973142,133.09024978810882,147.13667354824963,133.01991704370772
1704,56.8,97.82191986310652,104.73662332144569,31.309754822053726,29.06199165912528,156.56270297985176,139.25556746453435,146.56567162523436,135.9861251087054
1705,56.833333333333336,94.53051835464497,104.41740008504635,31.554787325600202,29.188358239620484,156.81995379361476,143.2388024938161,145.02525572334997,138.29200490945638
1706,56.86666666666667,95.47897016311359,106.88528319048183,32.95731624464771,29.968110397297227,157.38713900328935,151.34962354134953,142.21756886537287,142.1848170483008
1707,56.9,91.64096555375608,99.27464545382644,33.37874691392395,29.81014736450469,158.21581528946385,150.50982702035012,141.44200436511977,139.94516244573836
1708,56.93333333333333,88.61872647061996,97.89503293753909,33.160571301795216,30.20876705316083,160.09179986370214,143.38018033596018,142.69249750087704,131.65186258211097
1709,56.96666666666667,91.23972804248137,101.22148411180966,34.32274812855731,30.7373944921398,162.65600613413568,144.92189369864434,143.661073296207,131.78049054968662
1710,57.0,90.99577160315162,102.44610320785586,35.1330589584545,31.6712760923662,163.37218264401818,143.97309301713648,143.8475610806354,132.5582349599867
1711,57.03333333333333,86.34210114504172,101.3091972270634,36.72275653244421,31.887219507453413,163.35145528487823,145.176366297998,144.02866502741108,134.15622943058926
1712,57.06666666666667,85.19784661507194,98.59298573499453,38.07339715284597,32.12544918223613,160.9737459910155,148.21254339158835,143.1807183069414,136.4868809327094
1713,57.1,83.32630516773125,96.93346302143875,39.59798476794244,32.250332532212866,158.344755430961,148.91593228432652,139.5617000255962,137.09210148023078
1714,57.13333333333333,84.97470320979352,98.59879513204572,40.78596713419844,31.99747042538801,150.36091715538163,149.80120819013004,132.7303468077232,138.33139487685386
1715,57.166666666666664,87.51211423600287,102.65983775711672,41.11250808259992,31.72211655745664,145.7026764966834,146.78258149167033,129.9342604315242,140.7989708228298
1716,57.2,88.76257205880606,99.68912773425129,40.52705290986093,30.50211105475483,144.66235036350778,135.46551487133317,131.62076401683993,137.30428186779193
1717,57.233333333333334,99.3425557743579,107.57237632936673,40.749061041263474,29.816335412558008,145.0067745223956,132.1345542835873,130.94012181195265,134.22714811515388
1718,57.266666666666666,97.6233952111681,109.50618616842915,40.496494689059666,29.5304424531583,143.42279282107617,133.5044103668015,129.75874500323204,134.39497103168682
1719,57.3,98.7499480534445,111.35697177507033,40.10494084227119,28.822585378476216,138.5647869466206,133.24951756828213,125.92696109547894,135.10695420372144
1720,57.333333333333336,95.3974198679076,113.3091557000678,39.81640461516547,28.8298444232766,136.0149270195278,133.30194042347966,122.64801039559808,135.49892511709757
1721,57.36666666666667,96.67898146575128,111.2160611609555,40.089275139659776,29.01567851884219,133.28938412674333,138.48353363626975,117.65430772571656,139.8806470565567
1722,57.4,100.86540944043298,113.43945273047358,38.03501030935072,28.34867175424856,129.60598895369606,138.0754500122147,120.64615912951736,141.96675028132478
1723,57.43333333333333,110.81491440928373,122.8837894568733,38.69778427226652,28.877915814887213,128.9838214441733,139.29515633144248,122.47360143046576,143.23370960728357
1724,57.46666666666667,108.37614078582274,119.96090096868573,39.26625809504406,29.01143012218349,128.8527137830963,139.60142717497737,122.64591785803125,144.2211231108952
1725,57.5,103.8526796783873,122.73990798783892,40.28693935176707,29.089090123824064,127.81571609940195,139.73781493785216,121.14239672467001,144.6252469442551
1726,57.53333333333333,110.51520421199605,124.6436406195377,40.58835164823395,29.329939112064125,124.88954467876492,139.6078435825921,121.85313344767279,145.41542350223108
1727,57.56666666666667,110.96263057704472,126.39038432406785,41.299849729693726,29.699335001522385,123.41334534215983,140.0168364085037,124.52549566538856,146.08378819470724
1728,57.6,107.55249818683991,122.29257334446974,41.30350886244649,29.84812104096103,122.83146158846459,140.74871674713293,122.9910759868845,146.61420900012135
1729,57.63333333333333,107.8035546285879,122.14718282198722,41.74592572669934,30.158194157828763,122.13671671414585,141.23250779858034,121.78665358001987,146.61754653672554
1730,57.666666666666664,107.11869794072737,121.56764275612512,42.734205194990004,30.253776908981603,121.50877086991248,142.13161738997712,126.13867861434444,147.2579324628159
1731,57.7,108.5955771479487,122.97256068009847,42.64478505389289,30.12325507674742,118.43650978756378,142.5079139449697,125.96609953944687,147.91272051948167
1732,57.733333333333334,111.46970452930726,124.8414271986487,42.97980051255528,30.44246508038019,120.59010219112521,142.46944340147675,129.16472585981174,148.87122080196806
1733,57.766666666666666,111.64113227164384,123.7864788809418,43.64535116997928,30.417318894905097,120.98481502973583,141.96520766178384,128.8506281397553,148.8382744905123
1734,57.8,110.28079929580814,122.65843457969453,44.75663953289772,30.798830385783894,122.30918956093967,142.2815467398119,128.86656691317813,148.40622826222858
1735,57.833333333333336,114.79832227816301,128.08963157745237,44.788235352649,31.136633818318053,122.33134166501564,142.41422195192013,129.2896573732694,148.40226937350388
1736,57.86666666666667,111.77256555608518,127.89685230403892,44.508159263117136,30.884920008306135,121.56420976110806,141.88354728922937,128.96972259017903,147.48722889551695
1737,57.9,113.27914736050096,127.44645997688616,44.247682926977575,30.357863533461305,121.71447521276842,141.08225143259625,129.8381775225198,147.46528748730876
1738,57.93333333333333,111.87836414124114,129.1785357110446,43.816507886234795,29.650510048704902,120.77809741252008,140.12634598113826,130.34402441600156,149.0228914903429
1739,57.96666666666667,113.23552652079911,129.43478516693594,42.98872765798808,29.275163856221546,120.82865431737423,139.48034034554254,129.87944664398952,148.90679943908046
1740,58.0,113.72359564061269,127.37796431344731,42.856656313375304,29.166149833644724,122.70017821586138,139.15224269646063,131.21298746291586,149.1284265009178
1741,58.03333333333333,115.81395168026711,128.1527858986577,41.72275138083181,28.760355368511455,122.60438072091063,139.293615786252,133.0132628855273,150.4308049178834
1742,58.06666666666667,115.69789192831756,127.34364829000704,41.946682941739645,28.960216443581732,122.86118512402476,139.923066874579,133.042601948122,150.4866740586495
1743,58.1,119.58140320175548,129.10718896705907,41.651250678470866,28.586061942979185,121.44169208867906,141.34356180272928,134.35214670503316,151.80020417838466
1744,58.13333333333333,121.56099386841667,130.07390471432467,41.83211060271205,28.496160190538955,115.48699928305217,142.8739290493568,128.2021613761761,153.13569904995305
1745,58.166666666666664,119.28282212164748,129.74704231523492,42.023603658770675,28.62072390549338,117.19666696330489,142.24507296636824,128.9597424096416,152.0880245092507
1746,58.2,118.43991947909426,128.78038690784183,41.85367169091074,28.235190659516427,123.48484813108671,139.7431424926426,132.08050659138794,153.01447295701095
1747,58.233333333333334,118.57617398790403,129.31172999972165,41.713366122858204,28.17940105523511,125.51335585016513,139.1235720078846,128.7202459033874,153.1112218544002
1748,58.266666666666666,115.9664829214159,124.71066227336405,45.740314696664974,29.731545366185603,129.535442727402,142.67194639842444,126.40725057910208,152.40859316197748
1749,58.3,118.96941738126235,127.99226681367253,45.32381939518382,29.440787397568165,129.5863028203504,141.41554422795218,123.58219365885022,151.71847595155782
1750,58.333333333333336,114.95027658349095,124.91159022707225,46.659488693674106,29.93246516868081,131.89633008132193,141.76668201530876,121.98816907403899,151.3625531613315
1751,58.36666666666667,118.09595431287882,124.74152894608469,43.603639163852314,29.7150332671802,129.6095814738211,140.86120676154584,122.78004816063779,150.4149508042431
1752,58.4,111.52399997979742,120.72989798882126,43.561946429015286,29.780172747023443,131.60014469977992,140.55714834850812,123.14109881387424,149.286537978169
1753,58.43333333333333,110.98313410405916,119.77746225135533,43.37703703493329,30.055300889869862,132.97834894606967,140.36237236174136,123.02162106496218,147.78083431939564
1754,58.46666666666667,104.32291302423148,115.30611158841502,43.60729726857904,30.822978978921945,136.10511864166952,141.75977128669732,121.38581287864906,146.95152852073286
1755,58.5,98.60772028025772,108.22433157236041,42.02315773926323,30.76223499741854,140.81446983285264,134.72078534247026,123.73715012398439,138.54137327572977
1756,58.53333333333333,97.23460082181758,107.82505291126147,41.171744867831265,30.8190404298017,146.3732246856657,128.0454280160664,129.6058196705688,132.08056824941667
1757,58.56666666666667,96.14024704178716,108.76731811289214,41.65549753282989,30.49053326597355,148.50483807065058,129.43363476491135,131.85657046029075,133.7111049734485
1758,58.6,90.71644984931267,107.2801186844516,41.09230475822551,31.293154510382042,147.47879804520375,130.38654727112964,132.66131202550335,135.09073493793198
1759,58.63333333333333,97.21994178920723,112.55840040626964,41.01710465508982,30.97877584493352,147.44134989508734,130.53674854109633,132.88591507206644,135.4207185044082
1760,58.666666666666664,94.07295944160562,106.74189269750963,42.87377970957699,30.52235831720144,149.0398212814732,132.46808437232195,133.95339581138845,136.0113731792589
1761,58.7,88.9427504789401,106.66592450565372,45.26038366349682,31.50235785260261,146.48070625197266,143.43889135697313,130.62749464075688,143.227877580316
1762,58.733333333333334,78.45783509850138,101.12662625505321,44.16970453415952,31.358372150250997,145.22324041791748,143.89396353483224,129.03940563726854,143.08076673119194
1763,58.766666666666666,78.59467200548166,102.60060814000146,43.64995603161913,32.03058283654273,147.7998874816771,144.21469100680295,129.99538813243845,142.2335786964981
1764,58.8,84.34729503971069,104.22668945333766,43.08399372452817,31.93360554279048,147.21691823934202,141.5731056273487,132.06798917073206,140.67611880698266
1765,58.833333333333336,88.1075954304096,105.1545161821012,42.60286327344508,31.959107789345026,147.19299356433382,144.63615541083345,134.82910516451807,143.57993147803276
1766,58.86666666666667,90.65359777702724,105.4187822822326,41.720865104916705,31.75331538893083,147.41053281238706,143.7258598181421,135.62470767333684,143.79052885073375
1767,58.9,91.44817705171144,105.96953339413908,41.220785210876,31.40119395513363,147.78715684341003,144.13400062859128,135.94421248472412,144.05425599595526
1768,58.93333333333333,90.35603179212627,102.55868070170104,40.53749758771293,31.05086593523211,148.49133524289232,145.5540015567414,134.6698623581696,142.83257648387027
1769,58.96666666666667,102.13436559345766,108.07019027042656,40.86660676246598,30.819752408208547,148.24893805299857,145.80964977074683,134.37467491912264,144.44572512911327
1770,59.0,108.93277464163177,109.05445176786911,37.5551382123121,29.623809597673766,144.17577379607297,142.76186194957762,134.9474085701172,144.74860607747257
1771,59.03333333333333,107.81402801262345,107.92301770718827,37.368032382666065,29.915671275722513,145.42644675969885,145.45095274887484,135.15451500691543,145.9397526781437
1772,59.06666666666667,97.33328941887672,103.26712881959835,34.6857256552372,29.552644478923977,148.66531187247122,142.5893772904973,136.18661926067003,143.8934703246083
1773,59.1,93.45177518494178,101.98502489030905,33.33866991837319,29.877529546800634,151.9699732142561,143.09055566819427,138.4317148248302,141.27207877423595
1774,59.13333333333333,88.7893980089963,95.56771068573066,35.215719092454094,30.364329058977642,154.49068585787123,146.5425768320661,139.6659224888271,142.43963523589392
1775,59.166666666666664,92.81667871880958,100.32869908915919,36.05204147583482,31.075851237727537,158.99314318014774,149.364319457405,140.9769221184693,141.80797496708053
1776,59.2,94.75260721671724,101.50185316875636,35.880712859384666,31.25081822945539,158.64035529693462,148.7897511012882,140.54081295030264,141.52240937667014
1777,59.233333333333334,95.54500194240158,100.1587027087256,35.8374049481001,31.163307281098817,157.8083313275091,148.7357094613474,141.07257734916598,141.7089008060718
1778,59.266666666666666,93.83020323263526,100.807859208068,35.68290492420185,31.019491818993508,157.26382798635674,148.4279352191621,140.96400064479906,142.1677015567369
1779,59.3,92.36763586348324,102.74575982112765,37.11623582459699,31.707626600313237,160.82031760737402,148.8182306169722,143.30306344232758,141.98048809061908
1780,59.333333333333336,92.96656435369742,100.30299332337786,34.738879334875065,31.672533857318953,161.63748645941374,153.58266231474704,143.61310373501087,144.1789925975378
1781,59.36666666666667,94.1654129395229,97.8092859210806,34.39585921118642,31.190598493228695,161.7618196607475,154.34465136745132,143.1527332239209,144.8894608408759
1782,59.4,93.6159117766594,98.14879369115408,34.429621981865886,31.076710905756485,162.7092062463805,153.05294185444058,144.5666064468892,144.25761384033825
1783,59.43333333333333,91.33245867988374,97.19337208076615,34.29838132936306,31.087933625778835,163.0704809231303,152.12402471216333,145.5111061314074,144.3108393871083
1784,59.46666666666667,92.72429646592431,96.74964074733485,34.02617864295597,30.975069244666415,162.6378943326534,150.33992141481153,145.35980390590916,143.33930599812885
1785,59.5,91.95491411114557,101.66046709092477,35.4152007805799,30.855062019442787,163.51691276283904,145.94933401716466,146.92729066731496,141.05802360515102
1786,59.53333333333333,93.46887670307859,100.85649300776895,33.60602036894548,30.540909349702297,160.76526258180073,144.8347375127421,146.89560989852404,140.49305045964584
1787,59.56666666666667,94.06081882016582,101.62592495448938,33.739684670026506,30.41536854768989,160.50892137539944,145.11627525951454,146.81453673322554,139.56517884920976
1788,59.6,92.6837678730819,101.6868548549639,33.62859737481892,30.42366405036741,160.17722802894252,141.4130662824732,146.42450169160884,136.7275912098372
1789,59.63333333333333,93.76120086093103,101.23532101821405,33.08407069917237,30.501412007489076,158.57475518929598,144.34127161028326,145.68979462714935,138.8194375678718
1790,59.666666666666664,93.6258635634736,101.48514727125769,32.44552770804516,30.239955601560368,158.31822366075198,141.21775700992734,146.3103033625752,137.54653968399117
1791,59.7,94.09191887904083,101.45165661893219,32.188234433067414,30.409590042628896,157.56444681138262,141.83664097519346,146.44527194921488,138.26973413754996
1792,59.733333333333334,94.81096683104423,101.31325358440832,31.560931697834828,30.341873854363623,155.28084328215874,142.89435606745747,144.7768027242376,139.26501014940007
1793,59.766666666666666,94.21110998652199,100.62665470518655,31.625564961348125,30.41555147847733,155.68097479728502,142.9354501212328,144.44185699255604,139.04955153153367
1794,59.8,94.81704862185212,100.97969143652858,31.564088244782926,30.48092374346029,158.7451579190348,143.63486539346593,145.90288623869853,139.43499520486168
1795,59.833333333333336,93.00113961470198,100.29455497393381,31.181763673110442,30.386262308321434,158.5640740324055,144.3646410300844,146.43083071071698,139.7107313306484
1796,59.86666666666667,94.65656512867271,99.95286541742615,30.796213630576084,30.44849195136744,157.68190885125176,147.91418946559267,144.86644457921028,141.01356005193855
1797,59.9,94.62556095049807,100.02904110844604,30.666942011731727,30.31202044266307,154.2438025115977,147.14899479114843,143.87462768283044,141.7589760931306
1798,59.93333333333333,95.32957205155027,100.59770672721162,30.878686307618988,30.368998167336215,153.56731897553445,147.22952043241895,143.35010397129938,141.69631254929484
1799,59.96666666666667,95.08818347876917,100.08261026088364,30.859221428948885,30.043863897248773,153.52475868377496,146.0166019200366,143.37069138204538,142.2528732994899
1800,60.0,94.69949549409326,99.8727521277484,30.679749762631925,29.885297768665414,152.9675716933084,144.19181751354674,143.18087410433165,141.68669359927824
1801,60.03333333333333,96.00870753398158,100.5703044455594,31.11135953599211,30.077460315022318,150.76163610124703,144.59978653684195,142.59432151437758,142.12125614323955
1802,60.06666666666667,95.80104738050193,101.0403160206627,31.213805944592202,30.225985994056824,151.16116268448002,145.0506807643842,140.35839638049404,141.27603930383225
1803,60.1,94.26941098737625,101.34485383936523,31.04310248391995,30.079787947844444,153.994695552962,144.47437540781826,143.77849850386056,141.21602542694865
1804,60.13333333333333,95.1224175308886,101.31850480687442,30.683099392244788,30.101312012151947,154.10957587652535,144.94873808981671,143.69635480048032,140.9012626179526
1805,60.166666666666664,95.71418681286387,99.96196154967484,29.978926043021595,30.06653479861346,152.89181819819498,147.1019197558385,143.05240147939668,141.92859408202102
1806,60.2,95.57391773015252,99.71871769705015,29.808484635703483,30.04967413525809,152.81458865764372,147.41154125880195,143.3419664638156,142.5131989026317
1807,60.233333333333334,95.95972387859102,99.70583815913983,29.619780279075222,29.743386086952928,152.11385885655605,146.54450851824882,143.55237508936466,142.6980926759025
1808,60.266666666666666,96.33630438706697,101.07608933980964,29.4909871293868,29.58972945636026,152.37709603844132,144.5858507907951,143.57971395600927,141.4450743808252
1809,60.3,96.69405939527977,101.69771465162512,29.17347296269115,29.152451361303058,150.7029214322887,143.55112512033827,143.87687305513023,141.564824591179
1810,60.333333333333336,95.68038301179537,102.28018382928607,29.37535634782084,29.079823500330203,151.45402252052213,141.5496541283183,144.24444786949343,140.81740891729936
1811,60.36666666666667,97.99139079131986,105.50960777432243,29.53183051971624,29.063790541432716,150.95865400645076,142.736334939617,145.04674488452656,142.20100469564156
1812,60.4,98.49409864704245,104.72870933336999,30.64526425894141,29.371910767193775,152.0203558164091,143.5067272972412,144.79428970523335,142.19341862295917
1813,60.43333333333333,96.9960982524432,103.98652819972588,30.703622874552327,29.358902900005525,151.72011101673226,144.76879380771263,144.96247113738494,143.5677733152209
1814,60.46666666666667,96.82099159807039,103.05198502466072,30.673861757689476,29.535879550883354,152.11077716247593,147.74571043838694,144.6510668191402,145.20315802079506
1815,60.5,98.01163216909117,104.69622954190447,31.549478218605234,29.82158286600189,152.97354276506408,149.85565177532337,145.20974004199172,146.25857222189524
1816,60.53333333333333,98.36490903025424,104.59120759646439,32.23106806031824,30.110607878397385,153.45719158807643,152.1065876378723,145.15433478185236,147.23664608912696
1817,60.56666666666667,97.94403169864232,103.93073159557933,32.16299799521563,30.007112281670015,153.80563828923175,153.0130384554358,145.0256319820283,147.74795458718103
1818,60.6,97.24915017944652,103.41038126567298,32.37506851980875,30.00537047491133,154.61735204011418,153.92940910892293,144.39891909639832,147.4610604653153
1819,60.63333333333333,97.09146482837748,103.16908092616438,33.564588125205276,30.253767969079558,158.59640995853758,154.74467086652825,144.41297471937878,146.7695836960552
1820,60.666666666666664,96.08822294867356,103.3736146229723,33.36472934076877,30.334196193596366,159.43302271411986,155.13542151602212,146.8580388764168,148.6123945638582
1821,60.7,96.51491362368763,102.78305295533359,33.151133429124755,30.271115639770986,159.29117374322118,154.46506822077524,146.6959742661584,147.90083779929415
1822,60.733333333333334,96.84863486631454,102.71272988606664,33.061937028546396,30.1220461454287,158.94014010841556,154.84272997739725,146.39541342388625,147.55892240250623
1823,60.766666666666666,95.5787397754246,101.69770989066899,33.0706712788265,29.909775830487447,160.7305429959657,153.9032718829893,147.7990136339936,147.62604663210095
1824,60.8,94.44442472614082,101.47222442719207,32.13625896744015,29.509671432158846,158.7865490847392,150.94860416479392,147.38290250295665,145.43468899012922
1825,60.833333333333336,94.56837375015422,101.46811538635102,32.74040313356191,29.464835286530704,161.40651145154143,151.91624894174697,148.30201136945055,145.35850945331833
1826,60.86666666666667,95.67108472963177,101.30011866531463,32.436018458560234,29.460405264659162,161.16210147417897,151.6062274951461,148.93968356411904,145.39433345254574
1827,60.9,95.28123693247232,101.55370831054458,31.550065175166797,29.1180895633163,160.69981369696558,147.98969338580827,149.82777232393548,143.8702658455082
1828,60.93333333333333,97.81440100120864,102.29355249309519,31.616242988117172,28.7827714634045,161.3014541668615,143.76720572472738,151.06577796445214,142.26043189584095
1829,60.96666666666667,97.82488871598873,102.42198296453061,31.815442039005266,28.98292957797616,160.61348004069498,144.1132971489554,150.05585768685066,141.90560061980756
1830,61.0,100.01821396144486,106.19647524790642,32.8604229842956,29.168876163633637,159.97537335374838,143.91252027129525,149.72500536505453,142.52178803476136
1831,61.03333333333333,100.07676223964359,104.18168206157938,32.15368801441061,29.038009200363458,159.32106006619114,140.65613744803827,149.12244746971055,140.01421892816296
1832,61.06666666666667,99.65896968414538,103.85208989862122,32.5222975104664,29.111184448133248,159.73008654608878,142.8605677440974,148.68585372360272,138.6441277161635
1833,61.1,97.09240074874099,102.4620754734925,32.481459188177226,28.896180428364254,160.11877618725163,141.51079153502084,147.1019366463035,137.36175605775747
1834,61.13333333333333,96.0755704301872,102.9644683988484,33.02204555879674,28.66878664346133,160.16604737953583,141.55783013147416,146.95634755579337,137.7414418859878
1835,61.166666666666664,96.17951482886104,102.3142691005418,33.49165445895285,28.921608500894205,160.28985515835956,142.17001152513828,147.2958417283598,136.80890743287674
1836,61.2,93.87368347420745,100.56171780558401,33.55494239836716,29.205183312004763,161.21017465744725,141.7669837251857,146.4484767565244,136.49270834627546
1837,61.233333333333334,92.73683885730038,99.60197143341021,32.85918154142959,29.68300877771436,160.9474063564304,144.6536615543406,146.25547234682938,137.11334970903155
1838,61.266666666666666,94.96981737986266,102.08859635016104,32.69505698751063,30.167352759382837,160.578689033113,145.50361017314412,145.61240889375878,137.75106542018736
1839,61.3,93.26151137855234,101.10320624270203,32.881355078626164,30.39739421805565,159.50097108938328,147.9300279046073,144.8130545746513,139.74606358794668
1840,61.333333333333336,92.26019520055011,99.036703532581,32.15247924953655,30.752152476493603,158.63372432067953,145.61093272525528,143.5346856681715,138.14783807683398
1841,61.36666666666667,92.56339367634564,100.10201583984842,33.10688496808111,30.619342874334137,159.65828609932603,144.3624773164559,142.8762093724755,136.56343871020567
1842,61.4,90.4356990768094,100.48016520571373,34.3439470320027,30.44927104791603,158.21498213173246,144.73277176364692,139.96495862437163,136.36407156449945
1843,61.43333333333333,89.92244942719466,97.65782625106124,34.818189490652266,30.64014460330833,153.40732358597614,147.1029215002772,134.47801768169919,138.09638328100363
1844,61.46666666666667,86.79772035306054,92.6953008523031,36.32344288620856,30.549479347905702,151.71765504622098,146.9795793109686,130.36860569247884,136.2788369106854
1845,61.5,86.710078224263,92.09945903025691,36.791503437119985,30.437541472055475,142.54805906766774,144.2809200619523,123.36001424030827,134.40852921362463
1846,61.53333333333333,90.17789361908672,94.84813335560295,38.365036698182166,30.75242520694901,141.78053549384032,145.31270007430237,122.69501973777584,135.22632152699495
1847,61.56666666666667,85.71962367967781,93.21269742883747,40.155758953445314,31.420806901860388,142.88759305797873,146.35599371688232,121.69051813531904,135.90330720074803
1848,61.6,83.10416728553002,95.0044799597552,42.48633840879997,32.319611101414345,146.66055418965826,148.1581724495212,121.43843096922603,135.91351599601833
1849,61.63333333333333,83.09983760413625,96.12264773539874,42.64209903769574,32.1826384928598,145.40936853144066,147.15084330033102,123.62976459073671,138.14468461167024
1850,61.666666666666664,82.02825937491515,96.10752928280623,44.29328480443773,32.62630200550752,144.44369710928322,148.41131747939616,123.96259766563935,138.60000247968566
1851,61.7,85.28377657797293,97.8105481174088,42.80009824204261,32.32776222505814,140.91812692146942,147.3372088220608,122.27049621952115,139.04310377065855
1852,61.733333333333334,84.84340240544797,99.322748899833,41.94561110133496,31.549126866741513,139.45034447642553,141.04586991421627,121.12111030800088,137.6658614638268
1853,61.766666666666666,84.21142124818012,103.08070713421591,41.318389957765994,30.889076692391143,138.15491002139944,137.92307583255393,121.57862094317551,138.14068477652575
1854,61.8,85.80450283302574,101.92295753860537,40.62281164814552,31.450833671589795,137.23651690246905,139.8905425317132,119.52251057693623,140.07960469108755
1855,61.833333333333336,88.58596012336403,102.34702204318377,39.7377686035223,31.636554177949762,136.16818418671872,141.45670586676522,117.26371614994338,142.96295434306435
1856,61.86666666666667,92.27042396501857,108.30192996790588,40.07814339736483,31.220030289680725,132.38621392720086,141.6568939600403,116.30976277622192,144.1694458437006
1857,61.9,103.29233813901358,112.46939610966548,39.52143747253704,30.749286290587328,129.83411506427078,142.74601996977097,117.51501833945349,145.0115721976356
1858,61.93333333333333,106.20097904307161,115.1730170142405,39.48695354355492,30.58279395740122,127.76985809364753,142.19043326549897,117.48345115102357,144.7810437306885
1859,61.96666666666667,112.67250509751982,118.79563900031991,40.570218989843454,31.183633140022707,124.2698797700644,142.0758628808632,120.184938524364,145.18681169617628
1860,62.0,113.9465703406082,122.50512722621164,39.92153182413619,30.835774822018248,121.14412006473685,141.7958688633346,116.42012244235924,145.53291612061915
1861,62.03333333333333,112.30552027070478,120.23047165913378,40.7740507978657,30.9628365648898,116.39527914424225,142.79133700977016,120.43317581412482,146.1759342932447
1862,62.06666666666667,109.49563198517237,117.62084880492901,40.51627960409266,31.08848050784813,115.25178774244232,142.9017804095536,118.5019240308725,145.83777897482005
1863,62.1,116.8875267596046,123.1095605279324,40.55560996852539,31.09810254683786,114.49728007997405,143.1729213641042,119.93374721891962,146.54940006112545
1864,62.13333333333333,114.96706247559459,126.28765140735138,39.23390606770951,30.357299926987636,110.12328449821226,143.12754082999572,117.89144134795433,146.92112018016974
1865,62.166666666666664,119.66154647245455,128.5124111732024,36.793465511442726,29.608926317558996,103.0249378965781,141.30293664138847,115.11097653628944,147.42696921270627
1866,62.2,115.89836066962003,127.50928660200921,38.28580883110804,30.144018348472226,103.7961204326366,143.26160454272548,115.4400888208296,147.40385001328002
1867,62.233333333333334,104.47419292825867,124.56044383457204,40.10473507471093,31.330179156700375,104.20533961404989,143.7631874562449,115.79710359751991,147.2566944928229
1868,62.266666666666666,107.94234436704669,124.97997436842898,41.375832704788905,31.45549899541115,103.32724311466541,143.63950919855034,118.54304310143434,147.1383620702643
1869,62.3,111.00732824022293,125.73562971450318,41.84291678302674,31.431863866989627,96.78565024175636,143.53387260296304,110.76085655891232,147.28818342979363
1870,62.333333333333336,108.4244158941544,125.08022435226783,42.569826310211795,31.753921344822956,103.21924862992354,143.93153447167913,118.50551944577374,148.5797911546015
1871,62.36666666666667,113.6512830757814,125.22791411945761,43.354562463732385,31.790964854596783,102.17046605887707,143.0420521027259,116.7871608901625,148.65700683664213
1872,62.4,113.19229821312257,126.04344658342666,42.96760982548284,31.250457562634676,100.17955010159807,142.63314521813413,115.60784463404931,150.02357723843937
1873,62.43333333333333,115.86001674289354,127.43224222779685,43.73607869590602,31.411796081576274,105.47570009636398,142.67889137093843,119.93339071381025,149.61683319530232
1874,62.46666666666667,112.24197179761462,125.93638596046361,44.04528665196766,31.669356468729735,103.30440969962469,143.29727050752308,117.65347498610733,148.5906660142177
1875,62.5,114.40382627044383,127.17230954020826,42.34322246727753,30.45792571867804,98.29312172671428,142.60656523430006,112.80159987889931,149.15477693051892
1876,62.53333333333333,115.06521919395482,128.46227024760924,41.70661205858536,30.106501983311713,97.17894521483382,143.7608178250484,112.08426485256423,149.59772874350784
1877,62.56666666666667,106.51372328595704,124.15696465400946,41.14130210637433,30.4868014293996,109.608753762407,140.0897879133649,124.48952333354188,146.66063747329594
1878,62.6,110.20267036220316,125.9451776189455,40.12700002798414,29.666907339230686,114.22748707112771,141.71747567350877,127.52440785964633,148.58526200388832
1879,62.63333333333333,116.6776403219061,132.09838725805622,38.21538561635426,28.612958821821415,113.00140269349704,142.59364577459863,125.77021485049396,151.10070902936192
1880,62.666666666666664,116.34044969502082,132.3000960394873,37.91837318179412,28.300190652624096,113.24386438182101,141.93178624810812,124.81124702420078,151.02942830484184
1881,62.7,116.20440407859141,129.17527411782936,37.29261726558204,28.14258044953269,118.99557107670005,141.16285847614327,124.47263175332922,151.0676267980674
1882,62.733333333333334,115.44911818111197,127.4592174739824,37.638189716552326,28.129804750187613,121.5594336052418,140.5580264841393,125.07103714414437,150.83752363259282
1883,62.766666666666666,114.33549999150259,129.56764760830154,35.2317871401188,26.858603408763667,128.77880426142147,131.98727819701972,128.7355548013453,146.25532303594017
1884,62.8,114.4953742153462,127.04507574575688,35.242685957448806,27.754281982927843,129.35004567090775,125.05220544137993,130.43254542899743,142.99227469939538
1885,62.833333333333336,107.12545513888394,116.50520128986793,34.69896254707951,29.030850613840034,135.88312318953083,121.93912505978102,130.29492734957986,135.0366572389784
1886,62.86666666666667,101.94498970519761,117.6482762677964,36.02086478008738,28.818688551984213,141.1535740927037,115.66394312114842,131.15862993625325,130.01887974192707
1887,62.9,113.98327919286439,121.30241027961455,35.94184817672932,29.164181270905466,144.20393808106573,112.8381138040281,134.81488897794003,129.90044363946132
1888,62.93333333333333,111.07884993107417,118.9933575811525,40.045109594519666,31.450522866061387,144.21898274938084,122.45931375653663,133.77447699850995,134.05590091373233
1889,62.96666666666667,118.88505088660064,120.76486904290758,39.671558861489714,31.13619177901161,144.7695837552524,120.25707496833179,135.06602743701566,132.9906765818325
1890,63.0,112.65046662672097,115.46686903900488,39.49278541171534,31.146924022715016,150.39138612942662,118.95818636835982,138.0979555942173,129.67535397616638
1891,63.03333333333333,104.18828236276313,115.55635438613311,42.39864589195493,32.503188995800826,151.57745761536586,125.37636012821551,134.5079048173509,132.67800979124388
1892,63.06666666666667,96.66829891676971,112.80136078265741,42.02726673764508,33.79877036768734,145.18231602121864,133.62602098696078,132.99234103944275,135.61299322137089
1893,63.1,96.37908411913936,113.58342364060877,41.196711967836336,32.87501083900925,144.65567943081518,131.7400089410796,134.7146630429929,137.07951312074908
1894,63.13333333333333,96.6769966860396,115.90862130932663,42.14229013099842,33.86737391477004,138.18980427966466,137.99408954196988,131.8721426872198,144.6176772757143
1895,63.166666666666664,98.22560389759586,116.56790657880786,41.24903134009605,33.808605132248374,138.2857413712632,144.93218792192835,131.88756872684274,149.58420778443573
1896,63.2,97.33304986685944,114.95381268548306,45.59110327552341,36.15609038736145,141.1490573069022,148.77829829917206,134.53738249515013,149.94193416606683
1897,63.233333333333334,102.30896345587992,116.52846328634489,47.69305592622366,37.28162883672899,142.90271317323354,149.28826508772462,135.6874620204296,150.32394686515502
1898,63.266666666666666,105.64269901347463,117.7113363477901,48.021118957109195,36.63202682138865,142.71160910972745,146.69231213922527,137.76516170362729,149.25846108686113
1899,63.3,105.14441778853123,118.04694666858015,47.76424971970567,35.634227505659084,145.05212046221519,146.4732766916298,138.36400161546914,151.51577420255725
1900,63.333333333333336,108.06470460035297,117.0726862921494,44.310187943093204,34.74497212522946,145.14640977660534,148.62193646275335,138.5306660540613,151.63854426223625
1901,63.36666666666667,113.3529196772055,118.90579125198072,40.58562616844618,33.42350279793899,142.4321230029434,145.8756291777813,136.4906998350897,149.6234257980298
1902,63.4,113.39463412326927,117.17243931566284,39.193469232104306,32.58691540985308,142.16995838392805,144.04603310104247,135.85476980198194,148.79149911805797
1903,63.43333333333333,110.32289479729253,114.31681144407686,37.88940812489435,31.944589851932488,143.03831440970666,145.7668232362401,136.0466676248093,149.29726336198345
1904,63.46666666666667,104.44358057426385,110.10404911261408,35.705632742637064,30.953825807266412,144.6274821587719,144.1008487219149,136.4066392226033,146.4231714496494
1905,63.5,98.67710465169121,106.67697776889958,32.88003915508807,30.469378827660787,145.19576068558916,141.58932968559986,136.26345396956137,142.89278333460098
1906,63.53333333333333,104.2746816962658,107.80961898408462,32.47242820770823,30.032324537145307,147.93048415757667,139.77745027551194,137.6486070215934,141.16878578660862
1907,63.56666666666667,94.2992523188874,104.23211371270324,32.007484478109504,30.27077213356952,153.23088089580745,139.30834693875025,140.10217100461267,139.54398550012084
1908,63.6,100.10864500371083,107.95930633604583,30.631548872173497,29.30089755005445,150.36366867873778,135.05176612572845,140.83881432987684,136.71248910364693
1909,63.63333333333333,96.1244406255866,110.37760816288589,31.91130354548767,29.52806849502879,151.60331415148244,138.43193116624892,141.10177185507646,137.40284286646397
1910,63.666666666666664,99.82525998667609,111.21707826219256,32.80238419274348,29.413072547815112,151.87302629780407,140.32149018437676,141.49173066422412,140.23987340180952
1911,63.7,100.32076964650724,109.94020952368729,32.21032546234304,29.384102500371174,151.39924001121736,141.62938106363865,141.73570891516457,140.71677086820142
1912,63.733333333333334,95.69694557928739,109.22529703069384,32.31853814971658,30.15254437196135,151.8740552803154,143.77031714387954,140.97786381847482,140.29538834551434
1913,63.766666666666666,92.90026017817182,102.69006621488039,31.31140289946911,30.287738810786138,152.17244357370276,143.8060221068977,140.23068095014784,139.21158692291442
1914,63.8,90.50468691640295,101.23527408146155,30.859867909534582,30.91556294266054,154.14784562410912,145.13611479961997,140.8290037928975,138.19093813339342
1915,63.833333333333336,91.97980061258419,100.21348799121252,30.126701513650477,31.53017589840836,155.65920144774634,144.44478720242316,141.93447191903425,138.02207798887727
1916,63.86666666666667,92.56843826675276,101.93211205857969,29.839939980011277,31.965427683779662,155.62797334668147,140.5798129091909,142.69526760638132,134.5484972271944
1917,63.9,94.14971700372438,102.83287551813055,29.42532047007134,30.646310232838573,154.5845601217624,139.48919784710844,143.6464134152013,135.03665388204354
1918,63.93333333333333,95.33492848316483,100.32857402477275,29.28955316670729,30.112161128549825,154.6540696385039,139.38112820864427,143.8434457472328,135.6835275189168
1919,63.96666666666667,97.40104814478819,102.32714097628033,30.23999000875243,30.297861182046574,152.35160021445273,145.6792401360072,139.37587457484008,138.6950161397941
1920,64.0,96.6387886920646,102.98969687430335,30.4384184787744,30.765586555608753,154.25209249685335,146.8630272160247,139.60124248100666,138.8283142444143
1921,64.03333333333333,96.13651444011028,102.2406046348791,30.781618663273935,31.123693168057294,151.61396524161765,149.85936899320575,136.26615705151318,141.05357795527127
1922,64.06666666666666,96.12184137297909,101.34679367867729,31.13064324234499,31.391097406648864,153.83808483659092,150.58505206641857,137.17185127131492,140.38442972227674
1923,64.1,95.91583814850614,101.21969302201116,30.99477991251593,31.033135240949925,154.45508608389886,147.61920899334947,136.89272844928212,138.50714348448804
1924,64.13333333333334,95.60774838349585,101.68835927811698,30.929385044682668,30.89946062039054,154.781655347496,147.4078214217213,137.07212169478817,138.54194690176186
1925,64.16666666666667,95.85712224412076,102.45869169766681,30.781488757240986,30.73695326536126,154.7535386892183,147.42297476255214,136.98694697660514,138.50716900843955
1926,64.2,94.08027123315307,101.1430144099601,30.805404613904297,31.11465646668969,154.69697285760026,151.075713809221,136.4672812466961,140.2684922526374
1927,64.23333333333333,94.17480406377169,100.1090292539903,30.90535818652323,31.45471402133302,154.75131873497475,153.15665675135776,135.70785869434047,140.78733377727673
1928,64.26666666666667,94.30210143479742,98.86421771141826,30.61376601054467,31.45725129405163,154.7422059135479,153.0025346180248,134.76394702837126,140.18783536982815
1929,64.3,96.48201268907506,99.71185386385137,30.305605104809015,31.95511479810332,158.603002014418,146.625708101994,138.50088545078913,135.00399305665965
1930,64.33333333333333,97.09994677310668,100.21217879198288,30.134106271357354,31.631168340772298,158.21978415794948,146.97167609916136,139.06955635054658,135.54479720172938
1931,64.36666666666666,95.96099201765483,99.91417664542965,30.082355423707,31.59475525939483,159.34061836634757,147.3447595685507,138.4482650123681,135.53805789962905
1932,64.4,97.74798036288986,101.28116326304517,30.892488103676385,31.08876287259436,159.73200962614268,147.3152987470712,138.24031780272546,135.11510087018635
1933,64.43333333333334,97.98524997365028,101.01393475322574,30.888158850833893,31.251789922612613,159.83989989027015,146.71323048017106,138.8907608542213,134.7162088552703
1934,64.46666666666667,95.35083797702781,99.33353239691486,30.274557502810058,31.602749218702876,158.94640684237154,148.79779908868352,140.33836200231949,137.4913511935862
1935,64.5,95.54771465016704,101.17394357592187,30.116684656575824,31.52384480526933,157.95945931687612,149.54682215623887,139.30437129049164,137.6876503317361
1936,64.53333333333333,95.58529612818906,100.6040110531761,30.183359526633126,31.301763038632032,158.0424510556213,149.48564744739522,139.16015357720138,137.91004700581163
1937,64.56666666666666,96.36928146354296,99.96961808015564,29.47868599158629,30.888033721196066,158.50207277030202,144.1418841025819,140.682537551857,134.9630656621959
1938,64.6,95.76850185204005,100.09812136046817,29.46449070560029,30.60366737693251,157.02817067683978,144.5492148115763,139.9825886816803,135.3679868534745
1939,64.63333333333334,95.26524718230912,100.62322541217969,29.802638345621943,30.863866440433082,156.8835675607358,146.17852980764002,139.43316163343596,135.97538277193675
1940,64.66666666666667,97.4240776208598,101.900029950237,29.970756542929653,30.75314980438397,157.2292218041849,145.8416146686076,139.39336836818168,136.1104662361775
1941,64.7,97.00459590225205,101.55909354361344,29.683109147586123,30.72096141633925,157.14579455462305,145.64309503531885,139.61091433291404,135.88002605582088
1942,64.73333333333333,97.09313804658213,101.60173713202735,29.909225956735106,30.558383166076265,157.40680908160934,144.23728799988467,140.28848576541623,135.60939854738626
1943,64.76666666666667,96.13375016597193,101.42582579661627,30.364640706802952,30.78109582782086,158.30857044941314,145.05930692445773,141.38399582903264,135.94024895713721
1944,64.8,95.81160034003877,102.15444157855298,30.655841206912772,30.941070886091417,158.67775662658548,146.24682658784343,141.73506461364073,136.54434542764025
1945,64.83333333333333,96.9433603223869,104.45071678423292,30.881056427955926,30.61393047707876,158.2780406658777,146.31654074409968,141.59872165914263,136.56522484456224
1946,64.86666666666666,95.76231589013288,103.70576154400769,31.008314474370366,30.685245857116055,158.1424082308313,145.79517396228138,141.3928053864446,136.60340030147216
1947,64.9,95.50530134719601,103.52500666033984,31.156968282498912,30.77217706207031,157.57351045781405,146.7260104196548,140.51473633966052,136.95673755167476
1948,64.93333333333334,94.86860542535815,101.99645351122874,31.082604534072832,30.90280003800555,157.72135604477373,147.14795320050595,140.24538739831075,137.05179274600957
1949,64.96666666666667,94.35610392307484,103.12410726233828,30.91912090983943,30.784238139691357,158.0684425264814,146.068433441992,141.59714807380854,137.67719369785908
1950,65.0,93.97148373546474,102.95362055725813,30.028083441860886,30.75562414028437,156.36661434837453,143.00028847611603,142.12139773219602,137.4890149216136
1951,65.03333333333333,95.95957279647286,103.07201072395856,30.157235697576812,30.516349838561908,155.15441819857529,144.4144317624422,142.48355381568925,139.5614566784604
1952,65.06666666666666,94.23327541200325,102.76548317154523,31.152892507336283,29.99215207047114,153.63341532042426,145.7178483838609,141.0281104157423,141.19202194381847
1953,65.1,93.51082243941966,102.7742849927065,31.257675413864,29.87973453190551,152.43824406848375,146.17415215768847,139.9797523910791,141.01878705084314
1954,65.13333333333334,93.9221634774066,102.47143904890531,31.07726819961514,30.04212303097144,153.18315248857385,148.8784923106074,140.21494804569033,141.6288385096113
1955,65.16666666666667,94.79740344930126,103.08881026009487,29.736243243222187,29.457938499459715,149.72560755014945,143.88085152279027,139.69752436786555,141.350129686649
1956,65.2,93.95384735368664,102.36303765090182,30.680795971622544,29.661062787797157,151.21342871163597,147.32214570150163,139.79730071845492,142.0703927054954
1957,65.23333333333333,94.96631937295636,104.70459200492033,31.1921074405404,29.6982799109901,153.80185434020464,149.59383059821596,141.07482764455744,142.59722660484232
1958,65.26666666666667,92.92031702711965,103.64133157660795,32.3875113594612,29.808805560924366,155.94629635905642,152.0591163024806,141.4320697327302,143.88817352443135
1959,65.3,92.27390748461055,102.71789216447277,32.6856144680978,29.62829450996435,155.97458584597976,152.39484131647788,141.47444197741396,143.05221382725722
1960,65.33333333333333,92.14958762989605,103.82739573451123,34.338873441251124,29.800289265403645,158.1717703193483,153.15161759684648,141.899159732053,144.63209691073604
1961,65.36666666666666,92.16872436096484,102.54029304679699,34.34850660687199,29.82779540999884,158.1171229238354,153.09129803264838,141.1419169512676,144.175154358604
1962,65.4,88.39984159628848,100.77868013857831,34.27816767207247,29.99521249884891,158.56374237850287,150.45302173591998,140.5229619737201,140.90447949981834
1963,65.43333333333334,88.95302544242041,98.471721598882,35.17247663533956,30.038844337565582,157.9854525282234,151.6732740466889,137.8045381500369,139.20154950036755
1964,65.46666666666667,87.76050158412046,96.20707312248614,35.16276086277511,30.223507528771442,155.64265168917237,152.13713491370657,135.133030977292,139.04362862978795
1965,65.5,89.92845717781148,97.59876066805329,37.041032453476745,29.775803370860753,151.78503830702147,151.09678679518436,133.61206788843364,140.4070929495017
1966,65.53333333333333,90.74735163640193,101.20943785900099,39.17928592552391,29.74969962014216,151.41287789554647,149.72022376608479,134.4692452331413,140.06610261556065
1967,65.56666666666666,88.31001446980984,100.98171476431939,40.38484145279013,29.906516647305885,150.49638666830015,147.13418374367353,137.38015759560793,140.40358256080438
1968,65.6,86.22271823948341,100.57615605944915,41.181797156671855,30.045915391299832,148.3641731481016,145.63419830277326,135.0907216199269,138.66501531963834
1969,65.63333333333334,85.32724285555749,102.71703301890943,43.633192021178864,30.550033303117093,148.41801054445835,144.62590408828487,136.61884320379883,141.883403064483
1970,65.66666666666667,87.78497203066635,102.3456606740976,44.506782521701695,31.34782958366174,144.19407624559005,145.33352753531503,133.6841885491698,142.7599363316238
1971,65.7,88.90863071488373,102.92517312983085,44.39313626816134,31.916784872645117,142.64299229253618,146.61203692746574,128.92295456376274,142.23967386039538
1972,65.73333333333333,86.28214678733355,101.8616856076986,43.94003465946194,31.941808270034993,142.80033375296358,146.91615080850093,128.238648001198,141.6055191788742
1973,65.76666666666667,86.44824105187955,100.82858389009249,43.00383654819079,31.369688210968814,147.10314759203217,137.82180429416138,127.87208633362201,134.42701015657934
1974,65.8,88.3541359735583,100.14590723078408,41.743226739607564,31.491959789057645,143.70813405157605,140.77168101305253,124.8208597330172,136.22982408751366
1975,65.83333333333333,86.48208814138358,100.05493001900858,39.53185808505616,31.64961606575791,137.91514829469418,141.0796181481694,122.391488172723,138.71179165206033
1976,65.86666666666666,91.69461835659565,105.01746238403283,38.61071672224279,30.288746104562797,131.30858360774053,138.66969114886595,119.11935030317818,140.39150873080885
1977,65.9,90.46697345719487,106.20634061483536,40.12814780097871,30.531654889863574,131.01347078483403,138.98400318846888,120.75361117166779,141.16085443110995
1978,65.93333333333334,87.89237245074925,107.89860374237604,39.73300567343975,31.10377151829265,127.96949358432683,139.957296644245,119.92854139289379,142.27751723470593
1979,65.96666666666667,90.66743973438555,112.4106814197234,40.3698788959341,31.089312961415825,123.77350724883475,139.75199015920944,120.56188406911299,141.75154408567025
1980,66.0,107.40877438506674,118.04890520643805,40.82055138691097,31.193499966933913,117.7389684400522,137.598409475442,120.0999032679178,140.79063299874693
1981,66.03333333333333,113.8702514243075,122.36194920410186,40.67730629005725,31.390736228134564,115.2825472283617,136.93504032717962,122.24352295806567,142.5423657844079
1982,66.06666666666666,111.55710859942637,122.36643815748306,42.22170606159829,32.06695772060546,113.34263630585333,138.11462986871615,121.20633643419366,141.9738265276879
1983,66.1,112.65495007704506,122.59582685281316,42.780276103833096,32.7562253648368,111.49491620115016,139.27158549336508,119.78633259361469,141.99955335998456
1984,66.13333333333334,104.51096247364133,117.32976113778354,43.13636520677261,32.480532165146734,109.76427192706863,139.26203172418954,116.98739457046483,142.30801417681354
1985,66.16666666666667,108.5792879946799,115.79330354181337,42.816641536909685,32.37232133687202,107.09095838138872,138.58248347510855,115.76294082304425,141.47716485779875
1986,66.2,109.14245705925103,118.66599889091054,43.963063818881366,33.041249423131276,105.66105930720512,140.11196838506706,115.6784326631088,141.08698643856124
1987,66.23333333333333,111.54238949910471,120.72828980647539,44.381792290041545,33.09714948821849,106.45035154744342,140.65993239229286,116.29379237367324,142.36658416222758
1988,66.26666666666667,112.64586630860765,119.83918532110084,44.2676084166234,33.001807579498724,109.04922739694013,140.7736783003845,117.8135627536567,142.41612350583586
1989,66.3,109.5712142290528,118.59658284449186,44.31860231434755,33.056768520701844,110.21576313233989,140.64480021217267,120.26260301080013,142.8027222321717
1990,66.33333333333333,112.27250600480733,119.68835413228226,44.29823463303305,32.942086983694935,112.37143676503305,141.05728506751637,119.5860475270902,143.79251281396682
1991,66.36666666666666,111.02766113527375,120.11142443913475,44.02160024916379,32.68786521796294,113.83312100387892,140.54383639295338,123.55379253135207,144.20051962845636
1992,66.4,110.3353451185267,118.87716023784387,42.877404522190936,31.716638402164854,114.35948459603274,139.10428577994054,123.28529604328706,144.7612215718753
1993,66.43333333333334,106.26164237603689,117.95475291226235,42.37742137634238,31.652909172161866,112.51961462528419,139.08034868408035,121.4603823128789,145.15550793907786
1994,66.46666666666667,110.96110485629502,118.85741664383042,42.27253802051203,31.55173794805811,112.42316849455194,138.81916058265816,120.66271670899711,147.1884636387389
1995,66.5,111.0442417622757,116.27921124913789,42.21878762268381,31.54157096607601,111.28764046272397,139.27814074283378,123.94643152622858,146.93794733654482
1996,66.53333333333333,111.13312886318322,117.68288213034725,41.93572683630473,31.432680447162895,113.56349901808888,139.01851216427576,123.40483579035661,147.9292394865479
1997,66.56666666666666,111.05987424193611,119.92417515351933,41.96064166766828,31.317525440922772,103.71617023575004,139.5456275292067,115.28467752246924,147.3398901335655
1998,66.6,116.55966902652325,124.50488729998682,42.76698694533056,31.54323973478242,107.55204306381141,140.69004910040135,115.83340928628088,147.9547533670405
1999,66.63333333333334,104.63279052600721,118.28202517829553,41.96209031861774,31.810216566689657,107.87793799783722,139.45995304034383,117.91714938899872,146.133686468096
2000,66.66666666666667,106.48104120382409,120.22269686058199,41.36109460710702,31.201198458259658,107.01073595118217,138.5165836376467,118.09434486491946,146.12156755555534
2001,66.7,107.02107824205221,120.51705832816857,41.37327194066401,31.340257869780604,106.53142214403752,138.30019496914744,119.89122984405394,146.851138226501
2002,66.73333333333333,109.48385620843929,121.54885695011181,41.92275075326961,31.53883012418727,110.20227012502885,139.17429068643872,122.3963343027417,147.0577657411823
2003,66.76666666666667,103.3781593027559,119.49099417859075,42.07612535137989,32.30578735804228,110.884897073178,140.1950952949035,122.41706821763246,146.33080091084955
2004,66.8,105.28632825522926,119.09927333559996,41.87701852518886,32.04760193208708,111.01084869040496,138.23979864328226,123.03846388317402,145.77349374236613
2005,66.83333333333333,110.61363481193143,121.39667163368348,41.22222605577423,30.95411909602779,114.3763384369352,138.32190326185525,126.38795996744173,147.3740557819502
2006,66.86666666666666,112.44834145743741,121.3619568357754,40.93060046713044,30.81512403442259,114.02949074058886,138.3169793405518,126.90368117016514,147.63624746499335
2007,66.9,113.70918701042682,124.33982238119484,41.2269539474738,30.893097672222,111.13138144157764,140.31996794030488,123.58317392752643,148.72858659968188
2008,66.93333333333334,114.40912767918584,128.80111247617577,40.45358975704023,30.573319060164227,114.98901388794272,139.46821774567167,123.95924312196698,149.41078336470417
2009,66.96666666666667,114.72810750336869,127.96127288285585,40.067703414340876,30.231330105514914,113.01600664078865,139.41389846283732,120.42936896843275,148.44602807852496
2010,67.0,109.55867247133305,121.19258920471574,40.329928386447804,30.176784566865898,117.07541489188094,138.67273047504116,119.92932968003828,147.8115002721864
2011,67.03333333333333,109.22561262107597,121.04497869877854,39.06604511754521,29.726563793292797,117.63152534222952,136.5276235936035,122.12190463330455,147.7325607120519
2012,67.06666666666666,109.3599052204547,120.02047853756322,40.20624236144659,30.324384779991238,120.32906854539307,137.4657212676879,122.25121591609741,146.63362900448035
2013,67.1,107.93567062968266,115.98515470589896,39.96365719240298,30.27944775299028,122.68620718478877,137.48449803408275,119.97739566434983,145.17779142085743
2014,67.13333333333334,103.7046912429341,114.27863320721463,42.22672802196092,31.39931312794537,127.28147260577582,139.98516721763292,118.43646025781808,144.66158839592157
2015,67.16666666666667,102.59660591440957,113.42965949156776,39.84730677873637,30.941766717344734,125.97863602755683,137.99776629941942,114.99964713031723,144.14718133255317
2016,67.2,102.4478418868416,114.95505487877129,39.799512117098836,31.047509008825504,130.1841991780687,134.70059846373974,116.22979305261187,140.68414378213038
2017,67.23333333333333,96.82907540381163,110.79099392956167,39.22372713977426,30.85977363709187,135.94505817303067,133.03585850128417,122.63010455721219,138.55075745473184
2018,67.26666666666667,101.6115459129421,113.56197451629448,39.00004726739664,30.51161709673548,138.12979221059527,130.50090717179012,127.49308735453845,137.15359529148455
2019,67.3,103.77038416254284,119.47903827983981,40.54382370197159,30.588246453489297,139.78264701358756,136.1921991660807,135.15648044157302,144.89618456126308
2020,67.33333333333333,100.11168027743699,116.27529029112983,43.70048323118616,32.54937085206298,140.66721585228254,142.32896897669562,133.433337765088,145.63892664793403
2021,67.36666666666666,97.06324601983383,110.31016276785044,43.67830869380858,33.15417912160672,138.51321680487186,144.12720282942615,128.6893440699383,145.09333542729237
2022,67.4,92.59142387847415,110.63400606246812,45.152767762690594,32.72459147798984,140.97142315841293,143.29300377714745,131.40720607831304,145.4016911947858
2023,67.43333333333334,93.06173185835468,111.43003771870185,44.28711879697302,32.06180083197487,141.68491775310636,142.07172944123508,132.9672305355488,145.67235815115717
2024,67.46666666666667,91.92522318832857,110.5177906606865,44.21117238686067,32.22757596108172,143.2921601223478,142.53828493604817,133.7090566468823,144.77867010916833
2025,67.5,97.07613774718772,107.88770007493281,40.06687743915031,31.21595426134134,140.1525973033794,142.04496261138934,133.61623170046124,142.9490924685343
2026,67.53333333333333,96.44422973164406,105.33596146198103,39.03770716646745,31.061691335851297,140.2617071247424,143.14014768859528,130.5134860458395,141.90640006795977
2027,67.56666666666666,102.17862533343056,106.52779146800276,36.86360592536651,29.74721337122158,141.46366236214777,141.62040128024216,131.20007121055352,141.7646673838675
2028,67.6,102.47072052280325,105.64445650967977,36.65631549794174,29.505173791507055,147.6652557521708,142.34714089401797,135.5831492913831,141.24223227913453
2029,67.63333333333334,98.89131974780105,104.00460099211212,34.68279368304123,29.20525075216592,150.32336934575585,142.35135688964172,139.46727679594042,141.3890146574227
2030,67.66666666666667,100.53361988843092,105.92517862522907,34.152467600157905,29.17316582660673,152.17703824172236,144.89927897721986,140.54243436406693,142.93257610378575
2031,67.7,101.8562308010699,106.86523959820182,33.8620325876794,29.2240578899839,155.11796107627035,144.17612611357478,142.21009294677475,142.06661824266007
2032,67.73333333333333,102.29653390916107,103.11308275132555,33.465466474004565,30.20527177244133,157.1491266803071,145.18529283499845,142.76140821494104,139.68846028996907
2033,67.76666666666667,100.603544288568,104.64808537838398,33.21559042298576,29.99761744073775,154.68691497356514,144.54644478484957,142.64540870052656,140.5278162854263
2034,67.8,100.8819106586432,104.91053383875217,32.732256116196034,29.51324953622427,147.84302848019783,145.32734330873583,138.83670236050048,142.7454574725003
2035,67.83333333333333,103.02075364385827,110.96588720023672,32.779735405390085,29.045467859907788,147.99117925265452,145.13658177009398,139.37794338078635,143.40828631208342
2036,67.86666666666666,102.30216984667787,110.70082294507355,32.10634357480951,28.785339030158696,148.65518197543864,144.04836606369764,139.36722692130056,143.83044922980946
2037,67.9,101.39892815128397,110.76018312366301,31.90443424954763,28.635714935029828,149.98447411104027,143.54552561935466,139.41154263334514,143.2605128787072
2038,67.93333333333334,100.48265447930402,109.56303418948937,31.779469004289062,28.57315994577245,151.385246376069,141.63572250780206,140.51479313097545,139.97526054238486
2039,67.96666666666667,94.02655113050825,103.95303641723316,30.315895449243545,28.664635314037792,154.82821225940512,141.05424622574128,143.52626056123597,138.91934400431072
2040,68.0,94.78831397154865,101.27478544935867,30.0087958387914,28.776417829124426,155.91829652445057,139.07657952571037,144.30721477471042,136.27162522974027
2041,68.03333333333333,94.20090184543365,100.17332646444055,29.34627889641142,28.96450681501269,154.32083341868722,140.45416077046568,144.0014781276734,136.7522228834112
2042,68.06666666666666,95.05330114665159,101.11606841084941,28.56319949210433,28.499101071531538,154.26870783544427,134.0049506085452,144.08572951169353,132.709524768854
2043,68.1,94.98670069684428,102.74076326683429,28.49196703457739,28.45182144263001,152.60570911550914,135.2126312119433,142.53894327380794,134.44597384046997
2044,68.13333333333334,95.03840497951879,103.11572785557334,28.53283322601238,28.942224108095907,152.8534516351457,137.03071951380284,144.01676561625283,135.51326616243077
2045,68.16666666666667,95.7387672858515,103.64724092092288,28.534186928622532,28.76699776060405,150.79022275467457,136.85544086218331,143.26504637965564,136.61981272528396
2046,68.2,95.44769747664884,103.31597228678496,28.26478564069902,28.038938316170896,150.28618897252295,133.40127971807388,142.7425059341543,135.217383856096
2047,68.23333333333333,94.72378255732035,103.86760773915837,27.74470700549074,28.25747536430231,149.8002683934005,137.24264352559342,142.26465473239136,137.80391428928263
2048,68.26666666666667,93.6641568662365,105.00714516346237,27.885385024210592,28.13692488783531,150.27680019881825,135.5602316725403,142.48080709724005,137.0480703510325
2049,68.3,95.63339674572602,105.90342182290323,27.82313798074006,28.189043795360853,148.46296403693393,137.23889213517512,141.65490438406033,138.86646868175617
2050,68.33333333333333,96.08259469867068,105.52969882812181,27.453988851656284,28.405897632589866,148.35776385720644,138.99141729612887,141.05813383100184,139.56939756393976
2051,68.36666666666666,96.25342371494601,104.74294437630367,27.305642595323516,28.375116710324804,148.19127953220476,139.03946676175838,140.6630957238985,139.56383009001124
2052,68.4,99.40510958447905,104.83890180678395,27.348701845028856,28.21294123471466,148.9056804760622,136.80663803878113,141.0356415237982,138.29388456331694
2053,68.43333333333334,98.726044100969,104.98216209252456,27.33191975057561,28.244196545912487,148.29462891618152,138.00684458528337,139.83488252934478,138.63073534473844
2054,68.46666666666667,98.23939316458288,105.11286704133883,27.328732999208693,28.19173377872538,148.94468513657,137.13011019881887,140.57545509626917,138.4299676376203
2055,68.5,97.49059464958096,103.34201495937376,26.49128755699788,28.2198920292749,148.47479358750212,137.47497457497659,139.98808845562212,137.2403585969177
2056,68.53333333333333,95.82850323699549,102.81996947576305,26.36097623761987,28.278881032807977,148.5497989468036,138.76973259055993,140.2493951257279,138.05641868600327
2057,68.56666666666666,95.24254128500978,104.09302953676391,26.768843771879226,28.36207564849196,147.92927542032177,139.44081385743007,140.80561641929327,138.69008331187476
2058,68.6,96.99903635688558,104.62197284218591,26.710256339973668,28.20513126306656,146.85463335644755,140.5350016133209,139.99816089704757,140.07693138692224
2059,68.63333333333334,97.41841174125187,104.81263474756261,26.84275596008186,28.15472013954191,146.34420188572105,140.26757115258735,139.77632933959487,140.2227411262161
2060,68.66666666666667,97.60031593640294,104.88137136514939,26.9206739137333,28.088197664568952,146.46888594098812,140.11365431366215,139.61779673150193,140.1353563190972
2061,68.7,96.63147854729864,104.3963121899669,26.609856269288997,27.743766435495147,149.08929922806536,136.77959613057695,141.9954117508193,137.85797851376572
2062,68.73333333333333,96.69807791671629,104.51007633192535,26.69447768052286,27.984915468068586,147.83951328475757,140.48595278950475,140.26715290010446,139.9043985168766
2063,68.76666666666667,99.03193748622233,102.8008444241483,26.470068170191745,27.863905265044085,148.63426609294947,140.36188627427305,140.4143816855843,138.64513895127334
2064,68.8,100.59677933444475,102.300882067831,26.280301012846692,27.74403942985026,149.3284952869881,140.31677745106435,140.7872730133578,137.96237290008744
2065,68.83333333333333,99.07506349289379,102.16382248869658,26.206300249432527,27.313773684541268,152.0630996508972,139.66141173765732,143.97646846239002,138.7266801009145
2066,68.86666666666666,98.72070280057481,102.9551178051309,26.069016924246753,26.87110128127106,151.89109224400775,137.1155815928282,144.6022822776237,136.7099052893516
2067,68.9,99.23789518302748,104.63505493405745,25.792607022410454,26.556357892511645,150.38236178092524,137.25463322855103,144.3506438914765,137.17588900273697
2068,68.93333333333334,98.2579214286577,104.54663078100461,25.850350416959873,26.476601309493027,149.6858402046506,137.67459880324975,142.97928619387253,137.1718362433898
2069,68.96666666666667,98.7548369576834,105.37443260208703,25.9286938324813,26.302765923278915,149.44040236565974,138.2090651279038,143.78852420826996,138.2171979516996
2070,69.0,98.229602067857,106.1337156788628,26.16222515594959,26.30802067355674,148.8691810251804,139.51360779831714,143.1543332409044,139.09276472470881
2071,69.03333333333333,99.16957906423274,106.35818697997561,26.766848660044914,26.634191655178125,147.449811491306,142.4488527283582,141.26399759702863,141.35786975403855
2072,69.06666666666666,99.32875884960814,106.61423944571327,27.077443298028307,26.71830456181408,148.88814856560637,140.76358958066436,141.7985569412724,139.4773700329532
2073,69.1,98.41215831556686,105.83853361162957,27.2995248530699,26.87675377580562,149.6802288555399,140.8434843912307,141.65546162928126,139.27140536447277
2074,69.13333333333334,97.40015306328621,104.03497008633751,27.977003030099493,27.49998963387563,150.79500200592736,142.7641580240798,141.6151042908627,139.54397227849284
2075,69.16666666666667,95.9609916805934,104.36924298046087,28.551173584585786,27.476399043551424,151.47789357682086,143.3353214598586,141.65441133920595,140.05526128987083
2076,69.2,95.76889613360518,103.67974491066185,28.784816289038574,27.593396409990888,152.22131751648624,143.36818097255198,141.8130570797222,140.2219367942957
2077,69.23333333333333,96.60111833746511,104.84466667813892,29.258809542136692,27.84142581377403,149.646584213837,146.47072123381508,139.9936478935386,142.1452225109181
2078,69.26666666666667,95.23218010524829,101.79170886296417,29.813341569726948,27.801726775859613,150.86284971588742,142.8893247590436,141.63540066339914,140.4415782558879
2079,69.3,94.31494054203722,101.67070960475202,31.018814701523844,28.48256101888472,148.49102620193972,145.2279569100959,138.3779013494296,141.44747726833896
2080,69.33333333333333,93.2640311211503,102.2829416366113,33.18833902346196,29.305297101717645,151.52956937460914,147.54788974694478,137.51137925608077,142.00188439145143
2081,69.36666666666666,92.13938201140905,102.41137478417419,33.236761827664694,29.28961877110495,152.99254191127153,147.33613352534002,139.1152229214193,142.22966790102902
2082,69.4,92.64472562347083,103.97270681540047,34.97494695274069,29.403074740388718,153.03179038019377,148.9221573434742,140.33752694344093,143.8829748156446
2083,69.43333333333334,92.53204514380515,103.96881340079935,35.64511673257196,29.866459422848035,153.90048514676653,151.23841773311338,140.30133093581563,144.18103678314623
2084,69.46666666666667,92.47612315007567,98.27432331756988,35.51751676215142,29.72360415275494,153.3401162328623,151.1286333474997,138.91464633276715,142.80978061262712
2085,69.5,92.12746865290595,98.62890587276951,35.59188664691007,30.386801085526976,152.74897295318306,151.4904229215008,134.95737050234703,142.68664900463585
2086,69.53333333333333,91.15313990381007,100.2786109849822,36.389149745308856,30.374402790401923,152.28646184380506,151.18434532648035,134.76034523276624,142.4154578853046
2087,69.56666666666666,86.24896945536052,96.02726295446105,38.742616845307964,29.815208243666078,153.26561791444132,151.00182607823498,133.97765116313096,140.71368280227722
2088,69.6,83.59582017946755,95.10290264191002,40.46245118993973,30.49977002996616,155.09585226524922,151.75288332825352,134.96531248455983,140.12015780880085
2089,69.63333333333334,83.17213384462092,96.73680058743332,42.461299995610176,31.53193786277929,155.4956189238008,151.0898975193499,136.1799354620206,140.675389599891
2090,69.66666666666667,82.30227232543933,98.59256807730291,44.704197520104245,31.351436533454194,149.8538756065805,147.2829729752917,133.08459061951478,139.510075125786
2091,69.7,87.85951442656862,102.74606941893306,42.99757539170496,31.66871969729198,145.14315415718636,148.26320362371555,127.62064093050411,140.8209660492986
2092,69.73333333333333,86.67637336736485,101.94459844267422,42.68760685679185,31.999605981549813,144.0510204289274,146.26330589016573,128.10084491880153,139.19540633173514
2093,69.76666666666667,85.64745728427364,103.32825910719191,41.419458733638656,31.436609692296297,148.66047858954252,136.2285699040192,130.27903815589426,134.18228507486228
2094,69.8,85.45421526478886,102.92030608729182,42.00434736264267,31.191963402050305,145.01938220615534,139.13555309625295,126.27679119947031,135.48768008850817
2095,69.83333333333333,86.50636404654566,101.56909188712986,42.36016721491931,30.927559123073046,137.526727342178,138.7442623034643,117.71464213477711,134.82591027647308
2096,69.86666666666666,85.35119838428604,101.18298085788777,44.750720745804905,31.651212409254075,134.99585213332858,139.92341693893243,116.03064193982536,134.48219857552786
2097,69.9,85.72369053446,103.30250718053846,44.48607604014963,30.798077681333677,131.59618563708028,137.8377776055583,117.59800228018914,135.5852249176105
2098,69.93333333333334,100.30476306802471,111.61767399048657,46.40480906457284,30.990423371572778,130.68299564680288,138.52799205970277,118.8962452223538,137.74016432128022
2099,69.96666666666667,104.2500219951212,116.2289154769397,46.54626368842758,30.923549199363915,127.80429464172245,138.51549727074269,117.358072475183,139.41522223665706
2100,70.0,109.28927151048747,120.1266553177702,48.29154623968062,31.229032978265398,126.18372401960146,138.85507509863552,120.3339208755874,142.20840812159238
2101,70.03333333333333,102.96741793918753,115.82425688487986,47.78687617905454,31.196699304238063,119.18852918235156,138.5594530072333,116.25186061558182,140.6762739434655
2102,70.06666666666666,95.35266580981444,108.89016128703186,47.19464659079593,31.413841326968846,117.58338846239535,138.5432478341173,114.00274658078457,139.68216235222002
2103,70.1,99.10105656209849,110.35341805332064,46.77411000248062,31.483962219343443,113.29729637045403,138.75011278054183,112.99200744209202,139.83438317590506
2104,70.13333333333334,99.74832069044517,112.78215916424467,49.91519497923098,33.062951769831436,112.12064133859235,142.70203123628716,109.35246649540012,140.00806667987325
2105,70.16666666666667,104.27899642801295,115.97459281519207,50.145517680236836,32.8650251773545,105.87151835968777,142.776407779185,107.47109474446974,141.8089531563172
2106,70.2,101.26516175830068,112.5079882405961,51.91019420211442,33.02972080942611,106.91469385970272,141.69624286776556,105.85114872513233,143.12176558725514
2107,70.23333333333333,107.12467211445814,114.09305676208213,52.234807361142096,32.88743284206892,106.99194703076667,141.5353634786304,107.19283452947599,142.35257056211074
2108,70.26666666666667,104.77933203995242,116.3460061535571,52.385447388598905,32.627998247376404,99.23598439689448,143.06938358429898,97.90398238452684,142.11678364854032
2109,70.3,106.56488132275821,115.99770057891752,50.34508395144083,31.849220264635953,95.15728980009172,141.0610378623449,98.62002166334283,142.62723988853347
2110,70.33333333333333,104.51467579516026,112.55943781489916,50.952774015432354,32.274239180136206,93.91557280324857,140.7838433016733,96.09422905104822,142.2015815453263
2111,70.36666666666666,108.95485941092556,115.11962422920678,51.13061143101286,32.53740786520966,93.69661040076663,140.5178895703799,97.01220293657377,142.90993279472858
2112,70.4,107.19367279447708,115.22100366233161,50.99571754358292,32.550812433507645,94.92441475385294,140.38585146571546,101.31028835183812,143.0864290404875
2113,70.43333333333334,108.97323053598637,116.43475028677602,51.21547479349708,32.6654836381784,93.6986967133425,140.42195390145787,97.89514672406457,143.18610118059024
2114,70.46666666666667,114.9588190651654,120.23075897633828,53.021462257119815,33.32435975775734,93.60310791974281,142.288039182537,97.82744825584574,143.7566159615534
2115,70.5,112.07460017426794,119.22293798647554,52.818556510302045,33.14748153180847,94.38249761429174,143.26413506832125,99.62204028896045,144.02731531292534
2116,70.53333333333333,111.09073299827939,114.19244483126579,52.60050682119842,33.11939718798124,94.85366677689758,142.8598108899128,97.7493748273055,143.94672043721496
2117,70.56666666666666,103.02887590101018,112.83266705587691,52.28630154714312,33.0978756612268,95.16307294530849,143.56837553918936,96.94923879333955,142.7846413066642
2118,70.6,98.5361942764038,108.32330227386839,51.93401116304525,33.21819719568783,101.27609975396928,140.67915195120494,100.28822454756732,141.26969734778098
2119,70.63333333333334,101.42616382513384,109.63685947034806,51.34417473207883,32.87639589905381,104.97886459896908,138.87287342409627,104.02071476234266,142.41137551215166
2120,70.66666666666667,99.85655857332848,108.4608188732864,49.51538095970301,32.3843789702219,109.17835593935408,137.12657557159656,108.14558174409522,142.3621020841191
2121,70.7,104.83004382774108,111.12416067580627,48.99043980175328,32.19408082808147,110.78000005741548,137.1263713091206,108.7883554113584,142.20737554079966
2122,70.73333333333333,104.88129401512748,111.16962920055373,46.31147120666971,31.530831115204634,110.58770133736633,134.12783101252109,110.87372298514877,142.39317653307506
2123,70.76666666666667,104.99366944570839,112.44136763458324,46.599264691738696,31.48126722827734,112.14761296835677,134.89244956321522,112.69053531232964,143.26722799779097
2124,70.8,101.27256564713868,112.25678119054193,48.55032292497156,31.950255507731804,116.58845045739682,136.9209829242268,114.27196255348026,142.6231688931465
2125,70.83333333333333,111.37021822197488,118.70347355697493,47.983653585284124,31.68723599853283,119.73714836799448,136.3238214182624,116.57848223099532,142.5565054954386
2126,70.86666666666666,109.91263217020764,115.09280633093795,47.82399281040533,31.662582406771428,123.6961863773507,137.18738192811006,118.7567582025357,142.85385537826758
2127,70.9,111.70022595562887,115.88254351464818,46.72090950981924,31.20262366996682,125.24846109885532,137.65637964308274,119.55290140350894,143.70095688022363
2128,70.93333333333334,113.89477453016636,116.63129757343074,45.36270665220543,30.85825024400704,124.68884870730865,137.71979901828058,120.97685508384997,144.4090213121706
2129,70.96666666666667,117.16534782664539,123.64178563945264,44.54064890612386,30.611295439182527,126.07845270680933,139.23911227737725,122.67935042504432,146.03974619971476
2130,71.0,109.01945938825156,115.6782823635589,44.206662094803875,30.610904697851588,126.64377590176095,138.81984214095831,123.26760236756408,145.46036322840177
2131,71.03333333333333,109.73444956721448,113.48399513142434,44.50021801464639,30.703025696524872,127.82494052538897,138.7963174960399,123.46168014581038,144.66724437915317
2132,71.06666666666666,108.19794446718694,111.8678638942912,46.627273189071374,31.483676803942746,131.34174681094808,140.0179338620483,123.05739898336333,144.1035278742098
2133,71.1,105.40235712803408,111.7074140645322,46.57670844634741,31.538996865400936,133.12264539935617,139.93363218568854,124.63352695405634,143.13346578430017
2134,71.13333333333334,104.30949132823473,111.47896159289773,46.15850119692797,31.193100982829442,134.43705911529526,140.61178668910685,124.25582068434589,143.1264726448521
2135,71.16666666666667,95.4857615543398,106.28335175357759,45.5884940145588,31.286360878186443,138.12168377942135,140.67904596838744,121.91324087858997,142.79472064273392
2136,71.2,101.39490205315833,109.68703165158387,45.023812693490164,30.677564127182315,143.71208022360548,136.65149815134836,125.72124675761981,139.36580570979717
2137,71.23333333333333,96.23003302345754,107.29271295572566,43.85210321677881,30.647249205499385,143.5295390274161,135.19826990965734,126.02379533887817,138.53975171309673
2138,71.26666666666667,99.6770795615779,108.44304072288816,43.738071240966576,30.56894401521359,143.62961228367928,137.7972294072875,127.42162379024585,141.34248803025534
2139,71.3,98.03570336739732,108.69050552864705,44.36137237095331,30.638479570118747,143.72550831153404,139.59562595472883,129.34299458925665,143.70848271222488
2140,71.33333333333333,100.26721189839336,110.73681196620011,44.254948302751856,30.732233424747196,144.25121132006046,140.76427335490249,131.2744736765403,144.4334004757359
2141,71.36666666666666,99.71874104060295,108.97978993683077,44.2233459344858,30.483830027217834,141.35574784723994,141.47088981493428,135.99404974143522,145.73846067158635
2142,71.4,99.02140495023752,108.77920982018985,44.177348010095514,30.432248121934418,142.11382706579587,141.15236177082292,134.86760780853697,145.65618875915575
2143,71.43333333333334,90.73606604980817,102.52820966699677,44.41640798427887,30.558148670063918,143.91517134911516,140.73331378041567,135.28792000936681,144.1585889745725
2144,71.46666666666667,90.29344059974733,103.36546351903141,44.587457381116764,30.467770964125204,146.37682407370158,141.94356732721997,138.46089235803572,143.81870573679578
2145,71.5,93.77340754575438,104.00195442623746,43.16570182928548,29.681508541551413,146.7516447011619,141.865476334451,141.7448204594455,144.9411884598057
2146,71.53333333333333,106.14697190391857,115.20413290268654,43.260630114001,29.586018225894684,146.7702921106252,142.41569142757717,145.5813862547824,147.4684158262475
2147,71.56666666666666,108.90693075002423,116.64980149704607,43.58825077850622,29.781547010845852,147.31165778146845,143.37418433521276,144.8324706827613,148.47821642509075
2148,71.6,110.10176842926958,115.47640504299268,43.242919590612956,29.760173337376713,148.41917989993001,145.40399569385653,145.0160362558793,149.2458271273638
2149,71.63333333333334,104.86870540442351,109.0240219097761,41.727661882981415,29.3278341511506,149.72024309264285,140.64356711084037,142.94495411969424,143.70695369458096
2150,71.66666666666667,105.04737698958125,108.25178908415751,39.822256559057045,28.829375991189135,151.7660194227697,140.05801783558476,143.6519131296995,142.1035875401589
2151,71.7,104.57321349519346,107.72781181188424,38.34418205920625,28.492316022269605,150.54336025036,140.2305806693186,143.32674567166546,141.7742228244125
2152,71.73333333333333,98.46200586662599,106.48056213153396,38.24421125997464,28.551886865772534,150.9288218407749,144.41795108476666,142.6310979669782,143.26720078790183
2153,71.76666666666667,100.27144396571295,103.74538855612414,37.77389090777518,29.270099058876788,152.66726448272485,146.89285127038872,139.9851443990769,142.41274816781518
2154,71.8,92.90902138452265,100.74607581578293,34.918597451678025,29.958573896216055,153.15304412519248,149.30261712255154,141.04419337754842,142.70594178277886
2155,71.83333333333333,102.1373335353609,99.947091610054,34.79633196267749,29.913642691375117,154.38175744296987,150.1910798143828,139.74104447706856,143.19254421736295
2156,71.86666666666666,99.66950479117405,101.2262636949647,34.254617765207435,29.836620519699526,153.71368313278484,150.26272462376951,139.15437010303202,142.70459586773055
2157,71.9,92.86825120587103,96.6288215681501,32.0884785393629,30.02832307519919,154.036740182878,153.11096339481392,137.97720111502036,142.9278189886938
2158,71.93333333333334,96.76824817828746,97.07597698153884,30.881780495853942,30.281433421565936,152.31415239418857,152.01483603369564,136.8754481465603,142.6906646809781
2159,71.96666666666667,96.8694438917721,98.44508024071892,30.24930127734483,30.19555689182027,152.43557646810098,152.3125770856621,137.5307667413447,142.52654506236098
2160,72.0,94.54879050746051,97.82578790389785,30.03374127136701,30.490176096486586,154.5792772576764,151.3780140966865,136.34843672727143,139.8086114284723
2161,72.03333333333333,97.51528575117399,98.84826267987869,30.445285457993727,30.332210513088132,155.52381631323246,150.67875631376447,137.96031933038353,138.98356835709106
2162,72.06666666666666,96.57572316169185,99.73832401006617,30.27722872296637,30.37334995095769,155.42122239092498,152.80483949264732,139.00660028276138,140.21606067548038
2163,72.1,95.78315523395652,101.61391965973854,30.99060878197913,30.843480592249502,156.6182005434808,152.7028490856126,138.9709956280368,139.224112603572
2164,72.13333333333334,96.69893493997267,103.95313953938107,31.734768679903684,31.20751282212576,156.7100310064288,153.86119287223477,137.4386879941019,139.36718264154266
2165,72.16666666666667,96.89187329814145,104.08900668960571,32.03706641304942,31.06885953217821,158.35043068375182,155.2571130847359,138.24090248948383,139.4261175917462
2166,72.2,97.7553520015493,102.088580836145,31.463218044380906,30.87377482136544,159.6470119878243,153.25086368684802,139.09448442958373,137.60749509499175
2167,72.23333333333333,94.43584887870695,102.1553420680014,31.874825399014817,31.0850268696982,161.22434028177355,151.54116989992693,138.77038694558726,135.77695500245684
2168,72.26666666666667,94.77606595594561,99.99619257205748,31.016189193067625,30.636896697148845,161.3012353637575,151.15038176451503,139.45616511676982,136.03854715814828
2169,72.3,93.57040814541435,101.1207204985024,31.447762286678007,30.54541297855523,163.55743957982477,151.23384803452265,140.23136383574794,135.85165301953492
2170,72.33333333333333,92.66728342148352,100.80010815150021,31.97450653826577,30.443028749280025,164.5464493065711,152.87648790581238,139.95209978879942,136.984928775574
2171,72.36666666666666,91.99171861340518,100.14771739173587,31.573105245431027,30.58527234515071,164.16652796229155,151.8143478095335,140.482726645156,136.27694444216206
2172,72.4,92.52207678792226,101.23503123834617,31.75390658944303,30.306119432161946,162.2408926919101,153.85906569308904,138.8780478606641,138.07057114119755
2173,72.43333333333334,92.93899083472063,101.08864139734193,31.64536158220435,30.631455061296062,163.26419506064107,153.3152150270155,138.14648417997296,137.25551932930793
2174,72.46666666666667,93.13216789982064,100.60009472884744,31.019938884120947,30.91066797410088,162.53751641940644,153.31984843359908,137.45928858791245,137.48147035253854
2175,72.5,94.23455599563731,101.01481825500282,31.083365968703603,31.1627844790013,162.1444124395846,153.37593377268885,137.24325437287226,137.81254394664612
2176,72.53333333333333,93.95521074581556,100.55269813542625,30.58473445834191,31.174814531434382,163.24387655542742,153.76336715373625,137.3929188122012,137.7857977452223
2177,72.56666666666666,93.56180700972727,99.59543318226383,30.552210747770506,31.57054612454226,166.67482346954873,154.3115772446009,138.8455078318194,136.57590277867283
2178,72.6,93.50331390487898,100.28034915074169,30.598204538299996,31.90880005742852,167.40918185649082,155.71168330756842,138.79775792419494,137.4844138243813
2179,72.63333333333334,92.68346692124041,101.54671561225094,31.639117855255904,32.34012926700373,168.5663043579445,156.49923914280373,139.1951867029897,137.62510616805696
2180,72.66666666666667,94.13577277076817,102.16241567720853,30.543165866161836,32.49018262883787,171.24468156019316,159.00479524445797,141.6915291504449,138.86706972282062
2181,72.7,92.30706453032049,106.1084399850388,30.113283271378023,32.45115727630091,173.78770225787855,158.3934169312288,147.32526552060278,140.87389651921006
2182,72.73333333333333,92.14814750398399,106.45538773741148,28.89243340215049,32.960694548766746,173.5761171268925,145.6456923799837,149.9850508074389,134.1144847726879
2183,72.76666666666667,93.5182748753467,108.07213331175208,28.633794969659245,34.03278285866857,173.35349073783576,147.25724274082205,149.9715562461315,136.52785886541713
2184,72.8,89.32632519197067,110.20629704421765,33.84092009797678,34.04322580747939,175.07448725638497,152.013842426408,152.3060879093628,137.1293971016418
2185,72.83333333333333,91.1092518125826,112.97657436248917,31.372116056975297,34.727464495181394,176.8875222265737,150.48296758457786,155.15551751962917,141.31357115225913
2186,72.86666666666666,92.89674152228407,113.31100696467263,31.541385179234343,34.48207849538538,178.84511285633278,150.80930041214512,155.85753770984272,141.16713859836148
2187,72.9,89.57376204881959,113.71735085631946,31.477660591732896,34.406330503101785,178.7014715684939,147.35202149507046,157.8313323945432,136.90543016649758
2188,72.93333333333334,93.17452665041878,113.12297896816077,25.433447388195933,34.87145467333123,176.91688489432423,143.74047378144974,155.04501065925822,135.5139787643868
2189,72.96666666666667,94.43802692308218,115.77494034870453,21.389417443550283,36.622923004716434,173.57391929009097,146.1898896122226,159.59025369118,137.4800558893692
2190,73.0,90.92613113391405,118.11507515191975,25.122303597560705,37.24888467542557,170.85319640717452,151.5445309114791,160.90859029056367,143.06445596333145
2191,73.03333333333333,91.76747460580931,118.38820960120273,26.63062827927835,36.361845736492164,169.58757438775822,153.89812257354671,163.15949174975188,144.41338626292534
2192,73.06666666666666,92.99955270318091,124.87537795974589,28.715247811907425,43.89023671970845,163.41285889425674,157.66473029508265,167.15977736951615,147.93328996026108
2193,73.1,92.28540419024493,127.96321481292206,24.885582568489063,48.345933443449496,164.60225065140796,155.47716201709144,165.48878608203736,148.39680706382072
2194,73.13333333333334,92.59816090623958,127.06659224148979,20.829440987112054,46.96520952990792,165.60725172858434,155.06924934713166,166.58832952824088,149.24180057448962
2195,73.16666666666667,92.55284581061889,132.47429401648117,22.32803382598766,54.30596565269499,163.8690889206217,154.7100627780479,169.3911225270112,150.47909716886383
2196,73.2,96.2493701608168,129.17796227159405,19.974840214659448,51.13622236931135,165.98695864074696,158.73235433518573,169.89811222775137,154.6684278731456
2197,73.23333333333333,100.56741407023652,134.22799521177166,17.79368257988945,55.03043390460006,166.32538102920674,159.74437758017376,167.15876359204668,153.36430869222505
2198,73.26666666666667,95.83129087854475,135.90755338159786,22.179458353149652,55.093741972327315,164.44678082607314,158.61063567063044,165.29051467677922,153.48393262897548
2199,73.3,95.29273750824629,135.15550697060965,21.137930552269736,50.377230289192596,166.36514910089775,161.95666068566308,164.57911136944705,153.16913988615804
2200,73.33333333333333,96.63347536909404,136.47911190001548,23.698067457652538,49.49621203760449,162.97918793849803,163.495794655708,163.79052846858616,154.83484218872417
2201,73.36666666666666,,137.90363844486365,,52.17389779020626,167.80112550152325,163.65047047108385,159.08208104437543,153.38118826340704
2202,73.4,,138.82187658974516,,53.92250593101723,169.49413565928862,163.54340210894009,157.44976993826626,153.77093061042342
2203,73.43333333333334,,139.59874853729346,,54.44110648577293,166.52464818549373,158.0183041724774,158.17544558810098,148.86892961918238
2204,73.46666666666667,,139.71620838982628,,53.7332843382923,168.40126610330097,157.26148791370247,157.14024404162802,148.90882500377114
2205,73.5,,133.1960986351642,,52.392492222638396,168.92078151453177,154.3791837710491,155.67344217458194,145.70307511309065
2206,73.53333333333333,,132.01122555654493,,51.89923638993671,167.48371995392242,153.9293263646214,159.03655614175398,145.19733813214984
2207,73.56666666666666,,132.7364587123699,,44.273112028528324,167.41426198607172,153.4043549236394,160.59823482061145,144.75106738095766
2208,73.6,,131.18636812102758,,44.65957079600103,166.3189895585206,150.76556843646495,162.12273480453143,142.9304349422066
2209,73.63333333333334,,136.44758614246678,,52.0039383465666,159.51195608426872,142.34260061065217,170.04988950236344,139.4224426123597
2210,73.66666666666667,,137.445634999809,,52.649340137776306,161.57778271625648,147.05764266736261,169.5448012130562,142.5460103623248
2211,73.7,,139.1454642938526,,53.75319558300014,156.7167800681476,159.97720422633265,175.44256863908186,154.23098415615374
2212,73.73333333333333,,141.90512802698828,,59.937867202411915,158.57086809254707,152.99210551867122,172.7607226072471,150.31447659694717
2213,73.76666666666667,,144.07089418986732,,64.45596860915782,158.81546976929803,153.20651683519944,170.9280925248315,150.10717312342894
2214,73.8,,151.44751661602285,,79.55914733929436,157.9258088776879,148.98078084169717,167.94178156051,153.4359752597515
2215,73.83333333333333,,152.47087262027577,,84.85879491877311,158.78050863904264,144.6901453989053,168.8528552048797,150.75706747328994
2216,73.86666666666666,,161.18713262829567,,86.65461571929646,152.4327798477499,144.11618527704513,177.70485581227706,157.38516684471702
2217,73.9,,165.89451275615315,,86.59913108930475,155.74710840758075,148.39940644819694,176.38799567816798,158.63442233562748
2218,73.93333333333334,,169.70521850941833,,89.47965264474931,151.47772242078153,152.36317783499445,177.00813505864357,163.12666319997015
2219,73.96666666666667,,170.33379980914913,,91.70283495864335,158.19308020684085,148.41546163579508,173.23780184074738,160.08117391485308
2220,74.0,143.49969899481587,172.14332801111644,93.13308862033027,95.76529023262141,158.59709217307127,152.29304888052062,169.95055623339513,165.47563819582598
2221,74.03333333333333,60.73824364520166,170.66729291182534,93.93023544544654,95.44995818662956,159.96938622750565,150.74229843799935,174.13817060242428,160.25797165003914
2222,74.06666666666666,51.238855843581355,172.12382191420622,95.88338664091707,96.83437857878275,159.99496065469287,147.55746925024326,170.76448991718897,155.4030464265248
2223,74.1,49.050619565860636,171.70321677359507,96.69956945819139,95.3172063470675,158.76561815304044,148.0327187704898,170.14491336196647,153.8214244920619
2224,74.13333333333334,150.77100068495287,172.30255860050315,97.64644597892597,97.22655582613454,156.59264537356498,148.3871167125364,173.59881507330158,154.37458256815796
2225,74.16666666666667,125.78103831247367,172.06198529882786,97.85986482989823,96.14437222310782,157.823615364223,149.5668158852673,172.6130736301171,156.2878648041485
2226,74.2,143.70384821383394,172.01048223224905,96.94730456598019,96.72857417455181,162.5421614876561,150.14118367412905,171.61467730805947,157.28565596049705
2227,74.23333333333333,41.55029524607015,171.88279395351378,95.8183262455591,96.2815298451487,161.46231441272062,148.58365252971407,167.9651303837977,153.92680936075206
2228,74.26666666666667,47.22154669448641,169.7612040601028,96.45771590811337,92.4983516085233,160.09407208495847,150.88813403699783,166.573197786405,152.50191099303976
2229,74.3,45.91029886284603,169.91683901770935,97.27222722749134,94.7341326980434,160.25072506946236,149.83779645439486,168.90353316256926,153.76114396744586
2230,74.33333333333333,48.67533375754868,169.5640200664356,98.55957332396888,93.10937152212387,159.8223652787747,150.1468577276838,167.65351726734744,152.49967736668236
2231,74.36666666666666,57.60431895684944,169.43558823158253,100.17883369405483,94.30576918187266,159.5474976495212,149.52682271555446,168.2153466904054,152.797811180158
2232,74.4,63.4488739728151,169.08975645181135,100.25788139983236,95.05151104986534,161.1224118862916,148.29952371971473,168.85601873759825,151.2964837291926
2233,74.43333333333334,47.33358072067144,171.36903028560747,103.52034685437813,96.19627161931056,159.6888713448997,144.98908944800033,169.12277881082065,150.05093053491572
2234,74.46666666666667,43.436266990590326,171.6933403559445,105.35096086152781,98.2389970234189,159.77813228915366,143.83451912996748,169.415456343218,150.29219595689653
2235,74.5,43.56373315752487,172.28049231282282,106.2225114165049,100.53558015108668,159.2885945897239,142.0338789737496,170.9818677911179,150.4010446968728
2236,74.53333333333333,91.03226193175175,172.03414355338742,107.10827924826404,101.11706441790082,159.99176567429188,142.9019999557779,171.3453625376883,153.3511054770915
2237,74.56666666666666,160.03135802282077,172.8610171405105,106.5487753478277,101.23189791612204,158.58721498849283,143.73108480034142,172.38062246182267,155.5444126752394
2238,74.6,172.68905218143018,172.89490439547575,106.2565485091193,102.19391792738595,157.00842530831886,144.15805522869198,174.44836898460596,157.490606592854
2239,74.63333333333334,171.84512275436657,172.6964976592956,106.67674646947427,101.5492056145511,156.80351436107273,145.3731863675159,175.97400349368397,158.41742461706903
2240,74.66666666666667,164.6152565975861,172.56988750457003,106.87525384019949,101.28254517246997,157.28641346647504,148.16434006489214,175.24188879008915,160.37323715956873
2241,74.7,172.2874457963443,172.82013947373167,108.92645712777619,100.49984471523932,155.27482772849206,147.74550217146324,175.80863049424357,162.6533324600944
2242,74.73333333333333,177.20943543312046,173.6827261209123,107.07132197214263,101.38822717214067,155.25096977164324,148.00087674165752,177.69123724678977,164.3668205592349
2243,74.76666666666667,172.16338778230175,173.51296621206063,106.78634941284186,101.12310772561298,156.5298563084031,148.10801363622585,177.94904407364484,163.56295818204947
2244,74.8,177.3240298999276,173.24847260607564,108.73360829898319,100.03757385305843,153.06650535868636,151.03286537748997,178.57247813390038,167.43800881043836
2245,74.83333333333333,174.895422016624,173.17276358756305,107.76859946641963,99.88609644876927,153.48161182911758,153.00250481876932,178.54859874896496,169.2596033012821
2246,74.86666666666666,173.77115946131946,172.92511466267052,106.88623508803009,98.66838270720461,156.0959147863236,153.64276241239673,177.5803307759238,168.3903529518214
2247,74.9,176.3157099125891,173.03575290218845,105.00864317636092,99.72203270253824,157.92169119171257,152.31914008735453,177.1135307537313,167.33291955089703
2248,74.93333333333334,170.9977480706018,172.96594805152725,104.74989332200074,100.12545047694105,157.705288822442,150.77287781970475,176.96411992672347,165.88452277831732
2249,74.96666666666667,170.95531642289959,172.85561764093177,106.65377956236696,99.93406640896264,154.59779295468437,149.1435803923883,177.05959212759325,163.39751873532265
2250,75.0,157.62019194383723,172.31468685176486,107.04216167709579,97.79724807302547,155.694608611647,152.84234231226097,175.1600389885489,163.81034979801274
2251,75.03333333333333,70.47199656699904,171.13294345498295,105.59006833540002,92.47219275150488,153.92130714719406,155.80290420311277,172.59342439248502,158.91300496154156
2252,75.06666666666666,59.77448820856273,171.92548164764617,106.18173544852212,94.00945219834018,154.6799274013471,154.0179147440547,171.90014399381326,158.22474057592493
2253,75.1,176.3668506711567,172.65214470066627,106.59610916010024,97.358852811188,153.21249114981578,150.6449702829333,174.24581931715014,158.79831236634462
2254,75.13333333333334,144.59010070593393,171.78268547536894,104.94250292309289,96.46562447270828,156.02722100561616,152.24114017428607,172.54697642446837,159.36524675971157
2255,75.16666666666667,116.39473432215941,171.9434817371433,104.86608973758864,96.96256400526367,155.23751425175502,149.78022080060157,173.24771394741967,157.30229083242168
2256,75.2,171.29561192737748,172.86739151428748,105.56633724796541,97.6745065260866,154.7999266543555,149.68853043378297,174.41078343241693,158.84204266037244
2257,75.23333333333333,173.74901447516578,172.3582879934385,105.209484713164,99.62919925802494,155.2291456950422,152.35417996709313,174.86612956910434,165.00624700190534
2258,75.26666666666667,174.94989499494562,172.0837476559296,105.98501361921484,99.49313064073631,154.94536359442765,152.9066967532835,177.23809023544098,165.91203925563815
2259,75.3,174.72637771416598,171.9843644802702,106.03730189562317,99.75285824944395,155.9937541347232,156.09160168916327,177.25590985029692,170.425955359534
2260,75.33333333333333,174.03465585485836,171.89272280856318,103.18995607793373,101.01310992002027,159.1531975028488,154.82312256284519,177.32931793411475,169.77242580562805
2261,75.36666666666666,173.80471101933435,171.70244778841518,103.54396190786011,100.88867238465723,158.63889291876146,154.95187888454223,176.93936258183143,169.76774931890392
2262,75.4,172.41452135442023,171.60059008134846,105.79228877097977,100.55003355249907,156.7672002509536,154.8676750516183,176.26271733126887,171.68307037174483
2263,75.43333333333334,174.101882236999,171.80160611419814,105.71975943010504,100.43659130095135,157.05232667230783,155.66550880058958,177.0853994675082,171.53693926847203
2264,75.46666666666667,173.75005926558617,171.81575530511995,107.34533074430546,99.94005860132896,155.99598938515365,155.8092360878877,176.21516517156275,172.3598697997274
2265,75.5,173.12150126279178,171.77900447459217,108.11599305296933,98.9163017987758,155.4747174875991,157.08503748335391,176.78976744127675,172.73284227665218
2266,75.53333333333333,117.55720176160374,171.01868345970888,108.88559107886499,94.19035824413028,155.69653368240515,160.96919945541688,174.17235488415756,168.4817823476087
2267,75.56666666666666,159.9805412684536,170.77581370607746,108.00608033873038,95.38409677588608,156.6083173070616,159.0271938419287,173.30216807836464,167.00257348216675
2268,75.6,167.55446836943767,172.232805278609,107.50379909639878,96.62249391621332,156.91316505920486,154.9257621056979,173.3174977292366,164.30539667536402
2269,75.63333333333334,125.37867981234587,171.5572716761174,106.80848412476581,96.3985322943806,157.31199952394033,156.00465288411368,173.475778981841,161.73926697758674
2270,75.66666666666667,159.7479868197339,171.85458654529512,104.63554021728682,98.10739006590356,157.51365265763334,154.6964473187822,173.82993196792611,162.46897339133488
2271,75.7,162.7125817926369,172.21466817322838,104.03914728630917,99.06847444142633,157.54669822400987,153.85645406822186,174.25530127250354,162.48074639075358
2272,75.73333333333333,176.5180004747471,172.2982009752318,105.30330087097414,100.16490549494267,156.0383607320918,154.6117184136983,175.84813567330116,166.25522718135616
2273,75.76666666666667,175.0266577684931,172.15956323455617,105.04234405999438,100.23370828039691,156.0676967221092,157.0670825874606,175.77679088412214,166.77648878734652
2274,75.8,165.52070601520333,172.13011167557588,104.96557745284292,100.068394329658,156.07161984511376,157.00007656912402,175.2514874933601,167.43724506035096
2275,75.83333333333333,158.72507615589905,172.09337786970013,104.8681305842574,99.66123272614487,155.88844670406812,152.90273203610215,175.46044486990627,164.67659986524555
2276,75.86666666666666,158.30155148431282,172.4771210174863,104.59906796828807,99.09019738607293,155.55781309151618,152.12831954795345,175.95539263234093,163.86294096628026
2277,75.9,172.4414376664856,172.86982045923622,103.93451846599764,100.6670497716439,153.95986296736413,150.7820632275697,176.3799369456142,164.21171183902538
2278,75.93333333333334,169.61549559842206,171.71238083874678,103.96062385665033,98.50118368822343,155.07982763243496,148.4548019505656,176.31613356098086,162.07223583198447
2279,75.96666666666667,106.88772332973137,170.8163743037131,101.97886525447908,97.40697290385906,154.50032541999053,149.5123536038081,173.9147893416299,160.0584936674824
2280,76.0,169.1891336636725,170.62266013022614,103.3981342570872,98.0543911240269,148.91082923551903,150.37175323547805,178.10283206677158,164.8748740388365
2281,76.03333333333333,165.98551626559657,170.63561481932888,99.52594132218255,98.95467988454661,149.86940193456897,148.03012570027371,177.45219309159242,163.17653770593756
2282,76.06666666666666,158.1790627055436,169.92368783512083,96.19843917540652,97.83930755234564,149.47868196431614,148.74919968132133,176.87351557648023,161.62621644742248
2283,76.1,79.81228452186313,163.69900048465135,85.57004501186408,95.35637134065291,159.50358927247075,143.25154916825682,169.29277921938228,151.7969020945099
2284,76.13333333333334,80.77158274065441,158.53174055691682,75.44453277238668,96.00514201014578,161.00990553852404,146.84068994388463,167.4358868317827,150.83925755041176
2285,76.16666666666667,77.32404316703594,153.0669122147269,67.60143818767803,94.08140302956632,162.22967709241775,147.38086642351092,165.20124058759583,154.63776467036578
2286,76.2,82.39777001205645,144.00034975563167,41.07471937269954,89.8281516437708,158.93397999759216,148.2963146073297,165.52373379748605,147.5975892600817
2287,76.23333333333333,82.57227646645423,125.08310433693933,26.731405552537048,83.3749713318032,155.17981549758136,153.05829071457188,170.30131881186736,147.99395166683263
2288,76.26666666666667,89.51177714007575,106.86355123245102,17.109864831469476,66.13275153484321,156.05921020926203,151.29441487327568,170.14652482495717,149.8397987543326
2289,76.3,94.51943870307363,121.7234197245948,14.456021021793745,74.86944870935262,158.17724274918407,147.8819603457939,171.87305434385235,144.64722560631066
2290,76.33333333333333,91.50943450785456,121.89775109044288,20.268419022750606,73.38854977824187,160.98645000751497,142.1692480332124,167.28537042423693,133.68868295124122
2291,76.36666666666666,100.46222624167007,119.0887158379914,20.326385691277792,71.92254215183256,163.82101597277878,144.5416624330599,166.97138881683054,136.78155315355892
2292,76.4,105.6170171674505,118.79199119223254,15.584148101925681,70.78824482290494,167.39628077874877,143.88389576578945,165.78736130446674,138.71529960358978
2293,76.43333333333334,101.63628568004336,111.27730408400426,24.44450666688705,62.33733063276959,164.84496449327082,144.2166927491233,165.35495221872895,138.5630126046045
2294,76.46666666666667,99.98229748207736,107.9648076367657,28.29137670800312,57.66279021840722,164.26779509603114,148.92496014073595,165.66764164295412,141.37935595730758
2295,76.5,,111.59703689340013,,57.35051317774607,164.327835923703,147.97585024138016,164.28581823048577,141.80784098252076
2296,76.53333333333333,,115.52148539368432,,56.69906445942484,165.9345904734285,147.93013372785882,162.41770785300463,141.52036599902027
2297,76.56666666666666,,112.15176120739824,,50.88573543692528,166.73404561723436,147.17133001269465,162.52490621322298,141.3859073377465
2298,76.6,,114.4089907297926,,51.21213368246292,166.16456842409394,145.57224097034305,162.43849796350253,140.41676723858757
2299,76.63333333333334,,116.65602995022613,,54.69842102945064,165.11108653357226,149.28472523796844,162.20008139221247,140.94237179587648
2300,76.66666666666667,,121.23230061803605,,58.22020185686357,167.28796051410896,147.1131696113622,161.56004046952515,144.17902508627682
2301,76.7,,118.67739401027983,,54.4452704831218,167.71859433697188,153.7531131733298,162.22637844741215,146.2065692943299
2302,76.73333333333333,,123.70288871036679,,56.02078366884203,169.95731186830454,152.03596194337862,161.0683709037511,145.15860255460052
2303,76.76666666666667,,124.515819097856,,56.139807781669035,170.59481786425562,150.81858179207484,161.04504304741656,143.99804878593295
2304,76.8,,124.88022215798249,,56.03177943334785,170.9396441273619,145.17151311590408,160.0579222095827,138.2250734494019
2305,76.83333333333333,,121.5366499914085,,51.344877327083225,171.83061133263212,146.85159170461964,160.27221475416468,139.22553998923627
2306,76.86666666666666,,121.49209811203352,,51.591684971597175,171.18991645189618,144.58843725137905,161.02590695900804,137.18052622404701
2307,76.9,,120.69216761133097,,50.80056379495263,170.6304209632317,144.4030956962327,161.97737199291615,136.90079625184242
2308,76.93333333333334,,124.12769939043696,,53.93250702898895,170.33995866117388,146.986999825199,161.7899942009401,139.3534184001954
2309,76.96666666666667,,125.82099111667245,,55.9573507476236,170.88359017795037,147.57164326218938,161.6864136337331,139.79139895304755
2310,77.0,,123.22194598656496,,52.77633355935165,169.27605839526902,149.91339541112825,162.18149400989364,140.96151401881113
2311,77.03333333333333,,123.40427203902371,,53.09160613265401,168.2232447654187,146.63281371518153,162.2609190595651,138.98878991967985
2312,77.06666666666666,,124.09330454871564,,53.830816695119545,168.35787726805984,146.79911963547096,162.5058074354281,139.06932250417847
2313,77.1,,122.60833639496671,,52.46282809252324,167.8456754645853,145.3296651851412,162.23273054096435,137.47380620629244
2314,77.13333333333334,,123.6281622370299,,52.54391949730192,164.8262962918482,144.49291074124915,163.0220901486636,137.49533202126864
2315,77.16666666666667,,121.7696145032608,,50.410213330688705,165.27950020896404,144.31263761674586,163.95504690853764,138.81300823819092
2316,77.2,,122.6057217764803,,50.887585315882355,165.62219342984122,143.34119515909376,164.10967569838587,138.68790505608183
2317,77.23333333333333,,122.91230131626027,,50.34998196514896,165.5360676956451,140.15762525031286,165.23986954432107,139.6474687317792
2318,77.26666666666667,,121.80653468552308,,48.01117158042961,164.57144988462048,137.55018342349592,164.6481127002547,137.97681208224935
2319,77.3,,124.09967061147266,,48.40131284934193,166.6966271203961,138.32231341535658,163.15747719971287,137.76253992874902
2320,77.33333333333333,,123.77996615184117,,48.81599961035304,165.01513971795688,139.8393503760957,163.6021955747173,139.8982209800925
2321,77.36666666666666,,122.41355115966542,,46.80648683183819,166.31474052086864,139.2428925564752,163.63143641417363,138.70705379670622
2322,77.4,,119.1097032793841,,45.71029498720567,166.75415802477355,137.27176868570385,164.46032221563084,138.49996706329276
2323,77.43333333333334,,120.3765458000555,,46.97018634622338,166.254511222059,138.00196595561496,165.80277946184103,138.6067453380616
2324,77.46666666666667,,119.90682446606297,,47.54321287180627,168.9909892160879,136.56783308741478,164.86158918598417,138.71016619730855
2325,77.5,,123.71264139097414,,51.42279616109357,169.57788787640663,137.97718968260796,163.77300273872322,139.23400242655663
2326,77.53333333333333,,126.14931381431444,,54.722640920710894,167.2155085296914,139.53931718527545,164.05130964735898,139.57987580685887
2327,77.56666666666666,,126.51457489353227,,53.731509481981064,165.77176724668104,141.46422655850648,164.0364825123896,139.41855514959718
2328,77.6,,126.09620789692585,,52.84106308644333,165.07435304051782,141.48318605918288,163.53086585452795,137.86316348077946
2329,77.63333333333334,,125.55391466974025,,51.66801473568027,162.96276437668678,148.04900972061697,164.78864172914123,140.00804301936955
2330,77.66666666666667,,126.805921304536,,52.40039242710903,163.05131793578008,146.22477554849286,164.07018812589786,140.6400134582556
2331,77.7,,126.69637233771472,,52.885046149879415,163.87593742639748,145.52550449876904,165.21562113489563,138.89511657174972
2332,77.73333333333333,,126.71474348095153,,52.34492932347059,165.10826037545982,145.87349525458512,165.1535441809173,140.0060517976867
2333,77.76666666666667,,128.14226211119538,,53.986323000782306,165.27893328306962,144.74779268930033,164.39942519843453,139.30322571101667
2334,77.8,,127.87275928625341,,52.940938869331376,164.40136435540657,144.8140999898817,164.4303079243428,138.01787534193002
2335,77.83333333333333,,128.6901544753937,,53.39183271755989,166.38693849814692,146.12798638328513,162.72204705089155,138.3433881462717
2336,77.86666666666666,,129.39750826523257,,55.476504312520966,167.02193480742355,144.4232725737546,162.51973510672798,138.84777354886305
2337,77.9,,129.50735393756446,,57.57317992762603,167.4172177238895,147.0435441796318,162.61023199216768,141.03428176260556
2338,77.93333333333334,,129.8500060638471,,58.143884464020026,167.55725788453512,146.892664627987,163.02193448272493,141.75220918226248
2339,77.96666666666667,,129.64223405995114,,59.15528765793469,167.95278923668855,146.89269018302548,163.28665449898594,142.7687323333003
2340,78.0,,129.72555702061064,,57.57682526385874,169.53381576697802,147.275047435546,163.97715826159484,142.78141432752844
2341,78.03333333333333,,129.70263872655397,,56.78701081494104,169.00621155687534,149.2405280181422,164.37271526707963,144.93137900207475
2342,78.06666666666666,,129.98564621333452,,56.48407858478148,168.83739795696812,149.40620367922753,164.48532577251066,145.1659589326447
2343,78.1,,130.04620737802767,,55.70216296712506,168.791494088493,150.508186148818,164.74547304241418,145.03810384393228
2344,78.13333333333334,,130.1488768350325,,55.800671016818335,169.88717537151345,151.63830798014962,163.54479211034467,145.540318484129
2345,78.16666666666667,,130.53694337746245,,56.20158371934631,169.833466115065,151.5238870120121,163.21722563808996,144.65751328567265
2346,78.2,,130.3730527182232,,57.28075533477948,167.42499613737934,147.07218052412813,165.2518326068957,143.0995596366283
2347,78.23333333333333,,131.20215850511815,,57.05293155207986,167.7846017311404,149.77345762907433,164.35113517315432,143.78581340928795
2348,78.26666666666667,,130.44603513268228,,56.41913040667582,167.34833832344316,151.57993513832832,165.87435786313844,146.37583222190014
2349,78.3,,130.55764072774022,,56.5372963951426,166.84320602924996,154.1046346363489,166.94072502544302,148.76324845431844
2350,78.33333333333333,,130.68170908596488,,57.3743750837573,165.9721181536402,153.27903296958718,167.55031887318017,148.28335733360308
2351,78.36666666666666,,130.21941709051796,,56.87733859418926,165.96093062702295,151.35385655264946,167.40990171288152,148.14656570224986
2352,78.4,,130.08648005094227,,56.56397705164815,164.62553457391454,154.82267965622503,169.04848973464954,150.52090733666395
2353,78.43333333333334,,130.23554487995278,,55.62163364462348,165.52602126857172,154.81517926869373,169.48061463909406,151.26073585117982
2354,78.46666666666667,,130.22572215601997,,55.77113704883722,166.01438632273297,154.32531948604566,168.6848965585376,149.6747859441041
2355,78.5,,130.85237422097953,,56.49321484659732,167.50916897817206,154.09304395522116,166.20116709365035,148.79954557361063
2356,78.53333333333333,,130.121530131496,,55.42460182498306,168.81658789010314,154.55466271993228,163.5075998182212,148.7547627136262
2357,78.56666666666666,,126.8191033770291,,51.854256565957755,167.3928774294796,151.75502190805827,165.4924782210436,147.856240267197
2358,78.6,,128.18394114156354,,54.66713045554958,165.23699245386243,152.7732217219532,163.52672233928547,147.59473143617706
2359,78.63333333333334,,123.56493380607158,,47.722588058626854,167.95000070715707,146.12581200003058,160.85977768211743,142.31744449908803
2360,78.66666666666667,,126.43260794605673,,49.6665106711557,169.591510189791,150.0433902351331,159.4682322417136,141.79462352360588
2361,78.7,,129.17638067091175,,53.15361659360914,167.12017137341968,150.4855212438031,160.48729997708838,142.88532835589908
2362,78.73333333333333,,127.66723060373718,,52.318324981047695,166.95517097069185,157.31170537683118,163.52903012152794,149.22992013566278
2363,78.76666666666667,,128.8793398100614,,53.461767425097136,166.6990030621839,155.83415362073615,164.19114741313246,148.45462492028418
2364,78.8,,127.07464173762466,,51.31795127845724,166.11922401218462,155.22537609250918,165.04763529857067,147.65197726806844
2365,78.83333333333333,,128.14359746948023,,53.559041888792926,166.78896038755664,160.6163101153636,166.6343197134993,152.64978970029318
2366,78.86666666666666,,127.90011170900608,,54.557459526775986,164.01586919437776,157.1271062626409,167.4604885561965,152.69077645725503
2367,78.9,,125.7892930786393,,51.55186376462382,165.17677589084983,155.1142638055342,167.05586071291793,151.7645830063269
2368,78.93333333333334,,124.29146616957435,,47.454647440978,166.34915245942227,154.20223934625264,162.74411112595635,147.19791368458814
2369,78.96666666666667,,122.57833015611156,,44.43093323248483,169.08462507377385,153.90912512206836,159.34327533881878,146.66170102901754
2370,79.0,,122.35199354113136,,45.564602483664494,169.04346604814415,150.07450993890694,160.06210472281072,144.43311250305473
2371,79.03333333333333,,122.26297236193845,,44.89366721402763,172.20634267998233,149.68531616878911,159.1934776517573,143.42008693917515
2372,79.06666666666666,,123.55403579640395,,44.954274407425316,171.56452036004683,153.15397856714844,158.01152153599793,143.40995582667233
2373,79.1,,123.38573315837326,,45.280687182283366,173.8817273380502,150.9925819463559,156.83572660724803,142.3072300767014
2374,79.13333333333334,,123.65998880942583,,46.30075351506873,172.66049150130928,152.9449487302295,156.81856778308784,143.5071171130198
2375,79.16666666666667,,122.84719916315684,,45.15455934932369,171.7523558710765,149.3452789115852,152.98079592023439,139.83851254344427
2376,79.2,,121.62847422263276,,43.271756821033655,169.24171207249137,149.78665304115773,154.6151362706632,141.2394774289566
2377,79.23333333333333,,121.39408808816815,,43.45402264241729,172.0392279661571,145.4936915629504,153.58560237566758,138.57392555949806
2378,79.26666666666667,,120.86662609446395,,42.957704746387655,171.01454140045308,146.72650657713567,154.01562975395035,139.32598825099288
2379,79.3,,120.6564672892091,,43.12253965302548,171.86433764045367,145.29989152948949,155.04892452939467,139.0642668370698
2380,79.33333333333333,,120.90960047735847,,43.60538879685382,172.0470152134161,144.98098640672558,154.74934966754432,138.23686909396918
2381,79.36666666666666,,121.0896214041654,,43.64691994470573,171.8282451912958,145.61836435320987,155.33115161954973,137.92695556422214
2382,79.4,,121.57535675858581,,44.10440861662872,170.5156160440808,146.03064987085565,155.67938641920588,138.4723503775014
2383,79.43333333333334,,123.62122089409436,,47.41571490732186,170.7306502570301,144.68815455304764,156.19793212955395,139.3202974584647
2384,79.46666666666667,,124.93665941694508,,49.171858122184375,171.33913278442117,143.54406569406206,157.36549904073965,139.56121332927387
2385,79.5,,124.59762424162273,,48.504853640796426,170.36390650609982,143.64374920165488,159.13003508159576,138.9001439204435
2386,79.53333333333333,,125.7973935123288,,49.35758127161755,169.56249649474864,142.17176263975603,159.49467637367852,138.82637287585635
2387,79.56666666666666,,125.4028389227233,,48.77365015651822,170.74572286542463,142.52481092818115,159.77456230852928,138.81634618075347
2388,79.6,,125.05859243104626,,46.457168037317246,170.2936544410096,143.7573904207603,160.09742326649044,138.2216267014709
2389,79.63333333333334,,124.7862442653059,,46.013201554861126,168.97267540134914,147.5941040972189,160.39448291645127,140.92203186608407
2390,79.66666666666667,,125.10105554959759,,46.39863568639355,167.43945331402435,144.9366277972209,163.5589860101,139.73022226796408
2391,79.7,,124.44042363540497,,45.68214208557302,168.34768433383726,148.59162246284518,162.86972126560002,141.28378922881447
2392,79.73333333333333,,123.73444668539936,,46.985973701482386,168.8787583922165,145.4493734264824,163.56539843233716,141.84524166413098
2393,79.76666666666667,,123.30005100186726,,46.00525732928739,168.47352955522842,145.60946449587743,162.98619378105593,141.53555623783157
2394,79.8,,123.64829605369609,,46.34403277953239,168.688371313199,146.29484910637404,162.7351471577947,142.04636565263107
2395,79.83333333333333,,123.16420247761728,,46.131532683444426,167.61019706825786,145.77053343746127,162.44174590556779,142.10297398081894
2396,79.86666666666666,,123.48492906313898,,46.207371910234635,167.55692800333955,146.40689428364493,163.06563302462422,141.6850395954074
2397,79.9,,124.26841491552449,,47.061827894796544,167.7225059940195,146.78438316062335,163.05369946285288,141.45665805666536
2398,79.93333333333334,,125.04243017294333,,47.84533145184007,167.18794552819966,146.91432298757815,162.8984803851886,141.84839623613973
2399,79.96666666666667,,126.0934086274204,,48.35853110124565,166.970072547272,153.44743368871372,161.28398770681702,143.90063943388262
2400,80.0,,126.1299404421171,,48.25784991236376,164.79824494904452,154.27443982547263,161.18735869076065,142.15456049025664
2401,80.03333333333333,,124.47990332514689,,45.20968420541473,165.97824884426944,152.20961712018084,160.46541905697921,139.36444131192337
2402,80.06666666666666,,124.41432538679102,,45.00226837442706,167.71384392319445,149.09133679025618,159.4094842230912,137.21824864564624
2403,80.1,,124.1470082451905,,45.15258536872702,171.5514560356953,146.07272353224698,156.58577100935395,136.12065902555509
2404,80.13333333333334,,121.09187081990493,,39.324511566477035,171.43552077431747,141.36080126427848,153.4927123353776,132.920999049838
2405,80.16666666666667,,121.36278183959429,,40.40256075828508,166.4929720830963,137.08326103040494,154.20255083449342,129.46936748502677
2406,80.2,,123.53556092839722,,43.9997314284407,161.80383369320717,132.5616703181156,154.86411472404455,126.22381728553604
2407,80.23333333333333,,123.88317474220823,,45.40263898253777,157.24611215690032,128.3288564842528,157.4391278217261,122.58573222116345
2408,80.26666666666667,,125.74408835903543,,48.42284850951353,152.03785005551697,125.73047620292553,155.9823032324571,119.53247119227157
2409,80.3,,124.83461693521215,,45.747157975887674,150.01445731900736,120.52423900183666,153.395555408986,116.64847685800356
2410,80.33333333333333,,123.68180836794392,,42.25188388830202,151.4115557688682,118.94184770553724,150.98857680815556,115.89790081261647
2411,80.36666666666666,,123.82762843478139,,42.486524329959906,148.97049065214256,119.23502957632694,153.27747721195686,119.31223380632393
2412,80.4,,123.43741672337815,,41.695649679821926,150.0214627434032,115.09965347799891,153.80630151493423,115.73313233157175
2413,80.43333333333334,,122.79885850521049,,39.118630921065986,153.94632775913578,115.79461332748397,148.13207210739222,118.52415422032834
2414,80.46666666666667,,122.75075180198341,,38.37632552350381,157.5940295441794,117.30299737768492,137.84479684707821,118.8890223851036
2415,80.5,,124.00830230712894,,39.12641921193297,149.4886344802075,115.25232000072931,141.44264224258728,115.56403711264899
2416,80.53333333333333,,123.39107040088726,,39.133957916416634,147.33174029318724,113.44705709601303,142.94426655625597,115.84270713592532
2417,80.56666666666666,,123.08598096731892,,37.9646041359279,142.3062308179657,111.69133118178347,146.95182649875844,114.30136729071448
2418,80.6,,120.97866787236626,,35.95539933126514,144.49956809222255,111.09385292893393,145.82401966790164,116.61811260951528
2419,80.63333333333334,,121.46242247818351,,36.738833915748366,140.0847539268814,112.3968731810973,149.48929428381496,117.86137217514394
2420,80.66666666666667,,122.08432194354201,,37.55839985330808,138.97271104140697,112.66851357761195,149.726390558955,117.30477111573279
2421,80.7,,121.18574282270087,,38.48673097782407,141.96884658329998,112.73714464203839,132.1326638652792,117.92325325543231
2422,80.73333333333333,,122.55553203186982,,39.40580521656783,141.44659953119333,115.64142254535099,136.85336361115216,119.88241398385355
2423,80.76666666666667,,126.01309349079368,,42.2076992815044,121.69290676672166,118.96547335999547,108.63026877292492,123.42404428137081
2424,80.8,,125.90764028622016,,39.48459530684712,125.45601401503558,118.06677481998186,129.97086420680773,125.39627262112575
2425,80.83333333333333,,127.40017449238904,,41.215605069146896,123.77884378865791,122.1640911308725,111.91904977622697,129.56370762521783
2426,80.86666666666666,,127.16265198061737,,40.44924079776915,129.59008979309132,123.21396356350711,122.97980354780326,127.27166023968225
2427,80.9,,126.42782351547221,,39.73012341355173,132.81410956045008,122.51093038052579,115.3423256619959,124.85973670709785
2428,80.93333333333334,,125.78886532915723,,38.75342233863477,137.8304694768405,126.4663087725752,124.73494545232084,124.86010500181254
2429,80.96666666666667,,125.9992812170893,,38.87703109801184,141.90186669838602,124.87819503783855,146.81857117955772,121.95727692910879
2430,81.0,,125.2297263034425,,38.88305575530037,146.99114416937405,124.33712910185639,146.81439769116318,123.06106409793334
2431,81.03333333333333,,125.21579306692126,,39.18497883935204,147.97805023135874,122.08599042971292,153.37517795408257,123.7370171057555
2432,81.06666666666666,,126.0178162096669,,39.17623760530642,144.2142498429992,123.22224552011605,156.97352565084498,122.38060802306822
2433,81.1,,125.65932999137347,,39.37088975180905,145.8658856743361,123.93031548917023,154.43141836015718,121.57472327566879
2434,81.13333333333334,,126.27924257364646,,40.68029154968299,150.43722650546232,126.1303360763316,148.48347267713118,122.30791621289468
2435,81.16666666666667,,126.65404856404255,,40.4215526450437,150.93565556467738,123.40344610364056,151.33131959311598,117.8135467678133
2436,81.2,,126.57988969504957,,38.76677402039249,154.10020341479716,127.21698900056155,153.19981214451607,119.97117161912249
2437,81.23333333333333,,128.28561747807098,,41.329047813688895,154.26968179892467,127.46649997421174,156.9600597566478,121.33514896865867
2438,81.26666666666667,,128.2535269987176,,42.347267757513826,153.9612556180968,132.29172423639807,158.99664501431312,124.38264528236004
2439,81.3,,128.0819399839809,,42.722140014994295,158.6444122972475,137.42696006819673,156.6883196191819,128.83814505108282
2440,81.33333333333333,,127.36589867171374,,41.667360882811295,163.34910951385396,142.54658506783764,153.81094970529222,133.1291583482928
2441,81.36666666666666,,126.62651041283674,,39.873841291172674,169.67671898386084,152.98780825673228,148.7023783221225,139.50946587711033
2442,81.4,,127.57089545545787,,41.182578100146806,171.9657411188988,161.01691415397954,146.17759318543,144.1806696456401
2443,81.43333333333334,,127.82366057764695,,40.18215592542816,172.9727754546229,161.17464098065165,141.56292775580593,143.02185563633174
2444,81.46666666666667,,127.4389538081753,,40.92330805846373,173.77133601809524,160.76196872836096,144.27116183926805,143.79276731354366
2445,81.5,,126.75918862762687,,40.78383938118717,173.6172415529066,157.61355999933303,147.05654645685433,142.6245741240185
2446,81.53333333333333,,126.44014741429686,,39.57624224013835,174.37852618357945,154.07177682499898,147.0330956833316,136.39496575859147
2447,81.56666666666666,,125.38581971613371,,39.88704452194481,174.04216509001284,157.25606249966816,146.89697037748925,144.86776371893262
2448,81.6,,126.0137487330803,,41.43415701738073,170.36511991827865,154.90018755046438,153.41959626810893,143.28929412510064
2449,81.63333333333334,,127.4587813925652,,44.53137553063416,165.9170157094324,150.58151805236696,162.85030015015624,142.74147240121155
2450,81.66666666666667,,125.49917880137326,,44.07675117198454,165.1427483691061,151.69777450976503,164.63947210308012,144.47418604365657
2451,81.7,,124.84758482262832,,43.37996050128145,167.32212147582587,152.4368969959322,163.88911420221942,144.4553416611407
2452,81.73333333333333,,123.07337422242045,,40.80236214023709,167.4265413314161,152.38001554240384,164.54876195280585,143.9673214719585
2453,81.76666666666667,,122.4399750351814,,41.415882615863104,166.0014611594097,154.11987611639915,165.62981233257676,146.48462488493084
2454,81.8,,120.98599103169116,,40.432442517609175,165.8343026524389,153.53605198943885,165.58349450550702,146.15670356547813
2455,81.83333333333333,,120.78765862760834,,40.494158932858504,166.2515040779946,151.81915106374922,165.01201730874962,144.80065933296055
2456,81.86666666666666,,120.6168767763009,,40.53822670695086,166.32618410184907,151.0018913732537,165.04253732206408,144.21086512007864
2457,81.9,,120.25272430492109,,40.70468713850826,166.50331149438946,150.79833037523196,165.55041991604412,143.6553120880328
2458,81.93333333333334,,120.3134187447667,,41.378176430268795,166.31427510492745,147.40186542554946,166.08897769842952,141.75664524489562
2459,81.96666666666667,,120.19867628546176,,41.294255915277084,166.39184672338126,146.21596519536797,166.62620606927715,141.10490094485638
2460,82.0,,119.28282857259971,,39.889406283132345,168.5527827638469,144.92803747377516,164.42620006497143,139.7548931687273
2461,82.03333333333333,,119.32086954811896,,40.99901989948424,167.96251725044027,143.02094783956605,163.8025231972637,138.56579113674843
2462,82.06666666666666,,119.81108167036383,,41.74071235957513,167.32529761653373,144.02714594717187,162.74153437460956,139.465777730424
2463,82.1,,120.37723657338584,,43.96312466410361,164.27079736665752,149.9767205601549,165.77750515613332,142.28305242742817
2464,82.13333333333334,,120.97574434931637,,44.31290661763913,163.39502450473637,151.42090457553007,166.29247948686512,143.704482928187
2465,82.16666666666667,,120.63611575656257,,43.918289648026,164.16817158361556,150.21690761192258,166.4265833835598,143.32212668082136
2466,82.2,,120.8644480279688,,43.78445095367403,164.91148537250672,149.83283488716143,166.0624893486722,143.10475557581617
2467,82.23333333333333,,121.00615486169615,,44.43177198684087,167.12325946604346,146.56774993117307,165.56032086069408,140.8649250752046
2468,82.26666666666667,,121.6041158999274,,45.52082983694394,169.2380169321331,143.28901296875264,164.8976797289333,139.05267267332724
2469,82.3,,124.12615536787253,,48.26617360355075,169.53416840509504,142.32443679206762,164.25601203989714,138.43139350823859
2470,82.33333333333333,,124.89413150285569,,49.918119372051,167.2239495049915,140.7195192768135,164.99442328083265,137.06383213439847
2471,82.36666666666666,,123.5802927356582,,49.27909787974028,167.295887907622,139.8729741619878,165.23313032925066,137.11990015391953
2472,82.4,,122.93327288264449,,47.944680702291436,168.7336314318727,140.96280795111144,165.20543575682373,137.562188612726
2473,82.43333333333334,,125.7118261948866,,52.239260432686,166.73023891063303,143.18653022871834,166.18862030403517,138.88377704789767
2474,82.46666666666667,,125.44569282580878,,51.524848318567706,167.30209151884006,142.39487154271808,165.9997976958054,137.58177355475786
2475,82.5,,126.21458176158409,,52.40525593659525,167.3174360967477,144.38259481094295,165.18511049649152,138.3771070079016
2476,82.53333333333333,,127.22252318844484,,52.35064526710089,165.82059348534105,144.14342083655498,165.72206026028067,138.68888027110452
2477,82.56666666666666,,127.36115165208939,,52.0201261280013,166.66365583914063,148.1482072270464,166.21758090366433,140.81207446597296
2478,82.6,,128.82253913278055,,52.4062794631384,167.78332063834682,147.5458048178261,164.8338995910361,140.4897336176457
2479,82.63333333333334,,129.53746782610946,,51.86753354727205,168.91021868221955,148.1960450900952,163.44364946267206,140.07454116653875
2480,82.66666666666667,,129.2537596322157,,52.26926484536298,169.25564895597378,150.7135293378703,163.60699102711254,142.26217717690201
2481,82.7,,129.88269866966533,,51.88403906089658,166.8645448573732,143.9720522897054,163.72790530679774,139.03684284714842
2482,82.73333333333333,,126.93708164449761,,49.02431263808811,166.13290599767046,155.0908886130334,167.8732730473497,146.89109603842016
2483,82.76666666666667,,128.27656654624798,,49.89539795588032,167.93606562903736,151.95344637050388,165.39570729292765,144.5589390032562
2484,82.8,,128.4732319677556,,50.087104568843856,167.2452137429104,158.0469666137407,166.7398818020896,149.52156658259153
2485,82.83333333333333,,128.85789367260404,,50.0743674813939,169.82801008186962,148.1896954024749,164.49560641657604,142.82358354889988
2486,82.86666666666666,,127.25213140190917,,48.7596741677454,164.91823243735908,155.3136855758555,168.45367959005515,147.62664110950172
2487,82.9,,127.99266409931522,,49.34809447708682,164.357041259605,150.65298907948085,168.34363844988175,142.92684674980697
2488,82.93333333333334,,126.18231217576465,,48.55680245972153,164.1610466439743,152.494260869099,170.50076859849665,146.7305562476968
2489,82.96666666666667,,128.41169014943233,,51.40459164157879,163.16364081681533,150.49225701810997,169.42112998972286,144.93238974093038
2490,83.0,,127.25327645487899,,50.79755383122335,165.36524156323725,151.91827825426384,169.9067920057117,147.46605704995545
2491,83.03333333333333,,127.77525949711598,,50.94033130811898,166.29395567001256,146.68395509456627,167.0757495049362,142.50044602642058
2492,83.06666666666666,,127.12496333587501,,50.0808089147026,165.11357936074802,151.87259798416238,168.61792522161096,146.7862819352333
2493,83.1,,127.50658386638015,,50.2086182751272,165.2637582922337,151.81915088175762,167.18332218116856,145.17984131981677
2494,83.13333333333334,,130.22608145539328,,52.05211223958086,162.51044717952794,154.60714165382083,165.8339262206753,145.90074949235145
2495,83.16666666666667,,128.8729289602444,,50.856733662046416,164.3460289934501,154.40875077044598,166.21335215015148,146.38533859020228
2496,83.2,,128.0387339337937,,50.597370955164095,165.9599019678439,152.38881523782658,166.59478539010647,146.32511190033338
2497,83.23333333333333,,129.15371414253985,,51.81152392057796,165.99092318153853,152.27271430275312,166.57402626841625,146.20112140945548
2498,83.26666666666667,,129.86213251850728,,52.516644235994924,164.71433316140048,153.2186604280397,166.5143326608145,146.36951463526503
2499,83.3,,130.20138351210824,,52.74320917088334,164.83949185174455,157.40902492466427,166.4280183824909,148.5604424961155
2500,83.33333333333333,,128.89656082346346,,50.949450166337755,164.66344365193058,156.77650056392014,166.425555969701,149.34886016181397
2501,83.36666666666666,,128.70761991194885,,50.04596743945127,164.80855682324497,151.98336568151618,166.3237083452202,145.19122140895956
2502,83.4,,128.41124832305806,,47.989527602270854,165.5178693590129,152.57841286616278,165.87055812717497,144.951360144982
2503,83.43333333333334,,129.58152427985823,,48.983613438504555,165.03213873950602,149.77178604602435,165.37092853178237,142.83039494552384
2504,83.46666666666667,,128.05271492123345,,46.38276260519266,161.88621316958213,149.9614319852665,168.29284398307323,142.73150357261306
2505,83.5,,128.07039242301678,,46.35330212001622,161.97439247789265,150.4416217730728,164.96373841229897,140.1539616355745
2506,83.53333333333333,,125.28690604455984,,40.96960962046242,163.31753654843806,155.30606339476716,160.84170325536695,140.26864389383772
2507,83.56666666666666,,125.05254219501882,,40.63630371413009,166.11805171765857,154.3743656484182,157.33888492625994,139.27739833262146
2508,83.6,,122.55898185487644,,37.574689914501604,167.17935715641192,152.13802370383252,157.58194720959008,138.5606956977558
2509,83.63333333333334,,122.49507221071146,,37.29100554617015,167.66370145554762,151.50065189532205,157.71940458356116,137.9304822417544
2510,83.66666666666667,,122.39936286040374,,37.96689819031985,170.56244874448234,150.2546952674011,154.78494452159197,136.81861753314624
2511,83.7,,120.64611745756429,,36.77672150691809,170.46388443257985,151.60318118985444,154.32817950939665,137.89778550246217
2512,83.73333333333333,,121.9102975045304,,37.563551581809904,170.2776127232529,148.91268277083438,153.6135649638558,137.4283032903429
2513,83.76666666666667,,121.19808061297887,,35.86795106758076,164.58580334555256,142.92279996792234,156.43835598870248,132.81042709256656
2514,83.8,,123.7964347947457,,38.83894758990825,164.78644777134784,136.4110524734368,153.56120517020312,128.20200068833734
2515,83.83333333333333,,124.19094442095941,,41.32687570681961,159.05523757224069,134.16958430244097,154.95859422434293,125.58030079332788
2516,83.86666666666666,,125.40996068634999,,45.82072693827926,155.1869691353001,125.86096310472873,155.6854647572317,119.41953518796238
2517,83.9,,126.43461284871346,,46.721807320306915,152.5437837142919,125.04778895188372,152.53626230566528,118.87641429702005
2518,83.93333333333334,,125.92554622084647,,45.39181534361061,151.99962228543734,119.8265313482388,153.74306267973355,117.83050268868891
2519,83.96666666666667,,124.71454022035417,,42.310473855539364,157.3299202262771,117.73078230566036,147.42178381460354,119.34000362082071
2520,84.0,,124.0491451862353,,40.35023917715242,158.32976461067366,118.04489463214257,147.523933156521,118.94173285361643
2521,84.03333333333333,,123.96103511081151,,40.354489617941326,160.08040768142746,115.84414357977884,140.51465203170665,119.8880449822807
2522,84.06666666666666,,123.04838400866498,,38.01830217684381,154.90941127873216,116.59308443363057,137.40699027291834,118.54112239568717
2523,84.1,,122.21375521484632,,36.96451510255183,149.97805090411111,111.70885826047606,142.05668987726077,114.24004965512317
2524,84.13333333333334,,123.99125520946468,,38.51376871674034,146.29131683490343,107.28329395945748,146.0055075032069,112.74850512568693
2525,84.16666666666667,,123.81575863662125,,40.008444584615816,143.12642689217438,110.30741775912252,148.817705835923,115.14152693140551
2526,84.2,,124.2097350516175,,42.83167088788629,140.94958575784693,111.23095020412822,149.11769516426273,119.0231649107189
2527,84.23333333333333,,124.0999313352884,,42.61140769545046,142.00423005942753,113.36733042034147,147.91364252104734,123.89470064044897
2528,84.26666666666667,,124.35376324684394,,42.59835348934758,141.45906847605346,116.05468133446138,143.75965390063007,123.21127789750962
2529,84.3,,124.81048056135313,,43.5432207464634,140.26174850611125,120.09662807109757,142.16453067553746,125.79452239879767
2530,84.33333333333333,,124.6030450773553,,43.47209255890865,139.92592495492048,119.35423138646942,133.11186766679396,126.13496446579205
2531,84.36666666666666,,124.77488803280451,,43.956935331701004,135.29325962175955,119.79767838304251,140.79893953658043,126.49955541044764
2532,84.4,,125.04660880489952,,44.33938857232714,128.2332104125683,125.15473219296709,116.605577264124,130.50761764247076
2533,84.43333333333334,,124.51580142080438,,43.27274654558093,135.11416910547015,121.47461276424687,126.57960684273216,127.7519312633729
2534,84.46666666666667,,125.08648008375141,,44.06644942341427,133.73779045771346,126.45856330286922,132.174569785812,130.42891795859958
2535,84.5,,125.1804502839086,,43.78576915733683,131.80632524299168,124.1679013596928,126.32818181711136,127.87191442030834
2536,84.53333333333333,,126.1062786879707,,43.161382806271305,131.8704736355136,126.13063976638063,125.33612902210547,128.3804084635148
2537,84.56666666666666,,124.54426505636526,,41.279829075116794,133.2458327488414,120.95657320876806,129.34478953568475,128.16770051905786
2538,84.6,,126.55351512962052,,42.60908376192246,121.24562374200164,123.10951204868773,120.28870036804499,128.63847676483357
2539,84.63333333333334,,127.29815311786079,,44.229800364742616,129.4118063845158,117.5550363514519,139.64629757583535,124.61540914182373
2540,84.66666666666667,,126.2382139311059,,39.577946248891166,135.6563575144947,118.73609559378203,139.90370239223637,125.4828464565914
2541,84.7,,126.26814079722736,,40.23499264383557,133.36908711824753,117.17698235546459,140.37451553742372,123.79284777710592
2542,84.73333333333333,,126.23030051521137,,39.99556949203779,139.83429143078462,117.15075976770267,147.12844263406822,122.15016803245426
2543,84.76666666666667,,125.76802608241957,,39.26639614718441,141.51810424323358,112.96739461955535,151.7238043090803,117.81936436696431
2544,84.8,,127.01309677678027,,38.787792337312474,143.900116893323,111.7220761694272,152.58989854151739,117.99648962213423
2545,84.83333333333333,,127.77314160943307,,39.42517278478348,148.61888299044728,114.73633675077792,147.93798418204562,121.89163039828692
2546,84.86666666666666,,127.1610188850609,,37.51926546857167,151.02841186896302,115.1103811648671,148.45231786540958,119.7125706440145
2547,84.9,,126.63914721112583,,36.7857319774474,153.41696216410372,114.53349240231722,150.149712188593,117.93811966016332
2548,84.93333333333334,,126.76525394529496,,37.43194397449459,153.54781821116683,115.08079456665642,149.59187651771393,117.91356546925356
2549,84.96666666666667,,127.06714044127425,,37.986872011155754,155.57016809276723,114.69384728209643,145.35309260403193,116.31890787594361
2550,85.0,,125.27428499271902,,36.03312903985241,152.9686714440211,112.90315094825351,148.92499539940033,112.71311407667434
2551,85.03333333333333,,125.10322956260923,,36.52896766446892,151.49806284232713,112.35371469616786,152.6028921701919,110.5503224636134
2552,85.06666666666666,,125.17840910641469,,36.53611239306222,154.04419708775458,113.87270658018409,151.882921471586,112.10448129634497
2553,85.1,,124.83228535513155,,36.21433865423276,157.7337560975212,117.26030870197626,153.05215433049662,114.69446870836894
2554,85.13333333333334,,125.08705192008874,,36.95771980097813,158.3703288759108,117.33776209124531,155.02836819589967,116.22253981063022
2555,85.16666666666667,,125.0905018841755,,37.67799721177349,158.78636202841807,121.87304149267234,156.42197144559262,119.65629353090517
2556,85.2,,124.62118262963904,,38.038748076744355,159.1605106082063,123.18943733037379,156.74500678477526,120.49426638758358
2557,85.23333333333333,,124.72964232642693,,34.848428634671215,159.9433048648144,134.2048324083472,159.97282868463802,128.87455753499805
2558,85.26666666666667,,124.50374904998293,,35.99954608175524,162.5736132278949,132.93724097651653,156.77512766811105,127.58217744542306
2559,85.3,,124.02226585725477,,36.29049124262581,164.40486980255244,134.904048118454,156.76515200546785,129.87492201626128
2560,85.33333333333333,,123.39559322904519,,36.275914143841874,162.36017514482768,134.8508309153246,157.37989641745278,128.06870261517957
2561,85.36666666666666,,123.20628088415448,,35.64967649858559,162.93244134800076,141.3256796601583,158.22066216339658,133.68526674869454
2562,85.4,,122.66319202276509,,35.49222282735632,169.1207898011462,143.61087945417685,153.61669442719793,136.17905600754827
2563,85.43333333333334,,122.0593319165712,,35.23534707966796,172.42233854547442,141.2286567277083,151.68828413916873,135.02641129670081
2564,85.46666666666667,,120.98023220825372,,33.810636262938246,174.2347208268203,146.61988091878476,150.5877425488336,139.29703711264042
2565,85.5,,121.72528814260923,,33.95213812447085,174.71570529676242,143.87458401332927,148.68916370353242,133.97995701907067
2566,85.53333333333333,,121.4255073432368,,34.21121266964442,174.09058385633713,144.4012555712234,151.24380705226653,135.55059791082456
2567,85.56666666666666,,121.23049303753618,,33.94473410119269,172.77352002201732,148.63943919092432,152.66761791226511,138.12825326703162
2568,85.6,,121.53629980668309,,34.319842613453226,172.23297184122512,147.5183621768518,153.458520070142,138.18741047886706
2569,85.63333333333334,,121.58865043490714,,33.977827013298224,168.76182543795173,151.0485364781228,158.85412892616662,140.34434853329765
2570,85.66666666666667,,121.63381703295494,,37.27679760769532,168.5604573164082,150.3312401079725,158.03858363703617,140.6264502344696
2571,85.7,,122.96064903252648,,37.64356481939488,166.87616780437418,152.8795474732982,161.00335803363055,143.3734719867556
2572,85.73333333333333,,123.97810697508699,,38.05940443260776,167.7452577860217,152.61716541686658,161.29375612963963,142.83128424486398
2573,85.76666666666667,,123.65556780640475,,37.73896632011353,167.16458368815046,153.6312335367227,161.03516523910935,143.14840547163251
2574,85.8,,123.94202653221043,,37.97995666326875,165.34055374934982,153.08639067516262,163.45034927117635,142.79788928349012
2575,85.83333333333333,,124.38138645378824,,38.478703096603205,163.9380303427222,153.17943915384865,165.0874198620739,143.76971116325694
2576,85.86666666666666,,124.22330239247886,,38.97722783865849,164.4135159871638,152.65616846105115,164.94941641452866,143.6289678764142
2577,85.9,,124.65328073156854,,40.505878190323095,163.47730572429904,151.5129055111601,165.61130326455213,144.4901850031513
2578,85.93333333333334,,124.09351129725844,,39.904239771960874,164.16630367384235,151.54636386201153,165.0085099323503,144.29022026301647
2579,85.96666666666667,,124.04134605243195,,40.376193775544365,164.23864833531564,152.0935340166523,164.6045828282515,144.83662903466188
2580,86.0,,123.78567482098286,,40.08746015932003,164.32587080877735,152.6362590859305,164.72266645537624,145.60686854460167
2581,86.03333333333333,,124.28801397070423,,40.45847437151703,163.17536481325104,155.10534127283634,165.51984154578435,147.90684682045173
2582,86.06666666666666,,123.04882978509771,,37.53970811064129,165.22506644659597,153.07013632046292,165.24366654952502,146.86667958132114
2583,86.1,,123.24018444362191,,38.327169901630576,164.4194346405352,152.0521636836685,165.1579871119303,144.99264463765982
2584,86.13333333333334,,123.90079046220045,,38.817368039887015,164.35392893277506,151.71375674016684,165.38967382766123,144.50256540942127
2585,86.16666666666667,,123.74580942147423,,39.02476655016992,166.3191299982692,149.8902070760233,165.25535266943476,143.94694249020972
2586,86.2,,123.00059311153731,,37.152690090582965,167.18184298359228,149.6544284700243,164.79361541914676,142.75010814402884
2587,86.23333333333333,,122.87543137771046,,37.093316325795705,167.12216108422783,149.5550333757215,165.56816677244734,143.62093878044197
2588,86.26666666666667,,122.19065689784576,,37.22647429798899,167.76774537197136,144.83347218033163,165.14105585475806,140.11663664862797
2589,86.3,,121.88613779970561,,36.79244780093672,167.55952311209822,149.7414018791104,164.67067694786098,141.95587410039525
2590,86.33333333333333,,122.27436043439616,,36.54880264029693,168.00387970518378,149.5473762241694,165.01988447338977,141.95176335272177
2591,86.36666666666666,,122.05222645831505,,37.06315123019349,169.38002215841152,151.34731299794228,164.67257698654257,143.33668529646934
2592,86.4,,121.33071784074023,,35.94698744904902,169.34896730162177,148.92464858054763,164.77077981243644,143.00762686679008
2593,86.43333333333334,,121.29512221194742,,38.23466488511441,169.08965800800374,149.45386338798062,164.60679657470163,142.84155836893333
2594,86.46666666666667,,121.3841158225406,,36.57648752100951,169.37200404322104,147.912402983416,165.5808437146623,143.15159107755525
2595,86.5,,121.5868190658276,,36.471468293912835,169.65003876700996,151.6378925568811,165.6009023721699,145.6633724820327
2596,86.53333333333333,,121.57824212489467,,36.63993227786991,169.82830970396796,148.6709647985069,165.76493209812807,143.8882090866083
2597,86.56666666666666,,120.71271123308067,,36.379097283567624,170.1677881079856,149.09232614128456,166.14112777592828,144.4405340785922
2598,86.6,,120.32549206005653,,36.39575165413096,169.8600800525483,149.82402196323596,166.18583022742885,145.26755208572416
2599,86.63333333333334,,120.0148927685194,,36.21319192279296,169.23012745499236,147.7723108868332,167.04954285724327,144.7629184914142
2600,86.66666666666667,,119.9969025657409,,36.36522728120704,168.68376571071997,148.03860324126063,167.63881942698416,145.17398194482809
2601,86.7,,119.9357393982022,,36.77624745413812,168.62520733430193,147.5041833308889,167.20755310386673,144.744279311798
2602,86.73333333333333,,119.32741036803264,,38.33484070340331,167.57605096512302,144.67116761567146,167.05355612210425,141.82755298026586
2603,86.76666666666667,,119.54342698726583,,38.28903116831608,166.87951651015888,150.29879964787077,167.19654341622334,145.73886678164726
2604,86.8,,120.92170328156753,,40.55242291805617,166.24473429331383,146.6610699809343,167.45062831924866,143.00408427044786
2605,86.83333333333333,,121.98927753699586,,40.52249745029623,167.24909386573952,151.65195362526603,166.2046846169301,144.944813428873
2606,86.86666666666666,,121.18692677342348,,39.53446775148361,165.44869124590844,152.47833821141117,167.65704960008665,146.809420209679
2607,86.9,,120.83514392621872,,38.75201642705172,165.37755504228116,153.76081395341922,168.12946418600816,148.46958833507654
2608,86.93333333333334,,121.30826851201654,,40.298268085350514,165.61631504827682,152.8816253242146,167.46221744099373,147.92596031111813
2609,86.96666666666667,,121.7367701316578,,40.311678751601306,165.6071584702629,152.41489057688315,167.43971845917875,148.24346928620648
2610,87.0,,122.90858144542989,,42.44702761709666,164.17064299351227,153.52506452073314,167.41151754724396,147.85151739780184
2611,87.03333333333333,,122.81759024630448,,41.68182046414917,163.61303127550232,152.31828590809792,168.17398364532966,146.41781033112116
2612,87.06666666666666,,123.26083889127679,,41.880694484651436,162.80788143924605,154.68796089280497,168.46438495585542,147.89943272347972
2613,87.1,,125.09203323666462,,45.10567917021642,163.42932433249715,154.35642890048564,167.9106884376518,148.10329761139892
2614,87.13333333333334,,125.12024023974158,,45.11607123826265,163.30103524765676,154.17254798252605,167.8006498865589,148.34240464139125
2615,87.16666666666667,,125.34377485824164,,44.65950000915744,162.270115072203,154.78721802836927,166.9518773781349,147.43717092671653
2616,87.2,,125.34423512467124,,44.05186190566091,162.13988376462697,155.06810466220543,163.54593592017486,145.36367454650784
2617,87.23333333333333,,125.16182114203654,,42.65824909257632,164.47935399466724,155.3230404562964,157.25222816266,142.9280869642886
2618,87.26666666666667,,122.43355459807046,,35.46039224716989,164.29655391719723,155.90743982919255,159.43129946155656,142.04663585450226
2619,87.3,,121.6133919514791,,34.159108523620745,167.33135522449885,154.68890051515524,156.71809197710277,140.1199051546927
2620,87.33333333333333,,122.11153759809999,,34.61548512970376,167.63992976699782,153.18334567723755,155.06392279397295,140.44470880765218
2621,87.36666666666666,,121.5354180242375,,34.60849247911589,167.54003950025898,152.2962141700112,156.04864967036897,140.34973326139612
2622,87.4,,121.00657522683484,,33.788117434806104,167.6275524625997,150.84871552373008,156.75944746589255,140.30245002336
2623,87.43333333333334,,121.71067760884836,,33.836165843156664,169.60854166280362,149.96434057901922,156.75245885295232,140.03757697256577
2624,87.46666666666667,,122.29511532917766,,33.28469725674871,169.443370056532,147.19809892608652,156.73529131912272,139.33174950791798
2625,87.5,,122.84996254746763,,33.961405236053146,169.13022570386755,146.9177672210492,155.7620472581686,138.84747944185142
2626,87.53333333333333,,123.6258656982717,,34.91434010257937,169.4605827953218,147.38612189358187,155.9232804776016,140.34365594986923
2627,87.56666666666666,,124.48293029896035,,35.52966946472827,167.0645089223484,148.25311781518056,156.10007204326132,140.70183229237045
2628,87.6,,124.20018555725936,,35.198309593568545,165.9716218678038,140.11231561783853,155.37101983062468,133.4597528438194
2629,87.63333333333334,,124.11045756326666,,35.679060193904746,163.0179666738098,137.13996199184342,155.9429997511399,131.16210095751708
2630,87.66666666666667,,124.73159218712816,,36.50126491836367,155.85345232453682,132.92480154890555,159.6324362800496,124.75112238721789
2631,87.7,,125.3759480525215,,38.18131199450385,155.794809757374,129.46027895843935,157.87306617902115,122.00948798106344
2632,87.73333333333333,,125.37981279950266,,37.638624594921076,157.0988374894457,125.24618402221805,154.48067205788033,119.96658667252166
2633,87.76666666666667,,123.97051406518177,,33.336598663733014,152.99686962762544,121.67326082841447,150.55388335426392,117.40728293229041
2634,87.8,,124.60060029937479,,33.61820765643506,154.14203268793736,119.17581257924783,150.5191810159072,117.04970992417152
2635,87.83333333333333,,124.8239855000824,,33.42021139523932,155.62881444362995,117.87012217879668,144.80664931538897,118.55736506587787
2636,87.86666666666666,,125.61556782934099,,34.29227455926426,158.3241713006078,115.24526101965667,141.27168556129993,118.98211887102478
2637,87.9,,125.37747638942695,,37.17345107724971,155.74273947261494,110.99226636406982,139.9677417259886,115.94738711701827
2638,87.93333333333334,,125.28811264406386,,37.73108081970427,152.3765386315505,111.16523497929413,140.23800193367015,115.13894397117161
2639,87.96666666666667,,124.91804855930981,,37.66219504088854,147.6263103496544,111.02226610983949,147.26268595584733,112.13551467267125
2640,88.0,,123.96338544970676,,35.94828659068223,145.11148208265033,112.02666633373906,145.3867820022385,115.9198919490189
2641,88.03333333333333,,123.30224097859404,,35.29067042817424,144.50939824516954,115.7387264141511,138.34388868784745,118.31099309540501
2642,88.06666666666666,,123.2083326130319,,35.33400190809743,128.1237230827526,114.5715331536072,127.09521284895554,118.81987332130853
2643,88.1,,123.56900745015642,,35.47580795787521,125.24655411290486,114.4085242476425,105.17200231648177,121.32788853045558
2644,88.13333333333334,,123.51256722602945,,35.694784530485144,109.13469113645564,116.80889552871565,80.49020623676209,121.7370467644337
2645,88.16666666666667,,124.31640696212816,,35.91820358161712,115.9037230410005,120.21251804104263,91.34496209517414,124.70684440161878
2646,88.2,,125.01995402967135,,35.94627005994835,118.07471545709052,120.11211641790318,94.32392959605356,125.24097934184829
2647,88.23333333333333,,124.42390882528463,,37.55799503643621,122.48475717606382,117.15983788462906,104.0417780694497,123.69022194445016
2648,88.26666666666667,,127.01503527448828,,39.488658465470856,113.68010397415438,124.25006856829599,90.40419878707698,128.13663261802952
2649,88.3,,127.00139781988246,,39.542737912113566,121.01753202509988,121.01948344359208,99.55820770538853,125.9200321511293
2650,88.33333333333333,,127.07805159480824,,39.727184022177745,110.29082956503109,120.9296451922556,87.54302720171361,126.28642693655162
2651,88.36666666666666,,125.92338277138037,,39.15152784396239,114.466515244255,118.55245597705972,92.39165041061257,125.41151848879447
2652,88.4,,127.0996491536649,,40.03345166005775,90.10339732523983,128.435944292664,63.13860106775312,130.97755939587427
2653,88.43333333333334,,126.38642573880072,,38.00019878912864,124.36079008977578,120.05408182381207,115.03121409008561,124.92434778622483
2654,88.46666666666667,,127.49076308083993,,38.68704423392342,106.73679540956887,130.10576684182132,73.81146712617907,130.75794259137248
2655,88.5,,126.62489403690802,,37.00810697129873,106.71057536447832,132.21507148978105,72.25272261532413,130.25940761806757
2656,88.53333333333333,,123.17735252643318,,33.96392412843469,139.04276218955619,123.560657815078,127.2416800692619,125.22698968804929
2657,88.56666666666666,,123.14427035503508,,34.74877969439095,144.28002997509168,117.70874766781347,139.91637033542816,121.40985492981497
2658,88.6,,123.67707278154634,,38.15340088419112,145.33548406359503,112.11266394304273,148.40790478625092,118.61537860892622
2659,88.63333333333334,,122.48149321159114,,36.51904625735325,149.29427601181567,113.35584230441677,141.45179394979638,120.6674163584666
2660,88.66666666666667,,123.78713903494335,,36.56761116601337,151.28148791411235,109.24893226941835,139.49249856291897,118.2689621836472
2661,88.7,,123.56782949918673,,37.9948100278333,152.54103010024295,107.42241592645479,147.28183484959456,115.87053308098157
2662,88.73333333333333,,123.36226746728924,,37.22985168460314,156.35539116140384,107.05465020239338,142.27360728866958,117.09558775601656
2663,88.76666666666667,,122.99236135147738,7.474622644959775,36.899627316708745,159.3033676107847,104.88008236181291,143.88845005358323,116.13987417241648
2664,88.8,,123.43877690023926,8.407764154274235,38.19157941695255,159.93445184036943,103.38907964831675,145.7867013752859,113.83213867771771
2665,88.83333333333333,,123.17405022697166,10.025236150160913,38.233749685503206,162.40544842336047,103.45754535676667,144.32918961155877,112.60390023922012
2666,88.86666666666666,,123.34208463912881,10.866194326333932,37.11234467901385,163.40155590660729,107.11516203400353,142.39768631281532,114.67495409617645
2667,88.9,,124.14332714447292,12.882161923158078,36.14339092406529,161.75034247598379,109.98786261271736,145.51692860527007,115.06669111215642
2668,88.93333333333334,,122.83513039040243,15.376930513562305,31.73988348854049,159.26050047307336,115.92775287749336,147.2575276982397,113.52304404875882
2669,88.96666666666667,,123.29643903036039,17.74541697594142,33.30056501205431,159.8025944465352,117.86966254021267,146.75810556628653,113.87954825006341
2670,89.0,,119.55333321251125,18.679557271953183,30.81391464402965,160.41325903798975,119.05544228408708,152.90843299294815,118.82166298706947
2671,89.03333333333333,,122.96097132599633,,32.5720713739104,157.84837393877143,121.29467894087388,156.86130972359504,118.19089368491188
2672,89.06666666666666,,122.63552216496566,,32.67416444007687,158.82082291726607,122.49903737630176,154.92275441543956,120.06139705572095
2673,89.1,,123.3297205866172,,33.85354439034961,160.2717447577395,124.35435542052062,157.6446142229803,121.88340860577017
2674,89.13333333333334,,125.18533618942537,,34.19759287848842,159.73901422936515,130.70632690535143,161.67467366989948,129.6029654069692
2675,89.16666666666667,,124.82178231234383,,34.46218550179484,160.05371133671204,131.04235856563136,162.12655098071826,129.43764006735637
2676,89.2,,124.19906596872586,,32.1711735631041,165.08961304773686,135.35330045676977,158.71709809225447,132.3295635744207
2677,89.23333333333333,,123.58891855654831,,32.7177813825228,164.1944186373994,136.96457694753957,158.59822692536548,133.03796297153482
2678,89.26666666666667,,123.40838694697412,,32.86364716071374,164.14195640519557,136.78480480258852,159.4318442613234,133.54360419277592
2679,89.3,,123.68551726877962,,32.50382778571212,167.11659150635748,139.0389555867065,158.9910171745934,135.59099967073004
2680,89.33333333333333,,122.49323299785948,,32.463413551416394,172.5787657253886,145.74769058009855,155.5220385023685,139.3346317426762
2681,89.36666666666666,,123.61890681597124,,33.47415054082728,169.42926227669057,141.83242343437038,156.13059822826253,136.32061541599225
2682,89.4,,123.78690449934695,,33.79027441052636,168.7295671429451,142.10751365389677,158.93934041287247,136.97426404224984
2683,89.43333333333334,,122.21853512323271,,32.30557834652014,170.30545362678131,146.40203264047017,157.65896094018325,140.26761787288493
2684,89.46666666666667,,121.65080871194387,,32.953162581266156,170.7460630487027,148.1600573759087,157.56754591670827,141.4288034444986
2685,89.5,,120.37534852307802,,33.76236987812313,170.2457811095469,146.9132827772599,157.13284629686174,139.89988069513916
2686,89.53333333333333,,119.4724223314603,,32.09238879941633,169.8871785573967,149.03495655585112,157.08748867438985,138.009801894057
2687,89.56666666666666,,120.32152331348031,,32.800334312626546,171.3229883864951,149.38037617915438,155.57818835138346,137.9028866048103
2688,89.6,,118.65052365163062,,32.113361636832074,170.20777980094488,147.4734457354332,155.49732397164377,137.49391310839349
2689,89.63333333333334,,116.42140873994083,,32.60061930428517,171.5461376818115,149.7306071667851,156.425792715182,138.2484680181314
2690,89.66666666666667,,116.68274141338864,,33.18474861394656,171.22825373882256,148.0093265058957,157.0461580242205,137.7539303614827
2691,89.7,,116.71801469244248,,33.66263291919033,170.89055566641264,147.57551468571523,158.50134113766538,137.2799019301733
2692,89.73333333333333,,117.36345583754301,,33.762057494336794,170.3976373523696,147.73566572944694,161.81230934696254,137.7598467335375
2693,89.76666666666667,,118.89572412998588,,33.67512914920469,170.85583255127128,148.52064908689505,163.9286299321979,139.95953505170553
2694,89.8,,119.96408134176338,,33.50802926427401,171.70763311411113,151.56486547214502,165.0075758201976,143.8290972386602
2695,89.83333333333333,,120.40843060681802,,33.85852731670109,172.51008192373132,150.63936027502484,164.9409489173578,143.3180943935665
2696,89.86666666666666,,120.54057403723932,,33.56978595077096,172.40827232567278,151.5583516454524,164.4066519485767,145.2067009380986
2697,89.9,,119.64675339786922,,34.4622487682531,171.9230518692829,152.71951411747182,163.69064249067,145.49643917806415
2698,89.93333333333334,,119.82949242566276,,34.55941764852946,172.08387603219415,153.3597578522458,163.83609199039662,146.13612290915998
2699,89.96666666666667,,120.75797298599919,,33.944344838569,172.04857595252395,153.52327927285842,163.63541611817593,146.69282100514621
2700,90.0,,119.33651343997609,,33.28207220099572,171.46302449584886,153.13646176666404,162.88896651251483,144.94328019152923
2701,90.03333333333333,,119.55409179592782,,33.12484949566487,170.98158214492872,148.08689232762632,164.50540447573923,145.02872956349776
2702,90.06666666666666,,119.1734795677174,,33.103178421344985,169.06972147398278,147.29148360595056,164.80848569328313,142.7910456513715
2703,90.1,,119.79923908045068,,32.96275890005104,169.45023881323525,147.40668021111225,164.3443390941054,142.76370197451766
2704,90.13333333333334,,119.663956461359,,33.33909172774715,169.76017023853697,145.15525829028905,165.6242856088317,141.741340514749
2705,90.16666666666667,,119.15181528223107,,33.109195098469485,172.7084845501849,144.96276413728623,164.16357662593344,140.9729655207435
2706,90.2,,118.84139752465997,,32.95826748437674,172.1161312533491,142.22351525091878,164.90080948505786,139.37692308251897
2707,90.23333333333333,,118.64095461518,,32.97542202744268,171.5867368309433,142.49876715258426,164.83676705482804,139.72467544055792
2708,90.26666666666667,,118.36667142040618,,33.102122351224786,170.41827766882156,142.8231696478802,164.11410238789935,139.85786940053725
2709,90.3,,118.84657962353901,,33.41881965432547,169.99421338897258,143.7980753285246,164.63374071472344,139.77167831542837
2710,90.33333333333333,,118.4997440851376,,33.53432434699474,171.2439702557292,143.91645361041043,164.59194588190402,139.88557435490523
2711,90.36666666666666,,118.5949395029074,,33.63905209606152,170.6574580179374,144.44542539220092,165.22028379589526,140.64071433338253
2712,90.4,,118.11886093052603,,33.730178711283784,170.1841987101875,143.2339994665135,165.47023931512658,139.70759719529613
2713,90.43333333333334,,118.68958622515463,,33.86121622186269,170.541099555369,142.49168629155153,167.48334898151182,139.97427131137266
2714,90.46666666666667,,117.30118700398711,,35.61773412882779,169.6120792644893,144.14008756182025,166.64171453853032,139.72470591925352
2715,90.5,,118.15629860728302,,35.56774491636806,170.0124087244552,143.27094496303565,166.12517146934493,140.77894066877315
2716,90.53333333333333,,118.65342664515728,,33.69126751940767,171.50966445889117,143.84959504693163,165.41508576741072,141.85812282341445
2717,90.56666666666666,,119.18222439401511,,35.03986808624152,168.2121100644347,144.35978257631282,166.7065580930812,141.68048762750234
2718,90.6,,118.9314942494349,,34.841357648749856,168.8064367968514,149.7541496826795,167.01936293864784,144.9184828243155
2719,90.63333333333334,,119.19962577097458,,34.38639748119859,170.6659885999139,148.32754676583255,165.6451539371468,144.73337824393545
2720,90.66666666666667,,119.28248090716009,,37.404896774840296,170.7096363903764,150.44211338206765,165.61696586787954,146.51057382268291
2721,90.7,,119.46448296395833,,39.70884305305282,170.45569131068757,150.4691505934113,165.55494949137017,147.07624962862852
2722,90.73333333333333,,119.17172423043193,,38.072298975677256,173.26127757937704,148.7103128972398,163.94834412746323,145.80539168406705
2723,90.76666666666667,,120.8008952538694,,40.8602837019116,172.19787866827193,149.09072093105468,163.92908383119783,145.0570924498411
2724,90.8,,120.5331570147986,,39.200027637599824,171.99848328573137,149.01906696204475,163.9274241741352,145.12119656658666
2725,90.83333333333333,,120.7342195369203,,39.76942278842418,171.22993736142433,148.2696311913242,164.34160101102168,144.75299608225737
2726,90.86666666666666,,121.12125886250399,,39.753134206409875,171.0323025545661,147.43009624601237,164.4844657958929,144.88152537437904
2727,90.9,,121.0166009460167,,40.11170129788226,170.9481218930376,146.60976392528582,164.0687891344652,142.65463617523338
2728,90.93333333333334,,123.32191379758525,,42.44063336483068,170.50119165613143,148.46197328846387,165.36532121586265,144.90886208614006
2729,90.96666666666667,,123.57400727587891,,41.86348403185957,170.46893007129236,145.99220846050798,164.4205790653188,141.44833079004914
2730,91.0,,123.55787562670288,,41.5556269717189,169.880036815479,143.83976304360584,164.18070917907264,140.86540133866683
2731,91.03333333333333,,124.11036523046842,,41.16187763452126,169.14791681660446,144.44144419830724,165.25476695234772,141.40757476768806
2732,91.06666666666666,,123.02949021613304,,39.88303041269412,168.71422596995154,143.24292887668622,164.89027460502172,140.46325933169155
2733,91.1,,123.44928380360246,,41.20089830706749,168.923709144955,143.7426756137205,164.93144922219204,140.4976417799212
2734,91.13333333333334,,124.7250134747143,,40.78940164052841,168.88282507103895,146.04368460367797,165.60706472196364,143.31305311926883
2735,91.16666666666667,,125.20133478092833,,42.22304267359818,169.65125069880065,141.5359201598211,164.3162037738747,138.54233249470875
2736,91.2,,126.57391499645884,,43.90663249532603,169.18048345361876,141.76634643193486,165.4243892821542,139.95090842828787
2737,91.23333333333333,,127.55217429640999,,44.94232453370384,169.65660844490324,142.03885855509037,166.12572244789172,140.83764118243437
2738,91.26666666666667,,129.95487438413326,,48.44476851386374,168.468311482221,142.49168313979428,166.5725190672502,141.52412212614811
2739,91.3,,130.1296637888107,,48.45345325681059,167.73701913324643,143.20471624477435,166.05340081319758,141.2685076297575
2740,91.33333333333333,,129.51964454366473,,47.15089968323211,167.92744112557358,145.67940817824683,166.00031083556894,142.29094359867395
2741,91.36666666666666,,130.90554767929402,,48.97560276596208,166.30167488144897,151.02969591848137,166.97242520584015,145.77381843032845
2742,91.4,,131.7909714972758,,49.588908094314036,166.09578494014153,152.34481749674336,166.68557676486876,146.25039867610676
2743,91.43333333333334,,129.8644801270696,,45.87517004263168,165.53920406248935,155.79716996267453,164.21246552593541,145.2771045281163
2744,91.46666666666667,,128.1104715975076,,42.337352705030035,165.2038618703704,155.9369182368278,163.36053207483045,144.34825538534574
2745,91.5,,125.88912424073843,,37.4494835912326,164.93533840217114,153.90634233845574,163.23595587212304,144.47407206439087
2746,91.53333333333333,,125.77617280508797,,36.294669253124304,167.9250473429567,153.42844142388572,161.11171166426902,143.72167456074774
2747,91.56666666666666,,125.5406828617088,,36.26576140050348,167.78138031859345,148.2611041589185,158.81308379331298,139.2514640226015
2748,91.6,,126.89125337755122,,38.548669262441166,166.41679278101333,147.1007942119832,157.28528438612318,137.6875878929375
2749,91.63333333333334,,125.44420201562865,,36.3876653327428,167.63263127506474,139.9260009321296,155.42083267540204,134.07144878468944
2750,91.66666666666667,,122.99449121253892,,34.90177315220497,162.6491934762617,128.2020942967156,154.92755805619126,123.07605920843136
2751,91.7,,126.08164720222818,,38.67080991693169,157.57389783040932,125.42410589775088,159.25272039259733,121.58754599272253
2752,91.73333333333333,,126.89089247715879,,38.86125354315509,156.90644955740078,124.44528022508601,156.91574837579174,121.37228506976001
2753,91.76666666666667,,126.69599779530654,,37.83530787929453,155.0568527658505,119.72035764090907,149.96789834922794,117.68136043662305
2754,91.8,,126.28324556633544,,37.291476522371994,155.85660231649837,115.1391590227729,150.45126023295776,116.52762336360703
2755,91.83333333333333,,127.05846978566277,,40.17127730721784,153.60417328563724,114.55003596580757,150.12639496032537,118.49899992234833
2756,91.86666666666666,,127.11344655384751,,39.662942724771916,154.22647751774142,113.87956377512185,149.76223554994633,117.99054104540367
2757,91.9,,126.46575362963776,,40.533660866570834,153.74346206860207,112.17417120934573,146.71659430542542,117.72409710929024
2758,91.93333333333334,,127.3034249464833,,40.76459399525282,153.5769647259321,113.79738424839695,141.0907591036117,117.95224447870623
2759,91.96666666666667,,125.9352699554759,,40.55930746150018,147.73229334871377,107.96351982884417,146.99323580094466,113.0858834421144
2760,92.0,,125.88148477862924,,39.874622031649025,150.607185196749,108.1160299299215,142.15494089488735,113.76808952156453
2761,92.03333333333333,,122.2074583775521,,36.003299308987486,150.14848033113793,109.48928318516903,139.62986377569328,110.53616868500364
2762,92.06666666666666,,122.81585235247115,,36.1938956777319,139.96280136753873,111.66388955424496,142.9081899030547,117.52032896021677
2763,92.1,,121.56343627421768,,33.75716911882049,145.3213298069888,111.33404430221621,139.20076421863092,117.67282684111254
2764,92.13333333333334,,124.1869326846722,,35.61841833806385,147.09709871460544,113.51441266843742,134.8378524780383,118.01701866996375
2765,92.16666666666667,,122.96892604208193,,31.683373059586437,147.99358090400244,118.24636564177398,127.90147949366529,122.85736566489946
2766,92.2,,124.62764000456258,,33.84779627208079,147.41114452104802,119.02755626693981,131.1755549718663,122.10107297596679
2767,92.23333333333333,,123.48126230597883,,33.34566728414179,147.690874261127,117.6820205758384,130.90420893957625,119.74610974444799
2768,92.26666666666667,,120.64921531074636,,33.166268594170326,146.06609437432192,117.81083038595315,139.415192615739,118.05435076953465
2769,92.3,,120.03301040179277,,32.81230126997138,147.08286427622517,114.12125120572563,140.36822787093146,117.00403383798519
2770,92.33333333333333,,121.41829573601082,,32.99550765469564,149.05802865821397,114.3355474626294,135.8939992158631,117.87142094600445
2771,92.36666666666666,,121.61826774572344,,33.271265797110935,151.01869826000012,114.5487866282634,137.38028684164954,120.62850234419155
2772,92.4,,122.32813772075782,,33.704892238179404,154.54320005202788,115.20325464679198,133.93750700530134,121.00964643189626
2773,92.43333333333334,,124.51380293285077,,35.35132199813267,156.4971360667856,118.79051930817043,141.1014291357446,122.76864153398418
2774,92.46666666666667,,125.33857905086357,,36.333449676727305,151.33773704641033,118.05548620230361,152.28536124393418,120.10823216736159
2775,92.5,,126.56231236940687,,37.269644500769225,157.16305672059445,119.03288099614865,150.27437716515254,120.0463529814035
2776,92.53333333333333,,126.77971599516621,,38.38549970800034,160.73075557326243,120.07777846795581,149.69739140456292,119.36926060905002
2777,92.56666666666666,,126.087895657244,,38.20362877915284,160.67659414781565,121.85175885015711,152.4482836073709,120.45288106304682
2778,92.6,,126.1893081260688,,37.75598408055736,162.37006076280034,132.31804408965033,152.64461617625616,130.01534725198604
2779,92.63333333333334,,125.435035879196,,37.46548915170393,163.92975069848833,131.05968001705816,151.2342078094477,128.534968542358
2780,92.66666666666667,,124.79638246053047,,37.178978452239456,163.0852861642584,133.82407551053106,152.76697836076917,130.66012629404784
2781,92.7,,124.08394012322856,,36.729697290907716,163.09385707068606,139.3275404633048,153.43982571925662,132.89974204077464
2782,92.73333333333333,,122.68591673375487,,35.73470172125532,165.6868632838687,141.39336155490255,152.21191222467516,134.60237555038205
2783,92.76666666666667,,122.58136170109768,,33.73720030752232,170.09815552155774,147.83579960779943,150.51644208321414,139.45839320556314
2784,92.8,,122.96672591569435,,34.125991805347574,171.7706630152311,151.51049589922138,150.77363381008468,142.41739111268072
2785,92.83333333333333,,124.1148834632531,,35.856671259805005,172.85396975241633,151.53409280417105,149.39671602515065,141.0232315880036
2786,92.86666666666666,,122.20223969677333,,34.66473754933858,173.27007952078182,160.35646726053528,153.93626607649668,149.55408804484784
2787,92.9,,117.85921027008632,,35.15223907003124,171.7895072459528,149.5412100884827,155.23463977309825,141.4682284868754
2788,92.93333333333334,,119.2132431766356,,35.6919593828438,171.15641038936855,153.19354317853524,155.61935924157825,144.38080153019555
2789,92.96666666666667,,120.26342453217056,,34.57529602429778,169.786715731134,151.24157087044642,158.80246158122873,143.73221701741738
2790,93.0,,119.6849911272784,,35.97979985997244,166.6195425706011,149.78376062422993,165.6820137093781,147.66987716423196
2791,93.03333333333333,,119.76592989871571,,35.82000529653008,166.73238149082772,148.4545559834195,168.12373471287535,143.962741975824
2792,93.06666666666666,,119.70381704554293,,36.02913087225243,167.43864411530564,149.88523948388402,169.4585287566545,143.72085738616087
2793,93.1,,119.77344934169763,,35.99531242565365,167.67596835006304,149.5374009119629,168.47907707949906,143.16349132472504
2794,93.13333333333334,,120.40405853152642,,37.77735451470536,165.18883041891422,149.22902943085933,168.40365273220252,142.5583353372886
2795,93.16666666666667,,119.44478566256767,,36.96014840664526,163.68276929880489,147.84653620452355,168.9320562862418,141.71041560253389
2796,93.2,,119.63318222153798,,37.75129157108235,164.12443067809713,148.3071275576289,167.98461302947842,142.036991929742
2797,93.23333333333333,,119.33575316118286,,37.70961832207234,164.28066158477642,148.94046066146322,167.84776903313661,141.16614665922415
2798,93.26666666666667,,119.6926297334481,,38.19967114479532,164.07218337306654,149.5705423181083,167.73860304024677,141.43784517288702
2799,93.3,,119.52405821077588,,36.26277601796444,165.43766742229897,152.17466001817616,168.64960882614082,143.11753153113642
2800,93.33333333333333,,119.73530741947233,,40.487184740936,165.96493810980172,147.16200766660637,167.85944650488906,140.16816706501555
2801,93.36666666666666,,118.51977316598403,,38.61761852659692,164.5843360467054,148.3620034620115,168.69781273659902,141.22026615650705
2802,93.4,,119.12518801415588,,38.44374353357839,164.87645565798084,141.93060404717227,167.91338421826433,137.64890767408215
2803,93.43333333333334,,119.63760312011703,,37.73330126944904,163.75213835655444,142.53990937442148,169.44462862580474,137.55256206335883
2804,93.46666666666667,,119.65096930654367,,38.522902776856924,164.93499967812696,142.81900422099253,168.5632390531878,137.19334287381983
2805,93.5,,120.84395218850007,,39.457856600773006,166.89331984722492,144.3056541470758,164.55948863382247,137.17328472094502
2806,93.53333333333333,,120.19488884949452,,38.177027141706816,166.92693067493855,145.14778427376496,164.96910697703018,138.26142889513213
2807,93.56666666666666,,120.55936791802489,,39.351269530859014,165.01411707431092,144.33149962507258,167.3711820155503,138.8146266490138
2808,93.6,,122.67967058361828,,43.12957178479625,163.7816756577091,144.20520347935772,167.5005276837801,137.72348732271567
2809,93.63333333333334,,123.16510732606254,,42.62424257115304,162.9309916939953,144.43367596267348,167.40490958190753,138.67201629576167
2810,93.66666666666667,,124.82216706896169,,43.60228532996674,161.61868907864667,144.95994698070916,167.52005607455925,139.14623846559599
2811,93.7,,124.47976547957578,,42.92587936002919,161.83306048613204,144.6662917186509,167.04205778159408,138.5746631973874
2812,93.73333333333333,,125.15827171934934,,43.90704830198706,163.68766825127943,145.86814560149796,165.22595008008366,138.4244206948625
2813,93.76666666666667,,127.39477009688628,,47.06341467501188,163.7399404861018,144.65832957134685,165.4832224640031,138.40734349342233
2814,93.8,,126.71256429933781,,45.855305418529085,165.85192511736108,143.92557981851925,166.4924476003941,140.7022753884757
2815,93.83333333333333,,125.8186416166932,,45.373832296719584,163.7935619330953,142.23346899451892,168.42854354525022,140.81621428443157
2816,93.86666666666666,,125.29761426398919,,45.68116934139705,164.70581916930996,140.27663937679665,167.84640920826234,138.85267762363867
2817,93.9,,126.91842911378444,,47.75196377686029,162.95445762937487,141.29624894738276,167.3928875580179,138.25792793747877
2818,93.93333333333334,,127.16946039950284,,48.07900955570296,163.3137514980363,142.93859510410658,167.14458962545814,138.92416503979572
2819,93.96666666666667,,128.12613357150352,,49.32792669499517,163.80020674890287,143.0319835454964,166.80113401875153,138.89689730471903
2820,94.0,,128.66857309300866,,48.95588676097737,164.58974088598595,145.7737334438143,166.5546355023016,141.05999930872886
2821,94.03333333333333,,128.28264546579476,,48.57156006921314,164.41921820966982,145.4283404598095,165.91695161625236,140.87496394198692
2822,94.06666666666666,,129.97355746180324,,50.73359490623912,164.51630251352637,147.64024471508145,165.92810261116637,141.6825533821055
2823,94.1,,128.97766885047938,,49.45901973476246,165.1053732054321,145.1001891692696,166.45700565377885,141.78081192661875
2824,94.13333333333334,,129.45133357705691,,50.89434756125966,164.1520474558202,144.74582871839232,166.9158294949309,142.14899233863392
2825,94.16666666666667,,128.60611718757983,,49.95519367539437,164.10424177876428,144.30645325577458,167.47765685833593,142.35063447167775
2826,94.2,,128.41741022675282,,49.80538082270601,164.7333661544663,148.25608108679847,167.89721927021387,145.72636107671266
2827,94.23333333333333,,128.44837470255038,,49.61932847575002,164.70493117962232,147.69724614288646,167.4276108484052,144.35415770666881
2828,94.26666666666667,,130.5516764355689,,52.56698016852946,164.30032525319942,147.40546751252725,167.66737666768287,144.68128252903583
2829,94.3,,125.48463817236622,,44.44844012488245,165.00382903488594,150.10628475016347,167.31792581911583,145.50283792857786
2830,94.33333333333333,,127.3917751318868,,46.472518191441345,165.24441928494815,150.7434304963354,166.62473981864838,145.56238355874885
2831,94.36666666666666,,127.65985797279939,,46.65027719162858,165.51404155158798,149.49613324021806,166.6487617543822,143.25084394237004
2832,94.4,,128.80271014445847,,48.44771200617759,166.98606218108668,149.08947500150828,166.66281425874317,143.8816380995578
2833,94.43333333333334,,127.74966212880209,,47.43637519281263,166.0990611926992,151.8090115689911,167.28739596936447,146.96506285208304
2834,94.46666666666667,,127.60908506626917,,46.87596147953551,166.94678118999227,152.11756804920296,168.63548784998878,147.78059274517807
2835,94.5,,128.44261002102732,,47.30530893234372,168.95612030019595,148.18065748898363,167.50986902991568,145.29181290120715
2836,94.53333333333333,,126.68522783613754,,45.58239347721954,166.42342906254464,148.12865678848326,168.60437499054592,145.15057813254387
2837,94.56666666666666,,125.3372057072525,,43.5427248801033,168.64667457313817,144.42869151796586,168.62681515237426,143.00591220225118
2838,94.6,,124.32363616414008,,42.9705321028995,168.70788081035968,147.47090285549922,168.289193208649,144.40865451119993
2839,94.63333333333334,,124.67023284426293,,43.06002477762838,170.86689476755998,146.03706363512924,166.0160363883473,140.78057926635313
2840,94.66666666666667,,124.19752896776534,,43.026077971239076,168.88948614552393,146.02456597699322,165.10261023741893,141.1304781501405
2841,94.7,,124.2822570105974,,41.82576962243574,168.84202515507013,142.09967921653185,165.12321737954235,138.76413479905344
2842,94.73333333333333,,124.17720888790844,,40.73475684351705,168.5132766728756,142.20867203783413,165.30096056133155,138.1336511092424
2843,94.76666666666667,,124.30757317277951,,40.558342563065096,166.36231466949098,146.70340052620557,165.5238679426059,139.14476060010628
2844,94.8,,124.40319533010815,,40.76613707462242,166.30224524322043,151.11011608168897,165.21960743184718,141.64031902487926
2845,94.83333333333333,,123.54277346162866,,38.90980473050594,166.87885097508135,153.1892076871047,161.29585687651223,141.09268039501137
2846,94.86666666666666,,123.47439722820548,,37.926366772180174,168.0017067573208,152.00274038519072,159.76587456973445,140.8637506530908
2847,94.9,,123.65883408295852,,37.465426914763,167.6969027195817,152.28399944241824,158.65057283858468,141.62021625410515
2848,94.93333333333334,,122.78022436174345,,34.77776073029215,167.98827035323038,148.59135152996822,157.28083782931282,138.56057070822277
2849,94.96666666666667,,122.62030470659909,,34.14581315554039,168.33851508010136,147.71495779076204,157.89128368441644,138.46069948276687
2850,95.0,,122.00636381446921,,35.188252176120585,166.97930158805718,145.80576180763967,157.8404990565123,141.1340159178338
2851,95.03333333333333,,121.58329166835732,,35.678059633664596,164.2578246243463,141.70169109790803,161.3644038515156,138.33490491599449
2852,95.06666666666666,,120.61825118108214,,34.983787618803696,162.07679309275898,137.7231200118233,155.83274732376944,132.6392442929415
2853,95.1,,121.94171171396543,,36.1966326359463,159.47749985833698,128.58249632385315,154.3841783901484,125.17883570571783
2854,95.13333333333334,,122.31414025293654,,35.71307833030884,154.28703948709546,125.67825102984912,155.88002015985916,120.34480298991996
2855,95.16666666666667,,123.34194064746981,,38.37814958859432,154.9860432085714,121.05447456752745,152.37415061791827,117.59714092147387
2856,95.2,,124.46373198235865,,39.07214005044088,153.04690529533846,119.88337683152938,148.91204228987766,116.42251348175311
2857,95.23333333333333,,121.38585873519288,,33.31006725268353,152.3539357832481,116.98426310478598,145.7947859208328,117.52205985721098
2858,95.26666666666667,,122.93937708938424,,35.5157769643704,155.2831485673473,110.77036170777062,147.97412624418894,114.36744428696854
2859,95.3,,122.88263814462543,,37.087647647612194,152.25575776608792,108.2743484476923,152.51571135152213,112.6212980754279
2860,95.33333333333333,,121.9185360687807,,36.51727295699453,155.5493139765901,108.74674828682076,136.0380801842481,116.14913109799521
2861,95.36666666666666,,121.80002818411103,,36.94951519891636,148.60903982969094,109.84061329249722,141.26044566115402,116.83213475165309
2862,95.4,,121.28715393505081,,38.40760672324748,148.51908525875749,107.10301789514703,140.572623592322,114.31288297374637
2863,95.43333333333334,,118.69918363689757,,36.144762207311835,143.44239535544847,106.65767586261939,121.65284548854835,112.54663537857427
2864,95.46666666666667,,121.3570289161466,,37.38744896000774,138.78235275516582,106.1315809194743,119.04809122617249,114.69361327198953
2865,95.5,,122.66469278817524,,38.34409387478659,126.70833470435494,111.95371146148855,109.73722899719625,119.66592006665765
2866,95.53333333333333,,125.48003792679201,,38.937449664575176,104.15187760421868,116.05081864531287,82.92849551027554,128.15344549883852
2867,95.56666666666666,,126.51689209306987,,40.09646798834481,82.71093142235195,125.98195955091823,62.668615090062815,132.8363829509368
2868,95.6,,127.27889716203971,,40.59975443078304,77.40853880010285,120.7893520427297,64.57451610659703,126.76332866176243
2869,95.63333333333334,,127.32171581185186,,43.82055207528628,90.45638058125435,115.95216986563324,80.24389246530015,130.78527209860323
2870,95.66666666666667,,127.25883317345217,,44.27509178036612,113.10236855547498,117.16783530087528,112.88852623994696,132.9053487743996
2871,95.7,,127.97765528948771,,46.4420384988774,111.849299805528,117.44246475166895,115.01106693541261,134.46057938295013
2872,95.73333333333333,,127.14918677232998,,44.66892316708458,109.04294209166751,120.7577905082031,109.35949952268055,136.166950935484
2873,95.76666666666667,,126.83566092934353,,43.954080103903955,107.6328462743149,119.30538238706905,107.30670696581986,135.1372991906589
2874,95.8,,127.7813234478748,,44.444017734575475,112.2238813346934,119.24567682283401,113.96404259921734,135.2852592388661
2875,95.83333333333333,,128.81475282379702,,43.8398834297118,106.9764916209146,119.5767908996029,105.95831142764291,136.5878502064192
2876,95.86666666666666,,129.49583248479726,,44.359664825569986,111.56200309771592,119.51494459429547,111.3149934009107,135.3915030590117
2877,95.9,,128.50658119315153,,45.318421781051995,112.26418483036123,119.57099053026239,112.39220276170309,133.42097181512946
2878,95.93333333333334,,127.04045394644608,,41.42748929119098,105.10938078805675,120.5192690061708,96.45920435155435,133.15328159708878
2879,95.96666666666667,,127.24493876404804,,40.88972378457123,79.82024690891922,120.11661964423244,72.76446883134261,132.9496705857443
2880,96.0,,126.17943891332692,,40.39101703246421,98.04943775424846,119.46899064822287,84.51510104572755,130.75744614659072
2881,96.03333333333333,,125.62886870139756,,40.58416048357588,105.980980442524,119.82321928229561,88.55843024583162,128.91612411068104
2882,96.06666666666666,,125.7277599481047,,40.60507206950243,122.55617183512065,113.48775773930085,107.25546493872216,124.64873473967177
2883,96.1,,123.30342122182482,,37.66123850929328,141.8125071338786,111.79466606112237,126.88205156891028,121.62174862090072
2884,96.13333333333334,,123.483267892099,,36.25657065851694,152.24875314774715,108.470919505995,137.8338005632979,116.85373077985918
2885,96.16666666666667,,122.24302664919577,5.109132393270704,35.14669651574609,154.66424979616133,102.96345230229356,140.43066661545478,111.40648617775291
2886,96.2,,123.33469846113856,4.77055585289525,35.89932949865529,157.29011995919504,100.84290984611317,143.63905921517858,112.95298519481388
2887,96.23333333333333,,124.45196850066266,6.987755384319462,37.60087569900222,146.73391006768924,103.94337789074035,122.2916081474912,117.49690947431384
2888,96.26666666666667,,123.83737864757335,7.2628874052883745,37.28887520660841,159.86721253436474,102.38694048146402,142.95178018364348,111.89375267119163
2889,96.3,,122.85956738131274,8.053831948169197,36.31482346328713,163.90573951744128,106.72681472608997,138.24298605740648,114.35085396366833
2890,96.33333333333333,,123.90371659088137,12.531624611188771,36.64503517841941,164.21219200066096,109.17978437764141,148.5796877379735,117.16415750744387
2891,96.36666666666666,,125.3781678428002,12.101305303500306,41.54065363563645,165.01271431915416,109.7479513399276,151.48812668684963,115.28391123262136
2892,96.4,,122.45809415332381,14.608714871063384,38.88169295659344,167.24271351126913,114.85527780264967,148.59454054961844,118.29941684180987
2893,96.43333333333334,,123.95520635098087,15.067414202199437,34.7933963899847,165.755587487072,120.16683294008469,152.59561201752453,120.49547486318983
2894,96.46666666666667,,124.12293546929038,14.81811940900484,34.65815321376266,165.48166263890818,124.02559473679331,153.59948073705593,122.98710997265003
2895,96.5,,123.20839968407041,16.830923100773123,33.48524122684387,167.84838745413668,127.45002694853693,155.30849613317818,127.14734421419851
2896,96.53333333333333,,123.46664227262097,18.58189418017462,32.88878456953861,169.44691592430647,128.19993718683784,156.62027234749516,129.6547662701569
2897,96.56666666666666,,122.74443449157185,,32.89082717314159,171.0673579746249,128.7606245343393,155.18966831929131,129.6943887528104
2898,96.6,,122.65743787136732,,33.97450149971536,170.525933297864,127.28478016097722,155.035674961093,128.68245977577013
2899,96.63333333333334,,123.14660738164119,,32.759814248061765,170.80092709910153,135.1070927926489,156.49536626694413,134.2822632406417
2900,96.66666666666667,,124.14959321881852,,34.99395005198543,170.75199818541756,133.89342141943808,155.96064213097824,132.70164836542986
2901,96.7,,123.46453389266638,,34.51905730052782,170.72345281176914,137.13170148867428,153.57654396937454,134.8193854235512
2902,96.73333333333333,,123.00946003466534,,34.437847778727914,170.98034602592065,137.504839199372,155.6240102471858,135.00280829310472
2903,96.76666666666667,,124.1571869123029,,36.028708459519834,170.45479725057666,137.73334471386866,156.37604057135468,134.95571198857158
2904,96.8,,122.81420106676113,,33.63214478077777,171.78075785658407,146.7333855272754,156.11216373914573,139.70036397294032
2905,96.83333333333333,,120.80498027940126,,33.558866677057885,171.0179038494752,144.97839154151114,155.43216232381363,138.3574543805224
2906,96.86666666666666,,120.70386168632201,,34.03233641012585,170.90496322730814,142.80527980834725,156.8438984549674,137.33778831347834
2907,96.9,,123.11745839241033,,40.25259618930983,172.42994555641044,141.4002636575842,155.05096091390473,136.67205067952193
2908,96.93333333333334,,123.9593802705926,,40.16413309742043,171.13243842835686,140.54003276346563,154.4153618460001,136.23956194609065
2909,96.96666666666667,,123.82396549154575,,39.55705936093945,171.97990415867787,146.2442072974208,154.5493904145208,140.79732420797527
2910,97.0,,123.58824857823842,,40.087960669938994,172.326874085217,142.98937732587171,156.97488685905256,140.60398991720243
2911,97.03333333333333,,123.37131957689573,,39.797456896008086,172.56733142294186,142.31750124523157,156.63529641639047,140.7191002248243
2912,97.06666666666666,,124.03023896437847,,40.46740905142805,169.567754767371,139.9331779637396,160.36856853527058,139.16837116334523
2913,97.1,,123.30885278382422,,40.09521002518974,166.92372612754562,143.4279942228359,161.0872950789038,139.296835801117
2914,97.13333333333334,,124.25886466063153,,39.8377310902669,167.33056766700548,146.4877525435933,159.94240805809534,142.7037969748708
2915,97.16666666666667,,123.81813571680146,,39.70490226816525,165.88171468515108,149.12256480133976,163.697762252779,144.15564010159457
2916,97.2,,123.90298945630192,,39.27458776060057,165.96768863720945,149.47102423390342,163.64348095264836,143.81023922411146
2917,97.23333333333333,,123.96418620145667,,39.89862946515215,164.9679840332783,148.7474658486376,163.83138919732207,142.50120182046427
2918,97.26666666666667,,124.17406199654886,,40.94432502593927,164.57800295764676,148.29390662388346,164.17263298008913,142.5658450909068
2919,97.3,,123.93104608544078,,39.41655141103149,165.69022722476984,149.0164183013057,163.94289820769217,143.8404941600667
2920,97.33333333333333,,122.75077843410027,,37.35644093988638,166.03484339587638,149.28423621104685,165.26924867007858,143.92619177540072
2921,97.36666666666666,,122.32246169510573,,37.252344586406586,165.4579593665682,149.98294724286086,166.3716745370219,144.04131199175393
2922,97.4,,122.76704776202172,,38.749782273435336,164.76553695796463,149.89147708520784,166.93421731016684,143.04571837642166
2923,97.43333333333334,,123.2922049805068,,39.17815162166058,165.72268358610845,149.10426476594688,166.51229594892462,143.40130254311308
2924,97.46666666666667,,123.46730322849156,,38.52878860179757,165.35021488990583,146.3618830103096,166.41459329543363,142.85583151149754
2925,97.5,,123.265735658939,,38.1968288223274,164.363598292355,146.718613091666,167.1398627076099,142.46705621405917
2926,97.53333333333333,,123.21680175916035,,37.87755393724159,164.2274810289134,146.57318668448113,167.28072887645428,142.03450939377353
2927,97.56666666666666,,122.71581145303605,,37.42565745577475,163.43694046456656,145.8407892178964,166.49866752245282,140.2312676069374
2928,97.6,,122.36307347280353,,35.55378313970043,163.40314338856194,146.24536055655247,166.74793409862826,139.92044011674227
2929,97.63333333333334,,122.32589691257768,,36.019494759043795,163.19097788638516,145.2876483229448,166.74389920048966,140.9054525267796
2930,97.66666666666667,,122.64126089498804,,35.711470747270525,163.42213871413432,148.00893166593468,166.53897453657018,143.35347936296446
2931,97.7,,122.64326869735427,,34.86196148626048,162.1646886048504,148.63408334985024,166.9046478420131,143.5327367148735
2932,97.73333333333333,,122.23868494468368,,33.88754240006779,165.07426462751255,147.35261007954998,165.41740660731674,142.2374024117881
2933,97.76666666666667,,122.71114015416512,,34.87727413798846,164.2099904365854,145.51384598908572,165.73244142468675,141.2195285572518
2934,97.8,,123.0283232096873,,34.87677762848855,163.85344963228857,145.25078423795483,165.91705522854247,139.675793541982
2935,97.83333333333333,,122.91628779498645,,35.19654879754798,163.26940743055152,145.92000372592463,165.83834476368514,140.29510346114463
2936,97.86666666666666,,122.9581512431575,,35.37979116959349,162.94098303419779,146.37708706719408,165.77850672533103,140.68167360098397
2937,97.9,,123.2978343378344,,35.26185960173077,162.76249546042678,147.74106901748965,165.96765338110305,141.7743608909722
2938,97.93333333333334,,122.32045769328619,,35.50891582188997,163.5073648322082,149.8169769537741,165.59602977565143,143.23032399937986
2939,97.96666666666667,,122.1566113518584,,37.40318525528997,163.46093438734025,149.5720033855431,165.5466172281087,143.23869494691033
2940,98.0,,123.68878039393603,,38.224463399455814,164.39195798613713,149.38602646328306,165.64171206926252,143.52783991938728
2941,98.03333333333333,,124.59384780636334,,38.896155954975434,163.23853352848627,150.110942280492,165.57810388582254,143.6401489393843
2942,98.06666666666666,,124.84205792390067,,39.87223933140054,163.09656040328343,147.86072919469936,165.39489448521448,142.2586545291086
2943,98.1,,125.07261098009332,,39.95924347579421,164.54181454425998,148.54888850856076,166.14506739256518,143.7375997650099
2944,98.13333333333334,,124.76086232958907,,38.2831708881704,164.75134334483022,150.7504316717692,166.91016648669432,146.28444487776852
2945,98.16666666666667,,124.48432877000418,,39.165164425690264,163.2172556567996,150.7217092787192,167.21682643017465,146.0488708573173
2946,98.2,,124.54788648687817,,39.19995982875164,163.35666876578264,152.4145665975994,167.36345554197555,146.8795119275798
2947,98.23333333333333,,126.47605213903388,,42.567643480773995,160.2963239532712,153.14860252981484,166.83566971947545,147.3962655283129
2948,98.26666666666667,,126.51443672245409,,42.291149184468566,160.7667660645926,150.3945283929945,167.48202794685835,145.2141066522122
2949,98.3,,125.50050192145135,,41.394826908077654,161.27413137742283,149.27648564404194,167.3576158103355,144.58558807270026
2950,98.33333333333333,,125.98281240553867,,41.345857967308255,161.8537085643179,149.89786340175812,167.68933320992065,145.20494533507815
2951,98.36666666666666,,125.6301462687455,,42.34243032237986,161.64567736025083,148.81632331893255,167.43934225019134,144.9002479429464
2952,98.4,,125.99686650659615,,42.75479245969342,161.7181424119914,149.544901885292,168.06325995876782,145.07601116391402
2953,98.43333333333334,,125.53514962178104,,42.84730974186161,163.25600688868803,153.33932369527608,166.45966716327365,145.6251850818299
2954,98.46666666666667,,126.00143662921171,,43.252508678029706,166.06977752744353,152.93082104044257,165.65327098498926,148.83995120492975
2955,98.5,,124.8629113577276,,40.49518864105478,168.28900019709556,150.867374006982,166.3296535807249,147.05582047899873
2956,98.53333333333333,,125.3358211192805,,40.22631354543156,167.29247241607163,152.97108839417288,166.61493003892687,147.55726400430967
2957,98.56666666666666,,125.89154855002535,,40.258988174357114,166.06466787456034,154.1293786616191,166.3274228434267,146.96200754881406
2958,98.6,,128.1764171159847,,44.70921741680695,166.12128432114312,154.7446874626686,166.13148562238243,147.9139360861974
2959,98.63333333333334,,125.86691393862783,,39.50195540561979,165.31651966113142,152.81667136039331,164.55644263712117,145.9074867511676
2960,98.66666666666667,,126.00935610425738,,38.907371471607576,163.9848923690516,152.8108062530057,161.91702562847976,144.18607213155124
2961,98.7,,125.94545270741142,,37.845460038289566,166.30784180106812,150.913405014492,158.8354634854508,142.32293690296063
2962,98.73333333333333,,126.17279205522983,,37.10309043073161,166.12641564033618,143.20273458810388,158.50162132640767,139.3899629820596
2963,98.76666666666667,,125.64131254228765,,34.83671528034035,164.68329153810586,142.31244349282366,156.45136820456406,136.88839931145807
2964,98.8,,125.71506403947551,,34.2491029706334,159.97140344061205,134.03798967404558,157.7113113578967,129.28309953174193
2965,98.83333333333333,,126.59304920386829,,34.320534676663435,156.6346822297499,126.55608614630191,158.6531097891086,122.29095580461647
2966,98.86666666666666,,127.33920400373715,,34.908567054973105,156.27812968612,123.60470328501123,154.8345191395145,119.70358487881073
2967,98.9,,126.17116163632889,,31.164279250345825,156.86496940437866,120.4342333568163,147.35310674134388,121.35633378490758
2968,98.93333333333334,,127.54831773137488,,32.443315367273115,152.5879208486884,118.84701434327145,148.27358015752068,120.21094961018699
2969,98.96666666666667,,128.29104688129215,,34.044469807317725,159.24373512515663,113.6344755159296,145.93363913278213,121.31575332679104
2970,99.0,,128.56314856270413,,39.981906154690435,148.95772476839034,115.77180028170818,148.58846776291236,120.13925685568637
2971,99.03333333333333,,128.5783235421088,,39.423887937879364,147.305199683923,115.95064308771302,142.83996816193957,118.93738455287807
2972,99.06666666666666,,128.5034225801328,,38.38226601869041,138.22885288390682,114.52858818036039,141.98641744300193,118.79096947158607
2973,99.1,,127.74073577787154,,37.77111584867728,140.5955935937948,114.89842238999253,141.02715135718998,118.04605027862691
2974,99.13333333333334,,128.51883777774745,,37.73845399024532,135.89243035890286,115.43743686125819,124.08051592888847,119.46406236659456
2975,99.16666666666667,,129.04504945398708,,37.09295248950378,111.94265812070226,121.62005194714119,84.96160871258266,126.36578560688945
2976,99.2,,130.4425137789831,,38.528659642753055,93.85437916543923,122.82461218285448,72.07074756285769,128.1144086663566
2977,99.23333333333333,,131.14994842400895,,38.33679277508617,90.49035212850441,123.4134682874926,64.79605914734258,134.72866573940982
2978,99.26666666666667,,131.25191923540766,,38.21350141340131,96.28899240268741,123.07144690146929,74.29418035134049,133.21333789993005
2979,99.3,,131.11739477764203,,38.28096764536388,94.48159778992076,122.57362890597304,70.85411537873443,132.65648635281886
2980,99.33333333333333,,131.28280729067544,,37.845808414255345,108.83685691275623,121.4667507330966,84.73892377938678,132.36658100716252
2981,99.36666666666666,,130.97272990758663,,37.242767825309826,85.01216618506841,126.50270628043178,55.68735877166077,133.60316749234198
2982,99.4,,131.62900869721918,,37.06383083374079,93.44598307696029,125.8025852085133,65.45432307492933,131.06764079200352
2983,99.43333333333334,,131.34714118270404,,36.636051556094245,93.00459306566745,128.80072233967726,62.99984893272731,131.22524794100983
2984,99.46666666666667,,132.27373696326606,,35.50744972579845,104.9907726225094,125.89079201426233,75.35900225927733,134.92090091627225
2985,99.5,,131.66531493611382,,34.80760092027632,93.14616496588535,124.67101127137448,62.40130762684729,132.26068842379325
2986,99.53333333333333,,131.4285946012841,,35.58042869762134,134.3293098731165,120.48045046154147,125.05334510963591,127.04721409535604
2987,99.56666666666666,,130.16841757059194,,36.70632904034607,126.1116249870938,110.46134547437367,107.99849861103668,121.48683093977525
2988,99.6,,130.85811178290058,,36.95624093840609,130.88430419830516,113.04514827207632,127.49714921814997,122.88832995566185
2989,99.63333333333334,,130.53125713926258,,36.73717116739902,142.11141600031814,115.126010508115,135.24443839359208,120.05803578129466
2990,99.66666666666667,,129.80235741488244,,36.167739745823525,146.53666805376992,114.47207874779627,133.53674199900814,118.36572667073773
2991,99.7,,128.6579855587352,,36.32225641013797,146.0571434872967,110.77031390497194,143.5689565698914,113.9495880065029
2992,99.73333333333333,,129.47929677537968,,37.74829990704966,150.82889322680796,109.06332391177747,143.8044375309129,113.05451872386446
2993,99.76666666666667,,129.37138597454447,,37.5823697237719,151.87089123004816,110.6337269453401,147.1476828178499,113.43723921306197
2994,99.8,,131.64585190983925,,40.104844606598746,156.08634794944925,113.2172120024246,142.15295209436374,119.03440648875112
2995,99.83333333333333,,131.51616856419693,,39.774337778092935,152.71030749344274,113.6447954928669,147.37707778700326,118.50323948503504
2996,99.86666666666666,,129.42128734866807,,35.31849941728475,155.60261876920964,114.43661013709637,148.9742262666729,116.32745264365055
2997,99.9,,127.43701933620311,,33.311129702971186,153.2364533150953,112.75582922669517,153.86025963195468,114.14750339426412
2998,99.93333333333334,,128.38442338169912,,33.00552502969517,155.49901188121885,116.95930411795555,149.429719362649,117.95673715996607
2999,99.96666666666667,,128.62804353662813,,34.68874626165014,155.01620514527792,119.19922950597284,151.91693526586832,117.41337764869725
3000,100.0,,128.42960218245042,,35.0460837597831,154.48219596511805,119.41740562264762,154.29459426277126,117.3768728413234
3001,100.03333333333333,,128.45798395335925,,36.60508860580564,160.67130345518,121.75516972498242,152.05626231467662,120.72395131641714
3002,100.06666666666666,,128.11909704200437,,36.48747388060671,159.4391382267898,124.36991009283057,155.92590017510764,122.09552587873385
3003,100.1,,127.23601957942071,,35.39869007670766,159.6149405968846,127.6422786710229,156.44045777972138,123.77791745534095
3004,100.13333333333334,,126.91642805757981,,33.938810809384094,159.94105099470718,130.89488909192175,159.47887450336032,126.92925896940737
3005,100.16666666666667,,126.80232429681061,,33.771245660993436,162.51630334781711,133.6066962618289,157.85396314418614,129.8480104003467
3006,100.2,,125.73471591145993,,33.556988581255446,167.47118710404393,131.81814089005871,155.05788104458404,128.55340138883415
3007,100.23333333333333,,125.352821578802,,33.84133786375166,169.25438597465697,135.3515506633796,153.82755067534688,133.2356888280048
3008,100.26666666666667,,125.70742855626871,,33.17995037414746,170.63706307097553,139.40172080506653,155.7467140679686,138.58020386282035
3009,100.3,,125.2320280856117,,34.189161162878314,169.70962566600647,138.19196563483797,156.80841000295942,138.10329770821753
3010,100.33333333333333,,124.9907598489682,,33.05300074070373,172.29606114676474,144.73248818976452,156.97298863418783,143.13772194998245
3011,100.36666666666666,,125.24367998217016,,33.89116918893953,171.35058381870104,145.6250712885841,158.1839167236636,144.206089586774
3012,100.4,,124.95675473070946,,34.076509304239764,172.49716059145226,143.96881282880923,157.27953984207025,142.55273432573964
3013,100.43333333333334,,125.16868387377929,,33.87747832213061,171.7782268744178,146.87724573602893,159.98307769565383,144.26248725532733
3014,100.46666666666667,,125.03220174347408,,34.31406205576989,172.5220524004758,150.19632215638205,159.2015148463163,145.0364489769057
3015,100.5,,122.84349082476538,,32.52376432291069,173.24055204928322,150.56283465080762,156.40857882690588,142.7969122648463
3016,100.53333333333333,,122.8630318379529,,33.163116958264325,173.29320615700308,150.04084540100024,155.6588800847489,141.98755460783659
3017,100.56666666666666,,124.5782675981952,,34.544875651146675,172.27639068569135,154.11785790480081,157.11187906756342,145.15776441713163
3018,100.6,,122.59360167824478,,33.14353660129755,173.07028908915152,151.9696192694744,158.05683157280885,143.99420418318857
3019,100.63333333333334,,120.98540522157415,,33.1284508582442,171.59951065334542,150.0583002820117,158.49896900431784,145.66293609532897
3020,100.66666666666667,,122.95570383442083,,33.6608081633404,170.65561698208174,143.12962340368966,161.05457587541437,141.262573426041
3021,100.7,,123.0687287555108,,34.23514684335027,169.22554175561876,144.05372875228662,161.30915721835578,141.06894852583088
3022,100.73333333333333,,121.87868501922038,,33.81277988015024,170.03634257427015,140.53113567999682,160.4449474585704,138.49310891506417
3023,100.76666666666667,,121.55569564087891,,33.84107115596104,170.3111698832998,140.8263215569724,161.11831568471888,139.35114318674192
3024,100.8,,121.82140295234893,,34.13824124472753,167.13924497185303,142.0892620109754,165.04817055534335,140.42822757178592
3025,100.83333333333333,,120.95115423779183,,32.937058957233994,166.70032095507642,140.95032303674574,165.68512441318188,140.69856078418485
3026,100.86666666666666,,122.5272028265916,,31.86208999443776,166.60716336104258,146.01358164131003,165.94461564694595,144.42606196620812
3027,100.9,,122.27608755594663,,31.984667161762868,166.12902448233353,150.52505050128624,167.17209784849146,146.60781937329094
3028,100.93333333333334,,122.0110852622002,,32.33254136215466,166.97244942786512,152.2181849603623,166.31790818948193,149.21960521985
3029,100.96666666666667,,121.79761357548367,,32.35963353030067,167.07096972439768,150.71406940521496,167.18807408642647,147.46938939173194
3030,101.0,,122.83514585084667,,34.207594794827614,167.2193893450712,157.42087764440004,169.39509565082227,154.0944927393584
3031,101.03333333333333,,121.3674561226938,,34.753707170938455,166.11647651611096,154.40228275321664,169.69116682134873,151.82323041447412
3032,101.06666666666666,,121.32825779760272,,35.24765715400347,166.5923606807931,152.98974227479727,169.65868260779115,149.86206790720024
3033,101.1,,121.65821270976194,,32.67979548508114,169.51407991589056,153.7651638089564,167.10948288242463,148.7399886643876
3034,101.13333333333334,,120.04470912144384,,32.736466941582535,169.9472301037373,153.40577697886462,167.41452854951956,150.63277484543337
3035,101.16666666666667,,119.50339980818273,,31.822658559172,171.81355080495592,153.77613794584988,168.9382592797129,151.90342569570322
3036,101.2,,118.92342250228523,,31.876630254614206,170.95589383749328,152.52657800288372,169.9091468471191,149.85887284884626
3037,101.23333333333333,,121.75526690359482,,32.36629892183338,173.1412953194272,153.0387022186267,170.73376553305508,152.07091321950134
3038,101.26666666666667,,121.06640279800963,,32.62958253476255,173.02196960687633,153.4485187969619,171.21685615632424,153.38663183340785
3039,101.3,,119.74002983592538,,33.125979501567436,173.98072209223318,151.20233236827326,170.1424184939493,153.42518339545578
3040,101.33333333333333,,120.17958428392627,,33.62297976722366,171.68154010227883,146.0288978930702,171.4075473488339,151.64217388332648
3041,101.36666666666666,,120.8736117594507,,33.22528993492286,172.60606530372334,147.86691204545335,169.8571832449921,152.8740634371887
3042,101.4,,121.53094338981515,,33.9349557502628,170.9305198454536,150.54360540186815,171.25726285036737,151.92275522965448
3043,101.43333333333334,,121.5064993643873,,34.02153020688307,170.70363103939764,149.89647283094874,170.34199863301632,150.77405961077784
3044,101.46666666666667,,120.82486814035121,,34.3308394671146,170.1645468549654,150.16071832844855,169.8461977008199,150.6174731630584
3045,101.5,,121.36312714501722,,35.15112827153524,168.65832905555803,151.32573934525482,169.7635968406006,151.3238660991938
3046,101.53333333333333,,122.19641045228578,,36.77718374097686,165.46208421155498,153.85267437641144,172.75179552880002,155.5192870965577
3047,101.56666666666666,,121.87672349267723,,36.274365498871646,166.8201698344979,154.94023803178587,172.08718046031476,155.86824419022605
3048,101.6,,119.9887665060964,,37.091444756972,167.43697795411,149.44207276784107,170.6127941480463,147.6584078357629
3049,101.63333333333334,,121.84201793138826,,39.27095683923789,166.72589367950877,151.06341510629085,170.62904419591624,147.9628982017193
3050,101.66666666666667,,121.82053590575903,,41.257853573470086,167.23336663434415,148.30050298955894,169.13775384965962,147.2102601946859
3051,101.7,,121.22373031313055,,40.775945370752204,167.5352848524046,147.76834761281066,168.1335282334029,144.96972462910887
3052,101.73333333333333,,121.92784244921747,,42.89924810533497,168.1636604213722,147.58591206164724,165.5425104440173,145.18941785040423
3053,101.76666666666667,,123.42922501235482,,42.46913504441237,165.6322777955741,149.44997888803533,164.16360029513433,145.1128633383129
3054,101.8,,124.26465826670454,,44.397726416501605,165.85245575168426,147.52552002420848,162.9514540824325,142.94691578157835
3055,101.83333333333333,,121.34002618859421,,44.55815898913162,169.49013697132398,136.58203671890996,161.070564561376,135.83196988006313
3056,101.86666666666666,,123.09860725108189,,48.48419547725189,167.10330030244404,137.52118575814137,163.23167684893568,137.41128948918106
3057,101.9,,128.08545915327036,,54.8464014056283,167.0240537482122,138.87585114490412,163.85747785681207,138.7923816974114
3058,101.93333333333334,,128.676778558333,,53.917065792475285,167.31698306488678,139.88697654920514,163.6228441686931,138.56498343810566
3059,101.96666666666667,,132.13974130892714,,56.17544578052545,167.17534471805052,142.07939022236405,163.93991544330436,136.76630659309507
3060,102.0,,132.89971598983493,,57.23962087604366,167.20259700912266,148.00040178224134,163.98912711427977,141.3959439027816
3061,102.03333333333333,,134.68715893536853,,58.46014510847643,165.41116063055756,153.399396560926,163.50034880672845,146.5093066077205
3062,102.06666666666666,,135.99700565339566,,58.78980659044278,162.42761198656794,156.08649718478665,164.94364132427623,150.12607947852862
3063,102.1,,136.0437369083015,,58.370636852536016,161.97907396372736,155.82014474969526,164.8027280022497,149.15429376276091
3064,102.13333333333334,,136.5701462063285,,58.84036249490082,161.84310189642883,156.109904368468,164.49012919997878,149.22309108256218
3065,102.16666666666667,,136.81908817240932,,59.315021678442335,162.81835792154004,154.73938383951057,164.3254122256708,148.77754073475307
3066,102.2,,137.23389345374338,,60.26092730321497,163.3580793908045,154.041383896989,163.8548248475798,149.0497364766088
3067,102.23333333333333,,136.64252208931882,,59.37857236874672,163.53034219216988,154.15764473358905,162.47831466247038,147.67404506210673
3068,102.26666666666667,,136.21117587719232,,59.54071980833482,162.7541687005801,153.93208072685204,162.71241347753156,147.78239634378883
3069,102.3,,135.33177638155198,,58.6016689907445,162.64397798471802,153.52195567948218,162.84884281549228,147.6467941446718
3070,102.33333333333333,,135.50086115985954,,57.587860392935134,162.29184662695786,149.33485093457602,163.20701100090184,144.58139122125127
3071,102.36666666666666,,134.7864429467857,,57.32713142433967,161.54827701137026,149.48480642214557,165.0026263473156,144.72746576299514
3072,102.4,,134.1563075684967,,57.492388529768924,162.85569764434234,151.25456287403836,164.40656655849563,144.33680847605862
3073,102.43333333333334,,132.70417213155955,,56.574310126424145,162.80939545028372,149.3835401887068,164.78500164158316,144.0701146435902
3074,102.46666666666667,,131.91550750592387,,53.2711865485956,161.232359881038,148.28235289908147,166.51053793532697,144.46591134493548
3075,102.5,,126.94862564943148,,48.33779994079401,164.85732085370495,142.53849974202086,167.2279282755375,140.69530586731997
3076,102.53333333333333,,125.72763347315,,46.324946933847826,164.13613320485496,142.22202795037788,168.1171584029828,140.8149189465818
3077,102.56666666666666,,122.70246449962725,,41.70530455881713,165.75370311081977,141.6264159391307,167.77929685405797,140.26848320086307
3078,102.6,,121.66900951787329,,40.66694753609442,169.6259798893649,139.4665808036008,169.7663380342956,138.12547376349778
3079,102.63333333333334,,120.81143037558256,,38.385916640020554,170.911506541908,137.64080223537388,169.80849394721344,138.35028689502732
3080,102.66666666666667,,120.11503655330215,,38.39519623590017,170.12357864298355,136.37358689743238,169.28802460180327,139.18814467246264
3081,102.7,,119.7084720332514,,38.28061741970722,170.18596756936284,137.48464354407963,169.64030840941615,140.17817049144105
3082,102.73333333333333,,119.04811247751353,,37.98629147063141,169.26499706629406,133.07681983673552,168.23249521751598,137.54818849978344
3083,102.76666666666667,,119.87287905522857,,38.73993529763859,169.29998502392124,133.15879494192805,167.16881950802482,136.54521902286297
3084,102.8,,120.57087289933193,,40.85025706105865,169.55038019380714,132.16332482984294,166.92664476032212,136.4032057254148
3085,102.83333333333333,,121.00336106103532,,42.38300989447103,169.63112179420182,132.159503916433,166.47706494589045,135.7777925465664
3086,102.86666666666666,,120.92747296651129,,43.476582148839945,170.07172209988383,132.55656854220555,167.044914451259,137.22841262935117
3087,102.9,,121.11577271761247,,42.365080081978626,173.04081634567973,133.11287725175885,166.30391144876285,137.38208088424702
3088,102.93333333333334,,120.95019370959984,,42.64020643421962,172.6273932434087,134.16639343427357,166.55815797255917,137.56164933210962
3089,102.96666666666667,,120.88225598134633,,43.610073248752656,171.96059637441283,135.56372543849488,166.14596687162248,138.07949545058867
3090,103.0,,121.06075448072764,,43.073570804899134,172.32579556421544,137.03621848388963,166.24155354511714,139.69446550686433
3091,103.03333333333333,,121.72880330276742,,42.51767226315593,173.544497831374,140.6677572939192,166.14735664497488,144.11777914962695
3092,103.06666666666666,,121.9639836010029,,42.73155838572611,171.60649300763478,140.02405453749674,165.74464894752745,144.22026025211483
3093,103.1,,123.27209949227017,,43.88237747789768,169.82043973999214,141.04248903427995,165.83945326828785,144.19017837113407
3094,103.13333333333334,,122.73019758725961,,41.80833717376057,168.54271625202853,142.92257213388942,165.2734926229956,146.48852894809153
3095,103.16666666666667,,122.23490747690582,,43.187669529589925,166.9122765273512,144.74336165674345,164.86234153762078,145.83107437556032
3096,103.2,,124.94918226123644,,45.266294377465535,165.44173715757188,148.5380644787885,166.08566448948486,146.95800893013563
3097,103.23333333333333,,125.92724120840835,,43.12158530297357,165.64329010181277,148.28305419781728,165.9901825209599,146.84584206954742
3098,103.26666666666667,,124.62818378602289,,38.91568346962382,165.11063097382336,149.0668733477577,166.33793647748362,147.26641854544854
3099,103.3,,127.1628929812803,,41.72236179312342,162.9210841593244,148.03833939311053,166.451622370022,147.33782543335718
3100,103.33333333333333,,126.5172411327502,,40.764021276842406,164.35419472940555,146.45090769066965,166.2953724477178,146.10061170795493
3101,103.36666666666666,,125.92639000411809,,39.389891260473455,166.67199602446593,147.40040467562284,166.2278486225826,145.77706620209602
3102,103.4,,125.64065312855494,,39.00525397093818,169.18535486101032,147.8807983298914,166.5226628187492,145.89037383885804
3103,103.43333333333334,,125.72068859462739,,40.3319831306185,168.45459988834335,144.8353975515953,165.78559777448592,145.84497519725682
3104,103.46666666666667,,125.2122952913347,,39.05532190319677,170.0847626691786,144.79585979041138,166.50457425637518,144.90215477327413
3105,103.5,,125.70787596014713,,38.931444487646466,170.94475007816,144.46176575972206,166.63114411108532,144.37140131286932
3106,103.53333333333333,,124.98485839190259,,40.935296131691786,165.3452813040862,142.14922697348538,169.72072885769487,143.01736534767426
3107,103.56666666666666,,125.5137990050429,,39.70451223552604,166.57583838516774,146.57613935841871,168.94242747460996,144.62574500329305
3108,103.6,,125.42241131042344,,37.820733294638536,167.2438843697663,148.60760016924002,168.08584242439667,145.24546287577357
3109,103.63333333333334,,124.53722607379262,,37.553389746439755,168.43967294361224,146.4413312417547,165.81599966353838,145.36459341924242
3110,103.66666666666667,,124.50582211847079,,37.89751905081229,165.00150148009502,145.43247900261338,164.81818662280608,145.89067656681112
3111,103.7,,124.86853125584447,,37.97928455067828,165.7763504437064,145.2516710133571,166.45493156094997,143.21657325524703
3112,103.73333333333333,,125.00557638941976,,37.86643953176341,167.38613620285193,146.89335527754858,163.78382962102194,142.06042589747597
3113,103.76666666666667,,124.22009862792667,,38.50710358146385,167.3103941784202,146.41711468385904,162.8979696755296,144.0363724342352
3114,103.8,,124.50053154334935,,38.21203338317223,170.35527420760513,143.9223003473251,159.9622422561163,142.34936478963849
3115,103.83333333333333,,124.33747776652918,,42.002778389935564,167.24525391558365,138.27596355980398,162.97301604452886,138.38311060838157
3116,103.86666666666666,,123.69140938885687,,40.47000807364593,169.12317990736113,140.93005254796006,162.04665565432944,138.1619531055103
3117,103.9,,123.76001536728577,,40.4668339231421,171.41875180826517,140.75419272107845,160.4050423510089,140.20229606127154
3118,103.93333333333334,,123.29746833782018,,41.541700664219434,167.65001716437135,141.75601049086532,160.48331035466813,140.87169355971545
3119,103.96666666666667,,123.58877190844593,,39.90329732761317,172.21337873164694,141.55007006780426,158.3058815553592,141.1041136931783
3120,104.0,,122.95743383108297,,39.66048596781176,175.1476804661638,141.15777308134582,157.08216240000615,141.07580074600114
3121,104.03333333333333,,123.58638070104082,,39.526713138498295,173.93010537719059,144.50242795164087,154.38574882693112,142.3206606215272
3122,104.06666666666666,,123.71518171456742,,39.112078091748415,168.41979271196368,146.42521420958843,158.51477092700253,141.02175238916226
3123,104.1,,123.07717805279158,,36.55780564228386,169.39795453112163,148.37650090950052,159.0484138759185,143.1829978846637
3124,104.13333333333334,,121.78826367560079,,36.79484967638958,169.33455396966158,148.64037136607723,159.44730273043376,143.30634414672218
3125,104.16666666666667,,122.32902451040165,,36.53139486892038,173.01009407232098,153.33456936971155,157.40853621590253,146.72152945796012
3126,104.2,,123.23640886265484,,37.42161967811847,171.60306354420413,152.06566467482725,157.97958403749496,146.23844759400814
3127,104.23333333333333,,122.33186458591815,,37.236947574451314,170.97913405125405,152.09869657540133,157.10107709599095,143.97671852784376
3128,104.26666666666667,,122.87011823972067,,37.263058677950816,168.64505214696908,152.1249514670064,156.54183515576102,142.90743269695201
3129,104.3,,122.8800692673431,,36.42194560895355,169.1823416471563,152.4749653307401,155.96074315111213,143.19584631882915
3130,104.33333333333333,,123.13029630927,,36.670788430890454,167.48414758442073,150.25602953612105,156.45318786467118,141.80486134363827
3131,104.36666666666666,,123.50649825963471,,36.29606338797751,167.7219694268912,149.5696951630768,156.65827155076147,142.84246146333714
3132,104.4,,123.40127213947684,,36.079514703149094,167.00159944317298,147.76458469130907,156.740504888245,140.5223907599449
3133,104.43333333333334,,123.56636323184024,,37.72349320157448,166.64795925856345,149.45488536738162,157.09583035398117,141.17639780775943
3134,104.46666666666667,,123.37537698436154,,37.51540414862054,171.58747692171352,151.03035412075462,156.21982665108143,143.0335087306116
3135,104.5,,123.15988316997154,,36.82572219451684,173.39759024602148,150.72614688300214,154.4804184311502,142.8980280644161
3136,104.53333333333333,,122.94794175317664,,37.21088634499079,173.3342094605089,150.33597681146256,155.00313516496965,143.35071716768496
3137,104.56666666666666,,122.99262658838558,,36.49153960896247,172.99048719345774,151.06701401259548,154.61356451100139,143.5167332201845
3138,104.6,,123.19230275521305,,36.916132722831904,172.31482649420218,151.40470502592717,155.22937291386376,144.14640699019688
3139,104.63333333333334,,124.01010202045613,,37.85148376554246,171.73941213515585,152.27174215686313,155.45123166345792,144.49363119005002
3140,104.66666666666667,,124.98978951076707,,41.615232344149696,167.88662228438622,146.26902132307583,157.60978367022688,140.8090523626673
3141,104.7,,125.16385893626709,,40.844908351117525,171.34163546552992,151.51636071965652,157.2661809523746,143.815365717974
3142,104.73333333333333,,125.73226134299763,,43.25154079784561,171.2178406971983,145.459774484482,157.33116930426928,139.64397153096488
3143,104.76666666666667,,124.65231160192899,,41.42159185501323,170.2394575150468,141.3738477420662,159.39457677135925,138.14524520652847
3144,104.8,,125.56727814597858,,43.07543099949308,168.86811494254977,141.97983151418632,161.17191531530173,138.87099272388912
3145,104.83333333333333,,126.14656866626667,,43.04134757015522,172.22070991113392,137.07537167257672,161.0358363881623,137.5709694571555
3146,104.86666666666666,,125.95777579196155,,41.78244195712847,170.01429071846377,127.24545676035444,158.44372828059016,132.04277209612908
3147,104.9,,126.56141528128244,,43.43567208684812,168.99390282729433,125.60898988786374,158.9900793818548,131.16543239947092
3148,104.93333333333334,,126.52919315361673,,45.00529650593558,162.874947280824,123.07135002908109,164.88143889386953,127.9883963624157
3149,104.96666666666667,,126.80315688354844,,46.349022127922495,164.06091473098203,121.52644521585283,166.42783135033156,127.83365965424842
3150,105.0,,126.59742537976537,,46.13945954861596,157.30163493113017,122.8287342527177,170.06380349516027,127.89177389868522
3151,105.03333333333333,,126.51610774619576,,46.914849070743216,157.37226154149008,119.73194181299081,168.36456984594247,125.80477207479123
3152,105.06666666666666,,126.9035099230832,,47.09784715369997,156.61921090298668,117.82868397495132,163.56167869141183,124.06842687176373
3153,105.1,,126.82324626866304,,47.31224977433107,154.01713781651893,115.61392241449128,162.72377339867262,120.6099665412613
3154,105.13333333333334,,127.27502001192323,,49.10941350874567,152.52260012707293,114.88502973046967,163.11198395685756,120.41855281062738
3155,105.16666666666667,,127.71689677464492,,48.69209615976979,151.93905892597388,114.1154566892808,159.1552877391987,121.69134959322915
3156,105.2,,127.51399085038675,,45.30072681097632,149.56099296882795,115.47784537578146,158.29896432313836,120.98011659024105
3157,105.23333333333333,,127.96170326613777,,40.10981005102328,150.78254251603698,119.15857140346668,149.2959901443723,123.98680361060897
3158,105.26666666666667,,127.90661863136626,,40.58939785928961,143.37170555507294,114.75671269200512,150.42168587119554,118.52112371506846
3159,105.3,,127.84701827709476,,41.55364730902471,140.4610089110968,111.8077457327862,155.62166216557168,116.70024931080886
3160,105.33333333333333,,128.37806691618172,,42.05249458338194,138.2158427867329,111.89639818594435,156.59355973564885,117.70818386023831
3161,105.36666666666666,,127.98175526789646,,41.21750052278739,141.25471372402177,112.96463485513029,154.10340113363867,119.96957744199649
3162,105.4,,128.48899477482036,,41.65368175097841,141.25330634978133,113.02657507982256,150.0395714078801,121.35332394705918
3163,105.43333333333334,,128.62423830846677,,42.94978431664824,138.98756574345853,112.6586872827665,151.54747971413687,119.86770379179345
3164,105.46666666666667,,128.24180374449966,,41.8539214795643,137.28112375060942,113.09149670839034,151.74155701000873,115.58004148724906
3165,105.5,,128.28859532477873,,38.900756739536085,140.29960998721955,119.47226722108473,147.57089558657594,123.24412998575261
3166,105.53333333333333,,128.84131353390967,,39.3055528931748,136.2544421059303,118.7241445109946,151.10530459888184,122.41353834484761
3167,105.56666666666666,,129.3219974463587,,40.93978720740041,139.17807532550452,116.72750737312289,148.82822561992984,120.97505508426889
3168,105.6,,129.27424538682195,,37.95779264182944,135.77847816986872,119.49186786232305,151.85876071398846,122.5206836036824
3169,105.63333333333334,,129.722872926243,,42.23755475154182,139.3630748003636,115.69910482440166,159.8915429365991,120.77559030695328
3170,105.66666666666667,,130.71169390877787,,45.65323530891595,,114.73565313293031,,121.21747741927595
3171,105.7,,131.01871191816,,43.20435503660535,134.89931004038482,117.10486937573718,,119.63837309867228
3172,105.73333333333333,,131.07116253934967,,43.35667708295533,,118.11644907167897,,122.62957772528729
3173,105.76666666666667,,131.34057854697076,,38.48374082096817,150.90838475366286,126.42825667469543,144.63651828219622,126.83419527659422
3174,105.8,,130.96649922492443,,38.21452517493942,,126.0589837492469,,124.53079342724665
3175,105.83333333333333,,130.56008622510168,,36.38247227534826,,128.1351826519282,,125.448044849202
3176,105.86666666666666,,130.8274410310833,,34.69942944232806,144.46604286143506,132.59265796053316,,126.42960544938079
3177,105.9,,132.22729788276507,,33.751809713851635,151.4735641289526,130.1211840792355,146.30542121916892,129.28099893454313
3178,105.93333333333334,,131.7051086052926,,35.501232981350974,151.8019163342966,127.7158072634106,150.91104411173404,126.81654995902893
3179,105.96666666666667,,133.39470049986383,,41.75163007250331,153.25014913323707,123.32722066011584,156.18672194387335,125.70483268135457
3180,106.0,,131.06924014417467,,44.49534777464756,150.7866090419551,117.36781562087334,163.78549936381177,121.3943244971416
3181,106.03333333333333,,130.98257314356684,,43.802874682261866,147.9795886104029,118.73110828316443,161.87816629612726,121.56924991810011
3182,106.06666666666666,,130.88590048911246,,43.38340887727494,151.49554967414994,118.45281002665827,161.71578686554352,122.09954008357929
3183,106.1,,130.85382792665132,,44.261915585021995,153.85118462891205,119.50424637857324,163.70337216130636,123.93617604124202
3184,106.13333333333334,,131.54715524371753,,44.41874592238608,158.74943312472487,123.06932792403754,160.70607320295488,127.53495024021404
3185,106.16666666666667,,131.48009294459052,,44.2661485812406,158.9560023315978,127.8606950749414,160.8235732585022,130.88058054501417
3186,106.2,,132.117949278335,,44.412689919644066,159.43085169954466,130.07529715183327,160.8667039030198,131.67345109814462
3187,106.23333333333333,,130.64020622247452,,43.59126688483189,163.8600734733452,128.96399237979165,158.9024388501761,130.54515237692365
3188,106.26666666666667,,129.70535885727892,,43.397858556944726,167.2014137261408,127.46901832274678,155.69685454290155,130.8931802781537
3189,106.3,,129.31666310327503,,43.405657514579076,168.21830094656653,127.51210486527945,154.84373253099903,131.7453208607166
3190,106.33333333333333,,129.0994790761264,,44.53878534854201,167.7658695445875,125.45768901783734,154.62339056998587,130.2276275913331
3191,106.36666666666666,,128.96986885420287,,44.129341443066295,168.4591526389997,128.21324701194382,153.8123402791865,132.12686617702983
3192,106.4,,128.80982578511984,,43.28729580591312,169.29353383785414,128.96180152056075,151.69940877528023,132.37767917756997
3193,106.43333333333334,,128.67105094186556,,42.65453588176953,170.59173805826248,129.7073060373541,149.11379460812208,132.83752931964472
3194,106.46666666666667,,128.58889835210323,,43.45167122043829,169.26277927677225,137.75736742862895,150.8827153826557,137.331704747551
3195,106.5,,128.05407382359226,,43.09937064531756,168.66847784603848,139.39861699487162,151.34965999034588,137.86538221832154
3196,106.53333333333333,,127.95022385676393,,42.501546857521376,169.92387524072836,142.34031052740232,152.13917650756775,142.15154976736923
3197,106.56666666666666,,127.99644994232065,,42.986612742932174,170.17725669567156,136.6010442808021,151.09845455273776,138.43972948443397
3198,106.6,,127.66033047337893,,43.56515348692094,170.29279258617453,136.99961684931824,150.4330416127313,138.05936434627117
3199,106.63333333333334,,127.27587444967628,,43.20519626190808,168.69638602153907,135.80180971507554,151.44899274412484,136.71163051690226
3200,106.66666666666667,,127.35579689126179,,43.54185930649732,170.23522824697898,134.9655175787431,151.87168289063064,139.00297554711582
3201,106.7,,127.51958774445666,,44.106311372286946,170.01630102650657,135.1963351190669,152.49044631911903,138.5153399231253
3202,106.73333333333333,,127.50356768638186,,44.64393465807182,169.96385926185204,130.2807311861427,151.45310897655523,133.38323820137788
3203,106.76666666666667,,127.05673322215334,,44.41548570738326,169.8243093422248,129.28723825498815,150.70114130232596,131.45371235378107
3204,106.8,,126.47770582908804,,43.5162787465612,170.81764171259252,128.65030342717094,150.06837803084116,132.5769471569017
3205,106.83333333333333,,126.90471044968895,,43.9985150395439,171.27842596826315,129.81258493641408,149.59636455983122,134.05600988974587
3206,106.86666666666666,,126.22779518665968,,42.79746041164414,169.44820087954832,128.6177114581812,154.431605325435,131.01879383874396
3207,106.9,,126.1063410160798,,43.701109498821076,169.4288634086859,128.6374025045337,154.76938907182287,132.12616969551857
3208,106.93333333333334,,125.94145670216199,,41.85533041444413,170.46007815491794,130.89211500963754,155.2285918105162,132.77249179760904
3209,106.96666666666667,,126.1452279683357,,41.88018934193067,170.39394283927712,132.4749252101455,155.6086518447321,134.43415142021402
3210,107.0,,125.74050281259504,,42.3515251810005,169.6008926328471,131.27597705402252,156.81847356624107,133.32279272934178
3211,107.03333333333333,,126.12072104848174,,45.591192737261096,170.1927261752901,130.50677013416225,156.48872033668448,133.40469993084199
3212,107.06666666666666,,125.62073065949713,,45.54194679342745,169.33683462077227,133.593982422219,157.77714767421475,134.62368236704208
3213,107.1,,125.7143411805544,,45.693821286322546,169.6856911401341,134.5262359591721,157.54841066541655,135.80943219115463
3214,107.13333333333334,,125.31183328535569,,45.89313462807249,167.0940863070975,134.27023796722924,159.19609730665667,135.5857985829759
3215,107.16666666666667,,125.2907570514994,,44.883952064509835,168.51788809559,136.45341333771108,158.7211860418586,136.99636143696125
3216,107.2,,124.77830929191818,,45.32221504464047,168.64413172421524,136.06601442666795,159.25434948905485,136.83702663927053
3217,107.23333333333333,,124.74477435941733,,45.132449890120064,169.82383603950072,135.22213904018048,160.79619178241896,136.50496455216367
3218,107.26666666666667,,124.68138997507924,,45.61405150974202,172.0898923474269,131.3020744326301,158.91311771704076,136.54305074051504
3219,107.3,,124.75722018485779,,45.684930729642865,171.69661641092964,131.37993075846762,158.47358692353927,136.26027404729373
3220,107.33333333333333,,124.71363533597929,,45.60937344637171,173.1528698223268,126.83268530946177,158.57238664228765,133.39861079548075
3221,107.36666666666666,,125.11325940496592,,44.46829421469264,173.90964593243493,129.0019392313074,157.16147846228722,134.08979042089294
3222,107.4,,125.17274527914198,,43.86868310719949,173.74130324746173,129.53373564540047,157.0258555637049,134.6361923005643
3223,107.43333333333334,,125.21024216875716,,45.40964778519267,173.51916954888708,129.1066081774622,157.15437449545811,134.68643499022483
3224,107.46666666666667,,125.2168467632837,,44.0506057702095,172.33756786921197,130.53246228993865,157.6657027575691,134.7135608283676
3225,107.5,,125.30065640843132,,43.99151447235756,172.4083307324366,128.75057435093677,157.7912541061065,135.07870736839817
3226,107.53333333333333,,125.33774289303534,,43.007887083130726,172.41470075311307,133.02159942634037,157.4238874866083,136.62680784333932
3227,107.56666666666666,,125.59603812425041,,42.66511223789517,172.239308781701,134.46906936885335,157.46260208616104,136.45065302244308
3228,107.6,,126.02594499763435,,42.268571663847126,172.2392760671005,133.68752722831817,157.60736707691657,136.31262101152177
3229,107.63333333333334,,125.91361916923827,,42.810649405763236,169.13986028047003,135.09792168039104,156.34411199425128,135.40993683430816
3230,107.66666666666667,,126.0258388743851,,42.306246808783456,170.71418989759496,139.9014173394644,157.3433679604866,138.1954678609419
3231,107.7,,125.97900900725321,,41.75519512139812,170.17662919212114,137.54242190440863,159.9674552969612,138.2206960391892
3232,107.73333333333333,,126.35375239492815,,43.08029790508189,171.6140861029519,129.21417491764714,158.65222231935934,134.8056549920212
3233,107.76666666666667,,126.99443715879988,,44.8812971735631,171.8340660873528,130.44685191089022,152.43831426218742,133.97347995374506
3234,107.8,,127.53552124616796,,45.01647664080529,170.69625410289964,128.27882427067667,153.10835384561477,132.13682389789975
3235,107.83333333333333,,127.64629855564776,,45.47649682002519,169.04184560997535,125.71355060058596,154.082193971323,129.95654417577822
3236,107.86666666666666,,128.09847058554573,,46.20178435620463,168.37131623224317,122.7130085769893,155.74773666632652,129.1239120058536
3237,107.9,,128.23404400898897,,46.416036659221014,163.18840726861583,117.41028900697918,158.28723476008457,123.01532304003834
3238,107.93333333333334,,127.71665545278593,,46.29752209809992,164.45791004798602,109.55944643123964,154.97638112131455,118.69369674245006
3239,107.96666666666667,,128.38278579959226,,46.500261769932585,164.946700483245,107.71167284329421,148.69322086159784,119.86218814190254
3240,108.0,,129.00313154097367,,48.08145057963555,160.12323414091182,106.04082141970255,152.84029702362471,117.76708857274588
3241,108.03333333333333,,129.39078851141468,,48.51942464031984,157.22621217562968,104.23168270694708,155.20968215598904,116.42700596525664
3242,108.06666666666666,,130.27429357193344,,47.53420242406938,154.28201585846307,101.10843795926024,157.50638938554442,114.50411182956614
3243,108.1,,131.1581689070758,,50.98850806765101,152.50044462444805,95.95150595798172,159.63418505751287,109.83589121226701
3244,108.13333333333334,,131.76612850392888,,53.36258025629845,153.01746847500007,92.27461525515554,160.64592973815226,109.30886438324144
3245,108.16666666666667,,132.2561527458046,,52.9259854123049,150.24455533336518,95.4413960750744,158.5745503800294,110.5437818559568
3246,108.2,,132.50909738314135,,51.89730907442754,148.59695467784053,95.26406024023055,159.10767735916193,110.33508637469349
3247,108.23333333333333,,132.87179249744003,,52.101940644926486,147.99738845091102,92.91668406958175,143.806422823433,107.7621076282692
3248,108.26666666666667,,132.8958211952426,,51.94885595404863,146.4681016901563,95.67719635072658,148.91721654572015,111.01434200147212
3249,108.3,,132.80258652502442,,49.851294410678584,147.05645052152718,98.16737477161288,149.0339043776411,112.03670015519512
3250,108.33333333333333,,133.28816735449598,,50.06736092137966,140.19088862665038,98.50940193392488,132.059914059806,115.29709644325082
3251,108.36666666666666,,133.50234218039415,,49.42315992416683,134.5373376596766,99.69403233371776,133.40515112262324,118.15452585005708
3252,108.4,,133.58624307727385,,48.282452097635286,134.65263227926923,101.3081348864206,129.93356951304463,117.70699136515975
3253,108.43333333333334,,133.92027674712998,,50.13569827719649,130.7301304717232,102.95661089002652,131.91945164372115,118.96582057499609
3254,108.46666666666667,,134.13743737903613,,49.55413520669765,128.6650686639197,106.27809123761904,125.33311802307963,120.56923880506798
3255,108.5,,134.83031067929872,,47.527378357148045,122.25518495257614,106.7968092575574,105.47585895584275,125.43274807882912
3256,108.53333333333333,,135.05923333421168,,50.579186076698484,129.94131755633322,102.2018620445487,118.52781902240012,121.76180266491603
3257,108.56666666666666,,134.38120037910238,,49.76467729415924,131.68919814058393,102.04386311032742,126.09842096376345,124.21302413827887
3258,108.6,,136.39693376579578,,55.37172419163412,133.04020555185375,95.59564736646354,123.69290407825058,116.17430172026822
3259,108.63333333333334,,137.42886205147968,,55.74032450082765,129.93585423880094,98.41760480910133,115.58359574985442,117.76678241012038
3260,108.66666666666667,,136.74505339302843,,54.71494853793519,132.5481648440305,98.97215056059399,119.31178087575273,117.24267622002012
3261,108.7,,137.45595246003617,,54.903731662454796,134.95632302617238,99.61025758027053,129.23844555663953,115.2549059324035
3262,108.73333333333333,,137.9746803823194,,58.01788509117235,137.06255652900225,99.63993553807208,134.81997262870618,115.18269489281327
3263,108.76666666666667,,134.36074515183836,,58.16383757808411,141.00524059151132,100.45435189667558,130.27066568337895,113.91707388289979
3264,108.8,,135.29118681953383,,56.983662404690286,140.34741865467998,99.9974761091215,117.55345266390367,116.09820691932255
3265,108.83333333333333,,135.40181575967122,,56.79405796141893,140.61148533532682,99.98639078368377,118.13861600897337,117.61739048210829
3266,108.86666666666666,,136.2905289188651,,55.23760335454488,147.3896000233638,102.13197337487061,146.60343362514192,117.2706079041346
3267,108.9,,135.1805960171762,,56.35909694468075,152.67032356767106,99.44349268253754,145.33321680025358,116.73230142289093
3268,108.93333333333334,,134.23660082227556,,52.507834331757216,152.7529100908938,101.71513651197328,148.345415529551,114.40625906013715
3269,108.96666666666667,,133.4037695832675,,52.637725577157674,155.50183108643827,103.35913509188232,149.42289385879377,116.94885204534636
3270,109.0,,133.59391966957952,,51.392467762042614,155.1491500425856,104.91753952793533,155.134120715832,116.6510842247099
3271,109.03333333333333,,131.2668931888298,,52.59272480508018,155.0468110735843,107.19473799779637,160.17251663675603,117.92850177600597
3272,109.06666666666666,,130.7809708341248,,52.615073558572526,158.13030585805987,106.85260779284378,159.72238230899816,118.91543664088238
3273,109.1,,129.16746773169095,,52.70092686274668,162.40142126104973,108.65370293367015,156.13235534803525,119.46420617574202
3274,109.13333333333334,,129.02016984411003,,49.174251386227375,164.23220158609118,109.25768075596893,153.01994795053335,120.4697448747765
3275,109.16666666666667,,129.22496566280356,,46.93724790141607,163.73768086714762,113.16390708839297,153.94550453816478,121.5079700672932
3276,109.2,,128.42654926314805,,46.09722337985532,163.37673325842349,113.29332711499657,156.81232190235562,122.25871763789746
3277,109.23333333333333,,127.93217398801707,,43.44246738399419,162.28221659629227,118.68586815876479,161.0645959735197,125.8270210794507
3278,109.26666666666667,,127.4683557456917,,45.5432951211407,168.51352962237598,118.06111652199385,154.5814197445278,127.0689328853761
3279,109.3,,127.03731066515438,,44.58359430205632,168.4881145578116,120.29536142285968,156.73167682716448,129.8293793884843
3280,109.33333333333333,,126.89347662473045,,44.1446315614983,168.2551889310136,122.88777898304524,156.0752607840572,129.40543268139436
3281,109.36666666666666,,125.89638265937835,,44.921637087516174,169.44087550734653,121.17104867180741,155.24978475995536,128.40664568932607
3282,109.4,,125.64017110240847,,41.856944118794736,169.29311235352282,123.70950914242123,154.25149919365742,129.5566606740567
3283,109.43333333333334,,125.89674208435798,,43.866206107088864,171.43616149205926,130.29331581382337,151.2379194102566,134.16909516033397
3284,109.46666666666667,,124.8549180582085,,41.546126832562955,171.89582321820552,134.094979058252,155.79027288987348,135.50486143562128
3285,109.5,,125.38181365874142,,40.224510116722705,165.38625382224907,135.19492552450197,147.45516492009102,139.390222127982
3286,109.53333333333333,,125.88997431668926,,42.843187709286255,173.67799767686637,132.31954611214505,155.12394078892314,136.57563231672222
3287,109.56666666666666,,126.00658722893952,,40.70259273075639,173.03814552669317,135.12355382598662,153.0943100469607,138.96641134645398
3288,109.6,,126.69218480710101,,41.32887606230825,171.54407380590555,143.17531498491968,158.33708122092168,141.92871134607446
3289,109.63333333333334,,127.04022513930614,,42.54919768851126,168.69492168580913,139.35871100078924,162.96392822827946,139.54150279013717
3290,109.66666666666667,,126.98798568258789,,41.012560826835845,168.38393207697396,142.6876624750967,164.88026542357747,141.05505834854353
3291,109.7,,126.63774121579536,,41.45130626927201,169.03856320353555,140.33255709549144,166.3354319618513,139.93983132803933
3292,109.73333333333333,,126.70598482995467,,41.49365549879665,164.67728763019107,139.7490119627874,167.11173914645659,139.56882240172683
3293,109.76666666666667,,126.76421639208404,,40.69734450422183,174.671065524296,138.349731913301,162.3425970537316,138.98162286448363
3294,109.8,,126.81575917470738,,40.93032935133013,171.60909444506234,141.99088957780808,166.63538766687634,140.89145689801583
3295,109.83333333333333,,126.10210251670605,,39.7617124311012,170.78976251330133,140.03159729726727,167.82885759346112,140.05982262489715
3296,109.86666666666666,,126.33609192031668,,40.16036590408682,170.38515569499828,139.68276908670776,167.1338449662357,139.52270559477756
3297,109.9,,126.11744895356628,,39.60742553459886,172.57870232474366,140.014950722055,164.7868873804183,141.85313782905936
3298,109.93333333333334,,126.29687860206147,,40.36720599378917,172.04629479658314,137.08985159415394,162.7445589807861,139.65297231579927
3299,109.96666666666667,,126.01772849581789,,45.04672042759768,165.5599441443658,136.11939388336378,165.2309798753796,137.9023610072811
3300,110.0,,126.47718888342415,,42.87387998345088,172.67821366481718,138.33311044085423,163.18342964133672,140.25297670935683
3301,110.03333333333333,,125.93007610231959,,38.411395397706265,175.24660730904452,141.74423109357392,159.72566429906868,143.9545687816296
3302,110.06666666666666,,126.1134330459721,,38.583220011388036,174.9696798386748,137.4216023419348,159.87051339288303,140.44284883085126
3303,110.1,,126.4443697353098,,42.05502317118339,174.1444324115846,136.03321198614185,158.24238440498883,139.55149376285675
3304,110.13333333333334,,126.3759652063364,,40.96243517519387,174.0092819485072,135.63982991110854,158.9133963560194,138.82225462361328
3305,110.16666666666667,,126.4392047450409,,40.51284341412955,174.81559193250126,136.85655136635415,159.80339686620832,139.7627429871038
3306,110.2,,126.3390668649604,,46.51875364213647,166.9403944175686,137.2822741028955,163.0531109148297,138.74538667143915
3307,110.23333333333333,,126.05423779472264,,46.542104681525565,167.60965800754593,137.65752064773636,163.5401541869879,139.5890930420554
3308,110.26666666666667,,126.22789579722311,,43.74446104930579,175.11037151479522,137.18965347189626,159.99420981201294,140.16988546697397
3309,110.3,,125.94923627319689,,46.84728965529525,169.88583409808894,135.80051527202298,162.38074563279187,139.49506720158362
3310,110.33333333333333,,125.64445891406733,,42.19674906365203,171.65843396186534,138.87914603798126,161.72550341646237,141.65124810289626
3311,110.36666666666666,,125.28370876936867,,41.59026705144084,174.5072568019912,137.7356126032539,160.46518837152624,141.57879390368328
3312,110.4,,125.11936205498388,,46.98366494118982,171.49826936243517,133.94835746948613,160.82519080108443,138.02648041521962
3313,110.43333333333334,,125.10890140542384,,42.16791874815571,172.0911032940992,138.05477326777049,161.1476244033593,140.33574885648474
3314,110.46666666666667,,125.62381468519895,,42.3583472929945,172.52944537934854,139.13374551997808,162.23688533873977,140.79850010972987
3315,110.5,,125.78775128567091,,43.748909556371416,168.39803331721248,139.0372715681851,163.3162683619549,141.6567939493943
3316,110.53333333333333,,125.74254554061405,,42.57488739129774,169.16911141821222,142.52476706196143,163.97181249396613,143.2019281795244
3317,110.56666666666666,,125.1564562132978,,41.46460861611152,170.22185026462373,141.62247372277267,163.97873304169605,141.8021046951144
3318,110.6,,125.73939765514716,,42.574212935872616,170.85207845056235,141.20695831285988,163.3504973283159,144.08918004193677
3319,110.63333333333334,,126.09410492503972,,42.124542400055994,170.03931846631832,143.37183957039403,163.85032141107837,144.3727771504724
3320,110.66666666666667,,126.0431708421429,,44.20405951999836,169.0157758868394,141.7539954512046,164.114581449808,142.66709372296893
3321,110.7,,126.22540109874863,,44.23128405819159,169.93623799343004,141.7951348686447,163.58985806589803,141.97784753505113
3322,110.73333333333333,,126.04287419124023,,42.28682420847895,174.1244327443928,142.3244711690514,161.94765717545584,143.50128742277775
3323,110.76666666666667,,125.9937546778542,,44.474682719600615,171.64893800385136,139.63132661963033,160.2692757389676,140.3165206561578
3324,110.8,,125.93449094638943,,42.68985975367199,171.45808083228243,141.21059688797288,160.79486478321934,141.67031205356588
3325,110.83333333333333,,125.95880570216595,,45.26571014394328,170.9865950266524,138.84910027861253,162.3239179942804,140.6243605382064
3326,110.86666666666666,,125.32604880146485,,44.02766505899932,168.6696346614768,137.51718488488453,162.6503979578935,139.51188852871672
3327,110.9,,125.52062660738855,,44.194681694123254,169.38072239823137,137.5989068133386,162.33138633796023,139.04792336804422
3328,110.93333333333334,,125.49407864084594,,44.393600199110566,169.650921368166,137.88305458856016,161.20571028021112,139.089624402704
3329,110.96666666666667,,125.50318553321058,,44.84448122450098,167.61426158764158,138.7771573705124,163.3609119814371,139.56507806645905
3330,111.0,,125.29167936479439,,45.77604137635695,168.55130941519073,135.9088724489577,163.14477585807686,136.43202278339544
3331,111.03333333333333,,125.22692963674223,,45.61788460274686,169.56686302516997,129.27452912144014,163.1804256544661,133.50468422067274
3332,111.06666666666666,,124.52545945429692,,43.686467809694015,171.10882988655112,131.48125450925062,161.04391315521707,130.6273592707863
3333,111.1,,124.84597476090377,,41.589586360709255,170.81617024900916,131.63535597060033,162.19762278877946,132.0872006905339
3334,111.13333333333334,,124.94506388121778,,44.51999096159184,170.5145277787138,120.5184023316919,159.26412380468147,125.06968536780971
3335,111.16666666666667,,125.86711659196006,,45.40042361710865,167.5666261270186,118.8468266537036,160.36817705236774,123.5165596636664
3336,111.2,,125.10675558260996,,45.573853183969554,164.06202142674073,114.39703344914673,161.51631081654355,119.79053210642657
3337,111.23333333333333,,124.95547281681667,,45.62940258596377,160.5940532541202,111.31035402667378,160.94419430914917,117.47713830305857
3338,111.26666666666667,,125.83090463408118,,47.98888046425475,157.51706609258673,109.24663451640873,159.55518938056423,115.05966104891009
3339,111.3,,126.03831580847184,,48.00479131641991,158.34126038357994,100.01701671585064,160.7983263041056,110.94694142452015
3340,111.33333333333333,,127.15176141269032,,50.932489484036125,152.3055023712716,96.34094331716675,159.15716202889504,108.3086740898816
3341,111.36666666666666,,127.90884624056092,,50.06399978516489,153.3485672306243,96.90327953896215,151.5275195443997,111.19908138899396
3342,111.4,,129.10909750876633,,55.93307606519967,151.37693894887136,93.41461427057087,154.13883217099107,107.94122482222153
3343,111.43333333333334,,130.46205441815945,,52.42405875587072,149.54375809630895,97.0404181529647,149.5883114685881,112.40474739209625
3344,111.46666666666667,,130.51169507526149,,50.932017749892914,147.60543926766925,97.82589298231504,138.2264973575902,115.18713783074163
3345,111.5,,131.5362095285381,,52.38657391250537,146.35129810521312,95.26507939813226,132.16235259073494,113.50042705801111
3346,111.53333333333333,,131.2775373201958,,52.244150178881036,142.0207071401885,94.28611312731441,137.64661010161618,114.4842125386842
3347,111.56666666666666,,132.31439086831958,,53.66881824815484,142.23937620256092,95.99247011509351,140.52261060753074,118.35647418257908
3348,111.6,,133.96630682166528,,58.19110882956301,123.4136393655373,93.92170107622248,119.44085769783706,118.72683589883195
3349,111.63333333333334,,134.46510212150667,,57.42687121385742,132.69592209424337,95.84646417468497,134.4653928313669,118.06454796448865
3350,111.66666666666667,,135.07108364357958,,56.6225172203172,123.62710787025124,98.22744639447872,123.73521010885236,121.40394061625082
3351,111.7,,135.31828141728153,,51.2767163196265,133.66389227586083,102.33300512283279,132.2681796200542,120.88567592218864
3352,111.73333333333333,,135.50315188427808,,49.73033769441462,141.07758033138427,101.12464289273387,144.38809135858264,117.93049693077161
3353,111.76666666666667,,135.1923123510478,,50.75160204187039,144.02610116825895,100.42687156702972,145.5779954238465,117.64681435788472
3354,111.8,,134.43640703654108,,48.903331708516085,145.98231699669822,99.37540142940787,144.75688386457819,115.90698358700723
3355,111.83333333333333,,135.30579683790577,,52.440165792081174,145.10930502711284,96.316132006258,146.36561978081002,114.24976067184247
3356,111.86666666666666,,135.67210698726888,,54.22330438904738,145.46580548782194,98.34901900231006,148.0590077324498,115.04194034200684
3357,111.9,,136.11110941551033,,51.401190192477195,141.1729716001475,99.33494954005786,117.08539720707066,115.08445022853874
3358,111.93333333333334,,134.33668054961333,,48.67592371095899,148.19741655247353,101.76254401969634,128.18861229634825,114.72176361392788
3359,111.96666666666667,,133.6946202994469,,50.10664516309223,147.80019473174326,101.21004549709905,126.4476327277852,111.46166213407078
3360,112.0,,133.1680864586545,,50.5062070318798,152.2557783958049,105.86954699414831,133.10641809218964,117.31866920051363
3361,112.03333333333333,,132.2575723379136,,51.4533197356064,156.26975020505947,110.28131841298877,135.64415716198542,120.38795155782778
3362,112.06666666666666,,131.65859780381297,,50.15284067946796,151.46048330690098,114.87203965229273,132.6066320465824,127.18095343351229
3363,112.1,,131.60285908699416,,49.81866862620535,142.5786163408049,114.63434425758159,125.56731246254922,129.79427767308815
3364,112.13333333333334,,131.37278165879272,,51.4751257121462,161.9119653865589,122.15895473580237,138.15581835413,130.86734581201114
3365,112.16666666666667,,131.45747446248595,,49.939548031155304,164.76074752611132,130.97415894179966,143.6203603909768,137.30974053181262
3366,112.2,,131.90173969319244,,47.30485862215125,167.6640961070263,136.07216882217324,150.07196806425839,137.79329522358316
3367,112.23333333333333,,130.4399009731796,,43.315240777234045,169.29043062668703,144.5195506292368,151.40877099829567,142.08629720298902
3368,112.26666666666667,,128.680752411072,,44.7854211724984,170.25641090242004,145.89177821195904,156.84469172099995,143.38929051026318
3369,112.3,,128.48528075835875,,43.86746963141096,170.88631461407547,142.7083898489916,158.10132685462503,141.37168223535718
3370,112.33333333333333,,127.96021167956316,,44.82233648488796,169.27064562217456,143.04203257766576,161.46877139759889,141.50600373449063
3371,112.36666666666666,,126.45090979546413,,45.64231174459592,163.87609146223997,139.68836951328842,164.3102266798996,136.80677658753154
3372,112.4,,124.97228702924188,,45.89002444614661,162.80670062623557,141.15470612630241,166.09767639950982,138.14482481762064
3373,112.43333333333334,,124.96068773440041,,41.798910166434126,167.23975721532238,141.5743073470622,175.9203639248254,143.43291481375945
3374,112.46666666666667,,124.50117321330784,,40.43926020027028,175.0862151203417,140.42831040275757,167.76197071077198,143.50284963300425
3375,112.5,,123.69767400519953,,39.42951544465244,174.2433865586779,141.5289648919873,168.66771781000222,144.66996329361191
3376,112.53333333333333,,122.62722624539308,,39.44944584209949,176.14135840230884,142.55569079686765,165.41614179726747,144.38222138046308
3377,112.56666666666666,,121.48816734032884,,35.91754833338353,174.86224854076733,139.90804842396847,162.3017441506375,143.497140408636
3378,112.6,,120.53030833834408,,38.57604375645775,176.34032176577665,140.81960590406646,160.5527801368957,143.02064626060306
3379,112.63333333333334,,119.44265884454212,,35.93982766823343,177.09352308580517,140.10211761877852,160.5601086412563,143.0254550037775
3380,112.66666666666667,,119.56359821517394,,38.23381782815119,177.49189950235785,144.0736617180686,162.58397095915475,144.95003967852625
3381,112.7,,119.25387056074115,,39.346491586908144,170.5408494015155,143.09254270668205,164.9167517988976,144.07884399120672
3382,112.73333333333333,,118.8646650525171,,38.056131062570216,175.0041972827143,136.7539182504545,160.67554977140878,141.61946755057875
3383,112.76666666666667,,119.51130687934696,,37.345510809341384,174.84364218683115,136.85726311829094,165.89171389505577,143.9934919256598
3384,112.8,,119.45599876029493,,37.085297315217275,175.21937466555107,133.7951983510743,164.66900649602778,142.46408713245717
3385,112.83333333333333,,119.27892778503173,,37.188651046373685,177.24519456872383,132.38489303781475,165.0047867855946,143.92257013289037
3386,112.86666666666666,,118.68414815013115,,37.50098561262833,175.9785344378481,134.048032379074,164.10651696575684,144.3831811668845
3387,112.9,,118.66051401472177,,39.87782631350139,174.12121797548699,136.54105504780003,162.05734570767845,144.87147903854367
3388,112.93333333333334,,118.86313278293557,,40.75620659748122,176.8561163301934,135.70157978086905,161.10646848912089,144.56936620001173
3389,112.96666666666667,,119.1814363427209,,39.6941820455382,177.11761785902078,136.08573320566393,161.08981672543092,144.47825938127963
3390,113.0,,119.79173249915564,,39.282270849488775,177.39729481699115,139.48457285304457,164.89625394966285,145.16878377089412
3391,113.03333333333333,,120.54883165996274,,40.21373449044749,175.00499818641046,142.08989622279378,162.92843247609778,146.99337418197035
3392,113.06666666666666,,120.57227763396277,,37.826634234160345,174.97866502026767,143.67794418144098,162.49562060161452,145.99831148379548
3393,113.1,,120.83993484910343,,37.271828155315866,173.8857225281434,143.18090301436663,162.17593593764877,145.43363483327846
3394,113.13333333333334,,121.4624242774822,,37.63298577247194,172.75683517515023,144.18752449292276,161.80969469108612,145.04335778291335
3395,113.16666666666667,,120.82321879352332,,36.23582817012788,171.85683273277098,144.22029683356843,163.3151900103205,144.77291156648772
3396,113.2,,120.42093463103342,,37.21778377626719,170.11257641208536,144.98792074568632,163.01688698423686,143.7612108390498
3397,113.23333333333333,,120.44290345100468,,37.164477489155566,168.69242875667146,148.93908064205968,165.24600395712534,146.82325491357557
3398,113.26666666666667,,121.15893842365412,,37.01168493469859,165.85937295150813,144.61006135600428,167.28479498521463,144.153326281011
3399,113.3,,122.12834194222346,,39.73360363160762,162.78418151374555,146.3315731981124,170.28283459274482,147.34314754240918
3400,113.33333333333333,,121.40129692110422,,40.024155813086566,165.089256326198,144.3690350946837,168.48954327919856,145.14178090570198
3401,113.36666666666666,,122.13981060762606,,40.86670315175189,165.15816260487986,142.45214494988008,164.82830326419602,143.67696004429953
3402,113.4,,123.45151093597269,,46.01339372534623,165.42033503746384,144.50415790460804,165.55195535553665,145.84269721525183
3403,113.43333333333334,,124.97103194546722,,42.031753548196136,165.72260870315873,150.44850512182978,165.3333860232088,148.1966522457018
3404,113.46666666666667,,124.84554226650297,,38.688761358167355,166.52776527442566,151.13034384977513,163.87777417388597,147.2757299279468
3405,113.5,,125.73789929213571,,38.46292029768546,165.36369684889317,156.146233146506,162.90412638270817,148.66310368207505
3406,113.53333333333333,,125.20065602021809,,39.25101141773403,162.9764485521876,155.62014104261635,162.49925264002178,147.33081847363096
3407,113.56666666666666,,124.43473497620062,,37.50435948143405,168.480244667798,152.82275068647908,160.35691927225596,147.01999437268634
3408,113.6,,124.24285997756311,,38.76529552380035,161.73088270538304,152.6585927867199,162.3446411404579,144.05854711191438
3409,113.63333333333334,,121.58548848208129,,35.88859294702788,167.97876348321668,154.7719606944114,159.73417285076377,146.64999267986468
3410,113.66666666666667,,121.6693768186571,,36.80253180804562,168.69288785690335,152.78722827767626,158.0153796880567,145.70511713893578
3411,113.7,,121.51729474361919,,37.833074282941084,168.00462272898568,154.14717060619003,159.70997559708692,144.78656137153726
3412,113.73333333333333,,120.24698768929105,,38.031621777335744,167.52188594899033,153.09174713875692,160.1148413427136,145.00690308925346
3413,113.76666666666667,,120.04960553137431,,39.05103662157472,166.98810610414995,150.8640706334733,161.79412589964974,142.82792483964536
3414,113.8,,120.23717492382129,,39.388881544192785,169.01481482718174,150.88433217281238,160.87054926856626,144.6920251958167
3415,113.83333333333333,,120.88671856869324,,39.9842468174557,167.917460012942,150.7240183793565,162.34317200948013,143.7173311321366
3416,113.86666666666666,,121.80918087008477,,41.18191310343661,167.03202042072874,148.25959237743018,164.4525384880234,142.41570494458367
3417,113.9,,120.82294518399517,,39.580865245873376,168.89860406196215,151.13996718428288,163.61094559192588,143.6887992640181
3418,113.93333333333334,,120.55658059418404,,38.92184726254456,168.10583165269523,151.03102926752095,163.73239617768866,144.63670139867085
3419,113.96666666666667,,121.24430207707123,,40.507230999047614,167.87801416411176,140.4792513271499,163.2965586375651,137.88042771997416
3420,114.0,,121.24919953141,,42.00974823016905,169.05145225228716,137.4823472263066,163.1786781848569,136.4958215414026
3421,114.03333333333333,,120.74253314108023,,40.27638583549262,170.55555061211894,137.222446589393,161.27911634081286,136.5918449341221
3422,114.06666666666666,,121.29507829246525,,41.51368667119134,171.48446419219977,138.1688685568373,161.18706409097527,139.0166826077898
3423,114.1,,121.22466528205425,,41.324757071577416,175.12066081995638,133.48349102334086,158.76711883848995,135.69407711771865
3424,114.13333333333334,,121.06173745542733,,41.123549556644946,172.3403293234739,134.73931725794105,159.78105722397729,137.69064229057938
3425,114.16666666666667,,121.01871021911441,,39.07916161297696,174.59704111017012,138.63334974099863,161.80006117291566,138.08085487788762
3426,114.2,,121.50748594162441,,39.11457194595106,174.19207024953317,143.9281288835529,161.4723200772685,143.5973586178382
3427,114.23333333333333,,121.60062057458133,,38.76308624828683,174.3425377114695,144.39192119480262,161.87245222844,144.1909663427706
3428,114.26666666666667,,121.17307480721054,,37.183897133576075,175.01926956730426,143.449363760318,161.61071069551713,143.95776682475673
3429,114.3,,121.32110972288325,,37.85688774913741,174.7646009751797,143.34744375409764,161.19058267825486,143.85235818635974
3430,114.33333333333333,,121.10588273793438,,37.614930600614386,174.60968536645711,139.6352003469022,160.4536796829,140.3493585370913
3431,114.36666666666666,,121.23666711504852,,37.53843284114057,175.26782235707665,139.12248880988764,158.60768821349734,140.863717381738
3432,114.4,,121.60043955502742,,38.39815725237777,174.89677922531612,138.34706485400082,158.12671882603976,139.30428612306451
3433,114.43333333333334,,122.17993283068299,,38.49894984753687,174.98370688372893,138.77321456854528,158.36955779455658,140.91022825200793
3434,114.46666666666667,,122.27244664870227,,37.836359961837296,174.56750095180172,140.09088891961275,158.45892484713295,141.7599328533354
3435,114.5,,122.7599315673818,,37.86048549623603,174.137192132797,140.59833802594062,157.5945752072486,142.71547161783263
3436,114.53333333333333,,123.29303747458165,,41.231777710952215,172.50836295109278,141.28180910150863,155.57164144123067,142.8620706476225
3437,114.56666666666666,,123.8360315414481,,41.41446514302474,173.90212388787538,145.33462901993448,155.98258181327222,143.26436671364618
3438,114.6,,123.58510869892326,,39.26476818921071,169.1642665677219,140.63852320355645,153.28438615105003,141.68458427569533
3439,114.63333333333334,,123.953284665875,,39.47474273481094,172.58257808810063,132.12525976352293,158.03248270099738,136.30395135610777
3440,114.66666666666667,,124.47518332218159,,39.92995340847733,169.19126803119835,131.18565372357142,160.86810861128728,133.8983556353203
3441,114.7,,125.11763204310856,,39.63718763019177,167.49832800096146,126.5451222610044,162.44573029575227,131.4457495319342
3442,114.73333333333333,,125.22139371394022,,42.948620579978424,163.65058108975265,115.65491015940462,164.47221279451676,122.97307397783172
3443,114.76666666666667,,125.33961005673456,,44.19446305486746,164.33433159644977,113.53870547653435,163.5378548973064,124.09485284304553
3444,114.8,,125.7642227230575,,45.693425109744666,161.20750113295105,110.56237842472903,157.8662529257835,119.09853253187416
3445,114.83333333333333,,125.88612583516901,,44.514026155639954,157.26460885269947,108.21602579280494,156.5388583223275,114.95547642930407
3446,114.86666666666666,,125.85564093975218,,42.20374732248898,155.68684675335172,107.32310785863821,154.67745847339833,118.60617895027829
3447,114.9,,126.29222054563363,,42.503789327732065,148.34886074235646,104.64345193224717,154.3594701059204,112.93359352861252
3448,114.93333333333334,,126.45223995220454,,45.60262430827763,152.397519123261,100.7920625768696,154.36711077752653,111.58219970785011
3449,114.96666666666667,,127.4778864677937,,46.85034488338086,148.4988797689043,96.96408438098138,156.70437680303445,111.24149328679276
3450,115.0,,127.80573216060435,,48.053152250302126,146.4402489063514,99.11843475828745,158.51633597401565,112.21131400162203
3451,115.03333333333333,,128.04111825870046,,49.82293988074212,145.12593643275284,100.81193579213138,150.09483470078715,114.11406878492673
3452,115.06666666666666,,129.27727851643408,,51.9621019863655,141.21786888645107,104.15262733213007,145.6413417780491,117.38035140683122
3453,115.1,,129.35454461997895,,50.07767005073693,139.79842454832308,106.14391708900439,141.73764232712338,122.15567555462981
3454,115.13333333333334,,129.3700571442394,,52.24674072708429,135.8226118204367,100.16033099014098,134.56494259924543,120.86761787854897
3455,115.16666666666667,,129.50788190044833,,50.172338606947136,131.76705596558875,100.94585127617107,137.51455656428107,117.5256024162145
3456,115.2,,130.70025832887657,,54.07877754820214,129.78355940279747,98.32841828546154,139.88488445809043,119.47781756995936
3457,115.23333333333333,,131.22321366679998,,50.558005248849604,119.51370983266334,100.62571350207136,121.7254708171427,121.35209473674178
3458,115.26666666666667,,132.9536681951147,,51.80243577668615,126.00933697718231,103.81852545651897,130.52170933377352,121.00539773001093
3459,115.3,,132.4380192267059,,56.288357400756624,127.0704323366707,98.60393245489729,128.92730627785355,120.50977397597079
3460,115.33333333333333,,133.7746798217168,,53.47511314406602,134.65216567038343,97.83006289641746,151.6830425724548,116.98995145514978
3461,115.36666666666666,,133.85088778603298,,54.80907405644077,135.04158372424624,96.14618567670507,149.27030610509337,117.61282296175416
3462,115.4,,133.51202961803082,,54.80427109097709,134.13790585582353,97.59300657769678,136.31548377210504,114.14224889971915
3463,115.43333333333334,,133.4232968402787,,54.29705927882663,137.7344459459935,96.6430063609695,143.22883283504223,112.60018360349801
3464,115.46666666666667,,133.14873861507272,,51.253028793518425,136.22786016782982,94.43094652493303,135.10153689355553,118.36606442836982
3465,115.5,,132.96038960919643,,50.941656710037684,143.15689097549435,95.25277492476633,136.59518710482095,116.18355199400855
3466,115.53333333333333,,133.27884759079882,,48.739310055025726,145.70303818779433,95.70766018417312,141.07447576971205,117.37065738256506
3467,115.56666666666666,,133.30937466144258,,48.494884542739456,147.45507784581898,98.4101698148353,150.78891187857604,113.99081199742967
3468,115.6,,132.64489179683457,,48.53728541995553,147.56301786905337,98.38618840678618,158.36691278987644,112.70285506745448
3469,115.63333333333334,,132.83948196983803,,48.93252488138725,145.89018387073477,102.45899429398082,155.6594957538256,113.6610748882401
3470,115.66666666666667,,133.17191928503166,,49.419653704550086,150.16063059139398,105.65765757716892,157.54913815957548,116.00952731239741
3471,115.7,,132.21376385752993,,47.07340805474679,150.00500950786056,104.5890283431658,154.4828135867457,114.05843826796544
3472,115.73333333333333,,132.39196744612426,,45.296481486768954,153.96367576621776,107.81389225272976,143.04088177938192,114.68230127744935
3473,115.76666666666667,,131.82033604819637,,44.90164941673007,156.2753675561169,107.31121803202063,144.6753642712952,114.73905084199131
3474,115.8,,131.62959645030637,,45.41537338339909,156.21084746322674,110.07547649822936,152.73804182032146,114.77188568755041
3475,115.83333333333333,,131.2378857229823,,46.13972919611701,154.49162078304278,110.52487355988245,159.85344210964374,115.12101971619353
3476,115.86666666666666,,131.03088073964167,,46.53029877517588,153.5440742315786,112.36415693560652,161.8060275952254,115.68866123230461
3477,115.9,,130.71882410740935,,46.71911237161478,156.5974429970837,116.68782414061725,160.39583312666443,121.97071884863207
3478,115.93333333333334,,130.63894888611262,,44.38890345679053,159.33151075401682,121.7585210196761,159.87168874933573,125.31394695355739
3479,115.96666666666667,,129.77393694243958,,42.59876411048517,163.83169759735043,124.22193983526289,160.06735517794073,128.49922530136138
3480,116.0,,129.38288525030154,,42.47488197051742,166.32819877200507,122.57919363859838,158.52530774263013,128.16080329349265
3481,116.03333333333333,,129.04661791612307,,41.18413214622273,168.4388934730934,123.90618864118498,156.1973448756256,128.7490938342668
3482,116.06666666666666,,128.01177586617135,,41.59642814123221,169.39746158241962,125.39265716611148,156.02306295372955,128.5556603695268
3483,116.1,,128.28670779161078,,42.07378924925965,169.2489935888119,125.34249777713168,156.95508657540918,128.86639253151233
3484,116.13333333333334,,127.59089574428911,,43.06985645214624,170.210084396364,131.61848911296607,157.46257765248947,133.18848610797923
3485,116.16666666666667,,127.96454847983411,,41.97139473855503,171.01154262954506,138.81442379423927,158.05591782550238,139.81911674561084
3486,116.2,,127.93520957984829,,42.45593845689133,170.55206074375627,141.4551494463609,156.99977553081052,142.20296627832062
3487,116.23333333333333,,127.75330404034747,,41.71601497836555,173.60924570227215,140.5156448532912,157.55351905854644,142.8069139559937
3488,116.26666666666667,,127.58183395792949,,41.34210763466305,173.56063727256407,138.50424931673348,155.65915330351984,140.90839226852017
3489,116.3,,127.14136216194314,,41.19943229236099,171.40024500363722,137.2221234996233,158.5453825078302,140.4511471989763
3490,116.33333333333333,,127.1915666125954,,41.48124375118929,170.77408811677168,142.43658033316638,157.70707829770095,143.74508067001892
3491,116.36666666666666,,127.16941465931163,,42.28273607291803,176.85929336257163,140.10497878995614,154.32595498309828,146.32163657540266
3492,116.4,,125.90601992594317,,41.44066897915083,175.6415550717628,137.99371788391198,156.19603846224203,143.12549782215757
3493,116.43333333333334,,124.49369041775161,,40.48061031882749,177.00295403646194,135.03885978463424,156.83259068581137,143.78091085162472
3494,116.46666666666667,,122.67309610240855,,47.50186998377379,175.46543165587914,129.97116979553817,160.6594652870436,142.26396107483816
3495,116.5,,120.36675482052372,,49.26609337149995,177.39810775657432,129.31735801962674,162.30706189918203,146.07216914118365
3496,116.53333333333333,,118.64276019324727,,48.63847401611684,176.71680695824304,133.71867367063007,162.72740232886682,149.30149872239718
3497,116.56666666666666,,116.52879113859815,,49.21796915206425,175.52379347421953,131.21849279177243,163.2023138469629,148.10828138348975
3498,116.6,,116.10759440316549,,48.6126617072095,176.4530353145976,133.16460411447096,161.62562877475688,150.31851221420092
3499,116.63333333333334,,116.18179534741405,,45.99137473846232,178.5983592852115,132.95389669870738,161.99378983927102,150.9344491400229
3500,116.66666666666667,,114.85938724126146,,50.61063694826615,174.5290335957955,133.4335743703401,162.8129139948742,150.5217349303268
3501,116.7,,115.72576361309348,,44.963508458686455,174.2933435210148,129.24086525231934,160.21362903397943,148.8984974516197
3502,116.73333333333333,,115.128586698272,,46.91293331823528,175.69636312364415,131.25960682855748,157.5918393206526,149.31515556644933
3503,116.76666666666667,,117.25587617853604,,36.82577189078973,167.8479074904143,129.57080283571432,153.11919031354978,149.37032268420927
3504,116.8,,115.012483947278,,36.13715035416416,156.75544760649382,127.20187216678559,144.35267210892778,146.82348275557734
3505,116.83333333333333,,109.06064461142064,,39.932871358929695,153.36062854977502,124.37915612800163,145.54970670864637,145.0188880726213
3506,116.86666666666666,,108.96296380693364,,33.06180997695149,147.44799850635823,123.28428418141874,138.05933963995278,141.84622496172395
3507,116.9,,106.39376317561559,,32.800696982640964,146.49365406255473,133.804395557065,140.4925739670518,150.30618674614348
3508,116.93333333333334,,107.9594935875422,,34.46681388193995,146.0498823665448,127.92667858816858,141.08001254503745,147.68128497473202
3509,116.96666666666667,,107.14209651641343,,36.45863940399546,137.03794021631032,125.25058471145702,134.8378529716256,146.35070709200505
3510,117.0,,109.12362839315976,,36.13760605445441,143.93587433495452,130.09135882463607,134.76140874209585,147.1374052040759
3511,117.03333333333333,,108.56720019114566,,35.495623141212555,142.9588041463413,127.4126628215238,136.43668765919813,146.4682700744969
3512,117.06666666666666,,107.55780324771978,,36.15405829730942,137.55869375223645,133.1706400247435,131.5151777935596,148.4137997701469
3513,117.1,,108.26531631790982,,34.17320388271261,138.70515845176874,133.43977328254778,132.7025036357853,142.35674070843626
3514,117.13333333333334,,106.83689403722545,38.70384062805112,35.56005644120327,141.84622727321096,133.20333047630336,133.37370260644695,145.5830523128853
3515,117.16666666666667,,104.70587619983262,,31.06982437142359,139.82909271304712,130.36550718192169,134.30959467267303,147.43264257174215
3516,117.2,,108.77968341290646,,32.52098954602562,145.2646311605864,131.94592222562372,140.57990229643914,151.24087083146043
3517,117.23333333333333,,113.38667623600472,,32.687606547847764,146.50272837057983,133.29197468492276,148.20434308729955,153.47846947225014
3518,117.26666666666667,,116.90785644332067,,33.14011971455917,160.23625498191623,141.55692883598417,158.13953684175885,157.98558250513588
3519,117.3,,118.56970462478706,,29.71158810599236,160.80543811200118,141.3581679266553,165.57077629570162,160.02392044170978
3520,117.33333333333333,,113.7826910640019,43.05735475615346,30.669360113053898,161.21180918854597,130.65211477515138,162.73955129840763,154.28615901667592
3521,117.36666666666666,,115.80261166518581,43.626808620940146,29.858263385817946,158.67043463197462,133.26319853468618,163.00713431040745,155.1222130696776
3522,117.4,,116.91181522947056,46.47789377829077,30.844092127605553,161.19879102821332,132.1633109125971,162.9061944994101,157.21099571085256
3523,117.43333333333334,,113.82829102786808,36.256893277760135,31.06978492980464,159.9349705479559,127.36536052793873,160.48431348365622,147.4478210155009
3524,117.46666666666667,,121.98742629830508,42.705689932625845,30.99257875101184,158.12887851384355,130.83509577187826,163.52704388723586,152.4549546947529
3525,117.5,,121.56972949123674,43.590567504546556,31.571527568769515,159.41779700150835,130.0587743369692,162.63154325869723,153.66713336624605
3526,117.53333333333333,,123.21265415806342,44.30018075990098,33.551630462994844,163.34886151913295,134.3938712045593,162.4315557385112,153.3409728768275
3527,117.56666666666666,,115.00811876448503,41.107615730251936,34.36932789982347,164.0079534127108,128.6984650478681,161.68823141716962,144.73942289939248
3528,117.6,,112.681018598264,47.77435587654137,37.873740338092865,169.08508262602274,135.93731863511923,163.0999276702613,147.38030615610592
3529,117.63333333333334,,109.87451792089934,46.41040573688182,38.6410825620444,169.26270022781824,136.22739150447475,164.4516895010009,145.10433672466127
3530,117.66666666666667,86.66647057556527,108.77550811597872,43.729467979194176,39.31791094824314,168.61627599164635,133.91147457137905,159.6596627694486,140.23134480585043
3531,117.7,94.29519265747884,106.04299620308532,44.63275822854337,40.44262981498873,172.06694025940067,136.53694787939523,158.1930821461972,139.45020272262656
3532,117.73333333333333,95.54237891213826,107.23664566718972,44.47635179659479,40.23267452083783,176.35315377055358,137.06109074516365,161.75360330473998,142.86023071264938
3533,117.76666666666667,92.44654912622401,106.2369568876874,43.39934719512698,39.79240283030291,177.45941274893445,138.14885727476764,160.6929323278131,138.65944596095642
3534,117.8,87.87285512295877,103.2748980906386,42.08480449035972,39.10571457030906,177.6942331722685,140.88067228288216,157.11487958948135,136.62474703953188
3535,117.83333333333333,87.2445970231796,103.79069954061902,41.553888094763074,39.75208875469297,176.49094344655379,145.36517408920622,158.3620962286737,137.81667259399367
3536,117.86666666666666,83.81882567594603,104.9421347985468,40.49818999069109,39.371356523144186,177.45493145524233,147.98073115272035,158.50246471798292,139.28624203693155
3537,117.9,81.82563989654565,103.82637181555278,38.6280553112062,39.1250352003821,176.52440282522832,149.53728993101248,157.93510452560287,140.76923630121655
3538,117.93333333333334,86.29463259174496,104.35943438163194,37.19579660422666,39.20161154748028,176.33367810980621,150.5065495480403,158.2734519124113,141.75761933092951
3539,117.96666666666667,86.00752332758353,109.6288963691074,38.07599716501062,39.967275780280495,176.16921326645146,152.60588708300108,155.69677802716,142.43966353984547
3540,118.0,85.88181101804433,113.41360133244977,32.77787038910637,42.91543268672791,171.7275646700555,154.29960315230332,160.1097423860098,146.326974640252
3541,118.03333333333333,91.5307955536174,118.1303637616422,22.502283725379712,47.70085783666167,171.12443398070383,154.9635102561485,165.52287096177452,146.78865016387124
3542,118.06666666666666,99.52989342920088,116.58500180745921,19.1577522837571,46.1834073305838,169.60296176278604,150.90548435989928,166.8557670891082,144.96387519787083
3543,118.1,100.8917791441846,124.32579421989054,13.105092990346828,51.930184191340786,172.53980328146724,165.46934639479645,164.82023616996506,156.6987203774463
3544,118.13333333333334,100.84438322457176,120.40714000244158,15.593770385442424,46.57597088140236,171.40411581283402,164.43137479987897,166.94584216158088,155.64222251011205
3545,118.16666666666667,98.75062750707777,120.10545312570454,12.994939764659765,44.18358652170523,169.5257593994943,163.35642077228738,164.8149378515068,157.23002391155663
3546,118.2,100.64683328507813,121.50446081552546,9.256359306935195,46.28283760060917,169.98105677708617,162.68940131886663,165.5932892964236,152.12691868014798
3547,118.23333333333333,103.67074203163399,125.03280321073557,7.826664821277954,50.90819474291864,170.46930513875375,164.51606141727856,165.92520606441244,153.37577375908737
3548,118.26666666666667,103.29791250153546,123.44679906843999,9.920168753113257,48.1923783383377,169.96686605856812,165.1164741383641,166.9630384599034,154.07059340974888
3549,118.3,105.71336925997346,124.29663588630525,9.366423956537268,51.17567364980181,171.83466823673916,162.37903254941082,164.23175552616928,149.40499444442142
3550,118.33333333333333,100.38893510921105,121.97569902311682,11.865403384652465,50.15522415059573,172.82421100030604,158.354280541889,163.36775898234612,144.8644454233977
3551,118.36666666666666,99.42203043842075,119.07080689461358,14.122620151094223,48.436813058997636,172.9537486211335,155.51981225920528,162.6088389317883,141.35220689018104
3552,118.4,103.70129842938101,110.91410749583136,18.21805638311155,42.569413104816554,175.38195330253131,153.4944072414856,156.8552382807905,139.80721258120448
3553,118.43333333333334,102.37820927139848,108.4348535007459,20.360135728667775,41.49479432091514,176.49901873626203,153.3131436694818,156.1644885844975,140.2888993880614
3554,118.46666666666667,99.00592187435097,107.3431717638755,23.140273782008716,40.78813302014113,176.6995841031034,154.776560576297,155.54393730709742,141.45820603322656
3555,118.5,96.82893526095256,111.83927903861701,25.21129127522265,42.666272425119736,177.90672789070956,161.12129446684958,154.43630651234616,147.55679033231473
3556,118.53333333333333,92.65707914655137,104.96648211797593,28.82364149947101,37.29383763875788,178.9848606294561,162.43387525230827,151.77861977019833,146.1950823124225
3557,118.56666666666666,95.06915944747928,103.54696562706822,30.608617498205525,36.25949429265519,179.11727027758354,161.2138723490271,148.29258166447016,144.2198030745784
3558,118.6,95.34154989793245,102.59480196001321,32.2738853752244,35.20050838525724,178.5735986091673,159.96264374300657,146.99505106586807,141.9033574575355
3559,118.63333333333334,94.10922291488454,101.01806170387185,27.96465873885385,36.471646410319856,175.70345456745784,159.03964344884866,144.24172075704652,141.19706870869442
3560,118.66666666666667,89.5380493288118,102.11914052967934,29.73243025668348,36.407613851901495,174.58173973852928,159.3819501741742,141.3941620594349,140.9770020572086
3561,118.7,87.77809863632432,104.27113148223046,31.41634428923172,36.218788843427234,170.22282934944786,161.3452747337608,135.62118920694462,139.33741241359576
3562,118.73333333333333,88.55739551183949,102.99493342766007,32.69443499647611,34.867770261418045,166.2594777945073,162.8667307305584,130.92242907135093,139.361203120311
3563,118.76666666666667,87.9011643007864,104.0274110082432,32.53925909419984,35.62208569085734,165.92801602525125,160.69269063056487,130.02128041443157,136.62332300970996
3564,118.8,86.76442716073151,101.86685675360998,33.240913822690544,35.04760898415883,161.8996540867738,159.87680676947542,125.07933147920805,134.98150940634756
3565,118.83333333333333,88.06418053002389,101.43985471590715,31.62465667997343,35.39316070067695,163.0183181147717,159.21663283088003,125.76175714948515,133.2839113882405
3566,118.86666666666666,90.41250014185806,100.90883602789927,31.57499117289906,34.9785424413157,165.0795420240723,158.15334753313272,128.3520816020024,131.80054860220224
3567,118.9,90.19714980233049,101.60488991582754,31.42249054376276,35.41832989623705,168.10374644065357,151.86343198395338,131.30834659290574,125.37117729743039
3568,118.93333333333334,88.29403366467135,97.68490001430953,32.72208019075225,34.4862246651532,167.44779407808883,153.3414091837769,132.0058028746911,126.12234482404396
3569,118.96666666666667,88.73324104658906,100.72620152444371,32.94216914396542,36.38006007114013,166.04340925703562,159.2377328182606,130.07786048525898,133.07260408877383
3570,119.0,89.5226380814971,101.86434929553162,33.72356014919659,36.82258691046748,163.56566362948035,160.3433693337467,133.2467154827669,137.18163730765494
3571,119.03333333333333,89.59428867147635,102.26568592739223,34.39199322269526,37.305773803932304,163.0991909766726,160.30442883128183,133.91225504551474,138.2878665317889
3572,119.06666666666666,93.43290637317156,101.64209894575292,35.08371563618523,37.855796840170434,161.5858639329951,160.32553666626575,136.0941425085822,139.07583712028776
3573,119.1,90.38183942962426,100.76326860502704,35.7633895444806,36.57727283784562,161.91183589446572,160.93260810199408,140.34370959174424,141.32451164470464
3574,119.13333333333334,95.38161353565792,114.67022469851277,37.91620505218499,44.90043805075858,160.17584373111137,160.08651336979938,139.16164918933,138.36175395090032
3575,119.16666666666667,101.85503505249957,122.98395451365133,41.22175424898585,47.98287959183675,161.29262687424185,161.64043638268714,143.27652463760086,139.3931995754834
3576,119.2,106.98397774237677,135.6623481165892,44.42911200241315,57.60706027943077,161.90054632598918,163.1680583589385,142.61706590416884,140.54836548133503
3577,119.23333333333333,107.49386182380931,123.45491236068955,42.31073923846418,45.37358238459112,163.9183701332266,165.87450700832474,145.17514958760856,141.79759280244434
3578,119.26666666666667,111.19213115858679,132.5581136286984,43.240139342362426,49.1892020848411,166.0535564602575,167.52620874214284,147.00743647050894,142.2981048074012
3579,119.3,118.83868217628316,135.62271563686295,46.106176209104866,49.97053965886633,166.33598130427288,167.33766731728275,146.1827869433331,141.49875756847936
3580,119.33333333333333,121.83088189242568,130.06756659779361,47.63322101752336,44.880545878604856,168.44849225183438,169.73404541540918,145.84448667102043,141.92412681832994
3581,119.36666666666666,124.2868892420336,139.57922506917228,51.155039566506645,55.30067640372431,165.3011991794007,166.87598688307742,144.8088433831933,141.85276398515856
3582,119.4,113.51740008700251,127.14092946149658,43.42673247466023,41.565088893608085,164.90925511618545,168.08688327011782,147.0578198205841,143.60858745858886
3583,119.43333333333334,108.00021766655112,126.23561731573385,38.30378627576315,41.60229552583264,166.5566839263104,166.61792216192873,148.51057941932706,145.8485213889487
3584,119.46666666666667,105.66083931839164,125.10255396948018,37.517799186331914,40.59414949894261,168.78310343217044,167.2640926979,152.42673865498816,147.9915020399438
3585,119.5,102.13787877010111,122.60196410380321,38.339659410602394,38.981635481395735,169.33213872162585,166.21548320332317,152.78324225843113,147.92408671641465
3586,119.53333333333333,99.69975033919353,112.31927682028422,37.965809727758,32.365512458425854,166.98463306425077,165.83626732602016,151.30092224681067,147.70350402335507
3587,119.56666666666666,99.79816063385267,110.46592312174018,37.84575066217978,31.93304781697801,165.4476242337467,164.92575481019927,149.54684159774746,147.51496100293397
3588,119.6,100.86733025441741,97.3890746456541,38.20507228390818,26.79057057619149,156.6259054332948,166.28457004712183,139.87118254670304,144.68400445684674
3589,119.63333333333334,101.6118429483309,92.05403259791758,39.04787652107419,27.390236820190243,154.91157012600743,164.0999436041652,136.57856599151071,141.73964867838507
